n_symbols,mean_return_pct,median_return_pct,min_return_pct,max_return_pct,max_drawdown_abs,mean_drawdown_abs,median_profit_factor,mean_profit_factor,total_trades,total_trade_events,mean_trades,mean_turnover,mean_win_rate,mean_raw_action_1_ratio,mean_executed_action_1_ratio,mean_threshold_applied_ratio,mean_constraint_applied_ratio,active_symbols,long_action_symbols,positive_return_symbols,all_symbols_active,all_symbols_have_long,val_first_mean_return_pct,val_first_median_return_pct,val_first_min_return_pct,val_first_max_return_pct,val_first_max_drawdown_abs,val_first_mean_drawdown_abs,val_first_median_profit_factor,val_first_mean_profit_factor,val_first_total_trades,val_first_total_trade_events,val_first_mean_turnover,val_first_mean_executed_action_1_ratio,val_first_mean_threshold_applied_ratio,val_first_mean_constraint_applied_ratio,val_first_positive_return_symbols,val_first_active_symbols,val_first_long_action_symbols,val_second_mean_return_pct,val_second_median_return_pct,val_second_min_return_pct,val_second_max_return_pct,val_second_max_drawdown_abs,val_second_mean_drawdown_abs,val_second_median_profit_factor,val_second_mean_profit_factor,val_second_total_trades,val_second_total_trade_events,val_second_mean_turnover,val_second_mean_executed_action_1_ratio,val_second_mean_threshold_applied_ratio,val_second_mean_constraint_applied_ratio,val_second_positive_return_symbols,val_second_active_symbols,val_second_long_action_symbols,min_half_median_return_pct,max_half_median_return_pct,half_return_gap_pct,second_minus_first_half_median_return_pct,seed,trial_number,bandit_name,method_group,set_name,z_window
5,-0.8404924911918089,-1.8587978863452759,-4.824689240174007,3.435245346665994,9.335100373810967,7.039325783517645,0.8560912821167445,0.8682076573739499,655,1313,131.0,0.13130000000000003,0.4481317172167988,0.38970000000000005,0.47350000000000003,0.0743,0.1263,5,5,2,True,True,1.4089332448022198,-0.9821428820735778,-3.3820285668128003,8.153187004162344,5.605689067701192,4.023822176602885,0.852063533332414,1.0230164978827518,323,647,0.12940000000000002,0.5034000000000001,0.07339999999999999,0.11739999999999999,2,5,5,-2.154950995146687,-1.4439433322988693,-4.902619318545199,-0.8853504103079501,7.438674294379066,5.9591686119629665,0.7897358256937715,0.7688408373219149,332,666,0.1332,0.4436,0.0752,0.1352,0,5,5,-1.4439433322988693,-0.9821428820735778,0.4618004502252915,-0.4618004502252915,3142,0,discounted_lints,corr,z72_a0p5_corr_pruned_top10,72
5,-0.7980517938036222,-1.223791176892608,-7.281506657291425,10.651969588227495,9.466848883160795,7.339443343160907,0.8909679957913114,0.858020369365199,664,1332,132.8,0.13320000000000004,0.43789744514228096,0.38889999999999997,0.47140000000000004,0.07680000000000001,0.13129999999999997,5,5,1,True,True,2.8927402769892914,1.5106802511805961,-2.1383113638630658,13.465906937933013,5.14511474814443,3.6650355651321505,1.1407000507312475,1.1020793221955727,324,649,0.1298,0.5048,0.0774,0.1236,3,5,5,-3.6257254090757884,-2.7317388518306673,-5.255575869481943,-2.4424279998291776,8.615395212219878,6.441701036602391,0.6531261558396533,0.6824499618821679,340,683,0.1366,0.438,0.0762,0.139,0,5,5,-2.7317388518306673,1.5106802511805961,4.2424191030112635,-4.2424191030112635,3143,0,discounted_lints,corr,z72_a0p5_corr_pruned_top10,72
5,0.21371285554969716,-1.2775345714307162,-3.941772566945534,10.407853815486057,9.436991817254581,7.215492976940863,0.8971158210785576,0.9025530280184315,673,1350,134.6,0.135,0.4657692495864856,0.4011,0.47940000000000005,0.07780000000000001,0.12730000000000002,5,5,1,True,True,2.649033148860067,1.5537601099109066,-1.1102559514149735,11.565171564433419,6.077493722047434,3.7047874687521003,1.0975338104212453,1.1201947284343214,329,658,0.1316,0.5128,0.0716,0.11379999999999998,3,5,5,-2.391891233348504,-2.546722362667131,-4.571362062100182,-0.16915669225876506,8.721486065754691,6.782687521814706,0.7480258214671702,0.7632712072933749,344,692,0.13840000000000002,0.446,0.084,0.14079999999999998,0,5,5,-2.546722362667131,1.5537601099109066,4.1004824725780376,-4.1004824725780376,3144,0,discounted_lints,corr,z72_a0p5_corr_pruned_top10,72
5,-2.7296538390298934,-3.2377874958724795,-9.93024735202056,8.809318597810666,11.32333771353271,8.270989797188557,0.8483890320225479,0.7900729214416645,679,1361,135.8,0.13610000000000003,0.43653069862589755,0.3843,0.4647,0.0737,0.1359,5,5,1,True,True,1.3009395372559385,-0.07609088152930044,-2.90545678702242,10.770417189889336,5.839420532840645,4.802375344465773,0.9284114258334238,0.9552691456086144,337,674,0.1348,0.5018,0.08360000000000001,0.1238,2,5,5,-4.044093710374375,-4.122358186390951,-7.844743114869191,-1.7704172664772422,9.487766404674513,6.77024294445401,0.7157273713229767,0.65727959885,342,687,0.13740000000000002,0.4276,0.0638,0.14800000000000002,0,5,5,-4.122358186390951,-0.07609088152930044,4.046267304861651,-4.046267304861651,3145,0,discounted_lints,corr,z72_a0p5_corr_pruned_top10,72
5,-2.978394144537316,-3.7312664125582984,-7.423111843025188,3.182800594466806,11.06759916425255,9.231380120243951,0.7929548934891626,0.7932180677229562,678,1358,135.6,0.1358,0.4255899045070322,0.4055999999999999,0.48580000000000007,0.08130000000000001,0.12389999999999998,5,5,2,True,True,0.5577628836779945,-0.8796760724761321,-4.292780166902254,8.388771668850058,6.612044988875699,4.326612283267275,0.8651242174881141,0.9484039252073166,344,688,0.1376,0.5152,0.0848,0.1206,2,5,5,-3.4852639469065516,-3.270737235479071,-6.2063069166753415,-1.4129457852498195,10.567419167736025,7.845792693756207,0.6306276575524238,0.6989255771813597,334,670,0.134,0.45640000000000003,0.07780000000000001,0.1272,0,5,5,-3.270737235479071,-0.8796760724761321,2.391061163002939,-2.391061163002939,3146,0,discounted_lints,corr,z72_a0p5_corr_pruned_top10,72
5,0.28892276508126324,-0.8995699331185381,-2.8665330794692023,7.44137672935512,10.085293057195132,6.573210216527576,0.9173194854223491,0.9143527614873322,604,1212,120.8,0.1212,0.43778905730610623,0.3934,0.45920000000000005,0.0862,0.10600000000000001,5,5,2,True,True,2.031328164108883,0.24268310559931727,-1.3166596572444011,10.210482865210402,5.164379397227403,3.962224787388937,0.9970179696446089,1.0576509286055416,295,590,0.118,0.49160000000000004,0.089,0.0994,3,5,5,-1.674105274265092,-1.8417291753999199,-4.822818696227172,0.42265464735706804,7.9910748105278095,5.958594232256999,0.7623766775461572,0.8228672252241314,309,622,0.1244,0.42679999999999996,0.0834,0.11259999999999999,2,5,5,-1.8417291753999199,0.24268310559931727,2.084412280999237,-2.084412280999237,3142,1,discounted_lints,corr,z72_a0p5_corr_pruned_top10,72
5,0.2256231636069561,-1.0592783650053228,-3.491553585913243,8.396238180187066,10.626331760989672,6.788816283138094,0.9138466320097609,0.919505232252785,582,1168,116.4,0.11679999999999999,0.4458931887297319,0.4023,0.4645,0.08280000000000001,0.101,5,5,2,True,True,2.3339025394442614,0.5624599907720462,-1.3221427740030545,10.727011235403761,5.453088408274853,3.9495761457863026,1.0146147166969142,1.08303564569686,290,581,0.1162,0.49420000000000003,0.08320000000000001,0.09380000000000001,3,5,5,-2.0328322436729085,-2.1049724265215897,-5.22165318249217,1.585477707836258,9.391428026700922,5.966453430154912,0.794747924707925,0.8096361161345811,292,587,0.11739999999999999,0.43479999999999996,0.0824,0.1082,1,5,5,-2.1049724265215897,0.5624599907720462,2.667432417293636,-2.667432417293636,3143,1,discounted_lints,corr,z72_a0p5_corr_pruned_top10,72
5,-1.0103095327769984,-2.0971606156886202,-3.380448778123779,3.0636010439043515,8.538386061111192,7.223774478974197,0.8493602380714594,0.8748265537334626,629,1261,125.8,0.12610000000000002,0.4360693600428337,0.38439999999999996,0.46279999999999993,0.0852,0.1214,5,5,2,True,True,1.582541308769907,-0.1495465525731321,-1.0789757723388527,8.225076258888308,5.989797709887235,4.7150100453365384,0.9162444976362103,1.0146933876189501,308,616,0.1232,0.488,0.0886,0.1082,2,5,5,-2.51635264442593,-2.510565423859168,-4.769204507314962,-1.0292906399821278,8.436448463166569,6.516918368062012,0.7311428689505615,0.7559918384333655,321,645,0.129,0.43760000000000004,0.08180000000000001,0.1346,0,5,5,-2.510565423859168,-0.1495465525731321,2.361018871286036,-2.361018871286036,3144,1,discounted_lints,corr,z72_a0p5_corr_pruned_top10,72
5,-0.3705158279721731,0.35910887760837173,-7.859476903222218,7.6405152271107335,10.239963830971977,7.186986700619238,0.9824490940387778,0.872763928065941,634,1269,126.8,0.12689999999999999,0.43928297068850675,0.3938,0.46440000000000003,0.0796,0.11580000000000001,5,5,3,True,True,2.4732452866399623,0.8447528567953722,-1.687310708046319,11.135657314112413,4.872899573582612,3.644105827002304,0.9988784915965243,1.103149355918272,317,634,0.1268,0.5034000000000001,0.07619999999999999,0.11259999999999999,4,5,5,-2.7923765055834777,-3.1449331128020175,-6.278097201518673,0.060118758233995706,8.936206475113606,6.64997497348781,0.7168591379483638,0.7166548484885505,317,635,0.127,0.42539999999999994,0.083,0.119,1,5,5,-3.1449331128020175,0.8447528567953722,3.9896859695973896,-3.9896859695973896,3145,1,discounted_lints,corr,z72_a0p5_corr_pruned_top10,72
5,0.39243075447216835,-0.8045964594082355,-3.873643505125668,7.149367328620571,10.751975904418687,6.493523718521534,0.9439932025202159,0.947270048987584,627,1258,125.4,0.1258,0.46837460675618486,0.37899999999999995,0.4497,0.08470000000000001,0.119,5,5,2,True,True,2.213636771499252,0.39955481010438554,-2.8124078800965457,10.171446170150112,5.784821770340631,4.0582476234046965,1.0235728322407305,1.1535477455458543,311,622,0.1244,0.48580000000000007,0.08680000000000002,0.10859999999999999,3,5,5,-1.7311333450782904,-1.3089165572949923,-4.6596332284933535,1.1478976989387935,8.491289491604748,5.462415717563667,0.814797254597868,0.8325718168806088,316,636,0.1272,0.4136,0.0826,0.12940000000000002,1,5,5,-1.3089165572949923,0.39955481010438554,1.7084713673993779,-1.7084713673993779,3146,1,discounted_lints,corr,z72_a0p5_corr_pruned_top10,72
5,-0.3330652773662891,-1.1310760124910613,-4.198799763197192,7.1822550036309885,8.346583433914368,6.407527938485151,0.8689577077710845,0.8845142704371595,536,1075,107.2,0.1075,0.45738205622796596,0.3726999999999999,0.43179999999999996,0.0759,0.1078,5,5,2,True,True,1.5831910034909715,-1.392389910606051,-1.9680564518086419,9.949715464121024,5.510709779076583,4.254335611855704,0.765145094874387,0.9913047389456576,258,517,0.1034,0.46579999999999994,0.08479999999999999,0.0982,2,5,5,-1.8616400983457937,-2.4255623532076,-2.5170237583680866,0.29572878034913597,6.977699508010704,5.47217617687201,0.7534710750598808,0.8517144972184785,278,558,0.1116,0.39780000000000004,0.06699999999999999,0.11740000000000002,1,5,5,-2.4255623532076,-1.392389910606051,1.0331724426015487,-1.0331724426015487,3142,2,discounted_lints,corr,z72_a0p5_corr_pruned_top10,72
5,-0.4299467048896609,-0.6314090583298904,-9.337797482668053,8.78060755863097,10.593534572985009,7.183740248556238,0.9364836100798478,0.872011628895683,547,1098,109.4,0.10980000000000001,0.4528861130430578,0.3799,0.43879999999999997,0.0796,0.10529999999999999,5,5,2,True,True,2.2586694460259182,0.9049737639226674,-2.007848022251779,11.239518012221005,4.613478428530938,3.6006418379823417,1.0103757291019888,1.0549119288027025,275,551,0.11019999999999999,0.47700000000000004,0.0856,0.09999999999999999,3,5,5,-2.647087608071441,-2.1823177845270436,-7.4801392891960745,0.12936760250030765,8.543514800126161,6.269019429518661,0.8065106643128879,0.7436373643872123,272,547,0.10939999999999998,0.4006,0.0736,0.11059999999999999,1,5,5,-2.1823177845270436,0.9049737639226674,3.087291548449711,-3.087291548449711,3143,2,discounted_lints,corr,z72_a0p5_corr_pruned_top10,72
5,0.947206543102588,-1.6121804299295883,-3.8112182910733705,12.305841158086373,10.171139978112443,6.676593272968622,0.8689513691680625,0.9464348087437756,526,1056,105.2,0.1056,0.45779590292508676,0.3718,0.42869999999999997,0.08130000000000001,0.1002,5,5,1,True,True,2.440059275397734,-0.018324666259583733,-0.3950722794874073,12.544560157482753,5.04355249673355,4.184180662336073,0.9364820557529884,1.0928156746332949,247,494,0.0988,0.47479999999999994,0.0784,0.0814,2,5,5,-1.4881480254015966,-1.7986073020506255,-3.548687649132576,0.06552380382711664,8.060741618590217,5.856496377446993,0.792666303195756,0.8497693898325241,279,562,0.11239999999999999,0.3826,0.08420000000000001,0.119,1,5,5,-1.7986073020506255,-0.018324666259583733,1.7802826357910417,-1.7802826357910417,3144,2,discounted_lints,corr,z72_a0p5_corr_pruned_top10,72
5,0.5070961565402051,0.16676857945250312,-7.084295484449243,14.477672888356086,10.408071268628472,7.526514456492398,0.9637079004628114,0.9377338177708501,535,1074,107.0,0.10740000000000001,0.44700656074638206,0.37900000000000006,0.4459999999999999,0.08580000000000002,0.1048,5,5,3,True,True,3.5460325463197506,1.3313678715490385,-1.7676802944155412,12.989169192200256,5.7831670997438245,4.023705399590439,1.1028516557121266,1.2509102053395158,255,511,0.1022,0.4882000000000001,0.088,0.09239999999999998,4,5,5,-3.037584339846689,-4.365048202311672,-5.609261370648655,1.3173861767439288,8.715315249407851,6.714663141002217,0.6533666025064737,0.7372948728810145,280,563,0.11259999999999999,0.40380000000000005,0.08360000000000001,0.1172,1,5,5,-4.365048202311672,1.3313678715490385,5.696416073860711,-5.696416073860711,3145,2,discounted_lints,corr,z72_a0p5_corr_pruned_top10,72
5,-1.5993191386991046,-1.6112344708985815,-7.092923889731384,4.050828802483131,10.788135678873434,7.179187223412039,0.8945877341627143,0.8499282957581993,518,1040,103.6,0.10400000000000001,0.43929617348606376,0.3798,0.4345,0.0792,0.09290000000000001,5,5,1,True,True,1.0988928835610554,-0.6621362873348469,-2.413003486829568,8.57938159662821,6.046393428575203,4.367553488481133,0.8751286788136482,1.016785773815418,266,533,0.1066,0.465,0.0884,0.0898,2,5,5,-2.6205735062173074,-2.8618556010976848,-6.473652001413677,0.3187547555488335,10.06698436825938,6.162429391622555,0.7676148130228344,0.8221271608004503,252,507,0.1014,0.404,0.07,0.096,2,5,5,-2.8618556010976848,-0.6621362873348469,2.199719313762838,-2.199719313762838,3146,2,discounted_lints,corr,z72_a0p5_corr_pruned_top10,72
5,-2.2916946243399905,-3.355631065039988,-9.280904864668415,8.665301973373897,15.136643467246058,7.68897974263903,0.7719313890311725,0.8203613559543494,683,1369,136.6,0.1369,0.40355558360721727,0.3946,0.47300000000000003,0.06949999999999999,0.1323,5,5,1,True,True,1.2642456000859716,-0.4036127496131692,-1.6025076722305576,10.144147745548416,6.106064572207403,4.552089804799936,0.9291992304454131,0.9757986845096214,330,663,0.1326,0.5054000000000001,0.075,0.12079999999999999,1,5,5,-3.5070258831453254,-1.8525538474499226,-8.805603574994814,-1.3426457986591367,12.070949614712267,6.658408441040909,0.7970298180460568,0.7166158814975125,353,706,0.14120000000000002,0.4406,0.064,0.1438,0,5,5,-1.8525538474499226,-0.4036127496131692,1.4489410978367534,-1.4489410978367534,3142,3,discounted_lints,corr,z72_a0p5_corr_pruned_top10,72
5,-2.3962490289798977,-4.440885783266935,-7.2224020012618295,9.463440706916337,11.796949570883298,8.44729352193704,0.7393828194760461,0.8055398382738236,674,1351,134.8,0.13510000000000003,0.4531235126978575,0.39089999999999997,0.4727,0.0728,0.12999999999999998,5,5,1,True,True,2.7720117702403857,0.12656500064489595,-0.8116560028206932,13.066959549867985,4.912200246100107,3.594959723870494,0.9723675285799596,1.1468459784306722,325,651,0.1302,0.5024,0.0766,0.11979999999999999,3,5,5,-5.0628578927665835,-4.23776022198229,-7.687747298694547,-3.1497816115198085,10.366108658586404,7.739129296656317,0.5476300493548745,0.5956896551902473,349,700,0.14,0.44299999999999995,0.069,0.1402,0,5,5,-4.23776022198229,0.12656500064489595,4.364325222627186,-4.364325222627186,3143,3,discounted_lints,corr,z72_a0p5_corr_pruned_top10,72
5,-0.5465071299784865,-3.3118011631896316,-6.585761935543555,7.227695107174381,10.397082957921022,7.205384230719528,0.8042124174236823,0.8996257267533206,677,1356,135.4,0.1356,0.45381768171166037,0.3932,0.4763,0.0712,0.1343,5,5,2,True,True,1.5433145555589833,-0.8318123507983888,-1.870120905339967,7.315025088308813,4.4880291891404855,3.9366781763778675,0.8796964484545271,1.0086658974302816,332,664,0.1328,0.5096,0.07339999999999999,0.127,2,5,5,-2.1096884169113124,-2.0161300987373454,-4.805509874983837,-0.08137721727462521,9.061388132302806,6.496793214674753,0.7549847412324986,0.8021974135849124,345,692,0.1384,0.44299999999999995,0.06899999999999999,0.1416,0,5,5,-2.0161300987373454,-0.8318123507983888,1.1843177479389566,-1.1843177479389566,3144,3,discounted_lints,corr,z72_a0p5_corr_pruned_top10,72
5,-0.6382941566665302,-2.3660996691900804,-4.9173462776579075,8.791949001359335,11.2972628246083,8.2217125564198,0.8599357825064832,0.8877679347546573,704,1412,140.8,0.1412,0.4319182844046666,0.3843,0.47040000000000004,0.0706,0.14150000000000001,5,5,1,True,True,2.0658110909795013,1.192724684528823,-1.6058903113829293,7.60936610687033,7.396206352050383,4.086629251310641,1.114453287108795,1.0954625607941413,341,682,0.13640000000000002,0.5018,0.072,0.1298,3,5,5,-2.6718642912066715,-1.550418169472234,-6.038053606358618,1.098959075099959,10.429372298856032,7.28809148443333,0.7683150240152071,0.7708367879925622,363,730,0.14600000000000002,0.43900000000000006,0.0692,0.15320000000000003,1,5,5,-1.550418169472234,1.192724684528823,2.743142854001057,-2.743142854001057,3145,3,discounted_lints,corr,z72_a0p5_corr_pruned_top10,72
5,-2.293554413596945,-3.3263063365936874,-5.7391641774781395,3.29595921475907,9.606875370145929,7.289059329765301,0.826454821817088,0.8333666465927267,674,1352,134.8,0.1352,0.4523588695556048,0.39089999999999997,0.47189999999999993,0.06659999999999999,0.129,5,5,1,True,True,0.7431209835838049,-0.2764165762629611,-1.8376165069187378,5.091785698449569,4.976694417565264,3.873493240708725,0.9314234072284202,0.9783918872465407,330,661,0.1322,0.5062,0.066,0.1142,2,5,5,-3.011391860613024,-3.0298460145652184,-4.740562256854453,-1.5726027405840504,7.863745005367495,6.638086160113232,0.6722469695431854,0.7199056563018498,344,691,0.13820000000000002,0.43760000000000004,0.0672,0.14379999999999998,0,5,5,-3.0298460145652184,-0.2764165762629611,2.7534294383022573,-2.7534294383022573,3146,3,discounted_lints,corr,z72_a0p5_corr_pruned_top10,72
5,1.4690309365007748,0.1556749708299554,-5.12276133062648,13.429241247477242,8.611380400300684,6.499643831163686,0.9544576516883388,0.9488567785530414,467,938,93.4,0.0938,0.47048411977431553,0.37060000000000004,0.42029999999999995,0.08430000000000001,0.0878,5,5,3,True,True,3.21207100273323,1.922547076691905,-1.7545023805028759,12.646047153921991,4.166665204148023,3.5343176668547533,1.1979409713638283,1.222702115068671,219,439,0.08780000000000002,0.4622,0.0868,0.0718,3,5,5,-1.7387317139112124,-1.7335439081329729,-3.4284104938516413,0.6952699303199417,8.238275903435566,5.921775935744966,0.7854314616836641,0.7969100413161926,248,499,0.0998,0.3784,0.08180000000000001,0.1038,1,5,5,-1.7335439081329729,1.922547076691905,3.656090984824878,-3.656090984824878,3142,4,discounted_lints,corr,z72_a0p5_corr_pruned_top10,72
5,0.4851778220145043,-1.2391461344254395,-5.730816544608874,10.33589322175441,8.937370346076513,6.702656326886481,0.8724175335562904,0.9189838005105816,479,962,95.8,0.0962,0.4581183193713877,0.37370000000000003,0.4332,0.0844,0.0861,5,5,2,True,True,2.461053875443276,0.37745650522162943,-1.3773441492987204,11.673381031542963,5.014426909794234,3.8498633371463553,0.9737801541857144,1.106417916685497,223,447,0.08940000000000001,0.4718,0.09159999999999999,0.0702,3,5,5,-1.943815590266722,-1.3049484715941584,-4.414272114006545,0.10386020518520223,8.443670528713875,6.039880077324424,0.8431658979746006,0.8715622340655644,256,515,0.10300000000000001,0.3946,0.0772,0.10199999999999998,1,5,5,-1.3049484715941584,0.37745650522162943,1.6824049768157878,-1.6824049768157878,3143,4,discounted_lints,corr,z72_a0p5_corr_pruned_top10,72
5,0.8384132020095848,-1.5546807310077515,-3.587892024849837,11.059022639574412,8.074072995308102,5.919093298084976,0.850403774503493,0.9428391770456654,480,963,96.0,0.09630000000000001,0.46917825884733244,0.37399999999999994,0.43079999999999996,0.07769999999999999,0.09190000000000001,5,5,2,True,True,1.886929577531595,-0.08521316582400518,-1.994451682522902,10.257210414325279,5.1275599546893424,4.081675926373,0.9060283166166835,1.0749114237034687,229,459,0.0918,0.4708,0.0772,0.079,2,5,5,-1.054755439802395,-1.4707208129488891,-2.8644303606760735,0.7272197638921396,7.386837677719615,5.225646121667366,0.8719832874286391,0.9057657865581588,251,504,0.1008,0.3908,0.0782,0.1048,2,5,5,-1.4707208129488891,-0.08521316582400518,1.385507647124884,-1.385507647124884,3144,4,discounted_lints,corr,z72_a0p5_corr_pruned_top10,72
5,0.15997992182057671,-1.9254935690119601,-5.083358333830967,11.516421843470258,9.321245886066675,6.882786403579994,0.8593807972587482,0.8845055578835703,487,977,97.4,0.09770000000000001,0.4480783207216451,0.3713,0.4237,0.0841,0.0893,5,5,1,True,True,2.2614162925344727,1.3275218255157428,-1.9164966948891582,10.940324542056935,5.066278408787362,3.665497769758077,1.0351151846584477,1.0339575982813614,239,479,0.09580000000000001,0.4596,0.09140000000000001,0.0842,3,5,5,-2.0983400610992127,-3.002625623214761,-3.935587342199265,0.5192857545634366,7.765137122494526,5.911709550617445,0.7046440019715391,0.8073825015312475,248,498,0.0996,0.3878,0.07680000000000001,0.0944,1,5,5,-3.002625623214761,1.3275218255157428,4.330147448730504,-4.330147448730504,3145,4,discounted_lints,corr,z72_a0p5_corr_pruned_top10,72
5,-0.009146704013831908,-0.9097897251435505,-6.827121986372053,10.533277343628388,11.772762428204842,7.180498822131108,0.907588409959449,0.9078639755257711,497,998,99.4,0.0998,0.4349342872405682,0.365,0.41929999999999995,0.08330000000000001,0.096,5,5,1,True,True,1.774480889548882,0.436850679210643,-3.357158910047664,9.754110029908581,4.837287193287054,4.269770368835916,0.9661147755797374,1.042731082091253,243,487,0.09740000000000001,0.45760000000000006,0.0878,0.0886,3,5,5,-1.790259350274741,-1.340783183908545,-3.8043338261511406,0.709920852629109,8.707943002549158,6.089898614759539,0.8573140245153278,0.8294773271882319,254,511,0.1022,0.38099999999999995,0.07880000000000001,0.1034,1,5,5,-1.340783183908545,0.436850679210643,1.777633863119188,-1.777633863119188,3146,4,discounted_lints,corr,z72_a0p5_corr_pruned_top10,72
5,-0.4565482833254396,-2.843886149818853,-4.463104088874504,9.442109002398858,9.86866653239632,7.075780200634521,0.8110185185924621,0.9015885994534486,496,996,99.2,0.0996,0.44922068980509094,0.3639,0.42780000000000007,0.08460000000000001,0.09830000000000001,5,5,1,True,True,1.228631064043173,0.7035379513012252,-2.215467174366237,8.617566903020935,6.05809519099112,4.437344810370821,1.0092193651946033,1.0044744561503782,238,477,0.09540000000000001,0.46080000000000004,0.08880000000000002,0.088,3,5,5,-1.6962917415918244,-1.5316238952834182,-4.3848077423571,0.7591240743904049,7.813270821273699,6.186464568617997,0.7993870993156481,0.8130277044160715,258,519,0.1038,0.3948,0.0804,0.10859999999999999,1,5,5,-1.5316238952834182,0.7035379513012252,2.2351618465846435,-2.2351618465846435,3142,5,discounted_lints,corr,z72_a0p5_corr_pruned_top10,72
5,0.6765370087490519,-1.3602720867138651,-3.154333124596076,10.330553665401698,8.719921997388546,6.58022044471863,0.8691255186499364,0.9177042682276866,477,957,95.4,0.09570000000000001,0.4486927688646597,0.3786,0.4349,0.08979999999999999,0.08549999999999999,5,5,1,True,True,2.643926302835098,-1.4603609456370514,-1.7879561662668908,14.779867720737204,6.186767233766433,4.4241647018950925,0.7713333043787876,1.2017193160608897,235,471,0.09419999999999999,0.47939999999999994,0.08940000000000001,0.08159999999999999,2,5,5,-1.8173461612594632,-1.4649516346147529,-4.613468911550633,0.735713868949972,7.424507832160199,5.653656505387714,0.8154443813279563,0.8841388806486876,242,486,0.0972,0.39039999999999997,0.09020000000000002,0.08940000000000001,2,5,5,-1.4649516346147529,-1.4603609456370514,0.004590688977701429,-0.004590688977701429,3143,5,discounted_lints,corr,z72_a0p5_corr_pruned_top10,72
5,0.4564333914764185,0.10391204389648134,-3.2630028406173572,5.987857063954571,9.383031788385187,6.734626055328176,0.9798042146115503,0.9437105341808192,462,927,92.4,0.0927,0.4826926303319673,0.3759,0.42669999999999997,0.08280000000000001,0.0832,5,5,3,True,True,1.8589943925599672,0.5704382756212212,-1.4862795372041937,7.178055698054608,4.2781623405447,3.6835076894863343,0.9838585075738179,1.0503416866602213,221,443,0.08859999999999998,0.4622,0.08499999999999999,0.07100000000000001,3,5,5,-1.364178501340294,-1.4267512581160324,-3.0436064175837663,0.5634811930487649,7.763446059456824,6.123798997320203,0.8067699240244034,0.9192794481125073,241,484,0.0968,0.39120000000000005,0.0806,0.09540000000000001,1,5,5,-1.4267512581160324,0.5704382756212212,1.9971895337372536,-1.9971895337372536,3144,5,discounted_lints,corr,z72_a0p5_corr_pruned_top10,72
5,-0.5727641613542087,-0.21062367048113595,-5.991089858356302,7.813170270445502,11.125457454738374,7.493622541553667,0.970613639685304,0.8974527174940474,503,1009,100.6,0.10089999999999999,0.44634409796737107,0.3598,0.41550000000000004,0.0817,0.101,5,5,2,True,True,2.7036402801950876,0.1517093090197985,-0.6005665658907144,9.716082699325224,3.9069875758069084,3.4163628667489525,0.9408915988424088,1.1667566387983008,241,483,0.09659999999999999,0.4544,0.0868,0.08499999999999999,4,5,5,-3.209319246095754,-3.8792799863052174,-5.423092573298116,-0.28285752223262683,9.186769456436227,6.9129292298698415,0.7017578539222107,0.765268828293149,262,526,0.1052,0.3766,0.0766,0.11699999999999999,0,5,5,-3.8792799863052174,0.1517093090197985,4.030989295325016,-4.030989295325016,3145,5,discounted_lints,corr,z72_a0p5_corr_pruned_top10,72
5,-0.2856668962815288,-3.278874192045067,-4.771158465340419,9.571523618270072,10.669686832042535,7.509003215288217,0.8168964751021831,0.8518556983749468,478,959,95.6,0.0959,0.4358622560523332,0.3738,0.4255,0.0839,0.0884,5,5,2,True,True,2.5533213264566657,0.9347072201644657,-2.468316611043486,13.699990741707357,4.59658926750558,4.098605836488245,1.0364480372721352,1.1914710080417028,221,444,0.0888,0.4702,0.08480000000000001,0.0762,3,5,5,-2.7090926660409846,-2.418665598842118,-6.1060468385294335,0.01741265066759201,8.108692101857706,6.231814839245152,0.7326897741709368,0.7318170899876151,257,515,0.10300000000000001,0.38079999999999997,0.083,0.1006,1,5,5,-2.418665598842118,0.9347072201644657,3.3533728190065837,-3.3533728190065837,3146,5,discounted_lints,corr,z72_a0p5_corr_pruned_top10,72
5,-1.3418893981205842,-2.814345004936769,-7.000515270512697,10.682105414978714,11.923898041883108,8.425126606082207,0.7681975273934555,0.8095909677980219,456,916,91.2,0.09159999999999999,0.44628524380817963,0.3758,0.4244,0.08800000000000001,0.08159999999999999,5,5,1,True,True,2.901048104485011,1.1505497993628877,-1.260834115131959,13.139033243455621,4.826485821524484,3.7350831994808926,1.0415938592915417,1.1710243441993462,210,421,0.0842,0.4584,0.091,0.06440000000000001,3,5,5,-4.15568853922151,-3.9197956038441784,-6.695674733005397,-1.5219709802751336,9.333650967760542,7.740445497453921,0.6525030002448649,0.652079519950945,246,495,0.099,0.3904,0.08499999999999999,0.0988,0,5,5,-3.9197956038441784,1.1505497993628877,5.070345403207066,-5.070345403207066,3142,6,discounted_lints,corr,z72_a0p5_corr_pruned_top10,72
5,-0.5230646021884742,-2.876448963117284,-4.707929065794514,10.583337422468109,11.374478710014957,6.878895777432281,0.7904856203477507,0.8681576136604372,459,922,91.8,0.09219999999999999,0.4366784687199332,0.3819,0.4332,0.0831,0.08259999999999999,5,5,1,True,True,2.3905677593257457,-0.14497395669237356,-1.4550926989470137,12.883062228991626,4.789469412780212,3.994228161751832,0.8580767573003458,1.1851404876484497,222,446,0.08919999999999999,0.4734,0.0836,0.07999999999999999,2,5,5,-2.8412059855715377,-2.0041004860391287,-6.007899493579904,-1.41098863079816,9.104050392293605,6.12795566845805,0.6941954782950853,0.7094639738388976,237,476,0.09519999999999999,0.393,0.0826,0.08520000000000001,0,5,5,-2.0041004860391287,-0.14497395669237356,1.8591265293467552,-1.8591265293467552,3143,6,discounted_lints,corr,z72_a0p5_corr_pruned_top10,72
5,-1.154171537696487,-1.9721046731485226,-7.8210389290997,7.3474894330884055,10.930279183726233,7.7309377412835705,0.8061476724002891,0.8554505879547847,462,927,92.4,0.0927,0.4413610038610039,0.374,0.4213,0.0878,0.0819,5,5,2,True,True,1.709341362927337,-1.1207989591165535,-3.1255398337721507,11.65744255716923,5.355952186417512,4.603528481840515,0.7718591627374606,1.0910214132467095,216,433,0.0866,0.457,0.08879999999999999,0.0688,2,5,5,-2.7982109924994547,-2.6573666641099614,-4.8469938178447585,-0.8300829942068599,8.45512727429244,6.4323927176905205,0.7223910478516281,0.7715277330815448,246,494,0.0988,0.3856,0.0868,0.095,0,5,5,-2.6573666641099614,-1.1207989591165535,1.536567704993408,-1.536567704993408,3144,6,discounted_lints,corr,z72_a0p5_corr_pruned_top10,72
5,-0.3955793628695403,-1.6253489675706168,-6.872735922905948,6.39045380187131,10.094226992159495,6.5768761156409825,0.8551442644173899,0.8824198500272248,473,949,94.6,0.09489999999999998,0.4477992247239387,0.36880000000000007,0.42040000000000005,0.0816,0.08820000000000001,5,5,2,True,True,1.3879375505923843,-0.31257972285221314,-2.068999727140153,8.14604013161604,5.875736802493403,4.2678004759310895,0.9087820715097302,0.981603367385682,219,439,0.0878,0.45099999999999996,0.08819999999999999,0.0678,2,5,5,-1.774136088235283,-1.515867126199344,-4.905225293708226,0.19728666728864308,8.629992627007399,5.720608456741707,0.8181340044313069,0.8246177956223466,254,510,0.10200000000000001,0.3898,0.075,0.1086,1,5,5,-1.515867126199344,-0.31257972285221314,1.2032874033471308,-1.2032874033471308,3145,6,discounted_lints,corr,z72_a0p5_corr_pruned_top10,72
5,1.434443505990906,-2.663137484286082,-6.1671499731956185,17.139880361625394,11.839488437549884,6.666731228622657,0.8086682896737156,0.9789613879032109,470,943,94.0,0.0943,0.4545526882981674,0.3711,0.42269999999999996,0.07830000000000001,0.0895,5,5,2,True,True,2.3999934911279053,-0.7384864920313872,-3.4846668519280644,15.683574082662055,5.2298355179838385,4.031571859593481,0.849387986913946,1.344460434575083,219,440,0.088,0.4636,0.07800000000000001,0.07339999999999999,2,5,5,-1.0176275322541126,-1.4423290080185835,-2.7793336393007517,1.294829892004845,8.656470752480383,5.507922739009734,0.8483420623739889,0.8611917730762009,251,503,0.1006,0.38180000000000003,0.0786,0.1056,1,5,5,-1.4423290080185835,-0.7384864920313872,0.7038425159871964,-0.7038425159871964,3146,6,discounted_lints,corr,z72_a0p5_corr_pruned_top10,72
5,1.21987631598206,-2.387613929238297,-3.612672174189402,13.823891224776496,8.139883482141352,6.440151747714045,0.8280886816409351,0.9222667237946187,479,962,95.8,0.0962,0.45086803192957997,0.37449999999999994,0.42869999999999997,0.08800000000000001,0.09,5,5,2,True,True,1.89206796923161,-1.0874830524653434,-2.8376662904673666,11.625881070902278,5.430402775893251,4.500380970196305,0.8260650171309266,0.9967045890927642,234,469,0.09380000000000001,0.4638,0.08779999999999999,0.088,2,5,5,-0.7141903361172997,-1.3144250261699186,-1.8363901057617205,1.969086499284245,8.00283338694161,5.702083869347474,0.8781336566408774,0.9139988331763742,245,493,0.0986,0.3936,0.0882,0.092,1,5,5,-1.3144250261699186,-1.0874830524653434,0.22694197370457525,-0.22694197370457525,3142,7,discounted_lints,corr,z72_a0p5_corr_pruned_top10,72
5,-0.6118905298004119,-2.700409543135307,-4.6346630874884776,8.831460028892057,8.811867134116437,6.754345986151149,0.8513789869870272,0.8907402904430022,477,957,95.4,0.09570000000000001,0.43010186652131505,0.3745,0.4279,0.08700000000000001,0.0908,5,5,1,True,True,1.531437260633555,-1.2140746835346161,-1.5704291060772535,10.409294073507947,6.058322704089925,4.525895374336291,0.8163224966127013,1.062915096617152,227,455,0.091,0.46440000000000003,0.0904,0.08020000000000001,2,5,5,-2.108770286851631,-1.8957498478755164,-4.050140999153207,0.29374389465570694,7.265376920620215,5.555257475656521,0.7911621292440981,0.8708276635358316,250,502,0.1004,0.3914,0.08360000000000001,0.1014,1,5,5,-1.8957498478755164,-1.2140746835346161,0.6816751643409003,-0.6816751643409003,3143,7,discounted_lints,corr,z72_a0p5_corr_pruned_top10,72
5,0.5212283240656056,0.5469444807652657,-6.042533775971604,9.687472775933959,10.458698172059,6.998138987441689,1.011917374077948,0.9475938151226627,468,939,93.6,0.09390000000000001,0.45354786669823827,0.37889999999999996,0.43360000000000004,0.09,0.0895,5,5,3,True,True,2.133855287297104,-0.2909559011394558,-3.360728130213597,11.50326641235453,6.009075799214047,4.655413069694012,0.9008979851204525,1.072309576332291,224,449,0.0898,0.47300000000000003,0.09219999999999999,0.07999999999999999,2,5,5,-1.5743174049991682,-2.1477830415847166,-2.775068141419279,0.9042918032915237,7.800192271745788,5.626211148746842,0.7981227813889529,0.9992378747528876,244,490,0.098,0.3942,0.0878,0.099,1,5,5,-2.1477830415847166,-0.2909559011394558,1.8568271404452608,-1.8568271404452608,3144,7,discounted_lints,corr,z72_a0p5_corr_pruned_top10,72
5,-0.5164089049194874,-2.8346192615559485,-5.8201183387428745,8.47250045946053,8.943832448812405,6.983136876305617,0.7827287760000781,0.8617473853864371,470,944,94.0,0.0944,0.453926859284273,0.3786999999999999,0.4364,0.0827,0.08979999999999999,5,5,2,True,True,2.1276421575884363,-0.796259282822176,-1.399416518983032,11.055277225614923,5.705062289758733,4.271786454426073,0.8435250931133974,1.084876770082737,224,449,0.08979999999999999,0.476,0.0836,0.079,2,5,5,-2.595484182626276,-2.3256677491402256,-5.064183083824759,-1.4252586652193089,8.943832448812405,6.040928070776654,0.7570060471746336,0.7455203609528563,246,495,0.099,0.3968,0.08180000000000001,0.1006,0,5,5,-2.3256677491402256,-0.796259282822176,1.5294084663180496,-1.5294084663180496,3145,7,discounted_lints,corr,z72_a0p5_corr_pruned_top10,72
5,1.5706803036196981,-0.1421862508861671,-3.834422420911887,9.565178762645864,10.18198953153876,6.122522429236721,0.9608298765239588,0.9876097502154488,467,937,93.4,0.0937,0.4643546516006438,0.38319999999999993,0.4361,0.08090000000000001,0.08780000000000002,5,5,2,True,True,2.8450686014096838,0.7174058681331807,-1.0262109222341276,9.976397937633475,4.733731182003398,3.9563994843466466,0.9863120717116959,1.1240657186574097,221,443,0.0886,0.47780000000000006,0.0806,0.0776,3,5,5,-1.2324577753062482,-0.3739158425799638,-4.519405806583876,0.61111199141477,9.762639224284598,5.36348901787048,0.8933861795187413,0.9865836452332793,246,494,0.0988,0.3944,0.08120000000000001,0.098,2,5,5,-0.3739158425799638,0.7174058681331807,1.0913217107131445,-1.0913217107131445,3146,7,discounted_lints,corr,z72_a0p5_corr_pruned_top10,72
5,0.32970009877719236,-0.3592899829716778,-4.503332293727535,9.274260690753188,8.958730768008882,6.374530947339716,0.9516436884844361,0.9318953137712326,509,1022,101.8,0.1022,0.4456719663426372,0.3579,0.42589999999999995,0.0776,0.1028,5,5,2,True,True,1.667062427652668,1.0024383731725095,-1.9822591797360012,8.441834259172643,5.675426613267442,3.7607107528977224,1.019353771913654,1.0131632165217588,247,495,0.099,0.4598,0.0816,0.0964,3,5,5,-1.344719725842507,-0.1763621246714031,-4.5885384150116,0.7676248168129174,8.196154892638951,5.472438475558041,0.9800714181581698,0.8878864081326483,262,527,0.10540000000000001,0.392,0.0736,0.1092,1,5,5,-0.1763621246714031,1.0024383731725095,1.1788004978439126,-1.1788004978439126,3142,8,discounted_lints,corr,z72_a0p5_corr_pruned_top10,72
5,2.299287955923728,0.2290929166193223,-1.811288769286734,11.45275205008842,8.48377219600086,6.089216556932572,0.9748751898945165,0.9943076093197133,494,991,98.8,0.0991,0.4651051172926173,0.3728000000000001,0.42650000000000005,0.08070000000000001,0.0948,5,5,3,True,True,3.0332329786070145,0.9713745708150201,-1.6862250166310044,12.873980525780038,4.228828627621029,3.917362837595904,1.0077948206689515,1.1552744834515725,246,493,0.09860000000000001,0.47000000000000003,0.0804,0.08940000000000001,3,5,5,-0.665870328405942,-0.9511342919836241,-3.481814567464536,1.6910983258561663,6.825501485030328,5.306902600182344,0.9747414376079402,0.9229665583027522,248,498,0.0996,0.383,0.081,0.1002,2,5,5,-0.9511342919836241,0.9713745708150201,1.9225088627986442,-1.9225088627986442,3143,8,discounted_lints,corr,z72_a0p5_corr_pruned_top10,72
5,0.6167825031630223,-1.1393021018277105,-3.08544165528839,8.60879642549046,8.453371336095516,6.187591440758091,0.8850900037880761,0.9329769032318416,489,981,97.8,0.09809999999999999,0.4473886386924438,0.36970000000000003,0.4285,0.0792,0.094,5,5,2,True,True,2.4826940267930486,1.166843363546488,-1.6620076578212628,10.42767690684836,4.535759088248437,4.037075402686702,1.045665265247319,1.142650181916626,230,461,0.0922,0.4628,0.0816,0.0812,3,5,5,-1.8050487607882661,-1.647123739542422,-2.869967239928173,-0.2576581900020858,8.453371336095516,5.443372186103194,0.7940531056655036,0.8474483570645294,259,520,0.10400000000000001,0.3942,0.07680000000000001,0.1068,0,5,5,-1.647123739542422,1.166843363546488,2.81396710308891,-2.81396710308891,3144,8,discounted_lints,corr,z72_a0p5_corr_pruned_top10,72
5,0.0363303341672804,0.2820335195068635,-7.633366864614278,9.652797333745578,10.67844521002127,7.597150927306259,0.9654472854395829,0.8784370413915731,472,946,94.4,0.09459999999999999,0.434706768658379,0.3718,0.42679999999999996,0.0799,0.0913,5,5,3,True,True,1.6312863264743993,1.5965469104902708,-3.4902367539431656,9.94335547302807,5.005011862590292,4.200327275580758,1.066952410412146,1.0066266446681684,230,461,0.0922,0.4648,0.083,0.0818,3,5,5,-1.593161153573408,-1.2938563671278547,-4.292964744000017,0.2627663870494734,9.038265921378718,6.391093287526505,0.892939930097619,0.892957361291613,242,485,0.097,0.3888,0.07680000000000001,0.1008,1,5,5,-1.2938563671278547,1.5965469104902708,2.8904032776181254,-2.8904032776181254,3145,8,discounted_lints,corr,z72_a0p5_corr_pruned_top10,72
5,-0.9058022000278676,-2.3271035527127726,-5.164275381512495,7.81474174675183,9.275630579239436,6.6697477961364395,0.7808334213261697,0.8600658755803826,476,956,95.2,0.09559999999999999,0.41697089886020694,0.36669999999999997,0.42000000000000004,0.08320000000000001,0.0887,5,5,1,True,True,1.1109001883710978,-0.44045337294920106,-1.7872182079048282,8.40449083870376,6.639117560505447,4.768883262570944,0.8746938543869357,0.9748619243601899,227,455,0.091,0.454,0.09179999999999999,0.0774,2,5,5,-2.009726266757852,-1.4266685688728686,-4.744720289113702,-0.5440264396697758,8.573364016961449,5.469026914405651,0.8098802664625416,0.8102433283038287,249,501,0.1002,0.386,0.07460000000000001,0.1,0,5,5,-1.4266685688728686,-0.44045337294920106,0.9862151959236676,-0.9862151959236676,3146,8,discounted_lints,corr,z72_a0p5_corr_pruned_top10,72
5,-2.1706582254446904,-0.8131168263818878,-8.49982607752031,4.044251717042391,11.20478710834487,8.297336166566746,0.9266172337757497,0.8554454822048154,710,1424,142.0,0.14240000000000003,0.42981225842838156,0.41550000000000004,0.4929,0.0757,0.1295,5,5,2,True,True,0.9333938088018922,-0.5423914705016686,-1.8773571709676085,5.9449455211009194,6.066054182478342,4.645507905094535,0.9146488002070564,0.9694847007172104,343,688,0.1376,0.5272,0.078,0.11639999999999999,2,5,5,-3.0784558186947275,-1.8269668264119021,-6.851728959638271,1.114198709408032,9.773640506752656,6.661011879887461,0.8115188452224016,0.7827389735413594,367,736,0.1472,0.4586,0.07339999999999999,0.1426,1,5,5,-1.8269668264119021,-0.5423914705016686,1.2845753559102335,-1.2845753559102335,3142,9,discounted_lints,corr,z72_a0p5_corr_pruned_top10,72
5,-3.4776356630570193,-6.786987198416283,-7.144761048631021,6.925873894907975,12.277202425877887,8.243599781769799,0.7160963664574859,0.7911846167305097,714,1431,142.8,0.1431,0.4457152629978717,0.3964,0.49079999999999996,0.0681,0.1425,5,5,1,True,True,1.6215849943699374,0.14512258164642855,-2.3078955017223457,9.985570980856572,5.437009333755616,4.3830588932602605,0.9783761007524168,1.044467703885608,352,705,0.14100000000000001,0.5248,0.0668,0.1306,3,5,5,-5.047289526018179,-4.584906548689316,-8.259279115176854,-2.7448309591715625,9.826942473636391,7.084398811913344,0.5937753278050665,0.6082769539848341,362,726,0.14520000000000002,0.4568,0.06939999999999999,0.1544,0,5,5,-4.584906548689316,0.14512258164642855,4.730029130335745,-4.730029130335745,3143,9,discounted_lints,corr,z72_a0p5_corr_pruned_top10,72
5,-0.09256157250329355,-0.7695646538306455,-3.3179403548531883,4.943224892910347,7.500239379247242,6.585378335733468,0.9185687300423165,0.9264611171655177,755,1513,151.0,0.1513,0.46170898602879495,0.397,0.49460000000000004,0.0722,0.15180000000000002,5,5,1,True,True,2.506204450221212,0.6882024613104054,-1.3793327983477321,8.805694746220016,5.3583788756453865,4.179762293911207,1.0268538729607102,1.1453754244200902,369,738,0.1476,0.5246000000000001,0.0726,0.14100000000000001,4,5,5,-2.4956750840689756,-3.5498783977424564,-4.4671706185495434,0.22851953923632706,7.400069760181294,5.8942571666098456,0.7175744974144551,0.7680336844024666,386,775,0.155,0.4646,0.0718,0.16260000000000002,1,5,5,-3.5498783977424564,0.6882024613104054,4.238080859052862,-4.238080859052862,3144,9,discounted_lints,corr,z72_a0p5_corr_pruned_top10,72
5,-1.5353222975325265,-2.698284267282991,-7.136525949680717,7.174723634646285,9.684974063865425,7.329725439463317,0.8180345863573977,0.8651262199088267,745,1494,149.0,0.14940000000000003,0.444896965892017,0.4074,0.5003,0.0776,0.1375,5,5,1,True,True,1.1753628262751326,-0.03872915746933048,-2.7987270994185187,9.224624372693446,4.90672976872445,3.8071647730945513,0.9214312820131743,1.0064249700726133,373,747,0.14940000000000003,0.5298,0.083,0.1326,2,5,5,-2.6758910279360992,-3.0631929362888832,-4.462697576706587,-0.09155740378093968,7.056694402699537,6.27831995238451,0.7246423181580985,0.7607179416901426,372,747,0.1494,0.4708,0.0722,0.1424,0,5,5,-3.0631929362888832,-0.03872915746933048,3.0244637788195528,-3.0244637788195528,3145,9,discounted_lints,corr,z72_a0p5_corr_pruned_top10,72
5,-1.7554043563332988,-1.6307050128292921,-6.701983805087419,4.300956115579679,8.689318675956926,7.3581977620366406,0.9071201524614668,0.8562528087356303,734,1473,146.8,0.1473,0.43107644747932516,0.4133,0.49479999999999996,0.075,0.1377,5,5,1,True,True,1.6851106429541087,-0.001450706441086247,-2.5894911644923635,9.347701263635667,4.462365139487923,3.5886615730650724,0.977881661132954,1.0460160509425458,353,707,0.14140000000000003,0.5244000000000001,0.0784,0.1182,2,5,5,-3.3487952961611427,-3.6850613903673057,-4.615318922789557,-0.6612852469514485,8.517989809991766,6.270612674684985,0.7362378696334169,0.7241084418527433,381,766,0.1532,0.4652,0.0716,0.1572,0,5,5,-3.6850613903673057,-0.001450706441086247,3.6836106839262195,-3.6836106839262195,3146,9,discounted_lints,corr,z72_a0p5_corr_pruned_top10,72
5,1.4342313394914963,-2.028859430112906,-6.106509349409672,16.925279699851092,10.113988339467095,7.284328934761426,0.8424421175022367,0.960470288101801,480,964,96.0,0.0964,0.44200040749314573,0.3619,0.42460000000000003,0.0774,0.0915,5,5,2,True,True,3.0416751421281907,2.607245881731246,-1.36652684178038,12.456441172216293,4.85340415492419,3.782535287810525,1.1996583421809783,1.1741883759541338,230,461,0.0922,0.462,0.08020000000000001,0.07999999999999999,3,5,5,-1.6799304105059343,-1.6413777633708992,-5.0717513381984265,3.973839542717883,8.868654035587674,6.282449476048873,0.8313669790871104,0.8416612981828052,250,503,0.1006,0.3872,0.0746,0.10300000000000001,1,5,5,-1.6413777633708992,2.607245881731246,4.248623645102145,-4.248623645102145,3142,10,discounted_lints,corr,z72_a0p5_corr_pruned_top10,72
5,0.057788164811223196,-1.8021905096825996,-5.344247470617991,10.729199198501327,9.542457806583338,7.172288982198109,0.8160839324990786,0.8910681555253902,503,1009,100.6,0.10089999999999999,0.44465289273698627,0.367,0.42679999999999996,0.07680000000000001,0.09759999999999999,5,5,2,True,True,2.859629919924145,0.38762686536288893,-1.2900022223132024,12.855448238264856,4.579184469320474,3.573786642229313,0.9974316346460463,1.128679792790871,245,491,0.0982,0.462,0.08120000000000001,0.08499999999999999,3,5,5,-2.7335707382749996,-3.1128315114265392,-4.313055724030612,-0.48810008060691246,8.090626032609771,6.340023788909852,0.7485275139680192,0.7812516388519961,258,518,0.1036,0.3916,0.0724,0.1102,0,5,5,-3.1128315114265392,0.38762686536288893,3.500458376789428,-3.500458376789428,3143,10,discounted_lints,corr,z72_a0p5_corr_pruned_top10,72
5,-0.5375918000214728,-0.5494806427059684,-6.6488020769123075,8.46625738101261,9.701583984912453,6.943249213294862,0.9490462486951825,0.8930916242071069,491,986,98.2,0.0986,0.44563017378052877,0.3586,0.41719999999999996,0.0749,0.09730000000000001,5,5,1,True,True,2.0988075379784794,-0.20287847254641944,-0.7264641419701512,9.231061000102802,5.128937636456077,4.009210966246579,0.9138174556077022,1.0909496429444823,228,457,0.09140000000000001,0.458,0.0806,0.0764,2,5,5,-2.6094271569948657,-2.700476490460757,-6.286997203336386,0.20909482019009218,9.456432209333244,6.26539275033047,0.7679617224631063,0.8121640850080633,263,529,0.1058,0.3764,0.0692,0.1182,1,5,5,-2.700476490460757,-0.20287847254641944,2.4975980179143376,-2.4975980179143376,3144,10,discounted_lints,corr,z72_a0p5_corr_pruned_top10,72
5,0.23118239076866728,-2.208227014069797,-7.221473041194026,10.442683585409895,11.03026774794319,7.276723024658985,0.8671850220925932,0.9172483036258328,486,975,97.2,0.09749999999999999,0.46221014094942026,0.3571,0.4152,0.0792,0.09330000000000001,5,5,2,True,True,2.131890130775993,1.4962944923727406,-1.8820026608551976,9.748588060271612,4.543852025225171,3.812194441092707,1.0678207407892193,1.1188653315834045,235,471,0.09419999999999999,0.4452,0.0786,0.0876,3,5,5,-1.9039699786483542,-0.6405094845911785,-5.441886835381449,0.8782198895591842,8.422678057953581,6.32876914219091,0.9801262427002477,0.8315205256662577,251,504,0.1008,0.38520000000000004,0.07980000000000001,0.099,2,5,5,-0.6405094845911785,1.4962944923727406,2.136803976963919,-2.136803976963919,3145,10,discounted_lints,corr,z72_a0p5_corr_pruned_top10,72
5,-1.4191654753367298,-3.2276309861056784,-5.948083307836727,5.567082030500692,10.835617783609885,7.539904924492608,0.7772674562488903,0.8369876709681897,479,962,95.8,0.0962,0.4241086241118245,0.371,0.4192,0.0809,0.0871,5,5,2,True,True,1.897192982360463,-0.0006818588917933965,-2.2320898257944477,9.562637170603661,5.8311384408460505,3.630677841855653,0.9307502239408932,1.1197556367681976,220,441,0.0882,0.4532,0.08320000000000001,0.0668,2,5,5,-3.248582261569774,-3.646822715558906,-4.602991640082643,-2.0906627844012537,9.036456885991228,6.527089713308776,0.6743489116548633,0.6979684881002328,259,521,0.1042,0.38520000000000004,0.0786,0.10739999999999998,0,5,5,-3.646822715558906,-0.0006818588917933965,3.6461408566671127,-3.6461408566671127,3146,10,discounted_lints,corr,z72_a0p5_corr_pruned_top10,72
5,-2.193601339405577,-2.848842468920876,-6.222282313788352,2.1901741573020717,11.330308821662182,8.22370664239572,0.8519106537650929,0.8374397190337272,632,1268,126.4,0.1268,0.44140731886455853,0.4046,0.47569999999999996,0.08919999999999999,0.1127,5,5,2,True,True,1.6574350390365544,0.5070099659994165,-2.8909444443148913,7.838045693095008,5.7052922970230675,4.277127651199026,1.0405903528712743,1.0886188472255023,314,628,0.1256,0.5084,0.0938,0.1076,4,5,5,-3.746871026894427,-5.450949688614415,-6.353446655197059,2.1075284672098293,9.476298606529564,7.211795399182256,0.593474750655966,0.6805270268547547,318,640,0.128,0.44299999999999995,0.08460000000000001,0.11780000000000002,1,5,5,-5.450949688614415,0.5070099659994165,5.957959654613831,-5.957959654613831,3142,11,discounted_lints,corr,z72_a0p5_corr_pruned_top10,72
5,-1.2269291326137748,-2.1612514141888695,-7.994353413472799,6.053890653894589,11.251868578159673,7.304916443164674,0.8616397911001363,0.864745719315874,662,1328,132.4,0.13280000000000003,0.44928954374866004,0.4027,0.4734,0.0883,0.11500000000000002,5,5,2,True,True,1.910006521203893,0.3196643152123091,-2.4454825448627537,8.374039122067934,4.528442100696073,3.8673396070648813,0.9266707835121974,1.03636462113232,323,647,0.12940000000000002,0.5126000000000001,0.09,0.1038,3,5,5,-3.103487062733201,-2.529990200914556,-5.687969161614492,-1.7985180711449167,9.322846859687461,6.437460571647987,0.7825521155602702,0.725823731557605,339,681,0.13620000000000002,0.43420000000000003,0.0866,0.1262,0,5,5,-2.529990200914556,0.3196643152123091,2.849654516126865,-2.849654516126865,3143,11,discounted_lints,corr,z72_a0p5_corr_pruned_top10,72
5,0.10204914526378062,-1.2624333622400785,-3.5163881326863766,7.180398296076906,8.395407961018709,6.94266882944176,0.8780996091281025,0.935170508207554,636,1276,127.2,0.1276,0.45187887379671576,0.3981,0.47359999999999997,0.0906,0.11849999999999998,5,5,1,True,True,2.513768422751812,0.7830236704879256,-0.14330352716800387,9.09162147069118,4.529801692864788,3.4754112730035365,1.0638684160762282,1.158161294635189,316,632,0.1264,0.5044000000000001,0.0854,0.11199999999999999,4,5,5,-2.3611994726652474,-2.0295650579165603,-3.7956775054202696,-1.5353348842367165,8.189034408351148,6.442641929430937,0.8052058559232839,0.7667451386310664,320,644,0.1288,0.44279999999999997,0.09580000000000001,0.125,0,5,5,-2.0295650579165603,0.7830236704879256,2.812588728404486,-2.812588728404486,3144,11,discounted_lints,corr,z72_a0p5_corr_pruned_top10,72
5,-1.4335234679424063,-3.8562019990455387,-5.7116175113269385,9.503681804942076,11.17115068490504,7.902308491870633,0.8118107734083813,0.8452278212957693,638,1278,127.6,0.1278,0.43518641470793096,0.3935,0.46349999999999997,0.088,0.11480000000000001,5,5,1,True,True,2.1508618753086473,0.39581794565548556,-1.9677741096593704,11.631949236054906,4.840313139831542,3.7184013361546775,0.9514850891912898,1.122355598426535,312,624,0.1248,0.49559999999999993,0.08880000000000002,0.1078,3,5,5,-3.5376238084967326,-3.393669528462673,-4.943742198289991,-1.9065038688990565,9.277753679552504,7.091225270348798,0.6958938682575097,0.6715729088880296,326,654,0.1308,0.4314,0.0872,0.12179999999999999,0,5,5,-3.393669528462673,0.39581794565548556,3.7894874741181583,-3.7894874741181583,3145,11,discounted_lints,corr,z72_a0p5_corr_pruned_top10,72
5,-1.2680065290084097,-1.3191837177429555,-4.509739073762942,4.1383822534544645,9.55356724898504,7.188640489610007,0.8870877652075199,0.8620381049734492,646,1296,129.2,0.12960000000000002,0.45533052856460177,0.4184,0.4859,0.08149999999999999,0.11400000000000002,5,5,1,True,True,0.08283054179758054,0.732146102414899,-2.7171343803317427,3.517203575057115,6.159881415364077,4.651823533400039,0.9624922176069004,0.8957704164501852,326,652,0.13040000000000002,0.5072,0.08159999999999999,0.11040000000000001,3,5,5,-1.359563908853405,-1.8426725837204172,-2.2913671186376883,0.6000728931466304,8.947872825697544,6.292369019896202,0.7927901823388277,0.8455907980689247,320,644,0.1288,0.4646,0.0814,0.1176,1,5,5,-1.8426725837204172,0.732146102414899,2.574818686135316,-2.574818686135316,3146,11,discounted_lints,corr,z72_a0p5_corr_pruned_top10,72
5,0.4344271075304711,-1.93221847313092,-4.973276042348973,11.400994345559457,10.114313076024894,6.711647163641618,0.8475077701188808,0.9401350580696478,528,1061,105.6,0.10610000000000001,0.45246037189754207,0.379,0.4365,0.0897,0.09620000000000001,5,5,2,True,True,2.7050272114584684,1.2548446676175828,-0.7488627445495166,11.615178307512863,5.443484817395006,3.845708522527527,1.1154682781158904,1.1545471947015833,268,536,0.1072,0.46420000000000006,0.09419999999999999,0.0982,3,5,5,-2.2520512372226347,-1.286442115785691,-5.154442463511821,-0.19189501392302688,8.094578344235103,5.869024931382553,0.8086210230512769,0.780551928776944,260,525,0.10499999999999998,0.4088,0.0852,0.09420000000000002,0,5,5,-1.286442115785691,1.2548446676175828,2.5412867834032737,-2.5412867834032737,3142,12,discounted_lints,corr,z72_a0p5_corr_pruned_top10,72
5,-0.6137998597556772,-1.908591012964389,-3.914405661855014,6.6747634707101655,8.039879298181296,6.925418155001144,0.8948604982893276,0.8704914690785565,518,1040,103.6,0.10400000000000001,0.45140638354791773,0.3893,0.4478,0.0922,0.0911,5,5,1,True,True,2.0105563349342774,0.4802115851008537,-1.2781478574677818,8.276736300167165,4.985503232167565,3.9035137053425,1.025161872270833,1.0947140897862775,257,514,0.1028,0.48260000000000003,0.1002,0.0838,4,5,5,-2.58519142823177,-2.67038932837389,-4.061792213728643,-0.6629270408560761,7.7448137764125295,6.471849154321513,0.6941791634294536,0.7164960468455763,261,526,0.1052,0.413,0.0842,0.0984,0,5,5,-2.67038932837389,0.4802115851008537,3.1506009134747437,-3.1506009134747437,3143,12,discounted_lints,corr,z72_a0p5_corr_pruned_top10,72
5,-0.1359414953931303,-3.527438955968021,-6.209178039195318,7.181325230177915,10.544554650554684,6.865352850341796,0.737327990982677,0.9013884511858761,527,1058,105.4,0.1058,0.44715600151884327,0.37020000000000003,0.4236,0.09230000000000001,0.0975,5,5,2,True,True,2.2141973882571175,-0.031972743496855305,-0.5767161351134753,10.64977062301451,5.750523971189214,3.860296838506136,0.9526632347624856,1.064746384445496,251,502,0.1004,0.45920000000000005,0.09539999999999998,0.0836,2,5,5,-2.303043400614924,-3.134615980952782,-5.889542879566201,4.379919817806166,7.9047453188753725,5.928518510923923,0.6150059717000088,0.7811232596396182,276,556,0.11120000000000001,0.388,0.0892,0.11139999999999999,1,5,5,-3.134615980952782,-0.031972743496855305,3.1026432374559265,-3.1026432374559265,3144,12,discounted_lints,corr,z72_a0p5_corr_pruned_top10,72
5,-1.7658081358722106,-2.8945999154699864,-7.676785281762443,7.114424903496608,10.300178911542623,7.514042203023685,0.803996593919541,0.8376414389422078,536,1075,107.2,0.1075,0.4411596502155799,0.367,0.4338,0.0913,0.10410000000000001,5,5,1,True,True,1.2760783622075733,-0.4958510443538233,-1.0846881779944972,8.134294403611086,5.399649161036679,4.478786263562944,0.899350197328152,1.014594503653815,263,526,0.1052,0.46840000000000004,0.0954,0.09780000000000001,2,5,5,-3.041943764189119,-2.748288321694059,-6.724514006148885,-0.9431508345611461,9.809570656693367,6.604463820399625,0.7219856107149484,0.7005380218030541,273,549,0.10980000000000001,0.39919999999999994,0.08720000000000001,0.11040000000000001,0,5,5,-2.748288321694059,-0.4958510443538233,2.2524372773402357,-2.2524372773402357,3145,12,discounted_lints,corr,z72_a0p5_corr_pruned_top10,72
5,0.5807477500056457,0.7492968829757363,-3.923515891581164,6.485744957035333,11.681406709489583,7.198000560965075,0.9756494973360963,0.9340983391039162,495,994,99.0,0.0994,0.4735900863842041,0.4034,0.4563,0.0864,0.0829,5,5,3,True,True,2.0772240920960794,1.0345054098303663,-0.12258475355615417,7.558400556193767,4.156617835883559,3.5227636915824734,1.026448693252923,1.1245766913011292,239,478,0.0956,0.488,0.09040000000000001,0.0744,4,5,5,-1.474116620798589,-0.9972773801131707,-3.8055962187711345,0.3703730593081378,8.69430850002757,6.4241010766059246,0.8542521870132224,0.8076690431079498,256,516,0.1032,0.42460000000000003,0.0824,0.0914,2,5,5,-0.9972773801131707,1.0345054098303663,2.031782789943537,-2.031782789943537,3146,12,discounted_lints,corr,z72_a0p5_corr_pruned_top10,72
5,-0.5295622028324096,-1.7979734250951118,-7.935313062771154,9.1982783095532,10.014995447417208,7.107900163522025,0.8275167196210548,0.8591850731799745,475,953,95.0,0.09529999999999998,0.43564882135952276,0.3804,0.4241,0.0988,0.0823,5,5,2,True,True,2.007401549843657,-0.7834599784169338,-1.1389690605925429,9.886960188455983,5.465288420886793,4.302842653887435,0.843743279819269,1.018242819468794,221,443,0.0886,0.45759999999999995,0.1056,0.06620000000000001,2,5,5,-2.5195721190464315,-1.693600456634814,-7.208327444999041,-0.6267184729850661,9.619495381984144,6.2910770285563915,0.8102928087976943,0.7879188787130297,254,510,0.10200000000000001,0.39059999999999995,0.092,0.09840000000000002,0,5,5,-1.693600456634814,-0.7834599784169338,0.9101404782178801,-0.9101404782178801,3142,13,discounted_lints,corr,z72_a0p5_corr_pruned_top10,72
5,0.05066290986665436,-1.7903886342935937,-6.038587467051215,12.313316808613116,10.27476874582941,7.5808770647706565,0.8192461479421143,0.8910355693762124,484,971,96.8,0.09709999999999999,0.4348399250824505,0.38489999999999996,0.43889999999999996,0.0938,0.0862,5,5,2,True,True,2.8277287321620714,0.03362971840619178,-2.6869586202194373,14.186664975504826,5.474601869874974,3.721784840106834,0.8741181165779408,1.1911023715594435,236,473,0.09459999999999999,0.46480000000000005,0.097,0.0794,3,5,5,-2.722653273487239,-2.127643979512095,-4.770147485144715,-1.6406015249622818,9.397143318323288,6.403937990604338,0.7588332707829069,0.7243991984489879,248,498,0.0996,0.413,0.09059999999999999,0.093,0,5,5,-2.127643979512095,0.03362971840619178,2.1612736979182867,-2.1612736979182867,3143,13,discounted_lints,corr,z72_a0p5_corr_pruned_top10,72
5,-0.5650418442689142,-2.4583944807211155,-4.682802709933354,7.345677654152127,9.282684395434003,7.838969265754173,0.8237302007938218,0.8398869094362513,464,932,92.8,0.09319999999999999,0.44113486401184987,0.3811,0.43010000000000004,0.1008,0.07880000000000001,5,5,2,True,True,2.7667332105949827,1.158672542353778,-0.2868174155127523,11.19036256332988,4.134264259983533,3.451732079338077,1.0765983175735487,1.1198319376651433,216,433,0.0866,0.47400000000000003,0.1012,0.06659999999999999,4,5,5,-3.235228552432491,-3.457750132785087,-5.002422814954044,-1.142279516489475,8.881381485578776,7.354301250501908,0.6604741357473725,0.6694911630165684,248,499,0.0998,0.3862,0.1004,0.091,0,5,5,-3.457750132785087,1.158672542353778,4.616422675138865,-4.616422675138865,3144,13,discounted_lints,corr,z72_a0p5_corr_pruned_top10,72
5,0.04490343978375897,-2.259742246728347,-4.315595893528823,10.852419214020204,10.842320159801044,7.1552820245727755,0.7980122842688344,0.8921446281931835,466,934,93.2,0.0934,0.4410211234252155,0.3722,0.429,0.1016,0.08120000000000001,5,5,1,True,True,2.32471558853921,0.40786556151664044,-2.3789982994366077,12.917203792491927,5.756677048798975,4.403970380170848,0.9468877922860172,1.1200959202840939,213,427,0.0854,0.4582,0.1092,0.0634,3,5,5,-2.226563451352621,-1.828582810344992,-4.284740459733339,-1.013784193109879,8.437570339632327,6.033300345702306,0.7675333633609899,0.7449196139792844,253,507,0.1014,0.39980000000000004,0.094,0.099,0,5,5,-1.828582810344992,0.40786556151664044,2.2364483718616324,-2.2364483718616324,3145,13,discounted_lints,corr,z72_a0p5_corr_pruned_top10,72
5,-0.06271612203920149,-2.2146935154199965,-3.1817934296060058,10.020503898717914,11.321535579824616,7.70760190682343,0.801640966610636,0.8729959657422135,445,894,89.0,0.08940000000000001,0.4311649809607129,0.38639999999999997,0.43360000000000004,0.09240000000000001,0.07680000000000001,5,5,1,True,True,2.60837634414697,0.27276514609482216,-2.2178484549553845,12.760912779991251,6.087370118982194,4.219062659423822,1.0024909270380464,1.0955183326884324,206,413,0.08259999999999999,0.4706,0.09459999999999999,0.06040000000000001,3,5,5,-2.580512028012938,-2.43028263403664,-4.605048451255511,-0.8817488479420876,9.054359219075803,6.907619638842206,0.7464424246098375,0.755749010194045,239,481,0.0962,0.3966,0.09020000000000002,0.0932,0,5,5,-2.43028263403664,0.27276514609482216,2.7030477801314623,-2.7030477801314623,3146,13,discounted_lints,corr,z72_a0p5_corr_pruned_top10,72
5,-0.01320587613931501,-1.895177139195059,-5.269064118278344,6.857192136897772,9.7867143717565,7.149322200170706,0.8608902140795982,0.9023484136938176,543,1090,108.6,0.10900000000000001,0.43992677006781056,0.3942,0.4694,0.0872,0.099,5,5,2,True,True,2.927194572236147,2.508049244328392,-2.4056819065346624,11.623708081678963,5.236961131120143,4.232480066421988,1.1734974625248287,1.1395588707809892,270,541,0.1082,0.5034,0.0972,0.089,4,5,5,-2.8237023281792872,-2.933964054138316,-4.764145370454154,0.0695586660911518,7.66231902916874,6.328243187807855,0.7170931851822494,0.741349732977582,273,549,0.10980000000000001,0.4354,0.0772,0.10900000000000001,1,5,5,-2.933964054138316,2.508049244328392,5.4420132984667084,-5.4420132984667084,3142,14,discounted_lints,corr,z72_a0p5_corr_pruned_top10,72
5,1.9218693107942397,-1.5672150875812862,-2.002462181557485,15.605256295831449,8.786309470363928,6.175308047719466,0.8754235649124175,0.9842668136950978,536,1074,107.2,0.10740000000000001,0.477053610882209,0.4004,0.4469,0.08760000000000001,0.0915,5,5,1,True,True,3.6762867984276397,2.2369903423573367,-0.6114444875472969,14.357774002130208,3.8207827989027,3.1683071357383996,1.2600994896162834,1.3674172030106466,264,529,0.1058,0.4828,0.09179999999999999,0.08620000000000001,3,5,5,-1.7447822765232999,-1.3995753201543448,-3.722751010046832,1.1294129375785555,6.829637315808446,5.537846284601962,0.7996175554886413,0.767965381408877,272,545,0.10900000000000001,0.41100000000000003,0.0834,0.0968,1,5,5,-1.3995753201543448,2.2369903423573367,3.6365656625116816,-3.6365656625116816,3143,14,discounted_lints,corr,z72_a0p5_corr_pruned_top10,72
5,-0.3964783756792656,-1.2063170683695446,-4.257701161052352,7.694153027598327,10.247071990501745,7.320441429662486,0.8845763125799857,0.8921364417466846,570,1143,114.0,0.1143,0.4366391660802707,0.3786,0.4455,0.0854,0.1093,5,5,1,True,True,2.582938732901488,0.3816218046359232,-1.602653534802112,9.385435278181188,4.838179051442404,3.6212597702213793,0.9967174884441945,1.1273695523726148,279,558,0.11159999999999999,0.4852,0.088,0.0992,4,5,5,-2.909342397283279,-2.146257007279051,-4.822363616908854,-1.4102380731849995,9.490942528469471,6.634298089253962,0.7736137146155065,0.7181850110049047,291,585,0.11699999999999999,0.40580000000000005,0.08280000000000001,0.11939999999999999,0,5,5,-2.146257007279051,0.3816218046359232,2.527878811914974,-2.527878811914974,3144,14,discounted_lints,corr,z72_a0p5_corr_pruned_top10,72
5,0.6485452803744284,-1.2136391355971776,-3.172128185484513,8.674206804508167,9.203462884012891,7.011872879635179,0.900931215712253,0.9470090674948478,565,1134,113.0,0.11340000000000001,0.4552599722694306,0.3876,0.4542,0.08380000000000001,0.1038,5,5,2,True,True,2.897558132925162,0.7960306846408916,-0.346976270907251,11.937832873197785,6.079732269465454,3.6934371196208753,0.9711374397948653,1.2148985674091508,271,542,0.10839999999999998,0.4868,0.0834,0.09440000000000001,3,5,5,-2.1703351162889506,-2.1418038646657034,-2.9155701740149143,-1.1610043586631869,9.203462884012891,6.356464277512702,0.7875984948052519,0.7864817951856965,294,592,0.11839999999999999,0.42160000000000003,0.08420000000000001,0.1132,0,5,5,-2.1418038646657034,0.7960306846408916,2.937834549306595,-2.937834549306595,3145,14,discounted_lints,corr,z72_a0p5_corr_pruned_top10,72
5,-1.375447751415706,-1.2436567110140295,-5.847502525046622,6.433908941261723,12.457643223689384,7.846950950335452,0.8767151900272209,0.8621778944814249,561,1125,112.2,0.1125,0.45106824094589343,0.3859,0.44880000000000003,0.08360000000000001,0.1031,5,5,1,True,True,1.9349319203893955,-0.2517735177887337,-1.7076292634359613,10.586405895603267,5.169565317843849,3.9716055287596967,0.9163347170328068,1.114529793005062,275,550,0.11000000000000001,0.47520000000000007,0.0868,0.0964,2,5,5,-3.2014616100266635,-3.7396549088714814,-8.02827697529641,0.5099902050887284,10.766189743911092,7.261565248747831,0.6738335808244847,0.7147591878001525,286,575,0.11499999999999999,0.4224,0.0804,0.10979999999999998,1,5,5,-3.7396549088714814,-0.2517735177887337,3.4878813910827478,-3.4878813910827478,3146,14,discounted_lints,corr,z72_a0p5_corr_pruned_top10,72
5,-1.689918076612274,-2.599310506913177,-6.524743314686443,3.529693485335117,12.36062016335998,8.203148922430344,0.8352414759434655,0.8460457252343965,654,1312,130.8,0.13119999999999998,0.4335172520573772,0.4098,0.48319999999999996,0.0814,0.11739999999999999,5,5,2,True,True,2.6829780699498,1.4045449145557498,-3.3495663247375074,9.95624653000593,5.193809041417429,3.9638810439143812,1.0615854497159216,1.1147218169256388,329,658,0.1316,0.5186,0.0754,0.11399999999999999,3,5,5,-4.178950570457021,-3.285217530029172,-8.697355146214258,-0.7371566598301182,9.961411621866356,7.087248603861132,0.6914235569250504,0.6599359849108295,325,654,0.1308,0.4478,0.08739999999999999,0.12079999999999999,0,5,5,-3.285217530029172,1.4045449145557498,4.689762444584922,-4.689762444584922,3142,15,discounted_lints,corr,z72_a0p5_corr_pruned_top10,72
5,-2.4167702186501443,-4.481295004976749,-9.508287628332058,11.60087254717812,11.796957418784071,8.378476379146942,0.8061728783494979,0.8045111231934537,658,1319,131.6,0.1319,0.4303361067244915,0.41450000000000004,0.4897,0.08020000000000001,0.1192,5,5,1,True,True,2.871171271114501,0.8370761998197418,-3.5793397157385165,15.908960381864468,6.3129058927642205,4.171737466893581,1.1019686875122707,1.153834416530982,329,660,0.132,0.5218,0.0784,0.11579999999999999,3,5,5,-5.183145351076887,-6.149043052717317,-7.366390334073058,-2.313650536003775,8.797336036354942,7.0545393569114365,0.5537677813945237,0.5496155948077751,329,659,0.1318,0.45759999999999995,0.08199999999999999,0.1226,0,5,5,-6.149043052717317,0.8370761998197418,6.986119252537059,-6.986119252537059,3143,15,discounted_lints,corr,z72_a0p5_corr_pruned_top10,72
5,-1.863698468209207,-3.5252695205198137,-6.81421662059739,8.59803434512887,10.363977680944869,8.074276342057829,0.8066904941786784,0.8537815025051689,669,1341,133.8,0.13410000000000002,0.42239584365810956,0.4016,0.4766,0.0804,0.1264,5,5,1,True,True,1.7398314848338292,0.7780093693251944,-2.1055335007061027,8.77345306466597,5.023078387015567,3.9691367654365535,1.0069197229632476,1.089970690554945,308,616,0.1232,0.5189999999999999,0.074,0.10499999999999998,3,5,5,-3.6017910574414906,-4.270057442863962,-4.80995840548889,-0.16126979018752374,9.975224096604096,7.212266599860873,0.6617201035258532,0.6890652364829644,361,725,0.14500000000000002,0.43420000000000003,0.08680000000000002,0.1478,0,5,5,-4.270057442863962,0.7780093693251944,5.048066812189156,-5.048066812189156,3144,15,discounted_lints,corr,z72_a0p5_corr_pruned_top10,72
5,-0.5877375640643233,-2.0862747954751404,-6.866713506879718,6.64131606153231,9.697238288368315,7.409081921359466,0.8678961967283906,0.8889881457854489,699,1400,139.8,0.14,0.44277591463414634,0.3886,0.47219999999999995,0.078,0.13479999999999998,5,5,2,True,True,2.9306778478240125,1.5224271820229784,-1.9041951511914568,11.639452014990216,4.493894111828867,3.7752260076294464,1.265979874186637,1.2142965437854654,352,704,0.1408,0.51,0.07880000000000001,0.12440000000000002,4,5,5,-3.4137664001411077,-4.47703375755265,-5.058848707482245,-0.8376590460645317,8.063928285974564,6.228396759513506,0.6619419740309734,0.6895612249334522,347,696,0.13920000000000002,0.43439999999999995,0.0772,0.14520000000000002,0,5,5,-4.47703375755265,1.5224271820229784,5.999460939575629,-5.999460939575629,3145,15,discounted_lints,corr,z72_a0p5_corr_pruned_top10,72
5,-2.70424952855437,-3.2727163010930926,-5.5112358376493304,0.8313787245517457,11.695127697380558,9.53392523332717,0.7595247379166913,0.8004167890756347,697,1398,139.4,0.13979999999999998,0.4446806233178198,0.4061,0.4816,0.076,0.12489999999999998,5,5,1,True,True,1.0521705403133619,-1.378820845456885,-3.690038959104025,8.421629240648155,7.7666851357155675,4.912278833456895,0.8128924568569091,0.9409861627623466,353,707,0.14140000000000003,0.5162,0.08120000000000001,0.11580000000000001,2,5,5,-3.6175342141539746,-2.8150947930880243,-7.886978838847947,-1.8909745771488518,8.625322323058704,7.528412331785499,0.7477393771554034,0.7086990122734493,344,691,0.13820000000000002,0.44699999999999995,0.0708,0.134,0,5,5,-2.8150947930880243,-1.378820845456885,1.4362739476311392,-1.4362739476311392,3146,15,discounted_lints,corr,z72_a0p5_corr_pruned_top10,72
5,1.006490754265701,-2.693756417817217,-5.814084994166835,11.430725639592909,9.647659115183881,6.943683325564533,0.8340382231069363,0.9408487920420793,500,1003,100.0,0.10029999999999999,0.43667388852292,0.36500000000000005,0.42330000000000007,0.07,0.09509999999999999,5,5,2,True,True,2.222491457361755,0.692497897571176,-2.8439366669266053,10.253786491130379,5.363054455728699,3.688340553374561,0.9849234368945111,1.069329897480558,242,485,0.097,0.466,0.0708,0.08499999999999999,3,5,5,-1.2524148666661716,-1.1188484960654832,-3.6727005490454823,1.0674818397799157,7.142406790369005,5.712966939330387,0.9277128957666465,0.862634686343133,258,518,0.1036,0.3806,0.0692,0.1052,2,5,5,-1.1188484960654832,0.692497897571176,1.8113463936366592,-1.8113463936366592,3142,16,discounted_lints,corr,z72_a0p5_corr_pruned_top10,72
5,-0.6713859810489996,-2.1525901261412295,-6.154287163050132,9.371327011351237,12.32160817191279,7.24060867070785,0.8149748107231602,0.8758197793154852,490,983,98.0,0.09830000000000001,0.44151579701165833,0.3676,0.42860000000000004,0.0776,0.09440000000000001,5,5,1,True,True,1.9370922155747803,-0.6432837897390464,-1.2748729809417547,11.619229536563068,5.168976397525038,4.05966680122404,0.8783592643794521,1.1312880861990977,244,489,0.0978,0.4598000000000001,0.078,0.0886,2,5,5,-2.5474464569037303,-1.990185653468679,-7.10401553978921,-0.7707443613379827,9.447979940636642,6.554289876405555,0.7839148095399505,0.767640841682226,246,494,0.0988,0.3974,0.0772,0.1002,0,5,5,-1.990185653468679,-0.6432837897390464,1.3469018637296326,-1.3469018637296326,3143,16,discounted_lints,corr,z72_a0p5_corr_pruned_top10,72
5,-0.7072782109509343,-0.951788601887249,-4.745753989307633,5.187100374475184,9.134846909994632,6.727872551520288,0.9130615549451147,0.8932873113439879,511,1025,102.2,0.10250000000000001,0.45322812900358195,0.365,0.4242,0.07360000000000001,0.099,5,5,1,True,True,1.1811288491852467,-0.7085737242934265,-2.229715971836199,7.384295127742457,4.761474965040646,3.8438843514127385,0.8604618528038483,0.9908309132564795,240,481,0.0962,0.46319999999999995,0.0784,0.0778,2,5,5,-1.8409981388557093,-2.046104368104784,-4.06599080750839,0.4618557542643176,9.134846909994632,5.853054735557204,0.76928348452048,0.8952498405827984,271,544,0.10880000000000001,0.3852,0.0688,0.1202,1,5,5,-2.046104368104784,-0.7085737242934265,1.3375306438113577,-1.3375306438113577,3144,16,discounted_lints,corr,z72_a0p5_corr_pruned_top10,72
5,2.4670292186549503,-1.3471667018115308,-3.2678934189389386,13.634833225467148,8.844596497483327,6.009817614831785,0.875012918899642,1.0500744964193944,476,956,95.2,0.09559999999999999,0.4654029208985098,0.3799,0.42940000000000006,0.07260000000000001,0.0889,5,5,2,True,True,2.9681043126839413,2.078401316127687,-1.481669184218115,11.658930063743078,4.892087155778779,3.562592445996748,1.1406468068094546,1.244930238201799,230,461,0.0922,0.46559999999999996,0.0804,0.077,3,5,5,-0.5351387656295836,0.1673286829749765,-4.213955203459474,1.7695881203555253,6.339830446833239,5.160492242739743,1.0634900615997978,0.9894400073332413,246,495,0.099,0.39320000000000005,0.0648,0.1008,3,5,5,0.1673286829749765,2.078401316127687,1.9110726331527106,-1.9110726331527106,3145,16,discounted_lints,corr,z72_a0p5_corr_pruned_top10,72
5,-0.4902152481936682,-2.8674336519557753,-3.3718140087490744,8.718161055571194,9.021653868321877,7.019075791725612,0.8357837217356683,0.8713116319981065,509,1023,101.8,0.10229999999999999,0.4136621418876456,0.36610000000000004,0.4272,0.07160000000000001,0.1061,5,5,1,True,True,1.548271847362639,-0.6690571057256456,-3.3667690720156074,12.3790400978794,5.90779722186875,4.661634753313551,0.8219431118279132,1.0045455100564156,248,497,0.0994,0.46159999999999995,0.0786,0.0952,2,5,5,-1.9539561057927244,-2.252561492217098,-3.3921982313972587,0.0743219534677042,7.0299263251227595,6.160965161719433,0.758639665423789,0.8264813812433969,261,526,0.1052,0.3928,0.0646,0.11699999999999999,1,5,5,-2.252561492217098,-0.6690571057256456,1.5835043864914522,-1.5835043864914522,3146,16,discounted_lints,corr,z72_a0p5_corr_pruned_top10,72
5,-0.5199312596663844,-3.1131973632961607,-4.716412746708787,8.147172520127576,10.951758486668528,7.448692711579028,0.8068922560506483,0.8664718490184112,564,1130,112.8,0.11300000000000002,0.44955730407806727,0.3856,0.4497,0.08620000000000001,0.10750000000000001,5,5,2,True,True,1.9992257064886387,1.2906149833303848,-1.8940608044081264,9.208614162092111,4.215236153183611,3.841769330472018,1.073859689696011,1.0559287214448956,273,547,0.10940000000000001,0.4734,0.09240000000000001,0.0996,3,5,5,-2.472343205178922,-1.5171028578513601,-6.07903544398638,-0.9167971778998862,8.95620044176364,6.628084837841937,0.7717196484018206,0.7587924122350674,291,583,0.1166,0.426,0.08,0.11539999999999999,0,5,5,-1.5171028578513601,1.2906149833303848,2.807717841181745,-2.807717841181745,3142,17,discounted_lints,corr,z72_a0p5_corr_pruned_top10,72
5,-0.5711589073663758,-0.8053733009275699,-5.663888771405956,6.485178008979786,11.786276833374565,8.294413772214835,0.9247952632889704,0.9035987648005237,562,1128,112.4,0.11280000000000001,0.4476857626857626,0.3912,0.4558999999999999,0.0812,0.10410000000000001,5,5,1,True,True,2.9526619547784883,2.0145237247920944,-0.9580486584040537,9.011206348738021,4.8384880500525025,3.5294870061318733,1.3106057016447712,1.2183548794286219,271,543,0.1086,0.47759999999999997,0.08460000000000001,0.0868,4,5,5,-3.4369308358991058,-3.233729207488212,-4.75136045812693,-2.317218957908984,9.341338742726945,7.524582031031616,0.6885659728305992,0.6878510000158832,291,585,0.11699999999999999,0.43420000000000003,0.07780000000000001,0.1214,0,5,5,-3.233729207488212,2.0145237247920944,5.248252932280306,-5.248252932280306,3143,17,discounted_lints,corr,z72_a0p5_corr_pruned_top10,72
5,-1.0489979271527639,-1.4210972293632107,-9.149278926237969,12.1045629002144,12.263667442888037,7.825725889604071,0.8748251752013294,0.8649596802388686,540,1084,108.0,0.10839999999999998,0.44784330504400244,0.40309999999999996,0.4563,0.08510000000000001,0.0935,5,5,2,True,True,1.9766938523426483,-0.5078110748037878,-2.520467182338737,11.497386785298236,6.115673952045453,4.573178909511793,0.7898727474605051,1.0091111034873343,268,538,0.1076,0.49139999999999995,0.08320000000000001,0.089,2,5,5,-3.06396393968849,-2.522868026175995,-6.800208774388206,0.5824623115875394,11.282440721956133,6.723745119067333,0.8146522802267325,0.7635800138613469,272,546,0.10919999999999999,0.42119999999999996,0.08700000000000001,0.098,1,5,5,-2.522868026175995,-0.5078110748037878,2.015056951372207,-2.015056951372207,3144,17,discounted_lints,corr,z72_a0p5_corr_pruned_top10,72
5,0.8674181738503608,-0.7295706484257591,-5.880032854861927,11.612512060892977,9.098252675315033,6.983425856143053,0.9192015297770167,0.9344392095189231,570,1143,114.0,0.1143,0.423628915235892,0.3826,0.44880000000000003,0.0877,0.1083,5,5,2,True,True,3.3027108911514347,1.8172189273488293,-1.3113570047623258,12.041306587809618,4.536703087470729,3.7496075273015643,1.1012952682301989,1.1665832868552575,291,583,0.1166,0.4852,0.09160000000000001,0.10540000000000001,4,5,5,-2.406399220799596,-2.501334845525338,-4.629383596165226,-0.38271110894319005,8.246976564193265,6.348385339351736,0.7614403707788662,0.7597471011285049,279,560,0.11200000000000002,0.4124,0.08380000000000001,0.1112,0,5,5,-2.501334845525338,1.8172189273488293,4.318553772874168,-4.318553772874168,3145,17,discounted_lints,corr,z72_a0p5_corr_pruned_top10,72
5,-0.2064255906197161,-1.625451996681604,-5.269962271010908,8.018784625220633,7.567608101566825,5.737439784159042,0.9090966275584608,0.9084007757155351,540,1084,108.0,0.10839999999999998,0.4420363391408494,0.3811,0.44109999999999994,0.0882,0.0998,5,5,1,True,True,0.5438058437787641,0.111660472279973,-3.2345643984354577,7.478070247000712,6.077307925419994,4.770942920327011,0.8857036194404153,0.9471553146239327,264,529,0.1058,0.4748,0.091,0.08600000000000001,3,5,5,-0.7628338493686403,-0.8383765714551239,-2.103434826621653,0.5030927490392134,6.848711664598728,4.855722080928642,0.8900770472097225,0.8937298894337221,276,555,0.11099999999999999,0.4074,0.0854,0.11359999999999999,2,5,5,-0.8383765714551239,0.111660472279973,0.9500370437350969,-0.9500370437350969,3146,17,discounted_lints,corr,z72_a0p5_corr_pruned_top10,72
5,2.205589140944333,-0.41354175289308737,-2.9148177710381584,12.069314470854842,7.357771017184101,5.991469960862115,0.9279154736967388,0.9952364370926203,461,926,92.2,0.09260000000000002,0.45597054863023817,0.3821,0.43640000000000007,0.0871,0.08619999999999998,5,5,2,True,True,3.330177010557283,2.5462711964736595,-1.210446451844005,11.730753483838585,4.212548565204188,3.32597131469885,1.3121279053279116,1.2414010325468303,218,437,0.08739999999999999,0.4664,0.09019999999999999,0.07200000000000001,3,5,5,-1.1172660999712414,-1.2730942174088211,-2.886319429105222,0.30301503969114574,6.879405029495233,5.434886011578832,0.9034232149568875,0.8678011551566562,243,489,0.0978,0.4064,0.08399999999999999,0.1004,1,5,5,-1.2730942174088211,2.5462711964736595,3.8193654138824806,-3.8193654138824806,3142,18,discounted_lints,corr,z72_a0p5_corr_pruned_top10,72
5,1.4430942430122062,-1.8368530840726538,-3.3326600054104705,14.903529268320037,7.595756706599543,5.841848224175763,0.8513290915322449,0.9326458637549715,494,991,98.8,0.09910000000000001,0.43319915427719424,0.373,0.4319,0.08470000000000001,0.095,5,5,2,True,True,1.7763413217369184,-1.725868295277655,-2.678553544608453,12.69226321664596,5.066803629531491,4.109648921101406,0.7672798281608033,0.9913822945021764,235,471,0.09419999999999999,0.46159999999999995,0.08459999999999998,0.08399999999999999,2,5,5,-0.3778985729075024,-0.6415546675933803,-1.6848210893783744,1.9622163834113637,6.138367323381155,4.55667223869344,0.9274850972069474,0.9472597306989048,259,520,0.10400000000000001,0.4022,0.08480000000000001,0.10600000000000001,1,5,5,-1.725868295277655,-0.6415546675933803,1.0843136276842746,1.0843136276842746,3143,18,discounted_lints,corr,z72_a0p5_corr_pruned_top10,72
5,0.41851465968343576,-0.06546438123985476,-6.623379551730279,7.8283110526428334,9.68937241032216,7.208171231438145,0.9717776364519886,0.9565105798883202,450,903,90.0,0.0903,0.47695779707521774,0.3774,0.43,0.0831,0.0825,5,5,2,True,True,2.6220499469725933,1.131665968745743,-0.6292406317542687,10.093213573259918,4.988982708006406,3.9813144792784954,1.034628428123501,1.1203720192575797,221,443,0.0886,0.46840000000000004,0.087,0.0776,4,5,5,-2.1501860675303197,-2.0572589781929995,-6.032095314641883,0.9145051388662839,9.413146575089272,6.5794969287169565,0.8083564266964877,0.9620898626688124,229,460,0.092,0.3916,0.0792,0.0874,1,5,5,-2.0572589781929995,1.131665968745743,3.1889249469387426,-3.1889249469387426,3144,18,discounted_lints,corr,z72_a0p5_corr_pruned_top10,72
5,0.7924883975328312,-0.7265600906911196,-2.4783537894002783,8.787623689058144,9.541257639979971,6.5466856536698215,0.8948203142563939,0.9224863157241107,455,914,91.0,0.09140000000000001,0.46695902322190985,0.37749999999999995,0.4327,0.08580000000000002,0.0884,5,5,2,True,True,3.069837082929856,1.3120021755214317,-0.9010758299127342,11.628087005658827,5.056860846497935,3.6001126414212075,1.192538074741248,1.2240166720955723,213,427,0.0854,0.4673999999999999,0.0884,0.06920000000000001,3,5,5,-2.1909238714864165,-2.0398258552356996,-2.7664335768322945,-1.5916196595438303,8.934867080664887,5.923756211529185,0.7482571482643108,0.7453582210714944,242,487,0.0974,0.398,0.08320000000000001,0.1076,0,5,5,-2.0398258552356996,1.3120021755214317,3.3518280307571313,-3.3518280307571313,3145,18,discounted_lints,corr,z72_a0p5_corr_pruned_top10,72
5,0.7070334646876653,-0.9420377138503411,-5.303114216606408,12.405013268790244,9.41120582395153,6.721895872967261,0.9020262679651616,0.9287143817952875,456,915,91.2,0.0915,0.4559395943484642,0.3813,0.4279,0.0893,0.08109999999999999,5,5,2,True,True,1.5788439099021725,-0.1738811646191385,-1.7306014419821714,9.959427405694822,5.888854301471946,4.674932315379115,0.8929794885574148,0.9860686523062618,210,421,0.0842,0.4668,0.0982,0.064,2,5,5,-0.9183093019274715,-0.13242096049856933,-4.091257060056231,2.2240802092142964,8.473538586341146,5.559833895175979,1.0032818504501202,1.015497177652587,246,494,0.0988,0.389,0.0804,0.0982,2,5,5,-0.1738811646191385,-0.13242096049856933,0.041460204120569166,0.041460204120569166,3146,18,discounted_lints,corr,z72_a0p5_corr_pruned_top10,72
5,0.17764736662216443,-1.4412585531601962,-5.960072386871329,10.671567538538351,9.504216477840433,6.603244739680467,0.8454781350140663,0.9034097360428717,451,905,90.2,0.0905,0.45617947841282513,0.3842,0.44209999999999994,0.09090000000000001,0.0818,5,5,1,True,True,2.2460503839836954,0.039075225857487794,-1.3068051574161355,10.949441192247921,5.023077667534026,4.14134030065945,0.9296206138141235,1.0632238782919095,210,421,0.0842,0.4828,0.08959999999999999,0.0706,3,5,5,-2.054213895936981,-1.941294275190486,-4.7148815446466985,-0.2504507014398305,9.060448019934809,5.66713197761622,0.7770906979322886,0.8237510480822117,241,484,0.0968,0.40140000000000003,0.0922,0.093,0,5,5,-1.941294275190486,0.039075225857487794,1.9803695010479738,-1.9803695010479738,3142,19,discounted_lints,corr,z72_a0p5_corr_pruned_top10,72
5,0.37396757033500344,-2.8094984787642496,-3.0924658924674775,12.054287684018794,10.983020560051127,6.815779462933823,0.8321639905188577,0.8993575199537964,502,1008,100.4,0.1008,0.4492582270696591,0.3698,0.4343,0.089,0.10189999999999999,5,5,1,True,True,2.5152287309490795,1.4174105724478636,-2.695807163760011,12.482387701286157,5.029027707125888,4.154447848368961,1.058575635477587,1.1158376698849157,249,499,0.09980000000000001,0.4692,0.08980000000000002,0.1,3,5,5,-2.0701796303905984,-0.38059293193904997,-6.647482449939313,-0.21080879374300032,9.164241994862433,5.753295601677804,0.8917685070404238,0.8417914546368473,253,509,0.1018,0.3994,0.0882,0.1038,0,5,5,-0.38059293193904997,1.4174105724478636,1.7980035043869136,-1.7980035043869136,3143,19,discounted_lints,corr,z72_a0p5_corr_pruned_top10,72
5,1.8408892989050947,-0.4389356958744761,-2.1563638583251943,11.50110688074497,8.05964418651256,5.902503801112656,0.9620612732798585,1.007712201872201,474,951,94.8,0.0951,0.46531306147231205,0.3715,0.4288,0.08919999999999999,0.0937,5,5,2,True,True,3.2713897299181283,-0.1843731318220576,-0.4179800722302951,12.013155313528824,4.807588453286926,3.7072905974347066,0.9037864923244712,1.3010876380870002,238,478,0.0956,0.4622,0.09259999999999999,0.093,2,5,5,-1.3782405010853194,-1.6375905271213687,-2.863968733613731,-0.22434987779618165,7.220062988151199,5.414525878758993,0.8010677981038631,0.8874526955010685,236,473,0.09459999999999999,0.3954,0.08579999999999999,0.09440000000000001,0,5,5,-1.6375905271213687,-0.1843731318220576,1.453217395299311,-1.453217395299311,3144,19,discounted_lints,corr,z72_a0p5_corr_pruned_top10,72
5,3.000266503922535,0.16575169360046882,-4.686095974484116,14.6545985832931,9.61835837429591,5.65449455777362,1.034228865458251,1.0671810263012957,456,915,91.2,0.0915,0.464499838249226,0.3708,0.4335,0.09079999999999999,0.0865,5,5,3,True,True,3.3266667882084695,0.5331382105198346,-1.9390008016532456,13.520155720787042,5.281201121065616,4.003037467700066,0.9539374910943367,1.236881805289548,214,430,0.08600000000000001,0.4726,0.0908,0.0784,4,5,5,-0.3412496549597299,1.0374000537017425,-5.191556016161258,1.5326281415463994,8.835593753641701,5.141613707817456,1.0705094043788494,0.9941689099874942,242,485,0.097,0.3944,0.09079999999999999,0.09459999999999999,3,5,5,0.5331382105198346,1.0374000537017425,0.5042618431819079,0.5042618431819079,3145,19,discounted_lints,corr,z72_a0p5_corr_pruned_top10,72
5,0.0575313702065209,-1.9639488394165294,-3.790043025789669,8.494346366061901,10.649539862911173,6.822736364737997,0.8025673575033581,0.9062539959117327,446,895,89.2,0.0895,0.42781102776208824,0.3853,0.433,0.08960000000000001,0.0797,5,5,2,True,True,2.776171431412746,2.957849668864876,-2.476363464614806,10.852846302578234,4.448472701590478,3.725277576809043,1.2731803777756672,1.216206552987283,208,417,0.0834,0.4748,0.09000000000000001,0.0626,3,5,5,-2.6028965575855834,-2.219309392156521,-6.835726723370971,0.5566556391768174,10.244100070553962,5.699134232729117,0.747168846632782,0.853276097128159,238,478,0.0956,0.3912,0.08920000000000002,0.09680000000000001,1,5,5,-2.219309392156521,2.957849668864876,5.177159061021397,-5.177159061021397,3146,19,discounted_lints,corr,z72_a0p5_corr_pruned_top10,72
5,1.6337707560833035,0.9663208002664181,-5.201530075903693,12.304050065966731,9.025575213196813,6.82445065104987,1.0080238879047112,0.9520265412306707,415,834,83.0,0.0834,0.4564956491763894,0.3871,0.4302,0.0981,0.06739999999999999,5,5,3,True,True,3.240234665070665,1.0709808061400095,-2.2116562315164012,15.532777643120665,4.197901451700803,3.3365958080730125,1.0588447666606238,1.4464203310332013,197,396,0.07919999999999999,0.4694,0.1014,0.05820000000000001,3,5,5,-1.502685938097941,-1.140620270948134,-4.895121712223538,0.806306595371109,8.06635753208662,5.841220152648731,0.895866139412851,0.9764641205540461,218,438,0.08759999999999998,0.391,0.0948,0.07659999999999999,2,5,5,-1.140620270948134,1.0709808061400095,2.2116010770881434,-2.2116010770881434,3142,20,discounted_lints,corr,z72_a0p5_corr_pruned_top10,72
5,0.5880343750051485,-0.7796651046640068,-4.554381791154638,9.912719014739313,10.466845699496119,6.881568448964934,0.9218869250807012,0.9288142679372926,413,830,82.6,0.083,0.47032251347720877,0.3844,0.42779999999999996,0.0954,0.07039999999999999,5,5,1,True,True,3.1296660327760106,1.109268022894594,-0.4569881624405192,12.09407559703164,4.097351822622819,3.3696585306847266,1.1088616181032784,1.204126962138545,189,379,0.0758,0.45,0.1014,0.056600000000000004,3,5,5,-2.4628111052210917,-2.11384053549738,-4.2612829883326375,-0.2930252488858254,8.024794649666278,6.1514900586490295,0.7669221553690135,0.8271232044383329,224,451,0.09019999999999999,0.4056,0.08940000000000001,0.0842,0,5,5,-2.11384053549738,1.109268022894594,3.223108558391974,-3.223108558391974,3143,20,discounted_lints,corr,z72_a0p5_corr_pruned_top10,72
5,1.120819180512116,-0.5438459231261294,-3.486984081097977,11.907579630763898,9.503165252391277,7.197319179424879,0.9494099719953976,0.9463424360284332,414,831,82.8,0.0831,0.4903995003080871,0.3991,0.43499999999999994,0.09630000000000001,0.06420000000000001,5,5,1,True,True,3.119700211364236,-0.10022470698152208,-0.48389133312809474,13.966198385552309,4.726061573318918,3.9931844713346614,0.9388612963910213,1.1907322996296845,197,395,0.07899999999999999,0.4706,0.1026,0.0538,2,5,5,-1.9301902836983764,-1.8063415152482554,-3.3901571491854354,-0.23893709818878506,8.949038401856512,6.569438619512058,0.8012374483481967,0.855114183826904,217,436,0.0872,0.3994,0.09,0.07459999999999999,0,5,5,-1.8063415152482554,-0.10022470698152208,1.7061168082667333,-1.7061168082667333,3144,20,discounted_lints,corr,z72_a0p5_corr_pruned_top10,72
5,1.30550526052887,-0.70940130065269,-3.0651495953373353,11.8703591612779,9.733765201337285,6.592646674670531,0.9202059907984512,0.9752856756930175,397,797,79.4,0.0797,0.4939658045045462,0.39699999999999996,0.43170000000000003,0.0974,0.0583,5,5,2,True,True,3.2824252700716583,1.1599406472767582,0.35699922640655135,12.161909217780309,3.8749540133345417,3.0516296578708957,1.0665355365053606,1.2819497627532814,185,371,0.07420000000000002,0.4704,0.10200000000000001,0.0512,5,5,5,-1.939879731178893,-1.031704619099938,-4.106352046423545,-0.25993678115475705,7.463220018713878,5.933458087577209,0.8409637797377832,0.8029977177824572,212,426,0.08520000000000001,0.39300000000000007,0.0928,0.0654,0,5,5,-1.031704619099938,1.1599406472767582,2.191645266376696,-2.191645266376696,3145,20,discounted_lints,corr,z72_a0p5_corr_pruned_top10,72
5,0.5557750903141455,-0.9896560025458578,-3.820201698333814,8.372499989312665,9.606289243317988,7.221275956667769,0.89046116398021,0.9000923421611258,418,840,83.6,0.084,0.4514852178786605,0.382,0.42560000000000003,0.099,0.071,5,5,2,True,True,2.6212902076056865,0.345231458328521,-2.1040510251789657,10.36544328380411,4.41261525708957,3.736375368407412,1.0124808912316203,1.1471930134550479,191,382,0.0764,0.4612,0.1022,0.0526,4,5,5,-2.0027390416744817,-1.7530354331579678,-3.6308661935476993,-1.208679327860307,7.882071162422055,6.585993528781744,0.7726861558612701,0.7553349318972576,227,458,0.09159999999999999,0.39,0.09580000000000001,0.08940000000000001,0,5,5,-1.7530354331579678,0.345231458328521,2.098266891486489,-2.098266891486489,3146,20,discounted_lints,corr,z72_a0p5_corr_pruned_top10,72
5,0.03955494050183574,-2.5573347510219224,-8.139603309142895,12.318878837483638,10.84020145770287,7.243189123522738,0.7194838930987518,0.8895692199632279,453,910,90.6,0.091,0.4365798417918896,0.368,0.4204,0.0885,0.0817,5,5,2,True,True,2.1704611644908995,-1.4908195087577347,-2.194400057546797,13.34609299050513,5.574416634080059,4.442019985696661,0.7180613809396673,1.1087927802197064,208,417,0.0834,0.4506,0.0928,0.0644,2,5,5,-2.1458785177130624,-1.0522273742247568,-6.078591875203598,0.4327354399496386,8.83978157206039,5.934036618952968,0.8599354736464295,0.8166700553309246,245,493,0.0986,0.3902,0.08420000000000001,0.099,1,5,5,-1.4908195087577347,-1.0522273742247568,0.43859213453297796,0.43859213453297796,3142,21,discounted_lints,corr,z72_a0p5_corr_pruned_top10,72
5,-1.158524739429747,-3.3645724382304065,-5.96012990487873,7.286044437254313,11.473076201107768,7.635374888591199,0.813512187113804,0.8794074230331335,447,897,89.4,0.0897,0.46475072909431586,0.3746,0.42460000000000003,0.0927,0.0781,5,5,2,True,True,2.1675418659045653,0.804215488661475,-1.3370286422190403,9.787708961130527,5.918681405150283,4.0414285382896376,1.032176178117374,1.150233950705773,202,405,0.08099999999999999,0.45199999999999996,0.09659999999999999,0.0538,3,5,5,-3.267742003251757,-3.4853708885586476,-5.403020310988738,-0.48592965770061225,9.026979595549722,6.895124944962609,0.6652532553579703,0.7407355292791188,245,492,0.0984,0.3972,0.0888,0.1024,0,5,5,-3.4853708885586476,0.804215488661475,4.289586377220123,-4.289586377220123,3143,21,discounted_lints,corr,z72_a0p5_corr_pruned_top10,72
5,-0.14771609505713315,-2.7257391150102395,-5.323862833713733,8.574818425792774,10.253085840996901,7.168334647126113,0.7330170943982673,0.8724049160397727,436,875,87.2,0.0875,0.43683628344955006,0.37570000000000003,0.422,0.09000000000000001,0.0763,5,5,2,True,True,2.145348278031647,0.041857105087173,-1.2478351988519432,9.066238149729378,4.654483608799554,3.9623645901946163,0.9670596367053972,1.1097480719532709,207,415,0.08299999999999999,0.46040000000000003,0.0876,0.0654,3,5,5,-2.281526034437744,-1.4662777707389663,-5.363474943457502,-0.4505699768080129,8.476693533769774,6.3076610529392285,0.7837630222903877,0.7446888090520088,229,460,0.092,0.38360000000000005,0.09240000000000001,0.08720000000000001,0,5,5,-1.4662777707389663,0.041857105087173,1.5081348758261393,-1.5081348758261393,3144,21,discounted_lints,corr,z72_a0p5_corr_pruned_top10,72
5,0.7950426869069286,-2.014131690536114,-3.165509271653655,13.41721949013548,10.36258688631917,7.247907631610806,0.8713653406953029,0.9410587172656516,452,908,90.4,0.09079999999999999,0.44148241644836067,0.36479999999999996,0.4182,0.0962,0.08519999999999998,5,5,1,True,True,3.6313462912848693,1.7318546920288336,-0.4758687933683503,13.01697917120519,4.187876875968655,3.2796828531471633,1.1674306388075038,1.2852172068111087,208,417,0.0834,0.45099999999999996,0.1032,0.06960000000000001,4,5,5,-2.786503930558144,-3.8552390073258946,-4.969926152875093,0.35414175981820506,10.226763671893258,6.753511265276591,0.6320634069575933,0.7681653542662126,244,491,0.09819999999999998,0.3854,0.08920000000000002,0.1008,1,5,5,-3.8552390073258946,1.7318546920288336,5.587093699354728,-5.587093699354728,3145,21,discounted_lints,corr,z72_a0p5_corr_pruned_top10,72
5,-0.1313796698566126,-2.602009889298784,-6.82642386374771,11.464505324880193,9.837615256417486,7.731733002909403,0.7453659599720424,0.8645420352373021,451,906,90.2,0.0906,0.4223255559952836,0.37350000000000005,0.42010000000000003,0.08420000000000001,0.0842,5,5,2,True,True,2.1558699829749157,0.3413327594679938,-2.276642616635338,12.267442228154412,4.6912839771365284,4.04700681709212,0.97633694599971,1.038745292082265,206,413,0.08259999999999999,0.45380000000000004,0.08959999999999999,0.0668,3,5,5,-2.2765980986590617,-0.8857998096323927,-5.095038978688693,-0.30198440328995657,9.837615256417486,6.634489373529652,0.8683452780560244,0.8288133913270279,245,493,0.0986,0.38639999999999997,0.07880000000000001,0.1016,0,5,5,-0.8857998096323927,0.3413327594679938,1.2271325691003865,-1.2271325691003865,3146,21,discounted_lints,corr,z72_a0p5_corr_pruned_top10,72
5,2.0830985454349538,-0.34968340528434005,-5.551206058858382,15.883961171815052,8.872881984559456,6.453693234876478,0.9846181563577253,1.0184795437764134,408,819,81.6,0.0819,0.46062878237853955,0.3976,0.4342,0.0928,0.0694,5,5,2,True,True,3.4068491034889563,0.36566414177965356,-1.0235824539536753,15.9013381166893,4.678441658074717,3.900245701503473,0.8991270399101036,1.3016495767676373,200,401,0.08020000000000001,0.4673999999999999,0.1002,0.059,3,5,5,-1.3254234324243328,-0.6818672283551819,-4.574446840125668,-0.014992876835251412,8.018476055928348,5.721186692842071,0.9317069374444553,0.8655781673761307,208,418,0.08360000000000001,0.40099999999999997,0.0854,0.07980000000000001,0,5,5,-0.6818672283551819,0.36566414177965356,1.0475313701348354,-1.0475313701348354,3142,22,discounted_lints,corr,z72_a0p5_corr_pruned_top10,72
5,0.5766196050477745,-0.7872942177513775,-5.192060638901008,10.370331469649319,9.117412649182189,6.822924833752569,0.9425074730365649,0.9177141598021594,444,892,88.8,0.08920000000000002,0.4626387827858416,0.3842,0.4253,0.09659999999999999,0.07629999999999999,5,5,2,True,True,2.8058323817215003,1.8370760375311157,-0.850902955564603,11.223895920385463,4.179774227190524,3.624207963950559,1.1607969502717694,1.1523123218401088,213,427,0.0854,0.44800000000000006,0.10400000000000001,0.0714,3,5,5,-2.1937840212532067,-1.458958610770511,-5.090443194339955,-0.7674290166450715,8.97786475956025,6.240130727674343,0.7992633068704165,0.7874435875839927,231,465,0.093,0.40259999999999996,0.08920000000000002,0.08120000000000001,0,5,5,-1.458958610770511,1.8370760375311157,3.2960346483016267,-3.2960346483016267,3143,22,discounted_lints,corr,z72_a0p5_corr_pruned_top10,72
5,0.34769658862270136,-0.9721708560325393,-6.1802403952541995,11.28690105981256,10.079470987315531,6.849925710238912,0.9138340760195893,0.931787995978919,466,935,93.2,0.0935,0.4395055059571968,0.36449999999999994,0.417,0.10310000000000001,0.08399999999999999,5,5,2,True,True,2.6326067113088336,0.3041362904221634,-2.5326538120651776,12.872055833911865,4.63432507798589,3.680559099054024,1.0067558071640637,1.240455124665543,218,436,0.0872,0.44700000000000006,0.11100000000000002,0.06699999999999999,3,5,5,-2.2513561627800827,-2.095728798918417,-3.742367804039537,-1.272437203147092,8.105023115357868,5.8870189406840385,0.7905393639417831,0.7609581570043491,248,499,0.0998,0.38700000000000007,0.09519999999999999,0.101,0,5,5,-2.095728798918417,0.3041362904221634,2.3998650893405804,-2.3998650893405804,3144,22,discounted_lints,corr,z72_a0p5_corr_pruned_top10,72
5,-0.39238405402991744,-1.6699320905151138,-3.4368008087740654,6.238189456636967,8.82955229978688,6.6861021399323235,0.8586557093611973,0.9135041164292931,443,889,88.6,0.0889,0.4318808333024241,0.3649,0.4136,0.10110000000000001,0.07880000000000001,5,5,1,True,True,2.2495560269720105,1.1376742234688653,-0.39303010486932966,8.424027487147745,5.890042116126848,3.6778992116095184,1.1365351733681426,1.1550531334713061,212,424,0.0848,0.44559999999999994,0.11000000000000001,0.06539999999999999,4,5,5,-2.5780901472329747,-2.0160088876701066,-4.960809490043861,-0.10867413678451454,7.791808388319876,5.9512398674453655,0.7431407874203054,0.758027925582509,231,465,0.093,0.38160000000000005,0.09220000000000002,0.0922,0,5,5,-2.0160088876701066,1.1376742234688653,3.153683111138972,-3.153683111138972,3145,22,discounted_lints,corr,z72_a0p5_corr_pruned_top10,72
5,1.2652690849299453,-1.2072592088147704,-1.7736836085428198,10.994576983052351,11.056822584775261,7.30598660851683,0.8716545033743242,0.9505976817361445,409,821,81.8,0.08209999999999999,0.46102277956786814,0.39180000000000004,0.43310000000000004,0.09690000000000001,0.0656,5,5,1,True,True,3.576261536158578,0.7872368913221184,-0.016810250177801134,13.721305834617414,4.223225900984162,3.686440555978625,1.0967110265031177,1.3416745100449308,194,390,0.07799999999999999,0.46240000000000003,0.0998,0.054200000000000005,4,5,5,-2.2052866505659097,-2.105129481908252,-3.5658511801407333,-1.2335951814199442,8.485516986867204,6.791725488935219,0.7230602105055906,0.7514163347140473,215,431,0.08619999999999998,0.40380000000000005,0.094,0.07700000000000001,0,5,5,-2.105129481908252,0.7872368913221184,2.8923663732303706,-2.8923663732303706,3146,22,discounted_lints,corr,z72_a0p5_corr_pruned_top10,72
5,1.1670028812595867,-1.0607689297595146,-3.6269678655768023,13.850275033531911,8.549749966763699,6.586725208229858,0.8993784474774887,0.9292191906472649,424,852,84.8,0.08520000000000001,0.42750988659814115,0.38249999999999995,0.4234,0.10270000000000001,0.07039999999999999,5,5,1,True,True,3.1331694737621074,1.4344539494109965,-1.831469942281172,13.791975496981213,4.10975810499038,3.4518449297618785,1.0877862947156254,1.252025839190783,196,393,0.07859999999999999,0.4506,0.10980000000000001,0.054000000000000006,3,5,5,-1.9431971428774464,-1.8008327400501178,-3.8875131648019257,0.051233433900810255,8.386992678601956,5.876702395430744,0.765958670095875,0.783978332047994,228,459,0.09179999999999999,0.3962,0.0956,0.0868,1,5,5,-1.8008327400501178,1.4344539494109965,3.2352866894611143,-3.2352866894611143,3142,23,discounted_lints,corr,z72_a0p5_corr_pruned_top10,72
5,1.4868366133084177,-1.0486437751280664,-4.1953136857493245,12.825297497119426,10.292730572906583,6.717878535514596,0.8812954303222997,0.9508442940248717,428,860,85.6,0.08600000000000001,0.44432820869467726,0.3774,0.4263,0.09540000000000001,0.0741,5,5,2,True,True,3.214998904948996,0.29682117318261536,-1.823304756794486,13.517941939562817,4.8692117823620045,3.629158497538158,1.0025945895614616,1.2210781160044668,197,395,0.07899999999999999,0.4534000000000001,0.0938,0.05960000000000001,3,5,5,-1.686332822498271,-1.3414831423096407,-3.108485573048836,-0.610162966848149,7.717314744224657,6.00046363038801,0.797518240785258,0.827942058695824,231,465,0.093,0.3992,0.097,0.0886,0,5,5,-1.3414831423096407,0.29682117318261536,1.638304315492256,-1.638304315492256,3143,23,discounted_lints,corr,z72_a0p5_corr_pruned_top10,72
5,2.8484806730519208,-0.3832923020810952,-1.8323155032425986,15.259192285615875,8.617235520731203,6.165352878093641,0.9001375520695143,1.0386216145261455,401,805,80.2,0.0805,0.491675682282943,0.3883,0.4274,0.0991,0.06499999999999999,5,5,2,True,True,3.391386420450851,0.12016778024814823,-0.7515127959512591,14.10678770817675,4.9493540083578536,4.015193706020601,0.9739716516090982,1.3193954700441137,190,381,0.0762,0.4588,0.1044,0.0546,3,5,5,-0.5541674895663196,-0.8500561414963026,-1.9501398437287931,1.0099351673857893,6.91153662416879,5.5489768431009034,0.9687285088422668,0.917856032572829,211,424,0.08480000000000001,0.396,0.09380000000000002,0.0754,2,5,5,-0.8500561414963026,0.12016778024814823,0.9702239217444508,-0.9702239217444508,3144,23,discounted_lints,corr,z72_a0p5_corr_pruned_top10,72
5,1.1167020325664812,-0.07582535086902986,-3.4647978039510807,10.31628801780311,8.288653505818022,6.4604936440562195,0.9251560542501007,0.9411309753838824,410,824,82.0,0.0824,0.4683357470534915,0.39390000000000003,0.43190000000000006,0.0991,0.0659,5,5,2,True,True,3.1152908095434655,1.8584052421886987,-0.783656456909354,12.868753411215007,3.915292372752932,3.3017205003073746,1.1448710914535332,1.2265718598877893,199,399,0.07980000000000001,0.45899999999999996,0.0998,0.0602,3,5,5,-1.9228016200028786,-2.2335884910425596,-2.9073813887914524,-0.6273530240736847,7.5274114749408705,5.841004085404835,0.7618846149052477,0.817986853644111,211,425,0.085,0.4048,0.0984,0.07160000000000001,0,5,5,-2.2335884910425596,1.8584052421886987,4.091993733231258,-4.091993733231258,3145,23,discounted_lints,corr,z72_a0p5_corr_pruned_top10,72
5,2.0970878032182028,0.32602952101998817,-2.8810386326048376,8.90112667105547,8.504336215261876,7.048709826814772,0.944056773760409,1.0023567671758529,409,821,81.8,0.0821,0.46695695344479854,0.3821,0.4237,0.09970000000000001,0.06789999999999999,5,5,4,True,True,3.3589518201376762,2.262957191812398,-1.8671554922224387,10.053240734421575,4.322973380002971,3.1861320068146908,1.4258544475464463,1.3592184043763154,190,381,0.07619999999999999,0.44939999999999997,0.1052,0.0538,4,5,5,-1.2195022265823652,-1.0468697293034346,-1.8940657731610022,-0.34882432753799986,8.504336215261876,6.1231531622353685,0.8337227992956414,0.8485708018885765,219,440,0.08800000000000001,0.398,0.09419999999999999,0.082,0,5,5,-1.0468697293034346,2.262957191812398,3.3098269211158327,-3.3098269211158327,3146,23,discounted_lints,corr,z72_a0p5_corr_pruned_top10,72
5,2.3848823556390686,-1.5152750951701766,-3.923381694445338,16.173222103629836,9.056789920079778,6.328380754916962,0.8312913952274802,1.001400801796115,425,853,85.0,0.08530000000000001,0.4606304990570046,0.3853,0.42569999999999997,0.1058,0.0722,5,5,2,True,True,3.8135063042887496,1.707415023447667,-0.8841701096764631,14.152704581035213,4.148456709358294,3.3162018438746754,1.1641489532683382,1.3072980572795558,205,411,0.0822,0.454,0.11320000000000001,0.06739999999999999,3,5,5,-1.4553310274244335,-0.6517591727745353,-3.8960290264888453,1.770012835009327,9.056789920079778,5.702771718846675,0.9253943056694814,0.8612961534494772,220,442,0.0884,0.39740000000000003,0.0984,0.077,1,5,5,-0.6517591727745353,1.707415023447667,2.3591741962222024,-2.3591741962222024,3142,24,discounted_lints,corr,z72_a0p5_corr_pruned_top10,72
5,2.5311688941190535,1.2910850695964315,-3.7291806501652425,12.938137849910536,9.329673641772862,6.550614207557457,1.0164606775076,1.0202456900980055,412,828,82.4,0.0828,0.4676231134594307,0.388,0.4203,0.10229999999999999,0.0676,5,5,3,True,True,4.444893015914664,2.9482900314408145,0.04700360022720229,14.005831103834954,4.333532364774606,3.0552210292474613,1.3818083106438326,1.4366800115712686,194,389,0.07780000000000001,0.4452,0.11000000000000001,0.0568,5,5,5,-1.8545304915617966,-1.6097450101776878,-3.7744101417384934,-0.9365251264665475,8.508331297734816,6.004399534360469,0.8474037516878998,0.7872547204946155,218,439,0.08779999999999999,0.39540000000000003,0.09459999999999999,0.0784,0,5,5,-1.6097450101776878,2.9482900314408145,4.558035041618503,-4.558035041618503,3143,24,discounted_lints,corr,z72_a0p5_corr_pruned_top10,72
5,0.46904281155254457,-1.852588922338294,-4.758822877288393,13.496001042534989,9.471943928711834,6.989313390322968,0.8880629150862912,0.9305196266466995,419,842,83.8,0.08420000000000001,0.44828107500614456,0.3801,0.4243,0.10129999999999999,0.06989999999999999,5,5,1,True,True,3.0970818738514345,0.928985269381366,-0.9986627449952934,13.702184850064047,4.765135802489007,3.668034421771047,1.040071953071711,1.218743202339681,193,387,0.0774,0.4606,0.1022,0.055600000000000004,3,5,5,-2.607362180568562,-3.366525651460184,-4.475050621487098,-0.181336715561764,8.392700005382325,6.3007841526863775,0.7055595287760853,0.7550676596877646,226,455,0.091,0.388,0.1004,0.0842,0,5,5,-3.366525651460184,0.928985269381366,4.29551092084155,-4.29551092084155,3144,24,discounted_lints,corr,z72_a0p5_corr_pruned_top10,72
5,0.23906896609018774,-2.2915435405163387,-3.38349031693701,8.912838321971538,9.10002103564025,6.867522498879015,0.7994938859478578,0.895094429948913,423,850,84.6,0.085,0.43763371041429167,0.38070000000000004,0.42939999999999995,0.10469999999999999,0.06860000000000001,5,5,2,True,True,1.8618443388997274,0.017817904850003785,-1.7532620018171907,9.80429140929111,5.085046818083638,3.9953386868759404,0.9621701803506141,1.0526478498640042,201,403,0.08059999999999999,0.45099999999999996,0.11760000000000001,0.05619999999999999,3,5,5,-1.6020561702081104,-1.651042732743313,-2.308950038845392,-0.8118563271782397,7.860599587069372,6.043454963650224,0.8351895184925434,0.8035163756648241,222,447,0.0894,0.40780000000000005,0.09179999999999999,0.08099999999999999,0,5,5,-1.651042732743313,0.017817904850003785,1.6688606375933168,-1.6688606375933168,3145,24,discounted_lints,corr,z72_a0p5_corr_pruned_top10,72
5,1.6712746329210493,1.421520312199509,-2.6146386677959432,9.902125835105124,7.649900416615429,6.216476399295492,1.008887323494537,0.959561065136936,408,819,81.6,0.0819,0.45835721991061795,0.3981,0.4263,0.1032,0.057600000000000005,5,5,3,True,True,3.874684516973832,1.5345879022532705,-0.27004168370750037,14.10291241598227,4.183863688135969,3.2581530807435777,1.1291844753937856,1.4650262650831234,186,374,0.07479999999999999,0.45940000000000003,0.1032,0.0448,4,5,5,-2.0700989970633654,-2.181482859669559,-3.648971169594828,0.05115817092302688,7.506216053272752,5.728735440975363,0.8003383906493368,0.7546635647659332,222,445,0.089,0.39320000000000005,0.1032,0.07039999999999999,1,5,5,-2.181482859669559,1.5345879022532705,3.7160707619228295,-3.7160707619228295,3146,24,discounted_lints,corr,z72_a0p5_corr_pruned_top10,72
5,1.2928226259097042,-1.7776166562429307,-2.4812454625829927,9.212250661644283,8.484067139338691,6.5689795101028405,0.8501536380350475,0.9372914208298437,448,899,89.6,0.08990000000000001,0.45015626591968394,0.37970000000000004,0.4224,0.094,0.08109999999999999,5,5,2,True,True,2.721928618133378,1.0436625291133428,-1.113988893832385,11.602526985512629,4.917867122816366,3.673039234476782,1.0503540132817426,1.1071174496838716,211,423,0.08460000000000001,0.45359999999999995,0.1024,0.067,3,5,5,-1.3761278579461833,-2.120210286976132,-2.792138680190237,1.0394686011709453,7.673300103165359,6.024057817214703,0.7684035789722908,0.856633067328904,237,476,0.09519999999999999,0.3912,0.08560000000000001,0.09519999999999999,1,5,5,-2.120210286976132,1.0436625291133428,3.1638728160894747,-3.1638728160894747,3142,25,discounted_lints,corr,z72_a0p5_corr_pruned_top10,72
5,0.3036293333765162,-1.8786400281350146,-4.971071434087115,10.223433232328905,8.78484646742984,6.384746825010203,0.8301636150842734,0.8980466816546849,447,897,89.4,0.0897,0.45254071439896715,0.3792,0.42250000000000004,0.10029999999999999,0.076,5,5,2,True,True,2.150731751028754,-0.9617576683426776,-2.2398382570130493,11.00173810385996,5.23362926721701,4.121315944834472,0.8129219694934605,1.1315974127301327,206,413,0.08259999999999999,0.4600000000000001,0.0982,0.057199999999999994,2,5,5,-1.810935567468544,-0.7371707894304969,-4.048248102301855,-0.46285445486996535,7.66232854206812,5.627584762949891,0.8733052834987445,0.8359437274351154,241,484,0.0968,0.385,0.1024,0.0948,0,5,5,-0.9617576683426776,-0.7371707894304969,0.22458687891218077,0.22458687891218077,3143,25,discounted_lints,corr,z72_a0p5_corr_pruned_top10,72
5,0.7885321169369128,-0.8407766188910148,-7.1497633821948074,12.449105988618147,10.338649149870417,7.26448644695841,0.8820591866683909,0.9295656484617,442,887,88.4,0.0887,0.4668414585604762,0.3774,0.4284,0.09459999999999999,0.0786,5,5,2,True,True,3.055702800313238,2.621231372459154,-3.0958952504340664,12.22660889537639,4.645980219967949,3.408958627110313,1.310814106443605,1.190444458670155,204,409,0.0818,0.45600000000000007,0.10200000000000001,0.0664,3,5,5,-2.2534464105465006,-2.788626877133926,-4.1833812326498965,0.1982569868516526,8.655860528653692,6.413727875679918,0.7715136388455497,0.7874703156686701,238,478,0.09559999999999999,0.4008,0.0872,0.09079999999999999,1,5,5,-2.788626877133926,2.621231372459154,5.40985824959308,-5.40985824959308,3144,25,discounted_lints,corr,z72_a0p5_corr_pruned_top10,72
5,2.435552623303334,0.35216405747284796,-2.981725318273931,12.391748125008473,9.916944667061134,5.976054346744184,0.956406729173318,0.9918074055797017,459,921,91.8,0.0921,0.46467552145570307,0.37829999999999997,0.434,0.0905,0.08499999999999999,5,5,3,True,True,2.895197827153644,0.43646384567346264,-1.54167318185352,12.260035992540598,3.9189691861012066,3.3803516554310997,0.9908164210240709,1.1900166433219455,221,443,0.0886,0.4646,0.1006,0.0732,3,5,5,-0.4543945941569283,-0.10198145124599156,-1.431823184680281,0.11732771266581565,7.590849121858967,5.290645349425018,0.923977695916209,0.9144657074234022,238,478,0.09559999999999999,0.4034,0.0804,0.0968,1,5,5,-0.10198145124599156,0.43646384567346264,0.5384452969194542,-0.5384452969194542,3145,25,discounted_lints,corr,z72_a0p5_corr_pruned_top10,72
5,-0.5898836432598724,-2.7926196183311713,-4.684892257955053,9.734010066679332,9.658557725534521,6.76625794254726,0.8143889243026244,0.8665851142328782,449,902,89.8,0.09020000000000002,0.42001393021803,0.3729,0.42200000000000004,0.09490000000000001,0.08159999999999999,5,5,1,True,True,2.097973193107827,-1.0588262985402386,-1.4187158161682478,10.869068555520478,5.271719493825023,3.9782478225403217,0.8224829917295731,1.096562957138582,214,429,0.0858,0.44860000000000005,0.101,0.0698,2,5,5,-2.638412312333755,-2.44886934576497,-5.801157331802919,-0.6050709874461102,7.325790196223892,5.874406268725126,0.740132962556559,0.7710094514143802,235,473,0.09459999999999999,0.3954,0.08880000000000002,0.0934,0,5,5,-2.44886934576497,-1.0588262985402386,1.3900430472247316,-1.3900430472247316,3146,25,discounted_lints,corr,z72_a0p5_corr_pruned_top10,72
5,1.343307579277899,0.9015955382647212,-4.293103599155534,11.870898283394403,7.79448254964602,6.628879159694783,1.0307513321567217,0.9357556663591622,427,857,85.4,0.0857,0.4509155469715478,0.382,0.4277,0.0986,0.06949999999999999,5,5,3,True,True,3.3875410598004807,2.0133144848995643,-1.3283931794310089,13.582859005786219,3.709493426410193,3.326416402606957,1.1607094182430044,1.2480609279746153,205,411,0.0822,0.46299999999999997,0.1,0.0632,3,5,5,-1.9994498221418477,-1.5072351034099207,-3.984233471592191,-0.5904503046071596,7.5851056323530175,5.988242631905624,0.7981745802406391,0.7533075077189001,222,446,0.08920000000000002,0.3924,0.0972,0.0758,0,5,5,-1.5072351034099207,2.0133144848995643,3.520549588309485,-3.520549588309485,3142,26,discounted_lints,corr,z72_a0p5_corr_pruned_top10,72
5,0.11222651987774057,-1.2060174854421901,-4.634232508105995,11.227294467629223,9.281189011504765,6.82517802383249,0.8627200501414879,0.9135737572506557,440,884,88.0,0.0884,0.4556294376362435,0.37720000000000004,0.4225999999999999,0.0939,0.0775,5,5,1,True,True,2.265087254722322,-0.019275025400533607,-1.4056126614012898,11.105244195254116,4.716066910411332,3.809391843642449,0.8487213892781923,1.1370315849636685,208,417,0.0834,0.4474,0.097,0.0668,2,5,5,-2.1454666504198916,-2.9075047841735313,-3.4984557619308965,0.10985104551917146,8.115901932788283,5.92020409015417,0.7289937149313296,0.7851179809904492,232,467,0.0934,0.39780000000000004,0.09079999999999999,0.0882,1,5,5,-2.9075047841735313,-0.019275025400533607,2.8882297587729977,-2.8882297587729977,3143,26,discounted_lints,corr,z72_a0p5_corr_pruned_top10,72
5,0.8514527656087312,0.9068039868025624,-3.8966802861880034,6.355853730769434,11.354511809160217,7.260208830531276,1.109776372223326,0.9945869345846996,402,807,80.4,0.08070000000000001,0.467635233136802,0.384,0.4237,0.095,0.0673,5,5,3,True,True,3.337663410038254,3.3108911405207886,-0.5337645723555662,9.111343524309067,4.409798339691518,3.193787484368758,1.3224096926941762,1.3066182518756366,190,381,0.0762,0.44699999999999995,0.10540000000000001,0.0568,4,5,5,-2.3980125984453915,-2.525392598548415,-5.681704459881109,-0.1956119974674264,9.065536658163243,6.7235820491553255,0.7108112962057505,0.8205528858308788,212,426,0.0852,0.40040000000000003,0.0846,0.07780000000000001,0,5,5,-2.525392598548415,3.3108911405207886,5.836283739069204,-5.836283739069204,3144,26,discounted_lints,corr,z72_a0p5_corr_pruned_top10,72
5,1.1195086371267848,-0.5449176265188149,-3.268130047521056,9.171976517925629,7.857045016295849,6.225305525637433,0.9504982025645278,0.9881076799585375,413,829,82.6,0.0829,0.48662337662337657,0.3798,0.4241,0.0979,0.0708,5,5,2,True,True,2.4069386193690034,0.8074751227403976,0.024715453198331794,9.200421857770014,5.846480725345127,3.570386830109,1.0526083352318076,1.1741189388551962,189,379,0.0758,0.4462,0.10400000000000001,0.05600000000000001,5,5,5,-1.275299359786486,-0.5389061609372803,-3.417015551607072,-0.026048745380713445,7.010840172194621,5.5448219651733694,0.9555384620605585,0.8780703931114402,224,450,0.09000000000000001,0.402,0.09179999999999999,0.08560000000000001,0,5,5,-0.5389061609372803,0.8074751227403976,1.3463812836776778,-1.3463812836776778,3145,26,discounted_lints,corr,z72_a0p5_corr_pruned_top10,72
5,-0.34447077237384816,-1.8888281279943353,-4.617466073601162,7.709179903279217,9.391091995650536,7.2184673145356655,0.88263659746096,0.8987202064118271,429,862,85.8,0.08620000000000001,0.4421320919220079,0.3814,0.4265,0.09219999999999999,0.0735,5,5,1,True,True,2.4037864599486802,0.13621225400421988,-1.5997085803510558,11.797071459073273,5.6313677432393465,3.7312087193622716,0.9853316484337862,1.0961660730323204,198,397,0.0794,0.45640000000000003,0.099,0.055600000000000004,4,5,5,-2.6539635751563218,-3.0668176381513312,-3.6565282993934023,-0.4635975362044742,8.828881163706226,6.5736537295510775,0.7226753269539868,0.780779516299831,231,465,0.093,0.3966,0.0854,0.0914,0,5,5,-3.0668176381513312,0.13621225400421988,3.203029892155551,-3.203029892155551,3146,26,discounted_lints,corr,z72_a0p5_corr_pruned_top10,72
5,0.5083338461915197,-1.6609213907499032,-3.5729260554896336,10.899112263775645,9.716133524908566,6.219470443034168,0.8772947431524108,0.9214647780238359,418,841,83.6,0.08410000000000001,0.4652915144148192,0.38570000000000004,0.42190000000000005,0.09319999999999999,0.072,5,5,1,True,True,2.829199710938859,1.4407350223772708,-1.1662692124469243,12.643395435034833,4.638860635389797,3.7841767547899052,1.0616912220742347,1.1273171541047848,196,393,0.0786,0.44699999999999995,0.09440000000000001,0.05800000000000001,3,5,5,-2.2530300997056485,-2.5246120951083584,-4.149595555200536,0.01516175825508892,7.120849167747223,5.252392884512796,0.6763295837489316,0.8068874166600899,222,448,0.08960000000000001,0.39680000000000004,0.092,0.08600000000000001,1,5,5,-2.5246120951083584,1.4407350223772708,3.965347117485629,-3.965347117485629,3142,27,discounted_lints,corr,z72_a0p5_corr_pruned_top10,72
5,0.26304167984867455,0.7430478867982204,-5.887816570054882,6.504736776223274,8.388061978910866,6.471801715339569,1.0700646309587658,0.954355754863986,405,815,81.0,0.0815,0.4451681830714088,0.3862,0.4242,0.0914,0.06739999999999999,5,5,3,True,True,2.4673770832569626,1.2841786471662786,-1.2963063890877424,8.99057077755636,6.131746123831028,3.635015603928724,1.329874494609619,1.2338450980261002,193,386,0.07719999999999999,0.45620000000000005,0.1,0.056400000000000006,3,5,5,-2.1532644741618023,-1.5111242017561866,-5.8852646091856915,-0.5342697819105013,7.857083396724407,5.735903901680982,0.8806257195048316,0.776253979696304,212,429,0.08580000000000002,0.3922,0.08280000000000001,0.0784,0,5,5,-1.5111242017561866,1.2841786471662786,2.795302848922465,-2.795302848922465,3143,27,discounted_lints,corr,z72_a0p5_corr_pruned_top10,72
5,1.545686327619611,0.6073116485637575,-5.669209682881348,13.01838831198432,9.819213534770356,6.530411636255738,1.0886072397781255,1.0317941307389873,436,877,87.2,0.08769999999999999,0.47541196205297365,0.37679999999999997,0.42000000000000004,0.09069999999999998,0.0763,5,5,3,True,True,3.043094577798393,0.7246717404736591,-2.2421635422024244,14.803800537928513,6.292765143214463,4.010506702431707,1.1255262850463776,1.4348799926249995,203,407,0.0814,0.4582,0.09459999999999999,0.0602,3,5,5,-1.4805637558468399,-1.5202254989473252,-4.267993454408003,2.007564422991992,8.653370405607951,5.68814316815172,0.7026873191546773,0.83868580400177,233,470,0.094,0.38180000000000003,0.08680000000000002,0.09240000000000001,1,5,5,-1.5202254989473252,0.7246717404736591,2.2448972394209843,-2.2448972394209843,3144,27,discounted_lints,corr,z72_a0p5_corr_pruned_top10,72
5,-1.2748672642697345,-2.6008774165504733,-3.745915469570771,6.219177816509958,9.906385143691733,7.168639857094917,0.7708955411237318,0.8365727235667452,456,916,91.2,0.09159999999999999,0.4406657606175505,0.3652,0.41,0.0951,0.08270000000000001,5,5,1,True,True,1.4707985711703064,0.1554249966934096,-1.9258851598464077,8.162041939438435,5.500505375544062,4.032795207781179,0.97827665748729,1.0579270505114096,209,418,0.0836,0.4422,0.1028,0.0668,4,5,5,-2.7156236273580747,-2.6054345375903454,-3.8952862177889847,-1.7962531846581808,8.023070991576475,6.24888437163665,0.7175875888429615,0.6847360629484444,247,498,0.0996,0.3778,0.0874,0.0986,0,5,5,-2.6054345375903454,0.1554249966934096,2.760859534283755,-2.760859534283755,3145,27,discounted_lints,corr,z72_a0p5_corr_pruned_top10,72
5,0.0007804135534493995,-0.256420126538226,-4.793358499418554,7.9537928783683265,11.649624152637017,6.846520388714242,0.9333544023032332,0.905702600010289,422,847,84.4,0.0847,0.464459184181864,0.38530000000000003,0.42750000000000005,0.0863,0.0737,5,5,2,True,True,2.732843088665473,0.1306380723291367,-0.24759824716676926,11.323811649480685,5.413526958259873,3.8479884797604136,0.9869139049093785,1.2210812798112065,195,391,0.07819999999999999,0.45999999999999996,0.0922,0.0598,3,5,5,-2.625776300736513,-3.0272218685103547,-5.589488604194004,0.4006225811493902,9.228202440504097,6.322145501718407,0.6838003573787439,0.781324405372885,227,456,0.09120000000000002,0.395,0.0804,0.0876,2,5,5,-3.0272218685103547,0.1306380723291367,3.1578599408394914,-3.1578599408394914,3146,27,discounted_lints,corr,z72_a0p5_corr_pruned_top10,72
5,0.1363579381061971,-1.6713780367813125,-5.626819113064552,12.958829151082485,10.19220546347147,6.872596983948645,0.8561217719767333,0.9143430765455942,461,926,92.2,0.09259999999999999,0.4353975436328377,0.38360000000000005,0.4306,0.0819,0.0833,5,5,1,True,True,3.12833678213178,1.9648215451907536,-1.1427101147028051,13.508057399652085,4.722688238563489,3.980670050509596,1.1299595251012542,1.2216632905938973,214,428,0.0856,0.4666,0.0842,0.0698,3,5,5,-2.9485742378862745,-3.79162030105642,-6.050183735142333,0.11874170001431317,7.68051150802751,5.772007082872593,0.6266179780963042,0.7555195119750792,247,498,0.0996,0.39459999999999995,0.0796,0.0968,1,5,5,-3.79162030105642,1.9648215451907536,5.756441846247173,-5.756441846247173,3142,28,discounted_lints,corr,z72_a0p5_corr_pruned_top10,72
5,-0.055907465855342765,-0.9014288680839089,-4.056091023064024,5.996211176328026,8.51094758645422,6.283542622070826,0.9129284394903691,0.8874149378172504,447,896,89.4,0.0896,0.449853598039249,0.3807,0.42280000000000006,0.0848,0.0767,5,5,2,True,True,2.476186505882727,-0.5743388190561527,-0.9859093221571413,12.339533770977518,5.104543769527292,3.966804191612448,0.8639757614423921,1.2406628767773942,201,403,0.08059999999999999,0.45599999999999996,0.0892,0.0548,2,5,5,-2.37167502822067,-3.366154115851172,-5.61540813232374,0.995887309033705,7.850666323591393,5.416916240617589,0.6598436994350517,0.7923722793398162,246,493,0.0986,0.38960000000000006,0.0804,0.0986,2,5,5,-3.366154115851172,-0.5743388190561527,2.7918152967950194,-2.7918152967950194,3143,28,discounted_lints,corr,z72_a0p5_corr_pruned_top10,72
5,-1.5135941202809897,-1.5211815576757992,-4.620350218506841,2.8520087259460203,9.907877201359373,6.9756679839809435,0.83851554749141,0.8356731739491015,478,959,95.6,0.0959,0.4421432712807739,0.37140000000000006,0.4231,0.0839,0.0876,5,5,1,True,True,0.8853268539617541,-0.6997479125261608,-2.3508062429455467,7.8200020915189405,4.300414133669717,3.997019036830056,0.8353948361527026,0.9917878170609192,223,446,0.08919999999999999,0.4636,0.087,0.0688,2,5,5,-2.322605430751943,-3.3783193164265257,-4.607673223152064,1.3384335749743625,7.689171054832289,5.7991637344852816,0.6574127390102118,0.7481645097969142,255,513,0.1026,0.38260000000000005,0.0808,0.10640000000000001,1,5,5,-3.3783193164265257,-0.6997479125261608,2.678571403900365,-2.678571403900365,3144,28,discounted_lints,corr,z72_a0p5_corr_pruned_top10,72
5,-0.3915958985552841,-2.0715942790623276,-4.295669236366595,8.841957772355634,9.118840908355875,6.697190428110554,0.8120572650362402,0.8865932178310869,492,988,98.4,0.0988,0.44330596022280505,0.36160000000000003,0.4182,0.0853,0.09190000000000001,5,5,1,True,True,2.027427884810817,-0.43204615885883424,-0.7976562800295905,10.898327836341103,5.0768809908802615,3.6078781007960314,0.8858397793480194,1.1183402471868038,232,464,0.09280000000000001,0.45499999999999996,0.08780000000000002,0.0776,2,5,5,-2.3847135853899504,-1.8542841033817759,-3.88038814543894,-1.5269048866002666,7.5936295340210735,6.003714554039446,0.7566271848962752,0.7315119884395871,260,524,0.1048,0.3814,0.08280000000000001,0.1062,0,5,5,-1.8542841033817759,-0.43204615885883424,1.4222379445229416,-1.4222379445229416,3145,28,discounted_lints,corr,z72_a0p5_corr_pruned_top10,72
5,0.7731294346594499,-2.343387433163502,-2.8733602145386783,13.08754076940608,12.914062169189844,7.450735316288383,0.8453692116676892,0.9148831712092262,469,942,93.8,0.09419999999999999,0.4488121138950409,0.384,0.4349,0.0834,0.08230000000000001,5,5,1,True,True,2.768092396433306,0.6592674700420798,-1.0452932080468602,13.27367868190863,5.151446219426936,3.605110875631014,0.9976105447070727,1.1763791039780471,225,450,0.09,0.46099999999999997,0.08760000000000001,0.071,3,5,5,-1.9822159355766586,-1.8473775182167307,-3.618886895216389,-0.16432582985608235,9.434519230535232,6.559429329559589,0.7621216991017877,0.749791454780816,244,492,0.0984,0.4088,0.0792,0.09359999999999999,0,5,5,-1.8473775182167307,0.6592674700420798,2.5066449882588104,-2.5066449882588104,3146,28,discounted_lints,corr,z72_a0p5_corr_pruned_top10,72
5,-0.21435166292372188,-1.6048496870349593,-3.816851142793032,7.88796155671827,8.420572872957733,6.994222182055088,0.8404828548853663,0.8979150123554405,426,856,85.2,0.08560000000000001,0.4598359325293416,0.3796,0.4203,0.08220000000000001,0.0743,5,5,1,True,True,2.2060976594788406,0.6338675981554909,-1.3607445188806189,11.721491881705749,4.951679478299253,3.7699484598199122,1.0298684292966522,1.2105857626133907,194,389,0.0778,0.4526,0.08620000000000001,0.0558,3,5,5,-2.3356565412222556,-2.224616164142612,-3.431327545327212,-1.1079455676922256,8.380621109018149,6.12873364815871,0.7152413563917415,0.7686380805528884,232,467,0.09340000000000001,0.388,0.0782,0.09280000000000001,0,5,5,-2.224616164142612,0.6338675981554909,2.858483762298103,-2.858483762298103,3142,29,discounted_lints,corr,z72_a0p5_corr_pruned_top10,72
5,-0.2893046299081295,-2.4617476826045537,-5.619622932406387,11.430621023313092,9.397151635314405,7.233393890425772,0.7779191103890456,0.8654826166708235,435,874,87.0,0.08739999999999999,0.4319417724084321,0.3713,0.4183,0.0852,0.0776,5,5,1,True,True,2.5962661865671692,-0.24218985310848762,-1.1580539170874427,14.563435249018198,4.962791689156187,3.7648903360015473,0.9174605167728058,1.2222674546301904,206,412,0.0824,0.45039999999999997,0.09319999999999999,0.0622,2,5,5,-2.817892334244103,-2.7345672892014172,-4.51384173635796,-1.60359530290064,8.764600517777799,6.36903828845661,0.6918036987805547,0.6851319340187517,229,462,0.0924,0.3862,0.0772,0.093,0,5,5,-2.7345672892014172,-0.24218985310848762,2.4923774360929296,-2.4923774360929296,3143,29,discounted_lints,corr,z72_a0p5_corr_pruned_top10,72
5,-2.1206417624418727,-2.603792277487871,-6.1840402635420455,5.057508869252358,10.453191138037631,7.8026244814611685,0.7639782537854136,0.8028658962384692,449,901,89.8,0.0901,0.43390348418321245,0.36339999999999995,0.40750000000000003,0.08879999999999999,0.08070000000000001,5,5,1,True,True,1.1897855746616592,0.3792889116088327,-2.6810353360944283,7.764231067790761,4.943137913097296,3.981315451580314,1.030634091942732,1.04370192269322,206,412,0.0824,0.44560000000000005,0.0974,0.0596,3,5,5,-3.2625235574120497,-2.511707429931642,-6.538529258690362,-1.2410513003977774,10.097251347762759,6.567673381192127,0.7253699067958276,0.6789566633997257,243,489,0.0978,0.3694,0.08020000000000001,0.1018,0,5,5,-2.511707429931642,0.3792889116088327,2.890996341540475,-2.890996341540475,3144,29,discounted_lints,corr,z72_a0p5_corr_pruned_top10,72
5,-1.0970493077576449,-1.864935165125714,-7.596207405236388,6.696166795753555,9.479316612949052,7.0969760806575355,0.8143984672906275,0.85788577212653,450,904,90.0,0.0904,0.44336979886027106,0.36939999999999995,0.422,0.08580000000000002,0.0834,5,5,1,True,True,1.5551999546807194,0.29761834528376774,-1.2131187851061709,7.631637832439764,5.587495865664726,4.053181620719853,1.020505832029432,1.0813543243102486,228,456,0.09119999999999999,0.4513999999999999,0.0954,0.07819999999999999,3,5,5,-2.6461174962942,-2.156136452776669,-6.589787263845281,-0.8691413189703012,8.493406441786044,6.123195349540436,0.7564340314193296,0.6891044280572249,222,448,0.08959999999999999,0.3926,0.0762,0.0886,0,5,5,-2.156136452776669,0.29761834528376774,2.453754798060437,-2.453754798060437,3145,29,discounted_lints,corr,z72_a0p5_corr_pruned_top10,72
5,0.7926308296273922,0.047849824725010315,-5.788749570139573,10.033574185749728,9.93426298742779,6.450854517830294,0.9425950941126897,1.0202825257077548,439,882,87.8,0.08820000000000001,0.4837327512584063,0.384,0.4351,0.0828,0.0757,5,5,3,True,True,2.564120723940289,0.8510270395572617,-0.9690398865997429,10.592398893186306,4.352903113585949,3.512606583275688,1.0464582052855538,1.1688663727070048,208,417,0.0834,0.4668,0.08680000000000002,0.06460000000000002,4,5,5,-1.7495226734327638,-0.5053011898008664,-4.866871610676881,1.3034459281354938,9.052949795257948,5.795865120481733,0.8923734437088994,0.9508153892679843,231,465,0.093,0.4034,0.07880000000000001,0.0868,1,5,5,-0.5053011898008664,0.8510270395572617,1.356328229358128,-1.356328229358128,3146,29,discounted_lints,corr,z72_a0p5_corr_pruned_top10,72
5,-0.2370288083443331,-2.707094261956944,-4.642763010130036,8.126892915462713,11.214743082432621,7.428955202610739,0.8203340487417436,0.8696005089132554,481,966,96.2,0.09659999999999999,0.43589096562622964,0.367,0.4255999999999999,0.0743,0.0905,5,5,2,True,True,2.8936485362958786,0.2794741372041498,-1.6983731158034532,11.265163248358267,5.799056681231807,4.010491184123273,1.0001021023289018,1.136902628063664,234,468,0.09359999999999999,0.46240000000000003,0.07880000000000001,0.07619999999999999,4,5,5,-3.0365823593468044,-2.9218817398742103,-4.908519105913434,-1.0966440798914512,8.580780304256042,6.626814291353654,0.7084626156780637,0.6849507888528188,247,498,0.0996,0.3888,0.0698,0.10479999999999998,0,5,5,-2.9218817398742103,0.2794741372041498,3.20135587707836,-3.20135587707836,3142,30,discounted_lints,corr,z72_a0p5_corr_pruned_top10,72
5,-1.7753537136112825,-2.9660700836296905,-4.762385101399868,4.081549222989755,12.411702789759838,8.153558610265696,0.776808087749866,0.8236820192363059,532,1068,106.4,0.1068,0.4441179442972823,0.34550000000000003,0.4077,0.0785,0.1085,5,5,1,True,True,2.402052957902858,0.7053059631504599,-0.6862806211056283,10.427818090532037,4.492174600908383,3.198591466609957,1.0350276383909187,1.1280864191875912,252,504,0.1008,0.44400000000000006,0.0822,0.09079999999999999,3,5,5,-4.033625951079474,-2.87740037298273,-6.57105217456575,-2.2955433315576257,10.015679952527112,7.532233007367575,0.6970964213610378,0.6337304140510945,280,564,0.11279999999999998,0.3714,0.0748,0.1262,0,5,5,-2.87740037298273,0.7053059631504599,3.58270633613319,-3.58270633613319,3143,30,discounted_lints,corr,z72_a0p5_corr_pruned_top10,72
5,-1.9335487891267333,-2.609573310121416,-5.93180028734902,6.299304505348213,10.494211073137905,8.127516829091944,0.8187003044310572,0.821788320350134,492,988,98.4,0.0988,0.43689091166828026,0.3579,0.41019999999999995,0.07680000000000001,0.09329999999999998,5,5,1,True,True,1.4835103343155098,-0.30896515813887415,-2.313479841045829,9.614247756428052,5.347439741273963,4.0304988644904665,0.9198357860902137,1.0436430477832457,229,459,0.09179999999999999,0.44700000000000006,0.081,0.072,2,5,5,-3.365277401831603,-3.4568855370360585,-5.640261572296435,-0.9983528278979636,9.455295247408845,7.469179090013218,0.6840255364852291,0.6877966462430949,263,529,0.1058,0.3734,0.0726,0.1146,0,5,5,-3.4568855370360585,-0.30896515813887415,3.1479203788971843,-3.1479203788971843,3144,30,discounted_lints,corr,z72_a0p5_corr_pruned_top10,72
5,0.17375754290647655,-0.989442712826416,-7.242781737515747,11.898570419885734,10.230412866940142,6.796097643677436,0.8862874004869077,0.9307761280919887,486,976,97.2,0.09759999999999999,0.4318318484988275,0.3747,0.4314,0.07650000000000001,0.0926,5,5,1,True,True,1.5662152353848713,-0.31629270468011006,-2.165554368687339,8.961820705393997,6.354404057355145,4.376397055109921,0.8195538010971533,1.0483681197778676,241,483,0.09659999999999999,0.4668,0.08180000000000001,0.0824,2,5,5,-1.4222092440256071,-0.6447322655032228,-5.983717010124612,2.695209840914825,9.623326091650974,5.575783580083384,1.0486377490993102,0.8879526339669768,245,493,0.0986,0.396,0.0712,0.1028,2,5,5,-0.6447322655032228,-0.31629270468011006,0.32843956082311276,-0.32843956082311276,3145,30,discounted_lints,corr,z72_a0p5_corr_pruned_top10,72
5,-0.2313818147122216,-0.5510911908173766,-5.718826258805354,8.072707515907096,9.953255740576317,7.221237402966179,0.9488810451209945,0.9028806219243416,480,965,96.0,0.0965,0.4635650681658402,0.37770000000000004,0.4286,0.077,0.09010000000000001,5,5,1,True,True,2.5965332123070173,0.2109031762296043,-0.6459273902269969,11.175256602782024,5.8580280643126486,4.023777860016193,1.0051835916447593,1.1465086639833828,233,467,0.0934,0.4624,0.08199999999999999,0.0798,3,5,5,-2.7416715735612813,-2.7906830905369717,-5.917249767330224,0.07510731767941259,9.808319306574486,6.3327371854891,0.7284337820080644,0.7806600617655896,247,498,0.0996,0.3948,0.072,0.1004,1,5,5,-2.7906830905369717,0.2109031762296043,3.001586266766576,-3.001586266766576,3146,30,discounted_lints,corr,z72_a0p5_corr_pruned_top10,72
5,0.8995122941513589,-2.0536053107118146,-5.698467614034241,13.646971882694192,11.337706330514607,6.592416637622485,0.8610889790154886,0.9355990476234052,437,879,87.4,0.0879,0.4560614583558699,0.3851,0.4335,0.09190000000000001,0.0777,5,5,2,True,True,3.251057248584206,1.1620398179400082,-0.6986157728741893,14.481772043781271,3.957534656372863,3.5710767794896237,1.0415943433156258,1.2915813803680556,204,410,0.08199999999999999,0.46419999999999995,0.09159999999999999,0.0656,3,5,5,-2.309233886732651,-1.4266132298809353,-5.035027336299969,-0.00509008881551809,8.302445392876157,5.8439280178262365,0.7787809933704108,0.7662578501340687,233,469,0.09380000000000001,0.40279999999999994,0.09220000000000002,0.08979999999999999,0,5,5,-1.4266132298809353,1.1620398179400082,2.5886530478209435,-2.5886530478209435,3142,31,discounted_lints,corr,z72_a0p5_corr_pruned_top10,72
5,1.5492205877320855,-1.5184341008128488,-5.058538889260655,15.601539487595861,10.022600762814582,6.643357537026996,0.8975127220892151,0.9675691543438898,429,861,85.8,0.0861,0.46309565554819054,0.3742,0.42119999999999996,0.08620000000000001,0.0728,5,5,2,True,True,3.861378454265747,2.179341987667982,-0.2715473426137205,12.950858844127765,3.7436399254801467,3.0893480256950063,1.1828435211357917,1.3237194921270787,200,401,0.0802,0.4508,0.0928,0.06439999999999999,4,5,5,-2.313015766457329,-1.8021286836037653,-5.612708140475087,2.346755633904518,8.983070096643274,5.923750429075556,0.7456229542698297,0.7500895234233039,229,460,0.092,0.39160000000000006,0.0796,0.08120000000000001,1,5,5,-1.8021286836037653,2.179341987667982,3.9814706712717474,-3.9814706712717474,3143,31,discounted_lints,corr,z72_a0p5_corr_pruned_top10,72
5,1.1957206473073587,-0.9784858903806426,-3.0349648407968832,11.419274482269536,7.7967450874857125,6.153392655568318,0.8747814781472067,0.9647693389337448,445,893,89.0,0.0893,0.46731374323810576,0.36920000000000003,0.4178,0.0883,0.07970000000000001,5,5,2,True,True,3.1497249671018412,0.39168738379877777,-0.554759462927179,13.018126328938573,4.6376188403330465,3.4386466658258596,0.9824025107044474,1.2409992704960282,206,413,0.08259999999999999,0.4548,0.097,0.06120000000000001,4,5,5,-1.8987029426203428,-1.88599457225066,-2.494041308035344,-1.2180719432883125,7.656395981676257,5.623114209132758,0.8080804439497805,0.7853911044448803,239,480,0.096,0.38079999999999997,0.0796,0.0982,0,5,5,-1.88599457225066,0.39168738379877777,2.2776819560494377,-2.2776819560494377,3144,31,discounted_lints,corr,z72_a0p5_corr_pruned_top10,72
5,1.9238981563198607,-1.2329840846362683,-3.174320994254476,15.591411346096894,9.686152762555011,6.023945143958544,0.8451065185855544,1.0449255819874206,396,796,79.2,0.0796,0.4584838503780871,0.40449999999999997,0.44899999999999995,0.08460000000000001,0.06689999999999999,5,5,2,True,True,3.0837503529979786,0.5859456000149699,-1.0799270906138747,15.473844219196199,6.46095870920308,4.0639664799617155,0.9683948236961243,1.4444947809691187,187,376,0.0752,0.48660000000000003,0.0878,0.057600000000000005,3,5,5,-1.1531694545501758,-1.5511338092977223,-2.1172587545089327,0.13736136299220547,7.394461918161877,5.565606975079918,0.8179859045646054,0.8911198663003328,209,420,0.084,0.4114,0.0814,0.0762,1,5,5,-1.5511338092977223,0.5859456000149699,2.137079409312692,-2.137079409312692,3145,31,discounted_lints,corr,z72_a0p5_corr_pruned_top10,72
5,1.0190799846527774,1.183777018057408,-4.953210584997425,10.521829543239502,9.320279949052491,6.573675877692213,1.062787099865384,1.0110275937983155,432,867,86.4,0.0867,0.46441589831790536,0.3751,0.42300000000000004,0.087,0.07970000000000001,5,5,3,True,True,3.0215289292650493,0.6342717500915196,-1.1560379516402652,12.539560902546576,4.935058368818579,3.5912798316874706,1.1299747153386692,1.2771411953560814,210,420,0.084,0.4572,0.0928,0.069,4,5,5,-1.9540996998557716,-1.7929085053515648,-5.133424369116069,0.5460418785863341,9.320279949052491,6.0252561549958195,0.7818707539494585,0.8657925496221409,222,447,0.08940000000000001,0.3887999999999999,0.08120000000000001,0.0904,1,5,5,-1.7929085053515648,0.6342717500915196,2.4271802554430844,-2.4271802554430844,3146,31,discounted_lints,corr,z72_a0p5_corr_pruned_top10,72
5,-0.8762779196367678,-0.9979762343758747,-8.58272748381439,8.93402611019547,11.782484026835016,7.637595971129246,0.90136777001088,0.8864116712309631,507,1018,101.4,0.1018,0.4400394389290686,0.3554,0.41590000000000005,0.08170000000000001,0.1026,5,5,1,True,True,1.5957330312070117,0.20513862912667769,-3.3074602122035057,8.256409075831295,4.878008180730042,3.799862778005825,0.958768460107485,1.0318985741228155,239,479,0.0958,0.45359999999999995,0.09019999999999999,0.0868,4,5,5,-2.495187163559998,-2.852645821501354,-5.455712801823287,0.6259371063098262,9.588432306561801,6.545065579617787,0.7880931450430366,0.7779021267709065,268,539,0.1078,0.3782,0.0732,0.11839999999999999,1,5,5,-2.852645821501354,0.20513862912667769,3.0577844506280316,-3.0577844506280316,3142,32,discounted_lints,corr,z72_a0p5_corr_pruned_top10,72
5,0.012722777709730338,-1.9948308830621597,-4.35422875341377,8.774301798649198,9.460575011723115,6.9479090322729276,0.7985610563817088,0.8806048516976412,515,1033,103.0,0.10329999999999999,0.43139503292955983,0.3636,0.4241,0.0794,0.1059,5,5,2,True,True,2.1641378525928356,-1.0917119429394218,-1.7735904433954452,11.29834297958534,4.612459710567562,3.689252578672652,0.8304612488129336,1.0215355480086445,249,499,0.0998,0.4598000000000001,0.0834,0.0978,2,5,5,-2.088216547945525,-2.267815596678835,-3.298527226143255,-0.19423883794327246,7.815811814087792,6.256188715788144,0.7727850493533529,0.840348294321848,266,534,0.1068,0.38839999999999997,0.0754,0.11399999999999999,0,5,5,-2.267815596678835,-1.0917119429394218,1.1761036537394132,-1.1761036537394132,3143,32,discounted_lints,corr,z72_a0p5_corr_pruned_top10,72
5,-1.3093952370149542,-1.8315722181438177,-9.17333735621061,7.50570217176405,10.77281353748376,7.51803670433268,0.8368250505250253,0.8352551645887993,471,945,94.2,0.0945,0.4130811073098809,0.3684,0.41690000000000005,0.0806,0.08869999999999999,5,5,1,True,True,1.8906215559846284,1.7383900850284295,-2.5489331264142545,9.567686672020193,5.623490781909313,4.0624582702135354,1.1275416165637413,1.0693374935747226,228,457,0.09140000000000001,0.45840000000000003,0.077,0.0802,3,5,5,-3.164070703105746,-3.424391404827587,-6.797672352206863,-0.10853575018379136,8.793470481866494,6.6442860310899245,0.7081847488507749,0.7307068595900177,243,488,0.09759999999999999,0.37539999999999996,0.08420000000000001,0.0972,0,5,5,-3.424391404827587,1.7383900850284295,5.162781489856016,-5.162781489856016,3144,32,discounted_lints,corr,z72_a0p5_corr_pruned_top10,72
5,1.708002224795979,3.1782543459571544,-7.734731433613118,11.193781589124008,10.516595721853683,6.530635474403813,1.1168218100618328,0.9917403850997177,464,931,92.8,0.0931,0.43881373611932445,0.3627,0.41459999999999997,0.07849999999999999,0.088,5,5,3,True,True,2.5587760768161205,2.9160825741163743,-1.9608076254879259,9.848288343928013,4.474783770929703,3.4581309596776095,1.251709220715799,1.1611864687729958,225,451,0.0902,0.4508,0.0856,0.0796,3,5,5,-0.8873999759149488,0.4093842621095689,-5.889403684669969,1.2248650074394796,9.058861900041638,5.648131271327232,1.0268665280320135,0.9902549435032002,239,480,0.096,0.37839999999999996,0.07139999999999999,0.0964,3,5,5,0.4093842621095689,2.9160825741163743,2.5066983120068054,-2.5066983120068054,3145,32,discounted_lints,corr,z72_a0p5_corr_pruned_top10,72
5,1.4668305280569771,1.1819015389369358,-4.625209091745264,10.250549412708022,8.560054079121727,6.388908622043408,1.0134913042233167,0.968562065666984,498,1001,99.6,0.1001,0.4377613748845902,0.3649,0.4237,0.07680000000000001,0.0978,5,5,3,True,True,2.5482701691389953,1.102414691623621,-1.3490751231424514,10.847082205155711,4.41261525708957,3.549095882600384,1.0518973369580118,1.1081322947726189,236,473,0.0946,0.45899999999999996,0.0782,0.08499999999999999,3,5,5,-1.0682769848182194,-0.6275803796395696,-3.320935888530485,0.07862012747743563,7.198221237789726,5.700991208504423,0.9160197601963128,0.893983394677121,262,528,0.1056,0.38839999999999997,0.0754,0.11059999999999999,1,5,5,-0.6275803796395696,1.102414691623621,1.7299950712631906,-1.7299950712631906,3146,32,discounted_lints,corr,z72_a0p5_corr_pruned_top10,72
5,1.27832367204199,0.5901355419269949,-5.110807011076945,8.31069676785594,8.934576876282652,6.287523974610982,1.015889577116623,0.9768058833242328,407,817,81.4,0.08170000000000001,0.4599699607138765,0.3919,0.43810000000000004,0.1048,0.0656,5,5,3,True,True,2.2472392560627807,-0.2343260727388552,-0.5795461004221236,8.917970159957811,4.410103275761868,3.673278251904364,0.8779772316713258,1.085584166853243,194,389,0.07780000000000001,0.4736000000000001,0.10800000000000001,0.055200000000000006,2,5,5,-0.932051272896737,-0.5575511471706762,-4.630733900501172,3.4152174099099097,8.207374620173468,5.483246466199039,0.8713250400350485,0.9764726608577986,213,428,0.08560000000000001,0.40259999999999996,0.1016,0.076,2,5,5,-0.5575511471706762,-0.2343260727388552,0.323225074431821,-0.323225074431821,3142,33,discounted_lints,corr,z72_a0p5_corr_pruned_top10,72
5,1.7409045067339868,0.5350419130224715,-4.96647400308321,10.666675948493731,8.623519198220986,6.4690078977264935,1.1382189656066533,1.0096982597558641,435,873,87.0,0.0873,0.4757381258023107,0.3875,0.4312,0.0991,0.07239999999999999,5,5,3,True,True,3.024032927252487,1.277086006797723,-1.348833895960333,12.026198063665205,5.0127540896979355,3.574841043672561,1.2150630501000554,1.2514602083972628,204,409,0.0818,0.4544,0.11259999999999999,0.056600000000000004,3,5,5,-1.2686426307714616,-1.2135751624801627,-4.378569540842037,1.6733166546156975,8.623519198220986,5.86068714399912,0.831576480917013,0.873100905707249,231,464,0.0928,0.40800000000000003,0.0856,0.0882,1,5,5,-1.2135751624801627,1.277086006797723,2.4906611692778857,-2.4906611692778857,3143,33,discounted_lints,corr,z72_a0p5_corr_pruned_top10,72
5,-0.29897791592077533,-3.521637201372285,-5.45594458486608,10.720263263893903,10.427910499704495,7.462061578321373,0.7542690993384155,0.8496260778191316,434,871,86.8,0.0871,0.4546501714942802,0.38659999999999994,0.4382,0.1035,0.0769,5,5,2,True,True,2.327333877641724,-0.7040558988144485,-0.897433374008616,11.519094172926913,4.505502443584197,3.9769112029533367,0.8602308047733525,1.0813568610244912,216,433,0.0866,0.4596,0.1072,0.0752,2,5,5,-2.612562060064141,-2.6730540619651633,-4.599791272874976,-0.7163176090672962,8.543633196471312,6.756897089065026,0.6738543424542867,0.7060314709071004,218,438,0.08759999999999998,0.4168,0.0998,0.07859999999999999,0,5,5,-2.6730540619651633,-0.7040558988144485,1.9689981631507147,-1.9689981631507147,3144,33,discounted_lints,corr,z72_a0p5_corr_pruned_top10,72
5,1.946937380836411,-1.6472073659697717,-4.183207295429103,14.157320080254298,8.991060256323124,6.774710083105511,0.8462897292121644,0.9577764242252977,424,851,84.8,0.0851,0.46980047056451885,0.39699999999999996,0.4471,0.0975,0.074,5,5,2,True,True,3.4062144015862033,0.9712509987558571,-0.8548823414031959,13.752285385278062,4.059602076836388,3.891141620378864,1.0263191156643334,1.3059066099962302,196,393,0.07859999999999999,0.47300000000000003,0.10500000000000001,0.05960000000000001,3,5,5,-1.4735602297420858,-2.5932711923693064,-3.35702355559947,1.0601590767985725,8.991060256323124,6.126848499801392,0.7246659606860716,0.765063582177835,228,458,0.09159999999999999,0.42119999999999996,0.09000000000000001,0.0884,2,5,5,-2.5932711923693064,0.9712509987558571,3.5645221911251634,-3.5645221911251634,3145,33,discounted_lints,corr,z72_a0p5_corr_pruned_top10,72
5,3.133107420454746,2.2039242660979452,-0.8276820498912207,9.406341170954002,10.15417043688862,5.7504608627632265,1.0642157524380977,1.0648775317162977,410,823,82.0,0.08230000000000001,0.4736299161831076,0.39289999999999997,0.42729999999999996,0.0994,0.0664,5,5,4,True,True,3.4626733824222677,2.5361485252631377,0.07402808309124875,11.886991875218044,3.5754534672508886,3.2323293184115998,1.2015445979190307,1.295497003505258,195,391,0.0782,0.4608,0.1038,0.054400000000000004,5,5,5,-0.2728941258327433,-0.5139840634558968,-2.21710376040013,1.2650434854306392,7.559065944942544,5.143226853432338,1.0307047037629213,0.9630397673792055,215,432,0.08639999999999999,0.39380000000000004,0.095,0.0784,2,5,5,-0.5139840634558968,2.5361485252631377,3.0501325887190345,-3.0501325887190345,3146,33,discounted_lints,corr,z72_a0p5_corr_pruned_top10,72
5,-0.643643630178288,-2.777546145776033,-5.458812745641984,9.605516820370074,10.291525883815256,7.328773947983207,0.7838966210909118,0.8353170094918181,439,882,87.8,0.08820000000000001,0.44366071241313393,0.3766,0.42089999999999994,0.0999,0.077,5,5,2,True,True,1.4854142937757753,-1.081499267042041,-2.9085212292129348,10.663176644689143,5.697071254804264,4.421132414402,0.7896677171152301,0.9746029365709059,205,411,0.08220000000000001,0.4572,0.1042,0.059800000000000006,2,5,5,-2.113075189370428,-1.7994349653598807,-4.4251716778613615,-0.8981869041333246,8.50861726966744,5.832817432383428,0.8074712799970308,0.7627790326236823,234,471,0.09419999999999999,0.3846,0.0956,0.09419999999999999,0,5,5,-1.7994349653598807,-1.081499267042041,0.7179356983178398,-0.7179356983178398,3142,34,discounted_lints,corr,z72_a0p5_corr_pruned_top10,72
5,1.7511642217217929,-1.3758135709921349,-4.489380157322342,14.917503672585376,9.225247948945636,6.208742819463013,0.8624530887164241,0.9862603109518485,447,897,89.4,0.0897,0.4593866388446123,0.3779,0.42589999999999995,0.09219999999999999,0.08080000000000001,5,5,2,True,True,2.760352138379918,1.6037060616257648,-2.6915291197092683,11.608062903649508,5.194120070230235,3.825501604152528,1.1105306559064334,1.1680588874921622,210,421,0.0842,0.45919999999999994,0.0964,0.0648,3,5,5,-1.0417702158747264,-0.8655024935164679,-5.99691335594833,2.965234484710022,9.200055466999213,5.279914416267721,0.8918973386831668,0.9820668210270334,237,476,0.09519999999999999,0.39259999999999995,0.08800000000000001,0.0968,2,5,5,-0.8655024935164679,1.6037060616257648,2.4692085551422327,-2.4692085551422327,3143,34,discounted_lints,corr,z72_a0p5_corr_pruned_top10,72
5,-0.6953969238284596,-1.4317890280676537,-8.22326327118823,9.277518585681154,12.124363554082029,7.478083940298002,0.8305629531991565,0.87666056246553,430,863,86.0,0.0863,0.4565471977739467,0.3804,0.4262,0.0963,0.0755,5,5,2,True,True,1.4733304365327071,-0.39550693968032347,-2.1477276928863476,9.671421218698972,5.578841993192595,4.413006034739295,0.8650583173659098,1.0257044866757785,206,413,0.0826,0.461,0.10200000000000001,0.06520000000000001,2,5,5,-2.18186468126097,-0.6888602186143067,-6.20888553229867,0.2920664535660311,10.543294876713938,6.21228233051666,0.8768441232487431,0.8882360641608582,224,450,0.09,0.3914,0.0906,0.08579999999999999,1,5,5,-0.6888602186143067,-0.39550693968032347,0.2933532789339832,-0.2933532789339832,3144,34,discounted_lints,corr,z72_a0p5_corr_pruned_top10,72
5,0.6166713748692244,0.07184013801180278,-6.945993400979599,11.01007933669318,8.756094831885065,6.229556007500361,0.9399015704406878,0.9252513905197421,425,854,85.0,0.0854,0.43163247182040243,0.39110000000000006,0.4412,0.0978,0.0737,5,5,3,True,True,2.261256341488269,0.940208260979225,-3.0207565891785415,11.579152520094404,5.036755287712202,4.128108771085685,1.0104615076774588,1.109258855353778,197,395,0.079,0.4708,0.0994,0.0608,3,5,5,-1.6350845992108698,-0.8602797021403652,-4.047501995012526,-0.32282376934366086,6.896631490332982,5.22658965737929,0.8799283738294055,0.8697282713317851,228,459,0.09179999999999999,0.41159999999999997,0.0962,0.0866,0,5,5,-0.8602797021403652,0.940208260979225,1.8004879631195903,-1.8004879631195903,3145,34,discounted_lints,corr,z72_a0p5_corr_pruned_top10,72
5,2.521503400068119,0.03522854462334468,-4.10930699146137,13.528551364273934,8.716653691849185,6.727863788936588,1.034734524689475,1.0108342673321604,412,827,82.4,0.08270000000000001,0.45271534597628504,0.38780000000000003,0.4321,0.09129999999999999,0.0696,5,5,3,True,True,3.5869199782172068,1.1498554300789943,0.0894937012964725,14.136040428515262,4.650703813351342,3.757242750641505,1.0364555925616785,1.3481766685099337,192,386,0.0772,0.47140000000000004,0.0942,0.059800000000000006,5,5,5,-1.042106213995686,-0.4980236163899754,-4.195046390471891,3.037633265583861,8.716653691849185,6.130118278572482,0.7896382175588106,0.9011935411159098,220,441,0.0882,0.3927999999999999,0.0884,0.0794,1,5,5,-0.4980236163899754,1.1498554300789943,1.6478790464689697,-1.6478790464689697,3146,34,discounted_lints,corr,z72_a0p5_corr_pruned_top10,72
5,2.514369420278988,2.0803061384811583,-2.9679206566755156,11.826261397787864,9.05995249418946,6.143818712357545,1.023479986669036,1.0024343512549736,431,865,86.2,0.0865,0.45235304121648656,0.3835,0.4265,0.1006,0.0738,5,5,3,True,True,3.0178513098007516,1.8894909497463974,-1.6260672507144025,11.494972084960175,4.157164321112406,3.5224078315033935,1.1138585213419816,1.1878378720992244,202,405,0.081,0.45899999999999996,0.10980000000000001,0.0576,4,5,5,-0.509843340700824,0.18727661406108265,-2.013711655557915,0.3134464320240449,6.830934569485336,5.28354003591361,0.9502956566698061,0.9036180024581093,229,460,0.092,0.394,0.09140000000000001,0.09,3,5,5,0.18727661406108265,1.8894909497463974,1.7022143356853148,-1.7022143356853148,3142,35,discounted_lints,corr,z72_a0p5_corr_pruned_top10,72
5,0.3777609336794253,-1.9854852212218832,-5.3611166003682325,10.25416049135124,9.082793582291194,6.584342387442651,0.7688818374673182,0.9203319142783526,442,887,88.4,0.0887,0.45334959496091554,0.3834,0.4286,0.1014,0.07339999999999999,5,5,2,True,True,2.6435692995555238,0.026701137512175066,-1.7576944520079296,11.539387324268823,4.542353600473548,3.646171669585834,0.9193182722972734,1.1627189903087853,202,405,0.08099999999999999,0.4546,0.1052,0.058199999999999995,3,5,5,-2.2416867438306376,-1.6328280090139646,-4.061611687483824,-0.6938387624635944,9.082793582291194,6.190343322457311,0.8175785077043327,0.7762114473691752,240,482,0.0964,0.40259999999999996,0.09759999999999999,0.0886,0,5,5,-1.6328280090139646,0.026701137512175066,1.6595291465261397,-1.6595291465261397,3143,35,discounted_lints,corr,z72_a0p5_corr_pruned_top10,72
5,1.5212940525009835,-1.8130743564437446,-3.772808946279793,12.263965259852473,9.158914217501401,6.485991126261203,0.8165346786572408,0.9592792638399569,422,847,84.4,0.0847,0.4910545800013348,0.39139999999999997,0.4295999999999999,0.1011,0.0693,5,5,2,True,True,2.6943468720618613,-0.33942052003110845,-1.253042204030097,12.026800826769835,5.195872008300517,3.9898059821099197,0.9084058763288455,1.1668627075806932,202,405,0.081,0.45999999999999996,0.10539999999999998,0.0586,2,5,5,-1.1722848650791806,-0.7514792504549672,-3.445081740608158,0.21170329897159945,8.796505365587015,5.763138743820761,0.9136294741359179,0.8933874055968651,220,442,0.08839999999999999,0.3992,0.0968,0.08,1,5,5,-0.7514792504549672,-0.33942052003110845,0.41205873042385877,-0.41205873042385877,3144,35,discounted_lints,corr,z72_a0p5_corr_pruned_top10,72
5,1.7892388673241875,0.47595813590526337,-3.9702671176364834,10.97515096875843,7.44641965616315,6.2371494570116575,0.9435749627375087,0.9712118213163636,419,841,83.8,0.08410000000000001,0.4690806362741654,0.3929,0.43150000000000005,0.09799999999999999,0.0732,5,5,3,True,True,2.885748592601083,1.3016190913765158,-1.2279627154503037,11.338386405020096,3.8929357280684806,3.7284004405148963,1.0539426030818493,1.1832491836419283,191,383,0.07659999999999999,0.46559999999999996,0.1058,0.059,3,5,5,-1.0928741878155601,-0.8150520819677043,-2.7763975286709375,0.32944520292133017,6.658550251322248,5.314751197821451,0.8583646813624186,0.849130806121136,228,458,0.09159999999999999,0.3974,0.0902,0.0874,1,5,5,-0.8150520819677043,1.3016190913765158,2.11667117334422,-2.11667117334422,3145,35,discounted_lints,corr,z72_a0p5_corr_pruned_top10,72
5,1.9348812706694667,1.8150094764519231,-3.1429818978990776,10.77168219255229,9.339893994428227,6.685760387442367,1.0390996433156228,0.9452756289697237,413,829,82.6,0.0829,0.44565229341905904,0.40309999999999996,0.44930000000000003,0.0969,0.0677,5,5,3,True,True,3.2555588691884707,1.8011101040850352,-1.0807168770599729,13.965239816220198,5.0479745485373595,3.9841497449559826,1.110915933636262,1.1667400625864557,195,391,0.07819999999999999,0.48500000000000004,0.0928,0.05720000000000001,3,5,5,-1.2454210318784864,-2.084795760474789,-2.8022207725950654,0.9733661579430342,7.2419310058023605,6.041551154112751,0.7260964487655158,0.8244472549117694,218,438,0.0876,0.4136,0.101,0.0782,1,5,5,-2.084795760474789,1.8011101040850352,3.8859058645598243,-3.8859058645598243,3146,35,discounted_lints,corr,z72_a0p5_corr_pruned_top10,72
5,0.7092084980793989,-1.922075172185178,-3.000237006687445,7.195572175020559,8.446048930692085,6.800909005464625,0.7884395725920942,0.926345992068933,409,822,81.8,0.08220000000000001,0.4417636585487325,0.39579999999999993,0.43550000000000005,0.1032,0.0629,5,5,2,True,True,1.8645864751527719,-0.7218380079991982,-1.8916679320595264,9.10870173695395,5.19343976551776,4.070872342150587,0.8516779586814729,1.0677106370387273,200,401,0.0802,0.4648,0.1048,0.0558,2,5,5,-1.1301253163419478,-1.1299438602831668,-2.232486124613331,0.4581365200384546,8.05799654243976,6.09534387887509,0.8101006388434393,0.855534183666508,209,421,0.0842,0.4062,0.1016,0.06999999999999999,1,5,5,-1.1299438602831668,-0.7218380079991982,0.4081058522839687,-0.4081058522839687,3142,36,discounted_lints,corr,z72_a0p5_corr_pruned_top10,72
5,1.544176820483276,-2.7538298754507196,-6.286191739817582,15.277669576221275,10.496707177640497,7.197769793259058,0.6870070156667839,0.9559250521129732,420,843,84.0,0.08430000000000001,0.45765406492105526,0.3897,0.4279,0.0975,0.0665,5,5,2,True,True,2.9573789739122973,-0.4306413260046993,-2.0946462526826637,14.150874133317327,5.091404200338223,3.979188808462233,0.8963151540107779,1.172058490557459,195,391,0.0782,0.4628,0.0996,0.055400000000000005,2,5,5,-1.483404198687439,-0.6427323575517896,-5.637693079359307,2.449677155135488,10.000638213460922,6.1569180891562025,1.0113142124077676,0.8790504606773422,225,452,0.0904,0.39299999999999996,0.09540000000000001,0.0776,2,5,5,-0.6427323575517896,-0.4306413260046993,0.2120910315470903,-0.2120910315470903,3143,36,discounted_lints,corr,z72_a0p5_corr_pruned_top10,72
5,0.9129895861768734,-1.9499199374712783,-3.539309530291379,10.255131577774247,8.596278423226567,7.039231058717151,0.8324355910710182,0.9225818506072591,428,859,85.6,0.0859,0.4508260796672136,0.38649999999999995,0.4304,0.095,0.07250000000000001,5,5,2,True,True,2.806544128653621,1.3321582963516487,-2.584247164733422,11.166985038753818,4.846478453633296,3.8355712356648537,1.1482956332224998,1.172485795321778,204,409,0.0818,0.46440000000000003,0.1,0.05960000000000001,4,5,5,-1.8562386675771503,-0.9496074308367297,-4.785720194907672,0.3719077555853323,8.439796497150432,6.197556000362139,0.8533666418490488,0.8279060018891921,224,450,0.09,0.3964,0.09000000000000001,0.0854,1,5,5,-0.9496074308367297,1.3321582963516487,2.2817657271883784,-2.2817657271883784,3144,36,discounted_lints,corr,z72_a0p5_corr_pruned_top10,72
5,0.08843764673674955,-2.3888322630865377,-6.144376847592026,11.04381730753512,10.641610474536979,7.4513972356501,0.7852785527423054,0.8884378750086863,438,879,87.6,0.0879,0.4377712435193043,0.3717,0.41739999999999994,0.1044,0.0743,5,5,2,True,True,2.9381973014310647,0.582673592275218,-0.20539414189015837,12.1447737278646,4.738635978659634,3.7356268123427987,0.9730386701634686,1.2215642230195667,209,419,0.0838,0.45280000000000004,0.1122,0.0692,4,5,5,-2.8136490380407104,-2.430196423735942,-5.951206134473896,-0.9469207440559013,10.022731133022866,6.927391824740215,0.6558420766405662,0.6953241959387622,229,460,0.092,0.382,0.09659999999999999,0.0794,0,5,5,-2.430196423735942,0.582673592275218,3.01287001601116,-3.01287001601116,3145,36,discounted_lints,corr,z72_a0p5_corr_pruned_top10,72
5,2.7599170839651337,1.6673128530656944,-1.703208190577754,12.148643387416836,9.00651326465438,6.575870132160472,1.0116335250467985,1.0107557566064973,424,851,84.8,0.0851,0.4744082865284991,0.3927,0.43079999999999996,0.0998,0.0707,5,5,3,True,True,3.762029840908691,1.9933250360622434,-0.47134289920828243,14.359669019937593,5.014850094435042,3.9850193314858644,1.1537720745796574,1.2593131710682173,207,415,0.08299999999999999,0.4638,0.1022,0.0632,4,5,5,-0.9382103668100727,-0.44923363694543417,-2.3308413343247736,0.3420601621314967,7.496472452895153,5.935518416579567,0.9088608460645495,0.9087942413670513,217,436,0.08719999999999999,0.39780000000000004,0.0974,0.0782,1,5,5,-0.44923363694543417,1.9933250360622434,2.4425586730076776,-2.4425586730076776,3146,36,discounted_lints,corr,z72_a0p5_corr_pruned_top10,72
5,1.8753491281811807,1.4457002156506027,-4.444507179040514,13.158572303041517,9.793663270058438,6.859408244435639,1.0384309434475278,0.9577106800019461,414,831,82.8,0.0831,0.4321994384928315,0.39370000000000005,0.42679999999999996,0.10329999999999999,0.0638,5,5,3,True,True,3.976207628147286,4.003310253660719,-2.4497828504985053,12.48191072143483,4.295982121701503,3.221477166826452,1.54065608584035,1.3877171802953614,195,391,0.0782,0.46460000000000007,0.10939999999999998,0.05219999999999999,4,5,5,-2.0673622064629478,-2.01422230513173,-4.10536470218652,0.601573690619861,7.887402006030609,6.120304657031758,0.7509131712279071,0.7558016481985101,219,440,0.088,0.389,0.09720000000000001,0.0754,1,5,5,-2.01422230513173,4.003310253660719,6.017532558792449,-6.017532558792449,3142,37,discounted_lints,corr,z72_a0p5_corr_pruned_top10,72
5,2.3689415739675823,-0.9569166211082725,-1.5786057012476373,11.698534304760976,8.45381525095491,5.808456579725645,0.8934816580189917,1.0221255704198693,403,809,80.6,0.0809,0.48035028050490886,0.3902,0.42539999999999994,0.10290000000000002,0.06709999999999999,5,5,2,True,True,3.0461826805977905,-0.02871307323889516,-0.7845102181305075,12.128936042993764,5.266284800161625,4.218114635110315,0.9499007132781868,1.2232265307172976,190,381,0.0762,0.45780000000000004,0.11120000000000001,0.055200000000000006,2,5,5,-0.6609008944110584,-0.4403820945360848,-1.5503377776302951,-0.2717679584631649,6.979055416288471,5.045169592218722,0.8895581237656964,0.9493735627195246,213,428,0.08559999999999998,0.39299999999999996,0.09459999999999999,0.079,0,5,5,-0.4403820945360848,-0.02871307323889516,0.41166902129718963,-0.41166902129718963,3143,37,discounted_lints,corr,z72_a0p5_corr_pruned_top10,72
5,1.062667912291546,1.0037375354547518,-6.027732728131985,9.607424523629703,8.925218737362728,6.591882916841529,0.9798415019346615,0.9580845880220163,429,861,85.8,0.0861,0.4655258925275537,0.3868,0.4283,0.09989999999999999,0.0716,5,5,3,True,True,3.4706884988496016,2.6227045108018876,-0.903049417326296,10.786461573272765,4.067640667916949,3.048860786125478,1.2900627853197035,1.299408087415945,195,391,0.0782,0.4598,0.1112,0.0558,4,5,5,-2.3568840612791697,-1.577591414165791,-5.171383458999889,-1.0642428983646757,7.796387090469548,6.0106685528838,0.8111351866253987,0.7526715977495916,234,470,0.094,0.3968,0.08860000000000001,0.08739999999999999,0,5,5,-1.577591414165791,2.6227045108018876,4.200295924967678,-4.200295924967678,3144,37,discounted_lints,corr,z72_a0p5_corr_pruned_top10,72
5,-0.6578585810852576,-2.76975927553349,-4.804237218053831,10.718858648113505,9.319778674964773,6.797164164504238,0.7198340043196865,0.8518282201288192,404,811,80.8,0.0811,0.4521990054700492,0.3936,0.4373,0.1014,0.0643,5,5,1,True,True,1.6792317595539163,-0.03913188146890123,-2.777566092010464,9.951344556992359,5.893692413561369,4.232800207068892,0.9491268218429152,1.050826080543659,190,381,0.0762,0.4622,0.10900000000000001,0.054200000000000005,2,5,5,-2.332653098209152,-1.5404177575462197,-4.766970741925314,0.6980488453447675,7.645657675929907,5.758006566420401,0.7776126145568615,0.7630282251543072,214,430,0.08600000000000001,0.41240000000000004,0.0938,0.0744,1,5,5,-1.5404177575462197,-0.03913188146890123,1.5012858760773184,-1.5012858760773184,3145,37,discounted_lints,corr,z72_a0p5_corr_pruned_top10,72
5,1.2260835799985295,-0.05815968600419996,-3.906332651636335,11.606635859413107,8.54120977531051,6.337601724845717,1.0259606879204484,1.0077657756752085,421,846,84.2,0.08460000000000001,0.44494918081957435,0.3666,0.4093,0.1068,0.0717,5,5,2,True,True,2.9570183412605555,1.0353258078643623,-1.0705444771506478,11.214021683304898,5.317543747753383,3.0658756494669293,1.0964163315515076,1.302899003930187,204,409,0.0818,0.4332000000000001,0.1096,0.06100000000000001,4,5,5,-1.7262924575013527,-1.0518519402782034,-4.531662941018055,0.35302578772506976,8.54120977531051,5.929314869550962,0.9013615618226667,0.8221998059716101,217,437,0.08739999999999999,0.38539999999999996,0.10400000000000001,0.0824,1,5,5,-1.0518519402782034,1.0353258078643623,2.0871777481425657,-2.0871777481425657,3146,37,discounted_lints,corr,z72_a0p5_corr_pruned_top10,72
5,-0.1475853556983477,-3.44173609217564,-6.140199077580122,10.785141875011139,9.632210839207833,7.52322297407449,0.736661077594419,0.8571292945377944,416,836,83.2,0.08360000000000001,0.4370423376576282,0.39669999999999994,0.4394,0.10149999999999999,0.0668,5,5,2,True,True,2.7791683211720675,-0.8854736599463897,-1.6552358288450697,14.820043615162891,6.1794821361465635,4.668111434096458,0.826244031180326,1.3196264907750082,197,396,0.07919999999999999,0.48040000000000005,0.10300000000000001,0.0558,2,5,5,-2.834170529062628,-3.481446698209867,-5.27639067531015,0.31544452385481314,9.457089351711556,6.541597548812791,0.6642815793157595,0.7189218686043707,219,440,0.088,0.3984,0.1,0.0778,1,5,5,-3.481446698209867,-0.8854736599463897,2.595973038263477,-2.595973038263477,3142,38,discounted_lints,corr,z72_a0p5_corr_pruned_top10,72
5,1.4095556199620334,-2.3440076851125258,-5.478053338696231,13.934591536817798,8.988969732463058,6.581599953619937,0.7660092756023401,0.970951401640322,435,873,87.0,0.0873,0.4633888119994795,0.3758,0.42089999999999994,0.0986,0.0751,5,5,2,True,True,2.690967713973893,0.30301100137672954,-2.0666344369950407,12.065372807963271,4.934142713837608,3.9306176010437737,0.9986331613682681,1.163656327486536,210,421,0.0842,0.45459999999999995,0.10500000000000001,0.0636,3,5,5,-1.3209898388145078,-0.25255227919515066,-5.763599998003654,1.6679717222354284,8.988969732463058,5.5084124486155455,1.0021342017773818,0.9074749745487486,225,452,0.0904,0.3872,0.0922,0.08660000000000001,2,5,5,-0.25255227919515066,0.30301100137672954,0.5555632805718802,-0.5555632805718802,3143,38,discounted_lints,corr,z72_a0p5_corr_pruned_top10,72
5,1.3227353174074863,-0.08735813894277245,-3.6585722931080866,9.858109499416102,7.766685751892821,5.607115317018216,0.9693963238594827,0.9586595595375755,432,867,86.4,0.0867,0.4589483570390739,0.3808,0.4224,0.1006,0.0736,5,5,2,True,True,2.5946036687690155,0.5415238318045912,-2.0378410629400934,12.218972641246584,5.035021825578689,3.9195197741008103,1.0459335741242992,1.131695576525028,198,397,0.0794,0.45339999999999997,0.1052,0.05539999999999999,4,5,5,-1.2063097826913705,-2.0725224734773895,-3.873112969062509,2.002130984833017,7.495757943693404,4.939977183907337,0.838311415842795,0.955527329881299,234,470,0.094,0.3914000000000001,0.096,0.09179999999999999,2,5,5,-2.0725224734773895,0.5415238318045912,2.6140463052819807,-2.6140463052819807,3144,38,discounted_lints,corr,z72_a0p5_corr_pruned_top10,72
5,1.7047459758627028,-1.039709751740081,-3.5332779210633825,10.804719477407687,9.27081516816628,6.332848271036352,0.879560687163993,0.936853170192786,434,871,86.8,0.0871,0.46152607797594447,0.38280000000000003,0.4372,0.0951,0.0777,5,5,2,True,True,3.0585295009381097,1.5619974871562858,-1.4996188108769681,11.412013506991858,4.730609881309222,3.863074047740345,1.0908719199411039,1.176276556074367,205,411,0.0822,0.4708,0.09519999999999999,0.06700000000000002,4,5,5,-1.3338279683427356,-1.6450409125994603,-2.5616936484784913,0.11717748392783278,7.151927760392329,5.627678149762187,0.7482496147767592,0.797161275617475,229,460,0.092,0.40360000000000007,0.095,0.0884,1,5,5,-1.6450409125994603,1.5619974871562858,3.207038399755746,-3.207038399755746,3145,38,discounted_lints,corr,z72_a0p5_corr_pruned_top10,72
5,0.3131747690944399,-1.8839472784931144,-4.106893164091307,8.587707794062593,9.613838827914067,6.4031227430349755,0.8842896144105591,0.882888297436792,420,843,84.0,0.08430000000000001,0.458577147188403,0.3994,0.44299999999999995,0.0987,0.0651,5,5,2,True,True,2.821165523949987,1.9955309762660134,-0.9646359309312902,10.883097405731657,3.8598054165511875,3.533568022354165,1.1099169251506171,1.151623659393483,205,411,0.0822,0.4862,0.101,0.06080000000000001,3,5,5,-2.4398529098998045,-2.0700987484774225,-4.3205931440942535,-0.6312146987393907,8.171244029587543,5.9173584354978495,0.7047594849924085,0.7237781239149638,215,432,0.08639999999999999,0.39980000000000004,0.09640000000000001,0.0694,0,5,5,-2.0700987484774225,1.9955309762660134,4.065629724743436,-4.065629724743436,3146,38,discounted_lints,corr,z72_a0p5_corr_pruned_top10,72
5,-3.7003727920749134,-0.7726223413217825,-10.83831444074499,3.3720611417131785,15.589549037071293,8.444053138917267,0.9149515403201053,0.7944532887912773,561,1127,112.2,0.1127,0.4173529673953036,0.37350000000000005,0.43710000000000004,0.0709,0.1083,5,5,2,True,True,0.983480928491538,0.1316589728453721,-3.603703625994481,6.927822104605763,5.372852734775746,3.9574388436236396,0.8889424797936276,1.000292386657005,270,541,0.1082,0.4758,0.07220000000000001,0.0916,3,5,5,-4.688889528491481,-3.3253842572553483,-10.432423584298057,-0.8724294013561118,12.929875458966421,7.075968456098435,0.681125496161373,0.6581837797314881,291,586,0.1172,0.3984,0.0696,0.125,0,5,5,-3.3253842572553483,0.1316589728453721,3.4570432301007203,-3.4570432301007203,3142,39,discounted_lints,corr,z72_a0p5_corr_pruned_top10,72
5,-2.018940174282979,-0.7016066569210277,-11.955287832525851,10.218439432485283,13.92001131399292,8.764907799703868,0.8950461181017686,0.8488913845863406,564,1132,112.8,0.11320000000000001,0.4317254020462733,0.3781,0.44930000000000003,0.0695,0.1117,5,5,2,True,True,1.7289937450598056,-0.2773928767961231,-3.875352927220921,11.939900524665624,6.081643249452451,4.231687657091457,0.9107750419557157,1.0471315441494666,274,549,0.10979999999999998,0.4816000000000001,0.0712,0.101,2,5,5,-3.7696094344904596,-1.8690636004700667,-8.405684859562978,0.39821342796089176,11.67165101693911,7.368550600033892,0.774994496980186,0.7407205844038088,290,583,0.1166,0.417,0.0678,0.1224,1,5,5,-1.8690636004700667,-0.2773928767961231,1.5916707236739436,-1.5916707236739436,3143,39,discounted_lints,corr,z72_a0p5_corr_pruned_top10,72
5,-2.958021069549466,-3.7252670674647548,-10.958644474954127,7.27878740171044,12.88799062729028,8.593767894386847,0.7943652264965307,0.7998934027083997,573,1150,114.6,0.11500000000000002,0.4456925765214203,0.3581,0.4332,0.07160000000000001,0.1203,5,5,1,True,True,1.0764454084390749,-0.06599940319133024,-2.985772954184529,9.524148628863394,6.883838612526771,4.571524529148617,0.925582670921503,1.0655344636502804,282,564,0.11280000000000001,0.47919999999999996,0.0738,0.11040000000000001,2,5,5,-4.03328801405978,-3.661684354093886,-8.760695894755122,-1.1846800991929807,10.979422225592906,7.651072538694686,0.6889814921959762,0.645099723419244,291,586,0.1172,0.3872,0.0694,0.1302,0,5,5,-3.661684354093886,-0.06599940319133024,3.5956849509025557,-3.5956849509025557,3144,39,discounted_lints,corr,z72_a0p5_corr_pruned_top10,72
5,-1.6401708128992596,-3.027984654860094,-9.688381870966357,10.292482183811448,12.291453436701595,7.753059292632642,0.8287887302730239,0.8358863977811938,560,1124,112.0,0.11239999999999999,0.4620276325050079,0.36920000000000003,0.43810000000000004,0.07339999999999999,0.11069999999999999,5,5,1,True,True,1.994856040546773,0.3683962975892463,-2.467605257147265,9.94393786391512,4.708681081406252,3.8901158537675906,0.9728479648163386,1.033990497437133,266,532,0.10640000000000001,0.47700000000000004,0.081,0.09419999999999999,3,5,5,-3.6540054332619194,-3.383914735848892,-7.403464902975976,0.3170200437315307,10.072395131335831,6.676167986811786,0.6686604165490212,0.6673407254285848,294,592,0.11839999999999999,0.3992,0.0658,0.12719999999999998,1,5,5,-3.383914735848892,0.3683962975892463,3.752311033438138,-3.752311033438138,3145,39,discounted_lints,corr,z72_a0p5_corr_pruned_top10,72
5,1.5008197396431266,0.10222299553388492,-5.683929426264522,10.98585155432068,10.26592311439174,6.683034566474161,0.9682315646802275,0.976772063707483,541,1085,108.2,0.1085,0.47752668629351797,0.38070000000000004,0.4368,0.0743,0.10300000000000001,5,5,3,True,True,3.0855145045493804,3.854903289559064,-1.2304177254368276,9.801056500132832,4.174897049714255,3.384493516902327,1.3334245134430252,1.1843969631126288,269,538,0.1076,0.4726,0.0772,0.0974,3,5,5,-1.588009574846534,-0.5951792518403165,-4.515269998070903,1.0790379363848857,8.579498190120905,5.901925358547795,0.8941940080989403,0.8190604311610317,272,547,0.10940000000000001,0.40099999999999997,0.0714,0.10859999999999999,1,5,5,-0.5951792518403165,3.854903289559064,4.4500825413993805,-4.4500825413993805,3146,39,discounted_lints,corr,z72_a0p5_corr_pruned_top10,72
5,-0.6061089611994805,-1.3033467922933917,-12.721257120941477,14.729089159226616,14.941376765639337,9.018147975457417,0.8834436223189202,0.8906422921618319,657,1319,131.4,0.13190000000000002,0.4315487855457915,0.44270000000000004,0.5152,0.07749999999999999,0.11479999999999999,5,5,2,True,True,3.6605103724079697,-0.5678418372967009,-2.455797490713818,20.792477849686385,7.775423221245104,5.259509240080424,0.8871091734896515,1.2051428813457228,316,634,0.1268,0.5346,0.0866,0.10300000000000001,2,5,5,-4.0883328526987555,-2.4498690039124305,-10.52390543584626,-0.7397053112265461,11.684668773696083,6.891160416896263,0.8276546339519125,0.7127313469799834,341,685,0.13699999999999998,0.4958,0.0684,0.1266,0,5,5,-2.4498690039124305,-0.5678418372967009,1.8820271666157296,-1.8820271666157296,3142,0,discounted_lints,hybrid,z24_a0p5_hybrid_corr5_stablehie5_top10,24
5,0.08010229766689463,-1.211576154681071,-10.940038721090506,21.52998947218898,12.68102694668224,8.820792513669122,0.9065455439525121,0.9365656018319782,634,1272,126.8,0.1272,0.4388852147488279,0.43789999999999996,0.5002,0.068,0.10269999999999999,5,5,1,True,True,4.430304324944907,2.128964663484556,-3.110903345179583,21.618848471835015,7.775423221245092,5.311383539048122,1.2208104584946622,1.3387468294378466,300,603,0.1206,0.5115999999999999,0.0754,0.0888,3,5,5,-4.347644913127391,-4.656722753289122,-8.080512303467124,-0.03442480587418917,9.40137457632214,6.468749643721208,0.6062952335678999,0.6634410360335309,334,669,0.13379999999999997,0.4888,0.0606,0.1166,0,5,5,-4.656722753289122,2.128964663484556,6.785687416773678,-6.785687416773678,3143,0,discounted_lints,hybrid,z24_a0p5_hybrid_corr5_stablehie5_top10,24
5,1.1847126307923415,3.4858336802559897,-12.74405338150032,10.522795660852946,13.421347340043344,7.00742225246803,1.2503134451236844,1.0296103214683956,647,1299,129.4,0.12990000000000002,0.4413180795895587,0.4422,0.5146,0.07680000000000001,0.10640000000000001,5,5,3,True,True,4.733984199074754,2.961334369887103,-1.5981124645851552,13.882487082149986,4.524091265282459,3.1972276870842604,1.4348284743448076,1.4257654931428472,302,607,0.1214,0.5226,0.0822,0.08399999999999999,3,5,5,-3.4808497712558513,-2.9119928236464476,-11.326958451791624,0.5399968939171274,12.247258740669608,6.343051785071492,0.6806277315865505,0.7810380229766949,345,692,0.1384,0.5066,0.0714,0.12879999999999997,1,5,5,-2.9119928236464476,2.961334369887103,5.873327193533551,-5.873327193533551,3144,0,discounted_lints,hybrid,z24_a0p5_hybrid_corr5_stablehie5_top10,24
5,1.338078410490759,-3.6891779649689926,-6.203727879273524,18.91795703029928,9.43482685112409,6.281724373473105,0.8314352529123369,1.0751322031968482,651,1307,130.2,0.1307,0.4494651435054986,0.4104,0.4857,0.0774,0.11850000000000001,5,5,2,True,True,3.62663665146133,1.0532580885610043,-1.2476206392713518,17.15339848172306,6.350858102196466,3.8819422824181133,1.01798705297404,1.291052406770713,315,633,0.1266,0.4988,0.0796,0.10519999999999999,3,5,5,-2.312075945983567,-3.794515579261548,-5.158625416221351,1.5448568790462858,9.03646802134167,5.7132918167487645,0.7044954544414865,0.9091362046145491,336,674,0.1348,0.4726,0.0752,0.1318,2,5,5,-3.794515579261548,1.0532580885610043,4.847773667822553,-4.847773667822553,3145,0,discounted_lints,hybrid,z24_a0p5_hybrid_corr5_stablehie5_top10,24
5,-0.5183439716814078,-3.1914199589644476,-10.102920061353904,17.662563176342005,12.56044191745409,7.931010128706274,0.7527781207627733,0.9361316359802689,625,1255,125.0,0.1255,0.4340369049103449,0.4202,0.4899,0.0748,0.11309999999999998,5,5,2,True,True,3.791576087555266,0.4279182131312176,-4.964981984691807,18.209144772938156,6.476693329449468,4.4644158490408685,1.0291164427471209,1.3593521403275932,316,634,0.1268,0.5098,0.0802,0.1102,3,5,5,-4.280947546568063,-4.090994886045185,-7.954672524627382,-0.4246672716056832,10.04987135381008,6.686820701722539,0.540223302338163,0.6418132919789304,309,621,0.12419999999999998,0.47000000000000003,0.06939999999999999,0.11600000000000002,0,5,5,-4.090994886045185,0.4279182131312176,4.518913099176403,-4.518913099176403,3146,0,discounted_lints,hybrid,z24_a0p5_hybrid_corr5_stablehie5_top10,24
5,3.1311209886654345,0.18133321214579556,-8.426757307181553,18.719853499474603,10.664589865700869,5.7360623753945905,1.0171691168449626,1.159452280957121,482,969,96.4,0.0969,0.4784469814443752,0.41609999999999997,0.4718,0.09490000000000001,0.077,5,5,3,True,True,5.804538503467994,0.15705835746830932,-0.18546415409976813,19.09535760416685,3.784215999561047,2.9291818785647483,0.937051430370964,1.933095576615608,215,433,0.0866,0.4862,0.1018,0.057600000000000005,4,5,5,-2.615909862154757,-0.9591237744672076,-8.25660619792411,0.05467219031085602,9.923477550528126,5.132393482019535,0.9257127824679482,0.8316355114523877,267,536,0.10719999999999999,0.4574,0.08800000000000001,0.09639999999999999,1,5,5,-0.9591237744672076,0.15705835746830932,1.116182131935517,-1.116182131935517,3142,1,discounted_lints,hybrid,z24_a0p5_hybrid_corr5_stablehie5_top10,24
5,0.9112203726417345,0.27580146508381365,-10.281710637056152,15.65230265173323,11.553949676630804,5.9266833513585615,0.9637950284756217,1.0697015853195067,460,925,92.0,0.0925,0.4705544244103469,0.41929999999999995,0.4593999999999999,0.0988,0.0683,5,5,3,True,True,3.6255835016531734,0.16117497803429526,-1.148408257426392,15.09128297826714,4.090042069565558,3.387049096794881,0.9235906664279792,1.4755684700167244,214,431,0.0862,0.48460000000000003,0.10679999999999998,0.054000000000000006,3,5,5,-2.692165415653889,-1.3373774105985836,-9.239408509894742,0.525868224165027,9.62856798234828,5.150329389219852,0.8472473163992452,0.8470329324889653,246,494,0.09879999999999999,0.43420000000000003,0.09079999999999999,0.08259999999999999,2,5,5,-1.3373774105985836,0.16117497803429526,1.4985523886328789,-1.4985523886328789,3143,1,discounted_lints,hybrid,z24_a0p5_hybrid_corr5_stablehie5_top10,24
5,2.3388867305714123,-0.27543412130232037,-4.905366277984657,16.0526523010865,7.988095975520415,5.261131819605578,0.976661287428624,1.0572771863421782,477,959,95.4,0.09590000000000001,0.46017765310892944,0.41529999999999995,0.46980000000000005,0.0985,0.0744,5,5,2,True,True,5.45705216626168,2.1899998110732177,-1.3018004921098392,17.573187553866944,4.452137450725213,3.3656026516852777,1.1592219559941066,1.7119412405586545,214,431,0.0862,0.4946,0.10699999999999998,0.05700000000000001,4,5,5,-2.976292040663499,-3.1398120911801275,-5.803913155590101,-1.1055454150745492,7.559317240858832,4.902750177591824,0.7760674643524194,0.7378155134792035,263,528,0.1056,0.44499999999999995,0.09,0.0918,0,5,5,-3.1398120911801275,2.1899998110732177,5.329811902253345,-5.329811902253345,3144,1,discounted_lints,hybrid,z24_a0p5_hybrid_corr5_stablehie5_top10,24
5,0.2802532111512622,-0.6025322306511205,-9.108941639521495,15.81902831166273,10.274379879831997,6.10569048132019,0.9222445220597447,1.013139791295924,459,922,91.8,0.0922,0.4413815755175145,0.4117,0.4596,0.09169999999999999,0.066,5,5,1,True,True,3.6330002771165804,0.26640198959269057,-2.355689975310571,14.799820339148816,4.97677505732751,3.4068220211822635,0.9238440019018346,1.4768853447984331,212,427,0.0854,0.48840000000000006,0.09580000000000001,0.048799999999999996,3,5,5,-3.3205861982644747,-4.150680179134136,-6.916175312727757,0.926451468219458,7.914051277206868,5.6096872196589285,0.6312318719318777,0.7584146596795869,247,495,0.09899999999999999,0.43079999999999996,0.0876,0.08320000000000001,1,5,5,-4.150680179134136,0.26640198959269057,4.417082168726827,-4.417082168726827,3145,1,discounted_lints,hybrid,z24_a0p5_hybrid_corr5_stablehie5_top10,24
5,0.21501350467414185,-0.3964374740665355,-11.488827911949217,13.086931897591313,12.882099373405609,6.227708336199586,0.9626498054953121,0.9951784691526356,496,997,99.2,0.0997,0.4622695534657396,0.4116000000000001,0.4598,0.09390000000000001,0.07649999999999998,5,5,2,True,True,3.2518226073446437,-0.09595606318000272,-2.375126841721442,12.653380781291323,5.616650403247725,4.030254131338142,0.8541184042015878,1.3151468479029946,226,455,0.091,0.4758,0.10600000000000001,0.053000000000000005,2,5,5,-3.0179563189079217,-2.440516340017851,-9.335429358716606,0.42329969744689944,9.848347498723198,5.265784668978622,0.7583505222098942,0.7958960684255312,270,542,0.10839999999999998,0.4438,0.08180000000000001,0.1,1,5,5,-2.440516340017851,-0.09595606318000272,2.344560276837848,-2.344560276837848,3146,1,discounted_lints,hybrid,z24_a0p5_hybrid_corr5_stablehie5_top10,24
5,1.8136699326777397,0.580083213867022,-10.367656162126282,21.35269274613758,13.085153365632795,7.922803394036572,1.056230480472398,1.1260561487631935,449,903,89.8,0.0903,0.4845048568452824,0.4178,0.47380000000000005,0.0848,0.0782,5,5,3,True,True,4.233492334114233,1.7952430312554668,-3.7210603590142277,21.738478517061033,8.819630442078608,4.867388559373147,1.196262010037963,1.8787814720441685,192,387,0.0774,0.4812,0.0876,0.05800000000000001,3,5,5,-2.4217116594758092,-1.1635500856668424,-8.899160040747011,0.4289125649000747,10.47956604231005,5.357235876933559,0.8612144851992178,0.785411436696802,257,516,0.1032,0.4664,0.08199999999999999,0.0984,1,5,5,-1.1635500856668424,1.7952430312554668,2.958793116922309,-2.958793116922309,3142,2,discounted_lints,hybrid,z24_a0p5_hybrid_corr5_stablehie5_top10,24
5,2.6788274815391406,1.153323833973352,-11.261154898680525,21.287338590618752,13.7058432801913,7.237914329460312,1.123156061307468,1.1336702542720887,463,931,92.6,0.0931,0.43861946275073294,0.4081999999999999,0.4596,0.08109999999999999,0.0829,5,5,3,True,True,5.117485115662039,1.3028937419309994,-2.033560030031012,22.813623152965956,7.633237870958998,4.254331534567335,1.0997940154315338,1.9613468856118828,205,413,0.08259999999999999,0.47040000000000004,0.08539999999999999,0.0654,3,5,5,-2.4198528447330903,-1.2053426453901395,-9.419138708600805,1.5465100326431669,11.426695521856999,5.270964592905072,0.7404606241566181,0.8034393877309732,258,518,0.1036,0.4488,0.07680000000000001,0.1004,1,5,5,-1.2053426453901395,1.3028937419309994,2.508236387321139,-2.508236387321139,3143,2,discounted_lints,hybrid,z24_a0p5_hybrid_corr5_stablehie5_top10,24
5,1.8181320032947639,-0.41729044904229573,-10.603495439198129,19.956605822881613,11.658706412379594,7.266995617082894,0.9396981299532767,1.0566810943865392,440,885,88.0,0.0885,0.4366694652985393,0.3867,0.43689999999999996,0.0752,0.082,5,5,2,True,True,5.335083627893646,0.7183478529613874,-1.3375200985658475,21.144117827010355,7.619680722068023,4.1099430419205,1.0052295187826685,1.6366843339829742,179,360,0.072,0.4528,0.0792,0.0514,3,5,5,-3.4521498403283557,-2.5395412248282234,-9.653850327183989,-0.9427256502314463,9.981724590301411,5.749683317656782,0.7603281824034384,0.710556786841634,261,525,0.10500000000000001,0.4210000000000001,0.0712,0.1126,0,5,5,-2.5395412248282234,0.7183478529613874,3.257889077789611,-3.257889077789611,3144,2,discounted_lints,hybrid,z24_a0p5_hybrid_corr5_stablehie5_top10,24
5,3.2392588076774955,-0.1365129992225711,-8.203127651019827,26.08675085958796,9.403700588883645,7.149439896546899,0.9631437446648393,1.1375660312814246,450,904,90.0,0.0904,0.45792545840557697,0.3956,0.45,0.08080000000000001,0.0818,5,5,2,True,True,5.792252627557277,1.356982705711518,-3.1417172885430777,24.67811137174538,8.835322575046911,4.751807255844449,0.9742396491120175,1.030576358346121,189,381,0.0762,0.46740000000000004,0.0852,0.053000000000000005,4,5,5,-2.5820777916865616,-1.4435208875889782,-8.259524844452715,1.237957990335592,9.164708882961436,5.210608867999187,0.7796532042793095,1.1872690916572823,261,523,0.1046,0.43260000000000004,0.0764,0.1106,1,5,5,-1.4435208875889782,1.356982705711518,2.8005035933004963,-2.8005035933004963,3145,2,discounted_lints,hybrid,z24_a0p5_hybrid_corr5_stablehie5_top10,24
5,3.538983756512284,-2.315257942615334,-7.862721601814537,23.892277994241496,9.718525994418403,6.762375043559624,0.7822648434067199,1.1412982460150745,472,948,94.4,0.0948,0.48233836768405014,0.37439999999999996,0.4354,0.0886,0.0876,5,5,2,True,True,5.73201968757262,0.19393590695009344,-3.743554946344685,23.909827213199875,7.754342615912336,4.030564275060781,0.9453004624827465,2.1248536316516518,196,394,0.07880000000000001,0.44980000000000003,0.0968,0.05940000000000001,4,5,5,-2.2252301176908302,-2.4745579662191486,-7.90787023827294,1.767721892709373,8.988707647654582,4.798481407104818,0.6501580311159663,0.760423123976864,276,554,0.11080000000000001,0.421,0.0804,0.11580000000000001,2,5,5,-2.4745579662191486,0.19393590695009344,2.668493873169242,-2.668493873169242,3146,2,discounted_lints,hybrid,z24_a0p5_hybrid_corr5_stablehie5_top10,24
5,4.126598134755617,-0.20402886242120166,-4.965486320608314,19.46639275432478,9.876792885460784,6.92734736726932,0.9771553705652105,1.1568895302413598,564,1133,112.8,0.1133,0.4381429008116111,0.4093,0.4829,0.0865,0.10329999999999999,5,5,2,True,True,6.557156999821126,0.3149704044419277,-1.5455311621707324,21.43346088901479,8.999899319078853,4.765223160798195,0.9648447926744679,1.9041519662087691,264,530,0.10600000000000001,0.487,0.09779999999999998,0.0902,4,5,5,-2.287076625655069,-1.7582640486776158,-5.263877070153045,-0.3180638550910886,8.343587944990638,5.207431389982122,0.8020206481379766,0.8171541631157032,300,603,0.1206,0.4788,0.07519999999999999,0.11640000000000002,0,5,5,-1.7582640486776158,0.3149704044419277,2.0732344531195435,-2.0732344531195435,3142,3,discounted_lints,hybrid,z24_a0p5_hybrid_corr5_stablehie5_top10,24
5,2.246681150750609,0.25077018479791047,-12.568224797112604,18.578951931597665,15.104038265778252,7.233706148822883,1.0140537560529201,1.0995604929886316,533,1070,106.6,0.10700000000000001,0.47581099633364443,0.4142,0.47000000000000003,0.0844,0.08659999999999998,5,5,3,True,True,4.587709229613624,2.346131938871987,-5.141822077152069,18.95983549442537,7.445136758694981,4.323908484308481,1.358519444756141,1.6207691525075887,229,460,0.092,0.49239999999999995,0.0858,0.0568,3,5,5,-2.385541390481496,-1.3348933356541859,-7.828953583739229,-0.28240646618509224,9.269910263502334,5.192349772000999,0.8225354847171364,0.7995920127664445,304,610,0.12200000000000003,0.4476,0.08299999999999999,0.11639999999999999,0,5,5,-1.3348933356541859,2.346131938871987,3.681025274526173,-3.681025274526173,3143,3,discounted_lints,hybrid,z24_a0p5_hybrid_corr5_stablehie5_top10,24
5,3.4353720137481973,1.8877454872818777,-9.190811330908243,21.804651892373617,11.323262231749819,6.814690408604901,1.132511755322616,1.1260770978719208,573,1151,114.6,0.11510000000000001,0.48779333919511103,0.4048,0.47090000000000004,0.0894,0.10289999999999999,5,5,3,True,True,6.406111280413301,1.3687376755458391,-2.788195178048569,25.82334928386283,7.914074444986086,4.55447610625386,1.1706639854307295,2.1117208297106393,263,527,0.10540000000000001,0.4946,0.0954,0.0864,4,5,5,-2.7613044389260555,-1.2684805164665303,-9.739038511301812,0.5622181342080479,10.20351662495359,5.155471373631828,0.9011091201400941,0.8064359901906875,310,624,0.12480000000000002,0.44719999999999993,0.0834,0.11939999999999999,1,5,5,-1.2684805164665303,1.3687376755458391,2.6372181920123694,-2.6372181920123694,3144,3,discounted_lints,hybrid,z24_a0p5_hybrid_corr5_stablehie5_top10,24
5,3.658170799526883,1.0962693296880044,-5.317762105687729,16.28212734563965,7.0447885835096535,5.116568671183641,1.0832080063677114,1.1316842730410386,552,1107,110.4,0.11070000000000002,0.44305351743928745,0.4185,0.47800000000000004,0.0866,0.09530000000000001,5,5,4,True,True,5.619631680599591,3.688902453751308,-2.2483999343338446,16.458238083712917,4.699320389200579,3.1914257135459367,1.5430383032458228,1.7035295558439139,257,516,0.1032,0.5072,0.096,0.0728,4,5,5,-1.906032217421678,-2.4703939203802316,-3.1399610536216205,-0.11338638134025247,5.4098809861645165,4.642466925075595,0.8051695835412356,0.7933748019952181,295,591,0.1182,0.4488,0.07719999999999999,0.11780000000000002,0,5,5,-2.4703939203802316,3.688902453751308,6.159296374131539,-6.159296374131539,3145,3,discounted_lints,hybrid,z24_a0p5_hybrid_corr5_stablehie5_top10,24
5,2.216182442063441,1.7329932161559647,-9.88482771193725,21.28757564663335,12.386489327734596,8.346215700290577,1.0672675776896936,1.049232755297825,528,1060,105.6,0.10600000000000001,0.4459754954267465,0.4452,0.4963,0.0813,0.0824,5,5,3,True,True,5.80135348103513,1.496953808694279,-3.345647824712694,24.274126508593884,9.28986418988752,4.646089875596699,1.2368092037145844,2.107377627191835,241,485,0.097,0.5182,0.0874,0.06420000000000001,3,5,5,-3.4337252001849032,-4.086963452938419,-6.696014580468823,0.2621580552177649,9.49071401679642,6.320016617221896,0.683611919070628,0.7174581098933677,287,575,0.11499999999999996,0.47440000000000004,0.07519999999999999,0.1006,1,5,5,-4.086963452938419,1.496953808694279,5.583917261632698,-5.583917261632698,3146,3,discounted_lints,hybrid,z24_a0p5_hybrid_corr5_stablehie5_top10,24
5,0.6737739596674388,-0.1536497312856988,-14.370013245818026,15.166948886005095,15.53110101804851,6.83586942757839,0.969166045303969,1.0743961275892966,531,1067,106.2,0.10669999999999999,0.4695165808258787,0.38120000000000004,0.4431,0.07849999999999999,0.1062,5,5,2,True,True,3.3883237772268116,1.341782155263438,-4.323503272309259,14.672780252696604,5.557016486477284,3.709974271816845,1.199241740631501,1.679764449097816,237,477,0.09540000000000001,0.43420000000000003,0.0888,0.0864,3,5,5,-2.8038539202352664,-1.445653097087607,-10.500499409068675,0.5116547022088413,11.134703889516617,5.355179261702014,0.7642794048690164,0.7808569565442476,294,590,0.11800000000000002,0.45199999999999996,0.0682,0.126,2,5,5,-1.445653097087607,1.341782155263438,2.787435252351045,-2.787435252351045,3142,4,discounted_lints,hybrid,z24_a0p5_hybrid_corr5_stablehie5_top10,24
5,-0.1199092252725407,-0.6647575095658498,-12.920569254347491,18.960438413138704,13.561809173440498,7.497729700104396,0.9354956064073623,1.1994678668575194,470,945,94.0,0.09449999999999999,0.4419093847476857,0.38859999999999995,0.4446,0.07569999999999999,0.08630000000000002,5,5,2,True,True,3.54976250038904,1.2471535870877792,-3.162451264895483,16.645231420020036,5.771280589937755,4.013519273339776,1.1964044610126574,2.3261827728647484,200,403,0.0806,0.44959999999999994,0.0808,0.05840000000000001,3,5,5,-3.7252110315668334,-3.9804179589985167,-10.076791613287284,2.023473070302284,10.209943841546853,5.706465720518049,0.6330899407887767,0.7664177834419684,270,542,0.10840000000000001,0.4396,0.07060000000000001,0.1142,1,5,5,-3.9804179589985167,1.2471535870877792,5.2275715460862955,-5.2275715460862955,3143,4,discounted_lints,hybrid,z24_a0p5_hybrid_corr5_stablehie5_top10,24
5,0.3436431212390481,-0.14288866517268017,-11.909861075299643,11.635568017043841,11.913433476503933,6.269948227810556,0.9926274520626075,1.005912557014474,504,1013,100.8,0.10129999999999999,0.47080863068802625,0.35890000000000005,0.42400000000000004,0.0713,0.1018,5,5,2,True,True,3.1143915483015165,0.891603125787066,-5.26401262891839,13.720187159600616,5.390574123142578,4.089473611790269,1.0317847973068444,1.6425053413107584,221,444,0.0888,0.4242,0.07440000000000001,0.0758,4,5,5,-2.7726899081008183,-1.7959141335718631,-7.015125540782519,0.08545692439005936,7.241974309877652,4.480269851855995,0.7029772529837011,0.7400597139113658,283,569,0.11380000000000001,0.42380000000000007,0.06820000000000001,0.1278,1,5,5,-1.7959141335718631,0.891603125787066,2.687517259358929,-2.687517259358929,3144,4,discounted_lints,hybrid,z24_a0p5_hybrid_corr5_stablehie5_top10,24
5,2.0624568206556733,-0.1116263099888104,-10.84954287744625,22.127608600408454,12.183365914869382,7.556456854959897,0.9939473751960424,1.1058429219875268,530,1065,106.0,0.1065,0.4549112737909846,0.3581,0.4237,0.07649999999999998,0.1061,5,5,2,True,True,4.729850080499856,1.1021186537242933,-3.5315300169082464,21.586241750219592,7.515126286950102,4.459482387736233,1.1598023720469437,1.7532472685592435,231,464,0.0928,0.42679999999999996,0.0846,0.081,3,5,5,-2.7171987787969165,-1.2005138763414025,-9.062475686715777,0.48364920259491573,9.72336177508505,5.406086767999449,0.8339669839880839,0.7795232187378373,299,601,0.1202,0.42060000000000003,0.0684,0.1312,1,5,5,-1.2005138763414025,1.1021186537242933,2.302632530065696,-2.302632530065696,3145,4,discounted_lints,hybrid,z24_a0p5_hybrid_corr5_stablehie5_top10,24
5,-0.3587585302027314,0.8024542226453324,-12.166745978059367,11.141458704920893,13.324514300986202,7.06057858482461,1.0720727645761623,0.9711989065584954,478,961,95.6,0.09609999999999999,0.4597900011835184,0.37679999999999997,0.4383,0.0708,0.0925,5,5,3,True,True,3.7078151583054053,0.7981689665272462,-2.0946379107780744,12.762301724008008,4.336498666542276,3.6800451454745002,1.0494298534536455,1.3121291937807011,202,407,0.0814,0.4314,0.0758,0.06140000000000001,3,5,5,-3.9746046555126937,-3.329942878526382,-11.844006116761774,0.034874641096149794,12.073315559712029,5.814538596860812,0.7526494366244295,0.7435307505602086,276,554,0.11080000000000001,0.4452,0.0658,0.1236,1,5,5,-3.329942878526382,0.7981689665272462,4.128111845053628,-4.128111845053628,3146,4,discounted_lints,hybrid,z24_a0p5_hybrid_corr5_stablehie5_top10,24
5,0.42767888113961483,1.9838805199666298,-9.532325868716661,10.588630586998482,11.476877771501059,6.364945318130319,1.1130070473941927,1.0474822392059062,447,899,89.4,0.08990000000000001,0.4662917458695498,0.3931,0.449,0.0784,0.0829,5,5,3,True,True,2.8428283941372086,1.572675096445253,-3.718985739672165,13.190537654449773,6.173997601330483,4.004203778630899,1.267847992009911,1.676983195423182,184,371,0.07419999999999999,0.4464,0.088,0.0558,3,5,5,-2.360534656461799,-1.5053621545468077,-8.076783458773074,0.4353898384148014,9.784523731196426,4.899043807005867,0.8112358927061905,0.8367414926406325,263,528,0.1056,0.4516,0.0688,0.11000000000000001,1,5,5,-1.5053621545468077,1.572675096445253,3.0780372509920606,-3.0780372509920606,3142,5,discounted_lints,hybrid,z24_a0p5_hybrid_corr5_stablehie5_top10,24
5,0.8080382397194171,-0.9328206735559896,-9.35731523843424,15.606052255330205,10.903131486049256,6.659105348806591,0.9063922774152954,1.0299799792503574,474,953,94.8,0.09529999999999998,0.4748639496041453,0.3793,0.4385,0.08120000000000001,0.0866,5,5,2,True,True,3.7738376440217714,1.6386652508080912,-4.177409196295501,17.334460680655607,5.075242437314587,3.7744378019698255,1.2278073241863716,1.9080186855879908,202,407,0.0814,0.44399999999999995,0.088,0.06239999999999999,3,5,5,-2.911173084849872,-1.9296903214769956,-7.9298607044351765,-0.7603321265090557,8.874102787590743,4.813449158412901,0.6841553382563799,0.7199995999438629,272,546,0.1092,0.433,0.0744,0.11080000000000001,0,5,5,-1.9296903214769956,1.6386652508080912,3.568355572285087,-3.568355572285087,3143,5,discounted_lints,hybrid,z24_a0p5_hybrid_corr5_stablehie5_top10,24
5,1.319127764149186,0.7610980208787588,-7.800698393824613,14.074614577955803,10.133197677577478,5.689189298963003,1.053584764737995,1.1209917501971656,481,967,96.2,0.09669999999999998,0.48604533882785433,0.38770000000000004,0.4455,0.08469999999999998,0.0877,5,5,3,True,True,3.6488947144754036,1.4807038791163407,-2.393694978067684,14.776575839514017,4.326829488723027,3.3574939929008307,1.1831462958917638,1.9546001768204966,204,411,0.08220000000000001,0.4436,0.08940000000000001,0.0612,3,5,5,-2.2680428065400404,-0.6787012234564238,-6.547662634977902,-0.5739279087528804,8.32238430669191,4.369824720289775,0.8292450016478606,0.8160080094555384,277,556,0.11120000000000001,0.4474,0.07999999999999999,0.1142,0,5,5,-0.6787012234564238,1.4807038791163407,2.1594051025727645,-2.1594051025727645,3144,5,discounted_lints,hybrid,z24_a0p5_hybrid_corr5_stablehie5_top10,24
5,3.883785383267295,-1.6080126653198357,-8.588784111055759,27.071169898050407,9.765590618233988,6.255537074310714,0.8358398634079335,1.2396028071130112,480,965,96.0,0.09649999999999999,0.45323659633344865,0.3917,0.4519,0.08499999999999999,0.0892,5,5,2,True,True,5.82453360660522,0.7439985675325111,-1.6821967271381855,24.19516736342098,7.684892086770145,4.414614895628177,1.007133084293252,2.2324460079505406,203,409,0.08180000000000001,0.45999999999999996,0.08919999999999999,0.06000000000000001,3,5,5,-2.041320661375386,-2.3047344317077445,-7.0746919837971545,2.354482755228937,7.766103867242546,4.682866511578543,0.7719235109174831,0.8413725727067357,277,556,0.11120000000000001,0.4438,0.0808,0.11839999999999999,1,5,5,-2.3047344317077445,0.7439985675325111,3.0487329992402556,-3.0487329992402556,3145,5,discounted_lints,hybrid,z24_a0p5_hybrid_corr5_stablehie5_top10,24
5,1.597241052343073,-1.1205141222168313,-12.871691463176537,19.889441824393096,13.850546741029213,8.123038711888693,0.8934737411181735,1.0656959083161393,486,977,97.2,0.09769999999999998,0.4495402915127686,0.3859,0.44610000000000005,0.0844,0.09140000000000001,5,5,2,True,True,4.579878132542943,2.00389414012907,-4.281956334382741,20.756677571438797,8.872155611889742,5.0879514293023345,1.3479361742311262,1.7156059637142846,207,417,0.0834,0.4434,0.0958,0.06659999999999999,3,5,5,-3.037952695575674,-3.0334199875151846,-8.973997795861044,1.2509562638328475,9.473620624798107,5.40932563410035,0.6047997158664581,0.725222896339323,279,560,0.11200000000000002,0.4488,0.073,0.11620000000000001,1,5,5,-3.0334199875151846,2.00389414012907,5.037314127644255,-5.037314127644255,3146,5,discounted_lints,hybrid,z24_a0p5_hybrid_corr5_stablehie5_top10,24
5,3.3808200997715225,-0.6108754316868859,-8.253438430976923,26.37757023692209,10.578362063405267,7.824344789343725,0.9278310176692206,1.079317490154076,609,1221,121.8,0.12210000000000001,0.43208553911629793,0.4314,0.49959999999999993,0.07680000000000001,0.10879999999999998,5,5,2,True,True,6.818939414205312,5.258938500380772,-2.6617763250525006,26.31410038006916,8.872155611889742,4.248040591672031,1.320229148658622,1.1516754890595406,297,597,0.11939999999999999,0.518,0.0856,0.0986,3,5,5,-3.2958451145463763,-5.576546767138857,-6.816506377681364,1.4301896569876016,8.789528336188146,6.156287423070294,0.628188440736996,1.0392599219915386,312,624,0.12479999999999998,0.48119999999999996,0.068,0.119,2,5,5,-5.576546767138857,5.258938500380772,10.83548526751963,-10.83548526751963,3142,6,discounted_lints,hybrid,z24_a0p5_hybrid_corr5_stablehie5_top10,24
5,0.7606414322040678,0.06718765141984218,-12.99323489111921,21.687233027279838,14.407047389545335,8.5972937892472,0.9757869834250463,0.9737678927590018,611,1227,122.2,0.1227,0.4433975175718806,0.4222,0.49910000000000004,0.0794,0.10330000000000002,5,5,3,True,True,4.192770848644698,1.5770191189342642,-5.0873269924119,22.009326520220984,7.754342615912357,4.947770478955098,1.1490310649194506,1.298908274243701,277,557,0.11139999999999999,0.5226,0.0842,0.0868,3,5,5,-3.46430081123668,-2.898062291136505,-8.329665205061975,-0.2261977670841686,10.162383239497053,6.0563530849027725,0.7618952980293291,0.7367215743804285,334,670,0.134,0.4756,0.07460000000000001,0.11979999999999999,0,5,5,-2.898062291136505,1.5770191189342642,4.47508141007077,-4.47508141007077,3143,6,discounted_lints,hybrid,z24_a0p5_hybrid_corr5_stablehie5_top10,24
5,3.2434742975972375,1.1576979175432545,-6.890039253734503,22.50407067781397,9.795263811539822,6.9680587628560975,1.0616730938781727,1.0660625960507841,633,1270,126.6,0.127,0.4310821891924942,0.42989999999999995,0.5019,0.07809999999999999,0.10869999999999999,5,5,3,True,True,6.652193236921849,3.176743512754987,-3.758276372176861,25.150331392144242,7.914074444986097,4.343892325196586,1.3842319501455334,1.7786576246195032,295,593,0.1186,0.5184,0.08299999999999999,0.0902,4,5,5,-3.249015588769832,-2.0767566464051757,-7.1202285010986355,-1.9270479336020774,8.891465983719748,5.018115177310451,0.7274704805796076,0.7026610702943429,338,677,0.13540000000000002,0.4854,0.0732,0.1272,0,5,5,-2.0767566464051757,3.176743512754987,5.253500159160163,-5.253500159160163,3144,6,discounted_lints,hybrid,z24_a0p5_hybrid_corr5_stablehie5_top10,24
5,2.0268296295561234,-0.09044089032799185,-6.182480982731475,17.81267208091226,10.146298020982304,6.866718775858698,0.9697079868450802,1.0439406975958865,632,1269,126.4,0.1269,0.46075723729613893,0.4242,0.496,0.079,0.11480000000000001,5,5,2,True,True,4.24698041955651,0.9821055945853363,-2.72307782325959,17.112619771227024,4.226021316161899,3.6240847285817557,1.0885831341325571,1.3495679524754063,304,611,0.1222,0.5014000000000001,0.0772,0.09620000000000001,3,5,5,-2.214609752654788,-1.3290127647533678,-5.982071198645899,0.6358795822573704,10.146298020982304,5.896321157298301,0.8534235746605544,0.8270512568255206,328,658,0.1316,0.49060000000000004,0.0808,0.13340000000000002,1,5,5,-1.3290127647533678,0.9821055945853363,2.311118359338704,-2.311118359338704,3145,6,discounted_lints,hybrid,z24_a0p5_hybrid_corr5_stablehie5_top10,24
5,4.358832944154692,0.7395823298778526,-8.049175074816473,26.32598233043113,10.432013225891957,6.644300854493454,1.040540059723127,1.143022429367528,633,1269,126.6,0.12689999999999999,0.45265244559362205,0.42989999999999995,0.4979,0.0755,0.1079,5,5,3,True,True,6.851968280122071,1.8859177739530164,-3.192423632826835,24.749116434455654,7.762823504664807,4.345522672532989,1.2040745317269215,1.7520456456694578,299,601,0.1202,0.506,0.08180000000000001,0.09280000000000001,3,5,5,-2.4611747764199032,-3.2133360184832482,-5.016912543672081,1.3024018375209279,6.4935208368625545,4.992155808724151,0.7527750899797803,0.8014874106596253,334,668,0.1336,0.48979999999999996,0.06920000000000001,0.123,1,5,5,-3.2133360184832482,1.8859177739530164,5.099253792436265,-5.099253792436265,3146,6,discounted_lints,hybrid,z24_a0p5_hybrid_corr5_stablehie5_top10,24
5,-0.04267061714999123,-4.174672442848615,-7.634014491802244,15.528573237565336,11.260362059956353,7.95547202219733,0.7727024200746561,0.9270203757795944,757,1519,151.4,0.1519,0.4287438585056882,0.4474,0.5308999999999999,0.08320000000000001,0.1329,5,5,2,True,True,4.046482145063399,-0.460621586415888,-1.5066648559465712,16.781548801686785,4.491633070332613,3.739886415569309,0.9137255023209802,1.240416842179241,371,744,0.1488,0.5582,0.08600000000000001,0.11779999999999999,2,5,5,-4.008405994488919,-4.173880785007422,-6.146297315356053,-1.0354359620583065,10.314281353804732,6.510379976165365,0.6615912120865315,0.6954666436721848,386,775,0.155,0.5035999999999999,0.0804,0.148,0,5,5,-4.173880785007422,-0.460621586415888,3.713259198591534,-3.713259198591534,3142,7,discounted_lints,hybrid,z24_a0p5_hybrid_corr5_stablehie5_top10,24
5,-1.0988371019844003,-2.4312229478124836,-9.726602069845159,11.923109097266327,10.141321143297022,7.516406467528351,0.831682779789984,0.8957204645432018,723,1449,144.6,0.1449,0.4105165728580363,0.4518,0.5288,0.0754,0.11579999999999999,5,5,1,True,True,3.7246856129096217,2.2207478850631457,-3.5608160247483367,13.527363692061623,6.012936508262479,4.28740891799557,1.1509175750580631,1.2240775916548365,348,699,0.13979999999999998,0.5576000000000001,0.0786,0.1042,3,5,5,-4.673714047447384,-5.87455295951409,-7.717236188366217,-1.37416182984903,9.45481283957459,6.8397687128673,0.6338232089896881,0.6726497834283898,375,750,0.14999999999999997,0.5,0.07220000000000001,0.1274,0,5,5,-5.87455295951409,2.2207478850631457,8.095300844577235,-8.095300844577235,3143,7,discounted_lints,hybrid,z24_a0p5_hybrid_corr5_stablehie5_top10,24
5,0.39017670317728737,-1.526798178248212,-9.73590611479943,10.31673109871556,11.623618991586483,7.716536604807454,0.8781065694461591,0.93847004183646,723,1450,144.6,0.145,0.4495184038527692,0.4471,0.523,0.0791,0.118,5,5,2,True,True,4.660494537708596,1.669954120842565,-3.087829351278326,16.766884083265722,5.68928686605763,3.605886448106994,1.2088482168776542,1.3049041271170156,350,702,0.14040000000000002,0.5546,0.08180000000000001,0.10200000000000001,3,5,5,-4.11464966020217,-5.486312246883029,-6.791625045934035,1.5888307174406036,9.270487623826718,6.532451566104615,0.5906169293375503,0.6942207447708103,373,748,0.1496,0.49140000000000006,0.0764,0.13399999999999998,1,5,5,-5.486312246883029,1.669954120842565,7.156266367725594,-7.156266367725594,3144,7,discounted_lints,hybrid,z24_a0p5_hybrid_corr5_stablehie5_top10,24
5,1.8054762498247352,-0.19970930885691018,-9.097954105019813,19.034636824835726,12.55720462661678,7.701351674500122,0.9442979332313308,1.0455910564141448,716,1436,143.2,0.1436,0.4501008679333802,0.4532,0.5285,0.0741,0.1186,5,5,2,True,True,5.11315405068955,0.7325676924499813,-1.177107420986201,18.114011392114328,4.9248930297521865,3.7661431582274636,1.010829394323382,1.5000738685913568,356,715,0.14299999999999996,0.5686,0.08020000000000001,0.10999999999999999,3,5,5,-3.2078692523353,-2.233478700056901,-9.759030294436343,0.8176264525340482,11.854346439411644,6.612925689870096,0.7193901055623637,0.7888810686613296,360,721,0.1442,0.48840000000000006,0.068,0.1272,2,5,5,-2.233478700056901,0.7325676924499813,2.9660463925068825,-2.9660463925068825,3145,7,discounted_lints,hybrid,z24_a0p5_hybrid_corr5_stablehie5_top10,24
5,0.030809105142537162,-4.564461173219736,-13.287805379304308,15.446186096639192,14.336392735282077,8.429811213891778,0.7378222911654746,0.9243762770106491,749,1503,149.8,0.15030000000000002,0.41672578277191896,0.4444000000000001,0.5186999999999999,0.079,0.12389999999999998,5,5,2,True,True,4.25395102164932,0.7779898321036871,-6.424501245218151,18.942522072257795,7.188256705083029,4.2165874161265435,1.0714160683688072,1.2928504143889143,369,741,0.1482,0.55,0.0774,0.11639999999999999,3,5,5,-4.207094363460651,-5.273481335425423,-7.7955410862116326,2.1992712823391214,9.10563972925349,6.462352715415247,0.5480708958563407,0.673818081266224,380,762,0.1524,0.48739999999999994,0.0806,0.13140000000000002,1,5,5,-5.273481335425423,0.7779898321036871,6.05147116752911,-6.05147116752911,3146,7,discounted_lints,hybrid,z24_a0p5_hybrid_corr5_stablehie5_top10,24
5,3.370405612798108,-0.020169360741406628,-9.445145822999345,29.94537348961892,10.552273007082558,8.215237450532161,0.9809199566032518,1.0574444154389062,642,1288,128.4,0.1288,0.4360012784944292,0.414,0.49429999999999996,0.0733,0.11740000000000002,5,5,2,True,True,6.3501828226915915,2.2048149788212124,-4.506618862296774,27.405023981477616,9.703341034754509,4.457282538449476,1.2566054088524592,1.6090023178990678,308,618,0.1236,0.51,0.0802,0.10500000000000001,4,5,5,-3.0468168295438502,-2.790670146091756,-7.566725168592092,2.0325649783225375,9.005513680091127,6.042680171114503,0.6901312849784205,0.7443697085434375,334,670,0.134,0.4786,0.0664,0.1298,1,5,5,-2.790670146091756,2.2048149788212124,4.995485124912968,-4.995485124912968,3142,8,discounted_lints,hybrid,z24_a0p5_hybrid_corr5_stablehie5_top10,24
5,0.32000966718247453,0.6687181303308032,-15.092495699370955,21.42682636823303,16.808362217891403,8.297297743486427,1.0599366804978831,1.1529979661738141,626,1257,125.2,0.1257,0.45159414225665645,0.42160000000000003,0.4901,0.0777,0.1106,5,5,3,True,True,3.1520376673466837,2.3002699267278715,-4.133972757616111,15.635460130489488,5.553009430859968,4.039387434293578,1.3041483913913499,1.5909457352145437,302,607,0.1214,0.5098,0.07859999999999999,0.09759999999999999,3,5,5,-3.0655308244973134,-2.0544490772007262,-11.431080703957564,5.048087044924721,12.326220054867242,5.8230497101833345,0.8245062146289794,0.8474108726777668,324,650,0.13,0.4704,0.07680000000000001,0.1236,1,5,5,-2.0544490772007262,2.3002699267278715,4.354719003928597,-4.354719003928597,3143,8,discounted_lints,hybrid,z24_a0p5_hybrid_corr5_stablehie5_top10,24
5,1.2604349342944279,0.5831973310666649,-8.226506634654884,20.104995742691823,10.725204189557713,8.562668236806482,0.9469169906381195,0.9904350484201154,661,1326,132.2,0.1326,0.4217055325822561,0.40380000000000005,0.4829,0.0773,0.1272,5,5,3,True,True,4.712554612830877,3.1855163909594975,-3.467954895954184,20.73314935220454,9.01351250111616,4.841949229429632,1.166293229792997,1.3778388382189963,304,610,0.122,0.4902,0.0836,0.10600000000000001,3,5,5,-3.4187120367816632,-3.0174909195625266,-7.671931630049578,-0.4818168557470637,9.406434048034429,6.107895210074183,0.7649000010928675,0.7351470203414806,357,716,0.14320000000000002,0.4756,0.071,0.14840000000000003,0,5,5,-3.0174909195625266,3.1855163909594975,6.203007310522024,-6.203007310522024,3144,8,discounted_lints,hybrid,z24_a0p5_hybrid_corr5_stablehie5_top10,24
5,1.924110754026303,0.12761242278280793,-5.056815475946774,16.067323475756503,7.467400488258969,5.8153807989951405,0.9551566168668454,1.0456577613241989,632,1267,126.4,0.12669999999999998,0.42656307506369673,0.4133,0.4875,0.07120000000000001,0.1182,5,5,3,True,True,4.159670878032255,1.1122971688441563,-1.0762561935047876,16.405955840317652,4.414551685272972,3.725392044712399,1.0897697443296543,1.5892005481447435,298,599,0.11979999999999999,0.5045999999999999,0.06999999999999999,0.09899999999999999,3,5,5,-2.1679402120885465,-1.6513386021601129,-4.0417342427572445,-0.25312347829655746,6.6201193775533245,5.232442574586301,0.8419192502909326,0.7942083600488662,334,668,0.1336,0.4704,0.07239999999999999,0.13740000000000002,0,5,5,-1.6513386021601129,1.1122971688441563,2.763635771004269,-2.763635771004269,3145,8,discounted_lints,hybrid,z24_a0p5_hybrid_corr5_stablehie5_top10,24
5,2.2073337200587573,0.9425687343549205,-7.223342975752889,14.60863711132978,8.486147238016994,6.174892428044234,1.0428841660438606,1.0575835888167728,642,1287,128.4,0.12869999999999998,0.44299846080192956,0.41369999999999996,0.48460000000000003,0.079,0.11429999999999998,5,5,3,True,True,3.925928284207514,0.2069227657822914,-1.8179487888943968,13.74319688047294,5.37571249379053,3.818026044190561,0.992983472572351,1.38698994985691,307,617,0.1234,0.4948,0.0828,0.0988,3,5,5,-1.7259450925332254,-0.7100965214938637,-5.432542083852365,0.7990535467838233,6.8317697063364875,5.106837942614375,0.933131044599578,0.8456047572817619,335,670,0.13399999999999998,0.4744,0.0752,0.1298,2,5,5,-0.7100965214938637,0.2069227657822914,0.9170192872761551,-0.9170192872761551,3146,8,discounted_lints,hybrid,z24_a0p5_hybrid_corr5_stablehie5_top10,24
5,-0.08584055230948166,-1.6013351485687388,-13.019402949174774,16.165937616577853,13.617369943794843,8.51408730671245,0.8645146293754896,0.9804265451953554,624,1253,124.8,0.12530000000000002,0.4228107703577827,0.41609999999999997,0.49189999999999995,0.07599999999999998,0.11699999999999999,5,5,2,True,True,3.879724435503038,2.467318898242521,-5.387562957750347,16.846521739152177,5.685082156229482,4.16655802650739,1.201919818621849,1.2324243460704363,301,605,0.121,0.4984,0.0838,0.10579999999999998,3,5,5,-3.93194771383069,-2.304223498844915,-8.29934172535436,-0.5258839808341742,9.834810544404771,6.7072634937248266,0.8035694541047893,0.8226103126536085,323,648,0.1296,0.4854,0.06820000000000001,0.1282,0,5,5,-2.304223498844915,2.467318898242521,4.771542397087436,-4.771542397087436,3142,9,discounted_lints,hybrid,z24_a0p5_hybrid_corr5_stablehie5_top10,24
5,1.653056357197484,2.4139287406417687,-9.181392695707913,16.29605600074826,10.630100682133481,7.344288690039656,1.0882816953146737,0.9853293623513663,593,1188,118.6,0.11879999999999999,0.42756571519350023,0.42350000000000004,0.48179999999999995,0.07749999999999999,0.09620000000000001,5,5,3,True,True,4.205626514576791,2.760513975314982,-3.6434475000250655,19.059431798824612,7.633237870959009,4.472839968705642,1.2460749269744724,1.2964420871209346,283,569,0.11379999999999998,0.4984,0.08299999999999999,0.088,3,5,5,-2.4701805157248424,-1.7714961292478737,-7.4667429772669935,-0.30694931820475224,8.252971461678072,4.954198908982668,0.7303354601499092,0.7764959419764321,310,619,0.1238,0.4652,0.072,0.1044,0,5,5,-1.7714961292478737,2.760513975314982,4.532010104562856,-4.532010104562856,3143,9,discounted_lints,hybrid,z24_a0p5_hybrid_corr5_stablehie5_top10,24
5,2.345186338651659,0.2633116419943127,-6.309379791372227,21.404421302128984,9.96766771366736,7.627874784843132,0.9407891144976321,1.0469580677208667,605,1215,121.0,0.12150000000000001,0.4270512417071948,0.39990000000000003,0.46909999999999996,0.07569999999999999,0.1109,5,5,3,True,True,4.392884987773289,-0.15985249175116678,-3.9339823753959946,23.317505656513184,9.289864189887542,4.840170028661895,0.935544826015223,1.3846333165866125,291,583,0.1166,0.4788,0.0796,0.10400000000000001,2,5,5,-1.9544406936577552,-2.423944849885029,-3.689413531950636,0.5301624654316495,7.285698865365897,5.6422769445600025,0.7202816609663629,0.8086959954877184,314,632,0.1264,0.45940000000000003,0.0718,0.11779999999999999,1,5,5,-2.423944849885029,-0.15985249175116678,2.2640923581338623,-2.2640923581338623,3144,9,discounted_lints,hybrid,z24_a0p5_hybrid_corr5_stablehie5_top10,24
5,4.165727113156241,2.819671219698039,-8.998345252311013,27.510613470681268,10.53029769343664,7.1266024177117275,1.1774766593582517,1.1435109496426716,617,1239,123.4,0.12390000000000001,0.4568727465728255,0.3961,0.47140000000000004,0.0737,0.11520000000000001,5,5,3,True,True,6.222874724364987,2.1133050414972487,-3.6415886240948603,26.645523837845907,8.29758625195397,4.448897503210905,1.3338905957876581,1.6323691978817418,289,581,0.1162,0.4862,0.0742,0.09920000000000001,3,5,5,-2.103739660583035,-1.519359647977736,-5.488434811511455,0.7223859564367219,7.069090767245578,5.341266352316628,0.8785082022609283,0.8651781928976903,328,658,0.1316,0.4566,0.0732,0.1312,2,5,5,-1.519359647977736,2.1133050414972487,3.6326646894749848,-3.6326646894749848,3145,9,discounted_lints,hybrid,z24_a0p5_hybrid_corr5_stablehie5_top10,24
5,1.13185315607812,-0.27440639478679696,-10.736875931130175,17.83087119180027,14.454186905582155,8.68469524483741,0.9566356312216537,0.9863131516593988,625,1254,125.0,0.1254,0.4607287449392713,0.4098,0.47800000000000004,0.0779,0.1095,5,5,2,True,True,4.456784941904736,0.8830657716786927,-3.84068499958774,20.30792882434529,9.550710056815381,5.1199927055711445,1.070054559979916,1.4309783455435015,297,596,0.1192,0.4928,0.086,0.0946,3,5,5,-3.272565130378176,-2.021818372581352,-7.17163067510711,-1.1177425194849655,10.683016695794578,6.1688713033016285,0.6951612428774784,0.7227544040082999,328,658,0.1316,0.46319999999999995,0.0698,0.12440000000000002,0,5,5,-2.021818372581352,0.8830657716786927,2.904884144260045,-2.904884144260045,3146,9,discounted_lints,hybrid,z24_a0p5_hybrid_corr5_stablehie5_top10,24
5,3.404991181707916,-0.42412862034327814,-5.040347316238991,16.786666169459295,10.817064442097113,5.76734900043864,0.9597474155802238,1.1262356832937352,504,1011,100.8,0.10110000000000001,0.4455677409220562,0.4273999999999999,0.4763,0.09359999999999999,0.07730000000000001,5,5,2,True,True,5.345452887608788,1.8736358060752467,0.4098075787028366,15.647387108952593,4.4381559948589615,3.1097953394127797,1.2628530481425597,1.6234182256346341,226,454,0.09079999999999999,0.5032,0.0984,0.05820000000000001,5,5,5,-1.939377597007401,-2.255504486747195,-6.017191072567285,1.024885220724836,10.817064442097113,5.587769942983284,0.6455994518663133,0.7926153805025591,278,557,0.11139999999999999,0.44939999999999997,0.0888,0.09640000000000001,2,5,5,-2.255504486747195,1.8736358060752467,4.129140292822441,-4.129140292822441,3142,10,discounted_lints,hybrid,z24_a0p5_hybrid_corr5_stablehie5_top10,24
5,2.8838738863195297,0.8954748585821903,-9.469689230524981,18.896325021951842,10.601960571305735,5.619661164311314,1.0224147307350413,1.1778851303735696,509,1023,101.8,0.10229999999999999,0.43748184807771356,0.4244,0.4798,0.0997,0.0787,5,5,3,True,True,4.602949203792965,0.6498738450850361,-1.4185964456478128,15.771940610928258,4.384324258662408,3.5479726810022827,1.0417990191984825,1.6564666229970126,228,459,0.0918,0.49820000000000003,0.10800000000000001,0.0628,4,5,5,-1.7568386876534703,-1.0329467758219746,-8.166948830707465,2.7376564236332834,8.629551626219477,4.8760151820841875,0.9380598049513954,0.912202412619631,281,564,0.11280000000000001,0.4614000000000001,0.09140000000000001,0.0946,2,5,5,-1.0329467758219746,0.6498738450850361,1.6828206209070107,-1.6828206209070107,3143,10,discounted_lints,hybrid,z24_a0p5_hybrid_corr5_stablehie5_top10,24
5,4.434829043345941,2.866798486992783,-7.631669746149871,18.85860329530784,9.370328820504149,6.2235517378068455,1.1687791430562,1.1609701025788133,528,1061,105.6,0.1061,0.45522733174785407,0.42329999999999995,0.4768,0.09369999999999999,0.08059999999999999,5,5,4,True,True,5.649031277015459,2.0402672621812945,-1.0759821524073065,20.383578384772093,7.775423221245115,4.388917872313131,1.263535061194458,1.4466111065442733,243,489,0.09780000000000001,0.49539999999999995,0.10419999999999999,0.063,3,5,5,-1.1294733037139593,-0.7298407637853832,-6.626992854093916,3.6157930014373285,7.950647807049593,4.330963891195911,0.929687162651973,0.9744609246787871,285,572,0.11439999999999999,0.45820000000000005,0.0832,0.09819999999999998,1,5,5,-0.7298407637853832,2.0402672621812945,2.7701080259666777,-2.7701080259666777,3144,10,discounted_lints,hybrid,z24_a0p5_hybrid_corr5_stablehie5_top10,24
5,4.130867159731811,3.9316334327337277,-8.87741483641925,23.777249479045494,11.182103389354225,7.169126523599948,1.1740980169031503,1.2478880850723972,514,1031,102.8,0.10310000000000001,0.4478545977727242,0.43360000000000004,0.4918,0.0926,0.08879999999999999,5,5,3,True,True,5.966422979056881,3.6954044372826234,-4.306276748891225,20.957453735297427,8.975498933378734,4.244203014179456,1.7288973481338274,1.881405070542381,235,473,0.0946,0.51,0.1002,0.0718,4,5,5,-1.9022062738460455,-2.1662109197328028,-5.196292081198872,2.3700059392142148,7.082203321521863,5.102007072513279,0.84402835462266,0.8769025063407863,279,558,0.1116,0.47359999999999997,0.08499999999999999,0.1058,2,5,5,-2.1662109197328028,3.6954044372826234,5.861615357015426,-5.861615357015426,3145,10,discounted_lints,hybrid,z24_a0p5_hybrid_corr5_stablehie5_top10,24
5,1.933725979079925,-1.3179603713930677,-10.124392822511187,13.578295002474539,13.437369617784833,7.017352813186368,0.8816038434187391,1.038994566956228,523,1050,104.6,0.10500000000000001,0.4469834076322087,0.43410000000000004,0.48579999999999995,0.09230000000000001,0.07619999999999999,5,5,2,True,True,4.060454306627503,0.4793030586776936,-3.0660873007809175,14.205420198757167,5.375712493790541,4.344084877281156,0.9600035476964754,1.3882703922158726,241,485,0.097,0.5102,0.093,0.0642,3,5,5,-2.122814577381882,-1.7588064196803477,-8.621522085876121,2.945747739372395,10.934906030464997,5.667839765947806,0.8007836043024249,0.8150006798423226,282,565,0.11300000000000002,0.4614,0.0916,0.08820000000000001,1,5,5,-1.7588064196803477,0.4793030586776936,2.2381094783580413,-2.2381094783580413,3146,10,discounted_lints,hybrid,z24_a0p5_hybrid_corr5_stablehie5_top10,24
5,4.942955304905803,1.7840796001162396,-9.322252796607,24.192829889007594,12.695551275728068,6.7906646092425635,1.1423372112604968,1.2336448381982272,513,1030,102.6,0.10300000000000001,0.4672745568193772,0.429,0.4854,0.09440000000000001,0.0828,5,5,3,True,True,6.465079912089626,0.8128584047587317,-1.9343087010546878,22.173159893639593,7.515126286950102,4.1066822705347645,0.988298429811139,1.870040675088471,237,477,0.09540000000000001,0.5134000000000001,0.10540000000000001,0.0656,3,5,5,-1.6175830675935068,0.8019634710722645,-8.395130196613533,1.692052218555573,11.19308351354098,5.1584805627862185,1.0586900419840546,0.9494041915605228,276,553,0.11059999999999999,0.4574,0.0834,0.1,3,5,5,0.8019634710722645,0.8128584047587317,0.010894933686467212,-0.010894933686467212,3142,11,discounted_lints,hybrid,z24_a0p5_hybrid_corr5_stablehie5_top10,24
5,3.8433171438829783,0.9304726903636151,-4.744312106797411,19.761716557313314,6.273893939564346,5.049978875332357,1.09360883754201,1.18697326179577,526,1056,105.2,0.1056,0.45805320026967095,0.40990000000000004,0.46869999999999995,0.09440000000000001,0.08780000000000002,5,5,3,True,True,4.901825481451967,1.5699513253522257,-4.767218940845897,19.747486838042217,6.209181728732471,4.040356657863051,1.1961360600505038,1.4948936212238304,244,490,0.098,0.49119999999999997,0.10300000000000002,0.07039999999999999,3,5,5,-1.011348435425794,-0.5993578571286684,-4.433590607052363,1.173038422404371,6.273893939564346,4.032281205825572,0.9833266422729225,1.0322031334897033,282,566,0.11320000000000001,0.4462,0.0858,0.1052,2,5,5,-0.5993578571286684,1.5699513253522257,2.169309182480894,-2.169309182480894,3143,11,discounted_lints,hybrid,z24_a0p5_hybrid_corr5_stablehie5_top10,24
5,3.9843240459448963,2.2096886291471884,-10.192327029227732,17.850740065770164,12.189423382544273,6.672419171463554,1.2364670968239562,1.2026108538296367,513,1030,102.6,0.10300000000000001,0.4635965767326504,0.40709999999999996,0.4665,0.0995,0.08570000000000001,5,5,3,True,True,6.125420674175883,3.179531870873209,-1.8501603263412214,19.998043008734733,8.69861074158782,4.6382484302061355,1.4988791455823016,1.6726668569959462,246,495,0.099,0.4904,0.11399999999999999,0.0732,4,5,5,-2.088288058744438,-1.1852644475111362,-11.229114947391405,4.633298497303118,12.08909494663355,5.266438733725796,0.8131620057129647,0.8654871034833604,267,535,0.10700000000000001,0.4426,0.08499999999999999,0.0982,1,5,5,-1.1852644475111362,3.179531870873209,4.364796318384345,-4.364796318384345,3144,11,discounted_lints,hybrid,z24_a0p5_hybrid_corr5_stablehie5_top10,24
5,2.4102495402286257,0.1994181416017371,-9.770321604438315,19.00622232829159,12.139995510816014,7.20549008511077,1.0244478306649083,1.0406974311570472,484,972,96.8,0.0972,0.42430008546009673,0.43170000000000003,0.4875,0.09159999999999999,0.0754,5,5,3,True,True,5.053299066931311,2.3245958691799906,-3.535291503354021,19.38967721603495,7.5151262869501245,4.792032288697234,1.394410203244274,1.4725127084091238,221,445,0.089,0.5082000000000001,0.095,0.0568,3,5,5,-2.607796766618695,-1.859180200163757,-7.228011179870042,-0.2834078240350202,8.506049999890198,5.126820166717705,0.7294570192122465,0.7421018061711095,263,527,0.10540000000000001,0.4668,0.0882,0.094,0,5,5,-1.859180200163757,2.3245958691799906,4.183776069343748,-4.183776069343748,3145,11,discounted_lints,hybrid,z24_a0p5_hybrid_corr5_stablehie5_top10,24
5,3.4578968185790915,1.8614419896657575,-9.127633909319377,19.01647053623652,11.846299621963595,7.2573073573136835,1.169150150305506,1.1439750621850973,511,1026,102.2,0.1026,0.45034408671051124,0.4184,0.4718,0.0989,0.08330000000000001,5,5,3,True,True,6.238158260586938,1.9684688446750087,-2.470299604637749,20.787457379924888,9.512920926752555,5.002471990583162,1.229053830768465,1.9128313077843224,241,485,0.097,0.491,0.11400000000000002,0.06799999999999999,3,5,5,-2.6551060068256382,-1.4288633905658044,-9.095223633015003,-0.07441895714709323,9.986336926088068,5.268340942913928,0.868723476824441,0.807643518249094,270,541,0.1082,0.4526,0.0838,0.0986,0,5,5,-1.4288633905658044,1.9684688446750087,3.397332235240813,-3.397332235240813,3146,11,discounted_lints,hybrid,z24_a0p5_hybrid_corr5_stablehie5_top10,24
5,5.12371272857073,2.489051706059886,-6.368718885702118,25.690012402638217,9.688053478257041,6.1849724965793484,1.09705659816109,1.2457214332854445,508,1019,101.6,0.10190000000000002,0.4429820922401772,0.38639999999999997,0.4478,0.0827,0.0931,5,5,3,True,True,7.1361393129988695,2.722953533639094,0.18956716481119962,28.54481957333772,9.289864189887542,4.180023849634589,1.2492577328705186,1.2168755225247558,230,462,0.09240000000000001,0.4608,0.0918,0.0686,5,5,5,-1.8541813474675142,-0.7105833693070829,-6.75864845809685,0.5061590138075056,8.820422011469454,4.935384608912267,0.9789020765648193,1.2043103470515895,278,557,0.11140000000000001,0.43479999999999996,0.0736,0.11760000000000001,1,5,5,-0.7105833693070829,2.722953533639094,3.433536902946177,-3.433536902946177,3142,12,discounted_lints,hybrid,z24_a0p5_hybrid_corr5_stablehie5_top10,24
5,0.7688436349259711,-1.0196564153412413,-10.656517226577522,18.438098411046244,12.350343417766874,7.301400867467717,0.9083257564637391,1.0902906277449418,513,1030,102.6,0.10300000000000001,0.45878991220305343,0.3795,0.4412999999999999,0.0853,0.0903,5,5,2,True,True,3.50784119199536,0.42438982486963095,-3.5937312351920103,15.530114721644829,5.0475100659349454,3.9026849657730174,0.9608803773370252,1.6261641351924492,217,436,0.0872,0.4588,0.089,0.0632,3,5,5,-2.794181406021763,-2.497466158201833,-8.172238732009996,2.5559254553795485,9.91413879710461,5.579526464964834,0.7328177594142395,0.8194080874066731,296,594,0.11879999999999998,0.42379999999999995,0.08159999999999999,0.11739999999999999,1,5,5,-2.497466158201833,0.42438982486963095,2.921855983071464,-2.921855983071464,3143,12,discounted_lints,hybrid,z24_a0p5_hybrid_corr5_stablehie5_top10,24
5,2.5065243619039363,1.794218285892879,-11.341872542278963,20.430417467253115,12.39699353789694,7.549206022188383,1.1561215213059448,1.0963801939409574,503,1011,100.6,0.1011,0.42832766155314184,0.41050000000000003,0.4667,0.0874,0.09319999999999999,5,5,3,True,True,6.148331607587977,1.9206209940793473,-0.8437200441184234,23.57281914901059,7.665059610272196,4.043723487127864,1.2013588575002976,2.0240286988629315,212,427,0.0854,0.485,0.0884,0.06999999999999999,3,5,5,-3.538206859751058,-2.5060258633889054,-10.587481199205506,1.212152584842796,10.719877232734765,5.841671905385657,0.6297261575215795,0.7362852017257815,291,584,0.11680000000000001,0.4484,0.0864,0.11639999999999999,1,5,5,-2.5060258633889054,1.9206209940793473,4.426646857468253,-4.426646857468253,3144,12,discounted_lints,hybrid,z24_a0p5_hybrid_corr5_stablehie5_top10,24
5,5.856361584110137,3.472408909526159,-6.004757934136762,20.882257911098524,9.674325772964687,5.680022449419444,1.368157352590069,1.2625407995135987,534,1072,106.8,0.1072,0.4781245900318579,0.3868,0.457,0.0871,0.10289999999999999,5,5,3,True,True,7.116482508679558,2.9343641417227007,-2.726210622797709,24.81643036530894,8.872155611889754,4.21561187739872,0.961371656880444,1.2161497221503437,244,491,0.09820000000000001,0.4766,0.0954,0.0874,3,5,5,-1.1311703507113124,-0.30979955180777674,-5.434169409603928,2.582660865063935,8.056985551850204,4.876669977380226,1.197691884672682,1.2718275793555116,290,581,0.1162,0.43739999999999996,0.0788,0.11839999999999999,2,5,5,-0.30979955180777674,2.9343641417227007,3.2441636935304774,-3.2441636935304774,3145,12,discounted_lints,hybrid,z24_a0p5_hybrid_corr5_stablehie5_top10,24
5,2.8680163519166753,0.6837597693715836,-8.2520093148153,20.355916507750614,10.224001479142498,7.087628012415483,1.0489846346952387,1.123554412551621,529,1063,105.8,0.10629999999999999,0.4520398309589028,0.378,0.4447,0.0846,0.10289999999999999,5,5,3,True,True,5.806795925361188,2.2185220400620764,-2.1932938342159036,22.026206650064672,9.01351250111615,4.146275673415632,1.299989318018577,1.8101801417033294,243,488,0.09759999999999999,0.44880000000000003,0.0914,0.08420000000000001,3,5,5,-2.8215795346207444,-1.47136682649468,-7.589167484467508,-0.4846716228247505,8.499238851104895,5.340190627208104,0.8008767431183894,0.7611057211401092,286,575,0.11499999999999999,0.44060000000000005,0.0778,0.1216,0,5,5,-1.47136682649468,2.2185220400620764,3.6898888665567564,-3.6898888665567564,3146,12,discounted_lints,hybrid,z24_a0p5_hybrid_corr5_stablehie5_top10,24
5,5.124151120969723,1.3968834098936567,-7.885691315630671,20.85972614949343,9.695499891367398,5.926068631159886,1.1596155519278153,1.238257541796761,448,900,89.6,0.09,0.4564972211201649,0.42590000000000006,0.47619999999999996,0.0921,0.0722,5,5,3,True,True,7.523354116309983,2.5385514601573123,-0.5802239735508752,22.284929288073506,7.515126286950102,3.4630803600739357,1.4285941201934793,2.2995940840222375,188,379,0.0758,0.5142,0.0946,0.0518,4,5,5,-2.3209925518205976,-1.1280258281057942,-7.34810279610395,0.5098742966949121,7.649630603803759,4.705692111704138,0.7666224293976391,0.7784686801074157,260,521,0.1042,0.4382,0.0896,0.0926,1,5,5,-1.1280258281057942,2.5385514601573123,3.6665772882631065,-3.6665772882631065,3142,13,discounted_lints,hybrid,z24_a0p5_hybrid_corr5_stablehie5_top10,24
5,2.740509975000431,-0.15792243259461491,-6.077411046132686,15.451524305055674,9.303556505479616,5.466341123726816,0.9802533482341101,1.1394912560231945,434,872,86.8,0.0872,0.4547567789712314,0.40969999999999995,0.45339999999999997,0.0993,0.06659999999999999,5,5,2,True,True,5.390224994533955,1.4833605262106753,-1.3957335281607475,15.66730802098868,4.543350362764209,3.5139950860440976,1.1711322182474055,1.6296235838484354,185,373,0.0746,0.4768,0.10500000000000001,0.0492,4,5,5,-2.593635732966282,-1.587242664215005,-7.318180014282561,-0.13302800313725882,8.741124948263368,4.863488522886789,0.8046551710599134,0.8549929862876532,249,499,0.09980000000000001,0.43,0.09359999999999999,0.084,0,5,5,-1.587242664215005,1.4833605262106753,3.0706031904256803,-3.0706031904256803,3143,13,discounted_lints,hybrid,z24_a0p5_hybrid_corr5_stablehie5_top10,24
5,3.075798666538017,-0.16192207502438993,-4.945887471871291,13.663330952094622,7.786306995092717,5.295548666571603,0.9718562159128696,1.1360801733511443,443,890,88.6,0.089,0.4738617945803275,0.4021,0.4548,0.0967,0.07339999999999999,5,5,2,True,True,5.359929402215156,2.3766266091258093,-1.3640599456987035,14.43824442001851,4.6934057714168915,3.4762231070035243,1.207312228740911,1.4758624174100785,188,379,0.0758,0.47040000000000004,0.10200000000000001,0.0498,4,5,5,-2.178156595389722,-0.8499810915254091,-7.152525262386766,-0.5461188878458922,7.786306995092717,4.724713090560717,0.9200444128790275,0.9393646757187121,255,511,0.10220000000000003,0.43920000000000003,0.0914,0.09700000000000002,0,5,5,-0.8499810915254091,2.3766266091258093,3.2266077006512184,-3.2266077006512184,3144,13,discounted_lints,hybrid,z24_a0p5_hybrid_corr5_stablehie5_top10,24
5,2.8109409235426708,-0.7466723262749331,-6.608762950930325,15.056876838228339,9.246820582137772,5.246276461718127,0.916469099927458,1.1378845361443408,451,906,90.2,0.09059999999999999,0.46735170250080404,0.3984,0.4532,0.09759999999999999,0.0774,5,5,2,True,True,4.6948777194036095,1.3029900212691903,-1.9296661730874742,16.607754012525522,4.543350362764187,3.5588543739289036,1.1210225532807898,1.588459266004557,196,395,0.07899999999999999,0.4716,0.1022,0.06000000000000001,4,5,5,-1.8094745874331064,-1.2770806031070503,-6.659500409730956,0.5525133207981092,8.301396791731563,4.586012993774446,1.007084457138466,0.920787601939103,255,511,0.1022,0.43479999999999996,0.093,0.0948,2,5,5,-1.2770806031070503,1.3029900212691903,2.5800706243762406,-2.5800706243762406,3145,13,discounted_lints,hybrid,z24_a0p5_hybrid_corr5_stablehie5_top10,24
5,2.883107408131229,1.2037384947297447,-6.629630194059455,13.352809850286063,9.968308248365588,5.494135245139551,1.101888764133262,1.157394345965907,427,858,85.4,0.08579999999999999,0.4794749956286063,0.42469999999999997,0.4694,0.0906,0.0703,5,5,3,True,True,5.608775873188416,2.665796381777885,-2.091091199815276,17.03396515287703,4.543350362764187,3.3279484548628764,1.4024828537839629,1.8586914869834206,180,363,0.0726,0.49060000000000004,0.09479999999999998,0.0516,4,5,5,-2.542398504268477,-1.3939559610051333,-7.7004896662070665,0.43382558313753705,9.458038561001747,5.027184631811982,0.9376792060375372,0.8782230721534331,247,495,0.099,0.44820000000000004,0.0864,0.089,1,5,5,-1.3939559610051333,2.665796381777885,4.059752342783018,-4.059752342783018,3146,13,discounted_lints,hybrid,z24_a0p5_hybrid_corr5_stablehie5_top10,24
5,1.8120728434793552,1.730555661551847,-9.009586706752593,13.325867628871425,11.114936904969719,5.854611746583518,1.2119958198974377,1.1187628008304016,483,969,96.6,0.0969,0.4566111600541981,0.4104,0.4631,0.08639999999999999,0.08310000000000001,5,5,3,True,True,3.6677614744682985,2.1995675129580894,-1.5749516637530658,15.40179269527262,4.555215383255828,3.5958362206744043,1.2213223230712722,1.9631343256779565,224,451,0.0902,0.48900000000000005,0.09319999999999999,0.06920000000000001,3,5,5,-1.8248021049431173,-1.7616557616559114,-7.627007835773192,3.1658765298955283,8.341502817721015,4.560656587116048,0.6598351936993385,0.815752758843049,259,518,0.1036,0.4372,0.0796,0.097,1,5,5,-1.7616557616559114,2.1995675129580894,3.961223274614001,-3.961223274614001,3142,14,discounted_lints,hybrid,z24_a0p5_hybrid_corr5_stablehie5_top10,24
5,2.6926586531721837,3.4563008071199386,-9.596382837609042,15.43376096483966,10.745840902836512,5.5996260439738155,1.350850165447249,1.2193864915628048,496,996,99.2,0.0996,0.4667763512188163,0.3993,0.4563,0.0893,0.0859,5,5,3,True,True,4.617818690945376,2.88146761999577,-4.05182661891782,15.360470256711123,5.079214123324394,3.5582738033568546,1.6248244853794502,1.7886669442488075,230,463,0.0926,0.4766,0.092,0.073,3,5,5,-1.9162542746359201,-0.5033670336898832,-8.781991987747972,0.589526574628052,9.113030302810277,4.280293546621783,0.9563592554084984,0.9179301042540351,266,533,0.10659999999999999,0.43600000000000005,0.0866,0.0988,2,5,5,-0.5033670336898832,2.88146761999577,3.3848346536856533,-3.3848346536856533,3143,14,discounted_lints,hybrid,z24_a0p5_hybrid_corr5_stablehie5_top10,24
5,-0.16007944977037597,-0.6146150456218358,-11.684174954586467,12.5485743382864,12.98342500735934,7.024246408532695,0.9418212261964678,1.012676523560265,487,979,97.4,0.09789999999999999,0.4334359405723146,0.4042,0.4615,0.0924,0.08410000000000001,5,5,2,True,True,3.8441667920392093,1.3327646933291248,-2.729160126551111,15.104895771039772,4.711472087770286,3.628475247703689,1.1203993828738326,2.060732843091004,211,425,0.085,0.47059999999999996,0.0934,0.0626,3,5,5,-3.8785103664566996,-2.18341478324916,-10.483022297678946,-0.6807275788900502,10.791301292100819,5.870635070141741,0.7418577913554039,0.7026160606762721,276,554,0.11080000000000001,0.4524,0.0914,0.1056,0,5,5,-2.18341478324916,1.3327646933291248,3.516179476578285,-3.516179476578285,3144,14,discounted_lints,hybrid,z24_a0p5_hybrid_corr5_stablehie5_top10,24
5,2.0214990984534342,1.714240715509674,-7.499801311479814,14.845881383976266,10.042725607195035,5.373497747387659,1.133272891854165,1.1797971567947436,467,939,93.4,0.09390000000000001,0.45434673384168234,0.4090999999999999,0.45810000000000006,0.08159999999999999,0.08460000000000001,5,5,3,True,True,4.427412345859534,3.450746161880258,-1.9031807262980593,15.077757245670508,4.414551685272983,3.439348681022902,1.413075345475428,1.6031677393042991,199,401,0.0802,0.47219999999999995,0.08159999999999999,0.0622,4,5,5,-2.3487909699926757,-1.287444416748884,-7.714925524246752,-0.14953119475501486,9.983404253817751,5.070861739896914,0.7936563334213739,0.9180149707111689,268,538,0.1076,0.44399999999999995,0.08159999999999999,0.10700000000000001,0,5,5,-1.287444416748884,3.450746161880258,4.738190578629142,-4.738190578629142,3145,14,discounted_lints,hybrid,z24_a0p5_hybrid_corr5_stablehie5_top10,24
5,4.031881410970548,2.677290809810917,-9.527293214721189,22.300690333931694,11.239564655042255,7.067862970012446,1.244104162997598,1.2529491408065572,466,936,93.2,0.0936,0.4554284051675266,0.4199,0.46959999999999996,0.08729999999999999,0.07360000000000001,5,5,3,True,True,6.731443819250065,3.28354125976833,-0.9716833385117418,21.157492921575027,9.410187759377964,4.377796777775546,1.5606197882656936,2.335234013160071,204,411,0.0822,0.49240000000000006,0.0918,0.05620000000000001,4,5,5,-2.6825547794015447,-0.5567274024697144,-10.523379168103887,0.9818138050419201,11.239564655042255,5.614529153274228,0.9567046365967953,0.8115361996189001,262,525,0.10500000000000002,0.4468,0.0828,0.091,1,5,5,-0.5567274024697144,3.28354125976833,3.8402686622380444,-3.8402686622380444,3146,14,discounted_lints,hybrid,z24_a0p5_hybrid_corr5_stablehie5_top10,24
5,2.366473025443605,0.10305191675792358,-9.364813899334546,14.757956578198739,12.964773396626706,6.165733813732386,1.023172474237567,1.1191040696719259,438,880,87.6,0.088,0.46077357425183507,0.4231,0.465,0.10469999999999999,0.061399999999999996,5,5,3,True,True,4.536253798463831,1.2891536369429524,-2.500488729431638,14.258598940399647,4.826805173500337,3.216014360477139,1.166990765379411,1.722539821016412,192,387,0.0774,0.4816,0.11639999999999999,0.039999999999999994,4,5,5,-2.1694246946468843,-1.1407898108505177,-7.040368798212637,0.4755072437244712,9.559257707754254,5.305612403893134,0.8816521255557079,0.8063037570952083,246,493,0.09860000000000001,0.4484,0.093,0.08280000000000001,1,5,5,-1.1407898108505177,1.2891536369429524,2.42994344779347,-2.42994344779347,3142,15,discounted_lints,hybrid,z24_a0p5_hybrid_corr5_stablehie5_top10,24
5,2.7054201202991672,0.07174652804855519,-2.335727462727155,12.367635931764887,8.78270783373839,5.329713261515339,1.0234739443979348,1.1158306249380845,463,930,92.6,0.093,0.44580076020548864,0.4085,0.46159999999999995,0.1101,0.0708,5,5,3,True,True,4.949640182706267,1.5047082986021643,-1.2863202211584213,13.529775961812796,3.9252074562658,3.3351139667358787,1.1946619569767591,1.7780551037969878,206,415,0.08299999999999999,0.49800000000000005,0.12240000000000002,0.049,4,5,5,-2.088976131862908,-1.3174908090717752,-4.386196629018347,0.028048998639818024,7.36357760750892,4.787131860611268,0.8039201552989664,0.802831717279413,257,515,0.10299999999999998,0.42519999999999997,0.0978,0.0926,1,5,5,-1.3174908090717752,1.5047082986021643,2.8221991076739394,-2.8221991076739394,3143,15,discounted_lints,hybrid,z24_a0p5_hybrid_corr5_stablehie5_top10,24
5,3.3143789248964395,1.7033019695241514,-7.4968601922141165,16.554066678528233,10.898421874657183,6.307221869757828,1.1992181849116628,1.1463761516930684,443,890,88.6,0.089,0.4593095132104823,0.4244,0.47490000000000004,0.1041,0.06680000000000001,5,5,3,True,True,6.547841785705842,3.127800721498031,-0.028998721679418527,17.79899705910333,3.8139324083651838,2.9824044888527963,1.585860720108217,1.9063842368657231,197,397,0.0794,0.49820000000000003,0.11480000000000001,0.054000000000000006,4,5,5,-3.115995551768662,-1.3509472749470008,-8.390542739628625,-1.0189324656892373,9.901593292006494,5.832803162296655,0.7946177244638913,0.7271969099267627,246,493,0.09860000000000001,0.4516,0.09340000000000001,0.0796,0,5,5,-1.3509472749470008,3.127800721498031,4.478747996445032,-4.478747996445032,3144,15,discounted_lints,hybrid,z24_a0p5_hybrid_corr5_stablehie5_top10,24
5,3.153811597259477,1.4041183430303805,-6.658211976036654,14.684042402548192,9.882202655346129,5.463617399758576,1.1956245993351473,1.2004674420672465,453,910,90.6,0.091,0.47184531228239657,0.4285,0.47119999999999995,0.1006,0.07089999999999999,5,5,3,True,True,5.601761291582138,2.465774258176001,1.4130034283625248,14.875758193215628,4.032003039273491,3.0679982380165876,1.5784082695525543,1.9039712658464965,197,397,0.0794,0.49400000000000005,0.10719999999999999,0.0524,5,5,5,-2.3681675181426587,-1.0057835124442915,-7.958757882662093,-0.1290597785993941,9.509696570420356,5.1689228772466445,0.866844165729142,0.7888033415573752,256,513,0.10260000000000002,0.4484,0.094,0.08940000000000001,0,5,5,-1.0057835124442915,2.465774258176001,3.4715577706202927,-3.4715577706202927,3145,15,discounted_lints,hybrid,z24_a0p5_hybrid_corr5_stablehie5_top10,24
5,2.954181970842227,0.7931483420360097,-5.281829944824212,14.497369250907099,8.725757076055828,5.416400872011131,1.1149907434613777,1.1093863362809937,453,910,90.6,0.091,0.4399387315780758,0.42569999999999997,0.47139999999999993,0.1066,0.0655,5,5,3,True,True,5.62115594753875,1.2655881168631922,0.7398438619778736,16.640426581594458,3.813932408365195,2.8803331784902064,1.0997721800799793,1.7028067062057772,214,431,0.0862,0.5035999999999999,0.11359999999999999,0.05120000000000001,5,5,5,-2.553427114384914,-1.7997249459956954,-5.977450009801766,-0.3821245368545112,7.760703714575978,4.956540573562702,0.7025084177633699,0.7762729502799197,239,479,0.09580000000000001,0.43920000000000003,0.0996,0.07980000000000001,0,5,5,-1.7997249459956954,1.2655881168631922,3.0653130628588876,-3.0653130628588876,3146,15,discounted_lints,hybrid,z24_a0p5_hybrid_corr5_stablehie5_top10,24
5,-0.540357899068449,2.515021952813168,-13.064704776876068,10.96635235364638,15.450725669515053,9.421501395121597,1.14475416622938,0.9365265962737098,645,1294,129.0,0.12940000000000002,0.44555990127642026,0.44670000000000004,0.5114,0.0918,0.09910000000000001,5,5,3,True,True,5.629756536444394,0.8660077548844125,-1.9393947286125646,17.731138408738943,5.196529568518116,3.65383936906881,1.1174082796421152,1.5811138157738416,316,634,0.1268,0.5328,0.1012,0.088,3,5,5,-5.9101918745745285,-5.7100619150807,-11.715273220229328,1.634856216314251,12.919629044877745,7.914219482995921,0.5354997831118552,0.6470205420473059,329,660,0.132,0.49000000000000005,0.0824,0.11019999999999999,1,5,5,-5.7100619150807,0.8660077548844125,6.576069669965112,-6.576069669965112,3142,16,discounted_lints,hybrid,z24_a0p5_hybrid_corr5_stablehie5_top10,24
5,-0.31525342828261743,-1.9572192450436177,-7.174614379868382,15.06089816080971,11.586682543144633,7.5578086789631005,0.8812658503904174,0.9485966660820525,677,1359,135.4,0.13590000000000002,0.4176246121478406,0.45779999999999993,0.5313000000000001,0.0901,0.1044,5,5,1,True,True,4.399803864557163,0.6192754723183702,-1.3481459680161456,15.968894349953121,4.359465568587561,3.654975336859392,0.9808021981208024,1.3414527357159298,339,681,0.13620000000000002,0.5578,0.0992,0.0944,3,5,5,-4.551909632439841,-4.713449153547932,-8.725079751616349,-0.7453688336062747,10.423811464813348,7.302312130918975,0.6318792995822865,0.6750123184230375,338,678,0.1356,0.5048,0.08100000000000002,0.11439999999999999,0,5,5,-4.713449153547932,0.6192754723183702,5.332724625866303,-5.332724625866303,3143,16,discounted_lints,hybrid,z24_a0p5_hybrid_corr5_stablehie5_top10,24
5,1.615448475538401,-0.04216106374616002,-9.488037737996946,14.517895266980329,11.843161812078119,6.921970954940875,0.9865006175427867,1.005773346675972,676,1357,135.2,0.1357,0.43996919602136997,0.44329999999999997,0.5165,0.09359999999999999,0.1086,5,5,2,True,True,3.1883535419316216,-0.04695304049695537,-5.673514341273989,15.833798663138477,7.297735350353651,4.513380194948406,0.9097146190086056,1.1909653269123617,337,677,0.13540000000000002,0.5466,0.1002,0.101,2,5,5,-1.601547391012166,-1.0971681371896413,-5.749805873172809,2.773788237165231,8.25979467487976,5.413057413095226,0.8390671563541654,0.8870156931061066,339,680,0.136,0.48640000000000005,0.087,0.1162,2,5,5,-1.0971681371896413,-0.04695304049695537,1.050215096692686,-1.050215096692686,3144,16,discounted_lints,hybrid,z24_a0p5_hybrid_corr5_stablehie5_top10,24
5,-0.7293996031705217,0.6991862970542551,-10.063201118224596,7.724949783319213,11.874201062155521,6.826100489927716,0.9563642455571624,0.9436141762192684,662,1329,132.4,0.13290000000000002,0.4518235192848553,0.4547,0.5255,0.0938,0.1048,5,5,3,True,True,2.1244479861583754,1.2473831503967636,-4.522033646384571,10.174202312126734,7.58148914739194,4.87947138230089,1.1297594342898323,1.145534610598025,316,635,0.127,0.5514,0.09720000000000001,0.09,4,5,5,-2.8100816266990654,-2.712193988171807,-5.803608605693977,-0.45902656955981724,7.730503057795069,5.303304581333654,0.7679772480172393,0.7881255795148127,346,694,0.1388,0.49960000000000004,0.09040000000000001,0.11960000000000001,0,5,5,-2.712193988171807,1.2473831503967636,3.9595771385685707,-3.9595771385685707,3145,16,discounted_lints,hybrid,z24_a0p5_hybrid_corr5_stablehie5_top10,24
5,0.743444458026221,-0.6233889089603317,-9.914774407699145,13.956421394522089,11.034292224471642,7.015675101037919,0.9452200940223876,0.9776648407468794,670,1343,134.0,0.1343,0.4417524506543165,0.44980000000000003,0.5123,0.0865,0.1008,5,5,2,True,True,4.411851059861895,0.16490150185293206,-4.296147258077609,15.053845901028362,7.802582298003191,4.474901681539798,0.9753423124629158,1.3656026933587537,324,650,0.13,0.5373999999999999,0.0896,0.09280000000000001,3,5,5,-3.547161313468596,-3.0373949380460674,-8.112942846343717,-0.7869926481170464,8.632776979043754,5.907410732091902,0.7488083638781637,0.7332074380539115,346,693,0.1386,0.48719999999999997,0.0834,0.10880000000000001,0,5,5,-3.0373949380460674,0.16490150185293206,3.2022964398989995,-3.2022964398989995,3146,16,discounted_lints,hybrid,z24_a0p5_hybrid_corr5_stablehie5_top10,24
5,3.731050099690113,0.48028601027725326,-6.327661784501936,20.592972507430574,8.99611749461291,6.383450935768096,1.0625128446620589,1.1580698892460028,480,964,96.0,0.0964,0.4583981181872493,0.4015000000000001,0.45719999999999994,0.0914,0.0821,5,5,3,True,True,5.083696263573986,2.4461965574649858,-5.159471814704986,21.88739290064483,8.698610741587787,4.665200945948085,1.4363508466720425,2.5533964792340407,200,403,0.0806,0.4676,0.0938,0.056600000000000004,4,5,5,-1.3044595009927762,-1.1575957067508913,-4.504951585197503,2.0537505278980683,7.028952097107666,4.43860784011706,0.7839153158460425,0.8290358883934037,280,561,0.1122,0.4468,0.089,0.1076,1,5,5,-1.1575957067508913,2.4461965574649858,3.603792264215877,-3.603792264215877,3142,17,discounted_lints,hybrid,z24_a0p5_hybrid_corr5_stablehie5_top10,24
5,2.597143255807108,-0.6671722934373348,-10.931351951739721,24.258615102308156,13.813717688333416,7.941093343700226,0.911216437758014,1.116145972667007,433,870,86.6,0.087,0.4438121408806537,0.42400000000000004,0.47289999999999993,0.0866,0.06770000000000001,5,5,2,True,True,5.123407867161447,1.480402165747896,-4.361867059957191,23.718037260685488,7.633237870958975,4.931106197131618,1.1722852728582673,2.179398169333976,179,361,0.0722,0.4998,0.0798,0.0466,3,5,5,-2.568611362319917,-2.0864614197446785,-8.27185714957589,0.47500215240481314,10.187232833000115,5.363793534019978,0.6663427301152564,0.7422547315306777,254,509,0.1018,0.446,0.0934,0.08880000000000002,1,5,5,-2.0864614197446785,1.480402165747896,3.5668635854925745,-3.5668635854925745,3143,17,discounted_lints,hybrid,z24_a0p5_hybrid_corr5_stablehie5_top10,24
5,2.8490661193475537,0.7883935154095134,-9.851487806605952,16.167433079146033,10.991169340402562,5.394787460994176,1.0955716048643185,1.2223858359088382,472,948,94.4,0.0948,0.43448707058463654,0.38339999999999996,0.4406,0.08410000000000001,0.0923,5,5,3,True,True,4.93415004667781,2.2344126656601793,-2.453965756809229,18.088177361607617,4.710883872920868,3.3921751103612374,1.4028976175186574,1.7099890412833432,205,412,0.0824,0.4572,0.0886,0.07039999999999999,3,5,5,-2.05236238233939,-1.384303295885747,-9.72549339629084,3.0964222093379457,10.053107660298444,4.8926061997676085,0.8856500680155194,0.9536892173090029,267,536,0.10719999999999999,0.42400000000000004,0.0796,0.11420000000000001,1,5,5,-1.384303295885747,2.2344126656601793,3.6187159615459263,-3.6187159615459263,3144,17,discounted_lints,hybrid,z24_a0p5_hybrid_corr5_stablehie5_top10,24
5,3.883293272252723,1.0393471326374693,-5.297833219188586,20.4839264907394,10.421192837988036,6.675327732913905,1.1043603290794823,1.1814624821090611,502,1008,100.4,0.1008,0.45290256533894435,0.39180000000000004,0.44849999999999995,0.0861,0.0892,5,5,3,True,True,5.397874304756611,2.5890169954406517,-1.9250650014156157,19.231864211761263,9.2376675234222,4.382085144856482,1.40163703820206,1.7725640775380078,221,444,0.08880000000000002,0.45920000000000005,0.095,0.067,4,5,5,-1.5607675539004684,-1.4805927843990707,-5.045178603096312,1.0883981707189738,8.235050379073872,5.212703240606802,0.8179851309661482,0.8437158307361872,281,564,0.11280000000000001,0.4378,0.0772,0.11140000000000001,2,5,5,-1.4805927843990707,2.5890169954406517,4.069609779839722,-4.069609779839722,3145,17,discounted_lints,hybrid,z24_a0p5_hybrid_corr5_stablehie5_top10,24
5,1.1360838903945365,2.485390379447261,-8.910512784031855,14.230392924459512,10.534519135355458,6.661175277728371,1.2560345958966073,1.1500645330478414,457,918,91.4,0.09179999999999999,0.45199602558786633,0.4086,0.45649999999999996,0.08770000000000001,0.08020000000000001,5,5,3,True,True,3.685246348468934,2.6319649566691083,-5.752791525094791,15.507160263586073,6.189909002147031,3.9987896813695856,1.521956769766046,2.6385414258676434,198,399,0.07980000000000001,0.45779999999999993,0.0944,0.057199999999999994,3,5,5,-2.53527353520975,-1.06788345145995,-7.771379487249663,-0.11243114682809585,8.840440822353424,4.919757115862731,0.7593111404600938,0.7829343217817166,259,519,0.1038,0.45520000000000005,0.08099999999999999,0.1032,0,5,5,-1.06788345145995,2.6319649566691083,3.6998484081290584,-3.6998484081290584,3146,17,discounted_lints,hybrid,z24_a0p5_hybrid_corr5_stablehie5_top10,24
5,-0.5537347934763129,-0.8328218662814191,-10.600652592323401,14.640257047240945,12.283435890182592,7.325256186575821,0.9303052322301816,0.9542737298108499,584,1173,116.8,0.1173,0.43656565817435383,0.4152,0.48440000000000005,0.0909,0.10690000000000002,5,5,2,True,True,3.9214606111511507,0.35474739333729577,-1.4426607774741584,16.35962010850127,4.583104007816319,3.8199986716881162,0.9586462222628162,1.4910010009824852,299,601,0.1202,0.503,0.1002,0.1036,3,5,5,-4.379101745390392,-4.700018895437664,-9.840318565222761,-1.1533033306172724,10.091823651831898,6.356612567367612,0.6963425426762812,0.6933299201160754,285,572,0.11439999999999999,0.46579999999999994,0.08159999999999999,0.1102,0,5,5,-4.700018895437664,0.35474739333729577,5.054766288774959,-5.054766288774959,3142,18,discounted_lints,hybrid,z24_a0p5_hybrid_corr5_stablehie5_top10,24
5,-0.14428786297914903,-2.7925448687677656,-7.383663463649082,14.066637988495012,12.78010684132449,7.73487987462831,0.8595414390462978,0.9779671319416803,556,1116,111.2,0.1116,0.4356771970248201,0.43010000000000004,0.48979999999999996,0.0873,0.08560000000000001,5,5,1,True,True,3.69274901604143,2.529780358533751,-2.54134188958679,11.62357341268756,5.106940410802851,3.8212105470279156,1.5350899986453368,1.3574174027283277,254,511,0.1022,0.5174000000000001,0.09240000000000001,0.063,3,5,5,-3.69851124641547,-3.549103743203008,-10.339664062952124,2.227386149105759,11.537511896667741,6.357994000783729,0.6988250898539666,0.7360955188821847,302,605,0.12099999999999997,0.4622,0.0822,0.1082,1,5,5,-3.549103743203008,2.529780358533751,6.078884101736759,-6.078884101736759,3143,18,discounted_lints,hybrid,z24_a0p5_hybrid_corr5_stablehie5_top10,24
5,0.2897472371360756,2.0413865376808893,-11.131571777326732,15.094555803017752,13.135814482510522,7.848236823941759,1.0061124197964473,1.0020786691978831,573,1151,114.6,0.11510000000000001,0.45668145295696283,0.4162,0.48579999999999995,0.09179999999999999,0.09999999999999999,5,5,3,True,True,4.762273491943448,2.1560648265606552,-3.2937156855057714,16.11609713568707,6.695524143700804,3.8226389180189217,1.2827305862028868,1.4008062549331592,271,545,0.10900000000000001,0.5032,0.10540000000000001,0.08399999999999999,3,5,5,-4.3291179811211755,-3.603125240846261,-10.982247266512212,0.16583723257976857,12.433277675220856,6.989565636749193,0.6309095849444536,0.7114133472836512,302,606,0.1212,0.46840000000000004,0.0782,0.11600000000000002,1,5,5,-3.603125240846261,2.1560648265606552,5.759190067406916,-5.759190067406916,3144,18,discounted_lints,hybrid,z24_a0p5_hybrid_corr5_stablehie5_top10,24
5,0.9869372135532366,-1.5681922677197924,-5.600887151935385,16.587043700136086,10.767485584780445,6.552921093953225,0.8873701586625726,0.9960097959119736,561,1127,112.2,0.1127,0.42591355306012585,0.4226,0.4788,0.0894,0.09119999999999999,5,5,1,True,True,3.50007820447763,1.9968377369389945,-1.408729145029386,14.037176165017407,4.868839326381302,3.967341408590967,1.142435936814363,1.215537980375468,263,529,0.1058,0.4915999999999999,0.09620000000000001,0.06960000000000001,3,5,5,-2.480627496670371,-1.8761086135483662,-7.448980828670148,2.2747371698343954,10.002433887576935,5.061422373615083,0.8364841404576091,0.8710807988644994,298,598,0.1196,0.466,0.08259999999999999,0.11280000000000001,1,5,5,-1.8761086135483662,1.9968377369389945,3.8729463504873607,-3.8729463504873607,3145,18,discounted_lints,hybrid,z24_a0p5_hybrid_corr5_stablehie5_top10,24
5,2.063661457203856,-0.5708475200111085,-6.59725456403788,16.829314923150164,8.900497243209893,6.2738464940399785,0.9480810319115528,1.0478490426662252,557,1117,111.4,0.1117,0.4398998241654658,0.42160000000000003,0.481,0.0849,0.09190000000000001,5,5,2,True,True,5.031379825423392,1.0676898562595571,-1.098304848731102,19.290810188481068,4.540238518818818,3.6785739074146546,1.062376469067424,1.6251719113642884,259,521,0.1042,0.5028,0.0888,0.07859999999999999,3,5,5,-2.85193040053791,-2.026329571227814,-6.157752756517398,-1.3535096494366683,7.837860574102762,5.686056844535621,0.7025994851537242,0.7371888339454727,298,596,0.1192,0.45920000000000005,0.08099999999999999,0.1052,0,5,5,-2.026329571227814,1.0676898562595571,3.094019427487371,-3.094019427487371,3146,18,discounted_lints,hybrid,z24_a0p5_hybrid_corr5_stablehie5_top10,24
5,2.1771012095967217,1.8733087567117446,-9.940853964494433,14.387330756322324,11.229427161401794,5.743787214275963,1.2396373233702045,1.1624276268587275,454,913,90.8,0.09129999999999998,0.47095350015315385,0.3966,0.4478,0.10070000000000001,0.07150000000000001,5,5,3,True,True,4.3682498197229265,1.5816744171038621,-0.9429409846039793,13.127531210009247,4.459949027423549,3.634680971329203,1.203856048222686,1.580244101503459,207,417,0.0834,0.46240000000000003,0.11120000000000001,0.0528,4,5,5,-2.2219753696070432,0.3178232310389495,-9.965358074774455,1.4137226778514256,11.229427161401794,5.643894850276425,1.0783816389435898,0.8891903008838268,247,496,0.09920000000000001,0.4332,0.0902,0.09019999999999999,3,5,5,0.3178232310389495,1.5816744171038621,1.2638511860649126,-1.2638511860649126,3142,19,discounted_lints,hybrid,z24_a0p5_hybrid_corr5_stablehie5_top10,24
5,1.8089269805042882,-1.8951201404949214,-10.597338099270093,16.39246188810859,12.770722012588376,6.314291870275337,0.7940285650223712,1.1306223648795908,452,909,90.4,0.09090000000000001,0.4434963294761727,0.4053,0.4526,0.098,0.06870000000000001,5,5,2,True,True,4.676793636421046,0.9918519999360775,-1.0891573009058075,13.707829055101728,4.726602257968249,3.6066540659330455,1.081344307649935,1.7528632084885885,201,405,0.08099999999999999,0.465,0.1058,0.0514,3,5,5,-2.946533046731852,-2.828852999826592,-10.302169201564626,2.400194532936406,10.74725578489144,5.781262060860106,0.5807657142563876,0.7771777270904232,251,504,0.1008,0.44020000000000004,0.09019999999999999,0.08600000000000001,2,5,5,-2.828852999826592,0.9918519999360775,3.8207049997626696,-3.8207049997626696,3143,19,discounted_lints,hybrid,z24_a0p5_hybrid_corr5_stablehie5_top10,24
5,1.556886704551188,2.226206179299428,-7.7445556758780505,12.282819595505368,9.271034636203678,5.5754348096816315,1.1689903437669023,1.111482938966018,449,902,89.8,0.09019999999999999,0.4422018226181441,0.41,0.46790000000000004,0.0957,0.07260000000000001,5,5,3,True,True,4.129927173253929,3.508230833433279,-1.9908865705706047,14.423361450230953,4.924379908604825,3.8610561209855994,1.402893358029357,1.6811821938390163,195,393,0.07859999999999999,0.49499999999999994,0.10779999999999998,0.04940000000000001,3,5,5,-2.50803066395076,-1.8331392167499905,-6.62864413079366,-0.0446675997193724,6.785688677056257,4.3922081466188745,0.7233911424317108,0.7620856241335154,254,509,0.1018,0.4408,0.0836,0.0958,0,5,5,-1.8331392167499905,3.508230833433279,5.3413700501832695,-5.3413700501832695,3144,19,discounted_lints,hybrid,z24_a0p5_hybrid_corr5_stablehie5_top10,24
5,2.697910041034186,0.7818532433980785,-5.079475987150428,15.505817826058754,8.085664418426076,5.265026610323453,1.0318503074611989,1.1748264054371655,452,909,90.4,0.09090000000000001,0.46596892020239633,0.4136,0.45780000000000004,0.09759999999999999,0.0718,5,5,3,True,True,5.015327039343234,1.0216370383204998,0.007766213771986941,15.165021743463637,4.2838134716014835,3.471197982301797,1.0719740201735075,1.7932941251671786,198,399,0.0798,0.4744,0.10899999999999999,0.0522,5,5,5,-2.2176379319243322,-1.3999302732331076,-5.08684714549884,0.3339250623254353,6.377832452860465,4.641138126722008,0.8462645606507695,0.8615582990860968,254,510,0.10200000000000001,0.4412,0.0862,0.09140000000000001,1,5,5,-1.3999302732331076,1.0216370383204998,2.4215673115536074,-2.4215673115536074,3145,19,discounted_lints,hybrid,z24_a0p5_hybrid_corr5_stablehie5_top10,24
5,1.754007479694335,-0.8122786988974395,-6.000925669782465,15.06902282169127,8.388653807687941,5.379365962476514,0.9199875561689688,1.1108238393494467,444,892,88.8,0.08919999999999999,0.4700918367346939,0.4085,0.4542,0.1,0.0729,5,5,2,True,True,4.628762938838884,1.3380272418639816,0.6346829651405095,13.914480588822165,4.042613467596268,3.1779942029092423,1.0605591556520189,1.8468672401516304,195,393,0.0786,0.47620000000000007,0.1106,0.054400000000000004,5,5,5,-2.7957328618217137,-2.206355770102697,-7.242052279279654,1.051793853903904,7.44148456181618,4.973024911727961,0.702013163645231,0.7707568640998275,249,499,0.09980000000000001,0.4321999999999999,0.08940000000000001,0.09140000000000001,1,5,5,-2.206355770102697,1.3380272418639816,3.5443830119666786,-3.5443830119666786,3146,19,discounted_lints,hybrid,z24_a0p5_hybrid_corr5_stablehie5_top10,24
5,0.44988038922705514,-2.393214533888466,-9.9262310260684,15.468879819349635,11.82481309870983,7.491090678630146,0.7827287255383678,0.9411990796632898,523,1050,104.6,0.10500000000000001,0.4458100165234395,0.3842,0.4396000000000001,0.0818,0.09899999999999999,5,5,2,True,True,4.609681500664292,0.3052030201771361,-0.577907975186942,20.452348616608806,8.698610741587798,4.05523020775199,0.9379242556446384,1.9182059350008474,234,471,0.09419999999999999,0.4476,0.0904,0.07780000000000001,3,5,5,-3.9752460301106374,-3.8352082184836322,-9.569472661271671,0.28990482760806735,10.457457808707149,5.842630690108142,0.6029807472542851,0.6512784570323646,289,579,0.11579999999999999,0.4316,0.0732,0.1202,1,5,5,-3.8352082184836322,0.3052030201771361,4.140411238660768,-4.140411238660768,3142,20,discounted_lints,hybrid,z24_a0p5_hybrid_corr5_stablehie5_top10,24
5,4.087114028994348,0.9397241613736673,-9.589313512464425,22.869330127365515,11.17339677824063,6.34137858060176,1.0501914458124084,1.204623751793551,493,991,98.6,0.0991,0.4818022800904701,0.3872,0.4445,0.07919999999999999,0.09090000000000001,5,5,3,True,True,5.632794356700354,1.7546950290588947,-2.2590060094840103,21.227904795653796,7.577809199118524,4.077807183988861,1.17361364681626,1.7547292878457004,216,434,0.08680000000000002,0.4596,0.07899999999999999,0.0682,3,5,5,-1.6430816185025308,-0.7707328897038623,-9.074333790230959,2.303961503160923,10.25892062372522,5.014104542929045,0.9343720213162958,0.888389325150532,277,557,0.11139999999999999,0.42939999999999995,0.0794,0.1136,2,5,5,-0.7707328897038623,1.7546950290588947,2.525427918762757,-2.525427918762757,3143,20,discounted_lints,hybrid,z24_a0p5_hybrid_corr5_stablehie5_top10,24
5,3.2669500580331423,-0.36454539438861566,-7.764510243344835,23.013696234472825,10.189108460455776,6.605268780440698,0.9438257273862294,1.180961197785273,490,985,98.0,0.09849999999999999,0.473467631121109,0.3987,0.4535,0.08579999999999999,0.0886,5,5,2,True,True,5.727252032136785,1.4720868048623048,-0.8695636565366871,23.524222675081607,7.515126286950091,4.253973498561135,1.1589259374252314,2.3481955402717105,208,419,0.08380000000000001,0.4595999999999999,0.0908,0.06080000000000001,3,5,5,-2.4070168426043903,-1.5614633936510192,-6.955428464895286,-0.37523303491147075,8.392975349238817,4.819333115887418,0.8211858954119269,0.7803937541969688,282,566,0.11320000000000001,0.4474,0.0808,0.11640000000000002,0,5,5,-1.5614633936510192,1.4720868048623048,3.033550198513324,-3.033550198513324,3144,20,discounted_lints,hybrid,z24_a0p5_hybrid_corr5_stablehie5_top10,24
5,2.1816206954397117,-2.2554680207368727,-4.855869372040789,16.33883180416238,7.411005929122572,5.449339996674368,0.7943825290244877,1.0884479013617283,513,1031,102.6,0.1031,0.44959330713109613,0.38259999999999994,0.4412999999999999,0.0809,0.0992,5,5,2,True,True,4.236882972820777,1.6668189022790214,-1.9765504187442384,15.215622186745993,4.645511805384861,3.776557441359638,1.1189907469176803,1.5625527056930215,229,461,0.0922,0.45099999999999996,0.0876,0.077,3,5,5,-2.0492215459365255,-2.1855972079179775,-6.345529299701647,1.013138703330596,6.960808272111563,4.4071766736409925,0.7042328551274776,0.789281691096977,284,570,0.11400000000000002,0.4316,0.0742,0.1214,2,5,5,-2.1855972079179775,1.6668189022790214,3.852416110196999,-3.852416110196999,3145,20,discounted_lints,hybrid,z24_a0p5_hybrid_corr5_stablehie5_top10,24
5,2.7249352415175117,-0.284669043410557,-8.80953259652978,20.264614332903342,10.910564192758853,7.3228480916621255,0.9536292391049473,1.081988698807642,501,1006,100.2,0.1006,0.4391034632397468,0.3989,0.4601,0.08199999999999999,0.0896,5,5,2,True,True,5.131429463913774,1.8020842843598395,-4.325654367857146,20.162227356116013,9.349576371904188,4.697442871672295,1.2338735287633475,1.6300841628659337,223,449,0.0898,0.4668,0.0854,0.0688,3,5,5,-2.4147957608905157,-2.01967326618413,-5.5593740193961345,0.12346548278849845,6.935204768697522,5.293874253844346,0.6873330893604097,0.7650361127048901,278,557,0.11139999999999999,0.4534000000000001,0.07859999999999999,0.11040000000000001,1,5,5,-2.01967326618413,1.8020842843598395,3.8217575505439694,-3.8217575505439694,3146,20,discounted_lints,hybrid,z24_a0p5_hybrid_corr5_stablehie5_top10,24
5,1.0226962042462522,-0.5940605990245706,-8.585265491571292,14.288254725207473,9.06752546783951,6.035903707559183,0.9442854448847467,1.0513326954565168,517,1038,103.4,0.1038,0.433486098609861,0.384,0.4525,0.0875,0.1,5,5,2,True,True,3.09395694988718,0.056635932056803284,-4.592946516212426,15.032945051782477,6.626138446966423,4.475989089404289,0.905523590343961,1.8457747737547954,236,475,0.095,0.461,0.09540000000000001,0.0856,3,5,5,-2.078552980531234,-0.6200980669204048,-5.959270085009671,0.9093975432515444,7.380191831216532,4.627437590537889,0.8411983011487739,0.8089919527013221,281,563,0.1126,0.44400000000000006,0.07959999999999999,0.11440000000000002,1,5,5,-0.6200980669204048,0.056635932056803284,0.6767339989772081,-0.6767339989772081,3142,21,discounted_lints,hybrid,z24_a0p5_hybrid_corr5_stablehie5_top10,24
5,2.986329624827617,-0.989137307754373,-9.600533831710178,19.018316983759064,11.815914298632968,6.642225855308103,0.9005206512111987,1.0630170784786324,489,983,97.8,0.09830000000000001,0.42982611719700914,0.39530000000000004,0.4542,0.08049999999999999,0.0846,5,5,2,True,True,4.881346411105246,1.6343907067052355,-4.064386103166983,18.64879877710308,7.5151262869501245,4.457274602417998,1.243674882846283,1.4578585617998108,217,437,0.0874,0.46840000000000004,0.0848,0.0702,3,5,5,-1.9401746260430144,-2.55169627586902,-5.77069088701162,1.0500664342412591,8.533312486986622,4.942294220986518,0.6519511631133741,0.7840428685506459,272,546,0.1092,0.43999999999999995,0.0762,0.099,2,5,5,-2.55169627586902,1.6343907067052355,4.186086982574255,-4.186086982574255,3143,21,discounted_lints,hybrid,z24_a0p5_hybrid_corr5_stablehie5_top10,24
5,0.3224104162846331,0.2706343865904959,-8.54148403072832,11.621349027934524,10.481576944969738,6.527650250796041,1.0296975328918148,1.008678100757628,468,941,93.6,0.09409999999999999,0.42408438847441954,0.40310000000000007,0.45520000000000005,0.09209999999999999,0.0746,5,5,3,True,True,3.9119970472944177,1.1080166767886812,-1.3967264692762216,13.167160981603242,4.30754750754041,3.546151258298631,1.0936246222903891,1.5404750880544735,203,409,0.0818,0.4726,0.09779999999999998,0.0522,3,5,5,-3.5140016504294125,-2.257514610505751,-8.09573301232781,-0.7978372310388226,8.600088164717313,5.353040116704217,0.7319978580740244,0.6886935250305071,265,532,0.10640000000000001,0.4378,0.08639999999999999,0.097,0,5,5,-2.257514610505751,1.1080166767886812,3.365531287294432,-3.365531287294432,3144,21,discounted_lints,hybrid,z24_a0p5_hybrid_corr5_stablehie5_top10,24
5,1.815782758472928,2.866336481057896,-11.694198124755328,19.272099210639592,12.7220171927666,7.5972400589514795,1.0784540851169364,1.121550516734143,491,987,98.2,0.09869999999999998,0.46049491921524954,0.3819,0.4391,0.0825,0.0915,5,5,3,True,True,5.714944095172547,2.557537431183854,-2.983481695989343,23.52716860425854,8.698610741587808,4.551665735426734,0.9323105355729422,1.0705299084164064,214,431,0.08620000000000001,0.4464,0.0878,0.06580000000000001,3,5,5,-3.6851010319029576,-3.3430764504193355,-9.99031773741892,0.331617991990929,10.123598010367552,5.923712756691224,0.7859581248283379,1.1211227257760712,277,556,0.11120000000000001,0.4318000000000001,0.0772,0.11720000000000001,1,5,5,-3.3430764504193355,2.557537431183854,5.9006138816031894,-5.9006138816031894,3145,21,discounted_lints,hybrid,z24_a0p5_hybrid_corr5_stablehie5_top10,24
5,2.3842148060040036,1.4334952278659108,-12.654249418704877,22.792114912358862,14.654461510365246,7.68617235396152,1.1796534215016636,1.1602404780929023,450,905,90.0,0.0905,0.44844793263217236,0.4074,0.45640000000000003,0.0884,0.0772,5,5,3,True,True,5.740542264223023,3.1501163845427005,-2.753787117660078,22.66955378277029,7.665059610272196,4.182357652820077,1.7246749930426857,2.0043817292980264,178,359,0.0718,0.4532,0.0916,0.0494,3,5,5,-3.3662527749971938,-1.6340846086646321,-11.644661127774402,0.13784261831617517,12.974879138488793,6.055722271123986,0.8033189830858163,0.7675917430406627,272,546,0.1092,0.4596,0.0852,0.10500000000000001,1,5,5,-1.6340846086646321,3.1501163845427005,4.784200993207333,-4.784200993207333,3146,21,discounted_lints,hybrid,z24_a0p5_hybrid_corr5_stablehie5_top10,24
5,0.5610850438903657,0.02670969205524898,-10.53760830681101,13.209015723918395,12.512768892736393,6.730147618523243,0.9702683038101657,1.0043042899655317,475,955,95.0,0.0955,0.44723272715831863,0.4136,0.4649,0.1018,0.07370000000000002,5,5,3,True,True,4.024385558218609,1.917970766439825,-2.140020448792157,12.723076484764162,4.438212799368935,3.4971312729696202,1.201637888447375,1.4610053509891077,208,419,0.0838,0.4814,0.1122,0.049199999999999994,3,5,5,-3.44053296012411,-1.9481312981652232,-9.758942908858048,0.46948158844051235,11.065877840967586,6.056226302019303,0.7409571904647672,0.7163646697149776,267,536,0.1072,0.4484,0.0914,0.0982,1,5,5,-1.9481312981652232,1.917970766439825,3.866102064605048,-3.866102064605048,3142,22,discounted_lints,hybrid,z24_a0p5_hybrid_corr5_stablehie5_top10,24
5,1.8082639425781721,-2.5419022363380783,-5.596492630531802,12.146559573974969,7.851161223519531,5.24266412432644,0.7726914401359493,1.0181613996055994,478,960,95.6,0.09599999999999999,0.44622707006868395,0.40869999999999995,0.46499999999999997,0.096,0.0803,5,5,2,True,True,4.408766390835671,0.24048403873684343,-1.7330561218020346,15.809949620292695,4.450596506254001,3.5680140414103634,0.9641524147992395,1.40594721300981,216,435,0.087,0.484,0.10700000000000001,0.06160000000000001,4,5,5,-2.4766750020849555,-3.112855883765042,-5.822973347787319,0.5254328472900083,6.821800773074626,4.3150920006783,0.8635923393165521,0.8113452555210104,262,525,0.10500000000000002,0.446,0.08499999999999999,0.09899999999999999,1,5,5,-3.112855883765042,0.24048403873684343,3.3533399225018856,-3.3533399225018856,3143,22,discounted_lints,hybrid,z24_a0p5_hybrid_corr5_stablehie5_top10,24
5,2.3624329906398307,2.74381069448717,-5.921097301433176,10.12978401006064,9.411278269991662,6.093616661909692,1.2807884545472499,1.1138488131453133,476,957,95.2,0.09569999999999998,0.47846238997276824,0.4122,0.45359999999999995,0.0911,0.07749999999999999,5,5,3,True,True,4.635468008565506,2.6530477676716346,-3.5494695883702243,14.12128568366635,6.229906699428323,3.5779949167346166,1.4987695429966583,1.6349956971437969,217,437,0.0874,0.47420000000000007,0.0946,0.0576,4,5,5,-2.1201316279438642,-1.011507515776222,-6.360071921582211,0.11921677661892449,8.533039850289637,4.8963949669416,0.9099066138687637,0.8772646860600437,259,520,0.10400000000000001,0.433,0.08759999999999998,0.09739999999999999,2,5,5,-1.011507515776222,2.6530477676716346,3.6645552834478567,-3.6645552834478567,3144,22,discounted_lints,hybrid,z24_a0p5_hybrid_corr5_stablehie5_top10,24
5,2.9631387752532605,1.5017534589459647,-7.0352413647646,16.891595787221505,9.956835214957193,5.262682286179432,1.2052449121036757,1.2585607096831515,467,939,93.4,0.09389999999999998,0.48608608390774266,0.42410000000000003,0.4708,0.0909,0.0738,5,5,3,True,True,5.481324347068153,1.8801144348845833,0.41407698679365446,16.266288936408714,4.380155527050866,2.921319633760169,1.2540895402448313,1.9044916044007092,209,421,0.08420000000000001,0.4912000000000001,0.09799999999999999,0.055400000000000005,5,5,5,-2.458734708208139,-2.0668856811381753,-7.418599637716117,0.5897535598734294,8.704232148589208,4.711196422575457,0.8434682953424502,0.9466344094457095,258,518,0.1036,0.4504,0.0838,0.09220000000000002,1,5,5,-2.0668856811381753,1.8801144348845833,3.9470001160227586,-3.9470001160227586,3145,22,discounted_lints,hybrid,z24_a0p5_hybrid_corr5_stablehie5_top10,24
5,3.7337239322664812,0.5344952704317896,-10.394439681003542,18.96567293840372,12.85102482858016,6.262003913189951,1.0728876220597179,1.1149718113102058,472,948,94.4,0.0948,0.4598700150424289,0.4042,0.4549,0.0964,0.07690000000000001,5,5,4,True,True,6.355969446201632,1.7675374810324662,-0.25024034788095895,20.37803460237202,7.619680722068045,4.182413815014327,1.273234491571473,1.595087342066537,207,416,0.0832,0.47300000000000003,0.10700000000000001,0.05960000000000001,4,5,5,-2.5630741591303674,-1.1732719084786014,-10.169647895394284,0.7052367677304439,10.805376846359705,5.12675308811792,0.8284554379367421,0.797044983630968,265,532,0.10640000000000001,0.4368,0.0858,0.0942,1,5,5,-1.1732719084786014,1.7675374810324662,2.9408093895110676,-2.9408093895110676,3146,22,discounted_lints,hybrid,z24_a0p5_hybrid_corr5_stablehie5_top10,24
5,1.0603363278226152,1.0292511183468855,-6.564890110200272,13.859351013717225,8.808493145469654,5.989773301393141,1.0600754891411666,1.0807543242074005,512,1028,102.4,0.1028,0.4322678282502415,0.414,0.4747,0.0864,0.0889,5,5,3,True,True,3.7301257836077255,0.38421189132236133,-1.8908860001450312,15.18097073159932,4.693405771416903,3.7965391807311315,0.940185294068218,1.3536348586456062,231,465,0.093,0.4868,0.092,0.0666,3,5,5,-2.600491135225269,-2.607833230989165,-5.667093020014979,0.6733891790456692,8.534691560748497,5.590096795379176,0.8311922917495166,0.9498680471692831,281,563,0.11259999999999999,0.4626,0.08080000000000001,0.11120000000000001,1,5,5,-2.607833230989165,0.38421189132236133,2.9920451223115263,-2.9920451223115263,3142,23,discounted_lints,hybrid,z24_a0p5_hybrid_corr5_stablehie5_top10,24
5,-0.2460112020028916,-1.7969402750755425,-11.329471665100888,13.159409835394076,13.067698401087547,6.842823901736904,0.8271052075929267,0.9431091345589653,518,1041,103.6,0.1041,0.4295799065620848,0.4141,0.46909999999999996,0.0892,0.0842,5,5,2,True,True,3.093449110057896,0.581603869707692,-3.943478697657754,13.195508936880064,5.468990439450739,3.7858036353843416,1.042870236244479,1.3481630068541306,246,495,0.099,0.48460000000000003,0.09820000000000001,0.0718,3,5,5,-3.338115661619452,-2.3354316607827608,-9.975989822264896,0.005990130539568206,10.671821491353873,5.503010159431957,0.6333232053791507,0.692911318284527,272,546,0.1092,0.45359999999999995,0.0802,0.09659999999999999,1,5,5,-2.3354316607827608,0.581603869707692,2.9170355304904527,-2.9170355304904527,3143,23,discounted_lints,hybrid,z24_a0p5_hybrid_corr5_stablehie5_top10,24
5,1.8759048050273883,-0.17830023852938304,-8.03267508409633,19.06981599377304,9.237714226452187,6.88988127719206,0.979103105020493,1.0087927667574597,557,1119,111.4,0.1119,0.41766133852937815,0.39349999999999996,0.45410000000000006,0.0865,0.10290000000000002,5,5,2,True,True,4.94959115526621,2.005467700389141,-5.4110238791082015,21.011897752153775,8.025937089222701,4.5892930258030225,1.2808431965312623,1.3985833786426312,249,500,0.10000000000000002,0.477,0.0972,0.0806,4,5,5,-2.9673607219718035,-2.4610059164475673,-5.926044289709031,-1.5671848393703502,7.105011319965804,4.924641380324199,0.7055695689478092,0.726064455008584,308,619,0.1238,0.4312,0.07579999999999999,0.1252,0,5,5,-2.4610059164475673,2.005467700389141,4.4664736168367085,-4.4664736168367085,3144,23,discounted_lints,hybrid,z24_a0p5_hybrid_corr5_stablehie5_top10,24
5,2.618584936613815,0.5811416658763058,-3.8527224990462794,11.872531391146257,6.796755154253475,5.221580994371764,1.0580395122325423,1.0863495050974579,517,1038,103.4,0.1038,0.450510687720859,0.4325,0.4867,0.0901,0.0911,5,5,3,True,True,5.156812273721295,1.935977492733465,-1.2682108699041406,15.624908194546316,4.414551685272983,3.572442375227336,1.2770996279823543,1.5752549084114633,236,475,0.095,0.5024,0.09480000000000001,0.0722,4,5,5,-2.3828022732646703,-2.5396028700038764,-3.7550769952617746,-1.1253278931114497,6.796755154253475,5.061774612224106,0.8750901604193912,0.8397426801547061,281,563,0.11259999999999999,0.471,0.0854,0.11000000000000001,0,5,5,-2.5396028700038764,1.935977492733465,4.475580362737341,-4.475580362737341,3145,23,discounted_lints,hybrid,z24_a0p5_hybrid_corr5_stablehie5_top10,24
5,3.438561990560558,1.709935923502326,-7.981459565344517,19.76608201478229,10.820588160902812,6.927738386783571,1.1791693067561346,1.1260335178924257,512,1028,102.4,0.1028,0.43349806474833497,0.4159999999999999,0.4716,0.09059999999999999,0.0834,5,5,3,True,True,5.7400243157975,2.2704139156405567,-2.7068146050706177,20.171126773831727,8.999899319078853,4.5396726720311165,1.4021352503300737,1.64161361467272,233,468,0.0936,0.48679999999999995,0.0958,0.0648,4,5,5,-2.244557601504231,-0.9585123293126441,-8.179095406146264,-0.3370566374165218,9.802589352794788,5.051606655897854,0.8951690386332161,0.8317796952019171,279,560,0.11199999999999999,0.45640000000000003,0.0854,0.10200000000000001,0,5,5,-0.9585123293126441,2.2704139156405567,3.228926244953201,-3.228926244953201,3146,23,discounted_lints,hybrid,z24_a0p5_hybrid_corr5_stablehie5_top10,24
5,1.1772046585571025,1.2228409665327122,-8.362964521221173,15.503181223398975,10.873347370712727,6.226166070659072,0.999453285572618,1.100131296001907,577,1159,115.4,0.1159,0.4546185759138869,0.3898,0.462,0.0825,0.1143,5,5,3,True,True,4.1421207719087665,1.2825371946656672,-0.42868639751262316,15.035807358928,4.202807770524086,3.4057295990507064,1.1378759769991325,1.5137412252639995,277,557,0.11139999999999999,0.473,0.09419999999999999,0.1032,3,5,5,-2.920012975031856,-3.7250521759395694,-8.070269092470317,0.7163691957696727,9.570291351720018,5.598997709012982,0.7569662811988365,0.8511686181324283,300,602,0.12040000000000002,0.45099999999999996,0.0708,0.1254,2,5,5,-3.7250521759395694,1.2825371946656672,5.007589370605237,-5.007589370605237,3142,24,discounted_lints,hybrid,z24_a0p5_hybrid_corr5_stablehie5_top10,24
5,1.7152381052990655,-1.146960910642647,-10.210354314570791,19.86256253227787,11.786106571431487,6.758485311477446,0.8895385239252637,0.9755192718824685,535,1074,107.0,0.10740000000000001,0.4041569461850097,0.3951,0.45680000000000004,0.07680000000000001,0.09390000000000001,5,5,2,True,True,5.346174409917877,1.1670989657177389,-2.625339838675389,22.86907722430289,6.600537829719844,4.312227180382551,1.1146651343874914,1.3736500955767184,256,515,0.10300000000000001,0.47780000000000006,0.07799999999999999,0.08499999999999999,3,5,5,-3.4503207497106714,-2.4093558025037654,-8.794711462950367,0.5300728395492227,9.489559781033341,5.066384095056682,0.6877351379932369,0.7168923474632705,279,559,0.11179999999999998,0.43579999999999997,0.0756,0.1028,1,5,5,-2.4093558025037654,1.1670989657177389,3.576454768221504,-3.576454768221504,3143,24,discounted_lints,hybrid,z24_a0p5_hybrid_corr5_stablehie5_top10,24
5,0.4526887046035501,-1.2074882512886687,-10.961350725724305,13.252739687335469,11.169361563094748,6.173048407494756,0.8962027624558282,1.04744709453329,550,1104,110.0,0.11040000000000001,0.43079273393863343,0.392,0.45809999999999995,0.0855,0.1026,5,5,2,True,True,3.183833993105256,1.4609794031517742,-3.1336767695614887,14.075786446508554,5.030683066702101,3.935316992024782,1.1241108205046682,1.555829812364576,261,525,0.10500000000000001,0.4786,0.09119999999999999,0.0912,3,5,5,-2.667438548675145,-2.4855845262756415,-9.50819544483431,1.940874183942487,10.275814801289219,5.3033000487614546,0.7672021994609559,0.7936008540491564,289,579,0.11580000000000001,0.43760000000000004,0.07980000000000001,0.11400000000000002,1,5,5,-2.4855845262756415,1.4609794031517742,3.9465639294274157,-3.9465639294274157,3144,24,discounted_lints,hybrid,z24_a0p5_hybrid_corr5_stablehie5_top10,24
5,1.8570767760147544,-1.2083638642795047,-4.4617920719092545,14.07259621085677,7.115935369363047,5.215344092219743,0.8582870951220961,1.0811044442828344,524,1053,104.8,0.10529999999999999,0.4482704215835035,0.3867,0.4483,0.08199999999999999,0.1004,5,5,2,True,True,3.866579636463208,1.1124019263326845,-0.8855582316081745,13.76500405098473,3.983371366277444,3.3840337681724435,1.1288068533712292,1.5157447802706394,242,487,0.0974,0.4678,0.0952,0.081,3,5,5,-1.96827144660378,-2.063594741483088,-3.828386446226084,0.30837062599353704,7.115935369363047,4.672800385817984,0.7613529365427901,0.7761211340128094,282,566,0.11320000000000001,0.4288,0.0688,0.11979999999999999,1,5,5,-2.063594741483088,1.1124019263326845,3.1759966678157725,-3.1759966678157725,3145,24,discounted_lints,hybrid,z24_a0p5_hybrid_corr5_stablehie5_top10,24
5,0.04199477797788944,-0.6507736399765651,-9.071961441775267,14.624738798704362,11.7473608681817,7.147882256360889,0.9085533615844339,0.9763992050801977,524,1053,104.8,0.10529999999999999,0.4493584591085541,0.4016,0.4643,0.0834,0.08990000000000001,5,5,2,True,True,3.725203968190443,0.9314563849398771,-1.7479143017138488,15.77421222877926,6.326033906744433,4.067706521927981,1.039177791267406,1.368940428245801,247,497,0.0994,0.4824,0.0882,0.0732,3,5,5,-3.6037089488397265,-3.3238873300106553,-8.804097668718958,-0.49824838528256254,10.481175796472153,6.073902021667779,0.7068010052785205,0.737502752541402,277,556,0.11120000000000001,0.4462,0.0786,0.1066,0,5,5,-3.3238873300106553,0.9314563849398771,4.255343714950532,-4.255343714950532,3146,24,discounted_lints,hybrid,z24_a0p5_hybrid_corr5_stablehie5_top10,24
5,-0.46154918447643994,-1.2329989152504606,-12.79095988883735,14.616006928166247,13.698984229196876,8.173251337929582,0.8863535440236785,0.947251246685002,658,1321,131.6,0.1321,0.4447164737239925,0.40679999999999994,0.49050000000000005,0.0683,0.1258,5,5,2,True,True,4.643449799324371,0.5141110059527776,-0.7974411661440528,15.742653516126959,4.2652627848922435,3.313222107226337,1.021797654153941,1.4149297777892182,324,650,0.13,0.503,0.0744,0.11739999999999999,3,5,5,-4.99213880803883,-5.002208809053865,-12.0899287918369,-0.9358822736101002,12.387894284779522,7.6175232529219725,0.6878525369862074,0.6570930406460956,334,671,0.13419999999999999,0.4780000000000001,0.0622,0.1342,0,5,5,-5.002208809053865,0.5141110059527776,5.516319815006643,-5.516319815006643,3142,25,discounted_lints,hybrid,z24_a0p5_hybrid_corr5_stablehie5_top10,24
5,1.1083355266717132,-1.1878743108905798,-10.023668432511567,19.29334760743473,10.700700135392726,6.967164417749598,0.8881021380598453,1.0286237361510562,632,1269,126.4,0.1269,0.45890396173148557,0.4168,0.49160000000000004,0.0718,0.1172,5,5,2,True,True,3.7106450405768583,0.8488268616678951,-5.141683474510406,19.30824912036808,5.781590948806414,3.9806811525615693,1.1001400898522227,1.264388432722606,303,608,0.1216,0.5082000000000001,0.08199999999999999,0.10600000000000001,3,5,5,-2.642798385297214,-2.0195586165342116,-5.298169545059384,0.04441033783486592,7.5349276597975745,5.603622393146719,0.7041833554798531,0.8672397651536891,329,661,0.13219999999999998,0.4750000000000001,0.0616,0.12840000000000001,1,5,5,-2.0195586165342116,0.8488268616678951,2.8683854782021068,-2.8683854782021068,3143,25,discounted_lints,hybrid,z24_a0p5_hybrid_corr5_stablehie5_top10,24
5,-1.6951045209223792,-4.980317511929466,-8.819866780717067,15.66980963718565,10.09848527830821,7.53175473856591,0.7987438413659236,0.901065081233822,667,1338,133.4,0.1338,0.4240731228666683,0.40459999999999996,0.4879999999999999,0.074,0.13079999999999997,5,5,1,True,True,1.6640773863136964,-0.8123521654196275,-5.412244723841663,17.348956385994498,7.358432448301455,5.077742112232402,0.8034738291638805,1.210674459483343,308,619,0.1238,0.49420000000000003,0.0858,0.1076,1,5,5,-3.3491475020666024,-2.5622475926441846,-6.653266746584885,-1.3935495205724346,7.645251340954817,5.518268201166146,0.7484011205359425,0.7319017791011417,359,719,0.14379999999999998,0.48180000000000006,0.0622,0.154,0,5,5,-2.5622475926441846,-0.8123521654196275,1.749895427224557,-1.749895427224557,3144,25,discounted_lints,hybrid,z24_a0p5_hybrid_corr5_stablehie5_top10,24
5,0.8090351600577144,-1.3077516473995021,-11.690365539644143,22.1034261582735,13.141471849123054,6.947277766058564,0.8829465778121656,1.0442033797598522,661,1327,132.2,0.1327,0.4428339470665283,0.41179999999999994,0.4934,0.07039999999999999,0.11920000000000001,5,5,1,True,True,3.1382640380619797,1.1254128152476284,-3.695059604934703,15.868641904942415,6.990200831160909,4.467877952868788,1.0020803815843082,1.2624461649203538,327,656,0.13119999999999998,0.5134000000000001,0.07599999999999998,0.10640000000000001,4,5,5,-2.5148771086788186,-2.702514258911415,-8.302072460572473,5.4208394777529145,8.65540316185377,5.282052263016969,0.6454460999355102,0.8461653551877351,334,671,0.1342,0.4734,0.0648,0.132,1,5,5,-2.702514258911415,1.1254128152476284,3.827927074159043,-3.827927074159043,3145,25,discounted_lints,hybrid,z24_a0p5_hybrid_corr5_stablehie5_top10,24
5,1.140494655398803,-2.058683651488269,-7.133700004995647,20.90134574684972,11.206990751246703,8.719205384573755,0.8835324438900237,0.9403113557368057,652,1309,130.4,0.1309,0.43261919725256126,0.40679999999999994,0.4911999999999999,0.07390000000000001,0.1227,5,5,1,True,True,5.796591168708827,2.150695958320248,-2.8716968448958102,25.15499011690776,8.083006633796863,4.750420158096253,1.1282028699380102,1.4734095490329582,311,624,0.12480000000000002,0.5109999999999999,0.07959999999999999,0.10500000000000001,4,5,5,-4.409906270947291,-4.314502761961103,-6.625394932957729,-2.6113113576563096,9.07948697213613,6.57289855358322,0.6297906046433691,0.6384711789316696,341,685,0.13699999999999998,0.47139999999999993,0.06820000000000001,0.1404,0,5,5,-4.314502761961103,2.150695958320248,6.465198720281351,-6.465198720281351,3146,25,discounted_lints,hybrid,z24_a0p5_hybrid_corr5_stablehie5_top10,24
5,4.421901884803859,0.20334240915373947,-5.9804622865196055,27.062568437135106,10.12980119951118,6.914684452949089,1.030483941869092,1.2009590834812942,445,894,89.0,0.0894,0.4325876160267761,0.43390000000000006,0.4856,0.0892,0.0749,5,5,3,True,True,7.719479381694155,2.1816147594378776,-1.5924695968578484,30.968426164992422,9.289864189887531,4.57134246686941,1.2676719790028848,1.448461859766311,189,381,0.0762,0.5074,0.095,0.0498,4,5,5,-3.040448302924861,-2.8729193043070422,-4.387765024200119,-1.9060535656903799,8.443433161401758,5.910960692567775,0.7266039024264541,1.0318994753249577,256,513,0.1026,0.4638,0.0834,0.1,0,5,5,-2.8729193043070422,2.1816147594378776,5.05453406374492,-5.05453406374492,3142,26,discounted_lints,hybrid,z24_a0p5_hybrid_corr5_stablehie5_top10,24
5,5.178417080025577,2.5741784295832737,-11.725441761295475,32.3652282688184,14.063741470656332,7.256034171254686,1.1367132393380999,1.2618410997281428,479,961,95.8,0.09609999999999999,0.47975124875124875,0.4142,0.4638,0.0899,0.08010000000000002,5,5,3,True,True,7.263103959297981,3.8180439058835836,-2.877755090549894,32.21685762775164,9.72233874351669,4.706944945241389,1.4114019634031068,1.256732170985043,205,413,0.0826,0.48740000000000006,0.0996,0.056600000000000004,3,5,5,-2.060815993085068,-0.34840891681197084,-10.280479657323994,1.2620883923131876,11.3181551149086,5.076898568834546,0.9707830804025721,1.244179507016987,274,548,0.1096,0.44020000000000004,0.0802,0.1036,2,5,5,-0.34840891681197084,3.8180439058835836,4.166452822695554,-4.166452822695554,3143,26,discounted_lints,hybrid,z24_a0p5_hybrid_corr5_stablehie5_top10,24
5,4.108532201108905,2.656661422121509,-4.553145244679701,17.994155287996726,9.703363715933822,5.9764515371599485,1.255392926985804,1.1345945982315162,488,981,97.6,0.09809999999999999,0.4403853031375524,0.4048999999999999,0.45649999999999996,0.0948,0.075,5,5,3,True,True,5.818064898656972,2.4236780348916076,-3.347216612702919,20.181939287083296,7.515126286950114,4.02501909250673,1.4091339261862605,1.583026922862738,212,425,0.08499999999999999,0.4776000000000001,0.1048,0.0508,4,5,5,-1.622340104545079,-1.1740613019525115,-5.5203424697412125,0.22747024096374524,9.01315505132313,4.598988579138618,0.7678480192487632,0.8519333744183195,276,556,0.11120000000000001,0.4354,0.0848,0.0992,2,5,5,-1.1740613019525115,2.4236780348916076,3.597739336844119,-3.597739336844119,3144,26,discounted_lints,hybrid,z24_a0p5_hybrid_corr5_stablehie5_top10,24
5,3.8169074471892857,1.1301097273050509,-6.757539233198728,13.968061911095496,9.98473679883487,5.071904761378747,1.1501666672617912,1.2292337374699973,494,992,98.8,0.09919999999999998,0.46093571838587355,0.404,0.45309999999999995,0.0963,0.0842,5,5,3,True,True,5.191096067783838,2.3838405602266466,-0.6685370047405659,14.376608265597035,4.777824830706823,3.3047103854204574,1.4011369008541765,1.566380786986033,217,437,0.0874,0.46440000000000003,0.1068,0.0628,3,5,5,-1.3538164593194104,-0.30375799587339936,-6.399208067832996,1.0990762994116388,8.283133178964896,4.573342372451141,0.9660598624311175,1.0054281295501653,277,555,0.11099999999999999,0.4418,0.0858,0.1056,2,5,5,-0.30375799587339936,2.3838405602266466,2.687598556100046,-2.687598556100046,3145,26,discounted_lints,hybrid,z24_a0p5_hybrid_corr5_stablehie5_top10,24
5,1.241917117497962,1.3692963391546797,-5.447163704910595,11.132892551779051,9.046329815053722,6.066377479829539,1.115558790194333,1.0464090810192213,482,968,96.4,0.0968,0.43372346710501153,0.39930000000000004,0.45380000000000004,0.0871,0.0874,5,5,3,True,True,4.907017302305126,3.2105330031346524,-1.443653866888317,14.107096553814124,4.4505712158457555,3.7196025661324095,1.2564273968286623,1.4778715788928956,215,432,0.0864,0.46820000000000006,0.0978,0.0678,4,5,5,-3.50113082965055,-2.555790724165008,-8.388384844192487,-0.37524281120013825,8.720851594806456,5.4979830771278815,0.8604446020884827,0.8131169092732893,267,536,0.1072,0.4394,0.0764,0.10700000000000001,0,5,5,-2.555790724165008,3.2105330031346524,5.76632372729966,-5.76632372729966,3146,26,discounted_lints,hybrid,z24_a0p5_hybrid_corr5_stablehie5_top10,24
5,2.701622654088518,0.19894895913519228,-10.06750870601605,15.618217107993736,11.087714957665728,5.885603172823117,1.00246357239425,1.1402069979001639,458,920,91.6,0.092,0.46945748518908587,0.4349,0.4857,0.087,0.075,5,5,3,True,True,5.373370314408994,1.6347136612972601,-0.6521713286361197,15.432285203200724,4.442606774240721,3.0106131766274524,1.1523367620967626,2.10995410985192,207,417,0.0834,0.5022,0.0942,0.0568,4,5,5,-2.6504933554407306,-1.3826733883892883,-9.47714459721637,0.19936163221330183,9.77717159675342,5.484560783711747,0.8249307052523143,0.7639271271662337,251,503,0.1006,0.4692,0.0798,0.0932,2,5,5,-1.3826733883892883,1.6347136612972601,3.0173870496865485,-3.0173870496865485,3142,27,discounted_lints,hybrid,z24_a0p5_hybrid_corr5_stablehie5_top10,24
5,3.470441917862206,0.09819572946576649,-5.731528775550232,13.297763978123323,7.446185653188408,5.3273777680790175,0.9325516788308622,1.1295907119747852,443,890,88.6,0.089,0.4419747102982613,0.4279,0.4763,0.0904,0.0718,5,5,3,True,True,5.101430842013999,0.2562449949920387,-0.3407484140285133,15.996189311545383,4.219465047069804,3.8219815881520764,0.9626132782177396,1.8991288546216378,199,401,0.08020000000000001,0.499,0.0992,0.0578,3,5,5,-1.553652746524763,-1.4647604241524004,-5.97246961607365,1.4402863747305483,6.544800921319627,4.567459764139923,0.8180744115318347,0.844590951890005,244,489,0.0978,0.45360000000000006,0.08159999999999999,0.08580000000000002,2,5,5,-1.4647604241524004,0.2562449949920387,1.721005419144439,-1.721005419144439,3143,27,discounted_lints,hybrid,z24_a0p5_hybrid_corr5_stablehie5_top10,24
5,4.897803236446887,1.4983795703829017,-5.392126187646918,22.661307426153265,8.775803225493616,5.860372874753564,1.1699328055485514,1.1932380216908203,474,953,94.8,0.09530000000000001,0.45907357563020196,0.3944,0.446,0.09659999999999999,0.08220000000000001,5,5,3,True,True,6.518155262497483,3.1910072050135296,-3.453877006167305,22.351430970811936,7.665059610272196,4.392719656990582,1.5639961877560158,1.7725371398558962,206,414,0.0828,0.457,0.10819999999999999,0.05900000000000001,3,5,5,-1.583191598519371,-1.2010875852872749,-4.856427474849601,0.25326753670356084,5.640719120912497,4.191211851423931,0.8715737772447016,0.8535018431712412,268,539,0.1078,0.43499999999999994,0.085,0.10540000000000001,1,5,5,-1.2010875852872749,3.1910072050135296,4.3920947903008045,-4.3920947903008045,3144,27,discounted_lints,hybrid,z24_a0p5_hybrid_corr5_stablehie5_top10,24
5,4.097935159540178,1.053212781595958,-7.110008255581491,21.290420623683136,9.619153552923642,6.136930821390729,1.0989210328319632,1.1299791744390641,471,947,94.2,0.09469999999999998,0.43560063231039586,0.40330000000000005,0.4591,0.0972,0.0756,5,5,3,True,True,6.001704318758914,0.9723139446057072,-1.0236575333555042,20.220277874423864,7.633237870958998,4.002530379733214,1.061294806177955,1.586242500673712,204,411,0.0822,0.46959999999999996,0.10739999999999998,0.0548,3,5,5,-1.8864077961365666,-1.9101510636046815,-6.149298479358456,0.9283820708184898,8.231596084306537,4.762524322364297,0.845551970352805,0.870438372997467,267,536,0.10719999999999999,0.4486,0.087,0.09639999999999999,2,5,5,-1.9101510636046815,0.9723139446057072,2.8824650082103886,-2.8824650082103886,3145,27,discounted_lints,hybrid,z24_a0p5_hybrid_corr5_stablehie5_top10,24
5,2.4394537942253676,0.7362519537736256,-8.581680463001096,13.50468554277553,11.11133768936825,5.631920531209336,1.118883404206483,1.1191478644681925,445,894,89.0,0.0894,0.4779075471996709,0.4204,0.46230000000000004,0.0957,0.0758,5,5,3,True,True,4.5939294275847,1.2820657822940618,-2.7451919048907425,14.729675214827731,4.89058179516173,3.7153969841559826,1.1571683291067096,1.3769662214127378,188,379,0.07579999999999999,0.45999999999999996,0.1078,0.054200000000000005,4,5,5,-2.081179895419612,-0.5079765805152348,-9.510519758382507,0.6387822678797228,10.792386822045197,4.661748154427761,1.0815530363736567,0.9923752381044348,257,515,0.10300000000000001,0.4646,0.0836,0.09740000000000001,1,5,5,-0.5079765805152348,1.2820657822940618,1.7900423628092965,-1.7900423628092965,3146,27,discounted_lints,hybrid,z24_a0p5_hybrid_corr5_stablehie5_top10,24
5,4.265179849654051,1.8182596319201494,-6.750434768968939,22.61808116492321,10.129801199511213,6.946516203159407,1.1814717193884348,1.1235485022164606,502,1009,100.4,0.10090000000000002,0.4528645304138726,0.41339999999999993,0.4771000000000001,0.0965,0.0862,5,5,3,True,True,7.60560523842752,2.207155855459453,-1.2551369585614647,27.311771812293717,9.289864189887552,4.277146234854936,0.9991030005292654,1.170368793879065,233,469,0.09380000000000001,0.5052000000000001,0.1062,0.06659999999999999,4,5,5,-3.096352679442777,-3.5781926716822565,-6.839482610956493,-0.3500702588335347,9.68183692582414,6.215109447773138,0.9720744048564356,1.0623604490098437,269,540,0.10800000000000001,0.449,0.0868,0.1058,0,5,5,-3.5781926716822565,2.207155855459453,5.785348527141709,-5.785348527141709,3142,28,discounted_lints,hybrid,z24_a0p5_hybrid_corr5_stablehie5_top10,24
5,4.064010049850386,-0.5208215874732525,-9.642415191821009,21.799959061083605,11.365642195583536,6.8826606952630325,0.9477169489517225,1.1491736505246777,483,971,96.6,0.0971,0.44351610135021835,0.42180000000000006,0.47830000000000006,0.0846,0.0743,5,5,2,True,True,5.591198155409769,1.9373415140226724,-1.7237494560022992,22.22973072481782,7.633237870958986,4.366336145413653,1.3272847690980591,1.8257080392637604,204,411,0.0822,0.5054,0.0868,0.052000000000000005,3,5,5,-1.5234636015723257,-0.313849850851311,-8.05755784534491,1.8939275199357342,10.144859695135978,4.948961799181527,0.9202359409241185,0.9023044690412227,279,560,0.11200000000000002,0.45119999999999993,0.0824,0.0966,2,5,5,-0.313849850851311,1.9373415140226724,2.2511913648739834,-2.2511913648739834,3143,28,discounted_lints,hybrid,z24_a0p5_hybrid_corr5_stablehie5_top10,24
5,3.3279688969370724,3.9428354500762985,-9.48079714516049,19.39098418731897,12.43800875997766,7.494899707120473,1.3548591576675075,1.1388467857339157,514,1032,102.8,0.1032,0.4529483973773753,0.41030000000000005,0.46799999999999997,0.0929,0.0876,5,5,3,True,True,6.1181152372101355,4.214410807174529,-3.4879488417500104,20.51909323638741,7.5151262869501245,4.358046097869154,1.770640838824304,1.7551160992874355,233,469,0.09380000000000001,0.48440000000000005,0.0954,0.06699999999999999,3,5,5,-2.7577807754313177,-1.0293022800616058,-7.537115702920927,-0.23012849790001733,9.673036192766826,5.350873612078407,0.8129686476755809,0.7869974118053809,281,563,0.1126,0.4516,0.09040000000000001,0.1082,0,5,5,-1.0293022800616058,4.214410807174529,5.243713087236134,-5.243713087236134,3144,28,discounted_lints,hybrid,z24_a0p5_hybrid_corr5_stablehie5_top10,24
5,2.5807878001534483,0.8676642064745721,-11.764638288179096,23.4498987062701,12.718710089328189,7.071781619564822,1.1231603070857947,1.078648579928029,477,957,95.4,0.0957,0.4390482012105255,0.42280000000000006,0.47329999999999994,0.0871,0.0808,5,5,3,True,True,5.7611779865196695,2.031224465732606,-2.8332522256151127,24.755320455021224,8.999899319078864,4.317210752670368,0.8481912362764067,1.0559791310998445,207,417,0.0834,0.493,0.0908,0.059399999999999994,3,5,5,-3.130110763666334,-1.110103885020064,-9.191813317969755,-0.9384999389706938,9.836942982288354,5.584279659415316,0.8980178970778647,1.0771146747016156,270,540,0.10800000000000001,0.45360000000000006,0.0834,0.1022,0,5,5,-1.110103885020064,2.031224465732606,3.14132835075267,-3.14132835075267,3145,28,discounted_lints,hybrid,z24_a0p5_hybrid_corr5_stablehie5_top10,24
5,4.489907755978417,-0.3767814892569388,-6.643383037395756,22.278300518938376,9.012079152554154,6.478667640796033,0.9421337338937932,1.1818170293523458,502,1008,100.4,0.1008,0.4497074063200017,0.4290999999999999,0.48369999999999996,0.0893,0.08230000000000001,5,5,2,True,True,6.7999079784483225,2.085484727031872,-2.6190401133318164,23.701613160426472,7.787184269671865,4.192452078425421,1.2080764573483385,2.093587394393616,222,447,0.08940000000000001,0.5016,0.09219999999999999,0.058800000000000005,4,5,5,-2.246030342232721,-2.052835579021628,-5.512316266303774,1.5070140369237262,7.996004211200458,5.096801390412757,0.6661472251769914,0.7417804312182966,280,561,0.1122,0.46580000000000005,0.0864,0.1058,1,5,5,-2.052835579021628,2.085484727031872,4.1383203060535,-4.1383203060535,3146,28,discounted_lints,hybrid,z24_a0p5_hybrid_corr5_stablehie5_top10,24
5,0.1798383073116195,0.769032722709917,-9.54917029023884,14.414815830802974,12.496484055346047,7.664837103997731,1.0293992516107926,0.9870849348950458,562,1128,112.4,0.11280000000000001,0.4615625602467707,0.406,0.47070000000000006,0.0817,0.0998,5,5,3,True,True,3.9540436244357395,2.4307670058458797,-2.415777357157789,14.323427111753183,4.8868249223184,4.167823119022631,1.3628403221368017,1.5041890572745273,262,526,0.1052,0.4798,0.0886,0.0814,3,5,5,-3.7404176641765234,-3.412118454239277,-8.914140387019264,0.11786218758069733,10.644279641543285,6.554975080957503,0.7672554021406119,0.7058872016654959,300,602,0.1204,0.46159999999999995,0.0748,0.11820000000000001,1,5,5,-3.412118454239277,2.4307670058458797,5.8428854600851565,-5.8428854600851565,3142,29,discounted_lints,hybrid,z24_a0p5_hybrid_corr5_stablehie5_top10,24
5,4.629673410792859,0.9867860288313102,-11.16455277025754,28.932626540403874,13.591160503656251,6.953578623336395,1.1189766634066567,1.1623599813504737,532,1069,106.4,0.1069,0.4330208576091117,0.4327,0.48790000000000006,0.0809,0.0859,5,5,3,True,True,6.437558158001397,1.696899171857491,-1.919836862200608,26.477220875965735,8.453823173179343,4.638777342282244,1.3015379169733832,1.7106466307812815,241,485,0.097,0.5124,0.08259999999999999,0.07339999999999999,3,5,5,-1.9120387355908286,-0.6684044084506735,-9.425673461685024,1.9800105310227245,10.835183410939697,5.207268942294458,0.9509106169309687,0.8851143800139196,291,584,0.11679999999999999,0.46340000000000003,0.07919999999999999,0.0984,1,5,5,-0.6684044084506735,1.696899171857491,2.3653035803081646,-2.3653035803081646,3143,29,discounted_lints,hybrid,z24_a0p5_hybrid_corr5_stablehie5_top10,24
5,4.380096073427167,2.090529512159711,-8.87394712948365,25.531030636971597,11.72691851449853,6.927759876885884,1.172883550069879,1.1511709066883686,567,1139,113.4,0.1139,0.4408585467504668,0.40730000000000005,0.47050000000000003,0.0814,0.09740000000000001,5,5,3,True,True,7.333301966622625,2.649740628081698,-1.0664390644153254,26.668045822643126,8.29758625195397,4.067196477244936,1.431147486982442,1.7598978397255116,265,532,0.10640000000000001,0.48439999999999994,0.08919999999999999,0.08159999999999999,3,5,5,-2.8779912074022773,-0.8602804046040302,-8.193155090172699,-0.49508569924459067,9.855198463133185,5.083953070901465,0.8343093060750908,0.7688459906050662,302,607,0.12139999999999998,0.4566,0.0736,0.11320000000000001,0,5,5,-0.8602804046040302,2.649740628081698,3.5100210326857284,-3.5100210326857284,3144,29,discounted_lints,hybrid,z24_a0p5_hybrid_corr5_stablehie5_top10,24
5,2.096303960254573,2.955527469078456,-8.461066093028169,15.661950274102288,9.43980749230564,6.420553566335009,1.2214063157740267,1.1176524440735447,530,1064,106.0,0.10640000000000001,0.4677863979134396,0.4178,0.47079999999999994,0.0884,0.0928,5,5,3,True,True,4.753855064374624,1.8506357161634845,-3.1490047947619226,15.170759889886675,4.724025774247343,3.2071684585191145,1.2076168963868665,1.6238054772426829,252,507,0.1014,0.4772,0.09519999999999999,0.07999999999999999,3,5,5,-2.6200724646148994,-3.136545910089872,-6.131457579010002,1.1156911103151534,7.036118658863022,5.121483593069625,0.8008556283422709,0.8372094190120201,278,557,0.11139999999999999,0.46440000000000003,0.08159999999999999,0.1056,2,5,5,-3.136545910089872,1.8506357161634845,4.987181626253356,-4.987181626253356,3145,29,discounted_lints,hybrid,z24_a0p5_hybrid_corr5_stablehie5_top10,24
5,1.0135157080288781,0.7635592878633801,-9.564216402445524,17.360313436055574,11.512726347178525,7.807449106507912,1.0570192986339473,1.002700522828676,568,1140,113.6,0.11399999999999999,0.45354648804911735,0.4072,0.47490000000000004,0.08249999999999999,0.0964,5,5,3,True,True,4.257461378244482,0.8172243319962913,-4.236578852022433,20.378578004524716,9.453841656414186,5.028250714287672,1.025310778814786,1.4888821145420406,276,554,0.11080000000000001,0.4856,0.0948,0.08120000000000001,3,5,5,-3.148622430458383,-3.1093244232116346,-7.00451436467302,-0.02281820542252566,7.91953970495749,5.313398507062819,0.6749085093588065,0.7587352221792312,292,586,0.11720000000000001,0.46420000000000006,0.0702,0.1116,0,5,5,-3.1093244232116346,0.8172243319962913,3.926548755207926,-3.926548755207926,3146,29,discounted_lints,hybrid,z24_a0p5_hybrid_corr5_stablehie5_top10,24
5,2.7670289309084795,-0.6860253369432745,-8.619065425020766,20.838697457933208,8.879260564709057,6.792699668054924,0.9320181795415098,1.0210731448703314,510,1023,102.0,0.10230000000000002,0.46082472421827136,0.38739999999999997,0.4427,0.08099999999999999,0.09390000000000001,5,5,2,True,True,5.8710634256592575,2.013263108708263,-5.093973752510106,24.993910674650866,8.698610741587787,4.723843454597064,1.1373409332358775,1.0792580550400541,220,443,0.0886,0.44939999999999997,0.091,0.06660000000000002,4,5,5,-2.8914109853160452,-3.2226398775469067,-4.340860308855133,-1.4710790270342056,5.963739119707023,4.804248831658443,0.8127837723875115,0.9597801142041948,290,580,0.11599999999999999,0.43599999999999994,0.071,0.12120000000000002,0,5,5,-3.2226398775469067,2.013263108708263,5.235902986255169,-5.235902986255169,3142,30,discounted_lints,hybrid,z24_a0p5_hybrid_corr5_stablehie5_top10,24
5,2.7381480208152964,-0.9084034620171377,-8.571381152391345,20.443299763711288,11.439813374647512,6.960702649449712,0.9060993519414595,1.0973868791804686,496,996,99.2,0.0996,0.43961517514458687,0.4021,0.45519999999999994,0.0835,0.0854,5,5,2,True,True,4.938971453895125,1.1679533920862406,-2.0600109512156406,21.259204525996722,8.8353225750469,4.652995142154187,1.117028966495161,1.8191236566221831,219,440,0.088,0.4708,0.0862,0.0638,3,5,5,-2.2054937493434656,-2.022468824331791,-6.853863617818357,1.22260097779614,8.406706497616966,4.958282530259653,0.7256290752430309,0.7610718201357698,277,556,0.11120000000000001,0.4396,0.0808,0.10700000000000001,1,5,5,-2.022468824331791,1.1679533920862406,3.190422216418032,-3.190422216418032,3143,30,discounted_lints,hybrid,z24_a0p5_hybrid_corr5_stablehie5_top10,24
5,1.6705439457636295,3.391917283633261,-12.26226701290366,17.952816815542416,13.100295267720751,7.959002692867574,1.1487604798362097,1.0689831777206824,500,1005,100.0,0.1005,0.44146470847783165,0.4173,0.4706,0.08149999999999999,0.09219999999999999,5,5,3,True,True,4.592814895760922,2.9192250958766763,-5.093048020476843,21.483688869446294,7.515126286950102,4.606098791562356,1.1177098024456258,1.733014048104905,217,437,0.0874,0.49640000000000006,0.0834,0.07319999999999999,3,5,5,-2.8132608641432255,-2.0710940715004456,-12.034139517542863,3.3807160967253447,12.164393436905218,5.464635570195421,0.6582394313413173,0.7711960209306394,283,568,0.1136,0.44480000000000003,0.07959999999999999,0.11120000000000001,1,5,5,-2.0710940715004456,2.9192250958766763,4.9903191673771214,-4.9903191673771214,3144,30,discounted_lints,hybrid,z24_a0p5_hybrid_corr5_stablehie5_top10,24
5,5.040506951000115,0.9636913737728792,-6.516398398215417,27.339788323487248,8.895111313033032,6.196278835442007,1.0664240965626066,1.2447369320000294,509,1022,101.8,0.1022,0.4588488907762754,0.3981,0.45199999999999996,0.08249999999999999,0.0886,5,5,3,True,True,6.6447238609593935,1.4810235201307975,-2.2041007263719714,27.897892407844015,8.895111313033032,4.7061370752783445,1.178725494631488,1.2529276316441398,225,452,0.09040000000000001,0.46580000000000005,0.08919999999999999,0.06539999999999999,4,5,5,-1.5950986211866103,-0.4795092426646219,-6.583431981366649,2.604212332312783,8.019709527000273,4.856468268041656,0.961074739455272,1.2046399540788708,284,570,0.11399999999999999,0.4382,0.07579999999999999,0.11180000000000001,1,5,5,-0.4795092426646219,1.4810235201307975,1.9605327627954194,-1.9605327627954194,3145,30,discounted_lints,hybrid,z24_a0p5_hybrid_corr5_stablehie5_top10,24
5,4.083735669748989,3.523811107791519,-6.714966403111278,22.69936591008692,8.975498933378745,6.780591565647455,1.1846269644233753,1.166611431904024,509,1022,101.8,0.1022,0.4460482204550001,0.4016,0.46399999999999997,0.0878,0.08900000000000001,5,5,3,True,True,6.925626497315244,2.7804896887487773,-3.1217661719587952,26.206107013719215,8.975498933378745,4.527724011617072,1.2234350363273292,1.2175967744530758,223,448,0.0896,0.47539999999999993,0.0944,0.06220000000000001,4,5,5,-2.6642503371243054,-2.672888208250501,-7.821764333167813,0.7538606542302873,8.696117207983145,5.711230770105892,0.9027623538344302,1.1082714129548656,286,574,0.11480000000000001,0.4526,0.08120000000000001,0.11580000000000001,1,5,5,-2.672888208250501,2.7804896887487773,5.453377896999278,-5.453377896999278,3146,30,discounted_lints,hybrid,z24_a0p5_hybrid_corr5_stablehie5_top10,24
5,2.4381739359109966,-1.5521084184548672,-10.96308488495904,19.4933082448296,13.517400314098216,7.430386844416796,0.8405986409497085,1.0509116575188107,512,1029,102.4,0.10289999999999999,0.4501812239830099,0.41559999999999997,0.46880000000000005,0.0869,0.0865,5,5,2,True,True,5.44365528800286,0.2882349611765811,-2.666779825661336,22.08302834746556,8.973494645602099,4.805191242670405,0.9618050219698158,1.8257241030793296,234,470,0.094,0.48840000000000006,0.08940000000000001,0.07100000000000001,3,5,5,-2.8963379112228615,-1.3243145751879237,-11.218982815373323,0.2285516566161494,12.174933687854816,5.71923959697201,0.8472350540914588,0.7808146533922623,278,559,0.11179999999999998,0.4492,0.0844,0.10200000000000001,1,5,5,-1.3243145751879237,0.2882349611765811,1.6125495363645048,-1.6125495363645048,3142,31,discounted_lints,hybrid,z24_a0p5_hybrid_corr5_stablehie5_top10,24
5,3.3519007399394,0.9290868691040455,-7.4843337305384505,18.958675904868617,10.064194087809742,5.4730441320846195,1.105857770901382,1.2131048677557963,482,969,96.4,0.09690000000000001,0.4473406207113447,0.42679999999999996,0.47829999999999995,0.089,0.08130000000000001,5,5,3,True,True,5.233560986980889,2.2653850349728,-2.3603941507887694,18.27111406332753,5.906110592880021,3.87615329388586,1.4185022717838525,1.719610543587277,216,435,0.08700000000000001,0.4958,0.091,0.0648,4,5,5,-1.8881665786255897,-1.276666035004903,-5.247808545707155,0.7889818054128694,7.0024463971880895,4.572311669868211,0.84659828283667,0.9482835320198795,266,534,0.1068,0.4608,0.087,0.0978,2,5,5,-1.276666035004903,2.2653850349728,3.542051069977703,-3.542051069977703,3143,31,discounted_lints,hybrid,z24_a0p5_hybrid_corr5_stablehie5_top10,24
5,4.220578796452285,0.21701301573260334,-6.511289771903595,23.444822430514776,9.896300200063369,6.638446722739792,0.9963517959376053,1.1429205372564522,529,1063,105.8,0.10629999999999999,0.46491025874064906,0.3964,0.45780000000000004,0.09269999999999999,0.0929,5,5,3,True,True,6.171013723137179,1.8480621445828405,-3.4748366492965643,23.629052302535534,9.55092842584686,5.079970505278281,1.1481696312375307,1.6405023311275162,244,490,0.098,0.4774,0.101,0.07719999999999999,3,5,5,-1.9124214294449657,-0.9046498766378974,-6.043410353716972,-0.14901826762364623,8.274144913924431,4.610031861642909,0.8817732156549086,0.8397013690199282,285,573,0.1146,0.4382,0.0844,0.1086,0,5,5,-0.9046498766378974,1.8480621445828405,2.752712021220738,-2.752712021220738,3144,31,discounted_lints,hybrid,z24_a0p5_hybrid_corr5_stablehie5_top10,24
5,1.3444453696625076,-2.3246463381702553,-8.27650725797059,23.160172816562795,10.607738115413346,8.363952186780976,0.8724226631532448,1.0047159046544656,518,1040,103.6,0.10400000000000001,0.4302024653838993,0.4067,0.4652,0.08819999999999999,0.0925,5,5,1,True,True,5.497375043321098,2.061802109041988,-3.4152734663998707,23.718134110119472,9.550928425846871,5.444797418657719,1.3076659262322408,1.742636086998925,236,475,0.095,0.4822,0.092,0.0786,4,5,5,-4.063652667992392,-4.960114055200037,-6.4881999948378954,-0.4132716948031745,9.447048789238455,6.458276961077365,0.6278118657341052,0.6426513001884405,282,565,0.11299999999999999,0.44820000000000004,0.0844,0.10640000000000001,0,5,5,-4.960114055200037,2.061802109041988,7.021916164242025,-7.021916164242025,3145,31,discounted_lints,hybrid,z24_a0p5_hybrid_corr5_stablehie5_top10,24
5,3.4279629597541232,0.48504662486745787,-8.079980658074826,19.61947419203365,11.12425737896584,6.595637860538545,1.0474878982329376,1.1365576758432259,502,1008,100.4,0.1008,0.4501929446164218,0.4064,0.45830000000000004,0.09459999999999999,0.0877,5,5,3,True,True,5.694331528442452,1.7520772347024982,-1.704521442207385,21.66385382903031,8.8353225750469,4.714827784967521,1.1936488858667107,1.8188902249134749,228,458,0.0916,0.4732,0.0992,0.073,3,5,5,-2.184074150043953,-1.2151643745877405,-8.008804743409348,0.4047469768986067,10.327108392983819,5.162194271780853,0.8659300360597196,0.815241093525047,274,550,0.11000000000000001,0.4434,0.09,0.1024,1,5,5,-1.2151643745877405,1.7520772347024982,2.9672416092902387,-2.9672416092902387,3146,31,discounted_lints,hybrid,z24_a0p5_hybrid_corr5_stablehie5_top10,24
5,2.2434131871379996,-1.4274582437923122,-11.525429578259827,16.61036063934862,13.482600452997263,6.570362183172334,0.8503777135577423,1.1887239829727014,478,960,95.6,0.096,0.4604690525845375,0.4112,0.46130000000000004,0.0957,0.08320000000000001,5,5,2,True,True,4.526533012911648,1.1833810400260436,-3.184547810220395,15.895089645137839,4.645511805384839,3.548007073469126,1.0999126477548125,2.5558321351840534,212,427,0.0854,0.47940000000000005,0.1042,0.0632,3,5,5,-2.363394760696642,-2.160070284022475,-9.924600916022497,2.163060848954035,11.33401141309529,5.64513014439918,0.6419403774935608,0.7750510767487541,266,533,0.10659999999999999,0.44320000000000004,0.0872,0.1032,2,5,5,-2.160070284022475,1.1833810400260436,3.3434513240485186,-3.3434513240485186,3142,32,discounted_lints,hybrid,z24_a0p5_hybrid_corr5_stablehie5_top10,24
5,4.806042310882409,-0.6673512959344818,-9.260627691595403,29.819185610789845,11.604607796234045,6.837379608105121,0.9422951339563781,1.3334422543540474,491,986,98.2,0.0986,0.46954410127430846,0.3811,0.4387,0.0944,0.08780000000000002,5,5,2,True,True,6.641057338643952,1.5497904298857446,-2.096033204887282,26.96055889223925,8.99989931907884,4.103624386122908,1.2094547278789773,1.2072230826308445,213,428,0.08560000000000001,0.44800000000000006,0.0984,0.065,3,5,5,-1.9418153426095848,-1.4552041041238528,-8.655146841129579,2.363067790284279,9.672244713323675,5.0089664315216735,0.800348734231987,1.3810764627757095,278,558,0.1116,0.42939999999999995,0.09040000000000001,0.1106,2,5,5,-1.4552041041238528,1.5497904298857446,3.0049945340095974,-3.0049945340095974,3143,32,discounted_lints,hybrid,z24_a0p5_hybrid_corr5_stablehie5_top10,24
5,3.304759585347168,1.3510784149074695,-6.7154903102320525,16.91982952382809,7.527544299662548,5.663507720943057,1.1680686801130797,1.1848717309035834,475,954,95.0,0.0954,0.45069512399744954,0.42729999999999996,0.4768,0.09240000000000001,0.0801,5,5,3,True,True,5.168027122715783,2.971031258093948,-3.598479694939183,17.571723587252052,4.543350362764187,3.353521795492172,1.5425101097781204,1.86886292201336,203,409,0.08180000000000001,0.4944,0.1002,0.0568,4,5,5,-1.8316380985746594,-1.5431487391260101,-4.969056980157449,1.016362809656357,7.026349366439499,4.509202910700829,0.8079284537350928,0.8947576051274879,272,545,0.10900000000000001,0.45920000000000005,0.0846,0.1034,1,5,5,-1.5431487391260101,2.971031258093948,4.5141799972199586,-4.5141799972199586,3144,32,discounted_lints,hybrid,z24_a0p5_hybrid_corr5_stablehie5_top10,24
5,4.899102892898968,0.306560730580796,-3.462550202093584,27.04150112753334,8.99989931907883,5.657337664894053,1.0319703700584184,1.2742316243229506,469,942,93.8,0.09419999999999999,0.4490130508312326,0.3954,0.44959999999999994,0.0915,0.08050000000000002,5,5,3,True,True,7.129160689554932,2.0747838740861724,-1.2680222226950422,28.557895537562537,8.99989931907883,4.56223839343523,1.2940686777408008,1.3941393095186327,195,393,0.0786,0.46319999999999995,0.0952,0.0588,4,5,5,-2.0853104606154127,-1.289274259036055,-5.20385306555079,-1.071801511927828,7.241377273535987,4.731684476287998,0.8156487269539187,1.1817057768549397,274,549,0.10980000000000001,0.43599999999999994,0.0878,0.1022,0,5,5,-1.289274259036055,2.0747838740861724,3.3640581331222275,-3.3640581331222275,3145,32,discounted_lints,hybrid,z24_a0p5_hybrid_corr5_stablehie5_top10,24
5,3.6906893470218542,-0.49161840911221555,-5.324517788084194,20.829213187054798,8.556812061548058,5.696355152905534,0.9488406246339138,1.11796063314137,477,958,95.4,0.0958,0.43445964412894467,0.39480000000000004,0.44830000000000003,0.0974,0.0841,5,5,2,True,True,5.885152826762665,1.973753775550957,-1.9463002940965035,21.9516656157817,7.665059610272207,4.024366061196654,1.266706204617585,1.7597215207240615,216,435,0.087,0.4702,0.10539999999999998,0.0694,4,5,5,-2.115674524890192,-1.4700183864412075,-5.5901962977289665,-0.24744658687483323,6.52066545153549,4.5176635649310075,0.7130408642740484,0.755560560634702,261,523,0.1046,0.4264,0.08940000000000001,0.0988,0,5,5,-1.4700183864412075,1.973753775550957,3.4437721619921646,-3.4437721619921646,3146,32,discounted_lints,hybrid,z24_a0p5_hybrid_corr5_stablehie5_top10,24
5,0.8881930708160635,-0.04377333356599955,-12.197848477468309,14.435099895061065,12.916601737914679,6.348081774891723,0.9914195191284608,1.0338641686282608,467,938,93.4,0.0938,0.4590787756304998,0.39039999999999997,0.44489999999999996,0.0935,0.08120000000000001,5,5,2,True,True,3.194152958862424,0.9924465618317058,-3.0668104065181723,13.686726413527861,5.56246432869375,4.274139669014175,1.0627378827447143,1.438167124530851,205,413,0.08259999999999999,0.45899999999999996,0.1044,0.06060000000000001,3,5,5,-2.3763284691508013,-0.9957096179082581,-9.428412756767301,0.6964195081004432,9.562525060752048,4.889735710703502,0.923904152456409,0.8072865125404005,262,525,0.10499999999999998,0.43079999999999996,0.08259999999999999,0.1018,2,5,5,-0.9957096179082581,0.9924465618317058,1.9881561797399638,-1.9881561797399638,3142,33,discounted_lints,hybrid,z24_a0p5_hybrid_corr5_stablehie5_top10,24
5,-0.5796669591607028,-1.1722248179532935,-10.639508006507336,10.730186568376322,12.286420637535045,6.964232385109419,0.8765867799962325,0.9848364211229924,467,938,93.4,0.0938,0.4529267665258915,0.38380000000000003,0.43570000000000003,0.0877,0.08480000000000001,5,5,2,True,True,3.8363929268513646,1.2619020449931684,-1.1602895826883342,15.19966569544875,4.557660776913098,3.7636799260032783,1.1324425424177997,1.8758754691295743,211,424,0.08480000000000001,0.4574000000000001,0.09439999999999998,0.06820000000000001,3,5,5,-4.251809014438663,-3.879767445582971,-9.590495949246257,-1.0445392282861898,10.605685424352174,6.186479585025124,0.6582055406274449,0.6678871832193987,256,514,0.1028,0.414,0.081,0.1014,0,5,5,-3.879767445582971,1.2619020449931684,5.14166949057614,-5.14166949057614,3143,33,discounted_lints,hybrid,z24_a0p5_hybrid_corr5_stablehie5_top10,24
5,0.9566598511191415,0.8278797349539291,-9.02752075575397,16.634787928884954,11.53401946961229,6.392773351179882,1.0088240504718062,1.070263560434395,480,965,96.0,0.09649999999999999,0.46515685039257415,0.39039999999999997,0.4441,0.0869,0.08320000000000001,5,5,3,True,True,3.7162894282815317,1.8128046873747028,-2.6418156287844496,15.721878509588283,4.925969169207923,4.024341827214647,1.2636209552590705,1.5783302041992657,204,411,0.0822,0.46020000000000005,0.09740000000000001,0.0524,3,5,5,-2.7589854307027784,-3.438952530607453,-6.558981320585822,0.827074380359405,9.139350231081721,5.375525512305475,0.7546124685297108,0.7973088109925957,276,554,0.11080000000000001,0.42799999999999994,0.0764,0.11400000000000002,1,5,5,-3.438952530607453,1.8128046873747028,5.251757217982156,-5.251757217982156,3144,33,discounted_lints,hybrid,z24_a0p5_hybrid_corr5_stablehie5_top10,24
5,-0.97507676037953,-2.101822030084355,-12.176215736916863,14.122263668133916,13.617542896446878,7.364418683989465,0.7793878507880919,0.970490934845652,470,945,94.0,0.09449999999999999,0.43944732790777996,0.3941,0.4444,0.0829,0.086,5,5,2,True,True,3.6056742456475037,0.05698549198551728,-2.756976021022961,13.80422376817869,5.484302468730917,4.037488111213854,0.8354412753088802,1.5626236052196232,205,413,0.08259999999999999,0.45999999999999996,0.0912,0.059800000000000006,3,5,5,-4.516723936122347,-4.404803025953674,-9.686288363399974,0.31746134179935215,10.659213260849487,6.4857346310054265,0.5771632038576319,0.6606972574512285,265,532,0.10640000000000001,0.4288,0.0746,0.11220000000000001,1,5,5,-4.404803025953674,0.05698549198551728,4.461788517939191,-4.461788517939191,3145,33,discounted_lints,hybrid,z24_a0p5_hybrid_corr5_stablehie5_top10,24
5,1.0984520745073816,0.3259534443161627,-6.684717359556924,15.552159672134348,9.293555420838418,5.757718388194886,0.9666958978320078,1.0713413018350169,449,903,89.8,0.0903,0.4527578473068579,0.3984,0.45070000000000005,0.08869999999999999,0.0792,5,5,3,True,True,3.352909982190917,1.3674534715011566,-2.348644262792643,13.748808808267698,5.4979698353443185,3.8061207181288226,1.1933822678838772,1.3882817355417398,185,373,0.0746,0.46799999999999997,0.09559999999999999,0.0512,3,5,5,-2.2499725096313683,-2.4867602821695423,-6.1368344639921695,1.6238738951564358,7.956959531696473,4.917265372342735,0.7325024319321809,0.8652262801421745,264,530,0.10600000000000001,0.43339999999999995,0.0818,0.1072,1,5,5,-2.4867602821695423,1.3674534715011566,3.854213753670699,-3.854213753670699,3146,33,discounted_lints,hybrid,z24_a0p5_hybrid_corr5_stablehie5_top10,24
5,3.1366225312911067,-0.8019346238511638,-4.4174764691498165,19.024907559093517,10.237619554349852,6.642583352064904,0.8960035014096968,1.0441956902412264,463,930,92.6,0.093,0.44749883908742183,0.4149999999999999,0.46529999999999994,0.08449999999999999,0.076,5,5,2,True,True,5.642753472216475,1.5852317717378606,-0.9989858549143693,20.358367604720982,8.999899319078853,4.243005394619468,1.1045523242273656,1.7067625042172332,204,411,0.0822,0.48739999999999994,0.0906,0.0518,4,5,5,-2.4105116365850554,-1.7886432958644227,-5.022229384326804,-0.7902513154190882,7.547324288699442,5.1160666714519705,0.7234286081407428,0.7153810428994268,259,519,0.1038,0.44320000000000004,0.0784,0.1002,0,5,5,-1.7886432958644227,1.5852317717378606,3.3738750676022833,-3.3738750676022833,3142,34,discounted_lints,hybrid,z24_a0p5_hybrid_corr5_stablehie5_top10,24
5,3.8635304198875615,-0.8864864779369874,-3.0330024865979355,16.521858152428635,6.874992049663886,5.198047180671803,0.9113377491534145,1.1522964184382012,480,964,96.0,0.09639999999999999,0.4556367462360793,0.397,0.4474,0.09209999999999999,0.08149999999999999,5,5,2,True,True,5.141327047099127,1.1964204803818212,-3.9658866690487127,17.588546941916515,4.531980711871553,3.5875565739996818,1.1246694310721037,1.9015553113952186,204,411,0.0822,0.4596,0.0992,0.05500000000000001,4,5,5,-1.185160944936392,-0.8695872331096477,-3.4312253539177773,1.0472086895134458,6.179816185990738,4.049805455271873,0.7784749007476508,0.8642611247209231,276,553,0.1106,0.43520000000000003,0.08499999999999999,0.10800000000000001,1,5,5,-0.8695872331096477,1.1964204803818212,2.066007713491469,-2.066007713491469,3143,34,discounted_lints,hybrid,z24_a0p5_hybrid_corr5_stablehie5_top10,24
5,0.9318158551560884,1.9093769330585042,-10.244937456897418,13.307301414511642,12.102496960855857,6.550154724255546,1.1917280907954262,1.060816330274444,469,943,93.8,0.09430000000000001,0.4364699927864744,0.39039999999999997,0.4425,0.0918,0.0771,5,5,3,True,True,3.9336223125540686,2.3976936024006523,-3.0918994098981467,16.833822793539778,4.606206504113697,3.386009795919422,1.298408097370271,1.9215945730185944,194,390,0.078,0.44820000000000004,0.0954,0.0492,4,5,5,-2.907650810629865,-2.2549822013611442,-10.276104454088298,1.421090729659813,10.408961553322193,4.8954576236939555,0.7135030014677484,0.7826142627464967,275,553,0.11059999999999999,0.4368,0.0882,0.10500000000000001,1,5,5,-2.2549822013611442,2.3976936024006523,4.652675803761797,-4.652675803761797,3144,34,discounted_lints,hybrid,z24_a0p5_hybrid_corr5_stablehie5_top10,24
5,4.075656431289305,1.7348978387389913,-5.587975402606871,22.982642762307016,8.726910472358451,6.391921084969097,1.1734188427912269,1.170506883255447,496,996,99.2,0.0996,0.48021289744738016,0.4002,0.4598,0.08969999999999999,0.0893,5,5,3,True,True,5.205706452164007,2.9090975863180546,-3.1240405647049108,20.584498533491224,7.515126286950114,4.524952752474791,1.4876484060460746,1.6703990710130996,229,461,0.0922,0.4782,0.09699999999999999,0.0726,3,5,5,-1.1829161894359252,-1.3292001939429254,-3.033405854591753,2.027413349780849,5.745377901037063,4.546595315081021,0.8634023477537611,0.8710026090638759,267,535,0.10700000000000001,0.44139999999999996,0.0824,0.10600000000000001,1,5,5,-1.3292001939429254,2.9090975863180546,4.2382977802609805,-4.2382977802609805,3145,34,discounted_lints,hybrid,z24_a0p5_hybrid_corr5_stablehie5_top10,24
5,3.9895179106603167,1.6228832785022185,-6.316235974185458,14.587316625172498,10.333885277327326,5.896772680146776,1.1790965510702256,1.1757931460109867,467,939,93.4,0.09390000000000001,0.448417993881603,0.42700000000000005,0.4812,0.0953,0.07690000000000001,5,5,3,True,True,5.674010541037331,2.3255327285297556,-1.7960412505135914,17.642316153226734,5.085280963817529,3.826996762410917,1.4053217373643985,1.6351183474824702,196,395,0.07899999999999999,0.5076,0.099,0.05840000000000001,3,5,5,-1.6034772718543011,-1.1739501583464595,-4.725842494998666,1.0815120608016926,7.873910120525219,4.986442217822525,0.9848182110575545,0.9388054313411429,271,544,0.10880000000000001,0.4548,0.0916,0.09540000000000001,1,5,5,-1.1739501583464595,2.3255327285297556,3.499482886876215,-3.499482886876215,3146,34,discounted_lints,hybrid,z24_a0p5_hybrid_corr5_stablehie5_top10,24
5,4.859817777744839,2.851420607574573,-6.2632433248725805,25.673388434651212,9.787012813440477,6.623975003033742,1.275661056465314,1.2598657486881906,460,924,92.0,0.0924,0.4639062411105422,0.41459999999999997,0.4662,0.08249999999999999,0.0763,5,5,3,True,True,7.100349085298189,2.9421481410856876,-2.709632577919563,27.8348461095403,8.975498933378711,4.536449455819016,1.561462457799739,1.328343114473503,197,397,0.0794,0.4786,0.092,0.0522,3,5,5,-2.1304215397077675,-1.583943321106196,-5.760374832641457,0.3284497599344238,8.152534072006102,5.306295419247549,1.0295409838103837,1.1659769132707631,263,527,0.10540000000000001,0.45380000000000004,0.07300000000000001,0.1004,1,5,5,-1.583943321106196,2.9421481410856876,4.526091462191884,-4.526091462191884,3142,35,discounted_lints,hybrid,z24_a0p5_hybrid_corr5_stablehie5_top10,24
5,1.1755192970908657,1.1620016769014363,-8.664738538911987,13.39158569347807,10.174825604936643,5.775857358111715,1.1338647671675666,1.091697713741837,453,910,90.6,0.09099999999999998,0.4625788153146644,0.395,0.44139999999999996,0.09,0.07239999999999999,5,5,3,True,True,4.035982998286967,1.7928239286130188,-1.9859395843718208,15.26638166115637,4.308796980596064,3.4005062221108773,1.2635235332773989,1.8158693294593449,194,390,0.078,0.4662,0.0922,0.047799999999999995,3,5,5,-2.7989069707448366,-1.6660457054529232,-7.7995740960549504,-0.589472447676731,8.540615583291967,4.822970883604936,0.7198468812743819,0.7667441410956273,259,520,0.10400000000000001,0.41659999999999997,0.0878,0.097,0,5,5,-1.6660457054529232,1.7928239286130188,3.458869634065942,-3.458869634065942,3143,35,discounted_lints,hybrid,z24_a0p5_hybrid_corr5_stablehie5_top10,24
5,3.1310956191766204,0.2367297957130754,-7.422871837067047,20.736768533775084,10.251287555835498,6.886164523711426,1.0131311115046358,1.115281055703506,488,981,97.6,0.0981,0.44107241708184103,0.39239999999999997,0.4468,0.08759999999999998,0.0868,5,5,3,True,True,6.070912058040518,2.7512467737375257,-3.3818494379710184,24.325814694938575,7.665059610272184,4.420556971517726,1.391609490996154,1.921489702288835,216,434,0.0868,0.4606,0.0886,0.06380000000000001,3,5,5,-2.8007641230993863,-2.417392245824701,-6.973674950351283,0.4524338144236806,7.9626625191812295,4.737925471798059,0.69888087239149,0.6947785456069736,272,547,0.10940000000000001,0.433,0.0866,0.10980000000000001,1,5,5,-2.417392245824701,2.7512467737375257,5.168639019562226,-5.168639019562226,3144,35,discounted_lints,hybrid,z24_a0p5_hybrid_corr5_stablehie5_top10,24
5,3.5562668173043717,4.01086310734684,-7.333154619072735,19.451890237111403,10.655914847728598,6.360091602225014,1.1416051472596376,1.20696895871466,476,957,95.2,0.09570000000000001,0.48466277072496633,0.39110000000000006,0.44539999999999996,0.0839,0.0854,5,5,3,True,True,5.366130309118388,3.439101691492774,-1.906043310127814,20.835367382503776,7.515126286950114,4.089839645686704,1.3914499215706877,1.6823567089933953,210,423,0.0846,0.44799999999999995,0.0892,0.06560000000000002,3,5,5,-1.7478838991224088,-1.1074680330490527,-6.797226177937432,0.5833479402329367,9.349203676144558,5.270855464937026,0.8630666403045968,0.9263853586664229,266,534,0.1068,0.44279999999999997,0.07859999999999999,0.1052,1,5,5,-1.1074680330490527,3.439101691492774,4.546569724541827,-4.546569724541827,3145,35,discounted_lints,hybrid,z24_a0p5_hybrid_corr5_stablehie5_top10,24
5,3.2549178173846087,1.092751641106271,-7.210865176633618,17.60474789521902,10.404654660786738,6.987144260126388,1.1311014528801533,1.0924996342766324,456,917,91.2,0.09169999999999999,0.4758706547704518,0.42279999999999995,0.4748,0.0925,0.0729,5,5,3,True,True,6.449538344965245,2.298183661836428,-0.11769957648164464,19.51483320714791,7.476563848397122,3.86024584040241,1.4254284945664464,1.662645239421233,197,397,0.0794,0.48260000000000003,0.0962,0.0504,4,5,5,-3.064095430755873,-1.5611100361739738,-8.076980031271042,-1.0104580413673236,9.642915943593112,5.610520990924335,0.7155141034129551,0.7308992976084072,259,520,0.10400000000000001,0.46699999999999997,0.0888,0.09540000000000001,0,5,5,-1.5611100361739738,2.298183661836428,3.859293698010402,-3.859293698010402,3146,35,discounted_lints,hybrid,z24_a0p5_hybrid_corr5_stablehie5_top10,24
5,3.5429380611054784,-0.48289899763231947,-5.845536084993952,19.548652239279395,9.69111884529179,6.476713215508829,0.9447895185853293,1.0992307332278348,495,994,99.0,0.0994,0.4624136434141726,0.38599999999999995,0.4446,0.08549999999999999,0.0905,5,5,2,True,True,5.8002940379960055,1.2665688744577963,-3.066247132533473,20.379451473910205,8.698610741587808,4.351358101246438,1.12182213411636,1.987114273526051,227,457,0.09140000000000001,0.462,0.0914,0.0732,4,5,5,-2.164343617279685,-2.327825076866419,-3.3492674247751597,-0.6525187478700567,7.5653833950658615,4.8495442933673845,0.7735085240957548,0.751856998934701,268,537,0.10740000000000001,0.4272,0.0796,0.1078,0,5,5,-2.327825076866419,1.2665688744577963,3.594393951324215,-3.594393951324215,3142,36,discounted_lints,hybrid,z24_a0p5_hybrid_corr5_stablehie5_top10,24
5,3.406945602887879,0.17396141384802277,-9.736196366999872,24.141849849185594,11.2486970343042,6.571081594571387,1.0234510480962133,1.1825190921931352,503,1011,100.6,0.1011,0.46339517086686904,0.37689999999999996,0.43810000000000004,0.086,0.0982,5,5,3,True,True,5.2298520365591745,0.8685126371591467,-3.1560825398535997,22.944470897535176,7.633237870958986,4.063270959968291,1.0763735053325714,1.7413039036158557,225,452,0.09040000000000001,0.449,0.0912,0.0782,3,5,5,-1.860555401640449,-0.6583523898237575,-7.833171020794893,1.0121806981774784,8.167652692065507,4.859162014633136,0.9543993079423065,0.8926111239877095,278,559,0.11180000000000001,0.4271999999999999,0.0808,0.11820000000000001,1,5,5,-0.6583523898237575,0.8685126371591467,1.5268650269829043,-1.5268650269829043,3143,36,discounted_lints,hybrid,z24_a0p5_hybrid_corr5_stablehie5_top10,24
5,0.9245789600164646,-1.0306699891667104,-9.334299644207478,15.496684829765162,10.841172739228744,7.13160823936862,0.9256055313363145,1.034043252439997,492,989,98.4,0.09889999999999999,0.4434661367078908,0.38870000000000005,0.4473,0.08499999999999999,0.088,5,5,2,True,True,4.513105908556188,3.39676812034051,-3.46049011308206,18.94509209944848,7.5151262869501245,3.9046276792570196,1.2284514176871841,1.3978757809873588,212,426,0.0852,0.454,0.093,0.06100000000000001,4,5,5,-3.436688643896555,-2.8623643753014183,-9.543351499049546,0.1277260898873367,9.830847299027978,5.1965023479756285,0.7477276674914676,0.7539020102726303,280,563,0.11259999999999999,0.44060000000000005,0.07699999999999999,0.11500000000000002,1,5,5,-2.8623643753014183,3.39676812034051,6.2591324956419285,-6.2591324956419285,3144,36,discounted_lints,hybrid,z24_a0p5_hybrid_corr5_stablehie5_top10,24
5,2.0733770469633472,2.0451520732885253,-11.33669207266922,17.196214376281272,13.096125123619762,6.610101765526437,1.1977852963773925,1.0554886155842742,501,1007,100.2,0.10069999999999998,0.44526576236647486,0.3814,0.4417,0.0847,0.09459999999999999,5,5,3,True,True,3.7681265083015076,1.6426143369890234,-2.6771265633316554,16.830479803989483,7.476563848397144,4.488723698597474,1.2403979055177519,1.240755029609781,223,448,0.0896,0.44719999999999993,0.0846,0.0756,3,5,5,-1.74155308039168,0.3510589920107332,-9.85073619039647,1.2319155196087728,11.114804666557188,5.268354946935064,0.9610584417376101,0.9170843608803892,278,559,0.11179999999999998,0.43620000000000003,0.0848,0.11359999999999999,3,5,5,0.3510589920107332,1.6426143369890234,1.2915553449782902,-1.2915553449782902,3145,36,discounted_lints,hybrid,z24_a0p5_hybrid_corr5_stablehie5_top10,24
5,1.4205516182937619,1.542556837494824,-8.034481483838906,15.164192438014235,12.827902163939708,8.350244726817149,1.0640961292246023,1.0546052037348186,490,985,98.0,0.0985,0.42884385173447404,0.39349999999999996,0.45569999999999994,0.07569999999999999,0.0947,5,5,3,True,True,4.990574347738093,1.8233439478845037,-2.776822203861651,19.049695089409326,9.410187759377974,4.236709615455976,1.2822905777344704,1.65522264207902,219,441,0.0882,0.46440000000000003,0.0842,0.0722,3,5,5,-3.3730620182899917,-3.2271089086599702,-7.5916224235793806,-0.24522150110953822,10.54258805746915,5.877307995630925,0.7509940755944619,0.7458987110079167,271,544,0.10880000000000001,0.44699999999999995,0.06720000000000001,0.11720000000000001,0,5,5,-3.2271089086599702,1.8233439478845037,5.050452856544474,-5.050452856544474,3146,36,discounted_lints,hybrid,z24_a0p5_hybrid_corr5_stablehie5_top10,24
5,3.06759081742842,0.6426979945940658,-12.81850945592744,25.542902629308315,13.614522442031628,7.623154888850524,1.0897340694855586,1.2539317520567939,436,877,87.2,0.0877,0.4653913382887011,0.4109,0.4600999999999999,0.08399999999999999,0.0726,5,5,3,True,True,6.4568173231982815,1.8602182594849914,-3.2052090944691525,26.537343529135704,8.698610741587787,4.41718240197893,1.3167519785219595,1.2971519872662163,189,381,0.0762,0.4646,0.0874,0.0546,3,5,5,-3.350495977004286,-1.1652210235701732,-11.25763540495388,-0.5656396757042548,12.113256990375165,6.250444214932611,0.8805188752540295,1.19233641919873,247,496,0.09920000000000001,0.4556,0.08059999999999999,0.0906,0,5,5,-1.1652210235701732,1.8602182594849914,3.0254392830551646,-3.0254392830551646,3142,37,discounted_lints,hybrid,z24_a0p5_hybrid_corr5_stablehie5_top10,24
5,2.072105808464914,0.04473273191136773,-14.237173703347105,22.387204401774618,14.855918949213475,7.062697459381027,1.0071306632517347,1.0884714450747073,460,925,92.0,0.0925,0.45954975940112713,0.39299999999999996,0.44299999999999995,0.08869999999999999,0.08030000000000001,5,5,3,True,True,4.609699673087144,2.1905289491519264,-4.090567829309199,21.085193157784342,7.633237870958998,4.343085591029799,1.4387137399953913,1.612381345535376,193,389,0.07780000000000001,0.4528,0.096,0.055600000000000004,3,5,5,-2.632608093348567,-1.2108388997263186,-10.579361846267531,1.11358587348096,10.71176990238759,5.05167157486043,0.7511804324762963,0.7764752767473283,267,536,0.1072,0.4332,0.0814,0.10500000000000001,1,5,5,-1.2108388997263186,2.1905289491519264,3.401367848878245,-3.401367848878245,3143,37,discounted_lints,hybrid,z24_a0p5_hybrid_corr5_stablehie5_top10,24
5,3.895553844310709,-0.1359872858689104,-12.143370361080684,25.879838327833916,13.286369559341637,7.2048711897671165,0.9745212637445877,1.278960526783549,470,944,94.0,0.0944,0.46011813347899866,0.3854,0.4422999999999999,0.0841,0.08660000000000001,5,5,2,True,True,6.43302937072108,2.1232241414179898,-2.3661248364921783,24.96690366223988,8.698610741587798,4.2994877562889755,1.2764142155755702,1.185498172824266,195,392,0.0784,0.4516,0.0888,0.062,3,5,5,-2.59658566834966,-2.1313261907621284,-10.014193852507159,0.8364990985822773,10.557750951262545,6.170052042255827,0.7375229758686253,1.3279003204500057,275,552,0.11040000000000001,0.433,0.0794,0.11120000000000001,2,5,5,-2.1313261907621284,2.1232241414179898,4.254550332180118,-4.254550332180118,3144,37,discounted_lints,hybrid,z24_a0p5_hybrid_corr5_stablehie5_top10,24
5,1.7934571217027329,-1.0381535483207194,-5.299325600368299,12.529338185026795,7.496763147453789,5.333406531442426,0.9032916120824726,1.0616444119644672,469,943,93.8,0.09430000000000001,0.45691369532724097,0.40009999999999996,0.4563,0.0862,0.082,5,5,2,True,True,4.295298206903622,1.4189393268359662,-1.3381924471820517,15.487161235080737,4.543350362764198,3.2383918958046287,1.1777143503776184,1.4566900234142026,204,411,0.0822,0.4826,0.0916,0.058600000000000006,3,5,5,-2.4102171196980726,-2.508916410829065,-4.537928036920869,0.6826587972148301,6.157874839265065,4.647367523540621,0.7056747015746133,0.8099415042509518,265,532,0.10640000000000001,0.43,0.0808,0.10540000000000001,1,5,5,-2.508916410829065,1.4189393268359662,3.9278557376650314,-3.9278557376650314,3145,37,discounted_lints,hybrid,z24_a0p5_hybrid_corr5_stablehie5_top10,24
5,2.8492117007161055,0.027016894204856534,-9.851814884086274,22.93857826121768,10.955695198467474,7.206400386063523,1.0066315343471683,1.1220689363656358,465,934,93.0,0.0934,0.44908894096751373,0.4025,0.4572,0.0875,0.08020000000000002,5,5,3,True,True,5.833182459737159,2.250304922911961,-2.302025844908162,21.386584430333833,8.975498933378745,4.425698721719971,1.414736223201663,1.7979137584527802,199,401,0.0802,0.4640000000000001,0.09759999999999999,0.058800000000000005,3,5,5,-3.0006456754106665,-2.1445919236068534,-9.443421749857883,1.3169322896585234,9.772059677115719,5.228978617171269,0.6957818197290636,0.7451932367207906,266,533,0.1066,0.45039999999999997,0.0774,0.1016,1,5,5,-2.1445919236068534,2.250304922911961,4.394896846518814,-4.394896846518814,3146,37,discounted_lints,hybrid,z24_a0p5_hybrid_corr5_stablehie5_top10,24
5,2.709504767284663,0.3411487118699652,-7.980852005091011,18.128056512420155,10.823975771177762,6.257880101649144,1.019133665111402,1.1261568227548104,558,1120,111.6,0.11200000000000002,0.4584799924932752,0.438,0.49539999999999995,0.09059999999999999,0.0834,5,5,3,True,True,4.899785366153376,0.5533461346858504,-1.2565564563004394,15.385550148374595,4.44002852538512,3.632749617407174,0.9840501910209689,1.478518070709572,261,525,0.10500000000000001,0.5132,0.0958,0.07219999999999999,4,5,5,-2.1961155758870214,-1.9195622096652598,-8.48723435652331,2.416322399432347,10.029080919208866,5.433704671576742,0.8707994712384209,0.897747536903938,297,595,0.119,0.47759999999999997,0.0854,0.0946,2,5,5,-1.9195622096652598,0.5533461346858504,2.47290834435111,-2.47290834435111,3142,38,discounted_lints,hybrid,z24_a0p5_hybrid_corr5_stablehie5_top10,24
5,2.3477233600049834,3.7428417292072913,-6.948768040383769,12.42022103922682,8.994733562315382,5.618439134260325,1.1140600672915884,1.1217195325437435,537,1078,107.4,0.1078,0.4510200668570497,0.43610000000000004,0.49610000000000004,0.08929999999999999,0.0839,5,5,3,True,True,5.028160658314671,3.4235217615663727,-0.22995675961777762,13.644623541192669,3.971058853668663,3.182329664142947,1.6164435103703263,1.5968048608146308,249,501,0.1002,0.5284,0.0976,0.067,3,5,5,-2.570663964568709,-1.9978627121948755,-6.73429725251089,0.33891255052971303,8.994733562315382,5.379046985232224,0.7728596395269889,0.8221803850286633,288,577,0.11539999999999999,0.4638,0.081,0.1008,1,5,5,-1.9978627121948755,3.4235217615663727,5.421384473761249,-5.421384473761249,3143,38,discounted_lints,hybrid,z24_a0p5_hybrid_corr5_stablehie5_top10,24
5,1.0385872775921776,1.6624883456713757,-9.142503928652202,14.980202160499978,11.736323484548505,6.512354342128385,1.1043308006782273,1.0185331254012735,552,1108,110.4,0.11080000000000001,0.4343539933737244,0.4312,0.48179999999999995,0.0963,0.0865,5,5,3,True,True,4.3220353419883235,2.0900835952079477,-2.756359431021682,15.905901527646261,6.012266213671236,3.7056542516450386,1.254638670768616,1.2671600221298682,263,529,0.10579999999999998,0.5066,0.1018,0.0778,3,5,5,-3.2292431529567884,-1.9804459691558862,-8.77873132638638,-0.38854053832645397,10.845832834755875,5.768396220660845,0.854001786611196,0.8363136855786204,289,579,0.11579999999999999,0.457,0.0908,0.09519999999999999,0,5,5,-1.9804459691558862,2.0900835952079477,4.070529564363834,-4.070529564363834,3144,38,discounted_lints,hybrid,z24_a0p5_hybrid_corr5_stablehie5_top10,24
5,2.1024527012111456,2.4231727225555,-7.820993414725019,14.754670293343896,9.229494714865483,6.4976592884099915,1.1343849800454753,1.0312616239252443,538,1080,107.6,0.10799999999999998,0.44124300254452925,0.4401,0.49160000000000004,0.0933,0.07959999999999999,5,5,3,True,True,5.563313162909089,3.361249747967232,-0.8644306951305469,13.93797000558228,4.29467334828455,3.2786512889056096,1.6043825794034283,1.469499761338246,250,503,0.10060000000000002,0.5212,0.101,0.0654,4,5,5,-3.373255682956291,-3.709611973663518,-7.017221738245238,0.7549585465916664,8.326420464684148,5.873294164349286,0.7659934510561415,0.7365928545274151,288,577,0.11539999999999999,0.4619999999999999,0.0856,0.0938,1,5,5,-3.709611973663518,3.361249747967232,7.0708617216307506,-7.0708617216307506,3145,38,discounted_lints,hybrid,z24_a0p5_hybrid_corr5_stablehie5_top10,24
5,0.9638479090609264,1.8169019644375117,-7.649742633907552,10.82652279960521,11.451547087212177,6.702162916900265,1.0711900879880925,1.0149326926981534,549,1103,109.8,0.1103,0.4348466269904743,0.4298,0.48819999999999997,0.0984,0.083,5,5,3,True,True,3.9923185890935864,1.2548111773061477,-1.959697552046924,13.433465900316865,4.862916615386448,4.164911341666984,1.1091263962747793,1.4084394596687528,251,505,0.101,0.5157999999999999,0.1034,0.06439999999999999,3,5,5,-2.9105857323422435,-2.6065789571614872,-7.2682546856092545,0.5857219567255045,9.356413139080754,5.591574237983334,0.7164045127293409,0.8009259789762668,298,598,0.1196,0.4606,0.09340000000000001,0.1016,1,5,5,-2.6065789571614872,1.2548111773061477,3.861390134467635,-3.861390134467635,3146,38,discounted_lints,hybrid,z24_a0p5_hybrid_corr5_stablehie5_top10,24
5,0.4905495529409777,-2.5177910616251076,-8.530926691170004,17.109864848883994,10.657027677972852,7.06835268608814,0.8034322075509172,1.0093334909717904,550,1104,110.0,0.11040000000000001,0.41745635231991657,0.4499000000000001,0.5083,0.0882,0.0854,5,5,2,True,True,4.879431629648618,-0.27684050258239834,-0.5509992802834152,17.92299177905774,4.460116011623905,3.7574290873949616,0.8946255764768052,1.5858127526675836,269,541,0.10819999999999999,0.5344,0.09559999999999999,0.07780000000000001,2,5,5,-4.297471253420906,-3.33686621711321,-8.144757117601987,-0.6512827293455592,9.775782977997638,6.3288773260043545,0.7428119259151136,0.6631458888182452,281,563,0.11259999999999999,0.4822,0.0808,0.09300000000000001,0,5,5,-3.33686621711321,-0.27684050258239834,3.060025714530812,-3.060025714530812,3142,39,discounted_lints,hybrid,z24_a0p5_hybrid_corr5_stablehie5_top10,24
5,3.4981484267935237,-1.3678408228585126,-5.799055108893059,24.48790056536996,8.793547005884728,7.119240557433808,0.8852858362785735,1.0787589631929706,579,1163,115.8,0.1163,0.4221077226904021,0.43080000000000007,0.5,0.0943,0.0907,5,5,2,True,True,7.305463900537579,1.549052048557753,-0.3682587492641276,22.80354533421032,7.775423221245092,3.6269370751309915,1.1967460244279957,1.656989730068251,270,543,0.10859999999999999,0.5202,0.1016,0.07599999999999998,4,5,5,-3.661399702699535,-4.379773536792619,-7.115081356023422,1.4116226729414816,7.533964879086086,5.978288649907058,0.6323895503220981,0.7196348456780866,309,620,0.124,0.4798,0.087,0.10540000000000001,1,5,5,-4.379773536792619,1.549052048557753,5.928825585350372,-5.928825585350372,3143,39,discounted_lints,hybrid,z24_a0p5_hybrid_corr5_stablehie5_top10,24
5,1.154376113511597,-0.8740793776615852,-7.425589923193188,14.189987587537779,10.27761682271484,7.145923297004669,0.9106690185206646,0.9940977455450459,582,1168,116.4,0.11679999999999999,0.448917515526833,0.4295,0.4892,0.0941,0.093,5,5,2,True,True,4.283759291779548,2.1929887478158827,-3.1276221840233265,14.929626582927291,5.536479924197613,3.4226420892020086,1.239757695875539,1.3685524724637887,281,565,0.11299999999999999,0.5058,0.10600000000000001,0.0818,3,5,5,-3.0592226905688764,-2.962551559319837,-6.215985243904642,-0.6052207923928243,8.588324412957803,5.932422433874633,0.7153849909506961,0.7233174170446934,301,603,0.1206,0.4726000000000001,0.0822,0.10419999999999999,0,5,5,-2.962551559319837,2.1929887478158827,5.15554030713572,-5.15554030713572,3144,39,discounted_lints,hybrid,z24_a0p5_hybrid_corr5_stablehie5_top10,24
5,3.6831437722742777,0.7410872888452991,-6.099261025355817,17.496299070988552,6.729731471896083,4.97903664219105,1.0205553072687925,1.1127090946206986,569,1143,113.8,0.1143,0.43134214289568823,0.4412,0.49749999999999994,0.089,0.08909999999999998,5,5,3,True,True,5.400536823075475,1.8011942920396207,-1.7704850829818208,17.08362037828408,4.779046780799623,3.6938231401818356,1.1388973469076402,1.5066205073635188,260,523,0.1046,0.5286000000000001,0.0968,0.0628,4,5,5,-1.6708441590950998,-1.216909175348968,-4.406797637177418,0.39049162916884317,6.729731471896083,4.567893295067591,0.8694728321914207,0.8508537756685397,309,620,0.124,0.4664,0.08120000000000001,0.11539999999999999,1,5,5,-1.216909175348968,1.8011942920396207,3.0181034673885887,-3.0181034673885887,3145,39,discounted_lints,hybrid,z24_a0p5_hybrid_corr5_stablehie5_top10,24
5,2.756062555719665,-1.8703335542560762,-6.441986742310268,15.458181323375708,10.071632435362721,6.020923169633663,0.8337145895866459,1.0999656201709156,564,1133,112.8,0.1133,0.4332615280965104,0.4274,0.4862,0.0953,0.0867,5,5,2,True,True,4.960830322690827,0.9783281024281054,-0.20134340622901536,15.838340322135869,4.806159130379928,3.8559445847340568,1.0632281292597552,1.5631789526535342,263,529,0.10579999999999998,0.5156,0.09980000000000001,0.06999999999999999,4,5,5,-2.1878691729212374,-2.4733101059854046,-7.348423155918682,2.5527917233870268,9.525045838375013,5.533364962326464,0.719418014108287,0.7880615992188194,301,604,0.12079999999999999,0.45680000000000004,0.0908,0.1034,1,5,5,-2.4733101059854046,0.9783281024281054,3.45163820841351,-3.45163820841351,3146,39,discounted_lints,hybrid,z24_a0p5_hybrid_corr5_stablehie5_top10,24
5,3.2695745594195413,0.37053793932342316,-7.110754105535921,17.27915873515935,10.489618148158286,6.31527896870942,1.022021991128135,1.0747023048420548,482,968,96.4,0.0968,0.45887108862962656,0.4111000000000001,0.46820000000000006,0.09050000000000001,0.09059999999999999,5,5,3,True,True,3.333413199294546,0.07104488463149927,-1.5113676481140037,14.541968428168284,7.044422052927112,4.21500353361879,0.9646863947192527,1.251992875771244,237,474,0.0948,0.5098,0.09559999999999999,0.0834,3,5,5,-0.18080092917186485,0.2992804312548225,-5.6853124301859514,3.094489066583783,9.274423031018763,5.1362640815085925,1.1025485855116892,0.9781525135537155,245,494,0.0988,0.4266,0.0854,0.0978,3,5,5,0.07104488463149927,0.2992804312548225,0.22823554662332324,0.22823554662332324,3142,0,discounted_linucb,corr,z72_a0p5_corr_pruned_top10,72
5,0.7649335889395179,-2.8842804219899376,-5.269117833420367,12.685053239651767,10.444207124631022,7.65438444736237,0.7403187668736472,0.9141481191158105,506,1016,101.2,0.1016,0.4492085991022915,0.40170000000000006,0.4649,0.09790000000000001,0.09830000000000001,5,5,2,True,True,2.7162080337249512,-0.9365009534403446,-2.294360582772381,13.293092100714631,6.396531516888915,4.375649421662141,0.8392594842958484,1.0972902571602572,239,478,0.09559999999999999,0.4986,0.10200000000000001,0.086,2,5,5,-1.951402090045038,-0.6037725588166398,-4.373575455823242,-0.49392412666600105,10.444207124631022,6.843983206345124,0.87286015464087,0.8036160788400997,267,538,0.1076,0.4312,0.0938,0.11059999999999999,0,5,5,-0.9365009534403446,-0.6037725588166398,0.33272839462370474,0.33272839462370474,3142,1,discounted_linucb,corr,z72_a0p5_corr_pruned_top10,72
5,1.1763774312791366,1.2726300977217608,-6.829586895283068,13.734103140103704,11.128806248051026,6.726372659215199,1.0166255747755448,0.9612755112209015,511,1026,102.2,0.1026,0.4503186139756,0.4231999999999999,0.4854,0.0819,0.0975,5,5,3,True,True,2.0284474670091184,-0.2511625812306906,-3.3422632857296075,12.927775999496728,6.626848078877212,4.284991817936708,0.906783247163598,1.0936207776177844,245,490,0.098,0.5199999999999999,0.0864,0.0868,2,5,5,-0.8822151092887797,-0.42810702005515733,-5.922059566474724,1.7162758799148303,10.263155507798682,5.349076815849491,0.9162157621998217,0.8904123896755209,266,536,0.1072,0.4508,0.0774,0.10819999999999999,2,5,5,-0.42810702005515733,-0.2511625812306906,0.17694443882446675,-0.17694443882446675,3142,2,discounted_linucb,corr,z72_a0p5_corr_pruned_top10,72
5,0.4052496563323714,-1.2968984407739748,-6.525007388712867,14.06244077388552,10.953414371829284,7.362558836957592,0.8716296587028065,0.9179099215267243,498,999,99.6,0.09989999999999999,0.4321049733511331,0.392,0.4566,0.0879,0.10229999999999999,5,5,2,True,True,2.555312922939519,-0.16029172991307572,-2.128765412426492,12.905438090695377,6.817655808074042,4.638215664209147,0.9053488274312365,1.0724590715358453,242,485,0.097,0.4962,0.09219999999999999,0.091,2,5,5,-2.1703349868437565,-2.2333283988726804,-5.844947444097526,1.0247537255563932,10.14476410767433,6.278554921503932,0.813194083338238,0.906111677319237,256,514,0.1028,0.417,0.08360000000000001,0.1136,2,5,5,-2.2333283988726804,-0.16029172991307572,2.0730366689596047,-2.0730366689596047,3142,3,discounted_linucb,corr,z72_a0p5_corr_pruned_top10,72
5,-0.2630571735315314,-1.5337346009678066,-6.346062023106869,12.527903838027022,10.17157321244454,7.367751048301573,0.8932219534426493,0.9003298880246074,495,994,99.0,0.0994,0.4445074425936243,0.3847,0.4468000000000001,0.0911,0.099,5,5,2,True,True,2.0851201829046073,0.18151094479159635,-2.520442505463205,12.233248211557646,6.278093900500981,4.424565144638706,0.8885013574788656,1.043345186438549,235,471,0.09419999999999999,0.47940000000000005,0.0954,0.0858,3,5,5,-2.3685016251034585,-2.9808987184050117,-5.437941177805916,0.2625386248413353,9.337435304956166,6.225175763702597,0.7590233259612122,0.8373299997339773,260,523,0.1046,0.41419999999999996,0.08680000000000002,0.1122,1,5,5,-2.9808987184050117,0.18151094479159635,3.162409663196608,-3.162409663196608,3142,4,discounted_linucb,corr,z72_a0p5_corr_pruned_top10,72
5,2.033826905031728,0.1017575871041343,-3.0774624008909846,14.068610962925842,6.870995926853074,5.3132497669697605,0.9428720853343375,0.9905064146147172,499,1002,99.8,0.1002,0.4570789733965661,0.39039999999999997,0.45339999999999997,0.08280000000000001,0.0996,5,5,3,True,True,2.609386037353476,0.1954509528125259,-1.892138243860586,12.661335189789424,6.138398033821934,4.118604368359238,0.9376680939691706,1.135041295199867,244,489,0.0978,0.4936,0.091,0.09259999999999999,3,5,5,-0.5907161692886899,-0.4827667982396866,-2.418239214889384,1.2491204464830208,6.14182543456856,4.825028960001864,0.9484465146778313,0.9402998269304392,255,513,0.1026,0.41319999999999996,0.0746,0.10659999999999999,1,5,5,-0.4827667982396866,0.1954509528125259,0.6782177510522125,-0.6782177510522125,3142,5,discounted_linucb,corr,z72_a0p5_corr_pruned_top10,72
5,1.2479735967322436,-0.10749628641513187,-4.804462274583077,11.996325406467335,9.193412509874854,6.9391262849840745,0.9931037242122357,0.9733253016078123,464,931,92.8,0.0931,0.44946500632232844,0.37729999999999997,0.43220000000000003,0.09730000000000001,0.0856,5,5,2,True,True,3.714127587793958,1.2996422782818762,-2.5912341352865353,14.419188037183716,4.251264934021415,3.361277001188172,1.2646778752448455,1.3980445683840386,225,450,0.09,0.4628,0.1092,0.0708,3,5,5,-2.384357863577718,-2.117531746448864,-4.2231991609041675,-1.3890854232549321,8.084807650020442,6.248701592391171,0.7736950714552434,0.7366644514248352,239,481,0.0962,0.4016,0.0854,0.1004,0,5,5,-2.117531746448864,1.2996422782818762,3.4171740247307403,-3.4171740247307403,3142,6,discounted_linucb,corr,z72_a0p5_corr_pruned_top10,72
5,0.34460443507175353,0.05363087897689578,-8.457475744582831,11.198604310070781,12.90740963868301,7.410944311765489,0.9678077084116892,0.9812030896424446,491,985,98.2,0.09849999999999999,0.44259828299260456,0.39149999999999996,0.4521,0.0814,0.0958,5,5,3,True,True,2.0340656408176083,1.2929131118820214,-1.9242524776462044,9.8003514378465,6.25878014533191,3.8695380825465735,1.1126804164358939,1.0686809884237873,240,481,0.0962,0.485,0.09300000000000001,0.08199999999999999,3,5,5,-1.7303248665470108,-1.8508887703611476,-6.661405527852393,1.273450270344334,11.198647411311846,6.3859309702100875,0.8085390106852469,0.9383768398776182,251,504,0.1008,0.4192,0.0698,0.1096,2,5,5,-1.8508887703611476,1.2929131118820214,3.143801882243169,-3.143801882243169,3142,7,discounted_linucb,corr,z72_a0p5_corr_pruned_top10,72
5,0.7530296123022648,-1.0000942951838732,-6.36084724992847,9.002444746505422,11.0529303707248,7.570795095150515,0.9095975000843513,0.9274367961271214,485,974,97.0,0.0974,0.41808796066871556,0.4021,0.46180000000000004,0.10979999999999998,0.09609999999999999,5,5,2,True,True,2.7554801836759446,-1.0874336945443708,-2.677224831129188,13.54111531313964,7.180188832962065,4.656511941117168,0.7765017454568193,1.14960797638209,242,484,0.0968,0.49779999999999996,0.11480000000000001,0.0886,2,5,5,-1.9086979895812515,-0.47037418812285736,-4.910855479914722,0.08829959895164663,9.675594981184021,6.472912120756904,0.9101969841237433,0.8376021893769565,243,490,0.098,0.4258,0.10479999999999998,0.10359999999999998,1,5,5,-1.0874336945443708,-0.47037418812285736,0.6170595064215134,0.6170595064215134,3142,8,discounted_linucb,corr,z72_a0p5_corr_pruned_top10,72
5,0.9929211662381345,0.14563603141497516,-5.745932578609569,11.239597295833281,10.70900771037172,7.155535144328253,0.9976234696201809,0.9533361594867291,507,1018,101.4,0.1018,0.4305849755973771,0.4237,0.4845,0.10969999999999999,0.09290000000000001,5,5,3,True,True,2.7109284802917877,0.4901384011179566,-3.636612808450801,14.475554298758219,8.388950736683542,4.601058893540928,1.0299288298364726,1.198295764296702,235,470,0.094,0.517,0.1234,0.07359999999999998,3,5,5,-1.6573940078932161,-2.1078383374661835,-6.205654683084938,2.4659596547791374,10.50087545235715,6.0365960930855955,0.7538762894211167,0.8694055919249604,272,548,0.1096,0.45200000000000007,0.096,0.11220000000000001,2,5,5,-2.1078383374661835,0.4901384011179566,2.59797673858414,-2.59797673858414,3142,9,discounted_linucb,corr,z72_a0p5_corr_pruned_top10,72
5,-0.1825043054207917,-3.341349394345472,-4.933056888264642,10.063234720700255,10.690656435794022,6.938336160685239,0.8312668643162384,0.9170389595416614,527,1058,105.4,0.1058,0.43541623531685225,0.4248,0.4931,0.09670000000000001,0.098,5,5,2,True,True,2.674403391283897,0.8135797917183885,-1.5598822874560048,12.845732136569499,7.060308283057792,4.392817842915122,1.0448430189104667,1.1243757917291515,248,496,0.0992,0.5238,0.0984,0.081,3,5,5,-2.7865393977384385,-2.465753345905697,-4.833503079299339,-0.16272115830753275,8.689498353062463,6.087017357692686,0.712667129188226,0.7587100426829089,279,562,0.11239999999999999,0.46240000000000003,0.095,0.11499999999999999,0,5,5,-2.465753345905697,0.8135797917183885,3.2793331376240853,-3.2793331376240853,3142,10,discounted_linucb,corr,z72_a0p5_corr_pruned_top10,72
5,-0.6177706951318761,-1.4252867226110522,-8.868252081234262,9.61911670322053,12.001990544247255,7.7068618043778585,0.8884016912692712,0.923026762017378,512,1028,102.4,0.1028,0.437753520628696,0.4102,0.4753,0.08059999999999999,0.10129999999999999,5,5,2,True,True,2.255407433521397,-0.26998601303510616,-2.901467091142962,13.130146773964867,6.9409895928276955,4.177083262036936,0.905644153900374,1.1452814374852003,250,500,0.1,0.5128,0.0814,0.0874,2,5,5,-2.811334898519493,-1.4689319902479459,-8.274817906851084,-0.050964500168870774,11.428962732520365,6.720629882790274,0.8452107104064537,0.7741101826385649,262,528,0.1056,0.4378,0.07980000000000001,0.1152,0,5,5,-1.4689319902479459,-0.26998601303510616,1.1989459772128397,-1.1989459772128397,3142,11,discounted_linucb,corr,z72_a0p5_corr_pruned_top10,72
5,-0.5004061802567407,-2.4356495437147796,-5.055666937068826,4.737047064968136,9.78208136912546,7.831416979005807,0.8122208496912049,0.8916112319688251,520,1044,104.0,0.1044,0.4606226209349364,0.4319,0.5005000000000001,0.1062,0.09340000000000001,5,5,2,True,True,2.67740558184951,1.9462722972145352,-0.4398107809695073,8.33921026692035,3.4732198461491004,3.298824451971959,1.1277926458731884,1.1795911765152867,246,492,0.0984,0.5242000000000001,0.11059999999999999,0.0716,4,5,5,-3.1004223567896494,-3.3248933540104164,-5.466542910883943,-0.27078913155158535,9.78208136912546,7.061551470650436,0.6884830972188477,0.7020683713486394,274,552,0.11039999999999998,0.4768,0.1018,0.11520000000000001,0,5,5,-3.3248933540104164,1.9462722972145352,5.271165651224951,-5.271165651224951,3142,12,discounted_linucb,corr,z72_a0p5_corr_pruned_top10,72
5,0.37664830590800946,2.120603404224486,-4.859622568313893,5.496524934390701,8.337629789850443,6.958630328611298,1.028510530305081,0.9678638040198153,515,1034,103.0,0.1034,0.44395577201452835,0.4203,0.48480000000000006,0.09690000000000001,0.0958,5,5,3,True,True,2.209758077646218,1.2669271915396907,-0.9287949707284304,9.02736709375873,6.70510228540725,3.885459032608285,1.0483913891600325,1.1819974199502536,236,472,0.0944,0.5194,0.1024,0.0702,3,5,5,-1.7861397358916165,-2.274341522472312,-4.319827611964433,0.8429960662972524,8.03872960846772,6.189786050941342,0.7638687382779108,0.8289803503196461,279,562,0.11239999999999999,0.4502,0.09140000000000001,0.1214,2,5,5,-2.274341522472312,1.2669271915396907,3.5412687140120025,-3.5412687140120025,3142,13,discounted_linucb,corr,z72_a0p5_corr_pruned_top10,72
5,0.8889551647321504,2.657389343329619,-3.6173173804898706,5.093063631661843,8.988789294109544,6.9576966807657445,1.0607593696430286,1.0151616362518212,516,1037,103.2,0.10369999999999999,0.4496495292016115,0.42729999999999996,0.4906999999999999,0.10049999999999999,0.09169999999999999,5,5,3,True,True,2.834831697360112,3.429390004682853,-1.2708866888399006,8.77829815436122,7.303953950666465,4.145403575794826,1.259263502049669,1.3025195770232654,235,470,0.094,0.5306,0.1038,0.0708,3,5,5,-1.8910455382931033,-2.3766350298871197,-3.3878398405074006,0.2025664680161965,7.615960240082343,5.855949406114083,0.7503912102196453,0.8263847829358134,281,567,0.11339999999999999,0.4508,0.0972,0.11259999999999999,1,5,5,-2.3766350298871197,3.429390004682853,5.806025034569973,-5.806025034569973,3142,14,discounted_linucb,corr,z72_a0p5_corr_pruned_top10,72
5,1.6522733656195434,0.7656831118083574,-4.567994182289292,9.60353940114338,9.449143174188357,6.5224598475219535,1.026654086760047,1.0142906931297426,535,1074,107.0,0.10740000000000001,0.4412947210642077,0.4147,0.4873,0.10630000000000002,0.10189999999999999,5,5,3,True,True,2.179744235915016,0.2509614994351539,-3.2422125749035913,9.017404605523605,8.372569303172561,4.5875150516606995,0.9946710828245023,1.1749792081934174,249,498,0.0996,0.5188,0.11379999999999998,0.0834,3,5,5,-0.5615379723269887,0.5134330929844388,-4.379060575748928,1.549270382975254,9.449143174188357,5.685588409109014,0.9634726249339868,0.9307108581002751,286,576,0.1152,0.4558,0.0988,0.1204,3,5,5,0.2509614994351539,0.5134330929844388,0.26247159354928495,0.26247159354928495,3142,15,discounted_linucb,corr,z72_a0p5_corr_pruned_top10,72
5,-0.794779462463311,0.15828347782236296,-5.889001386189463,2.6255217825339683,11.32899486230362,8.546122618497233,0.9664458485061241,0.9171730954993388,512,1027,102.4,0.10270000000000001,0.4355823980521678,0.42469999999999997,0.4856,0.1018,0.09309999999999999,5,5,3,True,True,3.669478795689578,2.5600046013809052,0.33987453422157365,9.174869753862748,4.299491690854696,3.347888168160476,1.334364281038706,1.3298081250804679,234,468,0.0936,0.5146,0.1082,0.07479999999999999,5,5,5,-4.294062876203761,-4.623019670353202,-6.207777266341552,-0.6329040361211069,10.551453941426425,7.9647601847852325,0.5692829258703201,0.6425879574097211,278,559,0.11179999999999998,0.4566,0.0954,0.11139999999999999,0,5,5,-4.623019670353202,2.5600046013809052,7.183024271734107,-7.183024271734107,3142,16,discounted_linucb,corr,z72_a0p5_corr_pruned_top10,72
5,1.7248603585145084,1.1606007240245964,-7.362878666777073,10.611999329406663,12.109588745704992,6.734878985897,1.1027421272854623,0.9910459600382291,488,980,97.6,0.098,0.4516669321536397,0.4117,0.4774,0.09400000000000001,0.08990000000000001,5,5,4,True,True,3.290685974744798,0.7530909512183159,-1.2011242747581252,13.764831321403115,5.329638930794999,3.7710888977198294,1.0238027322735124,1.186395854695935,240,480,0.096,0.5157999999999999,0.097,0.08399999999999999,4,5,5,-1.508769121193092,0.09608956693347714,-6.236664483060206,0.7236752754810505,11.041081582024415,5.969660496956943,0.9770809463667041,0.8954647424528149,248,500,0.1,0.43900000000000006,0.09100000000000001,0.09580000000000001,3,5,5,0.09608956693347714,0.7530909512183159,0.6570013842848388,-0.6570013842848388,3142,17,discounted_linucb,corr,z72_a0p5_corr_pruned_top10,72
5,-1.5290651424444435,-1.8249868006986913,-5.393496544523712,5.472231471812128,11.086617721872493,8.089714395508484,0.8152458463283225,0.8492304951705514,538,1079,107.6,0.1079,0.42228617019799514,0.4277,0.4927999999999999,0.1111,0.0988,5,5,1,True,True,2.0706099218704166,0.623633339920171,-0.22418051491970292,7.204699191163666,4.33532971449293,3.5797570352522463,1.039083582191806,1.1185214280569489,254,508,0.1016,0.5164,0.1142,0.08259999999999999,4,5,5,-3.5554069347617046,-2.9727540398684194,-5.9402550893947526,-1.616037106976298,9.769960307975012,7.594039044303192,0.6687009658469553,0.6669048503476664,284,571,0.1142,0.4692,0.10799999999999998,0.11499999999999999,0,5,5,-2.9727540398684194,0.623633339920171,3.5963873797885904,-3.5963873797885904,3142,18,discounted_linucb,corr,z72_a0p5_corr_pruned_top10,72
5,1.454148945427913,1.1337582226053744,-6.738842676551116,12.761737926827465,10.59756287953042,6.862709825846271,1.060811304804681,1.0194896175321375,428,860,85.6,0.08600000000000001,0.4514735529525269,0.3925,0.44270000000000004,0.0883,0.0785,5,5,3,True,True,2.6610012780143277,0.46878582073386355,-1.513022154773569,11.53164145917942,5.927969590036442,4.169513713368969,0.9604986319477451,1.166876687842742,213,427,0.0854,0.47539999999999993,0.101,0.0742,3,5,5,-1.2365336203057378,-1.1719534334479254,-5.306103036271448,1.1029125471073264,9.71992800756476,6.049082436938074,0.8974963023392197,0.9986530137085289,215,433,0.08660000000000001,0.41,0.0756,0.08280000000000001,2,5,5,-1.1719534334479254,0.46878582073386355,1.640739254181789,-1.640739254181789,3142,19,discounted_linucb,corr,z72_a0p5_corr_pruned_top10,72
5,-0.1495822834599835,-0.7766092564937543,-6.008287460861128,9.266281225206185,10.700079327912459,7.582600751791935,0.9225082151795548,0.9090958720131963,481,966,96.2,0.09659999999999999,0.4426806990638365,0.38289999999999996,0.4405,0.09290000000000001,0.0921,5,5,2,True,True,2.56609091771822,0.03320354094766831,-1.510091437439276,11.406001249171617,5.3435054382316105,4.299999632953859,0.962686540547316,1.1440769091628276,225,451,0.09019999999999999,0.485,0.0964,0.0764,3,5,5,-2.6626681700546495,-1.9206505933012763,-6.039485678708434,0.4243493549895838,10.310513694313206,6.942890676136637,0.7607060479151037,0.839681265700124,256,515,0.10300000000000001,0.396,0.08940000000000001,0.1078,1,5,5,-1.9206505933012763,0.03320354094766831,1.9538541342489446,-1.9538541342489446,3142,20,discounted_linucb,corr,z72_a0p5_corr_pruned_top10,72
5,-0.5904047148013468,-1.9820540881724358,-6.70551802525271,10.079976408074476,9.406345570222918,7.007242806280416,0.8675058368376365,0.8742435768153383,521,1046,104.2,0.1046,0.4490091047164218,0.377,0.44849999999999995,0.0716,0.1083,5,5,1,True,True,2.286537255980021,-0.02691803609603527,-1.253373716000039,13.426542378344909,5.2256711930490525,4.019141576152089,0.9220149687333014,1.1036669423229681,247,495,0.099,0.4795999999999999,0.08020000000000001,0.09119999999999999,2,5,5,-2.801605619104057,-2.95042579990461,-5.812717413757973,0.04835258222868344,8.9064762413411,6.209531550916225,0.7529526813948483,0.8007006947169643,274,551,0.1102,0.41740000000000005,0.063,0.12539999999999998,1,5,5,-2.95042579990461,-0.02691803609603527,2.923507763808575,-2.923507763808575,3142,21,discounted_linucb,corr,z72_a0p5_corr_pruned_top10,72
5,1.7736768410673154,1.3320428203145385,-4.510820170729346,12.138043766967366,10.118871399896623,7.017110896597683,1.0308783117607778,1.024518860523904,470,944,94.0,0.0944,0.4458444415870158,0.41509999999999997,0.4753,0.1101,0.0839,5,5,3,True,True,3.498881320412579,1.992617875763547,-2.2703055401029015,13.229782412305457,7.65065544979342,3.9600734614720907,1.387385340749249,1.3183402961471853,225,450,0.09,0.508,0.12179999999999999,0.06780000000000001,4,5,5,-1.6704540970239237,-0.9641797609066582,-4.6211783946830565,0.3186452211986657,10.085403456758591,6.244053814593191,0.8752343744910387,0.8555147756605421,245,494,0.0988,0.4426,0.0984,0.1,1,5,5,-0.9641797609066582,1.992617875763547,2.9567976366702053,-2.9567976366702053,3142,22,discounted_linucb,corr,z72_a0p5_corr_pruned_top10,72
5,0.7354493077382607,0.06815627178866634,-5.723500848330987,9.046837256273111,10.124905121128702,7.344880944544649,0.9942937412982231,0.9437606343995742,483,970,96.6,0.097,0.44444403801561505,0.41769999999999996,0.47379999999999994,0.1004,0.08530000000000001,5,5,3,True,True,3.7214635582983058,2.471705645916278,-0.625913524209587,12.242470102932934,6.161684846352289,4.28289285381174,1.3803263701681565,1.2867413380946529,228,456,0.09119999999999999,0.5128,0.1026,0.07020000000000001,3,5,5,-2.89853009698744,-2.53846382863141,-5.689398059218154,-1.0721349638356248,9.968243766232199,6.447106167080458,0.6988637116001686,0.6999586546213361,255,514,0.1028,0.43479999999999996,0.0982,0.1004,0,5,5,-2.53846382863141,2.471705645916278,5.010169474547688,-5.010169474547688,3142,23,discounted_linucb,corr,z72_a0p5_corr_pruned_top10,72
5,-0.1840793402362273,0.4447870931247877,-6.117839235477939,6.5923680163612275,9.966855596237668,7.233019179154047,0.9957429028176575,0.9454735675421422,494,992,98.8,0.0992,0.4656987191272906,0.4205,0.4907,0.1112,0.087,5,5,3,True,True,1.9265597244121533,1.1970637943326423,-3.0072438410924995,8.601365316426811,7.065988820862534,4.304325028854579,1.1512737704491287,1.1376844131543076,232,464,0.09280000000000001,0.5176000000000001,0.11679999999999999,0.06860000000000001,3,5,5,-2.0663913349679697,-1.8498821761697481,-5.834249504525224,0.03687441134416769,9.818689777519873,5.8252491263246435,0.8066546866406509,0.8226760120830608,262,528,0.1056,0.4638000000000001,0.10559999999999999,0.10540000000000001,1,5,5,-1.8498821761697481,1.1970637943326423,3.0469459705023905,-3.0469459705023905,3142,24,discounted_linucb,corr,z72_a0p5_corr_pruned_top10,72
5,2.161083099353902,0.4354847938274453,-4.076625265156919,10.445946938700112,9.825197897003669,6.298962565934906,1.02858345896342,1.0401379381187748,482,968,96.4,0.0968,0.4624145914433119,0.3964,0.4579,0.09990000000000002,0.08940000000000001,5,5,3,True,True,2.2075649140596054,0.27306753291374,-2.186337574342856,7.840606902654668,6.610576473930985,3.9424922804271105,1.0037035867092294,1.1737746619729477,232,464,0.0928,0.4892,0.11059999999999999,0.07519999999999999,4,5,5,-0.08500668221443916,0.44050987322843405,-4.16118786811065,2.415917446011062,9.668507075750487,5.623041214108199,1.055386129009721,0.968366346740573,250,504,0.1008,0.4266,0.08920000000000002,0.10359999999999998,4,5,5,0.27306753291374,0.44050987322843405,0.16744234031469407,0.16744234031469407,3142,25,discounted_linucb,corr,z72_a0p5_corr_pruned_top10,72
5,0.19244931693991107,-0.11745539957048745,-2.3909643429631977,2.7755372524382205,11.135054676384016,7.475635150634075,0.9630906095757648,0.9393123703140285,493,990,98.6,0.099,0.437511320097527,0.4191,0.4816,0.12290000000000001,0.08620000000000001,5,5,2,True,True,2.4910275575582497,1.5178317281632658,-0.7035231891007743,6.660197736881668,6.318292724161911,3.557259800179633,1.2425485489729822,1.184481137477153,240,480,0.096,0.509,0.1286,0.07399999999999998,4,5,5,-2.2139256963328853,-2.5057723691466083,-3.6420900831502956,-0.11782868051662954,9.077420657032075,6.8466457481241605,0.7715331351819237,0.7945424336642407,253,510,0.10200000000000001,0.45420000000000005,0.1172,0.0984,0,5,5,-2.5057723691466083,1.5178317281632658,4.023604097309875,-4.023604097309875,3142,26,discounted_linucb,corr,z72_a0p5_corr_pruned_top10,72
5,1.3577554899166744,-0.1185627279339907,-2.8687774978311764,7.091173891370195,9.573864077065364,6.902356938678302,0.9578230022707103,0.9822688883257273,504,1012,100.8,0.1012,0.4625585509715274,0.42779999999999996,0.497,0.0995,0.09070000000000002,5,5,2,True,True,2.9391640383362083,0.9681349142657947,-0.5169490958300993,10.552733227472277,6.317403566055734,3.754895911919953,1.122301128065832,1.2632569509298404,237,474,0.09480000000000001,0.5311999999999999,0.10759999999999999,0.0774,4,5,5,-1.5034366989382186,-0.5762791151686208,-3.800122103230852,0.3657003073357368,8.912725815621858,5.917113243158003,0.9230974424773185,0.8498055214520452,267,538,0.1076,0.4628,0.09140000000000001,0.10400000000000001,1,5,5,-0.5762791151686208,0.9681349142657947,1.5444140294344155,-1.5444140294344155,3142,27,discounted_linucb,corr,z72_a0p5_corr_pruned_top10,72
5,-0.323652133500989,-0.0017590506491860225,-6.761216995287445,5.412734218693549,10.796051798560558,7.216806509225455,0.9860140695959657,0.9303363749765378,531,1067,106.2,0.10669999999999999,0.4393065585258765,0.41790000000000005,0.4851,0.09269999999999998,0.10529999999999999,5,5,2,True,True,1.840830046505193,0.09651531628598331,-3.059494528328699,9.47549631213358,7.566527841046433,4.112701692286587,0.9758049596922316,1.1258995383237886,250,500,0.1,0.5170000000000001,0.0984,0.0882,4,5,5,-2.1272065342378332,-3.711115482734517,-5.019497269088946,2.0113105095791006,8.954128876000233,6.261120883835838,0.6656594246824404,0.825337933403075,281,567,0.11339999999999999,0.4532,0.08700000000000001,0.1224,1,5,5,-3.711115482734517,0.09651531628598331,3.8076307990205005,-3.8076307990205005,3142,28,discounted_linucb,corr,z72_a0p5_corr_pruned_top10,72
5,0.5215837742820127,-1.2280837293098035,-4.380265115026461,10.095786495113268,9.609827468095688,7.498796117096285,0.8586821508890498,0.9132719453505123,450,904,90.0,0.0904,0.454071626520021,0.4051,0.45619999999999994,0.09869999999999998,0.07880000000000001,5,5,2,True,True,3.0951083597412588,0.5615013504135069,-1.788971670496986,12.369081923220548,5.770732983613547,3.9913469742412255,1.047275329419691,1.1854237265836738,219,438,0.0876,0.4904,0.1078,0.06640000000000001,4,5,5,-2.5146461195453673,-2.0230613165110434,-4.868366484298059,-1.4686690792150792,9.48753747010349,6.480263610766137,0.6879453052732537,0.7090764325599628,231,466,0.09319999999999999,0.422,0.08960000000000001,0.09119999999999999,0,5,5,-2.0230613165110434,0.5615013504135069,2.5845626669245503,-2.5845626669245503,3142,29,discounted_linucb,corr,z72_a0p5_corr_pruned_top10,72
5,1.4172404620870949,1.619016007987173,-2.6240973933988943,6.377235509848833,10.219569769865778,6.892601112496962,1.033522071646428,0.9818569983744367,462,928,92.4,0.0928,0.43982122857984923,0.39509999999999995,0.4465,0.10869999999999999,0.08630000000000002,5,5,3,True,True,2.9516053533101405,0.2361776506668134,-0.7140435411104318,11.833574789119305,5.203717424291154,3.8671396465656387,1.000222800394366,1.1789371465725738,219,438,0.0876,0.4760000000000001,0.121,0.06580000000000001,3,5,5,-1.4004145770587972,-1.9237905544872813,-4.8789813699144595,2.485936808162892,7.626643188147875,6.168123758100288,0.8156370771892952,0.8658211382858431,243,490,0.098,0.417,0.0964,0.10679999999999998,1,5,5,-1.9237905544872813,0.2361776506668134,2.1599682051540947,-2.1599682051540947,3142,30,discounted_linucb,corr,z72_a0p5_corr_pruned_top10,72
5,0.45574919569921535,-1.8981160500465721,-4.624921747976341,7.577578736747714,9.069642733315952,7.043446195414343,0.8359864881374096,0.9254907928976586,458,920,91.6,0.092,0.45289377289377286,0.38520000000000004,0.4361,0.1046,0.0851,5,5,2,True,True,2.661497133600592,0.6871644899341334,-1.3956393387694832,10.728621362196211,4.41261525708957,3.7485314772515133,1.0090659681392296,1.1769877360021528,220,440,0.088,0.47240000000000004,0.1102,0.0708,3,5,5,-2.14555011192634,-2.8457345415160207,-3.2749894503160237,-0.6727431403205308,8.773157248650543,6.287287703704334,0.7085393492003383,0.7806657202913001,238,480,0.096,0.39980000000000004,0.099,0.0994,0,5,5,-2.8457345415160207,0.6871644899341334,3.532899031450154,-3.532899031450154,3142,31,discounted_linucb,corr,z72_a0p5_corr_pruned_top10,72
5,0.3867918310385866,-0.8983745119203634,-4.858683179764622,6.658738235593287,10.563480232039302,7.075464688590981,0.9211514305618133,0.9603225430735023,459,922,91.8,0.09219999999999999,0.4327128467668097,0.3973999999999999,0.4519,0.1082,0.0861,5,5,2,True,True,2.4723528483662642,0.25931917071826405,-2.413350648163237,8.324206935002998,6.707770737841756,3.9214069235834144,1.0013019525949918,1.2276071800916748,225,450,0.09,0.48599999999999993,0.11840000000000002,0.0744,3,5,5,-2.0460728488863555,-1.6945926801871902,-5.10476471695176,0.3490089455800316,10.266734363890473,6.079288459028492,0.7968369571968834,0.7898797889342434,234,472,0.09440000000000001,0.4178,0.098,0.0978,1,5,5,-1.6945926801871902,0.25931917071826405,1.9539118509054543,-1.9539118509054543,3142,32,discounted_linucb,corr,z72_a0p5_corr_pruned_top10,72
5,1.633124058285489,-0.114935914856229,-5.128133839709969,8.832057685171346,10.248789214039888,6.664965933158792,0.9460631962184063,0.9939680817448361,469,942,93.8,0.09419999999999999,0.4520409122565159,0.3939,0.4502,0.1065,0.0878,5,5,2,True,True,3.3361432245990974,1.8664429217275291,-0.598239249000343,11.052377824049708,3.960211010710879,3.5235094742302357,1.1531601246105907,1.250531121236602,222,444,0.08879999999999999,0.4814,0.1182,0.0736,3,5,5,-1.6653908551286123,-1.9450751196900318,-4.671100945699003,0.8913363963128251,9.81642441226407,6.095177814061804,0.7945870831826314,0.8276280218191812,247,498,0.0996,0.41900000000000004,0.0948,0.10200000000000001,1,5,5,-1.9450751196900318,1.8664429217275291,3.811518041417561,-3.811518041417561,3142,33,discounted_linucb,corr,z72_a0p5_corr_pruned_top10,72
5,0.17916939413411317,-0.8165636014542788,-3.215551066691147,5.814700282449992,12.046350640960735,7.549380454273441,0.9302284582577629,0.9492715206635343,482,967,96.4,0.0967,0.4471077892995597,0.4133,0.4718,0.11000000000000001,0.08809999999999998,5,5,1,True,True,3.0295404715687284,0.7706838041385167,0.1218417556816842,9.972218144514834,3.9348344425614523,3.2335616574371806,1.0944981835657426,1.288799831028419,228,456,0.0912,0.4974,0.118,0.0678,5,5,5,-2.7359407326372236,-3.7805165088162784,-4.33639037286232,-0.6546639712166513,9.12267886127921,6.87212577654518,0.6836402596464739,0.7316926090438967,254,511,0.1022,0.4462,0.10200000000000001,0.10839999999999998,0,5,5,-3.7805165088162784,0.7706838041385167,4.551200312954795,-4.551200312954795,3142,34,discounted_linucb,corr,z72_a0p5_corr_pruned_top10,72
5,0.5530994093819119,-0.9830506230938507,-3.8362792639304755,4.795394749877202,7.999397288334908,6.526578968697382,0.8750529479303316,0.9404946190419782,479,962,95.8,0.0962,0.43512340387116283,0.4258,0.48789999999999994,0.12440000000000002,0.08370000000000001,5,5,2,True,True,2.1364340819531935,0.016472454086757793,-1.2307599270869996,9.289465410768628,6.3009022475673415,4.396921889676382,0.9518782204460505,1.1211675015079614,222,444,0.0888,0.5134000000000001,0.1326,0.064,3,5,5,-1.5080704624542385,-0.9993584583173898,-4.927063932757115,1.3745753814295547,7.196797378115005,5.753847155375968,0.8356161279178891,0.8428489565700353,257,518,0.1036,0.4624,0.11620000000000001,0.10339999999999998,1,5,5,-0.9993584583173898,0.016472454086757793,1.0158309124041476,-1.0158309124041476,3142,35,discounted_linucb,corr,z72_a0p5_corr_pruned_top10,72
5,-0.03181664035483145,-0.7600429037527778,-4.445567669494288,6.65808960846439,8.749897158265219,6.481387029961394,0.9407339593887357,0.9392611855482824,495,994,99.0,0.0994,0.43915591188565495,0.3668,0.42460000000000003,0.082,0.1022,5,5,2,True,True,1.7188082050712896,0.394197324482648,-1.3251404284023605,9.157123689766223,5.6123348228357965,4.052753873575385,1.0250304605065115,1.0571199734936276,244,488,0.09759999999999999,0.45760000000000006,0.091,0.0922,3,5,5,-1.7141642097670928,-2.1408245345121535,-3.438305619907045,0.719675615323534,8.749897158265219,5.86942291201032,0.8139278075477671,0.8944485830799408,251,506,0.1012,0.3916,0.07300000000000001,0.1122,1,5,5,-2.1408245345121535,0.394197324482648,2.5350218589948015,-2.5350218589948015,3142,36,discounted_linucb,corr,z72_a0p5_corr_pruned_top10,72
5,2.386486101318071,3.401856704359152,-7.720579121629456,13.025813430764256,12.612976338933258,7.146541300955478,1.282586214142161,1.0810980927582288,504,1012,100.8,0.1012,0.4455313227259083,0.4165000000000001,0.4824,0.0934,0.09609999999999999,5,5,3,True,True,3.1704692572177673,1.4695163895697583,-2.0840005270907236,12.496251988653807,5.799229287539676,3.977370809360141,1.1739014086312545,1.219101295691616,247,494,0.0988,0.5193999999999999,0.0938,0.08619999999999998,3,5,5,-0.854609906274457,0.47073696478694416,-5.756545023163683,2.6014208069881084,10.967188778627923,6.155308982559032,0.9547055778965214,1.033470917343034,257,518,0.1036,0.44539999999999996,0.09300000000000001,0.10600000000000001,3,5,5,0.47073696478694416,1.4695163895697583,0.9987794247828141,-0.9987794247828141,3142,37,discounted_linucb,corr,z72_a0p5_corr_pruned_top10,72
5,1.342733710412083,-0.6464309432722026,-3.674518012676631,11.355239776780657,8.889838593277377,6.4622044770587035,0.9369137367605285,0.9607327810286046,521,1046,104.2,0.1046,0.45422057570115826,0.38630000000000003,0.4587,0.0903,0.10629999999999999,5,5,2,True,True,2.2772123079562,-0.8882609501373318,-1.6095361916478867,12.131308669026385,6.329622885677733,4.417837947472512,0.8438574087553526,1.0396964349006879,252,505,0.101,0.49280000000000007,0.0948,0.09840000000000002,2,5,5,-0.9032926101422923,-0.6921072280859919,-2.811228104006469,1.010230779879162,8.889838593277377,5.573615390051518,0.8721752497074848,1.0142912713871888,269,541,0.10819999999999999,0.42460000000000003,0.08580000000000002,0.1142,1,5,5,-0.8882609501373318,-0.6921072280859919,0.19615372205133985,0.19615372205133985,3142,38,discounted_linucb,corr,z72_a0p5_corr_pruned_top10,72
5,0.19284373545321837,-1.175525427931401,-8.760918234436389,9.016223860901462,12.024577980871886,7.922564331701073,0.8733283916473831,0.9163852236145141,506,1016,101.2,0.1016,0.41916329597324536,0.4076000000000001,0.47359999999999997,0.0972,0.098,5,5,2,True,True,3.218756378237675,-1.0552677742007521,-1.7872061494998759,13.899096833205359,7.31498234343001,4.577497505089868,0.8335553565487127,1.194335947813126,250,500,0.1,0.5147999999999999,0.09559999999999999,0.09179999999999999,2,5,5,-2.909528757021025,-3.5899733429342495,-7.100614707643816,2.50393945990226,10.423664198938676,6.710002955764418,0.6914450473260723,0.78356141975446,256,516,0.1032,0.43240000000000006,0.09880000000000001,0.1042,2,5,5,-3.5899733429342495,-1.0552677742007521,2.5347055687334974,-2.5347055687334974,3142,39,discounted_linucb,corr,z72_a0p5_corr_pruned_top10,72
5,0.6704639125940262,1.041794339938118,-12.202075561630421,13.572981750718483,13.999347063127187,6.893092984423309,1.1496386352002692,1.0433686615028814,491,987,98.2,0.09869999999999998,0.45191308393720464,0.41869999999999996,0.4851,0.0989,0.0881,5,5,3,True,True,4.009905670270291,1.312575612130451,-2.0557669670680956,15.774699309675078,5.222529607451786,3.882852796651106,1.1676742324503828,1.641141774608974,201,405,0.08099999999999999,0.5094000000000001,0.1026,0.0596,3,5,5,-3.2942307984315145,-1.8645534785947993,-10.79194967018987,-0.23681074714192452,12.122315602149003,5.767457080635948,0.7030434392487491,0.7819331783417824,290,582,0.11639999999999999,0.46080000000000004,0.09519999999999999,0.1166,0,5,5,-1.8645534785947993,1.312575612130451,3.1771290907252503,-3.1771290907252503,3142,0,discounted_linucb,hybrid,z24_a0p5_hybrid_corr5_stablehie5_top10,24
5,-0.19718811235338585,0.527692176239758,-11.381975334388583,11.789832330318228,12.503218276653605,6.9524884019241515,0.9860041205186649,0.970252555807687,506,1017,101.2,0.10169999999999998,0.4400912654337311,0.4364,0.49990000000000007,0.09969999999999998,0.09059999999999999,5,5,3,True,True,3.815573025472723,2.7253364211180298,-2.1750868995987216,14.307741905456407,4.605909242983108,3.5479174072864716,1.543417396418533,1.5118160612407139,204,410,0.082,0.5192,0.1022,0.0638,3,5,5,-3.9228722296788066,-2.1740211532791043,-9.411598889273233,-2.1393400318195366,10.383591819450444,6.02823987997126,0.7343322525512541,0.6737499240449919,302,607,0.1214,0.4806,0.0972,0.11740000000000002,0,5,5,-2.1740211532791043,2.7253364211180298,4.8993575743971345,-4.8993575743971345,3142,1,discounted_linucb,hybrid,z24_a0p5_hybrid_corr5_stablehie5_top10,24
5,2.760558154794719,0.8276758949708363,-5.804456983208228,12.300428991533563,8.618651381735399,5.086192680957129,1.1023272035858969,1.0867612548343983,488,981,97.6,0.09809999999999999,0.46970383802552435,0.43019999999999997,0.4965,0.1189,0.0886,5,5,3,True,True,5.162047835771772,2.2105293426620376,-1.2165961326949026,16.457415039003664,4.813718740273531,3.4218169886426026,1.3799729473293054,1.4298015442206515,207,417,0.0834,0.5228,0.1328,0.06080000000000001,4,5,5,-2.2575930092332674,-1.3228154200808029,-6.576212413352522,1.336620699057156,8.618651381735399,4.880312028499396,0.8980081613752979,0.8921055522064192,281,564,0.11279999999999998,0.4702,0.10499999999999998,0.11640000000000002,1,5,5,-1.3228154200808029,2.2105293426620376,3.5333447627428405,-3.5333447627428405,3142,2,discounted_linucb,hybrid,z24_a0p5_hybrid_corr5_stablehie5_top10,24
5,2.6930764487604453,3.8821305414335816,-7.126229049593736,15.050804051309052,9.615941322174715,6.235062835214447,1.0744174719700679,1.1578711947437577,494,993,98.8,0.0993,0.4738452640596801,0.4364,0.5018,0.12050000000000001,0.0813,5,5,3,True,True,5.2934748785927015,3.004275873335227,-1.2230109110564213,16.969748227879133,5.211400415445944,3.7264930305548782,1.5314977751670231,1.7259906142742025,198,399,0.0798,0.5292,0.1238,0.04920000000000001,4,5,5,-2.4713214693215706,-1.6034740387268487,-7.82558655358655,0.9237251153336734,9.117012794439006,5.656757412279245,0.7829997625270735,0.8750805686063037,296,594,0.11879999999999999,0.47440000000000004,0.1172,0.11339999999999999,1,5,5,-1.6034740387268487,3.004275873335227,4.607749912062076,-4.607749912062076,3142,3,discounted_linucb,hybrid,z24_a0p5_hybrid_corr5_stablehie5_top10,24
5,0.01151843382921811,2.5838086310607578,-8.98333777269309,9.976460854027657,11.30371404937488,7.573815460952352,1.0225849454373759,0.9957228821635041,506,1017,101.2,0.10169999999999998,0.4508200853377714,0.4088,0.4699,0.083,0.0943,5,5,3,True,True,4.258291583858967,3.50789381178358,-1.7325761189667,14.494914676017912,4.415137549869308,3.2569273755758443,1.5042175715189643,1.7106071770281872,212,426,0.0852,0.4814,0.08499999999999999,0.0702,3,5,5,-4.095553281653743,-3.9100254311925875,-7.378601541956032,-0.6883613538453681,9.420365079706416,6.303645741797041,0.6154421612750125,0.6851737623918039,294,591,0.1182,0.45840000000000003,0.08099999999999999,0.11840000000000002,0,5,5,-3.9100254311925875,3.50789381178358,7.417919242976168,-7.417919242976168,3142,4,discounted_linucb,hybrid,z24_a0p5_hybrid_corr5_stablehie5_top10,24
5,0.8458737675816087,2.906946359871032,-9.285419273511664,11.270937982879392,12.104076243077898,6.95145208902508,1.1487699240289313,1.0364763283891087,552,1109,110.4,0.1109,0.44719910643949634,0.4429,0.5169999999999999,0.11019999999999999,0.1041,5,5,3,True,True,4.772053815211586,4.04403515091083,-0.17933583495221006,14.790928917842262,4.680739086185282,3.256405841037482,1.3980500840872456,1.595057661821795,227,456,0.0912,0.5292,0.11739999999999999,0.0688,3,5,5,-3.8006709080659524,-3.0293830350177187,-9.160613135070239,0.10727006558122198,11.047254747025082,6.59296947450971,0.6733241186699552,0.7021660851712725,325,653,0.1306,0.5048,0.10300000000000001,0.1394,1,5,5,-3.0293830350177187,4.04403515091083,7.073418185928548,-7.073418185928548,3142,5,discounted_linucb,hybrid,z24_a0p5_hybrid_corr5_stablehie5_top10,24
5,1.8731951411732364,-0.7648226099035593,-9.090457839264964,15.731090736929598,9.988288649772347,6.427685522792663,0.9295331413873766,1.0492834310162908,513,1031,102.6,0.1031,0.4712082676755574,0.44300000000000006,0.5097,0.11879999999999999,0.0853,5,5,2,True,True,5.0930304176547185,2.018496635696332,-0.7018089972252173,16.924592822936436,5.321264915288692,3.420775705468597,1.435435015891637,1.6749133073736933,216,434,0.0868,0.5288,0.12179999999999999,0.06,4,5,5,-3.149890306728018,-2.728249618830403,-8.447937225568724,-0.7063200041704243,9.217675837473017,6.112667318512597,0.7009234363034883,0.708961496646342,297,597,0.11939999999999999,0.4906,0.11579999999999999,0.11059999999999999,0,5,5,-2.728249618830403,2.018496635696332,4.746746254526735,-4.746746254526735,3142,6,discounted_linucb,hybrid,z24_a0p5_hybrid_corr5_stablehie5_top10,24
5,1.5352389091518106,1.2092232831212524,-9.212541363913484,13.607576575443003,11.6728495114385,6.930062117338073,1.160376374826774,1.0412700373743022,503,1011,100.6,0.1011,0.44308030490337885,0.4293,0.4931000000000001,0.1056,0.0912,5,5,3,True,True,5.183178359331995,2.1526530696173163,-1.1135721540688204,17.00322645548158,4.4544079371744205,3.543887165810827,1.4227166413264345,1.6624301705720463,206,415,0.08299999999999999,0.5042,0.11159999999999999,0.060399999999999995,3,5,5,-3.497430781591613,-2.8653914057672925,-8.731219949510171,-0.8932870705202989,11.350654446988573,6.078770149846496,0.7402678480014664,0.7426518359916878,297,596,0.1192,0.48200000000000004,0.0996,0.122,0,5,5,-2.8653914057672925,2.1526530696173163,5.018044475384609,-5.018044475384609,3142,7,discounted_linucb,hybrid,z24_a0p5_hybrid_corr5_stablehie5_top10,24
5,4.94598774804315,1.5664392621742795,-7.838210488180353,18.601189083749613,9.99328160905051,5.164990183100942,1.314993301954124,1.3899134626139946,428,861,85.6,0.0861,0.47888680544925766,0.4176,0.46699999999999997,0.1044,0.0674,5,5,4,True,True,6.893623245349718,2.0094188529967916,0.5499948671016996,17.28617988495187,4.1097853736707375,2.695145377746455,1.4585130935804071,2.562849734679896,179,361,0.0722,0.4992,0.1048,0.046200000000000005,5,5,5,-1.9182926087920271,-0.927133889073517,-8.342323006946796,1.1595150611236171,9.792100352492595,4.834704262676255,0.9295492633924839,0.9120940671370864,249,500,0.1,0.43479999999999996,0.10400000000000001,0.08859999999999998,1,5,5,-0.927133889073517,2.0094188529967916,2.9365527420703086,-2.9365527420703086,3142,8,discounted_linucb,hybrid,z24_a0p5_hybrid_corr5_stablehie5_top10,24
5,2.565248706951267,0.7902306055755703,-4.944213229226624,12.355175315003496,9.617082577755887,6.08955710575092,1.1081714944489875,1.0792433813052793,480,965,96.0,0.09649999999999999,0.44995627106552644,0.4244,0.48599999999999993,0.11739999999999999,0.08180000000000001,5,5,3,True,True,5.045227252248896,1.858764422916237,-0.8620981179522147,15.968541820919757,4.8868249223183895,3.866350521828548,1.3104217110177117,1.8111770764219983,199,401,0.0802,0.5128,0.1236,0.05740000000000001,4,5,5,-2.3659509066201423,-3.079103642567216,-6.340398428903038,2.265546634432969,9.617082577755887,5.433956333829055,0.6802790257545512,0.8038904129122761,281,564,0.11279999999999998,0.45919999999999994,0.1112,0.1062,1,5,5,-3.079103642567216,1.858764422916237,4.937868065483453,-4.937868065483453,3142,9,discounted_linucb,hybrid,z24_a0p5_hybrid_corr5_stablehie5_top10,24
5,3.9744987356376695,2.783074016019804,-6.93191195064794,12.551151369853208,9.868355999374167,5.602162002655315,1.359867741821276,1.15991225617188,470,945,94.0,0.09449999999999999,0.46139200508198586,0.4372,0.4925,0.1255,0.07139999999999999,5,5,3,True,True,6.001768625263762,4.313231927336014,-0.005579236155572875,14.044970313043814,5.19676357685217,3.6016800719352027,1.5817902961866543,1.7373495631537395,187,377,0.0754,0.5231999999999999,0.12840000000000001,0.0422,4,5,5,-1.968485667236142,-1.3125313914518877,-7.990213956938053,1.8507021385171019,8.87174482950166,4.913942241644837,0.8262658987237744,0.8234684612394354,283,568,0.11359999999999999,0.46180000000000004,0.1226,0.1006,1,5,5,-1.3125313914518877,4.313231927336014,5.625763318787902,-5.625763318787902,3142,10,discounted_linucb,hybrid,z24_a0p5_hybrid_corr5_stablehie5_top10,24
5,1.1938298887002243,-1.1031160620018854,-6.209010198292297,15.235595587518059,10.119905668930706,7.114720990556395,0.8868150883669539,0.9865958859252693,490,985,98.0,0.0985,0.44680854615725857,0.4343,0.49749999999999994,0.1145,0.0779,5,5,2,True,True,4.912162308230859,1.7620483038050638,-1.047670370377085,15.382397482920918,5.187627487992453,3.807595551620519,1.363456941100224,1.4787521757694044,204,410,0.08199999999999999,0.5189999999999999,0.1226,0.0476,4,5,5,-3.6027521952952837,-4.536573283282985,-5.3566673182015245,-0.08898124286853548,8.175446911287398,6.4118422071046925,0.6306008416072586,0.684707547715508,286,575,0.11499999999999999,0.476,0.10639999999999998,0.10819999999999999,0,5,5,-4.536573283282985,1.7620483038050638,6.298621587088049,-6.298621587088049,3142,11,discounted_linucb,hybrid,z24_a0p5_hybrid_corr5_stablehie5_top10,24
5,1.7568279016481523,0.8411721151166951,-6.4148111190340025,16.545748771736378,9.4494777479037,6.616529351853811,1.0886065499367956,1.054973866551693,512,1029,102.4,0.10289999999999999,0.4459258944637936,0.4438,0.5083,0.1341,0.0834,5,5,3,True,True,5.225979619661956,3.095440455997145,-1.9483027796366792,16.61390303799091,4.812679633452522,3.3082436995604625,1.5495672660467965,1.7120064457545028,208,419,0.0838,0.5316,0.13540000000000002,0.0504,4,5,5,-3.382377650480257,-2.1568003834244287,-8.26164155808593,-0.020168518478558273,9.4494777479037,6.158891823586076,0.7056861114092591,0.723681361882001,304,610,0.122,0.485,0.1328,0.11639999999999999,0,5,5,-2.1568003834244287,3.095440455997145,5.252240839421574,-5.252240839421574,3142,12,discounted_linucb,hybrid,z24_a0p5_hybrid_corr5_stablehie5_top10,24
5,2.683017418757838,1.2958199397022696,-9.629316507068753,15.006775491778491,12.225403322836904,6.1545394207564765,1.1737978143832402,1.1058662690742511,499,1003,99.8,0.10029999999999999,0.4745453102925358,0.4165,0.48069999999999996,0.0973,0.0905,5,5,3,True,True,5.859100255984375,1.756177588816188,-1.2381819684160633,15.80924713619256,4.759148644105227,3.341104570634452,1.3378206432992277,1.7163966014972263,220,442,0.0884,0.5078,0.1042,0.07279999999999999,4,5,5,-3.100216047110753,-1.547090923913197,-8.496334621917567,-0.34584656746654563,9.867876668863518,5.402836818868877,0.8689434718315593,0.7691910154572065,279,561,0.1122,0.45359999999999995,0.09040000000000001,0.1082,0,5,5,-1.547090923913197,1.756177588816188,3.303268512729385,-3.303268512729385,3142,13,discounted_linucb,hybrid,z24_a0p5_hybrid_corr5_stablehie5_top10,24
5,1.906839533863851,0.2929416914113636,-8.722986575651948,15.304062863561207,11.605725227816954,6.843114070077485,1.0073919579178587,1.0736095144637958,565,1135,113.0,0.1135,0.44834096459096456,0.44770000000000004,0.5217999999999999,0.1091,0.1028,5,5,3,True,True,5.075852269300877,1.0507925843136867,-1.3655611566090187,17.297762521146296,4.496562279810867,3.1758524774163432,1.1670490307593726,1.6704418503347136,250,502,0.1004,0.5359999999999999,0.1176,0.07559999999999999,4,5,5,-3.1011313851334092,-1.6996911234565704,-7.459286538573851,-0.16404775610120437,8.980613172617936,6.228836831274198,0.7923529288800595,0.7544396174190802,315,633,0.1266,0.5076,0.1006,0.12999999999999998,0,5,5,-1.6996911234565704,1.0507925843136867,2.750483707770257,-2.750483707770257,3142,14,discounted_linucb,hybrid,z24_a0p5_hybrid_corr5_stablehie5_top10,24
5,3.195934433897001,2.0842324227352105,-8.756927476846144,16.455780887448125,11.507329320216197,5.739264579387887,1.1178238616987828,1.192541946408363,468,941,93.6,0.09409999999999999,0.4702432577961703,0.43529999999999996,0.484,0.0915,0.0702,5,5,4,True,True,4.7776328857499895,1.338614597104093,-0.7285497308551436,14.838874649926236,4.448012216868779,3.3356070991989113,1.104081008270761,1.472206880180709,211,425,0.08499999999999999,0.5166000000000001,0.0992,0.053200000000000004,4,5,5,-1.5671230273829173,0.5973171017192191,-8.08729773184984,1.4468155980655428,9.967097520578939,4.978443987891135,1.0121609197528274,1.004359236507891,257,516,0.10319999999999999,0.4514,0.0838,0.0872,3,5,5,0.5973171017192191,1.338614597104093,0.7412974953848739,-0.7412974953848739,3142,15,discounted_linucb,hybrid,z24_a0p5_hybrid_corr5_stablehie5_top10,24
5,2.057700927493742,1.6872703657991872,-10.24993818251534,22.05165461495382,13.12227222360336,7.65962433990249,1.0288435918309238,1.0824448777585105,474,953,94.8,0.09529999999999998,0.4609552786733371,0.38300000000000006,0.4347,0.08479999999999999,0.0889,5,5,3,True,True,6.02727212832233,2.7072384825596707,-2.0372646043575693,27.010170534473833,8.895111313033045,4.372684850155871,1.3175787583850544,1.2079394820827145,194,390,0.078,0.43600000000000005,0.09119999999999999,0.057999999999999996,3,5,5,-3.7512962308230713,-3.175793487142664,-8.751145602983023,-0.9628127466949854,11.027918806096803,6.284261160069401,0.8461522359623247,0.9788110069774969,280,563,0.11259999999999999,0.43339999999999995,0.0784,0.11980000000000002,0,5,5,-3.175793487142664,2.7072384825596707,5.883031969702335,-5.883031969702335,3142,16,discounted_linucb,hybrid,z24_a0p5_hybrid_corr5_stablehie5_top10,24
5,2.4887324369902997,0.9633198813867816,-7.7429490679958635,15.375492373212163,10.729240593193401,5.571667995125367,1.054470136150379,1.104345103129748,461,927,92.2,0.0927,0.45114209524925936,0.42889999999999995,0.487,0.1115,0.07139999999999999,5,5,4,True,True,5.697325200178613,2.031196775220212,0.5877366152791108,15.681634835887248,4.452996075145288,3.2665998679294788,1.2467557520328298,1.6360794417280933,198,399,0.0798,0.5192,0.12360000000000002,0.049,5,5,5,-3.074163815933275,-1.1786338882482927,-8.28200928224242,-0.22705025897358233,9.467273525791487,5.120966936741519,0.8401746742208808,0.7683672255597862,263,528,0.1056,0.4548,0.09940000000000002,0.0938,0,5,5,-1.1786338882482927,2.031196775220212,3.2098306634685048,-3.2098306634685048,3142,17,discounted_linucb,hybrid,z24_a0p5_hybrid_corr5_stablehie5_top10,24
5,3.997891577291271,0.3810259755358869,-4.988659084559355,15.899490119519278,8.124382322292112,5.617306409772008,0.9805547828816924,1.139328561246441,503,1011,100.6,0.1011,0.47611894869804744,0.4175,0.48460000000000003,0.10089999999999999,0.08919999999999999,5,5,3,True,True,6.576222380730511,1.7122811701209661,1.3151426407449263,16.11054182864635,3.7778183258647458,2.983719563772498,1.3222405804079016,1.7753683352210743,204,409,0.0818,0.504,0.10619999999999999,0.058600000000000006,5,5,5,-2.4603649113298953,-1.7887053522397944,-6.221973893534383,-0.18176791340662746,7.537991522208642,5.4404135712115025,0.7980479335872914,0.794871326255918,299,602,0.1204,0.46519999999999995,0.0956,0.11979999999999999,0,5,5,-1.7887053522397944,1.7122811701209661,3.5009865223607606,-3.5009865223607606,3142,18,discounted_linucb,hybrid,z24_a0p5_hybrid_corr5_stablehie5_top10,24
5,1.5682775410763348,2.1433479565270197,-12.634597022039596,14.297821423259617,14.622480602529475,7.210688345776765,1.2779256328549513,1.1232108227625015,466,937,93.2,0.09369999999999998,0.46085481865737526,0.40590000000000004,0.4559,0.08429999999999999,0.0809,5,5,3,True,True,5.337231112780374,3.836184793495767,-2.2327600465276376,14.739369957833137,5.029351813337712,3.4901201609095884,2.0566186642229924,2.002504262888553,203,409,0.08180000000000001,0.4524,0.0878,0.05800000000000001,3,5,5,-3.765922879472577,-1.600363721976783,-10.639389002351097,-0.3470800776752325,12.120827728029937,6.027247370298158,0.7647734540627436,0.688307496844051,263,528,0.1056,0.45940000000000003,0.0808,0.1038,0,5,5,-1.600363721976783,3.836184793495767,5.43654851547255,-5.43654851547255,3142,19,discounted_linucb,hybrid,z24_a0p5_hybrid_corr5_stablehie5_top10,24
5,1.8593283249697847,0.7153717247998737,-9.762509234926508,12.86913556639433,11.644555292727876,7.025196852662394,1.0350829812460778,1.0412863683757991,512,1028,102.4,0.1028,0.42201676197370297,0.4423,0.5187,0.13440000000000002,0.084,5,5,3,True,True,5.2957023484451975,3.916611539143755,-2.3484382366828815,15.836401430394776,4.854595161182629,3.498398859217981,1.9395768557100694,1.8850723199146846,205,412,0.0824,0.541,0.1364,0.05600000000000001,3,5,5,-3.3485388934672833,-3.051230243265013,-7.592373193388823,0.0019952274865175923,9.262481719612959,6.068012583998001,0.6630059699539557,0.6929003201822349,307,616,0.1232,0.49639999999999995,0.13240000000000002,0.11199999999999999,1,5,5,-3.051230243265013,3.916611539143755,6.967841782408768,-6.967841782408768,3142,20,discounted_linucb,hybrid,z24_a0p5_hybrid_corr5_stablehie5_top10,24
5,2.7534219379618374,2.119681070037438,-8.648840423147075,14.533711900734314,10.951526692747326,6.297165315002388,1.115251295211641,1.1227634503593804,479,963,95.8,0.09630000000000001,0.4476315855144618,0.4333,0.4988,0.1262,0.0773,5,5,3,True,True,5.199664727152003,3.6891200090855447,-2.033071807900122,16.322597782225245,6.414145151228567,3.8926187700543258,1.356756435914628,1.8401057666569383,195,393,0.0786,0.5258,0.131,0.0534,4,5,5,-2.3658041831696774,-1.483518718513288,-6.753063240152146,-0.9724263053202842,7.844466919928317,5.205447363386857,0.8273717405818058,0.781567257849138,284,570,0.11399999999999999,0.4718,0.1214,0.1012,0,5,5,-1.483518718513288,3.6891200090855447,5.172638727598833,-5.172638727598833,3142,21,discounted_linucb,hybrid,z24_a0p5_hybrid_corr5_stablehie5_top10,24
5,3.19161380462407,3.169699050542163,-8.932576951933047,13.417533513623114,11.789101665940427,5.560164333090813,1.271499564972517,1.193601348826276,465,935,93.0,0.0935,0.48328828290667064,0.42590000000000006,0.481,0.10940000000000001,0.07270000000000001,5,5,3,True,True,5.134078035586825,2.976069080081434,-1.3976878759501932,14.213192096713545,4.913728251683757,3.5556215252401713,1.5137369237784073,1.711179250623126,200,403,0.08059999999999999,0.5102,0.1162,0.0516,4,5,5,-1.9225877014016146,-0.6592141822730491,-7.641696136398246,0.7015589544857592,9.270373345348004,4.679153221826258,0.8549284702946804,0.8852261934346553,265,532,0.10640000000000001,0.4518,0.10259999999999998,0.0938,2,5,5,-0.6592141822730491,2.976069080081434,3.635283262354483,-3.635283262354483,3142,22,discounted_linucb,hybrid,z24_a0p5_hybrid_corr5_stablehie5_top10,24
5,4.060625024878353,1.1722603590835323,-4.705400105838198,13.848021078007488,10.169652121123029,5.377903018992191,1.168377190304681,1.203006475122756,456,917,91.2,0.0917,0.47646116217748097,0.41950000000000004,0.4699,0.1153,0.0685,5,5,4,True,True,4.416152236760235,1.4318933129000122,-0.9715208719179858,14.019594754364139,4.259007951800897,3.554364107909804,1.1854256856297536,1.6452884595417374,210,423,0.0846,0.49799999999999994,0.1248,0.0516,4,5,5,-0.36463093073348496,-0.1443840350413117,-3.7705105307038633,2.4299866637066625,8.260212925950128,4.394947574240109,0.9599093299328204,0.9883145391218882,246,494,0.09880000000000001,0.4418,0.1058,0.0854,1,5,5,-0.1443840350413117,1.4318933129000122,1.576277347941324,-1.576277347941324,3142,23,discounted_linucb,hybrid,z24_a0p5_hybrid_corr5_stablehie5_top10,24
5,0.9953420584509786,-2.5088650653766975,-11.15834069813194,15.138649763065182,13.944527112347204,7.123683213065877,0.7966466677486471,0.9755547331405904,542,1089,108.4,0.1089,0.43731707998843755,0.44430000000000003,0.5163,0.12110000000000001,0.0971,5,5,2,True,True,4.963414959456993,1.4949661645976553,-2.6743351486814504,18.150543202564972,4.355873807437716,3.2189812014362174,1.2042459796798575,1.5433285024596182,221,445,0.089,0.5290000000000001,0.1322,0.0622,4,5,5,-3.8645854167007414,-3.4496666225540817,-8.717130843556276,-0.7284172571859315,11.09281246675563,6.552945669342051,0.700587929254242,0.6664384080917746,321,644,0.1288,0.5035999999999999,0.11000000000000001,0.132,0,5,5,-3.4496666225540817,1.4949661645976553,4.944632787151737,-4.944632787151737,3142,24,discounted_linucb,hybrid,z24_a0p5_hybrid_corr5_stablehie5_top10,24
5,3.0092035447462413,2.5093157575199143,-10.601723916967721,13.119963604428108,12.511038824645537,5.569231133477741,1.3741543577493058,1.1854470531052714,469,943,93.8,0.09430000000000001,0.4472972261071516,0.41850000000000004,0.4749,0.1113,0.07869999999999999,5,5,3,True,True,5.822710429971066,2.7470711458596586,-0.15653620713235172,15.758511120104647,4.188399272461741,2.974042821001124,1.5639562884813218,2.0215232258986875,198,399,0.0798,0.5045999999999999,0.1212,0.054000000000000006,4,5,5,-2.734864560454897,-2.24252249534157,-10.461563845085209,1.7407812633203124,11.188186095265507,4.963534752293595,0.6860858640024472,0.8158776161894169,271,544,0.10879999999999998,0.4452,0.1014,0.1034,1,5,5,-2.24252249534157,2.7470711458596586,4.989593641201228,-4.989593641201228,3142,25,discounted_linucb,hybrid,z24_a0p5_hybrid_corr5_stablehie5_top10,24
5,1.413472485771732,-1.9696026716949477,-5.405142126618956,12.713738505605555,10.07898183834175,6.980951468588282,0.8384624301203694,0.9873305744491573,549,1103,109.8,0.1103,0.4533660731124499,0.44589999999999996,0.5101,0.1236,0.09340000000000001,5,5,2,True,True,4.9323261129037,1.8795543905977041,-0.7498357835531988,16.6334739957545,4.486072223719861,2.9297141379217377,1.2755999096187922,1.565967470735262,238,479,0.09580000000000001,0.5256000000000001,0.1282,0.0668,4,5,5,-3.343740473784267,-3.324616170253003,-4.690477219678312,-1.6784771586476621,9.051853730326942,6.756570016422711,0.6868871357738366,0.6885094160450114,311,624,0.1248,0.4946,0.119,0.12,0,5,5,-3.324616170253003,1.8795543905977041,5.204170560850708,-5.204170560850708,3142,26,discounted_linucb,hybrid,z24_a0p5_hybrid_corr5_stablehie5_top10,24
5,3.2525099693943647,2.0959950321954635,-11.795318902795415,12.952389362722272,13.199770708536573,5.636383723610198,1.2784245621254724,1.1612940036428567,483,971,96.6,0.09709999999999999,0.47237495959805315,0.4136,0.4678,0.1048,0.0836,5,5,4,True,True,5.584066288212137,2.883401117037465,-2.21409106788516,14.472635452623827,4.493912745867556,3.1698571610977333,1.5555821107966807,1.7930835566864043,211,425,0.08499999999999999,0.4962,0.11040000000000001,0.0642,4,5,5,-2.313303266313904,-0.7350280770688777,-9.798168201884538,0.4983915907344372,10.640649177127504,4.895361692807559,0.912355577641147,0.8297825619368584,272,546,0.10919999999999999,0.4394,0.0992,0.10300000000000001,1,5,5,-0.7350280770688777,2.883401117037465,3.618429194106343,-3.618429194106343,3142,27,discounted_linucb,hybrid,z24_a0p5_hybrid_corr5_stablehie5_top10,24
5,4.331584727252415,2.258263927805104,-7.0556735018416745,14.343072267260748,9.799935841551022,4.710897749974007,1.3214580218347105,1.2130300246419556,433,871,86.6,0.0871,0.4613678234887143,0.4276,0.4864,0.12229999999999999,0.0653,5,5,4,True,True,5.8674281598703715,2.3442039808888815,0.5682840845702364,15.452157434433843,3.813932408365195,2.970180559916924,1.3319571946727735,1.6927394105872295,182,367,0.07339999999999999,0.5214,0.1386,0.0452,5,5,5,-1.4835946319751603,-0.05290198804039914,-8.137263537771522,1.3145721921993037,9.201205736095519,4.529412947528367,1.0058673143438999,0.9420222909272813,251,504,0.1008,0.4514,0.10599999999999998,0.0854,2,5,5,-0.05290198804039914,2.3442039808888815,2.3971059689292806,-2.3971059689292806,3142,28,discounted_linucb,hybrid,z24_a0p5_hybrid_corr5_stablehie5_top10,24
5,0.8363736713295818,-1.3974230496649032,-9.641809715699424,14.12816175072753,11.873455926318732,7.096580481471841,0.8651438217549032,1.022415482980681,519,1043,103.8,0.10429999999999999,0.4661196680374145,0.43420000000000003,0.5025999999999999,0.1061,0.0889,5,5,2,True,True,4.584578955071031,2.0646674507523555,-0.7695956917675439,15.104487507521647,4.245536861017641,3.4394954121943515,1.4461622332712794,1.7904274119782149,212,427,0.0854,0.5096,0.10959999999999999,0.058399999999999994,3,5,5,-3.679876348593247,-3.3636564135337443,-8.941023757570054,-0.8103068584343731,10.414931769615098,6.6289065641972895,0.6390467196319382,0.6729522703940949,307,616,0.1232,0.49560000000000004,0.1026,0.11939999999999999,0,5,5,-3.3636564135337443,2.0646674507523555,5.428323864286099,-5.428323864286099,3142,29,discounted_linucb,hybrid,z24_a0p5_hybrid_corr5_stablehie5_top10,24
5,2.583932597744385,1.1821886636397272,-7.9201802969731006,14.974911575879712,10.005159688239672,5.742876543703225,1.1375209869606004,1.1152635299123612,493,991,98.6,0.0991,0.46249089039706714,0.42800000000000005,0.49329999999999996,0.10940000000000001,0.0839,5,5,3,True,True,5.573102136270146,2.456477862979667,0.05760951032527384,15.092310331141512,4.983762581168216,3.3070052575521025,1.7123559223600473,1.8289063352060204,194,390,0.07799999999999999,0.5152000000000001,0.10540000000000001,0.0524,5,5,5,-2.910072744528494,-2.057460703121672,-7.973196487844447,-0.06435071957333616,10.005159688239672,5.644716345123845,0.8059169600435117,0.7556148201910365,299,601,0.1202,0.47140000000000004,0.11339999999999999,0.11539999999999999,0,5,5,-2.057460703121672,2.456477862979667,4.513938566101339,-4.513938566101339,3142,30,discounted_linucb,hybrid,z24_a0p5_hybrid_corr5_stablehie5_top10,24
5,4.625657556576628,0.8936765285318282,-3.8119671047576853,18.867772675048844,8.058267413212283,6.1113001581900255,1.1000316961607568,1.1669573563370124,467,939,93.4,0.0939,0.4655029796439276,0.438,0.5003,0.11820000000000001,0.0723,5,5,3,True,True,7.2387041476833245,3.4368530025495225,1.6597766408334325,17.673697491277075,4.255360058471435,3.10260547823644,1.889572501112441,1.84996321183236,188,377,0.0754,0.5314,0.1214,0.0448,5,5,5,-2.5106459168698314,-2.45867541422109,-5.389980922461202,1.014734141298046,7.981299982378276,5.924254035196399,0.743728615644401,0.7594501720293516,279,562,0.11239999999999999,0.4692,0.11499999999999999,0.0998,1,5,5,-2.45867541422109,3.4368530025495225,5.895528416770612,-5.895528416770612,3142,31,discounted_linucb,hybrid,z24_a0p5_hybrid_corr5_stablehie5_top10,24
5,5.485402658079927,1.7396868405643806,-3.777952910407534,16.583038900165057,7.662586022442619,5.170092481280051,1.1098451855835485,1.2052350037084625,464,933,92.8,0.09330000000000001,0.4685811881977856,0.4356,0.5039,0.1286,0.0745,5,5,4,True,True,6.893385011683799,3.236062964787134,0.3998004187164339,17.451317755845984,4.495780348242018,3.327232630215673,1.9252865908602708,1.8183783170000685,192,386,0.0772,0.5258,0.1318,0.047799999999999995,5,5,5,-1.329359829363852,-0.7392670191116002,-4.612716447327491,1.412461496337336,7.662586022442619,5.134817333828197,0.8821473447088564,0.8479836161545993,272,547,0.10939999999999998,0.48200000000000004,0.1254,0.1012,1,5,5,-0.7392670191116002,3.236062964787134,3.9753299838987344,-3.9753299838987344,3142,32,discounted_linucb,hybrid,z24_a0p5_hybrid_corr5_stablehie5_top10,24
5,3.5186256055849503,2.4109918223156557,-9.672558578460643,13.616113535321883,12.478176530351103,5.680287946548999,1.3376377138816178,1.1883478417968245,461,927,92.2,0.0927,0.46935504681373874,0.4236,0.4777,0.11529999999999999,0.07260000000000001,5,5,3,True,True,5.930848943766935,2.8695671740314177,-1.0368542099444933,16.584088926670248,4.930916838614785,3.1712697059029082,1.5658031749920713,2.06201468031959,192,387,0.0774,0.5004000000000001,0.123,0.052600000000000015,4,5,5,-2.3522114435213726,-2.035700878340574,-8.726182155563533,1.9252499369794673,10.55078089039121,4.991146733226541,0.7088687558358845,0.8259173718619494,269,540,0.10799999999999998,0.45499999999999996,0.10759999999999999,0.0926,1,5,5,-2.035700878340574,2.8695671740314177,4.905268052371992,-4.905268052371992,3142,33,discounted_linucb,hybrid,z24_a0p5_hybrid_corr5_stablehie5_top10,24
5,3.025894508749769,1.8661536146022728,-9.37044196763045,14.032094190639821,12.659349734543934,6.227352412846088,1.1883397108210667,1.138945828370412,491,987,98.2,0.09869999999999998,0.4661877660212289,0.4319,0.4927,0.11339999999999999,0.0842,5,5,4,True,True,5.426938588963397,3.755104924173014,-0.8449491799253028,16.50953280948302,6.033333219289705,3.7637979643963297,1.3571420460572299,1.8470980088301912,203,409,0.0818,0.5178,0.1232,0.059399999999999994,4,5,5,-2.3103692071972164,-1.7905984613490133,-8.598142724141589,0.5719582001013412,10.10848790191038,5.222649003213817,0.7520206951265075,0.8086117501745737,288,578,0.1156,0.4676,0.1036,0.10900000000000001,2,5,5,-1.7905984613490133,3.755104924173014,5.545703385522027,-5.545703385522027,3142,34,discounted_linucb,hybrid,z24_a0p5_hybrid_corr5_stablehie5_top10,24
5,1.6206326516942204,0.742220024434892,-9.359964425379285,13.9558649962501,11.360818965954822,6.224321949120011,1.0548644353000518,1.0748022970678626,472,949,94.4,0.09489999999999998,0.45914215549708504,0.38680000000000003,0.4412,0.0764,0.09000000000000001,5,5,3,True,True,3.781816421072861,1.8372253934686,-3.0010184871399725,13.720276574533163,4.990862200806523,3.6947528730641643,1.3619235537281882,1.6097873846021593,199,400,0.07999999999999999,0.44139999999999996,0.08220000000000001,0.06040000000000001,3,5,5,-2.1524639565549526,-1.0752505921120092,-7.52145392578033,0.24513648072810312,8.853682273559283,4.839057970018377,0.8722857991236568,0.802854838674584,273,549,0.10979999999999998,0.441,0.07060000000000001,0.1196,1,5,5,-1.0752505921120092,1.8372253934686,2.9124759855806093,-2.9124759855806093,3142,35,discounted_linucb,hybrid,z24_a0p5_hybrid_corr5_stablehie5_top10,24
5,0.3661484985457619,-0.4025135344339348,-10.884693775461363,14.712660572495007,12.35303596064352,7.6495615791708005,0.9492371839009619,0.9880177143767657,529,1063,105.8,0.10629999999999999,0.4408749157761015,0.4418,0.5119,0.1071,0.09659999999999999,5,5,2,True,True,4.291430828468126,1.773703961056694,-2.5586013843605926,17.302657555870816,4.919259265402154,3.879057952222314,1.2667842989619895,1.5959580299619862,223,449,0.0898,0.5192,0.1072,0.0696,3,5,5,-3.805797917183491,-2.170579429281616,-8.544717655319477,-1.8777835595968684,10.253416102062374,6.727801973246828,0.7146123477685861,0.7050205453168731,306,614,0.12279999999999999,0.5046,0.10700000000000001,0.12359999999999997,0,5,5,-2.170579429281616,1.773703961056694,3.94428339033831,-3.94428339033831,3142,36,discounted_linucb,hybrid,z24_a0p5_hybrid_corr5_stablehie5_top10,24
5,2.964301507087183,0.8769323403656326,-9.42867659839437,15.824680581814787,11.492357853340751,5.835754064267984,1.1191729396647827,1.131516676415962,469,943,93.8,0.09430000000000001,0.4516496458387465,0.4276999999999999,0.49349999999999994,0.1166,0.0764,5,5,3,True,True,5.515056132439,2.3144453449453595,-0.09768205726835566,16.015853691961123,4.38240132861436,3.330750012239607,1.3583352983680772,1.666534048927419,202,407,0.0814,0.5264,0.1306,0.053000000000000005,4,5,5,-2.499531256468466,-0.9997846075010197,-9.340118160696676,-0.12715227055652978,10.117932922863016,5.470203710709156,0.8352283654275324,0.7895740632002578,267,536,0.10719999999999999,0.4606,0.1026,0.0998,0,5,5,-0.9997846075010197,2.3144453449453595,3.314229952446379,-3.314229952446379,3142,37,discounted_linucb,hybrid,z24_a0p5_hybrid_corr5_stablehie5_top10,24
5,-0.32717501322040654,1.2957179636218008,-10.699570705585925,11.640926096116843,14.005481139219578,7.690149979909121,1.0144691696999932,0.9693216790979307,510,1025,102.0,0.1025,0.43780660756383105,0.42869999999999997,0.502,0.1036,0.0967,5,5,3,True,True,4.215899032355163,2.411589220856447,-1.3641772806886832,14.921769254982431,4.761932195168295,3.816675266741208,1.4020977999890736,1.6261247448239644,204,410,0.08199999999999999,0.5182,0.1056,0.06360000000000002,3,5,5,-4.4243498829868795,-3.2567627412023237,-9.46450606638426,-1.089594708688868,12.16249544966802,6.797335293278138,0.6748562339892358,0.6731648104307293,306,615,0.12299999999999997,0.4857999999999999,0.10159999999999998,0.1298,0,5,5,-3.2567627412023237,2.411589220856447,5.668351962058771,-5.668351962058771,3142,38,discounted_linucb,hybrid,z24_a0p5_hybrid_corr5_stablehie5_top10,24
5,3.7135429409628484,2.9078513454955823,-6.159356747572852,14.690656652134916,9.29385366799228,6.055998671181484,1.2544733523174052,1.1713157415529771,471,947,94.2,0.0947,0.46302127699605594,0.44189999999999996,0.5049,0.13470000000000001,0.0715,5,5,3,True,True,6.584290306156042,4.3867331550605515,0.5411993848542851,17.011481183562395,5.611106729644078,3.626583804821935,1.68121108749287,1.874735769671559,194,390,0.07799999999999999,0.5254000000000001,0.13640000000000002,0.041999999999999996,5,5,5,-2.7445704410718093,-1.9834160784501842,-6.687563580468159,-0.6631284724787245,8.280476036617557,5.444804770772175,0.7676066256730859,0.7680078116740667,277,557,0.11139999999999999,0.48439999999999994,0.133,0.101,0,5,5,-1.9834160784501842,4.3867331550605515,6.370149233510736,-6.370149233510736,3142,39,discounted_linucb,hybrid,z24_a0p5_hybrid_corr5_stablehie5_top10,24
