n_symbols,mean_return_pct,median_return_pct,min_return_pct,max_return_pct,max_drawdown_abs,mean_drawdown_abs,median_profit_factor,mean_profit_factor,total_trades,total_trade_events,mean_trades,mean_turnover,mean_win_rate,mean_raw_action_1_ratio,mean_executed_action_1_ratio,mean_threshold_applied_ratio,mean_constraint_applied_ratio,active_symbols,long_action_symbols,positive_return_symbols,all_symbols_active,all_symbols_have_long,val_first_mean_return_pct,val_first_median_return_pct,val_first_min_return_pct,val_first_max_return_pct,val_first_max_drawdown_abs,val_first_mean_drawdown_abs,val_first_median_profit_factor,val_first_mean_profit_factor,val_first_total_trades,val_first_total_trade_events,val_first_mean_turnover,val_first_mean_executed_action_1_ratio,val_first_mean_threshold_applied_ratio,val_first_mean_constraint_applied_ratio,val_first_positive_return_symbols,val_first_active_symbols,val_first_long_action_symbols,val_second_mean_return_pct,val_second_median_return_pct,val_second_min_return_pct,val_second_max_return_pct,val_second_max_drawdown_abs,val_second_mean_drawdown_abs,val_second_median_profit_factor,val_second_mean_profit_factor,val_second_total_trades,val_second_total_trade_events,val_second_mean_turnover,val_second_mean_executed_action_1_ratio,val_second_mean_threshold_applied_ratio,val_second_mean_constraint_applied_ratio,val_second_positive_return_symbols,val_second_active_symbols,val_second_long_action_symbols,min_half_median_return_pct,max_half_median_return_pct,half_return_gap_pct,second_minus_first_half_median_return_pct,seed,confirmation_seed,original_trial_number,confirmation_rank_from_optuna,bandit_name,method_group,set_name,z_window
5,2.558246932245254,1.4232437285748967,-1.709311618268572,10.066700281301433,8.953476250390658,5.849693704221539,1.0253418429901866,1.015347989929207,414,831,82.8,0.0831,0.48080109346906985,0.3891,0.43200000000000005,0.1016,0.0669,5,5,4,True,True,2.925745071235224,0.5950555184510264,-0.2401295488508426,11.075336764621845,4.155830163432938,3.5906090483703657,1.0433793957495423,1.180192510681406,208,417,0.0834,0.472,0.10600000000000001,0.062,4,5,5,-0.3429837586346318,-0.2559474196989209,-1.441944188099642,0.8232891824111022,7.392807521053591,5.000957486973694,0.8903778038959781,0.9177824131834219,206,414,0.08280000000000001,0.392,0.0972,0.0718,2,5,5,-0.2559474196989209,0.5950555184510264,0.8510029381499473,-0.8510029381499473,8000,8000,33,1,discounted_lints,corr,z72_a0p5_corr_pruned_top10,72
5,1.3534828093470062,1.0035816046948032,-4.8604848705018355,8.315349070536392,8.851890191834134,6.544896478478364,0.9818794761665428,0.982964309580322,429,861,85.8,0.0861,0.46950141165236836,0.3753,0.41719999999999996,0.1066,0.0727,5,5,3,True,True,2.9449906490184774,2.151692341041045,-0.5104959179061841,9.860044091424802,5.0295300003579735,3.7227221969833835,1.199179247944181,1.2330742146918352,201,403,0.0806,0.44860000000000005,0.1068,0.061,4,5,5,-1.5606823694093763,-1.40605716451645,-4.372309413670672,0.5905115991926557,8.851890191834134,5.884139957528828,0.8268908017958567,0.8237279776236743,228,458,0.09159999999999999,0.3858,0.10640000000000001,0.0844,1,5,5,-1.40605716451645,2.151692341041045,3.557749505557495,-3.557749505557495,8001,8001,33,1,discounted_lints,corr,z72_a0p5_corr_pruned_top10,72
5,1.892741371717794,-1.2840594404165184,-3.0409680153235197,16.181236392486763,9.653925632451266,6.307284242383522,0.8914862531890152,0.9573148259008573,402,807,80.4,0.08070000000000001,0.45830604446560075,0.4093,0.44770000000000004,0.10069999999999998,0.0621,5,5,1,True,True,3.0494347468472176,-0.010372952248260958,-0.5547466811036461,12.551089427179885,4.912330576094437,4.002422372165042,0.9050312706618262,1.1567351127818861,193,387,0.0774,0.4796,0.1032,0.0526,2,5,5,-1.1988575168895887,-1.0081057580480168,-4.738077150456366,3.2253325878783157,7.042062940771288,5.741647706400192,0.8253830103880686,0.7980257006496025,209,420,0.084,0.41579999999999995,0.0982,0.0716,1,5,5,-1.0081057580480168,-0.010372952248260958,0.9977328057997559,-0.9977328057997559,8002,8002,33,1,discounted_lints,corr,z72_a0p5_corr_pruned_top10,72
5,3.069018429994075,2.431128457889309,-3.326886932593287,12.024039486380001,7.924246235801602,5.660659602734848,1.0459785494007154,1.0368364153130756,429,862,85.8,0.08620000000000001,0.4716480312356602,0.383,0.42449999999999993,0.10390000000000002,0.07100000000000001,5,5,3,True,True,3.101592040027343,3.0391964468949872,-1.9188446745453391,11.780229042169687,3.9959089777548806,3.4051859896494507,1.3036406079305907,1.2329065476137824,212,425,0.08499999999999999,0.45499999999999996,0.1068,0.065,3,5,5,-0.04805033222433197,-0.3927948145016291,-1.4052692376035458,1.9298291955318403,7.924246235801602,4.961745280572723,0.899326338931152,0.9462343007734164,217,437,0.0874,0.394,0.101,0.077,2,5,5,-0.3927948145016291,3.0391964468949872,3.4319912613966164,-3.4319912613966164,8003,8003,33,1,discounted_lints,corr,z72_a0p5_corr_pruned_top10,72
5,1.9336147858553996,-0.9793196983688857,-4.468177252703109,13.762674415386588,8.065473747377162,6.243300423217009,0.886692790286664,0.9945932329519698,414,831,82.8,0.08310000000000001,0.46894262342308196,0.3918,0.4327,0.0962,0.0705,5,5,2,True,True,3.382859387181265,-0.24901485077545304,-0.6686531387426142,14.395060129843618,4.500829221766811,3.8065845066425914,0.903841015130024,1.2549814307400429,187,375,0.075,0.4628,0.0994,0.0568,2,5,5,-1.4360983032825936,-0.5528085860868726,-4.1273694185344105,0.5499048245187099,8.065473747377162,5.614080365742294,0.8740155095295625,0.8974507157138932,227,456,0.09119999999999999,0.40259999999999996,0.093,0.0842,1,5,5,-0.5528085860868726,-0.24901485077545304,0.3037937353114195,-0.3037937353114195,8004,8004,33,1,discounted_lints,corr,z72_a0p5_corr_pruned_top10,72
5,1.4187416924697516,-0.6967301192474018,-2.449909660348226,9.575234798056975,9.619213054975495,6.818936241075816,0.9235143265101567,0.9502856599708505,416,836,83.2,0.08360000000000001,0.4434287718266153,0.38549999999999995,0.4314,0.10630000000000002,0.06999999999999999,5,5,2,True,True,3.133369133681265,1.1232057542535534,0.23188410024372885,11.72798189200812,5.6538876568041125,3.797051627024912,1.0490186044318488,1.2296406323378442,194,389,0.0778,0.466,0.11539999999999999,0.05800000000000001,5,5,5,-1.6562446491098348,-1.9267752424203866,-2.675589493967656,0.5663501335423371,7.615881998875906,6.132727049494857,0.7705679696012758,0.7753426174183079,222,447,0.0894,0.39679999999999993,0.0972,0.08199999999999999,1,5,5,-1.9267752424203866,1.1232057542535534,3.04998099667394,-3.04998099667394,8005,8005,33,1,discounted_lints,corr,z72_a0p5_corr_pruned_top10,72
5,1.7258855716581436,1.707561131301416,-4.777101274380913,10.265563797432154,10.525577757964232,6.5367189626228726,1.0282208556755517,1.0632388479653643,398,800,79.6,0.08,0.49784417698416616,0.3955,0.43629999999999997,0.1005,0.0643,5,5,3,True,True,3.849295829927686,2.816018037632406,-0.5729257495740492,11.47433266545943,4.26120834977467,3.339951663641642,1.220562021820053,1.35124087480939,193,387,0.0774,0.4636,0.11139999999999999,0.05700000000000001,4,5,5,-2.0483046056886,-1.0843472565607137,-5.008693969692846,1.1580168080938869,8.246466778822192,5.975907898731414,0.841627758291963,0.9978300317517546,205,413,0.0826,0.409,0.08960000000000001,0.07160000000000001,1,5,5,-1.0843472565607137,2.816018037632406,3.90036529419312,-3.90036529419312,8006,8006,33,1,discounted_lints,corr,z72_a0p5_corr_pruned_top10,72
5,0.28414122327918856,-1.575041583851322,-5.842177296789552,9.535839156251825,9.673667093086891,7.069203357306757,0.8634041921661378,0.8951818755038696,418,840,83.6,0.084,0.4715947639521307,0.3936,0.437,0.0955,0.0715,5,5,2,True,True,2.6391163933339645,2.9716106284549237,-2.9059382363880393,10.136056359280854,4.908800337399965,3.8368808832833823,1.2644304319807815,1.1064618754280782,198,397,0.0794,0.4708,0.0998,0.060399999999999995,3,5,5,-2.311356875800432,-2.6247323733007755,-4.415442455019569,-0.5449779326318294,9.673667093086891,6.1763082687410735,0.8014516371689846,0.7824925818340892,220,443,0.08859999999999998,0.4032,0.0912,0.0826,0,5,5,-2.6247323733007755,2.9716106284549237,5.596343001755699,-5.596343001755699,8007,8007,33,1,discounted_lints,corr,z72_a0p5_corr_pruned_top10,72
5,1.0667299612207846,-1.424721185768163,-3.592003250436604,13.009113114152292,8.363107339753451,6.571211773314471,0.8401981232824944,0.9346995162514355,437,877,87.4,0.0877,0.47024079251689066,0.38920000000000005,0.4375,0.098,0.07749999999999999,5,5,1,True,True,2.841973211993889,-0.7347345279421491,-0.8772152344723727,14.613455422690013,5.48389617593007,4.431844105138243,0.8492831370275726,1.1545124163859584,210,421,0.08420000000000001,0.4612,0.1068,0.0688,2,5,5,-1.7260759040175855,-1.3997853067259758,-2.8571628139225203,-0.6642141846646799,7.764931351548022,5.771027888687179,0.814031649703393,0.8470341417591921,227,456,0.09119999999999999,0.4138,0.08920000000000002,0.0862,0,5,5,-1.3997853067259758,-0.7347345279421491,0.6650507787838267,-0.6650507787838267,8008,8008,33,1,discounted_lints,corr,z72_a0p5_corr_pruned_top10,72
5,0.5774172945621059,-0.885643908336331,-7.161317172279869,10.102569861253397,10.448715841964983,7.707542984164396,0.9045515789749992,0.9258574759966315,433,869,86.6,0.0869,0.46164557999763456,0.3758,0.4243,0.10110000000000001,0.0776,5,5,2,True,True,3.2408897645156487,2.7093566603258568,-0.5271710790822115,10.861780713832392,4.180881554214,3.360200917794276,1.197564716973691,1.1842102726842527,209,419,0.0838,0.4542,0.1072,0.0694,3,5,5,-2.616328914022017,-0.8746492744051704,-6.669304738957305,-0.6203026377497811,10.448715841964983,6.797285492275495,0.8660387965222421,0.7771325244772025,224,450,0.09,0.3944,0.095,0.08579999999999999,0,5,5,-0.8746492744051704,2.7093566603258568,3.584005934731027,-3.584005934731027,8009,8009,33,1,discounted_lints,corr,z72_a0p5_corr_pruned_top10,72
5,2.2254109124166654,0.06205665481695544,-3.588687666090551,10.855073660092994,9.169390919997578,6.501676987186346,0.9301784864697112,0.997811363187109,414,831,82.8,0.08310000000000001,0.4705417451261441,0.38439999999999996,0.4285,0.0945,0.0722,5,5,3,True,True,3.0630985519093046,2.0213502478590106,-1.5023785175297344,10.865695473503667,4.900558824484181,3.3422539312653994,1.4138780467782344,1.2665252467363584,196,393,0.0786,0.4638,0.1058,0.062,3,5,5,-0.8206577959199034,-0.009580793558650047,-5.4988861648273435,1.3947740286318622,9.169390919997578,5.737325766802366,0.9485234799156875,0.9368269360847663,218,438,0.08759999999999998,0.39320000000000005,0.08320000000000001,0.0824,2,5,5,-0.009580793558650047,2.0213502478590106,2.0309310414176607,-2.0309310414176607,8010,8010,33,1,discounted_lints,corr,z72_a0p5_corr_pruned_top10,72
5,0.44915976302264193,-0.8171357704769622,-4.26906323778844,8.124156668257033,8.378322764114987,6.778198985282674,0.92545110432562,0.8970843391379976,416,835,83.2,0.0835,0.4473399151695604,0.3912,0.4372,0.09329999999999998,0.07089999999999999,5,5,2,True,True,2.8075811908555326,1.638990374680649,-1.4328472480988341,11.555587871754902,4.360242537403824,3.551481827725169,1.131655864507183,1.2060301480699671,191,383,0.0766,0.4686,0.09619999999999998,0.0578,4,5,5,-2.2786408163670346,-2.877445386728894,-3.075983255489345,-0.021023857112190125,7.4018180898478665,6.031351715966453,0.7063775565852349,0.7318416425659747,225,452,0.0904,0.4058,0.0904,0.08399999999999999,0,5,5,-2.877445386728894,1.638990374680649,4.516435761409543,-4.516435761409543,8011,8011,33,1,discounted_lints,corr,z72_a0p5_corr_pruned_top10,72
5,2.794616792993694,1.8778459232358324,-2.9107256522250102,13.706255866420513,8.196353648649612,6.157464493420559,1.0566148984806032,1.0432822194667353,423,849,84.6,0.0849,0.459148857936749,0.38439999999999996,0.4303,0.11099999999999999,0.0693,5,5,3,True,True,3.283523805120334,0.6675794100392096,-0.8313303474632772,12.048032735421032,4.598345450013197,4.041447440659676,0.9855430357935598,1.2536745958147077,206,413,0.08259999999999999,0.4630000000000001,0.11680000000000001,0.063,3,5,5,-0.49721505726009185,-0.271175369131027,-2.7992850532127966,1.751567671502574,7.73930817392352,5.227460794445216,1.0581383687553998,0.9848969301503703,217,436,0.08719999999999999,0.3976,0.1052,0.0756,2,5,5,-0.271175369131027,0.6675794100392096,0.9387547791702366,-0.9387547791702366,8012,8012,33,1,discounted_lints,corr,z72_a0p5_corr_pruned_top10,72
5,2.6264471226087815,0.8569710524608087,-2.1420450430472138,14.425076145688532,9.49060410942063,6.028841942521159,1.0015705718789911,1.0074527460802627,439,882,87.8,0.0882,0.4561591402112872,0.38689999999999997,0.42869999999999997,0.0974,0.0744,5,5,3,True,True,3.254992969546786,0.8365008865548917,-1.7471898257690577,13.706745310758816,4.362711938322461,3.781254824374229,1.0073392144622932,1.1845090528512505,208,417,0.0834,0.45940000000000003,0.09960000000000001,0.06620000000000001,3,5,5,-0.6153618520010151,-0.370767983660758,-2.7594766418863714,1.9466736907523652,7.915025372610529,5.241139313499483,0.9761553059956829,0.9753957549782409,231,465,0.093,0.398,0.09519999999999999,0.08259999999999999,2,5,5,-0.370767983660758,0.8365008865548917,1.2072688702156498,-1.2072688702156498,8013,8013,33,1,discounted_lints,corr,z72_a0p5_corr_pruned_top10,72
5,0.9503033454253407,-0.9569015025708172,-1.7907366032668404,8.739144801681897,9.310195443204705,6.317936643286914,0.887399880838607,0.9453113712211062,417,837,83.4,0.08370000000000001,0.4577013035983624,0.3898,0.43359999999999993,0.0999,0.07170000000000001,5,5,2,True,True,3.2133376532907576,0.7764277683627308,0.5131861879973831,10.15143131935423,5.020427001374495,3.736343682241914,1.0623678276134698,1.2564133329840808,189,379,0.0758,0.45840000000000003,0.11499999999999999,0.0534,5,5,5,-2.192698989557229,-2.0059961775536705,-3.844266206667324,-1.2821317896249629,7.0001259945021825,5.503343753821186,0.7642013872512966,0.7511970829159234,228,458,0.09159999999999999,0.4088,0.08480000000000001,0.09,0,5,5,-2.0059961775536705,0.7764277683627308,2.7824239459164013,-2.7824239459164013,8014,8014,33,1,discounted_lints,corr,z72_a0p5_corr_pruned_top10,72
5,-0.5175678740548963,-2.345215102852616,-6.734282755473386,10.883089156645486,9.891821954897118,6.721387619397513,0.7336800935683471,0.8664519474038596,439,881,87.8,0.0881,0.4257378857295059,0.3743,0.41509999999999997,0.1006,0.078,5,5,2,True,True,1.8939222353428462,-1.153425408153641,-1.7263222900961384,11.380969716583156,4.966266651811768,4.005143152899036,0.8025948352347771,1.0303561553709006,209,419,0.0838,0.4468,0.1046,0.06420000000000001,2,5,5,-2.4100767664599116,-2.113412237377832,-5.481389780260071,-0.447006846146647,9.508451795251649,5.771337657592213,0.826615636640697,0.7909376069450661,230,462,0.0924,0.3834,0.0966,0.09179999999999999,0,5,5,-2.113412237377832,-1.153425408153641,0.9599868292241909,-0.9599868292241909,8015,8015,33,1,discounted_lints,corr,z72_a0p5_corr_pruned_top10,72
5,0.36720996127655353,0.2950521062143663,-7.117700469532561,11.404986952594287,9.32006275128,7.080805910438928,0.9860427629031926,0.9248903541075955,417,837,83.4,0.08370000000000001,0.4517225616890051,0.39649999999999996,0.4412,0.0972,0.06889999999999999,5,5,3,True,True,3.0487419727956455,1.215309787929253,-2.3043448453756277,13.658364751799601,4.55369678646631,3.791265763409381,1.2043925450184088,1.2407048935463139,186,373,0.0746,0.4772,0.1002,0.0518,4,5,5,-2.629863288609704,-2.2717018731402194,-4.9268881165071,-0.7387388512183901,7.781584466404478,6.235095556821674,0.7864785628585204,0.7617301358482265,231,464,0.0928,0.40519999999999995,0.09420000000000002,0.086,0,5,5,-2.2717018731402194,1.215309787929253,3.4870116610694724,-3.4870116610694724,8016,8016,33,1,discounted_lints,corr,z72_a0p5_corr_pruned_top10,72
5,1.244507248563185,1.6071328001520557,-4.2881211647392785,10.441954849211733,9.802492887809066,7.053964273342963,1.0124347662107758,0.9229796534511505,425,853,85.0,0.0853,0.45723550491420306,0.3899,0.42990000000000006,0.0944,0.0744,5,5,3,True,True,2.863407416403483,2.178219754731714,-3.116515670229658,12.040405750268102,4.576294796454727,3.6152027271742737,1.1988407185674506,1.1845254526561868,196,393,0.0786,0.4628,0.09459999999999999,0.0596,3,5,5,-1.579885687725906,-1.1789039552627,-4.0373069330787885,-0.5589126097034103,7.558448741661872,6.067514030579943,0.8893249013155166,0.8201450770939337,229,460,0.092,0.39699999999999996,0.09419999999999999,0.0892,0,5,5,-1.1789039552627,2.178219754731714,3.357123709994414,-3.357123709994414,8017,8017,33,1,discounted_lints,corr,z72_a0p5_corr_pruned_top10,72
5,1.4467885292661387,-1.9191996321096472,-5.235970173015259,12.330715160227257,9.066539149609687,6.519746389995769,0.8302724240039956,0.9527962504415182,418,839,83.6,0.0839,0.4593922059666622,0.3901,0.42669999999999997,0.1006,0.0678,5,5,2,True,True,2.5401413311091536,-1.0207235253068658,-1.2221851159671893,11.785544413393234,4.977593496200328,3.9715592037436904,0.8185448563007405,1.1245760527430977,202,405,0.081,0.4502,0.1096,0.06,2,5,5,-1.1152248847316826,-0.70563872764422,-4.2357657531252535,0.487693421984825,8.462537390199977,5.700738525465336,0.8623665665257857,0.8473672157079093,216,434,0.08679999999999999,0.4032,0.0916,0.0756,2,5,5,-1.0207235253068658,-0.70563872764422,0.31508479766264585,0.31508479766264585,8018,8018,33,1,discounted_lints,corr,z72_a0p5_corr_pruned_top10,72
5,1.5535660371581337,-0.9768610731218152,-4.655498386073786,14.534246795767135,8.896573376931748,6.763769282413139,0.8944907667839229,0.9796160009375896,436,875,87.2,0.08750000000000001,0.46748515019344766,0.38649999999999995,0.4351999999999999,0.10030000000000001,0.0766,5,5,2,True,True,2.9466273235089524,-0.4332229884495664,-1.4722318416352742,14.058150915820388,4.309022021526765,3.977525885616513,0.8816435060372587,1.2021685203052521,208,417,0.0834,0.45899999999999996,0.10800000000000001,0.0674,2,5,5,-1.4059135002919199,0.13334519967977965,-4.24064685465757,0.5341640936302516,8.654260198527064,5.5656412492596115,0.9678496859774744,0.96519967262251,228,458,0.09159999999999999,0.4114,0.0926,0.08580000000000002,3,5,5,-0.4332229884495664,0.13334519967977965,0.5665681881293461,0.5665681881293461,8019,8019,33,1,discounted_lints,corr,z72_a0p5_corr_pruned_top10,72
5,0.17736159068532942,-2.9126390770748856,-3.2381349456425124,12.119920996967814,9.665604688356122,7.258273041374785,0.8338749204303048,0.8587448726210815,410,823,82.0,0.0823,0.4344080020806215,0.3905,0.4306,0.0998,0.06570000000000001,5,5,1,True,True,2.5697590016334777,0.9325304632109566,-2.139469557046325,13.007243514807353,4.815932911577702,3.914488164446921,1.0463356554014291,1.137988706114628,193,387,0.0774,0.46799999999999997,0.1042,0.055600000000000004,3,5,5,-2.3476768410252618,-1.3764506118103426,-4.685056163960944,-0.75955457635416,9.665604688356122,6.483367774115554,0.8146387280049608,0.7873086359303952,217,436,0.0872,0.3932,0.09540000000000001,0.0758,0,5,5,-1.3764506118103426,0.9325304632109566,2.308981075021299,-2.308981075021299,8020,8020,33,1,discounted_lints,corr,z72_a0p5_corr_pruned_top10,72
5,0.8865047940468939,-0.9582171414632912,-3.484711603940349,10.314255570005049,8.933359340571279,6.18885094607055,0.8823892260056783,0.906249158192623,426,855,85.2,0.08549999999999999,0.4575749559624759,0.3815,0.4245,0.09999999999999999,0.073,5,5,2,True,True,2.833051296536855,1.0469073267295625,-2.403181930803955,11.090052275049022,4.390648072119562,3.924378422580903,1.0304635255861088,1.1638257432830397,195,391,0.07819999999999999,0.4524,0.11240000000000001,0.054400000000000004,3,5,5,-1.8903810750129524,-1.866792112614446,-3.8246733805125444,-0.6983493923678918,6.7182827935734934,5.314765611367533,0.7836490808473331,0.8087842879629192,231,464,0.0928,0.39659999999999995,0.08760000000000001,0.0916,0,5,5,-1.866792112614446,1.0469073267295625,2.9136994393440085,-2.9136994393440085,8021,8021,33,1,discounted_lints,corr,z72_a0p5_corr_pruned_top10,72
5,-0.013087374608237922,-2.703051807279655,-4.227369350664412,10.689613999185156,11.328580120014308,7.293655850782537,0.7757981194840411,0.8668903422195353,431,866,86.2,0.08660000000000001,0.4418136674348549,0.3827999999999999,0.4351,0.10170000000000001,0.0744,5,5,1,True,True,2.8025361736981713,-0.14711991507606603,-1.279019849415175,11.79944647740967,4.926577625584172,3.9697422235589834,0.9328469903565121,1.1428085138794812,202,405,0.08099999999999999,0.4574,0.11179999999999998,0.061399999999999996,2,5,5,-2.7618397143728046,-2.5596977173115043,-4.190461741742924,-0.9926994392130295,8.936945642842097,6.656852534750652,0.6815695130095338,0.7035965694137506,229,461,0.09219999999999999,0.4128,0.09160000000000001,0.0874,0,5,5,-2.5596977173115043,-0.14711991507606603,2.4125778022354383,-2.4125778022354383,8022,8022,33,1,discounted_lints,corr,z72_a0p5_corr_pruned_top10,72
5,1.2965613376559637,-0.49961603834496326,-4.546159598794675,12.441094910708417,8.938144951347493,6.238843653492219,0.8994092859759967,0.9227834654973848,425,854,85.0,0.0854,0.45052512846790604,0.3884,0.4325,0.1035,0.06860000000000001,5,5,2,True,True,2.895012658165972,0.21462116526953512,-2.333003333129513,12.439868421522892,4.797783318667115,4.0563634011700085,0.9347768354994175,1.1390898141169838,204,409,0.08180000000000001,0.46040000000000003,0.1034,0.0646,3,5,5,-1.5738798399368912,-0.7127075822964013,-4.247260156490295,0.0010907956428107823,8.39722661037472,5.392452017324649,0.8700073609837756,0.8749176797983782,221,445,0.089,0.4046,0.1036,0.0726,1,5,5,-0.7127075822964013,0.21462116526953512,0.9273287475659364,-0.9273287475659364,8023,8023,33,1,discounted_lints,corr,z72_a0p5_corr_pruned_top10,72
5,1.1304097791228076,-2.154538354800062,-4.099354127455768,11.803602375881606,7.41408804162611,5.855306707362663,0.817470766917548,0.9242577885319516,429,861,85.8,0.0861,0.48382094023355815,0.3861,0.42539999999999994,0.09709999999999999,0.0728,5,5,2,True,True,2.137769371754094,-0.27658196992195183,-2.2000956253658055,11.116687132220026,5.862215802145165,4.220763870708659,0.9096284321466741,1.0587333886928425,197,395,0.079,0.4542,0.1056,0.0588,2,5,5,-1.0296652008155815,-1.770194557260718,-1.9419840072794292,0.6181926957957273,6.870227568025533,4.9174175652938645,0.7786386048266819,0.8517139127886981,232,466,0.09319999999999999,0.3966,0.08860000000000001,0.0868,1,5,5,-1.770194557260718,-0.27658196992195183,1.4936125873387662,-1.4936125873387662,8024,8024,33,1,discounted_lints,corr,z72_a0p5_corr_pruned_top10,72
5,2.4859776898987844,0.7102805280914115,-3.5108626236799445,12.057276055249467,7.670800530189559,5.710454896634921,0.9862544471103006,0.993019750759661,429,861,85.8,0.0861,0.4601557895595114,0.382,0.42969999999999997,0.09659999999999999,0.0735,5,5,3,True,True,3.10479050234979,0.5606602465229704,-2.4343130658505463,13.033248829277566,3.971777002991672,3.578376923648783,1.0384351384822192,1.2538537889918444,202,405,0.08099999999999999,0.46580000000000005,0.1032,0.0616,4,5,5,-0.5987973572883432,-0.8634386644076564,-1.7421250690421886,0.5357789359735854,7.190267454651544,5.024495642382258,0.9212042650084694,0.9077875511685459,227,456,0.09119999999999999,0.39360000000000006,0.09000000000000001,0.0854,2,5,5,-0.8634386644076564,0.5606602465229704,1.4240989109306268,-1.4240989109306268,8000,8000,35,2,discounted_lints,corr,z72_a0p5_corr_pruned_top10,72
5,0.8474427448015767,-0.14611543858681353,-4.952266799424043,11.41687785678165,8.793182557296575,7.332090055661792,0.9476938205600082,0.8912812251615719,413,829,82.6,0.0829,0.4463254160818632,0.39039999999999997,0.43570000000000003,0.0972,0.0673,5,5,2,True,True,3.430240044340343,0.12703832460387865,-1.2793276413022636,14.436197231349235,5.243936871584054,3.7297502081676726,0.9507934183016391,1.430398444937958,184,370,0.07399999999999998,0.4692,0.0988,0.053000000000000005,3,5,5,-2.480132823905765,-2.514430754333108,-4.911860156006165,-0.2728071935026777,8.793182557296575,6.587469628099204,0.6867192725605273,0.7120759680147385,229,459,0.09179999999999999,0.4022,0.09559999999999999,0.08159999999999999,0,5,5,-2.514430754333108,0.12703832460387865,2.6414690789369866,-2.6414690789369866,8001,8001,35,2,discounted_lints,corr,z72_a0p5_corr_pruned_top10,72
5,2.675973998299861,-0.6259257565977006,-1.5204378090894033,12.395323665541413,8.064933823767328,5.78351962875623,0.9363589210945888,1.041004134163686,419,841,83.8,0.0841,0.4793140382652578,0.3938,0.4311,0.09419999999999999,0.07310000000000001,5,5,2,True,True,3.357367583712852,0.640939770629978,0.28571797699450396,11.86715613520526,3.83675160436846,3.23396310259888,1.0543314165027395,1.2735262721945328,199,399,0.07980000000000001,0.45999999999999996,0.101,0.062,5,5,5,-0.6867429099734701,-0.8785647097910965,-2.1360528285924496,0.8426427862288977,8.064933823767328,5.443148110853442,0.9502086659762171,0.9027815498051888,220,442,0.08839999999999999,0.4022,0.0874,0.08420000000000001,2,5,5,-0.8785647097910965,0.640939770629978,1.5195044804210744,-1.5195044804210744,8002,8002,35,2,discounted_lints,corr,z72_a0p5_corr_pruned_top10,72
5,2.644558617214545,2.275435394090697,-3.316591849894168,12.589621941783214,8.664287743106192,5.8769653515630065,1.0335861824937715,1.0044600514028257,433,869,86.6,0.0869,0.44179986690517703,0.39289999999999997,0.42989999999999995,0.1034,0.0678,5,5,3,True,True,3.3275846043113795,3.195371418626225,-2.245495762944316,12.821305718499708,4.508449815971116,3.7213559458088463,1.3141673638657005,1.24386664696151,203,407,0.0814,0.4676,0.1044,0.05620000000000001,3,5,5,-0.664005534381289,-0.8914508585890935,-1.0652756860645263,-0.20535463159285783,6.602586687054657,4.98712819788752,0.9100260418934898,0.9044759176125922,230,462,0.0924,0.3922,0.1024,0.0794,0,5,5,-0.8914508585890935,3.195371418626225,4.086822277215319,-4.086822277215319,8003,8003,35,2,discounted_lints,corr,z72_a0p5_corr_pruned_top10,72
5,0.7382356480914454,-0.5929600012049674,-6.118615561408869,6.655883213558633,9.806124552273566,7.207412761416711,0.9384414112539953,0.9366861754523802,412,828,82.4,0.0828,0.4465127003648006,0.3988,0.43979999999999997,0.0986,0.06659999999999999,5,5,2,True,True,3.7431514090386626,0.4641854134873613,-0.969369698212541,14.215523152437282,4.488393526752132,3.7597091043442488,0.9662033572312371,1.2692781939448339,196,393,0.07859999999999999,0.4736000000000001,0.10640000000000001,0.056600000000000004,4,5,5,-2.8209500700272216,-2.809239590384127,-7.1010998170492945,1.765157815771179,8.798376315889966,6.409893107218913,0.7215038569149934,0.7714083004600637,216,435,0.087,0.40599999999999997,0.09079999999999999,0.0766,1,5,5,-2.809239590384127,0.4641854134873613,3.2734250038714885,-3.2734250038714885,8004,8004,35,2,discounted_lints,corr,z72_a0p5_corr_pruned_top10,72
5,-0.032631990947066924,-4.46968661736471,-5.67597539705541,10.71563772772144,9.873509009166714,7.5529165423354225,0.7135307668037426,0.8575739989605463,414,831,82.8,0.0831,0.45489746922013496,0.39580000000000004,0.4378,0.0997,0.0671,5,5,2,True,True,2.2754842547043963,-0.9990340874208581,-2.5177551958783906,11.666946808492495,5.495438696432875,4.084132409802188,0.8043065665035438,1.1041859465573318,199,399,0.07980000000000001,0.4694,0.1076,0.05840000000000001,2,5,5,-2.30733800570176,-1.972200180231387,-4.614173769507346,-0.3197905375923127,9.095311941935469,6.616495642325388,0.6984915290629703,0.7329982994685438,215,432,0.0864,0.4062,0.09179999999999999,0.0758,0,5,5,-1.972200180231387,-0.9990340874208581,0.973166092810529,-0.973166092810529,8005,8005,35,2,discounted_lints,corr,z72_a0p5_corr_pruned_top10,72
5,1.038969850186655,-1.1296324465593588,-4.549949018696564,10.78119427271198,9.127021382926515,6.753486844954118,0.8761910146170053,0.9662017502618921,427,857,85.4,0.0857,0.4551386833911524,0.38839999999999997,0.4342,0.0986,0.07260000000000001,5,5,2,True,True,2.030402574758734,-0.9890313852099153,-2.2871610744333304,10.651482267132483,6.054796403080953,4.309973836825733,0.7750817165800452,1.1178220261951919,204,409,0.0818,0.4628,0.10640000000000001,0.060799999999999986,2,5,5,-1.008150096780538,-0.11081558813181847,-3.1493931768115213,0.1833754165099677,6.9811340506264585,5.369459621842497,0.940363921832318,0.9263035141790011,223,448,0.08959999999999999,0.4056,0.0908,0.0844,2,5,5,-0.9890313852099153,-0.11081558813181847,0.8782157970780968,0.8782157970780968,8006,8006,35,2,discounted_lints,corr,z72_a0p5_corr_pruned_top10,72
5,1.6054870877773866,-1.5082918337851803,-3.119645007992289,12.431461932523892,8.296212001987069,6.169897195429074,0.8522596484279062,0.9505108640614056,427,857,85.4,0.0857,0.4480318320077122,0.38320000000000004,0.42669999999999997,0.1042,0.06989999999999999,5,5,2,True,True,2.2189354641095416,-0.39769048759981107,-2.232743759712319,12.198478331816354,5.242564588512599,4.025848782358395,0.8667563093645917,1.0983382067155283,201,403,0.08059999999999999,0.46560000000000007,0.1072,0.05600000000000001,2,5,5,-0.6197141214269797,-0.9071557108038197,-1.1150357372457398,0.20765308422321382,6.941512858077836,5.066383427427031,0.9318308857675194,0.8963396330380661,226,454,0.09079999999999999,0.38780000000000003,0.1012,0.0838,1,5,5,-0.9071557108038197,-0.39769048759981107,0.5094652232040087,-0.5094652232040087,8007,8007,35,2,discounted_lints,corr,z72_a0p5_corr_pruned_top10,72
5,2.08327348588381,-1.3185293830542233,-4.253207994263364,14.406408539833837,8.694542576711717,6.174474242021666,0.8643762489863324,0.9687046858578492,434,871,86.8,0.0871,0.43240588939846364,0.3797,0.4265,0.1014,0.0726,5,5,2,True,True,2.722917516311101,-0.4841834158785363,-2.429335733215565,12.369171677619928,5.131060538608267,3.978906236923307,0.8869506632450387,1.1739047119172785,210,421,0.0842,0.4628,0.10880000000000001,0.0634,2,5,5,-0.6864772068116377,-0.7053393881122139,-3.7873623588254857,1.8129855651678461,7.294804240669139,5.269260635221904,0.9723726533548285,0.9084827398680909,224,450,0.09,0.3902,0.094,0.08180000000000001,1,5,5,-0.7053393881122139,-0.4841834158785363,0.22115597223367756,-0.22115597223367756,8008,8008,35,2,discounted_lints,corr,z72_a0p5_corr_pruned_top10,72
5,1.9856098907548827,2.0607844797363217,-2.695405938850326,9.849029193479964,10.248442179321927,6.528805153277562,1.0380869834155952,0.9768323361869445,408,819,81.6,0.0819,0.46994701547268436,0.39370000000000005,0.4383,0.098,0.06899999999999999,5,5,3,True,True,3.423831961445516,3.0595120391135433,0.4117203366903244,9.446539571375201,5.666868436239836,3.4935828757851484,1.306595574623889,1.2625119893798005,188,377,0.0754,0.46440000000000003,0.1006,0.0536,5,5,5,-1.4219630405804873,-1.447506080571681,-3.0943860588406924,0.3677499751760349,7.653766682539242,5.874322016517668,0.8508197325257822,0.7836974485034836,220,442,0.0884,0.4122,0.0954,0.0844,1,5,5,-1.447506080571681,3.0595120391135433,4.507018119685224,-4.507018119685224,8009,8009,35,2,discounted_lints,corr,z72_a0p5_corr_pruned_top10,72
5,0.2560942505031516,-1.2582352927069662,-4.69237644037801,9.851959104520747,8.846822815895393,6.512907466017492,0.865631732449408,0.8947430835013904,423,849,84.6,0.0849,0.4607816467610282,0.378,0.4184,0.1066,0.07260000000000001,5,5,1,True,True,2.578198820916171,0.2585344224496966,-1.56230432968667,11.679417031699924,4.773512858342633,3.7498658392829,0.9350465850067802,1.137827039835568,199,399,0.07980000000000001,0.4474,0.11660000000000001,0.0588,3,5,5,-2.261674088957033,-1.6363426455391128,-4.4133005491312165,-0.3609673432230398,7.516517559705472,5.676679689329727,0.7906583889600416,0.8192363183989346,224,450,0.09,0.38939999999999997,0.09659999999999999,0.08639999999999999,0,5,5,-1.6363426455391128,0.2585344224496966,1.8948770679888094,-1.8948770679888094,8010,8010,35,2,discounted_lints,corr,z72_a0p5_corr_pruned_top10,72
5,0.5237611274474083,-1.797763159931265,-4.8111382466066495,12.841339372466297,9.527395753325829,6.397706399231668,0.7938116584420533,0.9172313784144357,421,845,84.2,0.08449999999999999,0.45500993302926157,0.39590000000000003,0.4338,0.09559999999999999,0.06749999999999999,5,5,1,True,True,2.5980897698093774,-0.6956926093704685,-1.007341113878979,12.83327987810765,5.582261294609525,4.247841885062433,0.8260625385661768,1.1616914220704009,201,403,0.08059999999999999,0.46699999999999997,0.10400000000000001,0.0518,2,5,5,-2.0630379215183225,-2.0153913594038175,-3.9489145216584975,0.0071428344255775045,8.864943598748665,5.527270647487346,0.7344715324226753,0.7865663509540252,220,442,0.0884,0.4006,0.08720000000000001,0.0832,1,5,5,-2.0153913594038175,-0.6956926093704685,1.319698750033349,-1.319698750033349,8011,8011,35,2,discounted_lints,corr,z72_a0p5_corr_pruned_top10,72
5,1.1873157953895455,0.6240510039379643,-4.549789810739313,9.267084425517226,9.088777965656947,6.540455051306877,0.9772282785880063,0.949159934507545,425,853,85.0,0.0853,0.4816831369311621,0.3901,0.4349,0.10070000000000001,0.0749,5,5,3,True,True,2.390502876857215,-0.614923524411326,-1.3643397062167995,12.412477931559774,5.068871873823189,4.302241313962581,0.8413973984546651,1.1240205116973954,199,399,0.0798,0.4666,0.1016,0.0636,2,5,5,-1.1344967046426246,-0.9225445604868598,-3.2295116137862845,1.4351663055760744,7.749077610446986,5.890287982437139,0.9574421383551337,0.8989096791679589,226,454,0.09079999999999999,0.4032,0.0998,0.0862,1,5,5,-0.9225445604868598,-0.614923524411326,0.3076210360755338,-0.3076210360755338,8012,8012,35,2,discounted_lints,corr,z72_a0p5_corr_pruned_top10,72
5,0.6223264058595145,-2.329678028229498,-3.220933449082508,9.740307304392303,10.121044931208722,7.095836915391674,0.7847998755960143,0.9026663796337246,437,877,87.4,0.0877,0.46864306698289077,0.3789,0.422,0.10389999999999999,0.0744,5,5,2,True,True,2.0544219957812055,-1.083702662664543,-1.567477305358489,11.146887572265406,5.338869760781339,4.453606159509209,0.8150066386394135,1.047336038674337,214,429,0.0858,0.44499999999999995,0.1116,0.068,2,5,5,-1.4025971440902432,-1.265514760328823,-2.1606457620722885,-0.8294625520123611,8.339498153785573,6.116849362941473,0.8245434989401601,0.8577146380988279,223,448,0.08959999999999999,0.39899999999999997,0.0962,0.0808,0,5,5,-1.265514760328823,-1.083702662664543,0.18181209766428008,-0.18181209766428008,8013,8013,35,2,discounted_lints,corr,z72_a0p5_corr_pruned_top10,72
5,0.05115476368436234,-1.483753730965054,-3.9246361115947037,7.6163952619335396,8.915153907902907,7.064438171702203,0.8481324113362261,0.881206616744827,441,885,88.2,0.0885,0.4534286467569027,0.375,0.4231,0.10250000000000001,0.07780000000000001,5,5,2,True,True,1.9634464906322457,-0.45355031753755437,-2.070187510084165,9.666999232373552,4.967897051572001,4.222235707067,0.8722424530657598,1.07135411812726,217,435,0.087,0.44700000000000006,0.11000000000000001,0.07,2,5,5,-1.860697227195558,-1.8698459744439289,-2.7616948378900164,-0.2259587856605516,8.538124163137473,5.929051142352227,0.7704065844508181,0.7797898940607364,224,450,0.09,0.3992,0.095,0.08560000000000001,0,5,5,-1.8698459744439289,-0.45355031753755437,1.4162956569063745,-1.4162956569063745,8014,8014,35,2,discounted_lints,corr,z72_a0p5_corr_pruned_top10,72
5,1.2085157509583189,0.5951847882625927,-5.241627337881849,10.677130411157432,8.414576684341101,6.309566540069143,1.1041791286038725,0.980006580402709,429,861,85.8,0.0861,0.4805169997664409,0.3942,0.4373,0.0991,0.073,5,5,3,True,True,3.542364256171355,0.9288824124887407,-0.5001863609892299,11.947575000524457,4.414596187886188,3.536133566448221,1.0386369910154318,1.2646955764517753,200,401,0.08020000000000001,0.4686,0.101,0.0618,4,5,5,-2.278775344357884,-2.3830523881460897,-4.765276238702065,-0.2994954547460127,8.414576684341101,5.82236403902332,0.8131923451249746,0.8256285331824726,229,460,0.092,0.40599999999999997,0.0972,0.08420000000000001,0,5,5,-2.3830523881460897,0.9288824124887407,3.3119348006348304,-3.3119348006348304,8015,8015,35,2,discounted_lints,corr,z72_a0p5_corr_pruned_top10,72
5,0.7999529467687051,-1.4225369428102153,-6.818286545560969,15.19386445175459,10.171690462667272,7.062502888615657,0.8788442637610477,0.9452895790996806,412,827,82.4,0.08270000000000001,0.4537100376015385,0.3952,0.434,0.09789999999999999,0.0671,5,5,1,True,True,2.3980122304512923,0.23613404222346812,-2.681610786314892,12.045741924946874,4.743638029040154,4.162974438915494,0.930431508073703,1.149458313776839,188,377,0.0754,0.4726,0.0972,0.05439999999999999,3,5,5,-1.6569245953408966,-1.6547635250327764,-4.5263559221841,2.8096761846750695,8.012224309975391,6.051838495700069,0.8076817415386469,0.8507549496021461,224,450,0.09,0.3954000000000001,0.0986,0.0798,1,5,5,-1.6547635250327764,0.23613404222346812,1.8908975672562445,-1.8908975672562445,8016,8016,35,2,discounted_lints,corr,z72_a0p5_corr_pruned_top10,72
5,2.6153788227691632,-0.19029757398634217,-1.7967797922673334,12.299268467275448,9.895552431910637,6.241612429111599,0.9091486097814805,1.0310109536811702,415,833,83.0,0.08330000000000001,0.45353408666734535,0.3886,0.4263,0.09809999999999999,0.07,5,5,2,True,True,2.7759206446478046,-0.026378160447459997,-1.37527690352498,11.326444421744997,5.293386335478079,3.8433224704299045,0.9462150286528592,1.175075097516786,202,405,0.08099999999999999,0.4574,0.1048,0.061399999999999996,2,5,5,-0.1711143895331202,-0.013928024753862012,-1.7379586355944165,1.2015033272939846,7.540031256325963,5.687835623471795,0.9780882750517634,0.9357626757668503,213,428,0.08559999999999998,0.3952,0.0914,0.0786,2,5,5,-0.026378160447459997,-0.013928024753862012,0.012450135693597986,0.012450135693597986,8017,8017,35,2,discounted_lints,corr,z72_a0p5_corr_pruned_top10,72
5,-1.0368692495264331,-2.645934602063238,-7.50267531281037,10.590042879768502,10.086693626671096,7.560968933846108,0.773307798626543,0.810586890884059,425,854,85.0,0.0854,0.4160206045324279,0.38910000000000006,0.43339999999999995,0.0921,0.0696,5,5,1,True,True,2.694157812130167,-1.0077949961155297,-1.1923338731471445,13.698142568061478,5.352856859184696,4.548739413806613,0.8170133390798944,1.1071290822371276,193,387,0.0774,0.47219999999999995,0.0986,0.0548,2,5,5,-3.6451895498330815,-2.9714879330514976,-6.420009068775534,-1.4405033997782368,9.560970588165096,6.6635466778127395,0.7256130466090748,0.6699713978904963,232,467,0.0934,0.3946,0.08560000000000001,0.0844,0,5,5,-2.9714879330514976,-1.0077949961155297,1.963692936935968,-1.963692936935968,8018,8018,35,2,discounted_lints,corr,z72_a0p5_corr_pruned_top10,72
5,0.554514970611859,-2.7860632138963726,-3.522887226388438,11.91813983740666,10.494558745350647,7.036382026178998,0.7746354160616856,0.9053962855228926,431,865,86.2,0.0865,0.4569879247103903,0.3787,0.4224,0.1015,0.0744,5,5,2,True,True,2.018210926905442,-0.26387238884644226,-1.7945963515349939,10.889317075205685,5.6625041753894045,4.282507193722664,0.9217553830207634,1.0539815688611405,204,409,0.0818,0.4526,0.10779999999999998,0.0624,2,5,5,-1.4807950915785306,-1.5865883759561106,-3.26763722995953,0.9277924955595429,8.328961454249573,6.208328858421949,0.8414201350904938,0.8334222088100418,227,456,0.09119999999999999,0.3922,0.0952,0.0864,1,5,5,-1.5865883759561106,-0.26387238884644226,1.3227159871096683,-1.3227159871096683,8019,8019,35,2,discounted_lints,corr,z72_a0p5_corr_pruned_top10,72
5,1.0357990364616487,-2.1700130660985306,-4.21147233578989,15.60917832810813,8.008339635192495,6.153215402999288,0.8508125135395395,0.9316239738004255,446,895,89.2,0.0895,0.44230652721635044,0.3806,0.4271,0.1015,0.07699999999999999,5,5,1,True,True,2.6718767528160203,-0.199780289324214,-0.9566655421062276,14.161586395702042,5.018245782008468,4.073931178322314,0.8994382436912459,1.1207117958068369,215,431,0.0862,0.4622,0.1066,0.06720000000000001,2,5,5,-1.6654429445061858,-1.1946828184652203,-3.8098127230982937,1.2680201616930065,7.556766921876445,5.661618959018961,0.8279770566765287,0.8136922079554785,231,464,0.0928,0.392,0.09640000000000001,0.0868,1,5,5,-1.1946828184652203,-0.199780289324214,0.9949025291410063,-0.9949025291410063,8020,8020,35,2,discounted_lints,corr,z72_a0p5_corr_pruned_top10,72
5,1.202300161341776,-1.7009201916814654,-3.937449871567966,13.283876497483526,9.314656718615776,6.511973887880933,0.8906412917714951,0.9298459522791818,451,905,90.2,0.0905,0.44464602673829595,0.3799,0.4314,0.09630000000000001,0.0784,5,5,2,True,True,3.022758273877062,1.7522027572462573,-2.606717156743099,13.624918303806188,4.9496152826512985,4.0878012950007925,1.1124246423019704,1.1853100702138308,218,437,0.0874,0.4638,0.1076,0.06880000000000001,4,5,5,-1.7955415288549894,-1.0173846811013854,-4.452443502105541,0.18592671854389398,8.040559543244308,5.689210364376277,0.9044366342605468,0.8272272216646458,233,468,0.09359999999999999,0.399,0.085,0.088,1,5,5,-1.0173846811013854,1.7522027572462573,2.7695874383476426,-2.7695874383476426,8021,8021,35,2,discounted_lints,corr,z72_a0p5_corr_pruned_top10,72
5,1.1099407443365064,-1.1210896133858061,-1.3654369160164381,9.38984347990004,8.840486840934137,6.009771751304294,0.9182048125634936,0.9482916691314669,427,857,85.4,0.0857,0.45606144461357634,0.3847,0.42539999999999994,0.0983,0.06999999999999999,5,5,1,True,True,2.9860653301451556,1.3893700831884237,-0.7232498022196499,12.30963268030083,4.557085907036473,3.2318858417135665,1.0693979960326732,1.1884418634200937,204,409,0.0818,0.45500000000000007,0.101,0.06120000000000001,3,5,5,-1.7856413322790865,-2.5997673847907743,-3.174250328930417,-0.06750291608372816,7.484904080178434,5.5107895741046224,0.7500379847663567,0.8733090354066373,223,448,0.08959999999999999,0.39580000000000004,0.09560000000000002,0.07880000000000001,0,5,5,-2.5997673847907743,1.3893700831884237,3.989137467979198,-3.989137467979198,8022,8022,35,2,discounted_lints,corr,z72_a0p5_corr_pruned_top10,72
5,2.5583828856949564,3.4403814317129466,-3.1402583215107582,10.474254920643421,8.259386042917182,6.327053552296518,1.095047777006812,1.0128288552545384,420,843,84.0,0.0843,0.44987160535941023,0.3914,0.4343,0.0969,0.0666,5,5,3,True,True,3.838363393481252,1.658069982671817,-0.36170470660832343,12.804550761167643,3.8598054165511653,3.3208949302107564,1.11370273810074,1.3916696784306943,191,384,0.07680000000000001,0.46980000000000005,0.09620000000000001,0.054000000000000006,3,5,5,-1.204605928703002,-1.6444003058004975,-2.7886402579658687,1.75324147836462,7.555610393574142,5.887826018044761,0.8538252279362905,0.8423951570106031,229,459,0.09179999999999999,0.39880000000000004,0.0976,0.0792,1,5,5,-1.6444003058004975,1.658069982671817,3.3024702884723145,-3.3024702884723145,8023,8023,35,2,discounted_lints,corr,z72_a0p5_corr_pruned_top10,72
5,3.1496207709714907,1.7533680117344908,-3.04127821531166,11.80871673655528,7.134630325896419,5.221923954349852,1.0584164628806765,1.0743550258008145,411,825,82.2,0.0825,0.472008892675269,0.3991,0.44020000000000004,0.0943,0.0686,5,5,3,True,True,3.2081444725142005,1.0306669943628721,-1.406782752051916,11.851396786374302,5.4580299209745275,3.6637314602838438,1.108215357240532,1.2573847607959252,191,383,0.0766,0.4772,0.1022,0.05419999999999999,4,5,5,-0.06480710880122365,-0.038157815678008244,-1.6578173518257522,1.5465897660644545,6.662990268995827,4.8551275565022385,0.9216891486297106,0.9552615758707835,220,442,0.0884,0.4032,0.0864,0.083,2,5,5,-0.038157815678008244,1.0306669943628721,1.0688248100408804,-1.0688248100408804,8024,8024,35,2,discounted_lints,corr,z72_a0p5_corr_pruned_top10,72
5,0.508777360976709,-1.483533042903895,-4.472097966835619,8.824500764033406,9.248737390828577,6.909697890586903,0.8216023379519575,0.9149068257808668,402,807,80.4,0.08070000000000001,0.4706108935557644,0.3877999999999999,0.42729999999999996,0.10329999999999999,0.0668,5,5,2,True,True,2.940332689844136,0.11727473232177044,-1.2815723773432985,10.904018528052116,5.344277808099063,3.928446121725429,0.9108976304220164,1.23362722541747,179,359,0.0718,0.4596,0.1062,0.0498,3,5,5,-2.378409366149281,-1.875060788255134,-3.680986557163468,-1.5358564377607742,7.452911000315976,6.2877105821418855,0.765407449014589,0.7355285281356382,223,448,0.08959999999999999,0.395,0.1004,0.08380000000000001,0,5,5,-1.875060788255134,0.11727473232177044,1.9923355205769044,-1.9923355205769044,8000,8000,37,3,discounted_lints,corr,z72_a0p5_corr_pruned_top10,72
5,0.20311344430977485,-1.4623419044160313,-2.8646103623666708,8.594775589579417,9.65068847606495,6.8488398399551444,0.8436137634928877,0.8970734027399845,396,795,79.2,0.07949999999999999,0.4479533060791357,0.3942,0.434,0.1051,0.0651,5,5,1,True,True,2.2511190714417206,0.2370374527322916,-0.18413978746234516,9.94370596908598,4.655699503398925,3.9165463577616455,0.9602131642408923,1.104379580039539,180,361,0.07220000000000001,0.469,0.11739999999999999,0.04880000000000001,3,5,5,-2.0064376082237407,-1.2497258047240223,-3.6570976836797664,-0.8041231760387291,7.856828010031047,6.056918162073792,0.8128572844869038,0.7902621202905517,216,434,0.08679999999999999,0.399,0.09280000000000001,0.0814,0,5,5,-1.2497258047240223,0.2370374527322916,1.4867632574563139,-1.4867632574563139,8001,8001,37,3,discounted_lints,corr,z72_a0p5_corr_pruned_top10,72
5,-0.2824723741106716,-1.157050283947525,-5.204059176116804,7.925042862714404,10.24940864061742,7.64697282264585,0.8772999394496788,0.8687851304538032,396,795,79.2,0.0795,0.47220014664602294,0.4032,0.44190000000000007,0.10270000000000001,0.06239999999999999,5,5,2,True,True,3.2113082509389828,1.3402001353914894,-0.7148523133180484,9.512985829985121,4.091022357193719,3.278874033362398,1.0661121843475505,1.320089804754193,185,371,0.0742,0.4706,0.1018,0.0504,4,5,5,-3.4045801511076235,-3.7659536234489255,-4.82118887272005,-1.4500042668327384,8.574055090142851,7.119901019217165,0.639485069799397,0.6254474091671646,211,424,0.08480000000000001,0.41319999999999996,0.1036,0.0744,0,5,5,-3.7659536234489255,1.3402001353914894,5.106153758840415,-5.106153758840415,8002,8002,37,3,discounted_lints,corr,z72_a0p5_corr_pruned_top10,72
5,1.9477040253693185,1.0364200237628296,-4.704900494460718,11.988942210523156,9.10948402705609,6.55126024944547,0.9881235490957734,0.9975035794688353,419,842,83.8,0.08420000000000001,0.4636298768693683,0.3847,0.42669999999999997,0.1065,0.0693,5,5,3,True,True,3.276940579903409,1.163088212669905,-0.5745504415410108,10.432112830960062,4.637806818219881,3.684175885193612,1.0484927011360343,1.2520170445213972,198,397,0.0794,0.44399999999999995,0.11179999999999998,0.060399999999999995,4,5,5,-1.3567060627851024,-0.12521186447056465,-4.856789313937837,1.4097614721418683,9.10948402705609,6.114891117046444,0.9405394597884603,0.8186524462647127,221,445,0.089,0.40939999999999993,0.1012,0.0782,2,5,5,-0.12521186447056465,1.163088212669905,1.2883000771404696,-1.2883000771404696,8003,8003,37,3,discounted_lints,corr,z72_a0p5_corr_pruned_top10,72
5,1.1121316973926243,-2.1609292805415126,-3.034264648685703,7.013078194282674,7.896174947152101,6.616817561840106,0.7939874344690804,0.9449418200625199,414,831,82.8,0.0831,0.4583655997313286,0.37639999999999996,0.41859999999999997,0.10429999999999999,0.0687,5,5,2,True,True,3.029355185808227,1.2756820289381743,-0.20697876178051855,8.79751100313133,5.199129605244868,3.8115973459485337,1.2065767367869786,1.2155362431718597,185,371,0.07420000000000002,0.445,0.11079999999999998,0.0524,4,5,5,-1.8822521617928565,-1.9278441279823033,-3.5486159788782556,1.225891072877805,7.896174947152101,6.141272439983012,0.7309418585296001,0.7746687225013295,229,460,0.092,0.3922,0.0978,0.08499999999999999,1,5,5,-1.9278441279823033,1.2756820289381743,3.2035261569204776,-3.2035261569204776,8004,8004,37,3,discounted_lints,corr,z72_a0p5_corr_pruned_top10,72
5,-0.5290075034139253,-2.514615558189315,-6.221132998325929,12.142232899760197,11.727823755435306,7.804509324097258,0.7847928816291809,0.8807236884921231,424,852,84.8,0.08520000000000001,0.46194464356829945,0.37539999999999996,0.42119999999999996,0.1076,0.0708,5,5,1,True,True,2.3704991532350332,-0.2840006302330167,-1.179545365335044,11.916736916320204,5.445452296099196,4.336381650339825,0.8855832421942258,1.1367042272958736,207,415,0.08299999999999999,0.4516,0.11420000000000001,0.065,2,5,5,-2.884067765378069,-2.236967930978384,-5.998860080943958,0.20148548791998344,10.010705240416629,7.044558373914095,0.777611703703121,0.7405491457352087,217,437,0.08739999999999999,0.39080000000000004,0.101,0.0766,1,5,5,-2.236967930978384,-0.2840006302330167,1.9529673007453674,-1.9529673007453674,8005,8005,37,3,discounted_lints,corr,z72_a0p5_corr_pruned_top10,72
5,0.08298560201830156,-2.5969052733791242,-7.075475236228845,13.939528020219116,10.914453550291448,7.357671770625629,0.7651870242363884,0.8950796237397954,420,843,84.0,0.08430000000000001,0.4598138602520046,0.38499999999999995,0.42879999999999996,0.10469999999999999,0.07189999999999999,5,5,1,True,True,2.1275500003280023,-0.7781852706765902,-2.039394647163828,11.389762355276467,5.027575386905192,3.973371639166918,0.8454552469029588,1.0684465177499565,203,407,0.0814,0.45020000000000004,0.11320000000000001,0.06739999999999999,2,5,5,-2.092057547334183,-1.8109764541977214,-6.346678885818835,2.2890484825797586,10.087430296812839,6.261226028690844,0.775162096590227,0.7920439122205896,217,436,0.08720000000000001,0.4074,0.0962,0.0764,1,5,5,-1.8109764541977214,-0.7781852706765902,1.0327911835211312,-1.0327911835211312,8006,8006,37,3,discounted_lints,corr,z72_a0p5_corr_pruned_top10,72
5,1.1400997011140077,-0.9001944620021574,-3.776303702036987,12.880649397248,9.698098814060296,6.269197025535379,0.9091344000743157,0.9771437371926117,404,811,80.8,0.0811,0.487970297029703,0.39119999999999994,0.4241,0.10430000000000002,0.0674,5,5,1,True,True,2.36720431659998,1.0692043840033083,-1.477718260674843,11.498554645092018,4.809669186894494,3.581735234178942,1.1200072116562858,1.206558689484417,191,383,0.0766,0.45640000000000003,0.1126,0.055999999999999994,3,5,5,-1.2431140718537437,-1.739458901217239,-2.781573955935557,1.2395629311566347,7.867393109797605,5.629857814604346,0.758533676669144,0.8205651860563222,213,428,0.08560000000000001,0.39180000000000004,0.096,0.07880000000000001,1,5,5,-1.739458901217239,1.0692043840033083,2.8086632852205473,-2.8086632852205473,8007,8007,37,3,discounted_lints,corr,z72_a0p5_corr_pruned_top10,72
5,-0.0720125770542012,-2.2869217234515737,-4.442945233843087,11.78739798893822,10.47580062399518,7.352473906471397,0.8375743118287315,0.8989265482024894,419,841,83.8,0.0841,0.4359712176482363,0.37489999999999996,0.4157,0.10500000000000001,0.06899999999999999,5,5,1,True,True,2.669198621921678,0.35248588893939115,-1.4832283014962422,12.39439065240533,5.386754519939374,4.228128381761107,1.006470950513008,1.1780247027186135,200,401,0.0802,0.4412,0.11420000000000001,0.05840000000000001,4,5,5,-2.7111029775880064,-3.00427722236436,-4.233185508139559,-0.5400560116423425,8.12158164474457,6.604259217307003,0.7057308491699724,0.7288770144999129,219,440,0.088,0.3902,0.0958,0.0796,0,5,5,-3.00427722236436,0.35248588893939115,3.356763111303751,-3.356763111303751,8008,8008,37,3,discounted_lints,corr,z72_a0p5_corr_pruned_top10,72
5,1.6150939101382236,-0.9431261562040216,-4.498292061847653,12.552791047948997,9.705672673142217,6.2882073921118415,0.9205941036928003,0.9726701761607119,414,831,82.8,0.08310000000000001,0.4538467841679433,0.3746,0.41900000000000004,0.1117,0.0693,5,5,2,True,True,2.96261209495287,1.9366558757665464,-1.7279041697921937,12.30456922717642,4.043843488546939,3.705607633224955,1.194953271744144,1.2032338771764444,199,399,0.0798,0.4516,0.118,0.06060000000000001,3,5,5,-1.3338509173343027,-0.33890496794340974,-3.884743717189043,0.22102557578973503,8.128228038559149,5.476780926096877,0.9332402288827786,0.9037975628144214,215,432,0.08639999999999999,0.38639999999999997,0.10540000000000001,0.078,2,5,5,-0.33890496794340974,1.9366558757665464,2.275560843709956,-2.275560843709956,8009,8009,37,3,discounted_lints,corr,z72_a0p5_corr_pruned_top10,72
5,1.280833192831674,-1.3784395217443124,-1.5588750597040568,12.05798450835671,8.982928871295526,6.139684992977787,0.8596985684935047,0.9693728067519766,406,816,81.2,0.0816,0.4664619182178226,0.38120000000000004,0.4199,0.10469999999999999,0.0644,5,5,1,True,True,2.6398820823198887,-0.11635024249160297,-0.7428007606638753,11.468909083939893,4.704539374962424,3.7408154843356334,0.8694940515346248,1.181820136562775,190,381,0.0762,0.4474,0.10919999999999999,0.053200000000000004,2,5,5,-1.3402619703399976,-0.8221814692477958,-4.276222413060438,0.528466125001037,7.39023382936691,5.61871207408061,0.8629816888378712,0.8507538558320681,216,435,0.08700000000000001,0.39239999999999997,0.1002,0.0756,1,5,5,-0.8221814692477958,-0.11635024249160297,0.7058312267561928,-0.7058312267561928,8010,8010,37,3,discounted_lints,corr,z72_a0p5_corr_pruned_top10,72
5,-0.09367346550807731,-1.1892762489001285,-7.502225008778085,14.24901151132425,9.882560719329714,7.354161959888271,0.8771504560438544,0.869335812791685,420,844,84.0,0.0844,0.4424650715036119,0.39069999999999994,0.4343,0.0982,0.0692,5,5,1,True,True,3.113671390252566,0.6580512349111833,-0.5527791549998939,13.932762967167456,4.766328373077011,3.7942769344775114,0.9583509703895,1.1784491411703637,192,385,0.077,0.4626,0.1082,0.0538,3,5,5,-3.2046535488821917,-2.9024433171349173,-7.285221238943496,0.27757471680724954,9.882560719329714,6.781078397797016,0.782933108604426,0.6945502713837762,228,459,0.09179999999999999,0.40599999999999997,0.08819999999999999,0.0846,1,5,5,-2.9024433171349173,0.6580512349111833,3.5604945520461007,-3.5604945520461007,8011,8011,37,3,discounted_lints,corr,z72_a0p5_corr_pruned_top10,72
5,-0.5255412800312698,-3.398527274876273,-3.518048899040205,9.893334220496275,9.543495018684755,7.035290569415338,0.8183789132928213,0.8621988476797497,436,876,87.2,0.08760000000000001,0.4559623754524522,0.378,0.42140000000000005,0.1031,0.0733,5,5,1,True,True,1.560067120456201,-0.7054127845206315,-0.8275229909920689,9.283021313852347,5.829345420591247,4.3727080990002305,0.859865300052517,1.00502113880278,210,421,0.0842,0.44320000000000004,0.11180000000000001,0.0628,2,5,5,-2.093583817192266,-2.6097518549761944,-4.252278926589392,0.5584700160248701,8.421011414146529,6.109916054764628,0.7511247883319498,0.7565598374734017,226,455,0.091,0.39960000000000007,0.09440000000000001,0.0838,1,5,5,-2.6097518549761944,-0.7054127845206315,1.904339070455563,-1.904339070455563,8012,8012,37,3,discounted_lints,corr,z72_a0p5_corr_pruned_top10,72
5,2.0245425070803313,2.1172056412826823,-3.5321663046965712,11.19176314759709,8.24011692649882,6.246460636797306,1.0686837447096984,0.9832908936001857,412,827,82.4,0.08270000000000001,0.4458393987253596,0.3867,0.42600000000000005,0.1125,0.06639999999999999,5,5,3,True,True,2.59652585320421,1.914851113749716,-2.984779421944439,11.415970488835203,4.261208349774659,3.444614788921183,1.1548114938263776,1.15793214662724,194,389,0.0778,0.45439999999999997,0.12279999999999999,0.051000000000000004,4,5,5,-0.5670486300287991,-0.3208963751833993,-3.653102434443467,1.7242021990627299,7.100504619456293,5.244159693368156,0.9544422009532261,0.9680585977657413,218,438,0.08759999999999998,0.3976,0.1022,0.0818,1,5,5,-0.3208963751833993,1.914851113749716,2.2357474889331153,-2.2357474889331153,8013,8013,37,3,discounted_lints,corr,z72_a0p5_corr_pruned_top10,72
5,-0.2235215233958911,-1.9344104280280883,-4.123535035539061,7.945721396141092,10.557471230616166,6.8776279272915755,0.8708680742706861,0.8805339486015666,415,834,83.0,0.0834,0.45569173337875435,0.3883,0.42729999999999996,0.1066,0.0678,5,5,1,True,True,2.5888077120610005,0.09545584165577825,-0.9304295219113135,9.369302744685992,5.4173029806002475,3.8826636993208496,0.9165853823045965,1.1631448884320446,194,389,0.07780000000000001,0.4582,0.1096,0.054400000000000004,3,5,5,-2.7236930580847463,-1.9977929606585287,-6.4172462495290405,-0.01905952871580352,8.279172648602417,6.21402813148902,0.7152280016839322,0.7329888555463703,221,445,0.089,0.3964,0.1036,0.0812,0,5,5,-1.9977929606585287,0.09545584165577825,2.093248802314307,-2.093248802314307,8014,8014,37,3,discounted_lints,corr,z72_a0p5_corr_pruned_top10,72
5,1.7766890545028047,-0.3477431436980649,-2.549184293738893,11.719721207990297,9.45379008167575,6.820088145023635,0.9377522018806429,0.98743950722408,423,849,84.6,0.0849,0.4630094427215886,0.38570000000000004,0.43520000000000003,0.1044,0.0739,5,5,2,True,True,3.4050591287308634,2.4214808451131997,-0.28874177842084237,11.908964774029563,4.261208349774659,3.282589786133734,1.229341998953796,1.267751435675795,199,399,0.07980000000000001,0.4574,0.1092,0.06060000000000001,4,5,5,-1.6034513489919089,-2.1010786495896827,-2.775267502651091,-0.16910492061238402,7.437318513236846,6.087134416447728,0.7637360295295815,0.7912075247198731,224,450,0.09000000000000001,0.4130000000000001,0.0996,0.0872,0,5,5,-2.1010786495896827,2.4214808451131997,4.522559494702882,-4.522559494702882,8015,8015,37,3,discounted_lints,corr,z72_a0p5_corr_pruned_top10,72
5,1.8099362062512547,1.2187908924435664,-3.1377056143436555,10.81511380600324,9.649485104234179,7.195512989095836,0.9946260499260068,0.94868881738523,406,815,81.2,0.0815,0.4684228969577168,0.3915,0.4384,0.1056,0.0635,5,5,3,True,True,2.9429511284677834,0.12252059846500352,-0.6399401024947626,11.535679156222844,4.313100606635889,3.6959173393646765,0.9421585744711699,1.1812902616142285,196,393,0.0786,0.4638,0.1092,0.05159999999999999,3,5,5,-1.0973135797061364,-1.79542408326816,-2.483864608470099,1.921006175951523,8.39418921231082,6.486034557070852,0.7669122682574282,0.815296677576599,210,422,0.0844,0.413,0.10199999999999998,0.0754,1,5,5,-1.79542408326816,0.12252059846500352,1.9179446817331636,-1.9179446817331636,8016,8016,37,3,discounted_lints,corr,z72_a0p5_corr_pruned_top10,72
5,1.154391282985428,-2.538992182819233,-4.207742951765924,12.84947974720161,8.94315870918807,6.9338893746634,0.783356353092832,0.9068323374617975,413,830,82.6,0.083,0.42336264402668283,0.38509999999999994,0.4276,0.1028,0.06570000000000001,5,5,2,True,True,3.327440503316379,0.23445334415548302,-1.2229218377671214,13.293161673041265,4.741405868794757,4.024549680448057,0.9919802570785046,1.2088364845420247,188,377,0.0754,0.4558,0.1056,0.0518,3,5,5,-2.1521878317756737,-2.7669583007073117,-3.24173531752433,-0.39162286521765566,8.056378604387504,6.3095673101631755,0.7046515179708539,0.7254483570880412,225,453,0.09059999999999999,0.39940000000000003,0.1,0.0796,0,5,5,-2.7669583007073117,0.23445334415548302,3.0014116448627948,-3.0014116448627948,8017,8017,37,3,discounted_lints,corr,z72_a0p5_corr_pruned_top10,72
5,0.6976050918193956,-1.8569854870349456,-3.800717456752223,12.128755788311185,10.163340556315536,6.847515197922624,0.8152750126780808,0.9149654940786555,418,840,83.6,0.084,0.43345690813709287,0.3882,0.42489999999999994,0.1042,0.0691,5,5,1,True,True,2.813007585484779,0.6281958054106251,-0.8321879521907882,12.963287967833704,5.245357478633627,4.095154626925924,0.985975104960208,1.1566636973358198,192,385,0.077,0.454,0.11139999999999999,0.053000000000000005,4,5,5,-2.0769691938515233,-1.418783448282268,-5.025740576755499,-0.7387640662160577,7.552626605214741,6.089482423877131,0.834649057566128,0.8074853296207596,226,455,0.091,0.39580000000000004,0.097,0.0852,0,5,5,-1.418783448282268,0.6281958054106251,2.0469792536928932,-2.0469792536928932,8018,8018,37,3,discounted_lints,corr,z72_a0p5_corr_pruned_top10,72
5,2.3243749216684,-0.8858646693305605,-3.832637277285511,13.270210359346969,8.951502458344308,6.411737710485319,0.879598994199586,0.9926370541709918,410,823,82.0,0.0823,0.45695645305503907,0.3815,0.4250999999999999,0.10700000000000001,0.0636,5,5,2,True,True,3.052760783781094,-0.25574938041860173,-1.4496766312298015,13.02792771638963,4.228735342610246,3.6827206408687396,0.9167772318888942,1.2032613591016452,198,397,0.0794,0.4614000000000001,0.11040000000000001,0.05600000000000001,2,5,5,-0.7435323240116642,-0.5445124165956328,-3.5860592211063302,1.2145107707205005,8.36388649905907,5.674513736284659,0.9376489825681957,0.8913322361489913,212,426,0.08519999999999998,0.38880000000000003,0.10359999999999998,0.07120000000000001,2,5,5,-0.5445124165956328,-0.25574938041860173,0.28876303617703103,-0.28876303617703103,8019,8019,37,3,discounted_lints,corr,z72_a0p5_corr_pruned_top10,72
5,1.098004697226114,-0.6443425515874179,-5.430916867271629,10.857878743960448,9.071043192156248,6.757111743959669,0.9274238001673906,0.9586288500447842,398,799,79.6,0.0799,0.4551965009886012,0.39390000000000003,0.42300000000000004,0.09969999999999998,0.06760000000000001,5,5,2,True,True,3.1857707281686225,0.08718498226054638,-1.925818966352355,11.787795506072985,4.825999323727526,3.994151151049728,0.915856707580221,1.2804896918258604,180,361,0.0722,0.4612,0.1016,0.0488,4,5,5,-2.029846709555485,-1.2887839014351976,-3.8300899417464063,-0.6245755414606702,8.085804136849372,6.034833377383573,0.827533342299804,0.8073474542538837,218,438,0.0876,0.38480000000000003,0.09780000000000001,0.0864,0,5,5,-1.2887839014351976,0.08718498226054638,1.375968883695744,-1.375968883695744,8020,8020,37,3,discounted_lints,corr,z72_a0p5_corr_pruned_top10,72
5,-0.12421872445774085,-1.924173484197389,-4.4580458152437945,10.503331499367485,9.849160422580338,6.149125817477235,0.8298612786924586,0.8853091401061389,412,827,82.4,0.0827,0.4470072170224146,0.39,0.4311,0.1034,0.0659,5,5,1,True,True,1.9740554718564596,-0.4015252795956159,-1.0189362423327797,9.524259626997056,5.203476972295906,4.065708078918833,0.8974046748371399,1.1062402334724872,195,391,0.0782,0.4544,0.1122,0.054400000000000004,2,5,5,-2.0885548635894895,-1.3763859068535722,-6.361587235535049,0.893931514081725,7.552819601245142,5.583554125580908,0.8155652521568131,0.7452978263694113,217,436,0.08719999999999999,0.40780000000000005,0.09459999999999999,0.0774,1,5,5,-1.3763859068535722,-0.4015252795956159,0.9748606272579563,-0.9748606272579563,8021,8021,37,3,discounted_lints,corr,z72_a0p5_corr_pruned_top10,72
5,-0.031477532424122504,-3.1432022998057363,-4.5565338015335355,11.197618519945651,10.058339870398358,6.979405496676539,0.7525536126304851,0.8817094682681212,403,809,80.6,0.0809,0.4476915860125338,0.37989999999999996,0.42040000000000005,0.10640000000000001,0.0633,5,5,2,True,True,2.0703417057096174,0.9589940935636143,-1.15721595446584,8.78386731590135,5.292325443485746,3.901865110911815,1.0116036402517794,1.0741459708822636,187,375,0.07499999999999998,0.44939999999999997,0.11499999999999999,0.0506,4,5,5,-2.1163494268363907,-1.9786308273806341,-5.639005503462336,2.2188503347053468,8.083782200316126,6.045735910461825,0.7502354498702462,0.7786788435001808,216,434,0.08679999999999999,0.3914,0.0978,0.07600000000000001,2,5,5,-1.9786308273806341,0.9589940935636143,2.9376249209442484,-2.9376249209442484,8022,8022,37,3,discounted_lints,corr,z72_a0p5_corr_pruned_top10,72
5,1.2532673962412333,0.06874509046224109,-5.279729349163976,11.989320707035,9.851084264997489,6.885385380977458,0.9348000632519603,0.9382436291534312,422,847,84.4,0.0847,0.4480388646991356,0.3856,0.4305,0.10129999999999999,0.0678,5,5,3,True,True,3.944949000275939,2.7089207139905813,-1.337329413780386,12.28851042275927,4.160760010050857,3.4727275393441692,1.3211181047081915,1.3810532477902726,192,385,0.077,0.46159999999999995,0.10939999999999998,0.0502,4,5,5,-2.6241945475766904,-2.5705416872993325,-6.085813546167085,-0.2664473102348741,9.69480959156156,6.454850865821847,0.7664408907215053,0.7673376737571891,230,462,0.0924,0.3994,0.09319999999999999,0.0854,0,5,5,-2.5705416872993325,2.7089207139905813,5.279462401289914,-5.279462401289914,8023,8023,37,3,discounted_lints,corr,z72_a0p5_corr_pruned_top10,72
5,0.10002712749662912,-2.0042401746302008,-4.2855047972763405,11.869444653414618,9.153772290236894,6.914100628249178,0.8492846230841583,0.8718550215024676,420,843,84.0,0.08430000000000001,0.44904161399620196,0.3832,0.4266,0.10859999999999999,0.0738,5,5,1,True,True,1.967686952585106,-0.7709345283651747,-1.4693129320499154,11.371801056791986,5.790008568512395,4.289827492697489,0.8324477209612293,1.0347760546351072,203,407,0.0814,0.44279999999999997,0.11739999999999999,0.063,2,5,5,-1.873535083726463,-2.0364505687039958,-3.60953120619949,0.44683087810430955,8.315404973599405,6.051939559490227,0.7046565992171777,0.7637725467318732,217,436,0.08719999999999999,0.4104,0.0998,0.08460000000000001,1,5,5,-2.0364505687039958,-0.7709345283651747,1.265516040338821,-1.265516040338821,8024,8024,37,3,discounted_lints,corr,z72_a0p5_corr_pruned_top10,72
5,1.1427814457468783,-0.5261260574458526,-7.976747763627346,13.824207653300679,9.824875846708025,5.998281392985286,0.9558121906505271,0.9654157277590155,529,1063,105.8,0.10629999999999999,0.4247436859297064,0.42869999999999997,0.4889,0.0916,0.07919999999999999,5,5,2,True,True,4.674946909534524,1.9047224466575363,-2.6640424471906843,16.61950427935823,4.566179897075495,3.6994083596651945,1.2893534183236066,1.3887878183120654,249,500,0.1,0.5142,0.1016,0.0654,3,5,5,-3.433004138120932,-2.3854130071114366,-7.942828090916243,-0.6456419141159353,8.337546986722554,5.24552570788317,0.6283705012988972,0.6703732678202639,280,563,0.11259999999999999,0.4636,0.0816,0.093,0,5,5,-2.3854130071114366,1.9047224466575363,4.290135453768973,-4.290135453768973,8000,8000,38,1,discounted_lints,hybrid,z24_a0p5_hybrid_corr5_stablehie5_top10,24
5,2.52908194337921,0.6152775121578413,-6.163310257721289,20.288494113035306,9.62212925115955,6.5925527773835455,0.9601205761827273,1.1467247374108862,544,1092,108.8,0.1092,0.4469058105186193,0.4314,0.4848,0.09269999999999999,0.0827,5,5,3,True,True,5.520006961056243,1.2687625590218632,0.2858507420140377,17.783822292857042,5.001579909912057,3.652123277721273,1.144677424086223,1.5780232750013559,248,499,0.0998,0.5031999999999999,0.10400000000000001,0.06100000000000001,5,5,5,-2.929255428711786,-3.154459222744055,-6.951537629571969,2.1659052323546923,9.514745384166435,6.081195863502569,0.6998434730755141,0.8325125092302338,296,593,0.1186,0.4664,0.0814,0.1044,1,5,5,-3.154459222744055,1.2687625590218632,4.423221781765918,-4.423221781765918,8001,8001,38,1,discounted_lints,hybrid,z24_a0p5_hybrid_corr5_stablehie5_top10,24
5,2.5108981660206546,-1.626188701997422,-6.2435951009940815,17.61660131077212,10.553539365099384,5.871053001333621,0.8577565720249074,1.049409793558565,532,1069,106.4,0.1069,0.4412396623039566,0.44939999999999997,0.49670000000000003,0.0933,0.07339999999999999,5,5,2,True,True,5.580561545253273,1.4435557935230214,0.30958098995299554,19.5490019194732,4.692932379130865,3.822853318541162,1.067801765805863,1.4408318271412768,250,503,0.1006,0.519,0.101,0.0578,5,5,5,-2.9566739539905407,-2.188162704823504,-7.577761676812111,0.7255296859323357,10.1856006741194,5.589579763750988,0.7559819392473317,0.8190338095348195,282,566,0.1132,0.4744,0.0856,0.089,1,5,5,-2.188162704823504,1.4435557935230214,3.6317184983465256,-3.6317184983465256,8002,8002,38,1,discounted_lints,hybrid,z24_a0p5_hybrid_corr5_stablehie5_top10,24
5,0.4229379961835349,3.570944005996246,-8.799888596182104,10.775483882251514,10.234748119106495,7.035679606537073,1.0807867281989476,0.9974561696554396,537,1079,107.4,0.1079,0.43529910805078587,0.44210000000000005,0.5035000000000001,0.09559999999999999,0.086,5,5,3,True,True,3.8697324274160634,2.563369564501339,-2.024581805280712,14.641565582026228,6.60592301955819,4.335137313534839,1.2935267738590395,1.3542372759576835,259,521,0.1042,0.5234,0.10640000000000001,0.07559999999999999,3,5,5,-3.354917013648535,-3.3353143953869457,-7.1505510811508355,1.0131405877708888,7.942108717426644,5.723650525304896,0.6505436062185002,0.7652080692022004,278,558,0.1116,0.48360000000000003,0.0848,0.0964,1,5,5,-3.3353143953869457,2.563369564501339,5.8986839598882845,-5.8986839598882845,8003,8003,38,1,discounted_lints,hybrid,z24_a0p5_hybrid_corr5_stablehie5_top10,24
5,0.2287377447419427,2.039983224953379,-8.479552450875804,12.282915212167623,12.089313291845837,7.495902932968344,1.0114823850122199,1.0096000188625411,535,1075,107.0,0.1075,0.45076906042361287,0.4346,0.49429999999999996,0.09459999999999999,0.07930000000000001,5,5,3,True,True,4.497502068807268,1.7208552755586748,-2.7451450104094,13.940383996513383,6.021213093850686,3.6009655211376197,1.1839506838812925,1.4612017465634188,241,485,0.097,0.5274,0.09680000000000001,0.06040000000000001,4,5,5,-4.1192976793979845,-5.524015404438288,-8.64426779954246,0.811471610949055,11.45957180965299,6.432364549612414,0.6642536944733485,0.750387099911866,294,590,0.118,0.4612,0.0924,0.0982,1,5,5,-5.524015404438288,1.7208552755586748,7.244870679996962,-7.244870679996962,8004,8004,38,1,discounted_lints,hybrid,z24_a0p5_hybrid_corr5_stablehie5_top10,24
5,5.2844811753798195,4.911034378017098,-8.051545067198296,18.142764302954628,9.820784177310948,5.602809611183387,1.4135551041578165,1.285963196031926,522,1049,104.4,0.1049,0.48198077835811015,0.4351,0.485,0.0946,0.0741,5,5,3,True,True,6.327188184508654,4.0197296087845835,-1.7968078505482765,18.29038170898658,3.8139324083651727,2.729818451599899,1.7686643847973165,1.7502137358237166,240,483,0.09659999999999999,0.505,0.1036,0.052599999999999994,3,5,5,-1.0724448846648849,-0.08625485822008061,-6.369179127223457,1.4960580954468616,7.625103849700576,5.033651622614568,0.9458563002464629,0.9626189336321934,282,566,0.1132,0.465,0.0856,0.09559999999999999,2,5,5,-0.08625485822008061,4.0197296087845835,4.105984467004664,-4.105984467004664,8005,8005,38,1,discounted_lints,hybrid,z24_a0p5_hybrid_corr5_stablehie5_top10,24
5,2.3120608555647926,-2.1352772936846565,-5.155385320458539,11.670417008486545,7.151987235210189,6.246922909529859,0.8266290174353663,1.0051143633772788,528,1060,105.6,0.10600000000000001,0.4307977429539004,0.4438,0.48819999999999997,0.09609999999999999,0.07769999999999999,5,5,2,True,True,5.560060368605697,2.031742299752848,-1.0706079347541086,15.279960392209846,6.6827096391908425,4.26208984903957,1.1560903416878618,1.6045405012659977,242,487,0.09740000000000001,0.5144,0.1068,0.061,4,5,5,-3.091809631174997,-3.2282108030290857,-4.128982601055952,-0.9974442790398275,6.9659609693622055,5.563849685920564,0.636035176788885,0.671188854211698,286,573,0.1146,0.4619999999999999,0.0854,0.09440000000000001,0,5,5,-3.2282108030290857,2.031742299752848,5.2599531027819335,-5.2599531027819335,8006,8006,38,1,discounted_lints,hybrid,z24_a0p5_hybrid_corr5_stablehie5_top10,24
5,3.8011317143638195,2.2145648083392144,-7.3511997177906245,15.406023939782543,9.75483581893528,5.541663703814921,1.1660065130417747,1.1430320970608934,541,1086,108.2,0.10859999999999999,0.4455338563688495,0.42269999999999996,0.4768,0.09759999999999999,0.0789,5,5,3,True,True,5.515915292258617,1.5975546676104013,-0.5757737350378545,15.925027711200435,4.414551685272972,3.4642475744247347,1.1966022054434486,1.63354766566321,252,506,0.1012,0.5138,0.1028,0.05800000000000001,3,5,5,-1.6817704550650192,-0.409579627163581,-6.814663022568057,0.6073080624306559,8.895542069671315,4.925228608054257,0.8483322653385814,0.8529164418517189,289,580,0.11599999999999999,0.43979999999999997,0.09240000000000001,0.09980000000000001,1,5,5,-0.409579627163581,1.5975546676104013,2.0071342947739823,-2.0071342947739823,8007,8007,38,1,discounted_lints,hybrid,z24_a0p5_hybrid_corr5_stablehie5_top10,24
5,3.7425973123525536,0.9116331949849954,-5.7452960132555075,18.26299088044463,8.490086012860154,5.523589296575606,1.1000407191538706,1.19854808925809,549,1103,109.8,0.1103,0.47458355304568267,0.4242,0.4831,0.09119999999999999,0.0803,5,5,3,True,True,5.03714037748787,2.395167832246692,-2.274995677474212,14.917026661145849,4.255775443372512,3.7018966635490225,1.368737697140348,1.6652300318994882,260,523,0.1046,0.5148,0.0998,0.06599999999999999,3,5,5,-1.323551985217295,-1.4188454877970602,-5.191220212947389,2.950973482478725,6.338574193227742,4.572505426559054,0.8481724643696835,0.8953800278515059,289,580,0.11599999999999999,0.4513999999999999,0.08259999999999999,0.09459999999999999,1,5,5,-1.4188454877970602,2.395167832246692,3.814013320043752,-3.814013320043752,8008,8008,38,1,discounted_lints,hybrid,z24_a0p5_hybrid_corr5_stablehie5_top10,24
5,2.4240724025793625,-0.3956841780952236,-5.9823289039497185,15.811082619533856,7.8050381406456815,5.901896626906155,0.9579567608423719,1.076560872816276,540,1085,108.0,0.1085,0.4550171227710226,0.43550000000000005,0.4907,0.09,0.08220000000000001,5,5,2,True,True,4.0992235600090385,-0.22664377780422518,-1.3818883023845818,15.820873381231571,4.250733040813747,3.819754418932517,0.9262257131968189,1.3859621321687776,261,525,0.10500000000000001,0.5096,0.0952,0.07359999999999998,2,5,5,-1.653564857245631,-0.5379516416198937,-4.591316612233143,0.029841636282412765,7.451775974253893,5.291381911851846,0.9520326588837379,0.8827768412558944,279,560,0.11200000000000002,0.4718,0.0848,0.09079999999999999,2,5,5,-0.5379516416198937,-0.22664377780422518,0.31130786381566855,-0.31130786381566855,8009,8009,38,1,discounted_lints,hybrid,z24_a0p5_hybrid_corr5_stablehie5_top10,24
5,1.972513896568866,2.477786293258477,-4.449210754707078,9.329323319151484,6.61616872770413,5.3856087149389165,1.0548044292933194,1.0308262639224781,532,1068,106.4,0.1068,0.44454819597215584,0.43100000000000005,0.48790000000000006,0.0972,0.08109999999999999,5,5,3,True,True,3.6290777088247834,2.5485300668744992,-1.2327713765736825,10.986059231632916,5.683617095353366,4.062585363546942,1.2276678748719887,1.244007468198837,252,507,0.1014,0.5144,0.1036,0.0698,4,5,5,-1.5668652388445214,-2.10710643622537,-3.1822048938740632,2.0019719776924516,6.61616872770413,4.763136899433794,0.8118503529292025,0.9279437541758291,280,561,0.1122,0.4614,0.0908,0.0924,1,5,5,-2.10710643622537,2.5485300668744992,4.655636503099869,-4.655636503099869,8010,8010,38,1,discounted_lints,hybrid,z24_a0p5_hybrid_corr5_stablehie5_top10,24
5,2.261468651972227,-0.29056020372777436,-3.5257290383422624,9.444243876359737,8.525714752847557,5.929807487511632,0.9692092652983645,1.0531841280138514,534,1073,106.8,0.10729999999999999,0.44537464883073374,0.44299999999999995,0.4976,0.0965,0.0843,5,5,2,True,True,4.792178781373893,1.4804379774943532,0.599353249500223,11.903786123965299,4.978902179578171,3.76554372602264,1.0896539098424798,1.549344532613057,248,499,0.0998,0.5158,0.10819999999999999,0.06939999999999999,5,5,5,-2.4259055179634403,-2.160847692808965,-4.872074318443409,-0.13442502335576645,8.525714752847557,5.3481544688403915,0.6701952424377569,0.7643677321466059,286,574,0.11479999999999999,0.47940000000000005,0.08479999999999999,0.0992,0,5,5,-2.160847692808965,1.4804379774943532,3.641285670303318,-3.641285670303318,8011,8011,38,1,discounted_lints,hybrid,z24_a0p5_hybrid_corr5_stablehie5_top10,24
5,0.25103264907953005,0.18955001183160736,-6.224675200332452,11.215619184449043,7.715081401060386,6.213050530880366,0.9928958757164744,0.98962860206182,570,1144,114.0,0.11440000000000002,0.4414633310764888,0.43010000000000004,0.48740000000000006,0.08990000000000001,0.091,5,5,3,True,True,3.731864522794408,1.0619680348084692,-0.530540988439554,14.1932643755325,6.7948531562036845,3.979837194943923,1.0689638711450968,1.5267548953072283,271,545,0.10899999999999999,0.5166000000000001,0.09659999999999999,0.0808,4,5,5,-3.3607446194700747,-2.570643820655183,-6.2012245136282225,-0.7233038578161155,7.715081401060386,5.259211054245972,0.6507396015847149,0.7267619745525981,299,599,0.11979999999999999,0.4582,0.0832,0.1012,0,5,5,-2.570643820655183,1.0619680348084692,3.632611855463652,-3.632611855463652,8012,8012,38,1,discounted_lints,hybrid,z24_a0p5_hybrid_corr5_stablehie5_top10,24
5,3.221272591447108,1.0071041825416183,-8.414046639713558,22.072497215995888,11.671631513663428,6.487826856111806,1.0268596186169068,1.1875251456711875,520,1044,104.0,0.1044,0.44549133818550146,0.4383,0.48599999999999993,0.0959,0.0758,5,5,4,True,True,5.088408623654567,1.8087872424587426,-1.6479733783105632,17.915573011866016,4.847752335705824,3.366476378141403,1.2560552725750276,1.6613878336806405,240,483,0.09659999999999999,0.5207999999999999,0.1026,0.05740000000000001,4,5,5,-1.9021601124530392,-0.7572515222991738,-6.879444678276592,3.5649878245676225,8.99517783804984,5.664186310644519,0.968725924497378,0.9150489713797608,280,561,0.1122,0.45120000000000005,0.08919999999999999,0.09419999999999999,2,5,5,-0.7572515222991738,1.8087872424587426,2.5660387647579164,-2.5660387647579164,8013,8013,38,1,discounted_lints,hybrid,z24_a0p5_hybrid_corr5_stablehie5_top10,24
5,2.8010402945570467,1.4018330708339022,-8.260180865014345,15.459866703374692,11.069867811658963,6.254133265767153,1.1142757486266441,1.0774894104936492,575,1155,115.0,0.1155,0.41344520030234316,0.4234,0.4868,0.1002,0.0876,5,5,3,True,True,5.06394563828557,2.2392698872662598,0.17528165445808153,15.68017613600654,6.411836270871129,3.7790511447134234,1.2587639709220666,1.4608695844680075,272,547,0.10939999999999998,0.5112,0.10819999999999999,0.0742,5,5,5,-2.2154749605649293,-0.7889162749506129,-8.420702572686023,-0.15229418371840442,11.069867811658963,5.625320224581161,0.8939264179129308,0.8316020843126676,303,608,0.1216,0.4624,0.09219999999999999,0.101,0,5,5,-0.7889162749506129,2.2392698872662598,3.0281861622168726,-3.0281861622168726,8014,8014,38,1,discounted_lints,hybrid,z24_a0p5_hybrid_corr5_stablehie5_top10,24
5,1.4142831860270297,2.3568458870680375,-6.991219386356984,9.985094847076791,11.928570504593484,6.206464272739572,1.1179283928532056,1.0389356669788774,556,1117,111.2,0.1117,0.44941679793735306,0.4492,0.5041,0.09469999999999999,0.08159999999999999,5,5,3,True,True,3.9871267244763553,2.726614384777548,-1.0077397289536605,11.953750069889502,4.378715209204309,3.5037992831109066,1.393310082861731,1.371392838412585,255,513,0.1026,0.5296,0.1022,0.0638,3,5,5,-2.483596126344314,-2.0359665336324717,-6.044391390822101,-0.32942045620031335,9.320676739320188,5.337690518226466,0.7303357720652555,0.799662347557103,301,604,0.12079999999999999,0.47859999999999997,0.08719999999999999,0.0994,0,5,5,-2.0359665336324717,2.726614384777548,4.76258091841002,-4.76258091841002,8015,8015,38,1,discounted_lints,hybrid,z24_a0p5_hybrid_corr5_stablehie5_top10,24
5,0.7901600713336588,1.6541041594485328,-12.196819275395887,11.89162643240953,13.181658466222313,6.776070880678693,1.1404771392986002,1.018780913326525,554,1112,110.8,0.11120000000000001,0.4486321445276669,0.42219999999999996,0.47800000000000004,0.0978,0.0852,5,5,3,True,True,4.074486674818427,2.0798199282012764,-3.6290937411406765,13.603080813855684,6.158178510757661,3.8399083117974264,1.2236743050993852,1.4359949986397975,270,543,0.1086,0.5042,0.10299999999999998,0.07479999999999999,3,5,5,-3.251986578233965,-1.779039535744753,-8.890365222094799,-0.3865371860104938,9.144520252603893,5.717994629620027,0.7288809725264748,0.7376738046422534,284,569,0.11379999999999998,0.4518000000000001,0.09259999999999999,0.09559999999999999,0,5,5,-1.779039535744753,2.0798199282012764,3.8588594639460294,-3.8588594639460294,8016,8016,38,1,discounted_lints,hybrid,z24_a0p5_hybrid_corr5_stablehie5_top10,24
5,1.3200702459905966,0.8923061801735077,-6.266364341762209,13.436611071752091,8.581389882556923,6.208519674571365,1.0503451753293087,1.0245020788686108,522,1048,104.4,0.1048,0.4211260135863135,0.43929999999999997,0.4925,0.0968,0.0758,5,5,3,True,True,4.082393886650641,1.5153226286385824,-3.7706526755448833,13.96579140622871,6.275270420194767,4.029419331831916,1.1761178679402178,1.3899980102355396,241,485,0.097,0.5274,0.0988,0.06060000000000001,3,5,5,-2.6398716458511196,-1.1615994633099813,-5.9034291092612605,-0.426615415005116,7.097405835922421,5.087339399223745,0.8518978432098316,0.8027682413955356,281,563,0.11259999999999999,0.45760000000000006,0.09480000000000001,0.091,0,5,5,-1.1615994633099813,1.5153226286385824,2.6769220919485637,-2.6769220919485637,8017,8017,38,1,discounted_lints,hybrid,z24_a0p5_hybrid_corr5_stablehie5_top10,24
5,2.684365316850479,1.066810679666852,-3.374420289972835,14.602383878666615,7.331319404464908,5.631679163575587,1.0442934303174642,1.0784348835345892,545,1095,109.0,0.1095,0.45146153686087026,0.4303,0.4936999999999999,0.09269999999999999,0.0861,5,5,3,True,True,4.476199782172963,1.182637230132344,-1.8908339743264224,17.444240486622142,6.166427058129931,4.183091587828865,1.1183563154564342,1.577702980558969,255,513,0.10260000000000002,0.5306,0.097,0.0678,4,5,5,-1.6569273462796772,-1.7411054385634506,-3.9265502635586147,-0.08393388277895264,7.015936436746594,4.860508111174964,0.8662398398746717,0.8583856781212275,290,582,0.11639999999999999,0.45680000000000004,0.0884,0.1044,0,5,5,-1.7411054385634506,1.182637230132344,2.9237426686957946,-2.9237426686957946,8018,8018,38,1,discounted_lints,hybrid,z24_a0p5_hybrid_corr5_stablehie5_top10,24
5,3.386878602263599,1.5766376109877633,-4.895292762347547,14.643448877157406,7.782688418826056,5.665564091442534,1.2029761200661646,1.150290544187254,530,1065,106.0,0.1065,0.45339746314945345,0.42560000000000003,0.4822,0.0992,0.0844,5,5,3,True,True,5.184659980588809,3.5440335121514455,-2.296245190014279,14.422866759877518,5.703297282154374,3.8465125896292363,1.4168832731849563,1.5476930665729882,253,509,0.1018,0.4968,0.1028,0.07239999999999999,4,5,5,-1.735404550253834,-1.003119818915943,-4.373596346014397,0.23074419831574655,6.623473015525527,5.056130147157367,0.9245459038599939,0.8404001079547647,277,556,0.11120000000000001,0.4676,0.0956,0.0964,1,5,5,-1.003119818915943,3.5440335121514455,4.547153331067388,-4.547153331067388,8019,8019,38,1,discounted_lints,hybrid,z24_a0p5_hybrid_corr5_stablehie5_top10,24
5,2.4308809932326247,0.5287754267190081,-8.73626155888153,13.885269764275376,11.51452169599263,6.372657041886147,1.0169691803042087,1.0454372859326522,542,1088,108.4,0.10880000000000001,0.43470509925060397,0.44370000000000004,0.4943000000000001,0.0937,0.07930000000000001,5,5,3,True,True,3.614579375925571,0.12576120338503305,-0.8334024893080327,13.195838075720978,7.539219876948266,4.330519698116255,0.9215092279813718,1.1779279249625487,257,517,0.1034,0.5108,0.1032,0.06300000000000001,3,5,5,-1.2034486590853866,0.6475924857952453,-8.652370106319108,3.006167985359509,10.52944535494823,5.235650470373716,1.0344916852448904,0.9460293021649058,285,571,0.1142,0.47780000000000006,0.0842,0.0956,3,5,5,0.12576120338503305,0.6475924857952453,0.5218312824102123,0.5218312824102123,8020,8020,38,1,discounted_lints,hybrid,z24_a0p5_hybrid_corr5_stablehie5_top10,24
5,2.5537053536241543,-0.44897084874235826,-6.138828842092147,17.48574311597657,8.182729377387899,6.246413356237643,0.9620523727738777,1.1046222618843837,545,1095,109.0,0.1095,0.43308905798519576,0.4298,0.48019999999999996,0.0965,0.0831,5,5,2,True,True,5.050978447727192,0.07392168392288401,-0.5989432282133889,17.66394651265624,4.244532374954179,3.7533209433149928,0.9236643222726542,1.5801738968171741,247,497,0.09939999999999999,0.4992,0.1006,0.062,3,5,5,-2.43665460490418,-2.106612538381669,-5.500666744799309,-0.11328341781924323,7.303248931215345,5.235100547975198,0.8658451277556842,0.8175386257398234,298,598,0.11960000000000001,0.4612,0.0924,0.1042,0,5,5,-2.106612538381669,0.07392168392288401,2.180534222304553,-2.180534222304553,8021,8021,38,1,discounted_lints,hybrid,z24_a0p5_hybrid_corr5_stablehie5_top10,24
5,1.4476544711359152,1.2027121714417,-5.416508417285282,14.604282563976634,9.65200292645405,6.37558458239742,0.9799258861323831,1.0495070440360934,573,1150,114.6,0.11500000000000002,0.4447398905832493,0.4229,0.4866,0.10230000000000002,0.09319999999999999,5,5,3,True,True,4.568649048262195,2.3792114787469787,-1.2007937553298542,14.408484330211424,4.380155527050878,3.6232187763648627,1.2948612843099656,1.413020044806256,276,555,0.11099999999999999,0.5105999999999999,0.11699999999999999,0.07919999999999999,4,5,5,-3.0341551127106547,-3.7563093207380494,-6.9819588888951785,0.21070297526739612,9.65200292645405,5.920084527905771,0.7381484369313627,0.784579063534977,297,595,0.11899999999999997,0.46259999999999996,0.0876,0.1072,1,5,5,-3.7563093207380494,2.3792114787469787,6.135520799485028,-6.135520799485028,8022,8022,38,1,discounted_lints,hybrid,z24_a0p5_hybrid_corr5_stablehie5_top10,24
5,2.857501989740463,2.498871693827276,-11.263138669969408,23.14398480482991,14.36423788871899,7.930290693770514,1.039100181040849,1.0775390977307044,525,1055,105.0,0.1055,0.44842983678046683,0.43760000000000004,0.49660000000000004,0.0938,0.08059999999999999,5,5,3,True,True,6.696885770903426,2.030317086244504,-1.0526897169672478,23.542629088016454,8.251482381514075,4.562961885568366,1.2452110642972016,1.516652941939163,244,491,0.0982,0.5344,0.10300000000000001,0.0608,3,5,5,-3.6971853083338835,-2.4441838762688683,-10.87235238746571,1.4255254127574446,12.114803462423229,6.461842020297297,0.7012178076752861,0.8017464294920054,281,564,0.11279999999999998,0.4588,0.0846,0.1004,1,5,5,-2.4441838762688683,2.030317086244504,4.474500962513373,-4.474500962513373,8023,8023,38,1,discounted_lints,hybrid,z24_a0p5_hybrid_corr5_stablehie5_top10,24
5,4.945655598098906,2.225917098187491,-4.7437341929479455,25.380710961446628,8.153756113293053,6.150139832237609,1.0239278868153199,1.2022176444462462,538,1081,107.6,0.1081,0.44989073832365784,0.43879999999999997,0.4913,0.09609999999999999,0.07999999999999999,5,5,3,True,True,6.854063999682158,2.453128481883282,0.2764863543949003,24.80020464143888,8.025937089222667,4.404751157947004,1.374335909727777,1.6867382617992313,262,527,0.10540000000000001,0.5067999999999999,0.10300000000000001,0.0748,5,5,5,-1.8557971243663673,-1.5817565437448833,-5.006378593681971,0.5036249150713878,7.24301291692856,5.028685353280229,0.7727880932253186,0.8973548154249649,276,554,0.11080000000000001,0.4757999999999999,0.0892,0.08520000000000001,2,5,5,-1.5817565437448833,2.453128481883282,4.034885025628165,-4.034885025628165,8024,8024,38,1,discounted_lints,hybrid,z24_a0p5_hybrid_corr5_stablehie5_top10,24
5,2.197061081879883,3.1820675937316967,-12.277808754727548,14.518551138799229,13.442627096168025,5.942197123715222,1.2311368445036779,1.1667317246501783,494,993,98.8,0.09929999999999999,0.45534974073514445,0.39849999999999997,0.45039999999999997,0.0878,0.0779,5,5,3,True,True,4.6511872109842,3.7412356543076397,-1.3580898233485406,16.398186348446654,4.95338064759463,3.2368496317317623,1.4979524389848329,1.4985953928285294,225,453,0.0906,0.4558,0.0896,0.065,3,5,5,-2.410438848679224,-0.5085936243474642,-11.20037302463135,1.4966385297322082,11.97950057299545,5.389182746478405,1.0181328033478445,0.9509775906059363,269,540,0.10800000000000001,0.44499999999999995,0.086,0.0908,1,5,5,-0.5085936243474642,3.7412356543076397,4.249829278655104,-4.249829278655104,8000,8000,12,2,discounted_lints,hybrid,z24_a0p5_hybrid_corr5_stablehie5_top10,24
5,2.5345750988929545,2.9791602109486615,-10.639452485295864,20.218645441107274,12.626208446331377,7.772184088807236,1.0908496609410392,1.1704439636326542,490,985,98.0,0.09849999999999999,0.4452312395990557,0.4128,0.4691000000000001,0.09259999999999999,0.08349999999999999,5,5,3,True,True,5.849138473367073,4.783664120529685,-3.297065523541376,22.668432983228403,8.69861074158782,4.441963510590237,0.8427833523611967,1.3359987344714197,219,441,0.0882,0.4840000000000001,0.0916,0.06839999999999999,3,5,5,-3.15284712947959,-1.8939918839330105,-9.54567116976226,0.1633784056261467,10.515329643398319,6.171012060252121,0.8207473029972437,1.1820300523812233,271,544,0.10880000000000001,0.4542,0.0936,0.0986,1,5,5,-1.8939918839330105,4.783664120529685,6.677656004462696,-6.677656004462696,8001,8001,12,2,discounted_lints,hybrid,z24_a0p5_hybrid_corr5_stablehie5_top10,24
5,3.5722631884076366,3.788377794278941,-10.36136061729971,23.186301375202145,12.265871793507898,6.6229171722236,1.1660561583385216,1.1980073511765734,507,1019,101.4,0.10189999999999999,0.44067862046408346,0.3956,0.4566,0.08909999999999998,0.09290000000000001,5,5,3,True,True,6.260773445992093,3.092287744152422,-3.010666456683031,26.646533983275678,9.289864189887542,4.5391951485852156,0.8754576300076069,1.0646630611747452,241,484,0.09680000000000001,0.4768,0.09380000000000001,0.079,3,5,5,-2.5329807456959736,-0.6085512499000578,-9.603838762237215,0.7058440756504636,9.923981495426437,5.490963555989106,0.9583592283459371,1.2592547572547332,266,535,0.10699999999999998,0.4364,0.0844,0.1068,1,5,5,-0.6085512499000578,3.092287744152422,3.70083899405248,-3.70083899405248,8002,8002,12,2,discounted_lints,hybrid,z24_a0p5_hybrid_corr5_stablehie5_top10,24
5,2.1565740698621516,1.4626045358131057,-5.955034291163885,13.149992310926017,8.656827602905114,5.43770671334169,1.1646839456148748,1.0965629546734843,482,969,96.4,0.09689999999999999,0.4436108384635734,0.4126,0.4648,0.0895,0.0833,5,5,3,True,True,4.009512506781143,3.1887904007746437,-2.6500632495103704,17.045674597786874,4.6934057714168915,3.461729305239392,1.331785493568165,1.4757719476182656,216,435,0.08700000000000001,0.47400000000000003,0.09059999999999999,0.06620000000000001,3,5,5,-1.7296435656114717,-1.64292341243506,-3.3949390744076546,0.9417476016137627,5.999770327463317,4.281025505207028,0.7699963763214009,0.8751839373966753,266,534,0.1068,0.4556,0.0884,0.1004,1,5,5,-1.64292341243506,3.1887904007746437,4.831713813209704,-4.831713813209704,8003,8003,12,2,discounted_lints,hybrid,z24_a0p5_hybrid_corr5_stablehie5_top10,24
5,3.4716847713008407,3.6933432186766257,-10.777875528851123,22.97312860022247,12.34122482650719,6.37198440059648,1.1405549756804259,1.2241516494945603,476,956,95.2,0.09559999999999999,0.4551634894297636,0.41839999999999994,0.4706,0.0891,0.07910000000000002,5,5,3,True,True,5.927587777898709,2.565597183419155,-2.6055102547335562,22.98873640322885,7.633237870958998,4.102737342207449,1.5144990260108342,1.897852972448122,199,401,0.0802,0.4864,0.09280000000000001,0.0514,3,5,5,-2.4574840431149085,-1.3827845463472488,-8.390993469437792,1.1302989553176435,9.037782679709238,4.958316955430786,0.8992375958917086,0.8811274094314603,277,555,0.11099999999999999,0.4548,0.0854,0.1068,2,5,5,-1.3827845463472488,2.565597183419155,3.9483817297664037,-3.9483817297664037,8004,8004,12,2,discounted_lints,hybrid,z24_a0p5_hybrid_corr5_stablehie5_top10,24
5,1.4043744742641162,-0.251960500321613,-10.857881815394965,16.636197882188686,12.194479728901408,5.830001960139166,0.9523247180536141,1.1035635015722196,492,989,98.4,0.09889999999999999,0.4442207792207792,0.3941,0.4537,0.08789999999999999,0.0859,5,5,2,True,True,4.426403183337358,1.7633302791525196,-2.77228259233836,20.398341116730535,4.414551685272949,3.795015772112791,1.1292000530803743,1.8362918053025197,209,420,0.084,0.4664,0.09259999999999999,0.055400000000000005,3,5,5,-2.9233777032124353,-1.9504311951682674,-8.72298026863324,0.39882152095209733,9.82796161713978,4.794054716035676,0.8147957000694654,0.8367656287497283,283,569,0.11379999999999998,0.441,0.0832,0.11639999999999999,1,5,5,-1.9504311951682674,1.7633302791525196,3.713761474320787,-3.713761474320787,8005,8005,12,2,discounted_lints,hybrid,z24_a0p5_hybrid_corr5_stablehie5_top10,24
5,2.198181273696818,2.615223873133554,-7.086456402660457,15.439063823356115,9.457693676987056,6.1152530108372645,1.1588749922570987,1.1727546530851853,480,964,96.0,0.0964,0.43808274001670366,0.41669999999999996,0.46529999999999994,0.0874,0.082,5,5,3,True,True,4.902088454266718,1.6226179997081758,-3.046389544312067,18.91842564376416,4.551033118179404,3.8591556836757674,1.2834878699061987,2.08518389997404,205,413,0.08259999999999999,0.4824,0.095,0.057800000000000004,4,5,5,-2.5646925585725278,-2.6421547029524817,-7.329477076872126,1.0074820757002945,8.652795815825886,5.265714367940923,0.9290688638608376,0.882667747254913,275,551,0.1102,0.44820000000000004,0.0798,0.1062,1,5,5,-2.6421547029524817,1.6226179997081758,4.264772702660657,-4.264772702660657,8006,8006,12,2,discounted_lints,hybrid,z24_a0p5_hybrid_corr5_stablehie5_top10,24
5,1.5422031565665104,2.4283548901625984,-12.351188079624876,13.627664280829443,13.302298117603717,6.418835059021033,1.1798246918217743,1.1064831843032585,516,1037,103.2,0.10369999999999999,0.4434986839563411,0.38849999999999996,0.4497,0.09430000000000001,0.0907,5,5,3,True,True,4.088343742951861,3.798864726109352,-3.1618998448166624,14.797469612131309,5.256109870333125,3.5186261604026647,1.506937121664813,1.7871067341682547,230,463,0.0926,0.4584,0.1022,0.0708,3,5,5,-2.5453743089542624,-1.2740048623630762,-9.489331389279998,0.3082995502046826,9.829487506676028,4.99822742042591,0.7969731464769655,0.7682732974377569,286,574,0.11480000000000001,0.441,0.0864,0.1106,1,5,5,-1.2740048623630762,3.798864726109352,5.072869588472429,-5.072869588472429,8007,8007,12,2,discounted_lints,hybrid,z24_a0p5_hybrid_corr5_stablehie5_top10,24
5,3.2300740868969102,0.9955647696462844,-6.96896903226587,15.258024549243455,9.32040683833909,5.100309065587605,1.0777996624875026,1.144801788987228,498,1000,99.6,0.1,0.45990727459605213,0.4072,0.4715,0.0803,0.09240000000000001,5,5,4,True,True,5.160720339204074,1.8291335453292756,-1.3023296256899797,19.389231874720636,4.451666595885218,3.3668800052890346,1.265061066914446,1.667233915532988,223,449,0.0898,0.49800000000000005,0.087,0.0756,4,5,5,-1.7841434727228633,-0.9172091662506765,-5.741411509598171,0.6342715356688622,7.447169927338693,4.27565445435753,0.9392658871165772,0.8995486738156746,275,551,0.1102,0.445,0.0736,0.1092,2,5,5,-0.9172091662506765,1.8291335453292756,2.746342711579952,-2.746342711579952,8008,8008,12,2,discounted_lints,hybrid,z24_a0p5_hybrid_corr5_stablehie5_top10,24
5,3.2983318232471825,-0.3312818479755064,-10.496036447844158,22.996481002344836,12.412719528926818,6.727440780053115,0.9742020086947001,1.1671995011441747,502,1008,100.4,0.1008,0.4601952384474875,0.3899,0.4423,0.08859999999999998,0.0872,5,5,2,True,True,5.714113150229855,0.9411976886717133,-3.1374339862254463,24.16146408214481,8.698610741587798,4.414938801917023,1.062617664877703,1.0184767386136482,223,448,0.08959999999999999,0.45600000000000007,0.0956,0.0664,3,5,5,-2.3470383220041136,-0.8340782054950369,-9.4714889017271,0.5753740273001018,10.273235532096281,5.03405226014336,0.9484448362232968,1.256965657823939,279,560,0.11199999999999999,0.4286,0.08159999999999999,0.10800000000000001,1,5,5,-0.8340782054950369,0.9411976886717133,1.7752758941667501,-1.7752758941667501,8009,8009,12,2,discounted_lints,hybrid,z24_a0p5_hybrid_corr5_stablehie5_top10,24
5,1.834804593319366,2.1007596950535223,-8.69373890438081,14.618151112572054,12.337536039806418,6.519661261207522,1.1138687817966055,1.1064077547356836,512,1029,102.4,0.10289999999999999,0.45506709429628744,0.3932,0.45830000000000004,0.09069999999999999,0.0898,5,5,3,True,True,3.8387338557859323,2.402061475277373,-2.1684152316596705,12.360275522576769,3.983371366277466,3.4332179077185865,1.3199072386632311,1.431132619958904,234,470,0.094,0.4736000000000001,0.0994,0.0758,3,5,5,-2.0195313656422553,-1.3519209978031799,-8.115851843484778,2.0481509167616263,10.096617367536753,5.432731394883994,0.8264295844959505,0.8827922369345858,278,559,0.11179999999999998,0.44300000000000006,0.08199999999999999,0.1038,1,5,5,-1.3519209978031799,2.402061475277373,3.7539824730805527,-3.7539824730805527,8010,8010,12,2,discounted_lints,hybrid,z24_a0p5_hybrid_corr5_stablehie5_top10,24
5,4.4262414648996,3.3051855443941847,-6.522506827104224,22.37247197856722,8.37177937465392,5.745586411052903,1.3008703274567868,1.2089225174708675,497,999,99.4,0.09989999999999999,0.4690051590387073,0.41109999999999997,0.4646,0.08839999999999999,0.0867,5,5,3,True,True,5.984178525239255,4.403191040255816,-2.781151786940239,21.595543589244382,7.665059610272196,4.133973317900477,1.5372806975447197,1.6909352336146923,216,434,0.0868,0.47780000000000006,0.09059999999999999,0.06400000000000002,4,5,5,-1.5893256683733628,-1.0212594230673777,-6.79611408548605,1.429303388407832,8.091487918386441,4.354973554382622,0.9228661045571706,0.8677247991572277,281,565,0.11299999999999999,0.4514,0.0862,0.10940000000000001,2,5,5,-1.0212594230673777,4.403191040255816,5.424450463323193,-5.424450463323193,8011,8011,12,2,discounted_lints,hybrid,z24_a0p5_hybrid_corr5_stablehie5_top10,24
5,3.1611728636777037,1.2541261423275607,-7.644074616522179,18.997759990232765,9.99178682425611,5.624725329875497,1.1139903414078596,1.2491272509239972,513,1030,102.6,0.10300000000000001,0.45461871216290584,0.4063,0.46069999999999994,0.08289999999999999,0.0865,5,5,3,True,True,4.775809537190147,1.7968518276904932,-2.5299813226167367,17.889657237962787,4.69340577141687,3.509313354924868,1.264416957438623,1.7263544074146064,225,452,0.09040000000000001,0.4718,0.0844,0.0654,4,5,5,-1.6152098278469709,-0.5126543127920602,-7.669198994305749,0.9959168474847679,9.624632549823763,5.069280691564058,0.9367015336588728,1.0248632509346296,288,578,0.11560000000000001,0.44959999999999994,0.0814,0.1076,1,5,5,-0.5126543127920602,1.7968518276904932,2.3095061404825534,-2.3095061404825534,8012,8012,12,2,discounted_lints,hybrid,z24_a0p5_hybrid_corr5_stablehie5_top10,24
5,1.1517141260509376,0.6542005353613822,-8.922150921810779,15.469633162437923,11.623125395544331,6.288681484041449,1.0216736126795762,1.0844748257200183,498,1000,99.6,0.09999999999999999,0.43888866247950664,0.3979,0.45409999999999995,0.0817,0.08549999999999999,5,5,3,True,True,3.8806220558234883,0.7235407606612121,-2.283386006337007,17.591416284057537,4.69340577141687,3.475960322063038,1.0126335232718047,1.3623087165166587,221,445,0.089,0.45899999999999996,0.0898,0.0586,3,5,5,-2.6324703316256133,-1.7499229171832331,-8.420157633983349,-0.0384350450097104,10.954825569153058,5.670956639133213,0.8639225484699194,0.9354924405026666,277,555,0.11099999999999999,0.4492,0.0736,0.11240000000000001,0,5,5,-1.7499229171832331,0.7235407606612121,2.473463677844445,-2.473463677844445,8013,8013,12,2,discounted_lints,hybrid,z24_a0p5_hybrid_corr5_stablehie5_top10,24
5,5.210341313664539,3.28163522798659,-8.047064171005669,18.584831428459925,9.961834665977731,6.1292468094600085,1.347259392053471,1.2523697036923496,487,979,97.4,0.09790000000000001,0.46889837209369983,0.38920000000000005,0.44980000000000003,0.0864,0.0854,5,5,3,True,True,5.70165206440816,3.3994554170853952,-1.6690914640584364,19.709160556352877,8.81963044207863,4.147878335728315,1.6358635604337355,1.7156830594706816,220,443,0.0886,0.4548,0.094,0.06620000000000001,3,5,5,-0.4975691216785627,-0.08355326935318708,-6.644411284760254,3.405477205192775,8.022364952886562,4.2840426986822795,1.087709390931181,1.01755943569079,267,536,0.1072,0.4448,0.0788,0.1046,2,5,5,-0.08355326935318708,3.3994554170853952,3.4830086864385823,-3.4830086864385823,8014,8014,12,2,discounted_lints,hybrid,z24_a0p5_hybrid_corr5_stablehie5_top10,24
5,2.7331498487975354,1.9880873605236271,-10.98321092447997,25.980655955657326,13.867596274794092,7.507304775133576,1.1081082697879694,1.1995445741569863,480,965,96.0,0.09649999999999999,0.41837696623069565,0.4055999999999999,0.46080000000000004,0.08380000000000001,0.08560000000000001,5,5,3,True,True,5.267530496598011,2.6912308845379096,-3.9680414982466328,23.662516320041238,8.69861074158782,4.722769249274528,0.9564656519562303,1.243724345880709,210,423,0.0846,0.4854,0.091,0.06739999999999999,3,5,5,-2.6015693721073507,-2.1231315871900636,-10.733122363782977,1.9817306934679646,12.104100380216387,5.390276097235784,0.636980190951385,1.271767235152274,270,542,0.10840000000000001,0.4361999999999999,0.0766,0.1038,2,5,5,-2.1231315871900636,2.6912308845379096,4.814362471727973,-4.814362471727973,8015,8015,12,2,discounted_lints,hybrid,z24_a0p5_hybrid_corr5_stablehie5_top10,24
5,3.6544118804049908,1.1325151742167527,-7.645315679772646,24.30870200236912,10.945618174649518,6.766040142628964,1.09461049409269,1.1595492877692892,500,1003,100.0,0.10030000000000001,0.4628221997300945,0.40800000000000003,0.45830000000000004,0.08349999999999999,0.089,5,5,3,True,True,6.574592352916584,1.9761087060687688,-1.9617117427453312,26.636004947930925,8.999899319078853,4.138360134951897,1.1841530503144122,1.1153764735808616,237,477,0.09540000000000001,0.4676,0.0916,0.081,4,5,5,-2.773730959804519,-1.7307664440304849,-8.871338274613871,0.7980613258309788,10.24733748555996,5.732551871594557,0.9211881475856535,1.1891483144041781,263,526,0.1052,0.449,0.0754,0.097,1,5,5,-1.7307664440304849,1.9761087060687688,3.7068751500992536,-3.7068751500992536,8016,8016,12,2,discounted_lints,hybrid,z24_a0p5_hybrid_corr5_stablehie5_top10,24
5,5.203281908187702,2.48457625273959,-3.439072079030958,21.759623355045953,9.485089956442494,5.795872403902957,1.1869974841189357,1.3008166451607728,473,950,94.6,0.095,0.4695890065245276,0.4135,0.4638999999999999,0.0873,0.0771,5,5,3,True,True,6.416339074610642,2.8747141483231875,-2.1397491611409136,24.921737454234403,8.698610741587808,4.320615766024085,1.311577460758209,1.1875589561047328,203,409,0.08180000000000001,0.4779999999999999,0.08759999999999998,0.056400000000000006,3,5,5,-1.0233741978656763,-1.2744861475482927,-2.4416509562064537,1.3769386887823032,7.896620156646927,4.654641803850305,0.9919807282093585,1.3560154531933866,270,541,0.1082,0.44980000000000003,0.087,0.09780000000000001,1,5,5,-1.2744861475482927,2.8747141483231875,4.149200295871481,-4.149200295871481,8017,8017,12,2,discounted_lints,hybrid,z24_a0p5_hybrid_corr5_stablehie5_top10,24
5,2.7903826974274466,1.270490101234878,-9.576795591793763,26.735691952439588,10.560373298148685,7.919868335071212,1.024286742638847,1.0969129426853974,484,973,96.8,0.09729999999999998,0.4501557239057239,0.41109999999999997,0.4676,0.0818,0.07849999999999999,5,5,3,True,True,5.908374580607227,1.6916996285903485,-2.8370694951680986,27.60683016948091,8.25148238151403,4.5582923210222175,1.2221197590590391,1.9012600023631545,200,403,0.08059999999999999,0.4732,0.092,0.0486,3,5,5,-3.0860563162374888,-2.491422916357855,-6.864968550470662,-0.38378498049760346,8.1585041335701,5.775571359212448,0.787475219960276,0.724363496610146,284,570,0.11400000000000002,0.462,0.0716,0.10840000000000001,0,5,5,-2.491422916357855,1.6916996285903485,4.183122544948203,-4.183122544948203,8018,8018,12,2,discounted_lints,hybrid,z24_a0p5_hybrid_corr5_stablehie5_top10,24
5,3.113819754269234,3.171101254573294,-7.443000171030045,17.784275947596196,10.699270580630182,7.235338156017415,1.3362711444613888,1.1597259411057115,469,942,93.8,0.0942,0.4722944978504896,0.4226,0.47619999999999996,0.0829,0.0789,5,5,3,True,True,5.655445941087403,3.7737155962586755,-3.7987199569817,19.714391852510673,9.410187759377987,4.294286890752308,1.7899982491584927,1.9209454394878336,210,423,0.0846,0.4862,0.088,0.05720000000000001,3,5,5,-2.478268365610874,-1.5749850191269732,-7.142587455159544,0.14339723068910182,8.496439261303458,5.167497852514695,0.7195600933860725,0.7758515407378399,259,519,0.1038,0.4662,0.0778,0.1006,1,5,5,-1.5749850191269732,3.7737155962586755,5.348700615385649,-5.348700615385649,8019,8019,12,2,discounted_lints,hybrid,z24_a0p5_hybrid_corr5_stablehie5_top10,24
5,3.4755015643365157,-0.04660322173521969,-10.420267112587812,23.343321885929136,11.997470056119862,6.561436915836292,0.9940155325135716,1.1001250322468676,481,967,96.2,0.09669999999999998,0.46594584363005415,0.39590000000000003,0.44580000000000003,0.09179999999999999,0.07730000000000001,5,5,2,True,True,6.319241322714539,1.641530304226002,-1.2230255658145506,24.389785576968272,8.698610741587808,4.08323265922252,1.0278321053969468,1.1270010870075342,209,420,0.08399999999999999,0.4544,0.1022,0.0536,3,5,5,-2.7782045767927066,-1.2453283566875029,-10.08586783948574,-0.1919062205762767,11.779925760998522,5.663280880388344,0.8477882381653729,1.097775121109395,272,547,0.10939999999999998,0.4372,0.0814,0.101,0,5,5,-1.2453283566875029,1.641530304226002,2.886858660913505,-2.886858660913505,8020,8020,12,2,discounted_lints,hybrid,z24_a0p5_hybrid_corr5_stablehie5_top10,24
5,2.4024802166588977,1.7481456495603176,-8.94966061362723,19.136350654025524,12.130912708396158,7.340438918591802,1.1978239938612876,1.1543648345161228,491,986,98.2,0.0986,0.4441506880216557,0.398,0.45299999999999996,0.0852,0.08299999999999999,5,5,3,True,True,4.866096411998873,3.0444648201296776,-3.3130698117311064,19.766342456023512,8.800142766471852,4.556816003133632,1.5140535070029169,1.8500691274326235,209,420,0.08399999999999999,0.4542,0.0882,0.05960000000000001,3,5,5,-2.4585947889901734,-1.2277309300786854,-7.841686064881614,0.006868559659967133,9.721727048145578,5.175897304286989,0.8180425425756189,0.7828461057316732,282,566,0.11320000000000001,0.4518,0.0822,0.10640000000000001,1,5,5,-1.2277309300786854,3.0444648201296776,4.272195750208363,-4.272195750208363,8021,8021,12,2,discounted_lints,hybrid,z24_a0p5_hybrid_corr5_stablehie5_top10,24
5,3.32711435657896,1.0147952244309977,-9.783623143212427,24.503490315378507,12.261054764248946,7.166548192419626,1.121733897244842,1.1154942845182034,488,981,97.6,0.09809999999999999,0.4415154661279071,0.3947,0.4502,0.0827,0.084,5,5,3,True,True,6.656686274449662,1.8681969670070853,-1.3714421807834332,24.619178262646347,8.698610741587787,4.592279410588224,1.1491164821009745,1.1565207470617043,215,432,0.0864,0.4766,0.088,0.063,4,5,5,-3.2850380627609694,-1.1481633883395737,-9.957130523542123,0.012258656001806756,11.288121825140374,5.939667834842107,0.8904954393019963,1.059586524116367,273,549,0.10980000000000004,0.42379999999999995,0.0774,0.10500000000000001,1,5,5,-1.1481633883395737,1.8681969670070853,3.016360355346659,-3.016360355346659,8022,8022,12,2,discounted_lints,hybrid,z24_a0p5_hybrid_corr5_stablehie5_top10,24
5,2.2900605523517763,-0.9227827960411328,-7.7357477449752965,15.146950457613517,10.44276649061936,6.016825012073206,0.9174518038589523,1.089957748636031,503,1011,100.6,0.1011,0.44877383131611503,0.4048,0.46180000000000004,0.0898,0.0866,5,5,2,True,True,4.477837632514228,0.6171364956858216,-2.9404716540994635,17.762597756014607,5.151511159011157,3.6270035936428457,1.0054055055623419,1.546915469328213,228,459,0.0918,0.47940000000000005,0.0916,0.0686,3,5,5,-2.108059585595865,-1.7196418768102184,-4.940551610539911,-0.21093111630788863,6.29329224560472,4.806503232954604,0.8379761407299744,0.8642929083491794,275,552,0.11040000000000001,0.44420000000000004,0.088,0.1046,0,5,5,-1.7196418768102184,0.6171364956858216,2.33677837249604,-2.33677837249604,8023,8023,12,2,discounted_lints,hybrid,z24_a0p5_hybrid_corr5_stablehie5_top10,24
5,2.0920112359001224,4.567947495721891,-8.352433168247542,16.96353253392231,10.754670425738212,6.500983799023606,1.101884521818775,1.195812315956299,492,989,98.4,0.09889999999999999,0.432639205114661,0.4114,0.4627,0.08349999999999999,0.083,5,5,3,True,True,4.026978035509828,4.362452075883216,-4.425103516935113,16.214461761793686,5.310526264529313,3.9936303559759723,1.4295253789901456,1.4722885844402733,217,437,0.0874,0.4593999999999999,0.0898,0.0626,3,5,5,-1.9695229962229341,-1.3482215597947822,-6.468768082887855,0.6985321949983359,9.243855001416934,5.441312273531687,0.8866800611691347,1.0015299121789056,275,552,0.11040000000000001,0.466,0.07719999999999999,0.1034,2,5,5,-1.3482215597947822,4.362452075883216,5.710673635677999,-5.710673635677999,8024,8024,12,2,discounted_lints,hybrid,z24_a0p5_hybrid_corr5_stablehie5_top10,24
5,4.7391504822281245,1.3115016882795594,-8.209677700441642,23.092468300310554,12.382833386459502,6.74802470808186,1.137581707316638,1.1243177450569672,514,1032,102.8,0.1032,0.46796186117467586,0.4222,0.47709999999999997,0.0942,0.0875,5,5,3,True,True,6.4996070495630445,2.7015446656565967,-3.3690906008406074,24.058683404709825,8.251482381514041,4.472173442893224,1.2320290568934575,1.5100040119730374,241,485,0.097,0.4948,0.0988,0.0762,4,5,5,-1.6250974200933554,0.03191719961093131,-10.624204729947895,1.9061039147776349,12.159149302322314,5.029150831208099,1.009090533146434,1.0658099416043239,273,547,0.10939999999999998,0.4593999999999999,0.0896,0.09879999999999999,3,5,5,0.03191719961093131,2.7015446656565967,2.6696274660456654,-2.6696274660456654,8000,8000,11,3,discounted_lints,hybrid,z24_a0p5_hybrid_corr5_stablehie5_top10,24
5,2.350120527216562,1.6044590610259313,-7.067739820689145,14.924665803348237,9.351342650582728,5.854221254603289,1.1262297570701818,1.1265885590313225,520,1045,104.0,0.1045,0.45333430501155136,0.4154999999999999,0.47490000000000004,0.0969,0.0843,5,5,3,True,True,4.103135299101542,1.240069781204034,-2.359533212236198,14.75029888311743,4.987765002602718,3.97588429486174,1.0750947708219765,1.5425648459295846,239,481,0.09620000000000001,0.4984,0.10579999999999998,0.06799999999999999,3,5,5,-1.7577286632981326,0.1899040731108803,-6.452080726337717,0.3904634920419925,8.764110437432471,4.968477111911926,0.9172031980614862,0.8715442581035436,281,564,0.11279999999999998,0.4514,0.088,0.1006,3,5,5,0.1899040731108803,1.240069781204034,1.0501657080931537,-1.0501657080931537,8001,8001,11,3,discounted_lints,hybrid,z24_a0p5_hybrid_corr5_stablehie5_top10,24
5,2.9941272206154257,1.6096957481252394,-5.170033384028184,17.869142220128786,12.461466603308713,6.46006775992989,1.097725718436998,1.1661131966610203,469,942,93.8,0.09419999999999999,0.4725839460660426,0.4513999999999999,0.49800000000000005,0.09530000000000001,0.0679,5,5,3,True,True,6.659761796833559,2.2191386873033014,1.476806328803515,20.540873369742506,5.463429509680884,3.7829384848592467,1.3126132913524466,1.779892919179953,208,419,0.0838,0.5148,0.1006,0.054599999999999996,5,5,5,-3.4140865410653887,-2.164013551607402,-7.442604072773662,-0.347986894903729,11.255694574022312,6.21891335407261,1.0232797430896488,0.8638593972148986,261,523,0.1046,0.4812,0.09,0.08120000000000001,0,5,5,-2.164013551607402,2.2191386873033014,4.383152238910704,-4.383152238910704,8002,8002,11,3,discounted_lints,hybrid,z24_a0p5_hybrid_corr5_stablehie5_top10,24
5,3.620542238227684,0.7347088879800845,-8.756739105953148,22.09435947879448,12.659746230461089,6.533010722801379,1.0815090477299842,1.122308622150311,493,991,98.6,0.0991,0.445386364469872,0.4175,0.46609999999999996,0.1,0.075,5,5,3,True,True,6.168120143130937,1.5599328040947658,-0.7689639576671237,19.606161700821588,7.5151262869501245,3.548289931864539,1.1965396133192443,1.5494622795561488,224,451,0.0902,0.4838,0.11939999999999999,0.056999999999999995,4,5,5,-2.582186601910905,-1.1140684123024713,-8.049674241915971,2.1190071946716627,10.727249132624184,5.748285462512629,0.9159239498009685,0.799746042702672,269,540,0.10800000000000001,0.4484,0.0806,0.093,1,5,5,-1.1140684123024713,1.5599328040947658,2.674001216397237,-2.674001216397237,8003,8003,11,3,discounted_lints,hybrid,z24_a0p5_hybrid_corr5_stablehie5_top10,24
5,5.038845314359275,4.1359744569581025,-8.911857384953837,21.714719204010624,10.949045792537703,5.996162838376559,1.2608443426420486,1.1997821498494319,492,988,98.4,0.0988,0.45439529685234703,0.4192,0.4678,0.09490000000000001,0.07930000000000001,5,5,4,True,True,7.737185068784197,2.3296779300095993,1.5869012159987372,24.51156228010025,8.819630442078608,3.5621620944513865,1.2468777372919422,1.3173247100090397,220,443,0.0886,0.4944,0.1036,0.0528,5,5,5,-2.499132418441068,-1.2292881039281278,-10.33475622868899,2.190119453843198,10.54505851659796,5.114034037787083,0.9255530255326445,1.1156977523593077,272,545,0.10900000000000001,0.4412,0.0862,0.1058,1,5,5,-1.2292881039281278,2.3296779300095993,3.558966033937727,-3.558966033937727,8004,8004,11,3,discounted_lints,hybrid,z24_a0p5_hybrid_corr5_stablehie5_top10,24
5,0.9881457679156957,0.7301219762130051,-6.660046785610485,12.436996517496857,8.956123985335084,6.0138984389788614,1.0606980968386168,1.050233239863928,525,1055,105.0,0.1055,0.43584703051570745,0.3997,0.4551,0.0954,0.08680000000000002,5,5,3,True,True,3.6761069451330224,1.403920058978314,-0.7437388165337344,12.750484660585748,4.645511805384883,3.665950643973228,1.1317721868362782,1.3655926874444901,243,489,0.09780000000000001,0.4736000000000001,0.1046,0.0752,3,5,5,-2.634023964552223,-2.713024437999545,-5.960639559192127,-0.2402492803471823,8.231539394402576,5.361811001942374,0.8137281150297971,0.7921736791962164,282,566,0.11320000000000001,0.4366,0.0862,0.0984,0,5,5,-2.713024437999545,1.403920058978314,4.116944496977859,-4.116944496977859,8005,8005,11,3,discounted_lints,hybrid,z24_a0p5_hybrid_corr5_stablehie5_top10,24
5,4.529679933154432,2.1097974168736933,-6.566967271889556,18.367832077988467,9.403978889690567,5.628086780943235,1.1932699499598391,1.2135789991503843,468,940,93.6,0.094,0.47311115048196484,0.4468,0.49470000000000003,0.09369999999999999,0.0646,5,5,4,True,True,5.9389824109535585,2.097014966838051,-0.3135990534831823,18.782183912258567,5.294300743376201,3.660835085715477,1.2809223532503407,1.5894483327564672,209,421,0.0842,0.5112,0.09780000000000001,0.0504,3,5,5,-1.355872875557673,-0.2973607479091478,-6.559246374547545,0.518522986494907,9.022404540106233,5.281766172034779,1.05409659581713,1.000652487965761,259,519,0.10380000000000003,0.4782,0.0896,0.07880000000000001,2,5,5,-0.2973607479091478,2.097014966838051,2.394375714747199,-2.394375714747199,8006,8006,11,3,discounted_lints,hybrid,z24_a0p5_hybrid_corr5_stablehie5_top10,24
5,1.8157290923670335,0.08273696489455862,-10.37397489322146,17.827676633170686,11.0100845144545,6.204869659313471,0.9993910769670936,1.0481885581209582,518,1040,103.6,0.10400000000000001,0.4532621732549452,0.42349999999999993,0.4822,0.09609999999999999,0.08139999999999999,5,5,3,True,True,4.42459464719483,1.4890232844410267,-0.9675636477782468,17.270049875243252,4.932146806761661,3.9324616075670504,1.1854198793946875,1.3400637070648365,239,481,0.0962,0.49960000000000004,0.1086,0.0648,3,5,5,-2.6196329614273517,-1.3556472148771204,-10.020970860257139,1.486843452076303,10.53001067525341,5.593895416534247,0.8153781492091767,0.841877253134643,279,559,0.11179999999999998,0.4648,0.0836,0.098,2,5,5,-1.3556472148771204,1.4890232844410267,2.844670499318147,-2.844670499318147,8007,8007,11,3,discounted_lints,hybrid,z24_a0p5_hybrid_corr5_stablehie5_top10,24
5,2.6271801637314773,0.030883631839251358,-2.933628740119276,14.13530286285165,7.219298727759716,5.5358240885652314,0.9771034632507488,1.054497822284483,502,1007,100.4,0.10070000000000001,0.4554477366778468,0.4272,0.4887,0.0945,0.079,5,5,3,True,True,4.712858713545985,2.0739082424570565,-1.8241378994083735,16.943935540530042,4.951492417046555,3.974280671878021,1.2498057231903392,1.3122013530232544,226,455,0.091,0.5172,0.1046,0.06060000000000001,4,5,5,-1.9419672897669127,-1.971696020297753,-3.0402476108123855,-0.45775786232589155,7.077285755092866,4.70154847729471,0.8635590148245981,0.8775749825669849,276,552,0.11039999999999998,0.46020000000000005,0.0844,0.0974,0,5,5,-1.971696020297753,2.0739082424570565,4.045604262754809,-4.045604262754809,8008,8008,11,3,discounted_lints,hybrid,z24_a0p5_hybrid_corr5_stablehie5_top10,24
5,4.331508357557319,3.7215150581686895,-6.811023834351082,19.204760446477277,10.263095038839543,5.874081146598316,1.218133283563013,1.165684634913573,514,1032,102.8,0.1032,0.4533040293040293,0.4056,0.46399999999999997,0.10179999999999997,0.08880000000000002,5,5,3,True,True,6.828063094567076,3.4091610288025764,-0.14626581587247056,19.209661429904145,7.577809199118535,3.561910079711326,1.4586761584646608,1.691593033659617,232,467,0.09340000000000001,0.4796,0.11679999999999999,0.079,4,5,5,-2.3962706323455123,-1.7244051618428902,-8.226285871226825,0.33257637553716357,10.263095038839543,5.227843059882993,0.8412749935120385,0.8689343579598001,282,565,0.11299999999999999,0.4484,0.0868,0.09860000000000001,2,5,5,-1.7244051618428902,3.4091610288025764,5.133566190645467,-5.133566190645467,8009,8009,11,3,discounted_lints,hybrid,z24_a0p5_hybrid_corr5_stablehie5_top10,24
5,1.3756422655805278,0.027522006422753265,-11.243698538093483,16.1065538505194,13.19569329989827,6.466353919538525,1.000117521018256,1.0644189246619886,503,1011,100.6,0.1011,0.4392538949851203,0.41500000000000004,0.4655,0.09219999999999999,0.0817,5,5,3,True,True,5.387194562368734,1.44658852458448,-0.7818546374906865,16.546906531678097,4.557669943526643,3.250435187808969,1.2059183010152403,1.7573635686380495,231,465,0.093,0.47780000000000006,0.1012,0.0712,4,5,5,-3.8843027092526605,-2.0379737847908586,-11.792191310142098,-0.3397518133204769,12.772358904580638,5.996641053846494,0.7449354155147857,0.7218618405049769,272,546,0.1092,0.4532,0.0832,0.09219999999999999,0,5,5,-2.0379737847908586,1.44658852458448,3.4845623093753386,-3.4845623093753386,8010,8010,11,3,discounted_lints,hybrid,z24_a0p5_hybrid_corr5_stablehie5_top10,24
5,-0.11984628743891364,0.19792930202577885,-9.232316277214602,10.633128093008626,12.575317659813557,7.038839312680217,0.9727998579190194,0.9604630884539966,458,921,91.6,0.0921,0.42121857723556355,0.44930000000000003,0.5009,0.09129999999999999,0.0693,5,5,3,True,True,4.127788963957766,1.2373171198928556,-0.6666532496177213,12.345778072140368,5.516992679446919,4.324292946226199,1.0539460736177717,1.470309439478872,194,391,0.07819999999999999,0.5146,0.0922,0.04820000000000001,4,5,5,-4.120184002572914,-3.116303919566743,-10.280206753995502,-0.9963572651798147,11.966934530131478,6.629936090259406,0.7269305018677162,0.6683771037526485,264,530,0.10600000000000001,0.48719999999999997,0.09040000000000001,0.09040000000000001,0,5,5,-3.116303919566743,1.2373171198928556,4.353621039459599,-4.353621039459599,8011,8011,11,3,discounted_lints,hybrid,z24_a0p5_hybrid_corr5_stablehie5_top10,24
5,2.8825017709572953,2.853668958033473,-7.18180617461136,16.000250565315444,10.570431822516946,5.885760253694136,1.2291869934070978,1.1790507015040976,516,1036,103.2,0.1036,0.4545120701004673,0.42000000000000004,0.47059999999999996,0.0968,0.08560000000000001,5,5,3,True,True,5.788972110910821,3.1466337430246627,-0.5548840173095093,15.32436698029569,4.188580045106227,3.3740739508313977,1.6025877105922506,1.9346671602913126,230,463,0.0926,0.48679999999999995,0.1056,0.06760000000000001,4,5,5,-2.832229222129965,-2.920880999741815,-7.391736592092524,0.6256682293902749,9.790702661527117,5.285329481915955,0.8055411921095293,0.7941504739838189,286,573,0.1146,0.45439999999999997,0.088,0.1036,1,5,5,-2.920880999741815,3.1466337430246627,6.067514742766478,-6.067514742766478,8012,8012,11,3,discounted_lints,hybrid,z24_a0p5_hybrid_corr5_stablehie5_top10,24
5,1.6804717248535628,-1.2748681902877035,-9.588133915763219,13.036860652320836,11.588583707937229,6.335374474896788,0.8890422098816214,1.056124724887547,536,1076,107.2,0.1076,0.44371633882413136,0.40809999999999996,0.466,0.0935,0.09079999999999999,5,5,2,True,True,4.556436569892281,-0.4182295354009269,-2.72143267717041,16.044705412360514,4.9815374744484275,3.840582844934042,0.9102810477638832,1.7675609836969979,246,495,0.099,0.48460000000000003,0.1028,0.0728,2,5,5,-2.7765478161739403,-1.3563150499472654,-9.208416698739219,-0.2008732577851169,9.426206774490431,5.158484794864068,0.7678876323718232,0.7759076019310328,290,581,0.11619999999999997,0.4474,0.0842,0.10880000000000001,0,5,5,-1.3563150499472654,-0.4182295354009269,0.9380855145463385,-0.9380855145463385,8013,8013,11,3,discounted_lints,hybrid,z24_a0p5_hybrid_corr5_stablehie5_top10,24
5,5.060139858885393,5.544728055139969,-7.609467525182256,22.57448612306794,10.081787863004866,6.461215542433164,1.3604418298858592,1.2380985921676193,491,987,98.2,0.09869999999999998,0.4629488432714239,0.41459999999999997,0.47239999999999993,0.0936,0.0804,5,5,3,True,True,6.760208634025643,3.7051636669038768,-1.8737043989910385,23.8586055158728,8.251482381514075,4.038348559630506,1.7501259288585502,1.6483928874345906,233,467,0.09340000000000001,0.4962,0.1026,0.073,3,5,5,-1.6811213348662868,-1.0367623528914294,-7.262819759953976,1.8050260289281583,9.405158361351862,5.148517529193642,0.8088425227520141,0.9422619905235464,258,520,0.10400000000000001,0.4486,0.0846,0.08780000000000002,2,5,5,-1.0367623528914294,3.7051636669038768,4.741926019795306,-4.741926019795306,8014,8014,11,3,discounted_lints,hybrid,z24_a0p5_hybrid_corr5_stablehie5_top10,24
5,1.994124173171341,2.096436724726569,-9.552458738118796,18.175866801995188,11.627248411263647,6.405634472401076,1.091972164194918,1.1169819951342705,499,1002,99.8,0.1002,0.46935923863651785,0.425,0.4725,0.0958,0.07830000000000001,5,5,3,True,True,4.541140525380767,2.7664470086458337,-2.7569869288580295,17.237452743339034,5.080408784624013,3.621316655480398,1.4541942923332445,1.5756259332252482,232,467,0.09340000000000001,0.49399999999999994,0.10400000000000001,0.06559999999999999,3,5,5,-2.536616783414778,-1.754623831449298,-8.906439148778922,0.8392706835358643,9.659504552102415,5.187577761628285,0.8315099637057005,0.8374672269294884,267,535,0.10699999999999998,0.45099999999999996,0.0876,0.09100000000000001,1,5,5,-1.754623831449298,2.7664470086458337,4.521070840095131,-4.521070840095131,8015,8015,11,3,discounted_lints,hybrid,z24_a0p5_hybrid_corr5_stablehie5_top10,24
5,3.5626904874929566,0.6482826728312352,-5.616776984292171,14.27644030897759,8.176755431446958,4.9043923221232095,1.069678131383379,1.170794693756342,511,1027,102.2,0.10269999999999999,0.4592656527628032,0.41929999999999995,0.4761,0.0919,0.08449999999999999,5,5,3,True,True,4.762348774404798,0.8330729873917031,-1.6490804815048943,15.099010535810375,4.543350362764209,3.2750376267113963,1.034381674265798,1.4474338283030208,237,477,0.09540000000000001,0.4878,0.1004,0.0632,3,5,5,-1.1667478836063119,-0.6614188828138245,-4.0342241050843946,0.320867994870655,5.49028827137521,4.191206023579279,1.0156689672947055,1.0017767412287064,274,550,0.11000000000000001,0.46440000000000003,0.0834,0.1058,1,5,5,-0.6614188828138245,0.8330729873917031,1.4944918702055277,-1.4944918702055277,8016,8016,11,3,discounted_lints,hybrid,z24_a0p5_hybrid_corr5_stablehie5_top10,24
5,2.380182067300882,-1.5146254471139264,-9.786548127047078,14.800604470143707,10.708634855776856,5.993314453817135,0.8104937398372121,1.0976807478202506,517,1038,103.4,0.1038,0.43858303921417524,0.41739999999999994,0.47400000000000003,0.0941,0.0853,5,5,2,True,True,5.0182136448581875,-0.17467801558166407,-2.2407204160662997,16.314538743593808,4.637739724249013,3.9493724206195546,0.8686493841937588,1.6913548511153582,235,473,0.0946,0.5016,0.0974,0.0708,2,5,5,-2.5966472258963043,-1.3122725270186875,-8.96457189901777,0.21353415308709156,9.099371027292635,4.829021349743274,0.7607220686453959,0.7723035120276945,282,565,0.11299999999999999,0.4464,0.0908,0.0998,1,5,5,-1.3122725270186875,-0.17467801558166407,1.1375945114370234,-1.1375945114370234,8017,8017,11,3,discounted_lints,hybrid,z24_a0p5_hybrid_corr5_stablehie5_top10,24
5,3.902103751177492,1.6104644412603397,-5.592079590610899,21.772651281433152,10.601377657741839,7.086532179625351,1.168970737297482,1.0887837350920997,491,987,98.2,0.09869999999999998,0.44137811276673933,0.4237,0.4732,0.09319999999999999,0.0753,5,5,3,True,True,7.314650341023257,2.5151220488216053,-1.8369735314836544,28.161741533937068,9.722338743516701,4.516190071366086,0.8558941661739591,1.057005984056529,223,449,0.08980000000000002,0.5006,0.096,0.05620000000000001,3,5,5,-3.0783110931111812,-3.3974977375273108,-4.872791093742334,-0.8521585301493606,9.56537880450059,6.076070257097859,0.8711297356539132,1.0213817660414635,268,538,0.1076,0.44580000000000003,0.0904,0.0944,0,5,5,-3.3974977375273108,2.5151220488216053,5.912619786348916,-5.912619786348916,8018,8018,11,3,discounted_lints,hybrid,z24_a0p5_hybrid_corr5_stablehie5_top10,24
5,3.202947393870621,-0.3305927553166055,-5.264019785687745,18.74647413550228,9.620480836320366,5.982418635888331,0.9629910380183714,1.0764001555231222,505,1015,101.0,0.10149999999999999,0.43564270152505447,0.4276,0.47709999999999997,0.0944,0.0805,5,5,2,True,True,5.2404440218178046,1.1173657062511166,-1.628593578570059,20.497027760013275,8.975498933378724,4.507548497435012,1.075058208141279,1.5247608414857226,234,471,0.0942,0.493,0.1,0.06339999999999998,3,5,5,-1.944785508933904,-1.4154347883555185,-3.695612718540664,-1.1928087090937067,5.912689544248861,4.332835258542578,0.7428134552245955,0.7792875962664298,271,544,0.10880000000000001,0.4612,0.0888,0.09759999999999999,0,5,5,-1.4154347883555185,1.1173657062511166,2.532800494606635,-2.532800494606635,8019,8019,11,3,discounted_lints,hybrid,z24_a0p5_hybrid_corr5_stablehie5_top10,24
5,2.3347730580782144,2.7780551942787612,-8.956428230026903,10.270759717409295,13.248079208078744,5.8058243081735545,1.2642131802082144,1.0957648499817396,511,1027,102.2,0.10270000000000001,0.46680234092277945,0.43010000000000004,0.48250000000000004,0.09530000000000001,0.0807,5,5,3,True,True,4.657183369524809,2.628964436933412,-0.6235149881732127,11.550403862985581,4.109785373670771,3.190964314719118,1.345088778717257,1.4487338801097105,233,469,0.09380000000000001,0.513,0.0986,0.06700000000000002,4,5,5,-2.257850588169903,-1.109685884475542,-10.448115918933908,1.3985261425056184,13.08520143329126,5.458233558451764,0.7763072548066352,0.8515968807473401,278,558,0.11159999999999999,0.45199999999999996,0.092,0.0944,2,5,5,-1.109685884475542,2.628964436933412,3.738650321408954,-3.738650321408954,8020,8020,11,3,discounted_lints,hybrid,z24_a0p5_hybrid_corr5_stablehie5_top10,24
5,2.484549859137739,2.523449082028084,-9.676565586417397,15.43870737596662,11.944220415904594,5.8330583087149845,1.198570454606835,1.1482655913846664,482,968,96.4,0.0968,0.46656916051951625,0.4264,0.47640000000000005,0.0993,0.07150000000000001,5,5,3,True,True,5.2600008316159785,2.82074859825876,-0.8857688532961983,15.399516242531263,4.770428918388947,3.3980925903587567,1.44821722587946,1.5049253389640278,227,457,0.09140000000000001,0.4968,0.11520000000000001,0.05960000000000001,3,5,5,-2.707674671336908,-1.678768658750085,-8.949967552715288,0.0860476106239183,10.555676063451891,5.286410663853696,0.8076370863165406,0.90291742608745,255,511,0.10220000000000003,0.45600000000000007,0.0834,0.0834,1,5,5,-1.678768658750085,2.82074859825876,4.499517257008845,-4.499517257008845,8021,8021,11,3,discounted_lints,hybrid,z24_a0p5_hybrid_corr5_stablehie5_top10,24
5,3.3962120255586354,2.295499542940016,-12.173601717473526,19.99458466864401,15.154728811768125,7.503598123468834,1.2564285943831517,1.1519300610813676,501,1007,100.2,0.10070000000000001,0.45702881880542084,0.42160000000000003,0.47919999999999996,0.0951,0.07629999999999999,5,5,3,True,True,6.495855834474426,2.3900044314208557,-0.15573895265535986,20.088268151445398,9.550928425846884,4.669374185139302,1.400609120100695,1.6198171001482549,215,432,0.0864,0.5055999999999999,0.10539999999999998,0.0496,4,5,5,-3.0188571766923022,-0.40899646566188164,-13.737195999206053,-0.06189899771805729,14.653683971225762,6.042031239911097,0.9391718156778409,0.8458512389999895,286,575,0.11499999999999999,0.45280000000000004,0.0848,0.10300000000000001,0,5,5,-0.40899646566188164,2.3900044314208557,2.7990008970827374,-2.7990008970827374,8022,8022,11,3,discounted_lints,hybrid,z24_a0p5_hybrid_corr5_stablehie5_top10,24
5,1.5241705059831758,0.5796409504811084,-8.637396073267977,16.04150522070813,11.06706073707917,6.253522669305303,1.0297168837894084,1.059723363770622,483,971,96.6,0.0971,0.4111391176387225,0.44239999999999996,0.5018999999999999,0.0908,0.0743,5,5,3,True,True,3.988209866955701,1.0271663414130883,-1.7220210839244188,15.163631084553186,4.702069000028675,4.081529866664451,1.0214716169897375,1.3783066521981922,220,443,0.0886,0.5206,0.1038,0.055600000000000004,3,5,5,-2.4646204667308447,-1.2049030616940515,-8.058451060689375,0.8004661752309961,9.102663849277015,5.173592552810804,0.9043649152364008,0.8272121924953375,263,528,0.1056,0.48319999999999996,0.0778,0.093,1,5,5,-1.2049030616940515,1.0271663414130883,2.2320694031071397,-2.2320694031071397,8023,8023,11,3,discounted_lints,hybrid,z24_a0p5_hybrid_corr5_stablehie5_top10,24
5,2.638875051766889,-0.08672751922391697,-6.517814125237853,11.465241793866031,9.0575370530797,5.521153016758669,0.9614896632839539,1.0517244401653272,492,989,98.4,0.09889999999999999,0.4515375881907224,0.4234,0.471,0.0998,0.0736,5,5,2,True,True,5.646475953510843,1.0305203049258305,-0.680848633974418,16.271723248850822,4.543350362764198,3.2645580122783064,1.0648991910141585,1.4470849358844464,226,455,0.091,0.48919999999999997,0.10739999999999998,0.06280000000000001,4,5,5,-2.7962649612845225,-2.052410308973207,-7.059505267149713,0.6732004818619242,7.9401728329940084,5.122450665968019,0.8938212407013254,0.8284239002315642,266,534,0.1068,0.4528,0.0922,0.0844,1,5,5,-2.052410308973207,1.0305203049258305,3.0829306138990376,-3.0829306138990376,8024,8024,11,3,discounted_lints,hybrid,z24_a0p5_hybrid_corr5_stablehie5_top10,24
