trial_number,study_name,bandit_name,method_group,set_name,z_window,n_market_features,feature_list,memory_horizon_bars,objective_score,valid,objective_metric_name,constraints_values,cv_min_symbol_trades,cv_finite_objective,observed_dro_minimax_median,observed_dro_pure_min_median,dro_alpha,observed_median_max_drawdown_abs,observed_median_profit_factor,observed_median_total_trades,observed_median_min_symbol_trades,n_seeds,seeds_used,dro_minimax_median,dro_minimax_mean,dro_minimax_std,dro_minimax_min,dro_minimax_max,dro_pure_min_median,dro_pure_min_mean,dro_pure_min_std,h1_mean_aggregate_median,h2_mean_aggregate_median,full_mean_aggregate_median,median_max_drawdown_abs,median_profit_factor,median_total_trades,median_min_symbol_trades,median_holding_bars_overall,mean_holding_bars_overall,p25_holding_bars_overall,p75_holding_bars_overall,share_trades_closed_before_horizon_overall,share_trades_closed_after_horizon_overall,median_time_between_entries_overall,forced_singleton_ratio_overall,decision_point_ratio_overall,bandit_consulted_ratio_overall,pending_update_queued_ratio_overall,param_bandit_type,param_reward_clip,param_lambda_prior,param_window_size,param_noise_std,optuna_param_lambda_prior,optuna_param_window_size,optuna_param_noise_std,param_ucb_alpha,optuna_param_ucb_alpha
0,sw_lints__corr__z48_a0p5_corr_pruned_top10,sw_lints,corr,z48_a0p5_corr_pruned_top10,48,10,MOM_pct_14_z|MACD_hist_pct_z|dist_to_low_24_sqrt_z|MOM_pct_30_z|range_sqrt_z|bb_width_20_sqrt_z|vol_ratio_72_log1p_z|body_sqrt_z|ret_accel_6_24_z|NATR_14_z,325.0,-4.784006631711947,True,dro_minimax_median,"[-109.0, 0.0]",-109.0,0.0,-4.784006631711947,-5.559876155996288,0.5,10.026942410021999,0.6549050983080063,531.0,159.0,5,3142|3143|3144|3145|3146,-4.784006631711947,-4.873326998088271,1.2636305972556157,-6.908554029844069,-3.4733681439499824,-5.559876155996288,-5.8862696633997915,1.606990323717504,-2.016340880698775,-5.559876155996288,-7.448667633158853,10.026942410021999,0.6549050983080063,531.0,159.0,4.0,6.178571428571429,4.0,6.0,0.88,0.12,8.0,0.35550000000000004,0.6445,1.0,0.995,sw_lints,0.1,1.0,325,0.03,1.0,325,0.03,,
1,sw_lints__corr__z48_a0p5_corr_pruned_top10,sw_lints,corr,z48_a0p5_corr_pruned_top10,48,10,MOM_pct_14_z|MACD_hist_pct_z|dist_to_low_24_sqrt_z|MOM_pct_30_z|range_sqrt_z|bb_width_20_sqrt_z|vol_ratio_72_log1p_z|body_sqrt_z|ret_accel_6_24_z|NATR_14_z,225.0,-5.063873958870279,True,dro_minimax_median,"[-80.0, 0.0]",-80.0,0.0,-5.063873958870279,-5.93989486855218,0.5,10.13593349948806,0.6430859300583547,456.0,130.0,5,3142|3143|3144|3145|3146,-5.063873958870279,-4.847821929341883,1.0667942108724087,-5.991350200289903,-3.08663938323832,-5.93989486855218,-5.851491420127435,1.242437376856395,-1.6800822616099538,-5.93989486855218,-8.337795122808641,10.13593349948806,0.6430859300583547,456.0,130.0,4.0,6.680981595092025,4.0,6.0,0.8641975308641975,0.13580246913580246,8.0,0.3235,0.6765,1.0,0.995,sw_lints,0.1,3.672477322050449,225,0.012496721473894587,3.672477322050449,225,0.012496721473894587,,
2,sw_lints__corr__z48_a0p5_corr_pruned_top10,sw_lints,corr,z48_a0p5_corr_pruned_top10,48,10,MOM_pct_14_z|MACD_hist_pct_z|dist_to_low_24_sqrt_z|MOM_pct_30_z|range_sqrt_z|bb_width_20_sqrt_z|vol_ratio_72_log1p_z|body_sqrt_z|ret_accel_6_24_z|NATR_14_z,300.0,-4.729501899877983,True,dro_minimax_median,"[-104.0, 0.0]",-104.0,0.0,-4.729501899877983,-5.828454546695521,0.5,9.581292337504177,0.6342712667364357,473.0,154.0,5,3142|3143|3144|3145|3146,-4.729501899877983,-4.885749904000552,0.5626411097618405,-5.6962806638662,-4.306130575094322,-5.828454546695521,-5.9659395580381265,0.7595416175364983,-1.5471034014097773,-5.828454546695521,-7.312597427300415,9.581292337504177,0.6342712667364357,473.0,154.0,4.0,6.573248407643312,4.0,7.0,0.8407643312101911,0.1592356687898089,9.0,0.3195,0.6805,1.0,0.995,sw_lints,0.1,24.45058168692544,300,0.019587875193323546,24.45058168692544,300,0.019587875193323546,,
3,sw_lints__corr__z48_a0p5_corr_pruned_top10,sw_lints,corr,z48_a0p5_corr_pruned_top10,48,10,MOM_pct_14_z|MACD_hist_pct_z|dist_to_low_24_sqrt_z|MOM_pct_30_z|range_sqrt_z|bb_width_20_sqrt_z|vol_ratio_72_log1p_z|body_sqrt_z|ret_accel_6_24_z|NATR_14_z,175.0,-5.448616941341545,True,dro_minimax_median,"[-66.0, 0.0]",-66.0,0.0,-5.448616941341545,-5.927296342081838,0.5,12.964693603703392,0.5565518226819655,380.0,116.0,5,3142|3143|3144|3145|3146,-5.448616941341545,-5.36892040333692,0.5686757166346861,-6.16545856560229,-4.591457781388444,-5.927296342081838,-5.902502161653247,0.6975793939773647,-3.785455777664637,-5.927296342081838,-9.559890043066298,12.964693603703392,0.5565518226819655,380.0,116.0,4.0,8.037878787878787,4.0,9.5,0.7480916030534351,0.25190839694656486,10.0,0.262,0.738,1.0,0.995,sw_lints,0.1,6.892590636575401,175,0.0017980330440959514,6.892590636575401,175,0.0017980330440959514,,
4,sw_lints__corr__z48_a0p5_corr_pruned_top10,sw_lints,corr,z48_a0p5_corr_pruned_top10,48,10,MOM_pct_14_z|MACD_hist_pct_z|dist_to_low_24_sqrt_z|MOM_pct_30_z|range_sqrt_z|bb_width_20_sqrt_z|vol_ratio_72_log1p_z|body_sqrt_z|ret_accel_6_24_z|NATR_14_z,300.0,-4.659837454842378,True,dro_minimax_median,"[-88.0, 0.0]",-88.0,0.0,-4.659837454842378,-5.737359232398956,0.5,10.352858292230893,0.7012355567445493,457.0,138.0,5,3142|3143|3144|3145|3146,-4.659837454842378,-4.8215913167947795,1.0515409300725667,-6.540085358538082,-3.669158616153175,-5.737359232398956,-6.005247674484169,1.219029634170572,-1.0155854897121859,-5.737359232398956,-6.553759012249075,10.352858292230893,0.7012355567445493,457.0,138.0,4.0,6.8441558441558445,4.0,6.0,0.855072463768116,0.14492753623188406,9.0,0.3075,0.6925,1.0,0.995,sw_lints,0.1,4.605578395334537,300,0.013618834376629212,4.605578395334537,300,0.013618834376629212,,
5,sw_lints__corr__z48_a0p5_corr_pruned_top10,sw_lints,corr,z48_a0p5_corr_pruned_top10,48,10,MOM_pct_14_z|MACD_hist_pct_z|dist_to_low_24_sqrt_z|MOM_pct_30_z|range_sqrt_z|bb_width_20_sqrt_z|vol_ratio_72_log1p_z|body_sqrt_z|ret_accel_6_24_z|NATR_14_z,300.0,-5.461127995267125,True,dro_minimax_median,"[-100.0, 0.0]",-100.0,0.0,-5.461127995267125,-7.109158783496935,0.5,10.685317430773289,0.7264375907064009,464.0,150.0,5,3142|3143|3144|3145|3146,-5.461127995267125,-5.039990202526079,0.7380376975302367,-5.670441652895267,-3.9136277731109343,-7.109158783496935,-6.500539735575086,1.2126386347050386,-1.1603781410767458,-7.109158783496935,-6.931838480675516,10.685317430773289,0.7264375907064009,464.0,150.0,4.0,6.322368421052632,4.0,6.0,0.8486842105263158,0.1513157894736842,8.5,0.3035,0.6965,1.0,0.995,sw_lints,0.1,5.884459269971612,300,0.013297964459332606,5.884459269971612,300,0.013297964459332606,,
6,sw_lints__corr__z48_a0p5_corr_pruned_top10,sw_lints,corr,z48_a0p5_corr_pruned_top10,48,10,MOM_pct_14_z|MACD_hist_pct_z|dist_to_low_24_sqrt_z|MOM_pct_30_z|range_sqrt_z|bb_width_20_sqrt_z|vol_ratio_72_log1p_z|body_sqrt_z|ret_accel_6_24_z|NATR_14_z,450.0,-3.5440477665596735,True,dro_minimax_median,"[-80.0, 0.0]",-80.0,0.0,-3.5440477665596735,-4.3706777181555765,0.5,8.69735098284522,0.70792902366909,446.0,130.0,5,3142|3143|3144|3145|3146,-3.5440477665596735,-3.3707212070218615,0.5280701046640495,-3.8931598671057923,-2.488338279095885,-4.3706777181555765,-4.133898916357485,0.7400629599189495,-1.042691976852687,-4.3706777181555765,-5.374360726726342,8.69735098284522,0.70792902366909,446.0,130.0,4.0,6.762589928057554,4.0,7.0,0.8231292517006803,0.17687074829931973,9.0,0.27749999999999997,0.7225,1.0,0.995,sw_lints,0.1,1.650846287730074,450,0.0018760743185387708,1.650846287730074,450,0.0018760743185387708,,
7,sw_lints__corr__z48_a0p5_corr_pruned_top10,sw_lints,corr,z48_a0p5_corr_pruned_top10,48,10,MOM_pct_14_z|MACD_hist_pct_z|dist_to_low_24_sqrt_z|MOM_pct_30_z|range_sqrt_z|bb_width_20_sqrt_z|vol_ratio_72_log1p_z|body_sqrt_z|ret_accel_6_24_z|NATR_14_z,275.0,-4.776186041361762,True,dro_minimax_median,"[-78.0, 0.0]",-78.0,0.0,-4.776186041361762,-6.533058272012667,0.5,10.276161937070105,0.7273638191520275,440.0,128.0,5,3142|3143|3144|3145|3146,-4.776186041361762,-4.542517033280619,0.47720399267630204,-5.032391232332686,-3.9055974650722245,-6.533058272012667,-6.202088137834378,0.75348565658599,0.6511512320234947,-6.533058272012667,-5.876486194357844,10.276161937070105,0.7273638191520275,440.0,128.0,4.0,7.7304964539007095,4.0,8.0,0.7801418439716312,0.2198581560283688,8.0,0.28600000000000003,0.714,1.0,0.995,sw_lints,0.1,1.4429230661432635,275,0.002963670928442278,1.4429230661432635,275,0.002963670928442278,,
8,sw_lints__corr__z48_a0p5_corr_pruned_top10,sw_lints,corr,z48_a0p5_corr_pruned_top10,48,10,MOM_pct_14_z|MACD_hist_pct_z|dist_to_low_24_sqrt_z|MOM_pct_30_z|range_sqrt_z|bb_width_20_sqrt_z|vol_ratio_72_log1p_z|body_sqrt_z|ret_accel_6_24_z|NATR_14_z,350.0,-5.1508185599813405,True,dro_minimax_median,"[-91.0, 0.0]",-91.0,0.0,-5.1508185599813405,-6.548567138808603,0.5,10.564976277194283,0.6954887483819802,488.0,141.0,5,3142|3143|3144|3145|3146,-5.1508185599813405,-5.176410314420911,0.624252715277984,-5.87851073223532,-4.249222143212022,-6.548567138808603,-6.435828522288313,0.9770432082126489,-1.1813535157195927,-6.548567138808603,-7.786086375996896,10.564976277194283,0.6954887483819802,488.0,141.0,4.0,7.149068322981367,4.0,6.0,0.8538011695906432,0.14619883040935672,8.0,0.3315,0.6685,1.0,0.995,sw_lints,0.1,0.7021639484127451,350,0.021127526447375734,0.7021639484127451,350,0.021127526447375734,,
9,sw_lints__corr__z48_a0p5_corr_pruned_top10,sw_lints,corr,z48_a0p5_corr_pruned_top10,48,10,MOM_pct_14_z|MACD_hist_pct_z|dist_to_low_24_sqrt_z|MOM_pct_30_z|range_sqrt_z|bb_width_20_sqrt_z|vol_ratio_72_log1p_z|body_sqrt_z|ret_accel_6_24_z|NATR_14_z,375.0,-4.532181222863566,True,dro_minimax_median,"[-74.0, 0.0]",-74.0,0.0,-4.532181222863566,-6.338451180160765,0.5,9.738722120304011,0.7126614736356023,423.0,124.0,5,3142|3143|3144|3145|3146,-4.532181222863566,-4.489407311731154,0.20895377820041103,-4.741675224078138,-4.193881977358599,-6.338451180160765,-6.240152876679036,0.2550882345054528,0.8866286490280281,-6.338451180160765,-5.512246696732999,9.738722120304011,0.7126614736356023,423.0,124.0,4.0,8.055555555555555,4.0,7.0,0.8014705882352942,0.19852941176470587,9.0,0.2855,0.7145,1.0,0.995,sw_lints,0.1,11.424454836885744,375,0.006813071239863482,11.424454836885744,375,0.006813071239863482,,
10,sw_lints__corr__z48_a0p5_corr_pruned_top10,sw_lints,corr,z48_a0p5_corr_pruned_top10,48,10,MOM_pct_14_z|MACD_hist_pct_z|dist_to_low_24_sqrt_z|MOM_pct_30_z|range_sqrt_z|bb_width_20_sqrt_z|vol_ratio_72_log1p_z|body_sqrt_z|ret_accel_6_24_z|NATR_14_z,450.0,-4.504383994423517,True,dro_minimax_median,"[-75.0, 0.0]",-75.0,0.0,-4.504383994423517,-5.735397425524387,0.5,9.31666819313527,0.6840036907676763,432.0,125.0,5,3142|3143|3144|3145|3146,-4.504383994423517,-4.478001377583274,0.5838397388904653,-5.17562048067314,-3.576578613198142,-5.735397425524387,-5.686242824536715,0.6703995740673733,-0.7980941835114996,-5.735397425524387,-6.47557444622997,9.31666819313527,0.6840036907676763,432.0,125.0,4.0,6.638297872340425,4.0,6.0,0.8322147651006712,0.16778523489932887,9.0,0.2835,0.7165,1.0,0.995,sw_lints,0.1,1.3445996498552673,450,0.002717881572501547,1.3445996498552673,450,0.002717881572501547,,
11,sw_lints__corr__z48_a0p5_corr_pruned_top10,sw_lints,corr,z48_a0p5_corr_pruned_top10,48,10,MOM_pct_14_z|MACD_hist_pct_z|dist_to_low_24_sqrt_z|MOM_pct_30_z|range_sqrt_z|bb_width_20_sqrt_z|vol_ratio_72_log1p_z|body_sqrt_z|ret_accel_6_24_z|NATR_14_z,450.0,-4.335447020680162,True,dro_minimax_median,"[-74.0, 0.0]",-74.0,0.0,-4.335447020680162,-5.436907254411449,0.5,9.21589888433858,0.6987919389869096,432.0,124.0,5,3142|3143|3144|3145|3146,-4.335447020680162,-4.345380512019128,1.2496171263433775,-6.192538816059354,-2.756755014727191,-5.436907254411449,-5.520295686598339,1.6166394267500608,-1.0310663194862995,-5.436907254411449,-6.429886113916879,9.21589888433858,0.6987919389869096,432.0,124.0,4.0,6.692857142857143,4.0,6.0,0.8206896551724138,0.1793103448275862,9.0,0.2815,0.7185,1.0,0.995,sw_lints,0.1,2.0263985899754697,450,0.0031486177021813424,2.0263985899754697,450,0.0031486177021813424,,
12,sw_lints__corr__z48_a0p5_corr_pruned_top10,sw_lints,corr,z48_a0p5_corr_pruned_top10,48,10,MOM_pct_14_z|MACD_hist_pct_z|dist_to_low_24_sqrt_z|MOM_pct_30_z|range_sqrt_z|bb_width_20_sqrt_z|vol_ratio_72_log1p_z|body_sqrt_z|ret_accel_6_24_z|NATR_14_z,350.0,-4.867895041021097,True,dro_minimax_median,"[-75.0, 0.0]",-75.0,0.0,-4.867895041021097,-6.1997605449360575,0.5,10.629463948524675,0.686950711992471,419.0,125.0,5,3142|3143|3144|3145|3146,-4.867895041021097,-4.955217621165786,0.8621474095856749,-6.075907006127311,-3.929094026511545,-6.1997605449360575,-6.368844255042371,1.0081136551884413,-0.8722985292762125,-6.1997605449360575,-7.011948653290013,10.629463948524675,0.686950711992471,419.0,125.0,4.0,8.02127659574468,4.0,7.0,0.8057553956834532,0.19424460431654678,9.0,0.27149999999999996,0.7285,1.0,0.995,sw_lints,0.1,5.708627426290325,350,0.0012807647640856415,5.708627426290325,350,0.0012807647640856415,,
13,sw_lints__corr__z48_a0p5_corr_pruned_top10,sw_lints,corr,z48_a0p5_corr_pruned_top10,48,10,MOM_pct_14_z|MACD_hist_pct_z|dist_to_low_24_sqrt_z|MOM_pct_30_z|range_sqrt_z|bb_width_20_sqrt_z|vol_ratio_72_log1p_z|body_sqrt_z|ret_accel_6_24_z|NATR_14_z,425.0,-3.877886392873567,True,dro_minimax_median,"[-85.0, 0.0]",-85.0,0.0,-3.877886392873567,-5.072337102041257,0.5,8.796519282302295,0.7155566658623782,442.0,135.0,5,3142|3143|3144|3145|3146,-3.877886392873567,-3.944285750590114,0.600088582237387,-4.817233598105338,-3.1354979690601263,-5.072337102041257,-5.08949018734216,0.562448223569995,-0.3427270608078163,-5.072337102041257,-5.483451795738752,8.796519282302295,0.7155566658623782,442.0,135.0,4.0,7.573529411764706,4.0,7.0,0.8045112781954887,0.19548872180451127,9.0,0.2815,0.7185,1.0,0.995,sw_lints,0.1,0.5201832638834379,425,0.0010510148983171,0.5201832638834379,425,0.0010510148983171,,
14,sw_lints__corr__z48_a0p5_corr_pruned_top10,sw_lints,corr,z48_a0p5_corr_pruned_top10,48,10,MOM_pct_14_z|MACD_hist_pct_z|dist_to_low_24_sqrt_z|MOM_pct_30_z|range_sqrt_z|bb_width_20_sqrt_z|vol_ratio_72_log1p_z|body_sqrt_z|ret_accel_6_24_z|NATR_14_z,400.0,-4.310276036368506,True,dro_minimax_median,"[-75.0, 0.0]",-75.0,0.0,-4.310276036368506,-5.705490863662891,0.5,8.692372621804745,0.7064314905615582,441.0,125.0,5,3142|3143|3144|3145|3146,-4.310276036368506,-4.4089536183362075,0.3926147115640591,-4.954837128061805,-3.904062606879905,-5.705490863662891,-5.6325513454977365,0.5879509595814005,-0.8671280314568763,-5.705490863662891,-6.2224512286306135,8.692372621804745,0.7064314905615582,441.0,125.0,4.0,7.904109589041096,4.0,7.0,0.8091603053435115,0.19083969465648856,9.0,0.2915,0.7085,1.0,0.995,sw_lints,0.1,0.815551064736548,400,0.0013463361059138995,0.815551064736548,400,0.0013463361059138995,,
15,sw_lints__corr__z48_a0p5_corr_pruned_top10,sw_lints,corr,z48_a0p5_corr_pruned_top10,48,10,MOM_pct_14_z|MACD_hist_pct_z|dist_to_low_24_sqrt_z|MOM_pct_30_z|range_sqrt_z|bb_width_20_sqrt_z|vol_ratio_72_log1p_z|body_sqrt_z|ret_accel_6_24_z|NATR_14_z,450.0,-3.887431732979924,True,dro_minimax_median,"[-67.0, 0.0]",-67.0,0.0,-3.887431732979924,-5.066109079157177,0.5,9.826775526845033,0.7058062259852941,415.0,117.0,5,3142|3143|3144|3145|3146,-3.887431732979924,-3.932440816041889,0.40460472367881506,-4.461925622508898,-3.4069368662503194,-5.066109079157177,-4.9913466634509,0.5191158460214351,-0.7698002659318895,-5.066109079157177,-5.535990672112696,9.826775526845033,0.7058062259852941,415.0,117.0,4.0,7.201492537313433,4.0,7.0,0.8091603053435115,0.19083969465648856,10.0,0.26749999999999996,0.7325,1.0,0.995,sw_lints,0.1,7.718908553080417,450,0.0015444852568081097,7.718908553080417,450,0.0015444852568081097,,
16,sw_lints__corr__z48_a0p5_corr_pruned_top10,sw_lints,corr,z48_a0p5_corr_pruned_top10,48,10,MOM_pct_14_z|MACD_hist_pct_z|dist_to_low_24_sqrt_z|MOM_pct_30_z|range_sqrt_z|bb_width_20_sqrt_z|vol_ratio_72_log1p_z|body_sqrt_z|ret_accel_6_24_z|NATR_14_z,450.0,-3.333621705066087,True,dro_minimax_median,"[-75.0, 0.0]",-75.0,0.0,-3.333621705066087,-4.257543860653409,0.5,7.995849651059517,0.7315380110671407,432.0,125.0,5,3142|3143|3144|3145|3146,-3.333621705066087,-3.646405241732238,0.5142688995125445,-4.308468538753883,-3.205145473314772,-4.257543860653409,-4.55133461209852,0.6534926588837553,-1.0733082545402544,-4.257543860653409,-5.098457555599663,7.995849651059517,0.7315380110671407,432.0,125.0,4.0,6.764285714285714,4.0,6.0,0.8214285714285714,0.17857142857142858,9.0,0.2815,0.7185,1.0,0.995,sw_lints,0.1,0.6498912272146787,450,0.001032021562567067,0.6498912272146787,450,0.001032021562567067,,
17,sw_lints__corr__z48_a0p5_corr_pruned_top10,sw_lints,corr,z48_a0p5_corr_pruned_top10,48,10,MOM_pct_14_z|MACD_hist_pct_z|dist_to_low_24_sqrt_z|MOM_pct_30_z|range_sqrt_z|bb_width_20_sqrt_z|vol_ratio_72_log1p_z|body_sqrt_z|ret_accel_6_24_z|NATR_14_z,425.0,-3.6139908545622212,True,dro_minimax_median,"[-84.0, 0.0]",-84.0,0.0,-3.6139908545622212,-4.8268209615055255,0.5,7.977464396059064,0.7752519190342622,443.0,134.0,5,3142|3143|3144|3145|3146,-3.6139908545622212,-3.8495987004938668,0.5730709908661581,-4.845342126594128,-3.408915059295997,-4.8268209615055255,-5.076977620894348,0.7894013573685675,-0.11217505810618238,-4.8268209615055255,-5.01583296167409,7.977464396059064,0.7752519190342622,443.0,134.0,4.0,7.5,4.0,7.0,0.8115942028985508,0.18840579710144928,9.0,0.27549999999999997,0.7245,1.0,0.995,sw_lints,0.1,0.6184565631007594,425,0.004843996508089572,0.6184565631007594,425,0.004843996508089572,,
18,sw_lints__corr__z48_a0p5_corr_pruned_top10,sw_lints,corr,z48_a0p5_corr_pruned_top10,48,10,MOM_pct_14_z|MACD_hist_pct_z|dist_to_low_24_sqrt_z|MOM_pct_30_z|range_sqrt_z|bb_width_20_sqrt_z|vol_ratio_72_log1p_z|body_sqrt_z|ret_accel_6_24_z|NATR_14_z,300.0,-4.80029348192662,True,dro_minimax_median,"[-90.0, 0.0]",-90.0,0.0,-4.80029348192662,-6.021517835822924,0.5,8.564954065924224,0.686069544454882,456.0,140.0,5,3142|3143|3144|3145|3146,-4.80029348192662,-4.87835299302577,0.2839406614891598,-5.307729704808455,-4.574637667742191,-6.021517835822924,-6.001309247171514,0.35354828683866063,-1.6365760885222975,-6.021517835822924,-7.119286904464425,8.564954065924224,0.686069544454882,456.0,140.0,4.0,6.590277777777778,4.0,6.0,0.8611111111111112,0.1388888888888889,8.0,0.2995,0.7005,1.0,0.995,sw_lints,0.1,0.5270312669061049,300,0.001412354024842875,0.5270312669061049,300,0.001412354024842875,,
19,sw_lints__corr__z48_a0p5_corr_pruned_top10,sw_lints,corr,z48_a0p5_corr_pruned_top10,48,10,MOM_pct_14_z|MACD_hist_pct_z|dist_to_low_24_sqrt_z|MOM_pct_30_z|range_sqrt_z|bb_width_20_sqrt_z|vol_ratio_72_log1p_z|body_sqrt_z|ret_accel_6_24_z|NATR_14_z,450.0,-4.876280879212658,True,dro_minimax_median,"[-103.0, 0.0]",-103.0,0.0,-4.876280879212658,-6.14518100216953,0.5,10.456855172469293,0.6532230830689908,501.0,153.0,5,3142|3143|3144|3145|3146,-4.876280879212658,-4.774859737453076,0.7839841246094176,-5.545452310298577,-3.728948432510594,-6.14518100216953,-5.8754359839630315,0.9695490477648535,-1.379995166049001,-6.14518100216953,-7.115801273266466,10.456855172469293,0.6532230830689908,501.0,153.0,4.0,6.254777070063694,4.0,5.0,0.8703703703703703,0.12962962962962962,8.0,0.3235,0.6765,1.0,0.995,sw_lints,0.1,6.077784086762197,450,0.023628529159362196,6.077784086762197,450,0.023628529159362196,,
20,sw_lints__corr__z48_a0p5_corr_pruned_top10,sw_lints,corr,z48_a0p5_corr_pruned_top10,48,10,MOM_pct_14_z|MACD_hist_pct_z|dist_to_low_24_sqrt_z|MOM_pct_30_z|range_sqrt_z|bb_width_20_sqrt_z|vol_ratio_72_log1p_z|body_sqrt_z|ret_accel_6_24_z|NATR_14_z,450.0,-4.131310769905319,True,dro_minimax_median,"[-73.0, 0.0]",-73.0,0.0,-4.131310769905319,-5.2375103717891,0.5,7.932674091893466,0.7061552231810756,433.0,123.0,5,3142|3143|3144|3145|3146,-4.131310769905319,-3.988993184035415,0.4351294837016707,-4.434130971245418,-3.453371952150058,-5.2375103717891,-5.165433587444934,0.5491409227161245,-0.35715275932082235,-5.2375103717891,-5.8154583119843934,7.932674091893466,0.7061552231810756,433.0,123.0,4.0,6.482758620689655,4.0,6.0,0.8273381294964028,0.17266187050359713,9.0,0.2895,0.7105,1.0,0.995,sw_lints,0.1,2.685053568579301,450,0.0012113921170455344,2.685053568579301,450,0.0012113921170455344,,
21,sw_lints__corr__z48_a0p5_corr_pruned_top10,sw_lints,corr,z48_a0p5_corr_pruned_top10,48,10,MOM_pct_14_z|MACD_hist_pct_z|dist_to_low_24_sqrt_z|MOM_pct_30_z|range_sqrt_z|bb_width_20_sqrt_z|vol_ratio_72_log1p_z|body_sqrt_z|ret_accel_6_24_z|NATR_14_z,350.0,-4.964327326167873,True,dro_minimax_median,"[-77.0, 0.0]",-77.0,0.0,-4.964327326167873,-6.399821812170152,0.5,10.413334280616592,0.6648404657729378,442.0,127.0,5,3142|3143|3144|3145|3146,-4.964327326167873,-5.101000566082947,0.31513063763684673,-5.477306758897742,-4.723909887610827,-6.399821812170152,-6.529787963084092,0.47456764073823277,-0.7856889882915367,-6.399821812170152,-7.053545582674233,10.413334280616592,0.6648404657729378,442.0,127.0,4.0,7.8671875,4.0,7.0,0.8031496062992126,0.1968503937007874,9.0,0.2815,0.7185,1.0,0.995,sw_lints,0.1,1.867716110352173,350,0.005011069825280474,1.867716110352173,350,0.005011069825280474,,
22,sw_lints__corr__z48_a0p5_corr_pruned_top10,sw_lints,corr,z48_a0p5_corr_pruned_top10,48,10,MOM_pct_14_z|MACD_hist_pct_z|dist_to_low_24_sqrt_z|MOM_pct_30_z|range_sqrt_z|bb_width_20_sqrt_z|vol_ratio_72_log1p_z|body_sqrt_z|ret_accel_6_24_z|NATR_14_z,425.0,-3.908624366860468,True,dro_minimax_median,"[-81.0, 0.0]",-81.0,0.0,-3.908624366860468,-4.873700551461025,0.5,8.697592412963683,0.7881498176980952,447.0,131.0,5,3142|3143|3144|3145|3146,-3.908624366860468,-3.648799182813751,0.6315070861387985,-4.297073925863379,-2.643696781521186,-4.873700551461025,-4.726168822076088,0.950395469425443,-0.6388252347168962,-4.873700551461025,-5.08701469896834,8.697592412963683,0.7881498176980952,447.0,131.0,4.0,7.488372093023256,4.0,7.0,0.8062015503875969,0.1937984496124031,8.0,0.2895,0.7105,1.0,0.995,sw_lints,0.1,0.753844315808311,425,0.0064361826220784265,0.753844315808311,425,0.0064361826220784265,,
23,sw_lints__corr__z48_a0p5_corr_pruned_top10,sw_lints,corr,z48_a0p5_corr_pruned_top10,48,10,MOM_pct_14_z|MACD_hist_pct_z|dist_to_low_24_sqrt_z|MOM_pct_30_z|range_sqrt_z|bb_width_20_sqrt_z|vol_ratio_72_log1p_z|body_sqrt_z|ret_accel_6_24_z|NATR_14_z,425.0,-4.1143732635129115,True,dro_minimax_median,"[-80.0, 0.0]",-80.0,0.0,-4.1143732635129115,-5.2548563859144375,0.5,8.870410650406924,0.7183973921655961,446.0,130.0,5,3142|3143|3144|3145|3146,-4.1143732635129115,-4.298544543095143,0.41102944248398515,-4.941101293044774,-3.88159813833684,-5.2548563859144375,-5.381019102144619,0.5868443946825915,-1.1282458220521467,-5.2548563859144375,-6.325142917115175,8.870410650406924,0.7183973921655961,446.0,130.0,4.0,7.548148148148148,4.0,7.0,0.8,0.2,8.5,0.27949999999999997,0.7205,1.0,0.995,sw_lints,0.1,0.5787306288337236,425,0.004176199223552202,0.5787306288337236,425,0.004176199223552202,,
24,sw_lints__corr__z48_a0p5_corr_pruned_top10,sw_lints,corr,z48_a0p5_corr_pruned_top10,48,10,MOM_pct_14_z|MACD_hist_pct_z|dist_to_low_24_sqrt_z|MOM_pct_30_z|range_sqrt_z|bb_width_20_sqrt_z|vol_ratio_72_log1p_z|body_sqrt_z|ret_accel_6_24_z|NATR_14_z,450.0,-3.7448281970239106,True,dro_minimax_median,"[-74.0, 0.0]",-74.0,0.0,-3.7448281970239106,-4.754984428391702,0.5,8.7272671820115,0.71970253676629,439.0,124.0,5,3142|3143|3144|3145|3146,-3.7448281970239106,-3.8024231699237063,0.613790457311556,-4.6078580627203065,-2.905937126858599,-4.754984428391702,-4.772894741013655,0.8565994524208085,-0.8222409799367688,-4.754984428391702,-5.701982688335171,8.7272671820115,0.71970253676629,439.0,124.0,4.0,6.864285714285714,4.0,7.0,0.8071428571428572,0.19285714285714287,9.0,0.27949999999999997,0.7205,1.0,0.995,sw_lints,0.1,0.6443014811589268,450,0.0017961881975921965,0.6443014811589268,450,0.0017961881975921965,,
25,sw_lints__corr__z48_a0p5_corr_pruned_top10,sw_lints,corr,z48_a0p5_corr_pruned_top10,48,10,MOM_pct_14_z|MACD_hist_pct_z|dist_to_low_24_sqrt_z|MOM_pct_30_z|range_sqrt_z|bb_width_20_sqrt_z|vol_ratio_72_log1p_z|body_sqrt_z|ret_accel_6_24_z|NATR_14_z,325.0,-3.949785220397101,True,dro_minimax_median,"[-84.0, 0.0]",-84.0,0.0,-3.949785220397101,-5.141505329282759,0.5,10.248854019278841,0.7319760203128196,451.0,134.0,5,3142|3143|3144|3145|3146,-3.949785220397101,-4.241611098839997,1.0217392538749277,-5.273870391132501,-2.8508285720442963,-5.141505329282759,-5.268602945714563,1.3443047357742326,-1.3884495887723485,-5.141505329282759,-5.720389956297126,10.248854019278841,0.7319760203128196,451.0,134.0,4.0,7.384615384615385,4.0,6.0,0.8283582089552238,0.17164179104477612,9.0,0.2995,0.7005,1.0,0.995,sw_lints,0.1,0.5203494244239054,325,0.007026472660487271,0.5203494244239054,325,0.007026472660487271,,
26,sw_lints__corr__z48_a0p5_corr_pruned_top10,sw_lints,corr,z48_a0p5_corr_pruned_top10,48,10,MOM_pct_14_z|MACD_hist_pct_z|dist_to_low_24_sqrt_z|MOM_pct_30_z|range_sqrt_z|bb_width_20_sqrt_z|vol_ratio_72_log1p_z|body_sqrt_z|ret_accel_6_24_z|NATR_14_z,200.0,-5.2852301569322835,True,dro_minimax_median,"[-129.0, 0.0]",-129.0,0.0,-5.2852301569322835,-6.592292293396485,0.5,12.071287353035176,0.6391076596484876,547.0,179.0,5,3142|3143|3144|3145|3146,-5.2852301569322835,-5.417017692987985,0.45734618975305447,-6.001534047151516,-4.8353858610534335,-6.592292293396485,-6.346550248803569,0.5308136878242666,-2.6755781370948992,-6.592292293396485,-9.266995303917499,12.071287353035176,0.6391076596484876,547.0,179.0,4.0,6.251396648044692,4.0,6.0,0.8633879781420765,0.1366120218579235,8.0,0.362,0.638,1.0,0.995,sw_lints,0.1,17.0461426848587,200,0.0360642526478129,17.0461426848587,200,0.0360642526478129,,
27,sw_lints__corr__z48_a0p5_corr_pruned_top10,sw_lints,corr,z48_a0p5_corr_pruned_top10,48,10,MOM_pct_14_z|MACD_hist_pct_z|dist_to_low_24_sqrt_z|MOM_pct_30_z|range_sqrt_z|bb_width_20_sqrt_z|vol_ratio_72_log1p_z|body_sqrt_z|ret_accel_6_24_z|NATR_14_z,175.0,-5.272925777389476,True,dro_minimax_median,"[-78.0, 0.0]",-78.0,0.0,-5.272925777389476,-6.002060676667661,0.5,12.99736120699524,0.5868467054015685,424.0,128.0,5,3142|3143|3144|3145|3146,-5.272925777389476,-5.311324296017146,0.32845578025449934,-5.768192009646292,-4.850859297547462,-6.002060676667661,-6.174689601970462,0.45393825346243655,-2.7582919863568236,-6.002060676667661,-8.89355010850678,12.99736120699524,0.5868467054015685,424.0,128.0,4.0,7.328767123287672,4.0,7.25,0.8014184397163121,0.19858156028368795,9.0,0.28200000000000003,0.718,1.0,0.995,sw_lints,0.1,0.6814923733305657,175,0.004218714399061623,0.6814923733305657,175,0.004218714399061623,,
28,sw_lints__corr__z48_a0p5_corr_pruned_top10,sw_lints,corr,z48_a0p5_corr_pruned_top10,48,10,MOM_pct_14_z|MACD_hist_pct_z|dist_to_low_24_sqrt_z|MOM_pct_30_z|range_sqrt_z|bb_width_20_sqrt_z|vol_ratio_72_log1p_z|body_sqrt_z|ret_accel_6_24_z|NATR_14_z,450.0,-3.1186664090249616,True,dro_minimax_median,"[-76.0, 0.0]",-76.0,0.0,-3.1186664090249616,-3.801395493610945,0.5,7.099068739575487,0.7617358066438208,433.0,126.0,5,3142|3143|3144|3145|3146,-3.1186664090249616,-3.5862452636967026,0.7757559036658074,-4.665803018426492,-2.929950949342011,-3.801395493610945,-4.495102060556322,1.0692845282146868,-0.8768881317955576,-3.801395493610945,-4.8583241860963335,7.099068739575487,0.7617358066438208,433.0,126.0,4.0,6.642857142857143,4.0,6.0,0.8161764705882353,0.18382352941176472,9.0,0.28049999999999997,0.7195,1.0,0.995,sw_lints,0.1,1.0421815029133665,450,0.001089726401747617,1.0421815029133665,450,0.001089726401747617,,
29,sw_lints__corr__z48_a0p5_corr_pruned_top10,sw_lints,corr,z48_a0p5_corr_pruned_top10,48,10,MOM_pct_14_z|MACD_hist_pct_z|dist_to_low_24_sqrt_z|MOM_pct_30_z|range_sqrt_z|bb_width_20_sqrt_z|vol_ratio_72_log1p_z|body_sqrt_z|ret_accel_6_24_z|NATR_14_z,375.0,-4.254412978647679,True,dro_minimax_median,"[-74.0, 0.0]",-74.0,0.0,-4.254412978647679,-5.358432156183157,0.5,8.50464766661031,0.7337961103244833,426.0,124.0,5,3142|3143|3144|3145|3146,-4.254412978647679,-4.080618977659372,0.3025010632178236,-4.363352712455143,-3.6751820257532026,-5.358432156183157,-5.42049581454581,0.36978891472079645,0.0800480171789723,-5.358432156183157,-5.348601386964106,8.50464766661031,0.7337961103244833,426.0,124.0,4.0,7.689922480620155,4.0,8.0,0.7972972972972973,0.20270270270270271,10.0,0.2895,0.7105,1.0,0.995,sw_lints,0.1,1.3876580482862462,375,0.0015150479474166437,1.3876580482862462,375,0.0015150479474166437,,
30,sw_lints__corr__z48_a0p5_corr_pruned_top10,sw_lints,corr,z48_a0p5_corr_pruned_top10,48,10,MOM_pct_14_z|MACD_hist_pct_z|dist_to_low_24_sqrt_z|MOM_pct_30_z|range_sqrt_z|bb_width_20_sqrt_z|vol_ratio_72_log1p_z|body_sqrt_z|ret_accel_6_24_z|NATR_14_z,450.0,-3.638120399651935,True,dro_minimax_median,"[-74.0, 0.0]",-74.0,0.0,-3.638120399651935,-4.684829696425918,0.5,9.406711093737286,0.696265008619197,438.0,124.0,5,3142|3143|3144|3145|3146,-3.638120399651935,-4.165453424935825,0.8611429911805131,-5.4821178862320945,-3.5376102345288682,-4.684829696425918,-5.132762814621066,1.0326034565248439,-1.439915684835369,-4.684829696425918,-5.6253316319726485,9.406711093737286,0.696265008619197,438.0,124.0,4.0,6.746478873239437,4.0,6.0,0.8214285714285714,0.17857142857142858,9.0,0.2835,0.7165,1.0,0.995,sw_lints,0.1,2.0805453161927945,450,0.0013196693968887223,2.0805453161927945,450,0.0013196693968887223,,
31,sw_lints__corr__z48_a0p5_corr_pruned_top10,sw_lints,corr,z48_a0p5_corr_pruned_top10,48,10,MOM_pct_14_z|MACD_hist_pct_z|dist_to_low_24_sqrt_z|MOM_pct_30_z|range_sqrt_z|bb_width_20_sqrt_z|vol_ratio_72_log1p_z|body_sqrt_z|ret_accel_6_24_z|NATR_14_z,300.0,-3.7645249636367444,True,dro_minimax_median,"[-71.0, 0.0]",-71.0,0.0,-3.7645249636367444,-5.157158884806594,0.5,8.6114649963568,0.7060825777999135,379.0,121.0,5,3142|3143|3144|3145|3146,-3.7645249636367444,-3.898289907010539,0.526775682945681,-4.478383898948331,-3.1801307609369225,-5.157158884806594,-5.163489644025851,0.7063932969285909,-0.20590997515678167,-5.157158884806594,-5.19725556190308,8.6114649963568,0.7060825777999135,379.0,121.0,4.0,7.913385826771654,4.0,8.75,0.7777777777777778,0.2222222222222222,10.0,0.252,0.748,1.0,0.995,sw_lints,0.1,28.724323433861738,300,0.0013219009992045526,28.724323433861738,300,0.0013219009992045526,,
32,sw_lints__corr__z48_a0p5_corr_pruned_top10,sw_lints,corr,z48_a0p5_corr_pruned_top10,48,10,MOM_pct_14_z|MACD_hist_pct_z|dist_to_low_24_sqrt_z|MOM_pct_30_z|range_sqrt_z|bb_width_20_sqrt_z|vol_ratio_72_log1p_z|body_sqrt_z|ret_accel_6_24_z|NATR_14_z,425.0,-3.9606394047720523,True,dro_minimax_median,"[-81.0, 0.0]",-81.0,0.0,-3.9606394047720523,-5.178910079702614,0.5,8.719061474375668,0.7195042765149147,437.0,131.0,5,3142|3143|3144|3145|3146,-3.9606394047720523,-3.834966446258536,0.49097772678656254,-4.4851107056429855,-3.2967005238633016,-5.178910079702614,-4.950776702890555,0.5302638602838096,-0.3323265657356707,-5.178910079702614,-5.4805594809239695,8.719061474375668,0.7195042765149147,437.0,131.0,4.0,7.611940298507463,4.0,7.0,0.7972027972027972,0.20279720279720279,9.0,0.2815,0.7185,1.0,0.995,sw_lints,0.1,1.493992693788056,425,0.0010414657838038654,1.493992693788056,425,0.0010414657838038654,,
33,sw_lints__corr__z48_a0p5_corr_pruned_top10,sw_lints,corr,z48_a0p5_corr_pruned_top10,48,10,MOM_pct_14_z|MACD_hist_pct_z|dist_to_low_24_sqrt_z|MOM_pct_30_z|range_sqrt_z|bb_width_20_sqrt_z|vol_ratio_72_log1p_z|body_sqrt_z|ret_accel_6_24_z|NATR_14_z,450.0,-5.774268384623953,True,dro_minimax_median,"[-117.0, 0.0]",-117.0,0.0,-5.774268384623953,-7.250477165224115,0.5,10.701106787904536,0.6350005817295047,546.0,167.0,5,3142|3143|3144|3145|3146,-5.774268384623953,-5.802910968615715,0.635011485064641,-6.66566886289787,-5.193302841244385,-7.250477165224115,-7.055362135175497,0.6309212489477904,-1.646894218193414,-7.250477165224115,-8.472888600686327,10.701106787904536,0.6350005817295047,546.0,167.0,4.0,6.183431952662722,4.0,6.0,0.8780487804878049,0.12195121951219512,8.0,0.36150000000000004,0.6385,1.0,0.995,sw_lints,0.1,0.7522601365414836,450,0.03930040552270616,0.7522601365414836,450,0.03930040552270616,,
34,sw_lints__corr__z48_a0p5_corr_pruned_top10,sw_lints,corr,z48_a0p5_corr_pruned_top10,48,10,MOM_pct_14_z|MACD_hist_pct_z|dist_to_low_24_sqrt_z|MOM_pct_30_z|range_sqrt_z|bb_width_20_sqrt_z|vol_ratio_72_log1p_z|body_sqrt_z|ret_accel_6_24_z|NATR_14_z,450.0,-4.089046734427518,True,dro_minimax_median,"[-80.0, 0.0]",-80.0,0.0,-4.089046734427518,-5.397757266970811,0.5,8.634461733463471,0.6937661263691713,445.0,130.0,5,3142|3143|3144|3145|3146,-4.089046734427518,-4.0600759488922975,1.0027907592276954,-5.35955083760383,-2.7436762430039683,-5.397757266970811,-5.0696469661608035,1.1341773122185692,-0.7239003902530442,-5.397757266970811,-5.533539689394144,8.634461733463471,0.6937661263691713,445.0,130.0,4.0,6.611111111111111,4.0,6.0,0.8333333333333334,0.16666666666666666,9.0,0.28800000000000003,0.712,1.0,0.995,sw_lints,0.1,1.2930736648430006,450,0.0011139005752072314,1.2930736648430006,450,0.0011139005752072314,,
35,sw_lints__corr__z48_a0p5_corr_pruned_top10,sw_lints,corr,z48_a0p5_corr_pruned_top10,48,10,MOM_pct_14_z|MACD_hist_pct_z|dist_to_low_24_sqrt_z|MOM_pct_30_z|range_sqrt_z|bb_width_20_sqrt_z|vol_ratio_72_log1p_z|body_sqrt_z|ret_accel_6_24_z|NATR_14_z,450.0,-3.873893711828151,True,dro_minimax_median,"[-77.0, 0.0]",-77.0,0.0,-3.873893711828151,-5.049353769260316,0.5,8.456509860499938,0.707307340899763,441.0,127.0,5,3142|3143|3144|3145|3146,-3.873893711828151,-3.9272272736545135,0.5567777300565345,-4.729339914170289,-3.2550130882151267,-5.049353769260316,-4.915692594889417,0.8236896246129098,-1.1312041104154957,-5.049353769260316,-5.536479028539923,8.456509860499938,0.707307340899763,441.0,127.0,4.0,7.3106060606060606,4.0,7.0,0.816,0.184,9.0,0.27949999999999997,0.7205,1.0,0.995,sw_lints,0.1,0.6495524672998308,450,0.0010981998197618506,0.6495524672998308,450,0.0010981998197618506,,
36,sw_lints__corr__z48_a0p5_corr_pruned_top10,sw_lints,corr,z48_a0p5_corr_pruned_top10,48,10,MOM_pct_14_z|MACD_hist_pct_z|dist_to_low_24_sqrt_z|MOM_pct_30_z|range_sqrt_z|bb_width_20_sqrt_z|vol_ratio_72_log1p_z|body_sqrt_z|ret_accel_6_24_z|NATR_14_z,375.0,-4.060250861036174,True,dro_minimax_median,"[-73.0, 0.0]",-73.0,0.0,-4.060250861036174,-5.588362771900066,0.5,8.93663256792382,0.7824157950723645,420.0,123.0,5,3142|3143|3144|3145|3146,-4.060250861036174,-4.101798709709817,0.5803975082329059,-4.814345022205454,-3.3126874250554827,-5.588362771900066,-5.626929928482746,0.7256307888760335,0.5240848715555005,-5.588362771900066,-5.133304768455557,8.93663256792382,0.7824157950723645,420.0,123.0,4.0,7.844262295081967,4.0,8.0,0.7804878048780488,0.21951219512195122,10.0,0.26749999999999996,0.7325,1.0,0.995,sw_lints,0.1,0.5838791319546751,375,0.004195308814724546,0.5838791319546751,375,0.004195308814724546,,
37,sw_lints__corr__z48_a0p5_corr_pruned_top10,sw_lints,corr,z48_a0p5_corr_pruned_top10,48,10,MOM_pct_14_z|MACD_hist_pct_z|dist_to_low_24_sqrt_z|MOM_pct_30_z|range_sqrt_z|bb_width_20_sqrt_z|vol_ratio_72_log1p_z|body_sqrt_z|ret_accel_6_24_z|NATR_14_z,450.0,-3.9512824240605036,True,dro_minimax_median,"[-88.0, 0.0]",-88.0,0.0,-3.9512824240605036,-4.652255442050819,0.5,8.84930393684561,0.695134766093788,449.0,138.0,5,3142|3143|3144|3145|3146,-3.9512824240605036,-3.8402538601812637,0.9418197400638104,-4.992944618303137,-2.3972507958414013,-4.652255442050819,-4.800588887630943,1.2246318513752952,-0.8286498004549318,-4.652255442050819,-6.095673483190929,8.84930393684561,0.695134766093788,449.0,138.0,4.0,6.776978417266187,4.0,6.0,0.8156028368794326,0.18439716312056736,9.0,0.2815,0.7185,1.0,0.995,sw_lints,0.1,0.534533765010561,450,0.009160353509066623,0.534533765010561,450,0.009160353509066623,,
38,sw_lints__corr__z48_a0p5_corr_pruned_top10,sw_lints,corr,z48_a0p5_corr_pruned_top10,48,10,MOM_pct_14_z|MACD_hist_pct_z|dist_to_low_24_sqrt_z|MOM_pct_30_z|range_sqrt_z|bb_width_20_sqrt_z|vol_ratio_72_log1p_z|body_sqrt_z|ret_accel_6_24_z|NATR_14_z,450.0,-3.7964215269140738,True,dro_minimax_median,"[-72.0, 0.0]",-72.0,0.0,-3.7964215269140738,-4.768534439238203,0.5,8.41416469030113,0.706558903742692,433.0,122.0,5,3142|3143|3144|3145|3146,-3.7964215269140738,-3.7539476394883295,0.41375594059205395,-4.16151933484776,-3.3280461831306516,-4.768534439238203,-4.719151956283666,0.5900614804391615,-0.8800827899416866,-4.768534439238203,-5.598607445807757,8.41416469030113,0.706558903742692,433.0,122.0,4.0,6.869565217391305,4.0,6.75,0.82,0.18,9.0,0.27749999999999997,0.7225,1.0,0.995,sw_lints,0.1,0.6759711206843826,450,0.0021517270841244873,0.6759711206843826,450,0.0021517270841244873,,
39,sw_lints__corr__z48_a0p5_corr_pruned_top10,sw_lints,corr,z48_a0p5_corr_pruned_top10,48,10,MOM_pct_14_z|MACD_hist_pct_z|dist_to_low_24_sqrt_z|MOM_pct_30_z|range_sqrt_z|bb_width_20_sqrt_z|vol_ratio_72_log1p_z|body_sqrt_z|ret_accel_6_24_z|NATR_14_z,425.0,-4.006013800000401,True,dro_minimax_median,"[-82.0, 0.0]",-82.0,0.0,-4.006013800000401,-5.113344154716496,0.5,9.175467998584752,0.7346310243347608,444.0,132.0,5,3142|3143|3144|3145|3146,-4.006013800000401,-3.937435856098921,0.3403439380440056,-4.196610072211221,-3.362429006174915,-5.113344154716496,-5.022338293473417,0.5599663191693911,-0.7440228593458165,-5.113344154716496,-5.706164213152102,9.175467998584752,0.7346310243347608,444.0,132.0,4.0,7.755725190839694,4.0,6.25,0.8106060606060606,0.1893939393939394,8.0,0.2895,0.7105,1.0,0.995,sw_lints,0.1,1.2993156090309192,425,0.002744411162396901,1.2993156090309192,425,0.002744411162396901,,
40,sw_lints__corr__z48_a0p5_corr_pruned_top10,sw_lints,corr,z48_a0p5_corr_pruned_top10,48,10,MOM_pct_14_z|MACD_hist_pct_z|dist_to_low_24_sqrt_z|MOM_pct_30_z|range_sqrt_z|bb_width_20_sqrt_z|vol_ratio_72_log1p_z|body_sqrt_z|ret_accel_6_24_z|NATR_14_z,400.0,-4.0798722540918835,True,dro_minimax_median,"[-75.0, 0.0]",-75.0,0.0,-4.0798722540918835,-5.050196093930474,0.5,8.271646848391113,0.7160882238372563,440.0,125.0,5,3142|3143|3144|3145|3146,-4.0798722540918835,-4.002226801077532,0.23589843541637665,-4.148038197180361,-3.584434082989376,-5.050196093930474,-5.069283176463575,0.41268427202163904,-0.9547949156763232,-5.050196093930474,-5.895262733009921,8.271646848391113,0.7160882238372563,440.0,125.0,4.0,7.648854961832061,4.0,7.0,0.8091603053435115,0.19083969465648856,9.0,0.27949999999999997,0.7205,1.0,0.995,sw_lints,0.1,0.8815251905804645,400,0.0010031523946493128,0.8815251905804645,400,0.0010031523946493128,,
41,sw_lints__corr__z48_a0p5_corr_pruned_top10,sw_lints,corr,z48_a0p5_corr_pruned_top10,48,10,MOM_pct_14_z|MACD_hist_pct_z|dist_to_low_24_sqrt_z|MOM_pct_30_z|range_sqrt_z|bb_width_20_sqrt_z|vol_ratio_72_log1p_z|body_sqrt_z|ret_accel_6_24_z|NATR_14_z,450.0,-4.02370006554348,True,dro_minimax_median,"[-78.0, 0.0]",-78.0,0.0,-4.02370006554348,-4.706895603519253,0.5,9.059178159092497,0.6808861964046856,440.0,128.0,5,3142|3143|3144|3145|3146,-4.02370006554348,-3.9223671357284884,0.5831216658622829,-4.5455314835114295,-3.0615138871746916,-4.706895603519253,-4.752091505107171,0.8288458637349844,-1.263602452626289,-4.706895603519253,-6.4411269866426935,9.059178159092497,0.6808861964046856,440.0,128.0,4.0,6.739130434782608,4.0,6.0,0.8201438848920863,0.17985611510791366,9.5,0.27749999999999997,0.7225,1.0,0.995,sw_lints,0.1,1.6506640604111011,450,0.0015710903842139179,1.6506640604111011,450,0.0015710903842139179,,
42,sw_lints__corr__z48_a0p5_corr_pruned_top10,sw_lints,corr,z48_a0p5_corr_pruned_top10,48,10,MOM_pct_14_z|MACD_hist_pct_z|dist_to_low_24_sqrt_z|MOM_pct_30_z|range_sqrt_z|bb_width_20_sqrt_z|vol_ratio_72_log1p_z|body_sqrt_z|ret_accel_6_24_z|NATR_14_z,450.0,-3.9053628674165033,True,dro_minimax_median,"[-74.0, 0.0]",-74.0,0.0,-3.9053628674165033,-4.718931165349919,0.5,9.262510197263275,0.6861139603039532,426.0,124.0,5,3142|3143|3144|3145|3146,-3.9053628674165033,-3.924667646283345,0.47221576124345127,-4.693763679334753,-3.4610478347092606,-4.718931165349919,-4.759032751447696,0.4914534335779265,-1.2786138799625313,-4.718931165349919,-5.616598821173617,9.262510197263275,0.6861139603039532,426.0,124.0,4.0,6.86231884057971,4.0,6.75,0.8076923076923077,0.19230769230769232,9.0,0.27549999999999997,0.7245,1.0,0.995,sw_lints,0.1,1.9966816460394208,450,0.0019003797217692412,1.9966816460394208,450,0.0019003797217692412,,
43,sw_lints__corr__z48_a0p5_corr_pruned_top10,sw_lints,corr,z48_a0p5_corr_pruned_top10,48,10,MOM_pct_14_z|MACD_hist_pct_z|dist_to_low_24_sqrt_z|MOM_pct_30_z|range_sqrt_z|bb_width_20_sqrt_z|vol_ratio_72_log1p_z|body_sqrt_z|ret_accel_6_24_z|NATR_14_z,400.0,-4.847694983557343,True,dro_minimax_median,"[-74.0, 0.0]",-74.0,0.0,-4.847694983557343,-5.9209325377137745,0.5,11.06604581027324,0.6357572871247176,443.0,124.0,5,3142|3143|3144|3145|3146,-4.847694983557343,-4.615311190107603,0.6540241959537034,-5.238457520090306,-3.6072193845070144,-5.9209325377137745,-5.773765278150975,0.906205828836267,-1.0497570449124656,-5.9209325377137745,-6.880892242496979,11.06604581027324,0.6357572871247176,443.0,124.0,4.0,7.793333333333333,4.0,8.0,0.8133333333333334,0.18666666666666668,9.0,0.2895,0.7105,1.0,0.995,sw_lints,0.1,3.7838880768424237,400,0.001618525703036894,3.7838880768424237,400,0.001618525703036894,,
44,sw_lints__corr__z48_a0p5_corr_pruned_top10,sw_lints,corr,z48_a0p5_corr_pruned_top10,48,10,MOM_pct_14_z|MACD_hist_pct_z|dist_to_low_24_sqrt_z|MOM_pct_30_z|range_sqrt_z|bb_width_20_sqrt_z|vol_ratio_72_log1p_z|body_sqrt_z|ret_accel_6_24_z|NATR_14_z,175.0,-4.526468599802153,True,dro_minimax_median,"[-76.0, 0.0]",-76.0,0.0,-4.526468599802153,-5.051790324172287,0.5,10.514404334379035,0.6506080018327864,404.0,126.0,5,3142|3143|3144|3145|3146,-4.526468599802153,-4.481954588586044,0.5350024786479489,-5.195113163788784,-3.9289207167371947,-5.051790324172287,-4.941008270861745,0.6983106456563929,-2.944559514153988,-5.051790324172287,-7.692251482186186,10.514404334379035,0.6506080018327864,404.0,126.0,4.0,7.517985611510792,4.0,8.75,0.762589928057554,0.23741007194244604,10.0,0.26949999999999996,0.7305,1.0,0.995,sw_lints,0.1,2.348391824989587,175,0.0014790596599432797,2.348391824989587,175,0.0014790596599432797,,
45,sw_lints__corr__z48_a0p5_corr_pruned_top10,sw_lints,corr,z48_a0p5_corr_pruned_top10,48,10,MOM_pct_14_z|MACD_hist_pct_z|dist_to_low_24_sqrt_z|MOM_pct_30_z|range_sqrt_z|bb_width_20_sqrt_z|vol_ratio_72_log1p_z|body_sqrt_z|ret_accel_6_24_z|NATR_14_z,450.0,-3.669391177011706,True,dro_minimax_median,"[-82.0, 0.0]",-82.0,0.0,-3.669391177011706,-4.3988638917019465,0.5,8.15747800761315,0.7077441480047688,441.0,132.0,5,3142|3143|3144|3145|3146,-3.669391177011706,-3.6667793090477474,0.36894920163033623,-4.132737457295568,-3.1112621084045324,-4.3988638917019465,-4.430409116646988,0.42685348744244084,-1.4809730329409836,-4.3988638917019465,-5.960421849048333,8.15747800761315,0.7077441480047688,441.0,132.0,4.0,6.871428571428571,4.0,6.25,0.8169014084507042,0.18309859154929578,9.0,0.28400000000000003,0.716,1.0,0.995,sw_lints,0.1,3.1802504424977296,450,0.008328345049999446,3.1802504424977296,450,0.008328345049999446,,
46,sw_lints__corr__z48_a0p5_corr_pruned_top10,sw_lints,corr,z48_a0p5_corr_pruned_top10,48,10,MOM_pct_14_z|MACD_hist_pct_z|dist_to_low_24_sqrt_z|MOM_pct_30_z|range_sqrt_z|bb_width_20_sqrt_z|vol_ratio_72_log1p_z|body_sqrt_z|ret_accel_6_24_z|NATR_14_z,450.0,-3.758837246183238,True,dro_minimax_median,"[-75.0, 0.0]",-75.0,0.0,-3.758837246183238,-4.893569087635141,0.5,7.967605603572325,0.7444762761323326,429.0,125.0,5,3142|3143|3144|3145|3146,-3.758837246183238,-3.788610974697204,0.7872171755219518,-4.904392960969224,-3.045405836124089,-4.893569087635141,-4.779023489423731,1.0531334882157612,-0.5418487345197306,-4.893569087635141,-5.207554658780697,7.967605603572325,0.7444762761323326,429.0,125.0,4.0,6.977611940298507,4.0,6.0,0.8134328358208955,0.1865671641791045,10.0,0.27349999999999997,0.7265,1.0,0.995,sw_lints,0.1,1.7314649489785559,450,0.0011938675493737862,1.7314649489785559,450,0.0011938675493737862,,
47,sw_lints__corr__z48_a0p5_corr_pruned_top10,sw_lints,corr,z48_a0p5_corr_pruned_top10,48,10,MOM_pct_14_z|MACD_hist_pct_z|dist_to_low_24_sqrt_z|MOM_pct_30_z|range_sqrt_z|bb_width_20_sqrt_z|vol_ratio_72_log1p_z|body_sqrt_z|ret_accel_6_24_z|NATR_14_z,250.0,-4.599433798891841,True,dro_minimax_median,"[-73.0, 0.0]",-73.0,0.0,-4.599433798891841,-6.2462159939943085,0.5,11.010947709007734,0.6847238372750912,401.0,123.0,5,3142|3143|3144|3145|3146,-4.599433798891841,-4.718101755868213,0.4816422784213006,-5.22991429439633,-4.258097414921048,-6.2462159939943085,-6.200039509258942,0.5454993963934474,-0.2977291282701781,-6.2462159939943085,-5.9392754685334666,11.010947709007734,0.6847238372750912,401.0,123.0,4.0,8.088888888888889,4.0,9.0,0.7801418439716312,0.2198581560283688,10.0,0.274,0.726,1.0,0.995,sw_lints,0.1,22.54030178873006,250,0.005216299377264934,22.54030178873006,250,0.005216299377264934,,
48,sw_lints__corr__z48_a0p5_corr_pruned_top10,sw_lints,corr,z48_a0p5_corr_pruned_top10,48,10,MOM_pct_14_z|MACD_hist_pct_z|dist_to_low_24_sqrt_z|MOM_pct_30_z|range_sqrt_z|bb_width_20_sqrt_z|vol_ratio_72_log1p_z|body_sqrt_z|ret_accel_6_24_z|NATR_14_z,450.0,-4.003258272525415,True,dro_minimax_median,"[-78.0, 0.0]",-78.0,0.0,-4.003258272525415,-5.107445752231565,0.5,8.116569398362827,0.7450954246249134,437.0,128.0,5,3142|3143|3144|3145|3146,-4.003258272525415,-3.9269625656221914,0.5767563089895206,-4.531166281895697,-3.3249135156512883,-5.107445752231565,-4.772078666507825,0.793728104538467,-1.3937613296527873,-5.107445752231565,-5.722381247380359,8.116569398362827,0.7450954246249134,437.0,128.0,4.0,6.8,4.0,6.0,0.8214285714285714,0.17857142857142858,9.0,0.27949999999999997,0.7205,1.0,0.995,sw_lints,0.1,1.2269736334491606,450,0.002161459268712927,1.2269736334491606,450,0.002161459268712927,,
49,sw_lints__corr__z48_a0p5_corr_pruned_top10,sw_lints,corr,z48_a0p5_corr_pruned_top10,48,10,MOM_pct_14_z|MACD_hist_pct_z|dist_to_low_24_sqrt_z|MOM_pct_30_z|range_sqrt_z|bb_width_20_sqrt_z|vol_ratio_72_log1p_z|body_sqrt_z|ret_accel_6_24_z|NATR_14_z,450.0,-4.314396442081648,True,dro_minimax_median,"[-79.0, 0.0]",-79.0,0.0,-4.314396442081648,-5.352119286337001,0.5,10.697255204069966,0.6404152350780004,443.0,129.0,5,3142|3143|3144|3145|3146,-4.314396442081648,-4.2440367578013305,0.5444413332411044,-4.708131979763889,-3.3353582132438704,-5.352119286337001,-5.225418121881436,0.5985469747594394,-1.4459048333396247,-5.352119286337001,-6.557602812077353,10.697255204069966,0.6404152350780004,443.0,129.0,4.0,7.110294117647059,4.0,8.0,0.7923076923076923,0.2076923076923077,9.0,0.27149999999999996,0.7285,1.0,0.995,sw_lints,0.1,1.2549676302609307,450,0.0010151989107510023,1.2549676302609307,450,0.0010151989107510023,,
0,sw_lints__hybrid__z72_a0p5_hybrid_corr5_bsstablehie5_top10,sw_lints,hybrid,z72_a0p5_hybrid_corr5_bsstablehie5_top10,72,10,MOM_pct_14_z|vol_expansion_72_log1p_z|MACD_hist_pct_z|vol_ratio_72_log1p_z|ema_spread_9_21_z|ema_spread_100_200_z|ADX_72_scaled|ema_spread_50_100_z|ADX_30_scaled|dist_to_high_168_sqrt_z,325.0,-2.9837029855719193,True,dro_minimax_median,"[-64.0, 0.0]",-64.0,0.0,-2.9837029855719193,-3.7774581500583664,0.5,8.773642130571325,0.7288456308582357,394.0,114.0,5,3142|3143|3144|3145|3146,-2.9837029855719193,-3.048538780413454,0.6943502464830589,-3.876191738001177,-2.026939734531939,-3.7774581500583664,-3.5486475053280606,0.9769275686207936,-1.5969568493209632,-3.7774581500583664,-4.878216955798934,8.773642130571325,0.7288456308582357,394.0,114.0,4.0,7.232,4.0,6.0,0.8833333333333333,0.11666666666666667,9.0,0.25149999999999995,0.7485,1.0,0.995,sw_lints,0.1,1.0,325,0.03,1.0,325,0.03,,
1,sw_lints__hybrid__z72_a0p5_hybrid_corr5_bsstablehie5_top10,sw_lints,hybrid,z72_a0p5_hybrid_corr5_bsstablehie5_top10,72,10,MOM_pct_14_z|vol_expansion_72_log1p_z|MACD_hist_pct_z|vol_ratio_72_log1p_z|ema_spread_9_21_z|ema_spread_100_200_z|ADX_72_scaled|ema_spread_50_100_z|ADX_30_scaled|dist_to_high_168_sqrt_z,375.0,-3.6681377793842915,True,dro_minimax_median,"[-71.0, 0.0]",-71.0,0.0,-3.6681377793842915,-4.444100927103416,0.5,9.023550301439453,0.6368733334369352,408.0,121.0,5,3142|3143|3144|3145|3146,-3.6681377793842915,-3.6816069235123954,0.8993486280290403,-5.004719987372152,-2.475600294813129,-4.444100927103416,-4.4521303189486385,1.0488703561597645,-1.6311915404504458,-4.444100927103416,-5.989962230505934,9.023550301439453,0.6368733334369352,408.0,121.0,4.0,7.006849315068493,4.0,6.0,0.859504132231405,0.14049586776859505,9.0,0.26349999999999996,0.7365,1.0,0.995,sw_lints,0.1,0.7630340364993864,375,0.03288600341424091,0.7630340364993864,375,0.03288600341424091,,
2,sw_lints__hybrid__z72_a0p5_hybrid_corr5_bsstablehie5_top10,sw_lints,hybrid,z72_a0p5_hybrid_corr5_bsstablehie5_top10,72,10,MOM_pct_14_z|vol_expansion_72_log1p_z|MACD_hist_pct_z|vol_ratio_72_log1p_z|ema_spread_9_21_z|ema_spread_100_200_z|ADX_72_scaled|ema_spread_50_100_z|ADX_30_scaled|dist_to_high_168_sqrt_z,350.0,-3.1754281063604965,True,dro_minimax_median,"[-81.0, 0.0]",-81.0,0.0,-3.1754281063604965,-3.9144650981357256,0.5,7.831312504048538,0.7424107525745705,421.0,131.0,5,3142|3143|3144|3145|3146,-3.1754281063604965,-3.216689341930226,1.1914706492077838,-4.264691642797743,-1.3531814287440584,-3.9144650981357256,-3.9526210067501673,1.2898556688365597,-0.9583171310348101,-3.9144650981357256,-4.876707642419202,7.831312504048538,0.7424107525745705,421.0,131.0,4.0,6.22463768115942,4.0,6.0,0.8848920863309353,0.11510791366906475,9.0,0.27549999999999997,0.7245,1.0,0.995,sw_lints,0.1,2.078420280073592,350,0.03200610675779633,2.078420280073592,350,0.03200610675779633,,
3,sw_lints__hybrid__z72_a0p5_hybrid_corr5_bsstablehie5_top10,sw_lints,hybrid,z72_a0p5_hybrid_corr5_bsstablehie5_top10,72,10,MOM_pct_14_z|vol_expansion_72_log1p_z|MACD_hist_pct_z|vol_ratio_72_log1p_z|ema_spread_9_21_z|ema_spread_100_200_z|ADX_72_scaled|ema_spread_50_100_z|ADX_30_scaled|dist_to_high_168_sqrt_z,425.0,-2.948028750258436,True,dro_minimax_median,"[-36.0, 0.0]",-36.0,0.0,-2.948028750258436,-4.170900341331351,0.5,5.149819658143818,0.8434128172203315,316.0,86.0,5,3142|3143|3144|3145|3146,-2.948028750258436,-2.843189378553112,1.4300679631717979,-4.318725755576572,-0.50793543605016,-4.170900341331351,-3.8779711538892307,2.04838379351715,0.7205860229603086,-4.170900341331351,-3.490110531348589,5.149819658143818,0.8434128172203315,316.0,86.0,4.0,8.707865168539326,4.0,8.5,0.7676767676767676,0.23232323232323232,10.0,0.20550000000000002,0.7945,1.0,0.995,sw_lints,0.1,2.138870492726761,425,0.00975423826382478,2.138870492726761,425,0.00975423826382478,,
4,sw_lints__hybrid__z72_a0p5_hybrid_corr5_bsstablehie5_top10,sw_lints,hybrid,z72_a0p5_hybrid_corr5_bsstablehie5_top10,72,10,MOM_pct_14_z|vol_expansion_72_log1p_z|MACD_hist_pct_z|vol_ratio_72_log1p_z|ema_spread_9_21_z|ema_spread_100_200_z|ADX_72_scaled|ema_spread_50_100_z|ADX_30_scaled|dist_to_high_168_sqrt_z,325.0,-2.774806490388848,True,dro_minimax_median,"[-42.0, 0.0]",-42.0,0.0,-2.774806490388848,-3.1132794899577063,0.5,7.416697737706146,0.6925644136015803,299.0,92.0,5,3142|3143|3144|3145|3146,-2.774806490388848,-2.660631861228704,0.2886456094892206,-2.875021760289867,-2.1560250914950982,-3.1132794899577063,-3.053220989316773,0.42119109579593345,-1.2937587342649048,-3.1132794899577063,-4.288622471967082,7.416697737706146,0.6925644136015803,299.0,92.0,4.0,8.086021505376344,4.0,7.25,0.8181818181818182,0.18181818181818182,11.0,0.1935,0.8065,1.0,0.995,sw_lints,0.1,3.5214433218841976,325,0.0030261592016370457,3.5214433218841976,325,0.0030261592016370457,,
5,sw_lints__hybrid__z72_a0p5_hybrid_corr5_bsstablehie5_top10,sw_lints,hybrid,z72_a0p5_hybrid_corr5_bsstablehie5_top10,72,10,MOM_pct_14_z|vol_expansion_72_log1p_z|MACD_hist_pct_z|vol_ratio_72_log1p_z|ema_spread_9_21_z|ema_spread_100_200_z|ADX_72_scaled|ema_spread_50_100_z|ADX_30_scaled|dist_to_high_168_sqrt_z,450.0,-2.882338016705601,True,dro_minimax_median,"[-35.0, 0.0]",-35.0,0.0,-2.882338016705601,-4.2466974827410615,0.5,7.103798502352698,0.7660028265273825,312.0,85.0,5,3142|3143|3144|3145|3146,-2.882338016705601,-2.7294153810735593,0.4319000887316286,-3.1170056450968247,-2.087153243275883,-4.2466974827410615,-3.958136016351852,0.5880920896915446,0.9474304684492063,-4.2466974827410615,-3.140850269231643,7.103798502352698,0.7660028265273825,312.0,85.0,4.0,8.4375,4.0,7.0,0.7938144329896907,0.20618556701030927,10.0,0.1955,0.8045,1.0,0.995,sw_lints,0.1,15.69541975891441,450,0.0012327337848189793,15.69541975891441,450,0.0012327337848189793,,
6,sw_lints__hybrid__z72_a0p5_hybrid_corr5_bsstablehie5_top10,sw_lints,hybrid,z72_a0p5_hybrid_corr5_bsstablehie5_top10,72,10,MOM_pct_14_z|vol_expansion_72_log1p_z|MACD_hist_pct_z|vol_ratio_72_log1p_z|ema_spread_9_21_z|ema_spread_100_200_z|ADX_72_scaled|ema_spread_50_100_z|ADX_30_scaled|dist_to_high_168_sqrt_z,450.0,-2.3502792126137932,True,dro_minimax_median,"[-16.0, 0.0]",-16.0,0.0,-2.3502792126137932,-3.3475429982281484,0.5,4.901022756477058,0.8114186887080055,243.0,66.0,5,3142|3143|3144|3145|3146,-2.3502792126137932,-2.283937973302119,1.1747810662723017,-3.50710092974319,-1.0376516461554288,-3.3475429982281484,-3.1456928700790394,1.464465856717702,0.42662184883388576,-3.3475429982281484,-2.770272589516613,4.901022756477058,0.8114186887080055,243.0,66.0,4.0,9.105263157894736,4.0,8.0,0.7868852459016393,0.21311475409836064,9.5,0.14949999999999997,0.8505,1.0,0.995,sw_lints,0.1,0.9619122909945217,450,0.001502251055102193,0.9619122909945217,450,0.001502251055102193,,
7,sw_lints__hybrid__z72_a0p5_hybrid_corr5_bsstablehie5_top10,sw_lints,hybrid,z72_a0p5_hybrid_corr5_bsstablehie5_top10,72,10,MOM_pct_14_z|vol_expansion_72_log1p_z|MACD_hist_pct_z|vol_ratio_72_log1p_z|ema_spread_9_21_z|ema_spread_100_200_z|ADX_72_scaled|ema_spread_50_100_z|ADX_30_scaled|dist_to_high_168_sqrt_z,175.0,-2.2018412169350823,True,dro_minimax_median,"[-30.0, 0.0]",-30.0,0.0,-2.2018412169350823,-2.590067015684179,0.5,6.336382147777863,0.6850636798070815,270.0,80.0,5,3142|3143|3144|3145|3146,-2.2018412169350823,-2.1755351800577194,0.46798390856760647,-2.8376178927677476,-1.5575331759333788,-2.590067015684179,-2.537983649617161,0.6642743116069704,-1.0707989439814842,-2.590067015684179,-3.6024422125972015,6.336382147777863,0.6850636798070815,270.0,80.0,4.0,9.333333333333334,4.0,9.5,0.75,0.25,13.0,0.1835,0.8165,1.0,0.995,sw_lints,0.1,20.412398403780916,175,0.0024423499165259037,20.412398403780916,175,0.0024423499165259037,,
8,sw_lints__hybrid__z72_a0p5_hybrid_corr5_bsstablehie5_top10,sw_lints,hybrid,z72_a0p5_hybrid_corr5_bsstablehie5_top10,72,10,MOM_pct_14_z|vol_expansion_72_log1p_z|MACD_hist_pct_z|vol_ratio_72_log1p_z|ema_spread_9_21_z|ema_spread_100_200_z|ADX_72_scaled|ema_spread_50_100_z|ADX_30_scaled|dist_to_high_168_sqrt_z,425.0,-2.907595626276194,True,dro_minimax_median,"[-21.0, 0.0]",-21.0,0.0,-2.907595626276194,-3.8930825976410026,0.5,6.1135375331305974,0.7922097580525088,271.0,71.0,5,3142|3143|3144|3145|3146,-2.907595626276194,-2.753570827997651,0.7347242788175126,-3.406077758754673,-1.6130001870954618,-3.8930825976410026,-3.7917054192733395,1.1102390314157153,0.2519673139793473,-3.8930825976410026,-3.591498933919253,6.1135375331305974,0.7922097580525088,271.0,71.0,4.0,9.295774647887324,4.0,10.0,0.7402597402597403,0.2597402597402597,10.0,0.1855,0.8145,1.0,0.995,sw_lints,0.1,2.452159774456762,425,0.0013954426460853785,2.452159774456762,425,0.0013954426460853785,,
9,sw_lints__hybrid__z72_a0p5_hybrid_corr5_bsstablehie5_top10,sw_lints,hybrid,z72_a0p5_hybrid_corr5_bsstablehie5_top10,72,10,MOM_pct_14_z|vol_expansion_72_log1p_z|MACD_hist_pct_z|vol_ratio_72_log1p_z|ema_spread_9_21_z|ema_spread_100_200_z|ADX_72_scaled|ema_spread_50_100_z|ADX_30_scaled|dist_to_high_168_sqrt_z,275.0,-2.365663166524277,True,dro_minimax_median,"[-42.0, 0.0]",-42.0,0.0,-2.365663166524277,-2.8230623320090817,0.5,7.267200937368967,0.7336789864546657,306.0,92.0,5,3142|3143|3144|3145|3146,-2.365663166524277,-2.320470264400329,0.3955263535548752,-2.6294909301592213,-1.6598033596269315,-2.8230623320090817,-2.755144280584592,0.4946533191367554,-1.4186516399683526,-2.8230623320090817,-3.7039468082776246,7.267200937368967,0.7336789864546657,306.0,92.0,4.0,7.9787234042553195,4.0,6.0,0.8137254901960784,0.18627450980392157,12.0,0.1995,0.8005,1.0,0.995,sw_lints,0.1,5.916295194021042,275,0.002426932299776966,5.916295194021042,275,0.002426932299776966,,
10,sw_lints__hybrid__z72_a0p5_hybrid_corr5_bsstablehie5_top10,sw_lints,hybrid,z72_a0p5_hybrid_corr5_bsstablehie5_top10,72,10,MOM_pct_14_z|vol_expansion_72_log1p_z|MACD_hist_pct_z|vol_ratio_72_log1p_z|ema_spread_9_21_z|ema_spread_100_200_z|ADX_72_scaled|ema_spread_50_100_z|ADX_30_scaled|dist_to_high_168_sqrt_z,175.0,-2.7251889804189426,True,dro_minimax_median,"[-28.0, 0.0]",-28.0,0.0,-2.7251889804189426,-3.246245942450724,0.5,7.312904820992139,0.736094604114136,272.0,78.0,5,3142|3143|3144|3145|3146,-2.7251889804189426,-2.427481516415606,0.6900335189063715,-3.1005746949264426,-1.3833323834648876,-3.246245942450724,-3.009432738518716,0.7535814899397952,-0.7981791525439504,-3.246245942450724,-4.249318510798898,7.312904820992139,0.736094604114136,272.0,78.0,4.0,9.32,4.0,10.0,0.7419354838709677,0.25806451612903225,13.5,0.1815,0.8185,1.0,0.995,sw_lints,0.1,27.310950144357435,175,0.00523719076251254,27.310950144357435,175,0.00523719076251254,,
11,sw_lints__hybrid__z72_a0p5_hybrid_corr5_bsstablehie5_top10,sw_lints,hybrid,z72_a0p5_hybrid_corr5_bsstablehie5_top10,72,10,MOM_pct_14_z|vol_expansion_72_log1p_z|MACD_hist_pct_z|vol_ratio_72_log1p_z|ema_spread_9_21_z|ema_spread_100_200_z|ADX_72_scaled|ema_spread_50_100_z|ADX_30_scaled|dist_to_high_168_sqrt_z,450.0,-2.4811861840770266,True,dro_minimax_median,"[-29.0, 0.0]",-29.0,0.0,-2.4811861840770266,-3.5438872531076986,0.5,6.405076688244882,0.7857766184050429,285.0,79.0,5,3142|3143|3144|3145|3146,-2.4811861840770266,-2.5648561327710895,0.820901092141536,-3.72610603168307,-1.7821440746687531,-3.5438872531076986,-3.6478028867846874,1.2412341059768468,0.5213987850068066,-3.5438872531076986,-2.8010004265402824,6.405076688244882,0.7857766184050429,285.0,79.0,4.0,8.633663366336634,4.0,6.75,0.8,0.2,8.0,0.1895,0.8105,1.0,0.995,sw_lints,0.1,0.6282427473342101,450,0.002571756177537649,0.6282427473342101,450,0.002571756177537649,,
12,sw_lints__hybrid__z72_a0p5_hybrid_corr5_bsstablehie5_top10,sw_lints,hybrid,z72_a0p5_hybrid_corr5_bsstablehie5_top10,72,10,MOM_pct_14_z|vol_expansion_72_log1p_z|MACD_hist_pct_z|vol_ratio_72_log1p_z|ema_spread_9_21_z|ema_spread_100_200_z|ADX_72_scaled|ema_spread_50_100_z|ADX_30_scaled|dist_to_high_168_sqrt_z,175.0,-3.486044713173791,True,dro_minimax_median,"[-30.0, 0.0]",-30.0,0.0,-3.486044713173791,-4.350785171387276,0.5,9.246020268908872,0.6054910423487004,293.0,80.0,5,3142|3143|3144|3145|3146,-3.486044713173791,-3.347819141714541,0.4420635089525332,-3.715223896298049,-2.6068334552861754,-4.350785171387276,-4.047522945854361,0.4986630201329971,-1.4473286366937455,-4.350785171387276,-5.513562608944729,9.246020268908872,0.6054910423487004,293.0,80.0,4.0,8.712871287128714,4.0,7.0,0.7946428571428571,0.20535714285714285,10.0,0.20350000000000001,0.7965,1.0,0.995,sw_lints,0.1,1.807836719897539,175,0.010520541306577232,1.807836719897539,175,0.010520541306577232,,
13,sw_lints__hybrid__z72_a0p5_hybrid_corr5_bsstablehie5_top10,sw_lints,hybrid,z72_a0p5_hybrid_corr5_bsstablehie5_top10,72,10,MOM_pct_14_z|vol_expansion_72_log1p_z|MACD_hist_pct_z|vol_ratio_72_log1p_z|ema_spread_9_21_z|ema_spread_100_200_z|ADX_72_scaled|ema_spread_50_100_z|ADX_30_scaled|dist_to_high_168_sqrt_z,250.0,-2.4362120794218196,True,dro_minimax_median,"[-38.0, 0.0]",-38.0,0.0,-2.4362120794218196,-2.7922244216275094,0.5,7.684656265232159,0.7102304314450635,286.0,88.0,5,3142|3143|3144|3145|3146,-2.4362120794218196,-2.297629209442674,0.41562197006387636,-2.7672644809305824,-1.8366931973725038,-2.7922244216275094,-2.6246926165092743,0.6740282876449325,-1.5692153911025297,-2.7922244216275094,-3.752336763565878,7.684656265232159,0.7102304314450635,286.0,88.0,4.0,8.045454545454545,4.0,6.25,0.8160919540229885,0.1839080459770115,11.0,0.1915,0.8085,1.0,0.995,sw_lints,0.1,16.474887660639027,250,0.0013121870770111885,16.474887660639027,250,0.0013121870770111885,,
14,sw_lints__hybrid__z72_a0p5_hybrid_corr5_bsstablehie5_top10,sw_lints,hybrid,z72_a0p5_hybrid_corr5_bsstablehie5_top10,72,10,MOM_pct_14_z|vol_expansion_72_log1p_z|MACD_hist_pct_z|vol_ratio_72_log1p_z|ema_spread_9_21_z|ema_spread_100_200_z|ADX_72_scaled|ema_spread_50_100_z|ADX_30_scaled|dist_to_high_168_sqrt_z,175.0,-3.0578371479804956,True,dro_minimax_median,"[-38.0, 0.0]",-38.0,0.0,-3.0578371479804956,-3.480765871882696,0.5,11.100946164019831,0.6691057141401731,279.0,88.0,5,3142|3143|3144|3145|3146,-3.0578371479804956,-3.145293192019674,0.2950086497289622,-3.5299983067519203,-2.814173962057397,-3.480765871882696,-3.5868373983420128,0.448111908345031,-1.7890509762738944,-3.480765871882696,-5.252921438786381,11.100946164019831,0.6691057141401731,279.0,88.0,4.0,9.181818181818182,4.0,8.75,0.7722772277227723,0.22772277227722773,12.0,0.1855,0.8145,1.0,0.995,sw_lints,0.1,10.649651947300455,175,0.002454022625394314,10.649651947300455,175,0.002454022625394314,,
15,sw_lints__hybrid__z72_a0p5_hybrid_corr5_bsstablehie5_top10,sw_lints,hybrid,z72_a0p5_hybrid_corr5_bsstablehie5_top10,72,10,MOM_pct_14_z|vol_expansion_72_log1p_z|MACD_hist_pct_z|vol_ratio_72_log1p_z|ema_spread_9_21_z|ema_spread_100_200_z|ADX_72_scaled|ema_spread_50_100_z|ADX_30_scaled|dist_to_high_168_sqrt_z,175.0,-3.4111557542005584,True,dro_minimax_median,"[-39.0, 0.0]",-39.0,0.0,-3.4111557542005584,-3.784640012700317,0.5,10.079390630272655,0.5999917464133022,283.0,89.0,5,3142|3143|3144|3145|3146,-3.4111557542005584,-3.109334400878188,0.7306942044724284,-3.732157002843297,-1.9465815391318253,-3.784640012700317,-3.4321441685400615,0.7536967765155295,-2.4088767657436394,-3.784640012700317,-5.990754935387591,10.079390630272655,0.5999917464133022,283.0,89.0,4.0,8.66326530612245,4.0,7.75,0.7864077669902912,0.21359223300970873,12.0,0.1935,0.8065,1.0,0.995,sw_lints,0.1,1.9151046081761005,175,0.0019201046754537747,1.9151046081761005,175,0.0019201046754537747,,
16,sw_lints__hybrid__z72_a0p5_hybrid_corr5_bsstablehie5_top10,sw_lints,hybrid,z72_a0p5_hybrid_corr5_bsstablehie5_top10,72,10,MOM_pct_14_z|vol_expansion_72_log1p_z|MACD_hist_pct_z|vol_ratio_72_log1p_z|ema_spread_9_21_z|ema_spread_100_200_z|ADX_72_scaled|ema_spread_50_100_z|ADX_30_scaled|dist_to_high_168_sqrt_z,375.0,-2.7235989025278973,True,dro_minimax_median,"[-25.0, 0.0]",-25.0,0.0,-2.7235989025278973,-3.5482394579056398,0.5,8.05149633094836,0.7699787164469865,274.0,75.0,5,3142|3143|3144|3145|3146,-2.7235989025278973,-2.6532239589386677,0.4152204113348158,-3.1118068755643784,-2.1763315296907737,-3.5482394579056398,-3.576867998803773,0.4288620177928621,0.2632134482154232,-3.5482394579056398,-3.1530428308783347,8.05149633094836,0.7699787164469865,274.0,75.0,4.0,8.808333333333334,4.0,8.0,0.7916666666666666,0.20833333333333334,12.0,0.16149999999999998,0.8385,1.0,0.995,sw_lints,0.1,0.7916464480420105,375,0.0010704108379616236,0.7916464480420105,375,0.0010704108379616236,,
17,sw_lints__hybrid__z72_a0p5_hybrid_corr5_bsstablehie5_top10,sw_lints,hybrid,z72_a0p5_hybrid_corr5_bsstablehie5_top10,72,10,MOM_pct_14_z|vol_expansion_72_log1p_z|MACD_hist_pct_z|vol_ratio_72_log1p_z|ema_spread_9_21_z|ema_spread_100_200_z|ADX_72_scaled|ema_spread_50_100_z|ADX_30_scaled|dist_to_high_168_sqrt_z,375.0,-3.8650062756244514,True,dro_minimax_median,"[-47.0, 0.0]",-47.0,0.0,-3.8650062756244514,-4.600636214066927,0.5,8.897751906498508,0.6639266668547361,308.0,97.0,5,3142|3143|3144|3145|3146,-3.8650062756244514,-3.7720874782625513,0.3643838513966633,-4.049785169089484,-3.1356160021366044,-4.600636214066927,-4.406237115306051,0.4926316011266429,-1.7591873072625106,-4.600636214066927,-6.18148239451899,8.897751906498508,0.6639266668547361,308.0,97.0,4.0,8.428571428571429,4.0,8.0,0.7666666666666667,0.23333333333333334,11.0,0.1955,0.8045,1.0,0.995,sw_lints,0.1,20.060161587663412,375,0.003944139067462897,20.060161587663412,375,0.003944139067462897,,
18,sw_lints__hybrid__z72_a0p5_hybrid_corr5_bsstablehie5_top10,sw_lints,hybrid,z72_a0p5_hybrid_corr5_bsstablehie5_top10,72,10,MOM_pct_14_z|vol_expansion_72_log1p_z|MACD_hist_pct_z|vol_ratio_72_log1p_z|ema_spread_9_21_z|ema_spread_100_200_z|ADX_72_scaled|ema_spread_50_100_z|ADX_30_scaled|dist_to_high_168_sqrt_z,450.0,-3.592397810790633,True,dro_minimax_median,"[-82.0, 0.0]",-82.0,0.0,-3.592397810790633,-4.902171578689322,0.5,8.678760980920652,0.7955754164575887,426.0,132.0,5,3142|3143|3144|3145|3146,-3.592397810790633,-3.575235753181545,0.6938178005231718,-4.6221311752098915,-2.7735561049145634,-4.902171578689322,-4.98032463025072,0.499405128871529,0.9394422676739881,-4.902171578689322,-4.01226821661966,8.678760980920652,0.7955754164575887,426.0,132.0,4.0,7.216216216216216,4.0,6.0,0.8529411764705882,0.14705882352941177,9.0,0.2835,0.7165,1.0,0.995,sw_lints,0.1,19.65623737471481,450,0.02668833798206117,19.65623737471481,450,0.02668833798206117,,
19,sw_lints__hybrid__z72_a0p5_hybrid_corr5_bsstablehie5_top10,sw_lints,hybrid,z72_a0p5_hybrid_corr5_bsstablehie5_top10,72,10,MOM_pct_14_z|vol_expansion_72_log1p_z|MACD_hist_pct_z|vol_ratio_72_log1p_z|ema_spread_9_21_z|ema_spread_100_200_z|ADX_72_scaled|ema_spread_50_100_z|ADX_30_scaled|dist_to_high_168_sqrt_z,225.0,-3.2934706396655375,True,dro_minimax_median,"[-79.0, 0.0]",-79.0,0.0,-3.2934706396655375,-4.470228279760272,0.5,9.410756122230834,0.6874117412271971,416.0,129.0,5,3142|3143|3144|3145|3146,-3.2934706396655375,-3.7447394486788554,0.9577802928979264,-5.243299357501078,-2.8109201640572605,-4.470228279760272,-4.492892981938179,1.1385775026672171,-1.917471348940051,-4.470228279760272,-5.372343183176617,9.410756122230834,0.6874117412271971,416.0,129.0,4.0,6.76978417266187,4.0,6.0,0.8692307692307693,0.13076923076923078,9.0,0.27749999999999997,0.7225,1.0,0.995,sw_lints,0.1,13.930696955132143,225,0.02620815938506841,13.930696955132143,225,0.02620815938506841,,
20,sw_lints__hybrid__z72_a0p5_hybrid_corr5_bsstablehie5_top10,sw_lints,hybrid,z72_a0p5_hybrid_corr5_bsstablehie5_top10,72,10,MOM_pct_14_z|vol_expansion_72_log1p_z|MACD_hist_pct_z|vol_ratio_72_log1p_z|ema_spread_9_21_z|ema_spread_100_200_z|ADX_72_scaled|ema_spread_50_100_z|ADX_30_scaled|dist_to_high_168_sqrt_z,350.0,-1.8724850499968473,True,dro_minimax_median,"[-19.0, 0.0]",-19.0,0.0,-1.8724850499968473,-2.6978345967110315,0.5,5.829229587831586,0.6983847502339403,240.0,69.0,5,3142|3143|3144|3145|3146,-1.8724850499968473,-2.214198893108162,0.7145021145635736,-3.192147375977403,-1.6155657352782153,-2.6978345967110315,-2.8846955358663027,0.9446086472650062,0.06817421766045495,-2.6978345967110315,-2.9013851638109105,5.829229587831586,0.6983847502339403,240.0,69.0,4.0,9.377777777777778,4.0,8.0,0.7738095238095238,0.2261904761904762,12.5,0.14949999999999997,0.8505,1.0,0.995,sw_lints,0.1,0.7349690094613386,350,0.003548423415631374,0.7349690094613386,350,0.003548423415631374,,
21,sw_lints__hybrid__z72_a0p5_hybrid_corr5_bsstablehie5_top10,sw_lints,hybrid,z72_a0p5_hybrid_corr5_bsstablehie5_top10,72,10,MOM_pct_14_z|vol_expansion_72_log1p_z|MACD_hist_pct_z|vol_ratio_72_log1p_z|ema_spread_9_21_z|ema_spread_100_200_z|ADX_72_scaled|ema_spread_50_100_z|ADX_30_scaled|dist_to_high_168_sqrt_z,300.0,-2.147653855889408,True,dro_minimax_median,"[-27.0, 0.0]",-27.0,0.0,-2.147653855889408,-2.295534513806219,0.5,7.827330493981899,0.6783729991184851,258.0,77.0,5,3142|3143|3144|3145|3146,-2.147653855889408,-2.0593226614402007,0.6777521276103174,-2.833610427500715,-0.9805144988622292,-2.295534513806219,-2.2423098998400226,0.7883728271081083,-1.7040118821389747,-2.295534513806219,-3.844650282083443,7.827330493981899,0.6783729991184851,258.0,77.0,4.0,9.247191011235955,4.0,8.0,0.782051282051282,0.21794871794871795,12.0,0.1755,0.8245,1.0,0.995,sw_lints,0.1,0.7669572657274145,300,0.0028268707608127453,0.7669572657274145,300,0.0028268707608127453,,
22,sw_lints__hybrid__z72_a0p5_hybrid_corr5_bsstablehie5_top10,sw_lints,hybrid,z72_a0p5_hybrid_corr5_bsstablehie5_top10,72,10,MOM_pct_14_z|vol_expansion_72_log1p_z|MACD_hist_pct_z|vol_ratio_72_log1p_z|ema_spread_9_21_z|ema_spread_100_200_z|ADX_72_scaled|ema_spread_50_100_z|ADX_30_scaled|dist_to_high_168_sqrt_z,300.0,-2.386699868868412,True,dro_minimax_median,"[-34.0, 0.0]",-34.0,0.0,-2.386699868868412,-2.724623612160156,0.5,8.040062748917364,0.7006315858740615,284.0,84.0,5,3142|3143|3144|3145|3146,-2.386699868868412,-2.276263841474146,0.46714616724612207,-2.8185082731607425,-1.6234673433855789,-2.724623612160156,-2.606069006008433,0.45588949283182667,-1.3729286389931799,-2.724623612160156,-4.081888299872997,8.040062748917364,0.7006315858740615,284.0,84.0,4.0,8.267326732673267,4.0,6.0,0.8048780487804879,0.1951219512195122,10.0,0.1815,0.8185,1.0,0.995,sw_lints,0.1,0.9456791545300935,300,0.003561087586374265,0.9456791545300935,300,0.003561087586374265,,
23,sw_lints__hybrid__z72_a0p5_hybrid_corr5_bsstablehie5_top10,sw_lints,hybrid,z72_a0p5_hybrid_corr5_bsstablehie5_top10,72,10,MOM_pct_14_z|vol_expansion_72_log1p_z|MACD_hist_pct_z|vol_ratio_72_log1p_z|ema_spread_9_21_z|ema_spread_100_200_z|ADX_72_scaled|ema_spread_50_100_z|ADX_30_scaled|dist_to_high_168_sqrt_z,325.0,-1.6175940272492286,True,dro_minimax_median,"[-26.0, 0.0]",-26.0,0.0,-1.6175940272492286,-2.2933703910764174,0.5,6.53587281401018,0.7419420931128758,268.0,76.0,5,3142|3143|3144|3145|3146,-1.6175940272492286,-1.9635178258741988,0.9020663730549541,-3.4929983913075286,-1.163449766641091,-2.2933703910764174,-2.409106993475273,0.7892357972415922,-0.09071526809893611,-2.2933703910764174,-1.841555051258614,6.53587281401018,0.7419420931128758,268.0,76.0,4.0,8.216494845360824,4.0,7.0,0.8144329896907216,0.18556701030927836,9.0,0.1835,0.8165,1.0,0.995,sw_lints,0.1,0.6749816279468608,325,0.0054802607591020605,0.6749816279468608,325,0.0054802607591020605,,
24,sw_lints__hybrid__z72_a0p5_hybrid_corr5_bsstablehie5_top10,sw_lints,hybrid,z72_a0p5_hybrid_corr5_bsstablehie5_top10,72,10,MOM_pct_14_z|vol_expansion_72_log1p_z|MACD_hist_pct_z|vol_ratio_72_log1p_z|ema_spread_9_21_z|ema_spread_100_200_z|ADX_72_scaled|ema_spread_50_100_z|ADX_30_scaled|dist_to_high_168_sqrt_z,300.0,-2.581174744667835,True,dro_minimax_median,"[-25.0, 0.0]",-25.0,0.0,-2.581174744667835,-3.2444175104349307,0.5,7.861091343922788,0.7339170184216136,252.0,75.0,5,3142|3143|3144|3145|3146,-2.581174744667835,-2.5888010258837855,0.5584131902184293,-3.2310141680655704,-1.7116012436981318,-3.2444175104349307,-3.0281697820719615,0.6333822799361399,-1.8978320567029898,-3.2444175104349307,-3.8397864104786072,7.861091343922788,0.7339170184216136,252.0,75.0,4.0,8.98913043478261,4.0,7.0,0.8076923076923077,0.19230769230769232,11.0,0.16549999999999998,0.8345,1.0,0.995,sw_lints,0.1,0.6382710270121268,300,0.0074635314272365715,0.6382710270121268,300,0.0074635314272365715,,
25,sw_lints__hybrid__z72_a0p5_hybrid_corr5_bsstablehie5_top10,sw_lints,hybrid,z72_a0p5_hybrid_corr5_bsstablehie5_top10,72,10,MOM_pct_14_z|vol_expansion_72_log1p_z|MACD_hist_pct_z|vol_ratio_72_log1p_z|ema_spread_9_21_z|ema_spread_100_200_z|ADX_72_scaled|ema_spread_50_100_z|ADX_30_scaled|dist_to_high_168_sqrt_z,350.0,-2.4646795519832363,True,dro_minimax_median,"[-20.0, 0.0]",-20.0,0.0,-2.4646795519832363,-3.0174466136348297,0.5,7.322263970700549,0.757396623464068,255.0,70.0,5,3142|3143|3144|3145|3146,-2.4646795519832363,-2.126741401150905,1.046314223193103,-3.1863149148460974,-0.9150899340045178,-3.0174466136348297,-2.867702518501395,1.1854409710011249,0.45190122872023064,-3.0174466136348297,-3.8043471551531614,7.322263970700549,0.757396623464068,255.0,70.0,4.0,9.242424242424242,4.0,7.75,0.8,0.2,11.0,0.15349999999999997,0.8465,1.0,0.995,sw_lints,0.1,0.5048825446706412,350,0.003234428485649722,0.5048825446706412,350,0.003234428485649722,,
26,sw_lints__hybrid__z72_a0p5_hybrid_corr5_bsstablehie5_top10,sw_lints,hybrid,z72_a0p5_hybrid_corr5_bsstablehie5_top10,72,10,MOM_pct_14_z|vol_expansion_72_log1p_z|MACD_hist_pct_z|vol_ratio_72_log1p_z|ema_spread_9_21_z|ema_spread_100_200_z|ADX_72_scaled|ema_spread_50_100_z|ADX_30_scaled|dist_to_high_168_sqrt_z,400.0,-2.8027310798483027,True,dro_minimax_median,"[-33.0, 0.0]",-33.0,0.0,-2.8027310798483027,-4.120410456489061,0.5,7.065892942614338,0.7941202228048598,281.0,83.0,5,3142|3143|3144|3145|3146,-2.8027310798483027,-2.985063209410678,1.0141484423019924,-4.296092696064161,-1.9334585344012918,-4.120410456489061,-3.945677017487597,1.3170136366642173,-0.33155314640683775,-4.120410456489061,-3.005181010282531,7.065892942614338,0.7941202228048598,281.0,83.0,4.0,7.907216494845361,4.0,8.0,0.8292682926829268,0.17073170731707318,9.5,0.1735,0.8265,1.0,0.995,sw_lints,0.1,0.5447512722564926,400,0.00886361337318795,0.5447512722564926,400,0.00886361337318795,,
27,sw_lints__hybrid__z72_a0p5_hybrid_corr5_bsstablehie5_top10,sw_lints,hybrid,z72_a0p5_hybrid_corr5_bsstablehie5_top10,72,10,MOM_pct_14_z|vol_expansion_72_log1p_z|MACD_hist_pct_z|vol_ratio_72_log1p_z|ema_spread_9_21_z|ema_spread_100_200_z|ADX_72_scaled|ema_spread_50_100_z|ADX_30_scaled|dist_to_high_168_sqrt_z,175.0,-2.9608159113428414,True,dro_minimax_median,"[-22.0, 0.0]",-22.0,0.0,-2.9608159113428414,-3.388933650788388,0.5,8.396892598474114,0.6339869678858454,247.0,72.0,5,3142|3143|3144|3145|3146,-2.9608159113428414,-2.9306965669762333,0.9847052341958662,-4.4323673985225085,-2.0269961315520195,-3.388933650788388,-3.3393643283478047,1.192545123177217,-1.7293523126000856,-3.388933650788388,-5.0167689472414745,8.396892598474114,0.6339869678858454,247.0,72.0,4.0,9.842696629213483,4.0,10.0,0.7215189873417721,0.27848101265822783,12.0,0.15949999999999998,0.8405,1.0,0.995,sw_lints,0.1,0.5524943426623434,175,0.003930786334415989,0.5524943426623434,175,0.003930786334415989,,
28,sw_lints__hybrid__z72_a0p5_hybrid_corr5_bsstablehie5_top10,sw_lints,hybrid,z72_a0p5_hybrid_corr5_bsstablehie5_top10,72,10,MOM_pct_14_z|vol_expansion_72_log1p_z|MACD_hist_pct_z|vol_ratio_72_log1p_z|ema_spread_9_21_z|ema_spread_100_200_z|ADX_72_scaled|ema_spread_50_100_z|ADX_30_scaled|dist_to_high_168_sqrt_z,250.0,-2.5650225964490487,True,dro_minimax_median,"[-28.0, 0.0]",-28.0,0.0,-2.5650225964490487,-3.0550335539886695,0.5,8.802746518666883,0.7128739804786342,272.0,78.0,5,3142|3143|3144|3145|3146,-2.5650225964490487,-2.6853705670661205,0.6689955586016757,-3.779657327526115,-2.1004345278944765,-3.0550335539886695,-3.2979560103121495,0.9127616212341461,-1.0949897238301864,-3.0550335539886695,-4.136667167026309,8.802746518666883,0.7128739804786342,272.0,78.0,4.0,8.868686868686869,4.0,8.5,0.7777777777777778,0.2222222222222222,11.0,0.1815,0.8185,1.0,0.995,sw_lints,0.1,0.9058600346829521,250,0.0013364198587827996,0.9058600346829521,250,0.0013364198587827996,,
29,sw_lints__hybrid__z72_a0p5_hybrid_corr5_bsstablehie5_top10,sw_lints,hybrid,z72_a0p5_hybrid_corr5_bsstablehie5_top10,72,10,MOM_pct_14_z|vol_expansion_72_log1p_z|MACD_hist_pct_z|vol_ratio_72_log1p_z|ema_spread_9_21_z|ema_spread_100_200_z|ADX_72_scaled|ema_spread_50_100_z|ADX_30_scaled|dist_to_high_168_sqrt_z,325.0,-2.6640225872004097,True,dro_minimax_median,"[-33.0, 0.0]",-33.0,0.0,-2.6640225872004097,-3.0777895210811423,0.5,7.109090987140176,0.6468875644405072,286.0,83.0,5,3142|3143|3144|3145|3146,-2.6640225872004097,-2.6721353489961457,0.3015661685288782,-3.0383596474204557,-2.325325506227228,-3.0777895210811423,-3.0291284967189545,0.4702103655641698,-1.5127091668108033,-3.0777895210811423,-4.571788702712198,7.109090987140176,0.6468875644405072,286.0,83.0,4.0,8.444444444444445,4.0,6.5,0.8383838383838383,0.16161616161616163,10.0,0.1935,0.8065,1.0,0.995,sw_lints,0.1,1.6150068890611666,325,0.006088928250280957,1.6150068890611666,325,0.006088928250280957,,
30,sw_lints__hybrid__z72_a0p5_hybrid_corr5_bsstablehie5_top10,sw_lints,hybrid,z72_a0p5_hybrid_corr5_bsstablehie5_top10,72,10,MOM_pct_14_z|vol_expansion_72_log1p_z|MACD_hist_pct_z|vol_ratio_72_log1p_z|ema_spread_9_21_z|ema_spread_100_200_z|ADX_72_scaled|ema_spread_50_100_z|ADX_30_scaled|dist_to_high_168_sqrt_z,375.0,-2.6593435088272264,True,dro_minimax_median,"[-41.0, 0.0]",-41.0,0.0,-2.6593435088272264,-3.7058351062017785,0.5,7.603145259914646,0.7293830064859199,307.0,91.0,5,3142|3143|3144|3145|3146,-2.6593435088272264,-3.135750320036062,0.9839584055928589,-4.683075990465996,-2.3076936651646025,-3.7058351062017785,-4.116417336068066,1.2002729501091345,-0.21907474075885855,-3.7058351062017785,-3.7663850487465083,7.603145259914646,0.7293830064859199,307.0,91.0,4.0,9.085106382978724,4.0,6.0,0.8217821782178217,0.1782178217821782,10.0,0.1955,0.8045,1.0,0.995,sw_lints,0.1,1.1536591102865277,375,0.004527519987980189,1.1536591102865277,375,0.004527519987980189,,
31,sw_lints__hybrid__z72_a0p5_hybrid_corr5_bsstablehie5_top10,sw_lints,hybrid,z72_a0p5_hybrid_corr5_bsstablehie5_top10,72,10,MOM_pct_14_z|vol_expansion_72_log1p_z|MACD_hist_pct_z|vol_ratio_72_log1p_z|ema_spread_9_21_z|ema_spread_100_200_z|ADX_72_scaled|ema_spread_50_100_z|ADX_30_scaled|dist_to_high_168_sqrt_z,300.0,-2.0601950980635566,True,dro_minimax_median,"[-21.0, 0.0]",-21.0,0.0,-2.0601950980635566,-2.1586392450534584,0.5,7.269411176273676,0.7358166752574927,261.0,71.0,5,3142|3143|3144|3145|3146,-2.0601950980635566,-1.9494100382249233,0.788914958935544,-2.849963926361382,-0.9725105723901126,-2.1586392450534584,-2.2723588232893714,1.069190498148596,-0.9130281517140718,-2.1586392450534584,-3.338684770661164,7.269411176273676,0.7358166752574927,261.0,71.0,4.0,8.756410256410257,4.0,6.0,0.8285714285714286,0.17142857142857143,10.0,0.1815,0.8185,1.0,0.995,sw_lints,0.1,0.9046419892974467,300,0.0020894528912570377,0.9046419892974467,300,0.0020894528912570377,,
32,sw_lints__hybrid__z72_a0p5_hybrid_corr5_bsstablehie5_top10,sw_lints,hybrid,z72_a0p5_hybrid_corr5_bsstablehie5_top10,72,10,MOM_pct_14_z|vol_expansion_72_log1p_z|MACD_hist_pct_z|vol_ratio_72_log1p_z|ema_spread_9_21_z|ema_spread_100_200_z|ADX_72_scaled|ema_spread_50_100_z|ADX_30_scaled|dist_to_high_168_sqrt_z,300.0,-1.8187941084529617,True,dro_minimax_median,"[-25.0, 0.0]",-25.0,0.0,-1.8187941084529617,-2.06009456759327,0.5,7.64009148174326,0.7454335921487972,254.0,75.0,5,3142|3143|3144|3145|3146,-1.8187941084529617,-2.0614474543620203,0.4897616781238598,-2.786526896317638,-1.6170386279507547,-2.06009456759327,-2.3454679396092084,0.5261437768341255,-1.7182681389068606,-1.9063249280544963,-3.2181603918249757,7.64009148174326,0.7454335921487972,254.0,75.0,4.0,9.425,4.0,7.0,0.7875,0.2125,10.5,0.16149999999999998,0.8385,1.0,0.995,sw_lints,0.1,0.8749878699592495,300,0.0021047828316381667,0.8749878699592495,300,0.0021047828316381667,,
33,sw_lints__hybrid__z72_a0p5_hybrid_corr5_bsstablehie5_top10,sw_lints,hybrid,z72_a0p5_hybrid_corr5_bsstablehie5_top10,72,10,MOM_pct_14_z|vol_expansion_72_log1p_z|MACD_hist_pct_z|vol_ratio_72_log1p_z|ema_spread_9_21_z|ema_spread_100_200_z|ADX_72_scaled|ema_spread_50_100_z|ADX_30_scaled|dist_to_high_168_sqrt_z,300.0,-1.944614668339024,True,dro_minimax_median,"[-30.0, 0.0]",-30.0,0.0,-1.944614668339024,-2.152582136327974,0.5,8.087283397454037,0.7698696486650282,266.0,80.0,5,3142|3143|3144|3145|3146,-1.944614668339024,-1.9557130282436297,0.6309486216226654,-2.704085779671452,-1.046757280098336,-2.152582136327974,-2.1246263992539887,0.743764840766062,-1.5675373121184721,-2.152582136327974,-3.452311944838419,8.087283397454037,0.7698696486650282,266.0,80.0,4.0,8.45,4.0,6.0,0.8349514563106796,0.1650485436893204,9.0,0.1735,0.8265,1.0,0.995,sw_lints,0.1,1.5992639106185478,300,0.001958354259317152,1.5992639106185478,300,0.001958354259317152,,
34,sw_lints__hybrid__z72_a0p5_hybrid_corr5_bsstablehie5_top10,sw_lints,hybrid,z72_a0p5_hybrid_corr5_bsstablehie5_top10,72,10,MOM_pct_14_z|vol_expansion_72_log1p_z|MACD_hist_pct_z|vol_ratio_72_log1p_z|ema_spread_9_21_z|ema_spread_100_200_z|ADX_72_scaled|ema_spread_50_100_z|ADX_30_scaled|dist_to_high_168_sqrt_z,325.0,-2.6733763509038573,True,dro_minimax_median,"[-35.0, 0.0]",-35.0,0.0,-2.6733763509038573,-3.0273530273710634,0.5,7.418231783865947,0.7448840516642521,299.0,85.0,5,3142|3143|3144|3145|3146,-2.6733763509038573,-2.542780985725616,0.4177669091681646,-2.8458759910381355,-1.8347428969120236,-3.0273530273710634,-2.7898033854759725,0.47804301926526793,-1.8603112409234843,-3.0273530273710634,-4.588858628777248,7.418231783865947,0.7448840516642521,299.0,85.0,4.0,8.22340425531915,4.0,8.0,0.776595744680851,0.22340425531914893,10.0,0.1995,0.8005,1.0,0.995,sw_lints,0.1,2.6734254084815254,325,0.00106796281140005,2.6734254084815254,325,0.00106796281140005,,
35,sw_lints__hybrid__z72_a0p5_hybrid_corr5_bsstablehie5_top10,sw_lints,hybrid,z72_a0p5_hybrid_corr5_bsstablehie5_top10,72,10,MOM_pct_14_z|vol_expansion_72_log1p_z|MACD_hist_pct_z|vol_ratio_72_log1p_z|ema_spread_9_21_z|ema_spread_100_200_z|ADX_72_scaled|ema_spread_50_100_z|ADX_30_scaled|dist_to_high_168_sqrt_z,300.0,-2.7679772765977875,True,dro_minimax_median,"[-56.0, 0.0]",-56.0,0.0,-2.7679772765977875,-3.160351719748515,0.5,7.494620577713917,0.6819835774716951,335.0,106.0,5,3142|3143|3144|3145|3146,-2.7679772765977875,-2.597503719270562,0.5975222292078513,-3.376110940725128,-1.8520365128529617,-3.160351719748515,-2.9439963578264705,0.7988682942443737,-1.806250805227257,-2.228796805937057,-4.742962743613673,7.494620577713917,0.6819835774716951,335.0,106.0,4.0,7.2110091743119265,4.0,6.0,0.8490566037735849,0.1509433962264151,9.0,0.22150000000000003,0.7785,1.0,0.995,sw_lints,0.1,7.417527751467793,300,0.01099778439739789,7.417527751467793,300,0.01099778439739789,,
36,sw_lints__hybrid__z72_a0p5_hybrid_corr5_bsstablehie5_top10,sw_lints,hybrid,z72_a0p5_hybrid_corr5_bsstablehie5_top10,72,10,MOM_pct_14_z|vol_expansion_72_log1p_z|MACD_hist_pct_z|vol_ratio_72_log1p_z|ema_spread_9_21_z|ema_spread_100_200_z|ADX_72_scaled|ema_spread_50_100_z|ADX_30_scaled|dist_to_high_168_sqrt_z,350.0,-2.2758825727827965,True,dro_minimax_median,"[-28.0, 0.0]",-28.0,0.0,-2.2758825727827965,-2.671701089864864,0.5,7.076006524455636,0.7242693040714415,257.0,78.0,5,3142|3143|3144|3145|3146,-2.2758825727827965,-2.2857548945859856,0.5637991814054735,-3.0237566756012795,-1.575558540908065,-2.671701089864864,-2.8896836848865677,0.632662481285323,0.13624759131860564,-2.671701089864864,-3.401151794675902,7.076006524455636,0.7242693040714415,257.0,78.0,4.0,8.976744186046512,4.0,7.0,0.8023255813953488,0.19767441860465115,9.0,0.1755,0.8245,1.0,0.995,sw_lints,0.1,1.4528672227379529,350,0.003643286086128825,1.4528672227379529,350,0.003643286086128825,,
37,sw_lints__hybrid__z72_a0p5_hybrid_corr5_bsstablehie5_top10,sw_lints,hybrid,z72_a0p5_hybrid_corr5_bsstablehie5_top10,72,10,MOM_pct_14_z|vol_expansion_72_log1p_z|MACD_hist_pct_z|vol_ratio_72_log1p_z|ema_spread_9_21_z|ema_spread_100_200_z|ADX_72_scaled|ema_spread_50_100_z|ADX_30_scaled|dist_to_high_168_sqrt_z,275.0,-2.596412443659341,True,dro_minimax_median,"[-27.0, 0.0]",-27.0,0.0,-2.596412443659341,-3.268445099135897,0.5,7.382160757802703,0.6955130109812767,252.0,77.0,5,3142|3143|3144|3145|3146,-2.596412443659341,-2.2158423381010737,0.7546001711933947,-2.8101288962320994,-1.1026864633447016,-3.268445099135897,-2.8198128564875136,1.085908285806836,-0.5803144772296746,-3.268445099135897,-3.6154086942573826,7.382160757802703,0.6955130109812767,252.0,77.0,4.0,8.670103092783505,4.0,6.75,0.8026315789473685,0.19736842105263158,12.0,0.16549999999999998,0.8345,1.0,0.995,sw_lints,0.1,1.6291830384996484,275,0.0015655825133881458,1.6291830384996484,275,0.0015655825133881458,,
38,sw_lints__hybrid__z72_a0p5_hybrid_corr5_bsstablehie5_top10,sw_lints,hybrid,z72_a0p5_hybrid_corr5_bsstablehie5_top10,72,10,MOM_pct_14_z|vol_expansion_72_log1p_z|MACD_hist_pct_z|vol_ratio_72_log1p_z|ema_spread_9_21_z|ema_spread_100_200_z|ADX_72_scaled|ema_spread_50_100_z|ADX_30_scaled|dist_to_high_168_sqrt_z,300.0,-2.431925651663522,True,dro_minimax_median,"[-49.0, 0.0]",-49.0,0.0,-2.431925651663522,-2.775094187329478,0.5,7.998487960124779,0.7387984955371234,334.0,99.0,5,3142|3143|3144|3145|3146,-2.431925651663522,-2.292321560302443,0.4354987799417894,-2.723571981085928,-1.638106033847873,-2.775094187329478,-2.6377960346247686,0.4676681185888414,-1.7932800036542442,-2.775094187329478,-3.955552768513678,7.998487960124779,0.7387984955371234,334.0,99.0,4.0,7.327102803738318,4.0,6.0,0.8403361344537815,0.15966386554621848,9.0,0.21550000000000002,0.7845,1.0,0.995,sw_lints,0.1,1.1571741155672208,300,0.01847027161398246,1.1571741155672208,300,0.01847027161398246,,
39,sw_lints__hybrid__z72_a0p5_hybrid_corr5_bsstablehie5_top10,sw_lints,hybrid,z72_a0p5_hybrid_corr5_bsstablehie5_top10,72,10,MOM_pct_14_z|vol_expansion_72_log1p_z|MACD_hist_pct_z|vol_ratio_72_log1p_z|ema_spread_9_21_z|ema_spread_100_200_z|ADX_72_scaled|ema_spread_50_100_z|ADX_30_scaled|dist_to_high_168_sqrt_z,350.0,-2.528914552196295,True,dro_minimax_median,"[-20.0, 0.0]",-20.0,0.0,-2.528914552196295,-3.422207651551105,0.5,6.999559732184957,0.7016179521906112,249.0,70.0,5,3142|3143|3144|3145|3146,-2.528914552196295,-2.396310463520306,0.41794090569037495,-2.856959006502728,-1.741263004507097,-3.422207651551105,-3.0801881566824583,0.8046239187308938,0.05948284920565724,-3.422207651551105,-3.2940713177501695,6.999559732184957,0.7016179521906112,249.0,70.0,4.0,8.833333333333334,4.0,9.0,0.7866666666666666,0.21333333333333335,12.0,0.15949999999999998,0.8405,1.0,0.995,sw_lints,0.1,0.5059492237962346,350,0.006876350186640352,0.5059492237962346,350,0.006876350186640352,,
40,sw_lints__hybrid__z72_a0p5_hybrid_corr5_bsstablehie5_top10,sw_lints,hybrid,z72_a0p5_hybrid_corr5_bsstablehie5_top10,72,10,MOM_pct_14_z|vol_expansion_72_log1p_z|MACD_hist_pct_z|vol_ratio_72_log1p_z|ema_spread_9_21_z|ema_spread_100_200_z|ADX_72_scaled|ema_spread_50_100_z|ADX_30_scaled|dist_to_high_168_sqrt_z,325.0,-1.9457298460628354,True,dro_minimax_median,"[-33.0, 0.0]",-33.0,0.0,-1.9457298460628354,-2.1905587393782566,0.5,6.616733060170176,0.7471926756795649,299.0,83.0,5,3142|3143|3144|3145|3146,-1.9457298460628354,-1.9330464254412192,0.5163647604081507,-2.6970857532825883,-1.3619545206605075,-2.1905587393782566,-2.255326516272784,0.536137188922703,-1.2112431661165712,-2.1905587393782566,-3.3612061827469746,6.616733060170176,0.7471926756795649,299.0,83.0,4.0,7.794117647058823,4.0,6.25,0.8285714285714286,0.17142857142857143,10.0,0.20950000000000002,0.7905,1.0,0.995,sw_lints,0.1,2.0055570658522495,325,0.002252512436996391,2.0055570658522495,325,0.002252512436996391,,
41,sw_lints__hybrid__z72_a0p5_hybrid_corr5_bsstablehie5_top10,sw_lints,hybrid,z72_a0p5_hybrid_corr5_bsstablehie5_top10,72,10,MOM_pct_14_z|vol_expansion_72_log1p_z|MACD_hist_pct_z|vol_ratio_72_log1p_z|ema_spread_9_21_z|ema_spread_100_200_z|ADX_72_scaled|ema_spread_50_100_z|ADX_30_scaled|dist_to_high_168_sqrt_z,300.0,-2.5025354482799855,True,dro_minimax_median,"[-34.0, 0.0]",-34.0,0.0,-2.5025354482799855,-2.651806303910912,0.5,8.414454899617086,0.7019750357399384,284.0,84.0,5,3142|3143|3144|3145|3146,-2.5025354482799855,-2.153832136892959,0.5852501148367909,-2.6539071858320575,-1.372376784214513,-2.651806303910912,-2.371769766072301,0.6438813173055178,-1.6653082423902177,-2.651806303910912,-4.291514542399492,8.414454899617086,0.7019750357399384,284.0,84.0,4.0,8.023255813953488,4.0,6.75,0.813953488372093,0.18604651162790697,9.5,0.1975,0.8025,1.0,0.995,sw_lints,0.1,2.5539315456844567,300,0.0030574555272840373,2.5539315456844567,300,0.0030574555272840373,,
42,sw_lints__hybrid__z72_a0p5_hybrid_corr5_bsstablehie5_top10,sw_lints,hybrid,z72_a0p5_hybrid_corr5_bsstablehie5_top10,72,10,MOM_pct_14_z|vol_expansion_72_log1p_z|MACD_hist_pct_z|vol_ratio_72_log1p_z|ema_spread_9_21_z|ema_spread_100_200_z|ADX_72_scaled|ema_spread_50_100_z|ADX_30_scaled|dist_to_high_168_sqrt_z,350.0,-2.4966675030740166,True,dro_minimax_median,"[-28.0, 0.0]",-28.0,0.0,-2.4966675030740166,-3.085921394674925,0.5,6.919471356805174,0.664740027009254,246.0,78.0,5,3142|3143|3144|3145|3146,-2.4966675030740166,-2.3364383463367693,0.6875823756738679,-2.921404475164807,-1.1491510372309917,-3.085921394674925,-2.9145677639015224,0.8241716252718106,-0.616133859551001,-3.085921394674925,-3.953547249340169,6.919471356805174,0.664740027009254,246.0,78.0,4.0,8.952941176470588,4.0,7.0,0.788235294117647,0.21176470588235294,11.0,0.16349999999999998,0.8365,1.0,0.995,sw_lints,0.1,1.6866067796329116,350,0.0022054232103508194,1.6866067796329116,350,0.0022054232103508194,,
43,sw_lints__hybrid__z72_a0p5_hybrid_corr5_bsstablehie5_top10,sw_lints,hybrid,z72_a0p5_hybrid_corr5_bsstablehie5_top10,72,10,MOM_pct_14_z|vol_expansion_72_log1p_z|MACD_hist_pct_z|vol_ratio_72_log1p_z|ema_spread_9_21_z|ema_spread_100_200_z|ADX_72_scaled|ema_spread_50_100_z|ADX_30_scaled|dist_to_high_168_sqrt_z,325.0,-2.3395153989365802,True,dro_minimax_median,"[-26.0, 0.0]",-26.0,0.0,-2.3395153989365802,-2.688698731286454,0.5,6.691314780026591,0.7168989189505754,256.0,76.0,5,3142|3143|3144|3145|3146,-2.3395153989365802,-2.5630109228957947,0.7361143047504674,-3.780444345314571,-1.87321912882062,-2.688698731286454,-3.019731075741603,0.9902997873293634,-1.0735381018948442,-2.688698731286454,-4.331213502666491,6.691314780026591,0.7168989189505754,256.0,76.0,4.0,9.177215189873417,4.0,6.75,0.8181818181818182,0.18181818181818182,11.0,0.1775,0.8225,1.0,0.995,sw_lints,0.1,1.2133259188955376,325,0.0016906251664279685,1.2133259188955376,325,0.0016906251664279685,,
44,sw_lints__hybrid__z72_a0p5_hybrid_corr5_bsstablehie5_top10,sw_lints,hybrid,z72_a0p5_hybrid_corr5_bsstablehie5_top10,72,10,MOM_pct_14_z|vol_expansion_72_log1p_z|MACD_hist_pct_z|vol_ratio_72_log1p_z|ema_spread_9_21_z|ema_spread_100_200_z|ADX_72_scaled|ema_spread_50_100_z|ADX_30_scaled|dist_to_high_168_sqrt_z,275.0,-1.7815763987696693,True,dro_minimax_median,"[-31.0, 0.0]",-31.0,0.0,-1.7815763987696693,-2.1664718156864287,0.5,7.271968372860882,0.7988135341936952,274.0,81.0,5,3142|3143|3144|3145|3146,-1.7815763987696693,-1.7567823377937792,0.39239018251481395,-2.251960891023071,-1.170159515929587,-2.1664718156864287,-2.2346594136046236,0.45988788778324435,-0.6268901480193915,-1.969933322019368,-2.80146311452717,7.271968372860882,0.7988135341936952,274.0,81.0,4.0,8.131868131868131,4.0,7.0,0.7951807228915663,0.20481927710843373,10.0,0.1975,0.8025,1.0,0.995,sw_lints,0.1,2.0634989680731626,275,0.003893309531738948,2.0634989680731626,275,0.003893309531738948,,
45,sw_lints__hybrid__z72_a0p5_hybrid_corr5_bsstablehie5_top10,sw_lints,hybrid,z72_a0p5_hybrid_corr5_bsstablehie5_top10,72,10,MOM_pct_14_z|vol_expansion_72_log1p_z|MACD_hist_pct_z|vol_ratio_72_log1p_z|ema_spread_9_21_z|ema_spread_100_200_z|ADX_72_scaled|ema_spread_50_100_z|ADX_30_scaled|dist_to_high_168_sqrt_z,250.0,-2.9434378510569985,True,dro_minimax_median,"[-29.0, 0.0]",-29.0,0.0,-2.9434378510569985,-3.341489047502511,0.5,8.749848565931373,0.6940402170009916,275.0,79.0,5,3142|3143|3144|3145|3146,-2.9434378510569985,-2.745697318916307,0.404475596943276,-3.0924755777240023,-2.1575688017500716,-3.341489047502511,-3.3705749252527406,0.2952993225887653,-0.9807942492721766,-3.341489047502511,-4.584253322012137,8.749848565931373,0.6940402170009916,275.0,79.0,4.0,9.125,4.0,8.0,0.7894736842105263,0.21052631578947367,10.0,0.1855,0.8145,1.0,0.995,sw_lints,0.1,1.2691324022188015,250,0.00470196704445611,1.2691324022188015,250,0.00470196704445611,,
46,sw_lints__hybrid__z72_a0p5_hybrid_corr5_bsstablehie5_top10,sw_lints,hybrid,z72_a0p5_hybrid_corr5_bsstablehie5_top10,72,10,MOM_pct_14_z|vol_expansion_72_log1p_z|MACD_hist_pct_z|vol_ratio_72_log1p_z|ema_spread_9_21_z|ema_spread_100_200_z|ADX_72_scaled|ema_spread_50_100_z|ADX_30_scaled|dist_to_high_168_sqrt_z,400.0,-3.7080196477543215,True,dro_minimax_median,"[-74.0, 0.0]",-74.0,0.0,-3.7080196477543215,-4.876030699272971,0.5,9.110055715425059,0.721238428374983,408.0,124.0,5,3142|3143|3144|3145|3146,-3.7080196477543215,-3.624048363433599,0.6986526372474632,-4.426736719391416,-2.5147938536431345,-4.876030699272971,-4.668950815494636,0.784785360980206,-0.20398649319837148,-4.876030699272971,-5.0867710352656434,9.110055715425059,0.721238428374983,408.0,124.0,4.0,6.955223880597015,4.0,6.0,0.8496732026143791,0.1503267973856209,9.0,0.27949999999999997,0.7205,1.0,0.995,sw_lints,0.1,4.471067117366502,400,0.02494260700249235,4.471067117366502,400,0.02494260700249235,,
47,sw_lints__hybrid__z72_a0p5_hybrid_corr5_bsstablehie5_top10,sw_lints,hybrid,z72_a0p5_hybrid_corr5_bsstablehie5_top10,72,10,MOM_pct_14_z|vol_expansion_72_log1p_z|MACD_hist_pct_z|vol_ratio_72_log1p_z|ema_spread_9_21_z|ema_spread_100_200_z|ADX_72_scaled|ema_spread_50_100_z|ADX_30_scaled|dist_to_high_168_sqrt_z,250.0,-3.084086704662509,True,dro_minimax_median,"[-42.0, 0.0]",-42.0,0.0,-3.084086704662509,-3.729173797077793,0.5,9.134181861707358,0.7033573940186307,301.0,92.0,5,3142|3143|3144|3145|3146,-3.084086704662509,-2.9914819937301877,0.5729787118968374,-3.5756607810071355,-2.2657304836295924,-3.729173797077793,-3.832469198171597,0.7041878853529621,-0.2092792021460251,-3.729173797077793,-4.915077463752796,9.134181861707358,0.7033573940186307,301.0,92.0,4.0,8.24,4.0,7.0,0.8118811881188119,0.18811881188118812,10.0,0.2015,0.7985,1.0,0.995,sw_lints,0.1,3.954869464035908,250,0.006217676695825289,3.954869464035908,250,0.006217676695825289,,
48,sw_lints__hybrid__z72_a0p5_hybrid_corr5_bsstablehie5_top10,sw_lints,hybrid,z72_a0p5_hybrid_corr5_bsstablehie5_top10,72,10,MOM_pct_14_z|vol_expansion_72_log1p_z|MACD_hist_pct_z|vol_ratio_72_log1p_z|ema_spread_9_21_z|ema_spread_100_200_z|ADX_72_scaled|ema_spread_50_100_z|ADX_30_scaled|dist_to_high_168_sqrt_z,275.0,-2.4661058027564224,True,dro_minimax_median,"[-33.0, 0.0]",-33.0,0.0,-2.4661058027564224,-2.9207504446681187,0.5,7.3008761491374585,0.6462711060105656,257.0,83.0,5,3142|3143|3144|3145|3146,-2.4661058027564224,-2.9829609280214027,1.2347862594889958,-4.847354700545937,-1.9508633520776475,-2.9207504446681187,-3.6415179824135095,1.6071742147812766,-0.9527808012148401,-2.9207504446681187,-3.9899352977473863,7.3008761491374585,0.6462711060105656,257.0,83.0,4.0,8.670588235294117,4.0,7.5,0.7872340425531915,0.2127659574468085,9.0,0.1775,0.8225,1.0,0.995,sw_lints,0.1,0.6093203269782522,275,0.004673941688503285,0.6093203269782522,275,0.004673941688503285,,
49,sw_lints__hybrid__z72_a0p5_hybrid_corr5_bsstablehie5_top10,sw_lints,hybrid,z72_a0p5_hybrid_corr5_bsstablehie5_top10,72,10,MOM_pct_14_z|vol_expansion_72_log1p_z|MACD_hist_pct_z|vol_ratio_72_log1p_z|ema_spread_9_21_z|ema_spread_100_200_z|ADX_72_scaled|ema_spread_50_100_z|ADX_30_scaled|dist_to_high_168_sqrt_z,250.0,-2.935423264028407,True,dro_minimax_median,"[-37.0, 0.0]",-37.0,0.0,-2.935423264028407,-3.618949934035532,0.5,9.666866720929967,0.6937066362947708,276.0,87.0,5,3142|3143|3144|3145|3146,-2.935423264028407,-2.8385935708297216,0.26696704145242617,-3.044243367967763,-2.3790775986358197,-3.618949934035532,-3.518361662107169,0.408897675249758,-0.884843254007032,-3.618949934035532,-4.455923857484993,9.666866720929967,0.6937066362947708,276.0,87.0,4.0,8.738095238095237,4.0,8.0,0.7701149425287356,0.22988505747126436,12.0,0.1915,0.8085,1.0,0.995,sw_lints,0.1,1.849781489432537,250,0.003020460200312816,1.849781489432537,250,0.003020460200312816,,
0,sw_linucb__corr__z72_a0p5_corr_pruned_top10,sw_linucb,corr,z72_a0p5_corr_pruned_top10,72,10,MOM_pct_14_z|vol_expansion_72_log1p_z|MACD_hist_pct_z|vol_ratio_72_log1p_z|ema_spread_9_21_z|bb_width_20_sqrt_z|body_sqrt_z|dist_to_low_24_sqrt_z|price_pos_in_range_168_norm|volatility_24_sqrt_z,325.0,-3.6405071239195532,True,dro_minimax_median,"[-91.0, 0.0]",-91.0,0.0,-3.6405071239195532,-3.934777626989058,0.5,10.708259499788419,0.579563850846201,438.0,141.0,1,3142,-3.6405071239195532,-3.6405071239195532,0.0,-3.6405071239195532,-3.6405071239195532,-3.934777626989058,-3.934777626989058,0.0,-2.757695614711038,-3.934777626989058,-6.554301284864117,10.708259499788419,0.579563850846201,438.0,141.0,4.0,6.806666666666667,4.0,6.0,0.8533333333333334,0.14666666666666667,8.0,0.2955,0.7045,1.0,0.995,sw_linucb,0.1,1.0,325,,1.0,325,,0.1,0.1
1,sw_linucb__corr__z72_a0p5_corr_pruned_top10,sw_linucb,corr,z72_a0p5_corr_pruned_top10,72,10,MOM_pct_14_z|vol_expansion_72_log1p_z|MACD_hist_pct_z|vol_ratio_72_log1p_z|ema_spread_9_21_z|bb_width_20_sqrt_z|body_sqrt_z|dist_to_low_24_sqrt_z|price_pos_in_range_168_norm|volatility_24_sqrt_z,275.0,-2.675938265931199,True,dro_minimax_median,"[-66.0, 0.0]",-66.0,0.0,-2.675938265931199,-3.5745015181345727,0.5,8.341841885476109,0.8057165305667294,421.0,116.0,1,3142,-2.675938265931199,-2.675938265931199,0.0,-2.675938265931199,-2.675938265931199,-3.5745015181345727,-3.5745015181345727,0.0,0.019751490678920902,-3.5745015181345727,-3.5404045146418555,8.341841885476109,0.8057165305667294,421.0,116.0,4.0,7.7622377622377625,4.0,6.0,0.8391608391608392,0.16083916083916083,9.0,0.2875,0.7125,1.0,0.995,sw_linucb,0.1,10.849298953354761,275,,10.849298953354761,275,,0.04743552925961268,0.04743552925961268
2,sw_linucb__corr__z72_a0p5_corr_pruned_top10,sw_linucb,corr,z72_a0p5_corr_pruned_top10,72,10,MOM_pct_14_z|vol_expansion_72_log1p_z|MACD_hist_pct_z|vol_ratio_72_log1p_z|ema_spread_9_21_z|bb_width_20_sqrt_z|body_sqrt_z|dist_to_low_24_sqrt_z|price_pos_in_range_168_norm|volatility_24_sqrt_z,350.0,-3.424424686375765,True,dro_minimax_median,"[-84.0, 0.0]",-84.0,0.0,-3.424424686375765,-4.241403945936695,0.5,6.051987944868564,0.7587059427098998,429.0,134.0,1,3142,-3.424424686375765,-3.424424686375765,0.0,-3.424424686375765,-3.424424686375765,-4.241403945936695,-4.241403945936695,0.0,-0.9734869076929739,-4.241403945936695,-5.211504772467445,6.051987944868564,0.7587059427098998,429.0,134.0,4.0,6.361702127659575,4.0,5.0,0.8652482269503546,0.1347517730496454,8.0,0.2835,0.7165,1.0,0.995,sw_linucb,0.1,1.391787756481205,350,,1.391787756481205,350,,0.005020523174778083,0.005020523174778083
3,sw_linucb__corr__z72_a0p5_corr_pruned_top10,sw_linucb,corr,z72_a0p5_corr_pruned_top10,72,10,MOM_pct_14_z|vol_expansion_72_log1p_z|MACD_hist_pct_z|vol_ratio_72_log1p_z|ema_spread_9_21_z|bb_width_20_sqrt_z|body_sqrt_z|dist_to_low_24_sqrt_z|price_pos_in_range_168_norm|volatility_24_sqrt_z,250.0,-3.2303853543266907,True,dro_minimax_median,"[-68.0, 0.0]",-68.0,0.0,-3.2303853543266907,-4.103023005413701,0.5,7.963354152611368,0.7072383638979561,375.0,118.0,1,3142,-3.2303853543266907,-3.2303853543266907,0.0,-3.2303853543266907,-3.2303853543266907,-4.103023005413701,-4.103023005413701,0.0,-0.6124724010656596,-4.103023005413701,-4.737559578584416,7.963354152611368,0.7072383638979561,375.0,118.0,4.0,8.11023622047244,4.0,6.75,0.7874015748031497,0.2125984251968504,10.0,0.25349999999999995,0.7465,1.0,0.995,sw_linucb,0.1,6.117025522674068,250,,6.117025522674068,250,,0.011290461803700183,0.011290461803700183
4,sw_linucb__corr__z72_a0p5_corr_pruned_top10,sw_linucb,corr,z72_a0p5_corr_pruned_top10,72,10,MOM_pct_14_z|vol_expansion_72_log1p_z|MACD_hist_pct_z|vol_ratio_72_log1p_z|ema_spread_9_21_z|bb_width_20_sqrt_z|body_sqrt_z|dist_to_low_24_sqrt_z|price_pos_in_range_168_norm|volatility_24_sqrt_z,450.0,-5.063088885930572,True,dro_minimax_median,"[-66.0, 0.0]",-66.0,0.0,-5.063088885930572,-5.590909677415546,0.5,11.311506911837299,0.6401920879185256,416.0,116.0,1,3142,-5.063088885930572,-5.063088885930572,0.0,-5.063088885930572,-5.063088885930572,-5.590909677415546,-5.590909677415546,0.0,-3.479626511475653,-5.590909677415546,-8.854525092540833,11.311506911837299,0.6401920879185256,416.0,116.0,4.0,7.731343283582089,4.0,6.0,0.8656716417910447,0.13432835820895522,8.0,0.26949999999999996,0.7305,1.0,0.995,sw_linucb,0.1,2.825279658780465,450,,2.825279658780465,450,,0.005577587269233879,0.005577587269233879
5,sw_linucb__corr__z72_a0p5_corr_pruned_top10,sw_linucb,corr,z72_a0p5_corr_pruned_top10,72,10,MOM_pct_14_z|vol_expansion_72_log1p_z|MACD_hist_pct_z|vol_ratio_72_log1p_z|ema_spread_9_21_z|bb_width_20_sqrt_z|body_sqrt_z|dist_to_low_24_sqrt_z|price_pos_in_range_168_norm|volatility_24_sqrt_z,225.0,-4.072311004482882,True,dro_minimax_median,"[-78.0, 0.0]",-78.0,0.0,-4.072311004482882,-4.508491210762744,0.5,9.167051210234922,0.6601658726160173,402.0,128.0,1,3142,-4.072311004482882,-4.072311004482882,0.0,-4.072311004482882,-4.072311004482882,-4.508491210762744,-4.508491210762744,0.0,-2.7637703856432942,-4.508491210762744,-7.161056300212624,9.167051210234922,0.6601658726160173,402.0,128.0,4.0,7.6875,4.0,7.0,0.8014184397163121,0.19858156028368795,9.0,0.266,0.734,1.0,0.995,sw_linucb,0.1,2.068236356427619,225,,2.068236356427619,225,,0.04988514469775409,0.04988514469775409
6,sw_linucb__corr__z72_a0p5_corr_pruned_top10,sw_linucb,corr,z72_a0p5_corr_pruned_top10,72,10,MOM_pct_14_z|vol_expansion_72_log1p_z|MACD_hist_pct_z|vol_ratio_72_log1p_z|ema_spread_9_21_z|bb_width_20_sqrt_z|body_sqrt_z|dist_to_low_24_sqrt_z|price_pos_in_range_168_norm|volatility_24_sqrt_z,400.0,-4.72833736830048,True,dro_minimax_median,"[-57.0, 0.0]",-57.0,0.0,-4.72833736830048,-6.259341683386443,0.5,9.830738888136203,0.6534550383169524,375.0,107.0,1,3142,-4.72833736830048,-4.72833736830048,0.0,-4.72833736830048,-4.72833736830048,-6.259341683386443,-6.259341683386443,0.0,-0.1353244230425895,-6.259341683386443,-6.395593461285088,9.830738888136203,0.6534550383169524,375.0,107.0,4.0,8.578512396694215,4.0,8.0,0.8099173553719008,0.19008264462809918,10.0,0.24350000000000005,0.7565,1.0,0.995,sw_linucb,0.1,2.1146024497025016,400,,2.1146024497025016,400,,0.006235003999783108,0.006235003999783108
7,sw_linucb__corr__z72_a0p5_corr_pruned_top10,sw_linucb,corr,z72_a0p5_corr_pruned_top10,72,10,MOM_pct_14_z|vol_expansion_72_log1p_z|MACD_hist_pct_z|vol_ratio_72_log1p_z|ema_spread_9_21_z|bb_width_20_sqrt_z|body_sqrt_z|dist_to_low_24_sqrt_z|price_pos_in_range_168_norm|volatility_24_sqrt_z,350.0,-3.7627842389736452,True,dro_minimax_median,"[-84.0, 0.0]",-84.0,0.0,-3.7627842389736452,-4.765961818114502,0.5,8.708421112557973,0.6764205699632062,408.0,134.0,1,3142,-3.7627842389736452,-3.7627842389736452,0.0,-3.7627842389736452,-3.7627842389736452,-4.765961818114502,-4.765961818114502,0.0,-0.753251501551074,-4.765961818114502,-5.499928374516223,8.708421112557973,0.6764205699632062,408.0,134.0,4.0,7.17910447761194,4.0,6.0,0.8115942028985508,0.18840579710144928,9.0,0.27149999999999996,0.7285,1.0,0.995,sw_linucb,0.1,10.570638336996952,350,,10.570638336996952,350,,0.02372545702135237,0.02372545702135237
8,sw_linucb__corr__z72_a0p5_corr_pruned_top10,sw_linucb,corr,z72_a0p5_corr_pruned_top10,72,10,MOM_pct_14_z|vol_expansion_72_log1p_z|MACD_hist_pct_z|vol_ratio_72_log1p_z|ema_spread_9_21_z|bb_width_20_sqrt_z|body_sqrt_z|dist_to_low_24_sqrt_z|price_pos_in_range_168_norm|volatility_24_sqrt_z,200.0,-4.267579199564233,True,dro_minimax_median,"[-66.0, 0.0]",-66.0,0.0,-4.267579199564233,-5.262305874542635,0.5,9.468723144523427,0.6506519450712716,372.0,116.0,1,3142,-4.267579199564233,-4.267579199564233,0.0,-4.267579199564233,-4.267579199564233,-5.262305874542635,-5.262305874542635,0.0,-1.2833991746290259,-5.262305874542635,-6.480439647636575,9.468723144523427,0.6506519450712716,372.0,116.0,4.0,7.896551724137931,4.0,8.25,0.7586206896551724,0.2413793103448276,8.0,0.24150000000000005,0.7585,1.0,0.995,sw_linucb,0.1,4.95612888468418,200,,4.95612888468418,200,,0.021074635636296444,0.021074635636296444
9,sw_linucb__corr__z72_a0p5_corr_pruned_top10,sw_linucb,corr,z72_a0p5_corr_pruned_top10,72,10,MOM_pct_14_z|vol_expansion_72_log1p_z|MACD_hist_pct_z|vol_ratio_72_log1p_z|ema_spread_9_21_z|bb_width_20_sqrt_z|body_sqrt_z|dist_to_low_24_sqrt_z|price_pos_in_range_168_norm|volatility_24_sqrt_z,325.0,-5.146778231452435,True,dro_minimax_median,"[-68.0, 0.0]",-68.0,0.0,-5.146778231452435,-6.5179888514387345,0.5,8.131263222127904,0.6189304737899408,399.0,118.0,1,3142,-5.146778231452435,-5.146778231452435,0.0,-5.146778231452435,-5.146778231452435,-6.5179888514387345,-6.5179888514387345,0.0,-1.0331463714935356,-6.5179888514387345,-7.4542532696557755,8.131263222127904,0.6189304737899408,399.0,118.0,4.0,7.398305084745763,4.0,6.0,0.8484848484848485,0.15151515151515152,8.0,0.26549999999999996,0.7345,1.0,0.995,sw_linucb,0.1,4.967208533643981,325,,4.967208533643981,325,,0.018175600264839935,0.018175600264839935
10,sw_linucb__corr__z72_a0p5_corr_pruned_top10,sw_linucb,corr,z72_a0p5_corr_pruned_top10,72,10,MOM_pct_14_z|vol_expansion_72_log1p_z|MACD_hist_pct_z|vol_ratio_72_log1p_z|ema_spread_9_21_z|bb_width_20_sqrt_z|body_sqrt_z|dist_to_low_24_sqrt_z|price_pos_in_range_168_norm|volatility_24_sqrt_z,300.0,-4.536551279474091,True,dro_minimax_median,"[-89.0, 0.0]",-89.0,0.0,-4.536551279474091,-5.761166160397594,0.5,9.931996476283656,0.6022889749312277,452.0,139.0,1,3142,-4.536551279474091,-4.536551279474091,0.0,-4.536551279474091,-4.536551279474091,-5.761166160397594,-5.761166160397594,0.0,-0.8627066367035807,-5.761166160397594,-6.547647410164725,9.931996476283656,0.6022889749312277,452.0,139.0,4.0,7.39568345323741,4.0,7.0,0.8273381294964028,0.17266187050359713,8.0,0.3075,0.6925,1.0,0.995,sw_linucb,0.1,13.10985787611663,300,,13.10985787611663,300,,0.17752469672467855,0.17752469672467855
11,sw_linucb__corr__z72_a0p5_corr_pruned_top10,sw_linucb,corr,z72_a0p5_corr_pruned_top10,72,10,MOM_pct_14_z|vol_expansion_72_log1p_z|MACD_hist_pct_z|vol_ratio_72_log1p_z|ema_spread_9_21_z|bb_width_20_sqrt_z|body_sqrt_z|dist_to_low_24_sqrt_z|price_pos_in_range_168_norm|volatility_24_sqrt_z,200.0,-3.7855976423629576,True,dro_minimax_median,"[-60.0, 0.0]",-60.0,0.0,-3.7855976423629576,-4.453601806002768,0.5,9.486190455930965,0.7073375280291314,366.0,110.0,1,3142,-3.7855976423629576,-3.7855976423629576,0.0,-3.7855976423629576,-3.7855976423629576,-4.453601806002768,-4.453601806002768,0.0,-1.7815851514435284,-4.453601806002768,-6.147731257049142,9.486190455930965,0.7073375280291314,366.0,110.0,4.0,8.073770491803279,4.0,8.0,0.7622950819672131,0.23770491803278687,9.5,0.24350000000000005,0.7565,1.0,0.995,sw_linucb,0.1,25.130125182623082,200,,25.130125182623082,200,,0.007249964085833467,0.007249964085833467
12,sw_linucb__corr__z72_a0p5_corr_pruned_top10,sw_linucb,corr,z72_a0p5_corr_pruned_top10,72,10,MOM_pct_14_z|vol_expansion_72_log1p_z|MACD_hist_pct_z|vol_ratio_72_log1p_z|ema_spread_9_21_z|bb_width_20_sqrt_z|body_sqrt_z|dist_to_low_24_sqrt_z|price_pos_in_range_168_norm|volatility_24_sqrt_z,225.0,-4.895721349702764,True,dro_minimax_median,"[-71.0, 0.0]",-71.0,0.0,-4.895721349702764,-6.365081165512606,0.5,10.308220414198333,0.673444422751614,383.0,121.0,1,3142,-4.895721349702764,-4.895721349702764,0.0,-4.895721349702764,-4.895721349702764,-6.365081165512606,-6.365081165512606,0.0,-0.4876419022732355,-6.365081165512606,-6.816409628233437,10.308220414198333,0.673444422751614,383.0,121.0,4.0,8.454545454545455,4.0,8.0,0.7768595041322314,0.2231404958677686,10.0,0.24350000000000005,0.7565,1.0,0.995,sw_linucb,0.1,12.380649476428465,225,,12.380649476428465,225,,0.037778207429112004,0.037778207429112004
13,sw_linucb__corr__z72_a0p5_corr_pruned_top10,sw_linucb,corr,z72_a0p5_corr_pruned_top10,72,10,MOM_pct_14_z|vol_expansion_72_log1p_z|MACD_hist_pct_z|vol_ratio_72_log1p_z|ema_spread_9_21_z|bb_width_20_sqrt_z|body_sqrt_z|dist_to_low_24_sqrt_z|price_pos_in_range_168_norm|volatility_24_sqrt_z,175.0,-6.675802172202472,True,dro_minimax_median,"[-54.0, 0.0]",-54.0,0.0,-6.675802172202472,-8.5061726669448,0.5,9.109947890229442,0.57503435108935,362.0,104.0,1,3142,-6.675802172202472,-6.675802172202472,0.0,-6.675802172202472,-6.675802172202472,-8.5061726669448,-8.5061726669448,0.0,-1.1846906879754908,-8.5061726669448,-9.565661218962411,9.109947890229442,0.57503435108935,362.0,104.0,4.0,8.65,4.0,9.25,0.75,0.25,10.0,0.24150000000000005,0.7585,1.0,0.995,sw_linucb,0.1,0.7639311567135596,175,,0.7639311567135596,175,,0.010895290746044194,0.010895290746044194
14,sw_linucb__corr__z72_a0p5_corr_pruned_top10,sw_linucb,corr,z72_a0p5_corr_pruned_top10,72,10,MOM_pct_14_z|vol_expansion_72_log1p_z|MACD_hist_pct_z|vol_ratio_72_log1p_z|ema_spread_9_21_z|bb_width_20_sqrt_z|body_sqrt_z|dist_to_low_24_sqrt_z|price_pos_in_range_168_norm|volatility_24_sqrt_z,225.0,-4.390146921168876,True,dro_minimax_median,"[-72.0, 0.0]",-72.0,0.0,-4.390146921168876,-5.728329073097086,0.5,10.392248715383401,0.6669069035716256,383.0,122.0,1,3142,-4.390146921168876,-4.390146921168876,0.0,-4.390146921168876,-4.390146921168876,-5.728329073097086,-5.728329073097086,0.0,-0.37560046538424413,-5.728329073097086,-6.047503668016785,10.392248715383401,0.6669069035716256,383.0,122.0,4.0,7.385245901639344,4.0,7.0,0.8048780487804879,0.1951219512195122,9.0,0.24750000000000005,0.7525,1.0,0.995,sw_linucb,0.1,2.6281092608368644,225,,2.6281092608368644,225,,0.007881651057994727,0.007881651057994727
15,sw_linucb__corr__z72_a0p5_corr_pruned_top10,sw_linucb,corr,z72_a0p5_corr_pruned_top10,72,10,MOM_pct_14_z|vol_expansion_72_log1p_z|MACD_hist_pct_z|vol_ratio_72_log1p_z|ema_spread_9_21_z|bb_width_20_sqrt_z|body_sqrt_z|dist_to_low_24_sqrt_z|price_pos_in_range_168_norm|volatility_24_sqrt_z,425.0,-4.516579679587559,True,dro_minimax_median,"[-81.0, 0.0]",-81.0,0.0,-4.516579679587559,-5.684521783605878,0.5,8.534479214321788,0.6825483273302518,403.0,131.0,1,3142,-4.516579679587559,-4.516579679587559,0.0,-4.516579679587559,-4.516579679587559,-5.684521783605878,-5.684521783605878,0.0,-1.0127533675326001,-5.684521783605878,-6.672617618059384,8.534479214321788,0.6825483273302518,403.0,131.0,4.0,7.549618320610687,4.0,7.0,0.8188405797101449,0.18115942028985507,8.5,0.26949999999999996,0.7305,1.0,0.995,sw_linucb,0.1,7.74220122811884,425,,7.74220122811884,425,,0.0707717645376309,0.0707717645376309
16,sw_linucb__corr__z72_a0p5_corr_pruned_top10,sw_linucb,corr,z72_a0p5_corr_pruned_top10,72,10,MOM_pct_14_z|vol_expansion_72_log1p_z|MACD_hist_pct_z|vol_ratio_72_log1p_z|ema_spread_9_21_z|bb_width_20_sqrt_z|body_sqrt_z|dist_to_low_24_sqrt_z|price_pos_in_range_168_norm|volatility_24_sqrt_z,300.0,-4.1937771290380805,True,dro_minimax_median,"[-74.0, 0.0]",-74.0,0.0,-4.1937771290380805,-5.400635737423524,0.5,7.46624411331791,0.7143061244157287,420.0,124.0,1,3142,-4.1937771290380805,-4.1937771290380805,0.0,-4.1937771290380805,-4.1937771290380805,-5.400635737423524,-5.400635737423524,0.0,-0.5732013038817504,-5.400635737423524,-5.92801545828923,7.46624411331791,0.7143061244157287,420.0,124.0,4.0,7.58,4.0,5.0,0.8424657534246576,0.15753424657534246,8.0,0.2915,0.7085,1.0,0.995,sw_linucb,0.1,9.038006628405176,300,,9.038006628405176,300,,0.06296314351614557,0.06296314351614557
17,sw_linucb__corr__z72_a0p5_corr_pruned_top10,sw_linucb,corr,z72_a0p5_corr_pruned_top10,72,10,MOM_pct_14_z|vol_expansion_72_log1p_z|MACD_hist_pct_z|vol_ratio_72_log1p_z|ema_spread_9_21_z|bb_width_20_sqrt_z|body_sqrt_z|dist_to_low_24_sqrt_z|price_pos_in_range_168_norm|volatility_24_sqrt_z,450.0,-3.063564073120967,True,dro_minimax_median,"[-86.0, 0.0]",-86.0,0.0,-3.063564073120967,-3.220579602825154,0.5,7.256149540137569,0.6373399646939865,440.0,136.0,1,3142,-3.063564073120967,-3.063564073120967,0.0,-3.063564073120967,-3.063564073120967,-3.220579602825154,-3.220579602825154,0.0,-2.5925174840084053,-3.220579602825154,-5.724288200715521,7.256149540137569,0.6373399646939865,440.0,136.0,4.0,7.485915492957746,4.0,6.0,0.8309859154929577,0.16901408450704225,7.0,0.2835,0.7165,1.0,0.995,sw_linucb,0.1,0.5025986330309503,450,,0.5025986330309503,450,,0.12009622172799832,0.12009622172799832
18,sw_linucb__corr__z72_a0p5_corr_pruned_top10,sw_linucb,corr,z72_a0p5_corr_pruned_top10,72,10,MOM_pct_14_z|vol_expansion_72_log1p_z|MACD_hist_pct_z|vol_ratio_72_log1p_z|ema_spread_9_21_z|bb_width_20_sqrt_z|body_sqrt_z|dist_to_low_24_sqrt_z|price_pos_in_range_168_norm|volatility_24_sqrt_z,450.0,-4.022043102683407,True,dro_minimax_median,"[-84.0, 0.0]",-84.0,0.0,-4.022043102683407,-4.651731592428672,0.5,8.959922717248425,0.7460625240964152,437.0,134.0,1,3142,-4.022043102683407,-4.022043102683407,0.0,-4.022043102683407,-4.022043102683407,-4.651731592428672,-4.651731592428672,0.0,-2.132977633447608,-4.651731592428672,-6.667889576135063,8.959922717248425,0.7460625240964152,437.0,134.0,4.0,7.363013698630137,4.0,6.0,0.8507462686567164,0.14925373134328357,7.0,0.2935,0.7065,1.0,0.995,sw_linucb,0.1,1.1372454488917456,450,,1.1372454488917456,450,,0.03254687396040987,0.03254687396040987
19,sw_linucb__corr__z72_a0p5_corr_pruned_top10,sw_linucb,corr,z72_a0p5_corr_pruned_top10,72,10,MOM_pct_14_z|vol_expansion_72_log1p_z|MACD_hist_pct_z|vol_ratio_72_log1p_z|ema_spread_9_21_z|bb_width_20_sqrt_z|body_sqrt_z|dist_to_low_24_sqrt_z|price_pos_in_range_168_norm|volatility_24_sqrt_z,425.0,-3.846758531510438,True,dro_minimax_median,"[-71.0, 0.0]",-71.0,0.0,-3.846758531510438,-5.068663943591604,0.5,6.589964414079974,0.6521627759721266,402.0,121.0,1,3142,-3.846758531510438,-3.846758531510438,0.0,-3.846758531510438,-3.846758531510438,-5.068663943591604,-5.068663943591604,0.0,-0.18104229526693846,-5.068663943591604,-5.231892566408962,6.589964414079974,0.6521627759721266,402.0,121.0,4.0,7.15,4.0,6.0,0.8297872340425532,0.1702127659574468,7.0,0.27949999999999997,0.7205,1.0,0.995,sw_linucb,0.1,1.51821813072076,425,,1.51821813072076,425,,0.07500505984483133,0.07500505984483133
20,sw_linucb__corr__z72_a0p5_corr_pruned_top10,sw_linucb,corr,z72_a0p5_corr_pruned_top10,72,10,MOM_pct_14_z|vol_expansion_72_log1p_z|MACD_hist_pct_z|vol_ratio_72_log1p_z|ema_spread_9_21_z|bb_width_20_sqrt_z|body_sqrt_z|dist_to_low_24_sqrt_z|price_pos_in_range_168_norm|volatility_24_sqrt_z,400.0,-3.671794130756105,True,dro_minimax_median,"[-77.0, 0.0]",-77.0,0.0,-3.671794130756105,-5.113756790497925,0.5,8.418637798941031,0.6765644831082325,411.0,127.0,1,3142,-3.671794130756105,-3.671794130756105,0.0,-3.671794130756105,-3.671794130756105,-5.113756790497925,-5.113756790497925,0.0,0.6540938484693578,-5.113756790497925,-4.491624555349331,8.418637798941031,0.6765644831082325,411.0,127.0,4.0,7.536231884057971,4.0,6.0,0.8287671232876712,0.17123287671232876,8.0,0.27749999999999997,0.7225,1.0,0.995,sw_linucb,0.1,0.5150871269243712,400,,0.5150871269243712,400,,0.13418917623981355,0.13418917623981355
21,sw_linucb__corr__z72_a0p5_corr_pruned_top10,sw_linucb,corr,z72_a0p5_corr_pruned_top10,72,10,MOM_pct_14_z|vol_expansion_72_log1p_z|MACD_hist_pct_z|vol_ratio_72_log1p_z|ema_spread_9_21_z|bb_width_20_sqrt_z|body_sqrt_z|dist_to_low_24_sqrt_z|price_pos_in_range_168_norm|volatility_24_sqrt_z,300.0,-3.328891942169591,True,dro_minimax_median,"[-57.0, 0.0]",-57.0,0.0,-3.328891942169591,-4.257290198852322,0.5,7.380776929216159,0.7902116402508698,388.0,107.0,1,3142,-3.328891942169591,-3.328891942169591,0.0,-3.328891942169591,-3.328891942169591,-4.257290198852322,-4.257290198852322,0.0,-0.5436971721213971,-4.257290198852322,-4.755956056633633,7.380776929216159,0.7902116402508698,388.0,107.0,4.0,8.55813953488372,4.0,7.0,0.8449612403100775,0.15503875968992248,8.0,0.25949999999999995,0.7405,1.0,0.995,sw_linucb,0.1,13.359510643845029,300,,13.359510643845029,300,,0.0063258329397692424,0.0063258329397692424
22,sw_linucb__corr__z72_a0p5_corr_pruned_top10,sw_linucb,corr,z72_a0p5_corr_pruned_top10,72,10,MOM_pct_14_z|vol_expansion_72_log1p_z|MACD_hist_pct_z|vol_ratio_72_log1p_z|ema_spread_9_21_z|bb_width_20_sqrt_z|body_sqrt_z|dist_to_low_24_sqrt_z|price_pos_in_range_168_norm|volatility_24_sqrt_z,450.0,-5.143252243626531,True,dro_minimax_median,"[-92.0, 0.0]",-92.0,0.0,-5.143252243626531,-5.915971725629724,0.5,10.582494809765707,0.6400845343612676,472.0,142.0,1,3142,-5.143252243626531,-5.143252243626531,0.0,-5.143252243626531,-5.143252243626531,-5.915971725629724,-5.915971725629724,0.0,-2.825093797616951,-5.915971725629724,-8.576021579742973,10.582494809765707,0.6400845343612676,472.0,142.0,4.0,7.162162162162162,4.0,5.0,0.8802816901408451,0.11971830985915492,7.0,0.2975,0.7025,1.0,0.995,sw_linucb,0.1,0.5136902927806374,450,,0.5136902927806374,450,,0.06507852160042354,0.06507852160042354
23,sw_linucb__corr__z72_a0p5_corr_pruned_top10,sw_linucb,corr,z72_a0p5_corr_pruned_top10,72,10,MOM_pct_14_z|vol_expansion_72_log1p_z|MACD_hist_pct_z|vol_ratio_72_log1p_z|ema_spread_9_21_z|bb_width_20_sqrt_z|body_sqrt_z|dist_to_low_24_sqrt_z|price_pos_in_range_168_norm|volatility_24_sqrt_z,450.0,-3.8063706779859596,True,dro_minimax_median,"[-77.0, 0.0]",-77.0,0.0,-3.8063706779859596,-4.3402294162725745,0.5,9.662144574854182,0.6643190742797579,414.0,127.0,1,3142,-3.8063706779859596,-3.8063706779859596,0.0,-3.8063706779859596,-3.8063706779859596,-4.3402294162725745,-4.3402294162725745,0.0,-2.2047944631261145,-4.3402294162725745,-6.454998083342759,9.662144574854182,0.6643190742797579,414.0,127.0,4.0,7.418439716312057,4.0,7.0,0.821917808219178,0.1780821917808219,8.0,0.2835,0.7165,1.0,0.995,sw_linucb,0.1,0.947490699562674,450,,0.947490699562674,450,,0.15582723092853526,0.15582723092853526
24,sw_linucb__corr__z72_a0p5_corr_pruned_top10,sw_linucb,corr,z72_a0p5_corr_pruned_top10,72,10,MOM_pct_14_z|vol_expansion_72_log1p_z|MACD_hist_pct_z|vol_ratio_72_log1p_z|ema_spread_9_21_z|bb_width_20_sqrt_z|body_sqrt_z|dist_to_low_24_sqrt_z|price_pos_in_range_168_norm|volatility_24_sqrt_z,350.0,-3.3663014406400102,True,dro_minimax_median,"[-76.0, 0.0]",-76.0,0.0,-3.3663014406400102,-4.269687962885016,0.5,7.8388309390216016,0.6690988719262966,389.0,126.0,1,3142,-3.3663014406400102,-3.3663014406400102,0.0,-3.3663014406400102,-3.3663014406400102,-4.269687962885016,-4.269687962885016,0.0,-0.6561418739049918,-4.269687962885016,-4.898506256129316,7.8388309390216016,0.6690988719262966,389.0,126.0,4.0,7.761904761904762,4.0,6.0,0.8110236220472441,0.1889763779527559,9.0,0.25349999999999995,0.7465,1.0,0.995,sw_linucb,0.1,29.05641198995507,350,,29.05641198995507,350,,0.03999187132708639,0.03999187132708639
25,sw_linucb__corr__z72_a0p5_corr_pruned_top10,sw_linucb,corr,z72_a0p5_corr_pruned_top10,72,10,MOM_pct_14_z|vol_expansion_72_log1p_z|MACD_hist_pct_z|vol_ratio_72_log1p_z|ema_spread_9_21_z|bb_width_20_sqrt_z|body_sqrt_z|dist_to_low_24_sqrt_z|price_pos_in_range_168_norm|volatility_24_sqrt_z,350.0,-2.550198045709717,True,dro_minimax_median,"[-87.0, 0.0]",-87.0,0.0,-2.550198045709717,-2.974229785024884,0.5,7.5117426477110065,0.7453708466132205,444.0,137.0,1,3142,-2.550198045709717,-2.550198045709717,0.0,-2.550198045709717,-2.550198045709717,-2.974229785024884,-2.974229785024884,0.0,-1.278102827764216,-2.974229785024884,-4.212071050885835,7.5117426477110065,0.7453708466132205,444.0,137.0,4.0,6.885714285714286,4.0,5.0,0.8642857142857143,0.1357142857142857,8.0,0.28049999999999997,0.7195,1.0,0.995,sw_linucb,0.1,0.6147030142069727,350,,0.6147030142069727,350,,0.02870714672154057,0.02870714672154057
26,sw_linucb__corr__z72_a0p5_corr_pruned_top10,sw_linucb,corr,z72_a0p5_corr_pruned_top10,72,10,MOM_pct_14_z|vol_expansion_72_log1p_z|MACD_hist_pct_z|vol_ratio_72_log1p_z|ema_spread_9_21_z|bb_width_20_sqrt_z|body_sqrt_z|dist_to_low_24_sqrt_z|price_pos_in_range_168_norm|volatility_24_sqrt_z,325.0,-4.20528187714631,True,dro_minimax_median,"[-95.0, 0.0]",-95.0,0.0,-4.20528187714631,-4.681419278326571,0.5,10.277355243573849,0.5703054129644454,439.0,145.0,1,3142,-4.20528187714631,-4.20528187714631,0.0,-4.20528187714631,-4.20528187714631,-4.681419278326571,-4.681419278326571,0.0,-2.776869673605527,-4.681419278326571,-7.298241330316457,10.277355243573849,0.5703054129644454,439.0,145.0,4.0,6.63013698630137,4.0,5.0,0.8716216216216216,0.12837837837837837,8.5,0.2915,0.7085,1.0,0.995,sw_linucb,0.1,0.8565575756929086,325,,0.8565575756929086,325,,0.022247534756003908,0.022247534756003908
27,sw_linucb__corr__z72_a0p5_corr_pruned_top10,sw_linucb,corr,z72_a0p5_corr_pruned_top10,72,10,MOM_pct_14_z|vol_expansion_72_log1p_z|MACD_hist_pct_z|vol_ratio_72_log1p_z|ema_spread_9_21_z|bb_width_20_sqrt_z|body_sqrt_z|dist_to_low_24_sqrt_z|price_pos_in_range_168_norm|volatility_24_sqrt_z,175.0,-4.796093615983414,True,dro_minimax_median,"[-71.0, 0.0]",-71.0,0.0,-4.796093615983414,-5.543258280109975,0.5,9.402285863766835,0.6648497889485446,376.0,121.0,1,3142,-4.796093615983414,-4.796093615983414,0.0,-4.796093615983414,-4.796093615983414,-5.543258280109975,-5.543258280109975,0.0,-2.5545996236037336,-5.543258280109975,-7.91945223777936,9.402285863766835,0.6648497889485446,376.0,121.0,4.0,8.586776859504132,4.0,9.0,0.7603305785123967,0.2396694214876033,8.0,0.24350000000000005,0.7565,1.0,0.995,sw_linucb,0.1,13.410734860713939,175,,13.410734860713939,175,,0.12074011428428336,0.12074011428428336
28,sw_linucb__corr__z72_a0p5_corr_pruned_top10,sw_linucb,corr,z72_a0p5_corr_pruned_top10,72,10,MOM_pct_14_z|vol_expansion_72_log1p_z|MACD_hist_pct_z|vol_ratio_72_log1p_z|ema_spread_9_21_z|bb_width_20_sqrt_z|body_sqrt_z|dist_to_low_24_sqrt_z|price_pos_in_range_168_norm|volatility_24_sqrt_z,425.0,-3.196543250043657,True,dro_minimax_median,"[-66.0, 0.0]",-66.0,0.0,-3.196543250043657,-4.6045539971251275,0.5,7.134508089709646,0.7352511097739672,376.0,116.0,1,3142,-3.196543250043657,-3.196543250043657,0.0,-3.196543250043657,-3.196543250043657,-4.6045539971251275,-4.6045539971251275,0.0,1.0274889912007534,-4.6045539971251275,-3.649430709452646,7.134508089709646,0.7352511097739672,376.0,116.0,4.0,8.361538461538462,4.0,9.0,0.7692307692307693,0.23076923076923078,10.0,0.26,0.74,1.0,0.995,sw_linucb,0.1,20.153753630648733,425,,20.153753630648733,425,,0.006200726226252816,0.006200726226252816
29,sw_linucb__corr__z72_a0p5_corr_pruned_top10,sw_linucb,corr,z72_a0p5_corr_pruned_top10,72,10,MOM_pct_14_z|vol_expansion_72_log1p_z|MACD_hist_pct_z|vol_ratio_72_log1p_z|ema_spread_9_21_z|bb_width_20_sqrt_z|body_sqrt_z|dist_to_low_24_sqrt_z|price_pos_in_range_168_norm|volatility_24_sqrt_z,375.0,-5.062335040480631,True,dro_minimax_median,"[-76.0, 0.0]",-76.0,0.0,-5.062335040480631,-5.9013857939408245,0.5,12.434412465154576,0.6312529128131609,407.0,126.0,1,3142,-5.062335040480631,-5.062335040480631,0.0,-5.062335040480631,-5.062335040480631,-5.9013857939408245,-5.9013857939408245,0.0,-2.5451827801000526,-5.9013857939408245,-8.295474289705222,12.434412465154576,0.6312529128131609,407.0,126.0,4.0,7.904761904761905,4.0,6.0,0.8253968253968254,0.1746031746031746,7.5,0.25549999999999995,0.7445,1.0,0.995,sw_linucb,0.1,0.5292452798573162,375,,0.5292452798573162,375,,0.018360311156849076,0.018360311156849076
30,sw_linucb__corr__z72_a0p5_corr_pruned_top10,sw_linucb,corr,z72_a0p5_corr_pruned_top10,72,10,MOM_pct_14_z|vol_expansion_72_log1p_z|MACD_hist_pct_z|vol_ratio_72_log1p_z|ema_spread_9_21_z|bb_width_20_sqrt_z|body_sqrt_z|dist_to_low_24_sqrt_z|price_pos_in_range_168_norm|volatility_24_sqrt_z,450.0,-4.3140012718592775,True,dro_minimax_median,"[-91.0, 0.0]",-91.0,0.0,-4.3140012718592775,-4.977846219941942,0.5,8.020628200539248,0.6356248574563195,463.0,141.0,1,3142,-4.3140012718592775,-4.3140012718592775,0.0,-4.3140012718592775,-4.3140012718592775,-4.977846219941942,-4.977846219941942,0.0,-2.322466427611284,-4.977846219941942,-7.202040159896835,8.020628200539248,0.6356248574563195,463.0,141.0,4.0,6.876712328767123,4.0,4.75,0.8561643835616438,0.14383561643835616,7.0,0.29200000000000004,0.708,1.0,0.995,sw_linucb,0.1,0.5254879944538777,450,,0.5254879944538777,450,,0.006998443110557632,0.006998443110557632
31,sw_linucb__corr__z72_a0p5_corr_pruned_top10,sw_linucb,corr,z72_a0p5_corr_pruned_top10,72,10,MOM_pct_14_z|vol_expansion_72_log1p_z|MACD_hist_pct_z|vol_ratio_72_log1p_z|ema_spread_9_21_z|bb_width_20_sqrt_z|body_sqrt_z|dist_to_low_24_sqrt_z|price_pos_in_range_168_norm|volatility_24_sqrt_z,450.0,-3.7744525810036196,True,dro_minimax_median,"[-76.0, 0.0]",-76.0,0.0,-3.7744525810036196,-5.122329941024462,0.5,6.106192390220599,0.7746098211271132,389.0,126.0,1,3142,-3.7744525810036196,-3.7744525810036196,0.0,-3.7744525810036196,-3.7744525810036196,-5.122329941024462,-5.122329941024462,0.0,0.2691794990589062,-5.122329941024462,-4.887854970160614,6.106192390220599,0.7746098211271132,389.0,126.0,4.0,8.380597014925373,4.0,6.0,0.8174603174603174,0.18253968253968253,8.0,0.25749999999999995,0.7425,1.0,0.995,sw_linucb,0.1,25.170347094208008,450,,25.170347094208008,450,,0.007365846117467749,0.007365846117467749
32,sw_linucb__corr__z72_a0p5_corr_pruned_top10,sw_linucb,corr,z72_a0p5_corr_pruned_top10,72,10,MOM_pct_14_z|vol_expansion_72_log1p_z|MACD_hist_pct_z|vol_ratio_72_log1p_z|ema_spread_9_21_z|bb_width_20_sqrt_z|body_sqrt_z|dist_to_low_24_sqrt_z|price_pos_in_range_168_norm|volatility_24_sqrt_z,425.0,-3.510975999487347,True,dro_minimax_median,"[-67.0, 0.0]",-67.0,0.0,-3.510975999487347,-5.111820922513769,0.5,7.462603239080634,0.754599549036681,389.0,117.0,1,3142,-3.510975999487347,-3.510975999487347,0.0,-3.510975999487347,-3.510975999487347,-5.111820922513769,-5.111820922513769,0.0,1.29155876959192,-5.111820922513769,-3.892503459475305,7.462603239080634,0.754599549036681,389.0,117.0,4.0,8.022556390977444,4.0,6.5,0.7969924812030075,0.20300751879699247,8.0,0.26749999999999996,0.7325,1.0,0.995,sw_linucb,0.1,9.373842768854006,425,,9.373842768854006,425,,0.010058633488692445,0.010058633488692445
33,sw_linucb__corr__z72_a0p5_corr_pruned_top10,sw_linucb,corr,z72_a0p5_corr_pruned_top10,72,10,MOM_pct_14_z|vol_expansion_72_log1p_z|MACD_hist_pct_z|vol_ratio_72_log1p_z|ema_spread_9_21_z|bb_width_20_sqrt_z|body_sqrt_z|dist_to_low_24_sqrt_z|price_pos_in_range_168_norm|volatility_24_sqrt_z,325.0,-4.651635736558559,True,dro_minimax_median,"[-87.0, 0.0]",-87.0,0.0,-4.651635736558559,-5.381203407589801,0.5,9.118187999562387,0.586781368089635,431.0,137.0,1,3142,-4.651635736558559,-4.651635736558559,0.0,-4.651635736558559,-4.651635736558559,-5.381203407589801,-5.381203407589801,0.0,-2.4629327234648315,-5.381203407589801,-7.738531322400637,9.118187999562387,0.586781368089635,431.0,137.0,4.0,7.510948905109489,4.0,6.0,0.8321167883211679,0.1678832116788321,8.0,0.27549999999999997,0.7245,1.0,0.995,sw_linucb,0.1,0.8165457421440853,325,,0.8165457421440853,325,,0.07498371202380436,0.07498371202380436
34,sw_linucb__corr__z72_a0p5_corr_pruned_top10,sw_linucb,corr,z72_a0p5_corr_pruned_top10,72,10,MOM_pct_14_z|vol_expansion_72_log1p_z|MACD_hist_pct_z|vol_ratio_72_log1p_z|ema_spread_9_21_z|bb_width_20_sqrt_z|body_sqrt_z|dist_to_low_24_sqrt_z|price_pos_in_range_168_norm|volatility_24_sqrt_z,350.0,-3.6222397607978825,True,dro_minimax_median,"[-78.0, 0.0]",-78.0,0.0,-3.6222397607978825,-4.777573213878572,0.5,8.586335240776698,0.735356003961123,445.0,128.0,1,3142,-3.6222397607978825,-3.6222397607978825,0.0,-3.6222397607978825,-3.6222397607978825,-4.777573213878572,-4.777573213878572,0.0,-0.15623940155581328,-4.777573213878572,-4.938038129888855,8.586335240776698,0.735356003961123,445.0,128.0,4.0,7.394557823129252,4.0,5.0,0.8707482993197279,0.1292517006802721,7.0,0.2955,0.7045,1.0,0.995,sw_linucb,0.1,0.7229276853896671,350,,0.7229276853896671,350,,0.05162907458357253,0.05162907458357253
35,sw_linucb__corr__z72_a0p5_corr_pruned_top10,sw_linucb,corr,z72_a0p5_corr_pruned_top10,72,10,MOM_pct_14_z|vol_expansion_72_log1p_z|MACD_hist_pct_z|vol_ratio_72_log1p_z|ema_spread_9_21_z|bb_width_20_sqrt_z|body_sqrt_z|dist_to_low_24_sqrt_z|price_pos_in_range_168_norm|volatility_24_sqrt_z,400.0,-6.491405111395924,True,dro_minimax_median,"[-85.0, 0.0]",-85.0,0.0,-6.491405111395924,-8.891219775377598,0.5,12.065115428169626,0.6351836025153454,416.0,135.0,1,3142,-6.491405111395924,-6.491405111395924,0.0,-6.491405111395924,-6.491405111395924,-8.891219775377598,-8.891219775377598,0.0,0.7080388805490964,-8.891219775377598,-8.249681565876744,12.065115428169626,0.6351836025153454,416.0,135.0,4.0,7.028985507246377,4.0,6.0,0.8321678321678322,0.16783216783216784,8.0,0.27549999999999997,0.7245,1.0,0.995,sw_linucb,0.1,16.83291652573247,400,,16.83291652573247,400,,0.0073769869067112775,0.0073769869067112775
36,sw_linucb__corr__z72_a0p5_corr_pruned_top10,sw_linucb,corr,z72_a0p5_corr_pruned_top10,72,10,MOM_pct_14_z|vol_expansion_72_log1p_z|MACD_hist_pct_z|vol_ratio_72_log1p_z|ema_spread_9_21_z|bb_width_20_sqrt_z|body_sqrt_z|dist_to_low_24_sqrt_z|price_pos_in_range_168_norm|volatility_24_sqrt_z,375.0,-4.548894637903683,True,dro_minimax_median,"[-76.0, 0.0]",-76.0,0.0,-4.548894637903683,-5.9850172715342795,0.5,10.970269864049797,0.6561779163924727,400.0,126.0,1,3142,-4.548894637903683,-4.548894637903683,0.0,-4.548894637903683,-4.548894637903683,-5.9850172715342795,-5.9850172715342795,0.0,-0.2405267370118961,-5.9850172715342795,-6.205969546381136,10.970269864049797,0.6561779163924727,400.0,126.0,4.0,7.865079365079365,4.0,6.0,0.8235294117647058,0.17647058823529413,9.0,0.27149999999999996,0.7285,1.0,0.995,sw_linucb,0.1,24.674316359324113,375,,24.674316359324113,375,,0.011988053815336627,0.011988053815336627
37,sw_linucb__corr__z72_a0p5_corr_pruned_top10,sw_linucb,corr,z72_a0p5_corr_pruned_top10,72,10,MOM_pct_14_z|vol_expansion_72_log1p_z|MACD_hist_pct_z|vol_ratio_72_log1p_z|ema_spread_9_21_z|bb_width_20_sqrt_z|body_sqrt_z|dist_to_low_24_sqrt_z|price_pos_in_range_168_norm|volatility_24_sqrt_z,400.0,-3.316487819518219,True,dro_minimax_median,"[-73.0, 0.0]",-73.0,0.0,-3.316487819518219,-4.842951468063098,0.5,7.877957356459353,0.7542669061602986,385.0,123.0,1,3142,-3.316487819518219,-3.316487819518219,0.0,-3.316487819518219,-3.316487819518219,-4.842951468063098,-4.842951468063098,0.0,1.2629031261164176,-4.842951468063098,-3.659289997220823,7.877957356459353,0.7542669061602986,385.0,123.0,4.0,8.008130081300813,4.0,7.0,0.8048780487804879,0.1951219512195122,9.0,0.25949999999999995,0.7405,1.0,0.995,sw_linucb,0.1,26.304962033329726,400,,26.304962033329726,400,,0.005092997164863068,0.005092997164863068
38,sw_linucb__corr__z72_a0p5_corr_pruned_top10,sw_linucb,corr,z72_a0p5_corr_pruned_top10,72,10,MOM_pct_14_z|vol_expansion_72_log1p_z|MACD_hist_pct_z|vol_ratio_72_log1p_z|ema_spread_9_21_z|bb_width_20_sqrt_z|body_sqrt_z|dist_to_low_24_sqrt_z|price_pos_in_range_168_norm|volatility_24_sqrt_z,275.0,-3.3883838680428564,True,dro_minimax_median,"[-63.0, 0.0]",-63.0,0.0,-3.3883838680428564,-4.280875027284758,0.5,7.687111019180637,0.7642607434235136,407.0,113.0,1,3142,-3.3883838680428564,-3.3883838680428564,0.0,-3.3883838680428564,-3.3883838680428564,-4.280875027284758,-4.280875027284758,0.0,-0.7109103903171506,-4.280875027284758,-4.952056636540481,7.687111019180637,0.7642607434235136,407.0,113.0,4.0,7.964285714285714,4.0,6.0,0.8357142857142857,0.16428571428571428,9.0,0.2815,0.7185,1.0,0.995,sw_linucb,0.1,19.379379237164155,275,,19.379379237164155,275,,0.040597532690804114,0.040597532690804114
39,sw_linucb__corr__z72_a0p5_corr_pruned_top10,sw_linucb,corr,z72_a0p5_corr_pruned_top10,72,10,MOM_pct_14_z|vol_expansion_72_log1p_z|MACD_hist_pct_z|vol_ratio_72_log1p_z|ema_spread_9_21_z|bb_width_20_sqrt_z|body_sqrt_z|dist_to_low_24_sqrt_z|price_pos_in_range_168_norm|volatility_24_sqrt_z,375.0,-4.166385552781791,True,dro_minimax_median,"[-90.0, 0.0]",-90.0,0.0,-4.166385552781791,-5.7183603625971635,0.5,8.556628168621527,0.7011741158681466,450.0,140.0,1,3142,-4.166385552781791,-4.166385552781791,0.0,-4.166385552781791,-4.166385552781791,-5.7183603625971635,-5.7183603625971635,0.0,0.48953887666432677,-5.7183603625971635,-5.257060234143699,8.556628168621527,0.7011741158681466,450.0,140.0,4.0,7.206666666666667,4.0,6.0,0.8466666666666667,0.15333333333333332,7.0,0.2995,0.7005,1.0,0.995,sw_linucb,0.1,3.022950966695676,375,,3.022950966695676,375,,0.18229112924547705,0.18229112924547705
40,sw_linucb__corr__z72_a0p5_corr_pruned_top10,sw_linucb,corr,z72_a0p5_corr_pruned_top10,72,10,MOM_pct_14_z|vol_expansion_72_log1p_z|MACD_hist_pct_z|vol_ratio_72_log1p_z|ema_spread_9_21_z|bb_width_20_sqrt_z|body_sqrt_z|dist_to_low_24_sqrt_z|price_pos_in_range_168_norm|volatility_24_sqrt_z,425.0,-5.609202746161254,True,dro_minimax_median,"[-72.0, 0.0]",-72.0,0.0,-5.609202746161254,-6.957127204944908,0.5,12.009455480189967,0.6405025854994079,411.0,122.0,1,3142,-5.609202746161254,-5.609202746161254,0.0,-5.609202746161254,-5.609202746161254,-6.957127204944908,-6.957127204944908,0.0,-1.5654293698102932,-6.957127204944908,-8.390158151134075,12.009455480189967,0.6405025854994079,411.0,122.0,4.0,7.328571428571428,4.0,7.0,0.8142857142857143,0.18571428571428572,8.0,0.2815,0.7185,1.0,0.995,sw_linucb,0.1,0.6044322416669128,425,,0.6044322416669128,425,,0.1357787979584578,0.1357787979584578
41,sw_linucb__corr__z72_a0p5_corr_pruned_top10,sw_linucb,corr,z72_a0p5_corr_pruned_top10,72,10,MOM_pct_14_z|vol_expansion_72_log1p_z|MACD_hist_pct_z|vol_ratio_72_log1p_z|ema_spread_9_21_z|bb_width_20_sqrt_z|body_sqrt_z|dist_to_low_24_sqrt_z|price_pos_in_range_168_norm|volatility_24_sqrt_z,225.0,-4.447231295992607,True,dro_minimax_median,"[-76.0, 0.0]",-76.0,0.0,-4.447231295992607,-5.644974106354894,0.5,10.025418334058479,0.6980842323285745,391.0,126.0,1,3142,-4.447231295992607,-4.447231295992607,0.0,-4.447231295992607,-4.447231295992607,-5.644974106354894,-5.644974106354894,0.0,-0.8540028649057452,-5.644974106354894,-6.439350788320039,10.025418334058479,0.6980842323285745,391.0,126.0,4.0,7.519685039370079,4.0,7.75,0.7857142857142857,0.21428571428571427,9.5,0.25349999999999995,0.7465,1.0,0.995,sw_linucb,0.1,6.647854050623242,225,,6.647854050623242,225,,0.008534002608501018,0.008534002608501018
42,sw_linucb__corr__z72_a0p5_corr_pruned_top10,sw_linucb,corr,z72_a0p5_corr_pruned_top10,72,10,MOM_pct_14_z|vol_expansion_72_log1p_z|MACD_hist_pct_z|vol_ratio_72_log1p_z|ema_spread_9_21_z|bb_width_20_sqrt_z|body_sqrt_z|dist_to_low_24_sqrt_z|price_pos_in_range_168_norm|volatility_24_sqrt_z,275.0,-4.7991481475403,True,dro_minimax_median,"[-79.0, 0.0]",-79.0,0.0,-4.7991481475403,-6.222902929287429,0.5,9.256358757550542,0.5630114260929941,413.0,129.0,1,3142,-4.7991481475403,-4.7991481475403,0.0,-4.7991481475403,-4.7991481475403,-6.222902929287429,-6.222902929287429,0.0,-0.5278838022989119,-6.222902929287429,-6.721650449979003,9.256358757550542,0.5630114260929941,413.0,129.0,4.0,6.940298507462686,4.0,7.0,0.84,0.16,8.0,0.26749999999999996,0.7325,1.0,0.995,sw_linucb,0.1,1.8475355261637858,275,,1.8475355261637858,275,,0.01964165455127305,0.01964165455127305
43,sw_linucb__corr__z72_a0p5_corr_pruned_top10,sw_linucb,corr,z72_a0p5_corr_pruned_top10,72,10,MOM_pct_14_z|vol_expansion_72_log1p_z|MACD_hist_pct_z|vol_ratio_72_log1p_z|ema_spread_9_21_z|bb_width_20_sqrt_z|body_sqrt_z|dist_to_low_24_sqrt_z|price_pos_in_range_168_norm|volatility_24_sqrt_z,250.0,-3.3397262625283153,True,dro_minimax_median,"[-65.0, 0.0]",-65.0,0.0,-3.3397262625283153,-4.744540118631691,0.5,9.645637120397376,0.8254203216743633,364.0,115.0,1,3142,-3.3397262625283153,-3.3397262625283153,0.0,-3.3397262625283153,-3.3397262625283153,-4.744540118631691,-4.744540118631691,0.0,0.874715305781811,-4.744540118631691,-3.8883862245118492,9.645637120397376,0.8254203216743633,364.0,115.0,4.0,7.878260869565217,4.0,7.0,0.7862595419847328,0.21374045801526717,8.5,0.23750000000000004,0.7625,1.0,0.995,sw_linucb,0.1,0.6445458363139192,250,,0.6445458363139192,250,,0.03909840337614641,0.03909840337614641
44,sw_linucb__corr__z72_a0p5_corr_pruned_top10,sw_linucb,corr,z72_a0p5_corr_pruned_top10,72,10,MOM_pct_14_z|vol_expansion_72_log1p_z|MACD_hist_pct_z|vol_ratio_72_log1p_z|ema_spread_9_21_z|bb_width_20_sqrt_z|body_sqrt_z|dist_to_low_24_sqrt_z|price_pos_in_range_168_norm|volatility_24_sqrt_z,275.0,-4.001261488762657,True,dro_minimax_median,"[-65.0, 0.0]",-65.0,0.0,-4.001261488762657,-5.068983579728925,0.5,7.756525089059663,0.6588756354097551,406.0,115.0,1,3142,-4.001261488762657,-4.001261488762657,0.0,-4.001261488762657,-4.001261488762657,-5.068983579728925,-5.068983579728925,0.0,-0.7980952158638551,-5.068983579728925,-5.796715254827098,7.756525089059663,0.6588756354097551,406.0,115.0,4.0,7.835714285714285,4.0,6.5,0.8344370860927153,0.16556291390728478,9.0,0.2815,0.7185,1.0,0.995,sw_linucb,0.1,7.633514334790937,275,,7.633514334790937,275,,0.018795797036721275,0.018795797036721275
45,sw_linucb__corr__z72_a0p5_corr_pruned_top10,sw_linucb,corr,z72_a0p5_corr_pruned_top10,72,10,MOM_pct_14_z|vol_expansion_72_log1p_z|MACD_hist_pct_z|vol_ratio_72_log1p_z|ema_spread_9_21_z|bb_width_20_sqrt_z|body_sqrt_z|dist_to_low_24_sqrt_z|price_pos_in_range_168_norm|volatility_24_sqrt_z,450.0,-5.030521799817734,True,dro_minimax_median,"[-80.0, 0.0]",-80.0,0.0,-5.030521799817734,-6.922141542863717,0.5,7.787315050332788,0.7387975099800772,412.0,130.0,1,3142,-5.030521799817734,-5.030521799817734,0.0,-5.030521799817734,-5.030521799817734,-6.922141542863717,-6.922141542863717,0.0,0.644337429320215,-6.922141542863717,-6.379242508886681,7.787315050332788,0.7387975099800772,412.0,130.0,4.0,7.852112676056338,4.0,6.75,0.8028169014084507,0.19718309859154928,8.0,0.27949999999999997,0.7205,1.0,0.995,sw_linucb,0.1,11.172555820045135,450,,11.172555820045135,450,,0.005193659532905352,0.005193659532905352
46,sw_linucb__corr__z72_a0p5_corr_pruned_top10,sw_linucb,corr,z72_a0p5_corr_pruned_top10,72,10,MOM_pct_14_z|vol_expansion_72_log1p_z|MACD_hist_pct_z|vol_ratio_72_log1p_z|ema_spread_9_21_z|bb_width_20_sqrt_z|body_sqrt_z|dist_to_low_24_sqrt_z|price_pos_in_range_168_norm|volatility_24_sqrt_z,250.0,-4.202065044404095,True,dro_minimax_median,"[-83.0, 0.0]",-83.0,0.0,-4.202065044404095,-5.150253760661017,0.5,9.24994577492615,0.646438714424268,417.0,133.0,1,3142,-4.202065044404095,-4.202065044404095,0.0,-4.202065044404095,-4.202065044404095,-5.150253760661017,-5.150253760661017,0.0,-1.357498895633328,-5.150253760661017,-6.449657846003613,9.24994577492615,0.646438714424268,417.0,133.0,4.0,7.413533834586466,4.0,6.0,0.8169014084507042,0.18309859154929578,8.0,0.2835,0.7165,1.0,0.995,sw_linucb,0.1,5.653427370710011,250,,5.653427370710011,250,,0.08395557807179194,0.08395557807179194
47,sw_linucb__corr__z72_a0p5_corr_pruned_top10,sw_linucb,corr,z72_a0p5_corr_pruned_top10,72,10,MOM_pct_14_z|vol_expansion_72_log1p_z|MACD_hist_pct_z|vol_ratio_72_log1p_z|ema_spread_9_21_z|bb_width_20_sqrt_z|body_sqrt_z|dist_to_low_24_sqrt_z|price_pos_in_range_168_norm|volatility_24_sqrt_z,350.0,-5.301538094391123,True,dro_minimax_median,"[-77.0, 0.0]",-77.0,0.0,-5.301538094391123,-6.557733990041389,0.5,10.570456820860297,0.621699200569747,412.0,127.0,1,3142,-5.301538094391123,-5.301538094391123,0.0,-5.301538094391123,-5.301538094391123,-6.557733990041389,-6.557733990041389,0.0,-1.5329504074403255,-6.557733990041389,-8.021714361659697,10.570456820860297,0.621699200569747,412.0,127.0,4.0,6.581081081081081,4.0,7.0,0.8445945945945946,0.1554054054054054,9.0,0.27549999999999997,0.7245,1.0,0.995,sw_linucb,0.1,0.5476396286895331,350,,0.5476396286895331,350,,0.032005708511616895,0.032005708511616895
48,sw_linucb__corr__z72_a0p5_corr_pruned_top10,sw_linucb,corr,z72_a0p5_corr_pruned_top10,72,10,MOM_pct_14_z|vol_expansion_72_log1p_z|MACD_hist_pct_z|vol_ratio_72_log1p_z|ema_spread_9_21_z|bb_width_20_sqrt_z|body_sqrt_z|dist_to_low_24_sqrt_z|price_pos_in_range_168_norm|volatility_24_sqrt_z,275.0,-4.207012594555254,True,dro_minimax_median,"[-72.0, 0.0]",-72.0,0.0,-4.207012594555254,-5.287813939589151,0.5,9.543939574211112,0.5693889176406222,427.0,122.0,1,3142,-4.207012594555254,-4.207012594555254,0.0,-4.207012594555254,-4.207012594555254,-5.287813939589151,-5.287813939589151,0.0,-0.9646085594535615,-5.287813939589151,-6.207909195402561,9.543939574211112,0.5693889176406222,427.0,122.0,4.0,7.315068493150685,4.0,5.0,0.8424657534246576,0.15753424657534246,9.0,0.2935,0.7065,1.0,0.995,sw_linucb,0.1,5.658916301289587,275,,5.658916301289587,275,,0.011093937365943357,0.011093937365943357
49,sw_linucb__corr__z72_a0p5_corr_pruned_top10,sw_linucb,corr,z72_a0p5_corr_pruned_top10,72,10,MOM_pct_14_z|vol_expansion_72_log1p_z|MACD_hist_pct_z|vol_ratio_72_log1p_z|ema_spread_9_21_z|bb_width_20_sqrt_z|body_sqrt_z|dist_to_low_24_sqrt_z|price_pos_in_range_168_norm|volatility_24_sqrt_z,450.0,-2.7341050959785793,True,dro_minimax_median,"[-78.0, 0.0]",-78.0,0.0,-2.7341050959785793,-3.9106324877700196,0.5,5.831553117924127,0.7640537301820045,401.0,128.0,1,3142,-2.7341050959785793,-2.7341050959785793,0.0,-2.7341050959785793,-2.7341050959785793,-3.9106324877700196,-3.9106324877700196,0.0,0.7954770793957419,-3.9106324877700196,-3.1664842828973154,5.831553117924127,0.7640537301820045,401.0,128.0,4.0,7.9496402877697845,4.0,6.25,0.835820895522388,0.16417910447761194,8.0,0.268,0.732,1.0,0.995,sw_linucb,0.1,23.969505776980863,450,,23.969505776980863,450,,0.019530058212257378,0.019530058212257378
0,sw_linucb__hybrid__z72_a0p5_hybrid_corr5_bsstablehie5_top10,sw_linucb,hybrid,z72_a0p5_hybrid_corr5_bsstablehie5_top10,72,10,MOM_pct_14_z|vol_expansion_72_log1p_z|MACD_hist_pct_z|vol_ratio_72_log1p_z|ema_spread_9_21_z|ema_spread_100_200_z|ADX_72_scaled|ema_spread_50_100_z|ADX_30_scaled|dist_to_high_168_sqrt_z,325.0,-2.245920323846331,True,dro_minimax_median,"[-42.0, 0.0]",-42.0,0.0,-2.245920323846331,-2.6842314993031215,0.5,6.99074124679785,0.7036326239433962,376.0,92.0,1,3142,-2.245920323846331,-2.245920323846331,0.0,-2.245920323846331,-2.245920323846331,-2.6842314993031215,-2.6842314993031215,0.0,-0.9309867974759597,-2.6842314993031215,-3.5578790267370946,6.99074124679785,0.7036326239433962,376.0,92.0,4.0,7.6923076923076925,4.0,5.0,0.8384615384615385,0.16153846153846155,7.0,0.26149999999999995,0.7385,1.0,0.995,sw_linucb,0.1,1.0,325,,1.0,325,,0.1,0.1
1,sw_linucb__hybrid__z72_a0p5_hybrid_corr5_bsstablehie5_top10,sw_linucb,hybrid,z72_a0p5_hybrid_corr5_bsstablehie5_top10,72,10,MOM_pct_14_z|vol_expansion_72_log1p_z|MACD_hist_pct_z|vol_ratio_72_log1p_z|ema_spread_9_21_z|ema_spread_100_200_z|ADX_72_scaled|ema_spread_50_100_z|ADX_30_scaled|dist_to_high_168_sqrt_z,250.0,-3.2827348244802876,True,dro_minimax_median,"[-50.0, 0.0]",-50.0,0.0,-3.2827348244802876,-4.033188346797804,0.5,10.387268605858024,0.6670914557256753,317.0,100.0,1,3142,-3.2827348244802876,-3.2827348244802876,0.0,-3.2827348244802876,-3.2827348244802876,-4.033188346797804,-4.033188346797804,0.0,-1.0313742575277396,-4.033188346797804,-5.022287119616368,10.387268605858024,0.6670914557256753,317.0,100.0,4.0,8.21,4.0,6.0,0.83,0.17,10.0,0.21150000000000002,0.7885,1.0,0.995,sw_linucb,0.1,7.81704884789038,250,,7.81704884789038,250,,0.00702157848922566,0.00702157848922566
2,sw_linucb__hybrid__z72_a0p5_hybrid_corr5_bsstablehie5_top10,sw_linucb,hybrid,z72_a0p5_hybrid_corr5_bsstablehie5_top10,72,10,MOM_pct_14_z|vol_expansion_72_log1p_z|MACD_hist_pct_z|vol_ratio_72_log1p_z|ema_spread_9_21_z|ema_spread_100_200_z|ADX_72_scaled|ema_spread_50_100_z|ADX_30_scaled|dist_to_high_168_sqrt_z,325.0,-3.0361343183016665,True,dro_minimax_median,"[-50.0, 0.0]",-50.0,0.0,-3.0361343183016665,-3.4838396114804957,0.5,9.854618323141596,0.7495428803088222,365.0,100.0,1,3142,-3.0361343183016665,-3.0361343183016665,0.0,-3.0361343183016665,-3.0361343183016665,-3.4838396114804957,-3.4838396114804957,0.0,-1.6930184387651777,-3.4838396114804957,-5.132264775110522,9.854618323141596,0.7495428803088222,365.0,100.0,4.0,7.691056910569106,4.0,5.0,0.8450704225352113,0.15492957746478872,8.0,0.24750000000000005,0.7525,1.0,0.995,sw_linucb,0.1,2.590090864414888,325,,2.590090864414888,325,,0.09949317499572201,0.09949317499572201
3,sw_linucb__hybrid__z72_a0p5_hybrid_corr5_bsstablehie5_top10,sw_linucb,hybrid,z72_a0p5_hybrid_corr5_bsstablehie5_top10,72,10,MOM_pct_14_z|vol_expansion_72_log1p_z|MACD_hist_pct_z|vol_ratio_72_log1p_z|ema_spread_9_21_z|ema_spread_100_200_z|ADX_72_scaled|ema_spread_50_100_z|ADX_30_scaled|dist_to_high_168_sqrt_z,275.0,-1.8170449334145151,True,dro_minimax_median,"[-19.0, 0.0]",-19.0,0.0,-1.8170449334145151,-2.2794659854526036,0.5,7.84014076096714,0.7504391361412368,269.0,69.0,1,3142,-1.8170449334145151,-1.8170449334145151,0.0,-1.8170449334145151,-1.8170449334145151,-2.2794659854526036,-2.2794659854526036,0.0,-0.4297817773002495,-2.2794659854526036,-2.719677274213946,7.84014076096714,0.7504391361412368,269.0,69.0,4.0,9.53012048192771,4.0,8.0,0.7831325301204819,0.21686746987951808,8.0,0.16749999999999998,0.8325,1.0,0.995,sw_linucb,0.1,0.5284870869571748,275,,0.5284870869571748,275,,0.008990555046899766,0.008990555046899766
4,sw_linucb__hybrid__z72_a0p5_hybrid_corr5_bsstablehie5_top10,sw_linucb,hybrid,z72_a0p5_hybrid_corr5_bsstablehie5_top10,72,10,MOM_pct_14_z|vol_expansion_72_log1p_z|MACD_hist_pct_z|vol_ratio_72_log1p_z|ema_spread_9_21_z|ema_spread_100_200_z|ADX_72_scaled|ema_spread_50_100_z|ADX_30_scaled|dist_to_high_168_sqrt_z,175.0,-2.4277416532752767,True,dro_minimax_median,"[-39.0, 0.0]",-39.0,0.0,-2.4277416532752767,-2.7421692793706876,0.5,9.916033003621006,0.7900692294342154,283.0,89.0,1,3142,-2.4277416532752767,-2.4277416532752767,0.0,-2.4277416532752767,-2.4277416532752767,-2.7421692793706876,-2.7421692793706876,0.0,-1.4844587749890428,-2.7421692793706876,-4.16770962235841,9.916033003621006,0.7900692294342154,283.0,89.0,4.0,10.044943820224718,4.0,9.5,0.7474747474747475,0.25252525252525254,12.5,0.18999999999999995,0.81,1.0,0.995,sw_linucb,0.1,28.740722242299118,175,,28.740722242299118,175,,0.10555184813338764,0.10555184813338764
5,sw_linucb__hybrid__z72_a0p5_hybrid_corr5_bsstablehie5_top10,sw_linucb,hybrid,z72_a0p5_hybrid_corr5_bsstablehie5_top10,72,10,MOM_pct_14_z|vol_expansion_72_log1p_z|MACD_hist_pct_z|vol_ratio_72_log1p_z|ema_spread_9_21_z|ema_spread_100_200_z|ADX_72_scaled|ema_spread_50_100_z|ADX_30_scaled|dist_to_high_168_sqrt_z,300.0,-2.224294912982195,True,dro_minimax_median,"[-23.0, 0.0]",-23.0,0.0,-2.224294912982195,-2.4601554541831216,0.5,9.11478641570872,0.7789469807502956,280.0,73.0,1,3142,-2.224294912982195,-2.224294912982195,0.0,-2.224294912982195,-2.224294912982195,-2.4601554541831216,-2.4601554541831216,0.0,-1.5167132893794157,-2.4601554541831216,-3.971779148817807,9.11478641570872,0.7789469807502956,280.0,73.0,4.0,8.59433962264151,4.0,7.0,0.8018867924528302,0.19811320754716982,9.0,0.20350000000000001,0.7965,1.0,0.995,sw_linucb,0.1,0.7139044928825661,300,,0.7139044928825661,300,,0.030296681370239158,0.030296681370239158
6,sw_linucb__hybrid__z72_a0p5_hybrid_corr5_bsstablehie5_top10,sw_linucb,hybrid,z72_a0p5_hybrid_corr5_bsstablehie5_top10,72,10,MOM_pct_14_z|vol_expansion_72_log1p_z|MACD_hist_pct_z|vol_ratio_72_log1p_z|ema_spread_9_21_z|ema_spread_100_200_z|ADX_72_scaled|ema_spread_50_100_z|ADX_30_scaled|dist_to_high_168_sqrt_z,375.0,-2.1040092334072322,True,dro_minimax_median,"[-63.0, 0.0]",-63.0,0.0,-2.1040092334072322,-3.346406555512367,0.5,6.917972854900379,0.9898582890546623,365.0,113.0,1,3142,-2.1040092334072322,-2.1040092334072322,0.0,-2.1040092334072322,-2.1040092334072322,-3.346406555512367,-3.346406555512367,0.0,1.623182732908172,-3.346406555512367,-1.7644463734483287,6.917972854900379,0.9898582890546623,365.0,113.0,4.0,8.299212598425196,4.0,8.0,0.7795275590551181,0.2204724409448819,9.0,0.25149999999999995,0.7485,1.0,0.995,sw_linucb,0.1,2.17612266083751,375,,2.17612266083751,375,,0.18186660645231062,0.18186660645231062
7,sw_linucb__hybrid__z72_a0p5_hybrid_corr5_bsstablehie5_top10,sw_linucb,hybrid,z72_a0p5_hybrid_corr5_bsstablehie5_top10,72,10,MOM_pct_14_z|vol_expansion_72_log1p_z|MACD_hist_pct_z|vol_ratio_72_log1p_z|ema_spread_9_21_z|ema_spread_100_200_z|ADX_72_scaled|ema_spread_50_100_z|ADX_30_scaled|dist_to_high_168_sqrt_z,400.0,-3.672616343903363,True,dro_minimax_median,"[-31.0, 0.0]",-31.0,0.0,-3.672616343903363,-4.4419311890514805,0.5,9.244635640916366,0.651928656905673,293.0,81.0,1,3142,-3.672616343903363,-3.672616343903363,0.0,-3.672616343903363,-3.672616343903363,-4.4419311890514805,-4.4419311890514805,0.0,-1.3646718084590095,-4.4419311890514805,-5.762836867951197,9.244635640916366,0.651928656905673,293.0,81.0,4.0,8.515463917525773,4.0,7.0,0.8041237113402062,0.1958762886597938,10.0,0.1935,0.8065,1.0,0.995,sw_linucb,0.1,23.022867216257907,400,,23.022867216257907,400,,0.007975385916005766,0.007975385916005766
8,sw_linucb__hybrid__z72_a0p5_hybrid_corr5_bsstablehie5_top10,sw_linucb,hybrid,z72_a0p5_hybrid_corr5_bsstablehie5_top10,72,10,MOM_pct_14_z|vol_expansion_72_log1p_z|MACD_hist_pct_z|vol_ratio_72_log1p_z|ema_spread_9_21_z|ema_spread_100_200_z|ADX_72_scaled|ema_spread_50_100_z|ADX_30_scaled|dist_to_high_168_sqrt_z,175.0,-3.690778721706778,True,dro_minimax_median,"[-24.0, 0.0]",-24.0,0.0,-3.690778721706778,-4.402396864363215,0.5,9.467563732911366,0.5788312299396123,254.0,74.0,1,3142,-3.690778721706778,-3.690778721706778,0.0,-3.690778721706778,-3.690778721706778,-4.402396864363215,-4.402396864363215,0.0,-1.5559242937374653,-4.402396864363215,-5.902803991787796,9.467563732911366,0.5788312299396123,254.0,74.0,4.0,10.376470588235295,4.0,13.0,0.6947368421052632,0.30526315789473685,13.0,0.17149999999999999,0.8285,1.0,0.995,sw_linucb,0.1,0.6439637565109974,175,,0.6439637565109974,175,,0.01849983452420057,0.01849983452420057
9,sw_linucb__hybrid__z72_a0p5_hybrid_corr5_bsstablehie5_top10,sw_linucb,hybrid,z72_a0p5_hybrid_corr5_bsstablehie5_top10,72,10,MOM_pct_14_z|vol_expansion_72_log1p_z|MACD_hist_pct_z|vol_ratio_72_log1p_z|ema_spread_9_21_z|ema_spread_100_200_z|ADX_72_scaled|ema_spread_50_100_z|ADX_30_scaled|dist_to_high_168_sqrt_z,450.0,-3.2657814337472657,True,dro_minimax_median,"[-51.0, 0.0]",-51.0,0.0,-3.2657814337472657,-4.882216450641223,0.5,9.131114635805005,0.8534473850820022,337.0,101.0,1,3142,-3.2657814337472657,-3.2657814337472657,0.0,-3.2657814337472657,-3.2657814337472657,-4.882216450641223,-4.882216450641223,0.0,1.583523616934605,-4.882216450641223,-3.406562091895223,9.131114635805005,0.8534473850820022,337.0,101.0,4.0,8.762376237623762,4.0,8.0,0.7821782178217822,0.21782178217821782,9.0,0.22750000000000004,0.7725,1.0,0.995,sw_linucb,0.1,7.5575562191217465,450,,7.5575562191217465,450,,0.08740299821425777,0.08740299821425777
10,sw_linucb__hybrid__z72_a0p5_hybrid_corr5_bsstablehie5_top10,sw_linucb,hybrid,z72_a0p5_hybrid_corr5_bsstablehie5_top10,72,10,MOM_pct_14_z|vol_expansion_72_log1p_z|MACD_hist_pct_z|vol_ratio_72_log1p_z|ema_spread_9_21_z|ema_spread_100_200_z|ADX_72_scaled|ema_spread_50_100_z|ADX_30_scaled|dist_to_high_168_sqrt_z,450.0,-1.9697253876540644,True,dro_minimax_median,"[-28.0, 0.0]",-28.0,0.0,-1.9697253876540644,-2.466917575978067,0.5,6.1885041197995205,0.7555222845921429,269.0,78.0,1,3142,-1.9697253876540644,-1.9697253876540644,0.0,-1.9697253876540644,-1.9697253876540644,-2.466917575978067,-2.466917575978067,0.0,-0.4781488226820563,-2.466917575978067,-2.93780252704083,6.1885041197995205,0.7555222845921429,269.0,78.0,4.0,8.76923076923077,4.0,7.0,0.8,0.2,11.0,0.1915,0.8085,1.0,0.995,sw_linucb,0.1,0.8563937885573334,450,,0.8563937885573334,450,,0.005497701946173866,0.005497701946173866
11,sw_linucb__hybrid__z72_a0p5_hybrid_corr5_bsstablehie5_top10,sw_linucb,hybrid,z72_a0p5_hybrid_corr5_bsstablehie5_top10,72,10,MOM_pct_14_z|vol_expansion_72_log1p_z|MACD_hist_pct_z|vol_ratio_72_log1p_z|ema_spread_9_21_z|ema_spread_100_200_z|ADX_72_scaled|ema_spread_50_100_z|ADX_30_scaled|dist_to_high_168_sqrt_z,450.0,-3.2521703581532564,True,dro_minimax_median,"[-30.0, 0.0]",-30.0,0.0,-3.2521703581532564,-4.641174983500544,0.5,7.573726980340966,0.8167720009264067,302.0,80.0,1,3142,-3.2521703581532564,-3.2521703581532564,0.0,-3.2521703581532564,-3.2521703581532564,-4.641174983500544,-4.641174983500544,0.0,0.9148435178886046,-4.641174983500544,-3.766833233153695,7.573726980340966,0.8167720009264067,302.0,80.0,4.0,7.883495145631068,4.0,6.0,0.8235294117647058,0.17647058823529413,8.0,0.20750000000000002,0.7925,1.0,0.995,sw_linucb,0.1,0.8176573323013673,450,,0.8176573323013673,450,,0.006453996454275631,0.006453996454275631
12,sw_linucb__hybrid__z72_a0p5_hybrid_corr5_bsstablehie5_top10,sw_linucb,hybrid,z72_a0p5_hybrid_corr5_bsstablehie5_top10,72,10,MOM_pct_14_z|vol_expansion_72_log1p_z|MACD_hist_pct_z|vol_ratio_72_log1p_z|ema_spread_9_21_z|ema_spread_100_200_z|ADX_72_scaled|ema_spread_50_100_z|ADX_30_scaled|dist_to_high_168_sqrt_z,325.0,-1.4955631161062308,True,dro_minimax_median,"[-27.0, 0.0]",-27.0,0.0,-1.4955631161062308,-1.507822680272571,0.5,7.673832915490941,0.7643616306367409,273.0,77.0,1,3142,-1.4955631161062308,-1.4955631161062308,0.0,-1.4955631161062308,-1.4955631161062308,-1.507822680272571,-1.507822680272571,0.0,-1.507822680272571,-1.4587844236072105,-2.941504903680636,7.673832915490941,0.7643616306367409,273.0,77.0,4.0,8.466019417475728,4.0,8.0,0.7849462365591398,0.21505376344086022,10.0,0.1875,0.8125,1.0,0.995,sw_linucb,0.1,0.7530055762169791,325,,0.7530055762169791,325,,0.006218368799916715,0.006218368799916715
13,sw_linucb__hybrid__z72_a0p5_hybrid_corr5_bsstablehie5_top10,sw_linucb,hybrid,z72_a0p5_hybrid_corr5_bsstablehie5_top10,72,10,MOM_pct_14_z|vol_expansion_72_log1p_z|MACD_hist_pct_z|vol_ratio_72_log1p_z|ema_spread_9_21_z|ema_spread_100_200_z|ADX_72_scaled|ema_spread_50_100_z|ADX_30_scaled|dist_to_high_168_sqrt_z,275.0,-1.4336401716390428,True,dro_minimax_median,"[-33.0, 0.0]",-33.0,0.0,-1.4336401716390428,-1.4471565654890532,0.5,8.590677652658762,0.8034967216947277,279.0,83.0,1,3142,-1.4336401716390428,-1.4336401716390428,0.0,-1.4336401716390428,-1.4336401716390428,-1.4471565654890532,-1.4471565654890532,0.0,-1.3930909900890114,-1.4471565654890532,-2.825745790682454,8.590677652658762,0.8034967216947277,279.0,83.0,4.0,8.258928571428571,4.0,6.5,0.8192771084337349,0.18072289156626506,12.0,0.16949999999999998,0.8305,1.0,0.995,sw_linucb,0.1,1.6628639870623028,275,,1.6628639870623028,275,,0.005614443686105606,0.005614443686105606
14,sw_linucb__hybrid__z72_a0p5_hybrid_corr5_bsstablehie5_top10,sw_linucb,hybrid,z72_a0p5_hybrid_corr5_bsstablehie5_top10,72,10,MOM_pct_14_z|vol_expansion_72_log1p_z|MACD_hist_pct_z|vol_ratio_72_log1p_z|ema_spread_9_21_z|ema_spread_100_200_z|ADX_72_scaled|ema_spread_50_100_z|ADX_30_scaled|dist_to_high_168_sqrt_z,300.0,-3.0152994518385476,True,dro_minimax_median,"[-47.0, 0.0]",-47.0,0.0,-3.0152994518385476,-3.2951606408028113,0.5,9.213077107702627,0.6362686282179703,309.0,97.0,1,3142,-3.0152994518385476,-3.0152994518385476,0.0,-3.0152994518385476,-3.0152994518385476,-3.2951606408028113,-3.2951606408028113,0.0,-2.1757158849457574,-3.2951606408028113,-5.415511699785125,9.213077107702627,0.6362686282179703,309.0,97.0,4.0,7.89908256880734,4.0,5.5,0.8252427184466019,0.17475728155339806,9.0,0.20750000000000002,0.7925,1.0,0.995,sw_linucb,0.1,1.9949458859437625,300,,1.9949458859437625,300,,0.00509931870491555,0.00509931870491555
15,sw_linucb__hybrid__z72_a0p5_hybrid_corr5_bsstablehie5_top10,sw_linucb,hybrid,z72_a0p5_hybrid_corr5_bsstablehie5_top10,72,10,MOM_pct_14_z|vol_expansion_72_log1p_z|MACD_hist_pct_z|vol_ratio_72_log1p_z|ema_spread_9_21_z|ema_spread_100_200_z|ADX_72_scaled|ema_spread_50_100_z|ADX_30_scaled|dist_to_high_168_sqrt_z,400.0,-1.544118107068778,True,dro_minimax_median,"[-48.0, 0.0]",-48.0,0.0,-1.544118107068778,-2.051289454547034,0.5,5.888349579622398,0.8040614565960982,327.0,98.0,1,3142,-1.544118107068778,-1.544118107068778,0.0,-1.544118107068778,-1.544118107068778,-2.051289454547034,-2.051289454547034,0.0,-0.022604064634009397,-2.051289454547034,-2.0925007205709854,5.888349579622398,0.8040614565960982,327.0,98.0,4.0,7.892307692307693,4.0,6.0,0.8384615384615385,0.16153846153846155,9.0,0.1995,0.8005,1.0,0.995,sw_linucb,0.1,1.4937545195887454,400,,1.4937545195887454,400,,0.01897437804878787,0.01897437804878787
16,sw_linucb__hybrid__z72_a0p5_hybrid_corr5_bsstablehie5_top10,sw_linucb,hybrid,z72_a0p5_hybrid_corr5_bsstablehie5_top10,72,10,MOM_pct_14_z|vol_expansion_72_log1p_z|MACD_hist_pct_z|vol_ratio_72_log1p_z|ema_spread_9_21_z|ema_spread_100_200_z|ADX_72_scaled|ema_spread_50_100_z|ADX_30_scaled|dist_to_high_168_sqrt_z,200.0,-2.425771630875508,True,dro_minimax_median,"[-26.0, 0.0]",-26.0,0.0,-2.425771630875508,-3.2467805388820175,0.5,8.175197061614004,0.7007352236407638,263.0,76.0,1,3142,-2.425771630875508,-2.425771630875508,0.0,-2.425771630875508,-2.425771630875508,-3.2467805388820175,-3.2467805388820175,0.0,0.037255093144021124,-3.2467805388820175,-3.206566118883884,8.175197061614004,0.7007352236407638,263.0,76.0,4.0,10.210526315789474,4.0,8.0,0.79,0.21,10.0,0.1755,0.8245,1.0,0.995,sw_linucb,0.1,1.9222588589078244,200,,1.9222588589078244,200,,0.007561403120555151,0.007561403120555151
17,sw_linucb__hybrid__z72_a0p5_hybrid_corr5_bsstablehie5_top10,sw_linucb,hybrid,z72_a0p5_hybrid_corr5_bsstablehie5_top10,72,10,MOM_pct_14_z|vol_expansion_72_log1p_z|MACD_hist_pct_z|vol_ratio_72_log1p_z|ema_spread_9_21_z|ema_spread_100_200_z|ADX_72_scaled|ema_spread_50_100_z|ADX_30_scaled|dist_to_high_168_sqrt_z,375.0,-3.2256236338826993,True,dro_minimax_median,"[-43.0, 0.0]",-43.0,0.0,-3.2256236338826993,-4.252390454372228,0.5,7.31546696923081,0.8041646340519416,321.0,93.0,1,3142,-3.2256236338826993,-3.2256236338826993,0.0,-3.2256236338826993,-3.2256236338826993,-4.252390454372228,-4.252390454372228,0.0,-0.14532317241411352,-4.252390454372228,-4.353715533185287,7.31546696923081,0.8041646340519416,321.0,93.0,4.0,9.096774193548388,4.0,9.0,0.7547169811320755,0.24528301886792453,9.0,0.21350000000000002,0.7865,1.0,0.995,sw_linucb,0.1,5.703764624771631,375,,5.703764624771631,375,,0.02717549849145953,0.02717549849145953
18,sw_linucb__hybrid__z72_a0p5_hybrid_corr5_bsstablehie5_top10,sw_linucb,hybrid,z72_a0p5_hybrid_corr5_bsstablehie5_top10,72,10,MOM_pct_14_z|vol_expansion_72_log1p_z|MACD_hist_pct_z|vol_ratio_72_log1p_z|ema_spread_9_21_z|ema_spread_100_200_z|ADX_72_scaled|ema_spread_50_100_z|ADX_30_scaled|dist_to_high_168_sqrt_z,225.0,-2.338243985895235,True,dro_minimax_median,"[-46.0, 0.0]",-46.0,0.0,-2.338243985895235,-3.066636078977414,0.5,9.893764410454454,0.8213038613189975,323.0,96.0,1,3142,-2.338243985895235,-2.338243985895235,0.0,-2.338243985895235,-2.338243985895235,-3.066636078977414,-3.066636078977414,0.0,-0.15306770664869815,-3.066636078977414,-3.2329324050175114,9.893764410454454,0.8213038613189975,323.0,96.0,4.0,8.522935779816514,4.0,5.0,0.8348623853211009,0.1651376146788991,8.0,0.21950000000000003,0.7805,1.0,0.995,sw_linucb,0.1,5.3415861185200235,225,,5.3415861185200235,225,,0.023615702805810167,0.023615702805810167
19,sw_linucb__hybrid__z72_a0p5_hybrid_corr5_bsstablehie5_top10,sw_linucb,hybrid,z72_a0p5_hybrid_corr5_bsstablehie5_top10,72,10,MOM_pct_14_z|vol_expansion_72_log1p_z|MACD_hist_pct_z|vol_ratio_72_log1p_z|ema_spread_9_21_z|ema_spread_100_200_z|ADX_72_scaled|ema_spread_50_100_z|ADX_30_scaled|dist_to_high_168_sqrt_z,375.0,-3.0712987058108343,True,dro_minimax_median,"[-26.0, 0.0]",-26.0,0.0,-3.0712987058108343,-4.25445391973106,0.5,8.078074061973972,0.6738773716795153,276.0,76.0,1,3142,-3.0712987058108343,-3.0712987058108343,0.0,-3.0712987058108343,-3.0712987058108343,-4.25445391973106,-4.25445391973106,0.0,0.47816693594984194,-4.25445391973106,-3.790384309739514,8.078074061973972,0.6738773716795153,276.0,76.0,4.0,8.982758620689655,4.0,6.0,0.7931034482758621,0.20689655172413793,13.5,0.16949999999999998,0.8305,1.0,0.995,sw_linucb,0.1,3.4382678329996157,375,,3.4382678329996157,375,,0.006031924258403178,0.006031924258403178
20,sw_linucb__hybrid__z72_a0p5_hybrid_corr5_bsstablehie5_top10,sw_linucb,hybrid,z72_a0p5_hybrid_corr5_bsstablehie5_top10,72,10,MOM_pct_14_z|vol_expansion_72_log1p_z|MACD_hist_pct_z|vol_ratio_72_log1p_z|ema_spread_9_21_z|ema_spread_100_200_z|ADX_72_scaled|ema_spread_50_100_z|ADX_30_scaled|dist_to_high_168_sqrt_z,350.0,-1.71607730055719,True,dro_minimax_median,"[-12.0, 0.0]",-12.0,0.0,-1.71607730055719,-2.2489775229877123,0.5,6.687417756109449,0.821965938644784,232.0,62.0,1,3142,-1.71607730055719,-1.71607730055719,0.0,-1.71607730055719,-1.71607730055719,-2.2489775229877123,-2.2489775229877123,0.0,-0.1173766332656238,-2.2489775229877123,-2.3694102647385216,6.687417756109449,0.821965938644784,232.0,62.0,4.0,9.629032258064516,4.0,8.5,0.7676767676767676,0.23232323232323232,13.0,0.14349999999999996,0.8565,1.0,0.995,sw_linucb,0.1,0.5452918549631313,350,,0.5452918549631313,350,,0.006451346362739362,0.006451346362739362
21,sw_linucb__hybrid__z72_a0p5_hybrid_corr5_bsstablehie5_top10,sw_linucb,hybrid,z72_a0p5_hybrid_corr5_bsstablehie5_top10,72,10,MOM_pct_14_z|vol_expansion_72_log1p_z|MACD_hist_pct_z|vol_ratio_72_log1p_z|ema_spread_9_21_z|ema_spread_100_200_z|ADX_72_scaled|ema_spread_50_100_z|ADX_30_scaled|dist_to_high_168_sqrt_z,400.0,-2.707836135639974,True,dro_minimax_median,"[-34.0, 0.0]",-34.0,0.0,-2.707836135639974,-3.751159479354682,0.5,7.05242377852141,0.7139683539012427,301.0,84.0,1,3142,-2.707836135639974,-2.707836135639974,0.0,-2.707836135639974,-2.707836135639974,-3.751159479354682,-3.751159479354682,0.0,0.4221338955041509,-3.751159479354682,-3.376205834378036,7.05242377852141,0.7139683539012427,301.0,84.0,4.0,8.456692913385826,4.0,6.5,0.8110236220472441,0.1889763779527559,9.0,0.1815,0.8185,1.0,0.995,sw_linucb,0.1,1.8143306236104118,400,,1.8143306236104118,400,,0.02152705412998302,0.02152705412998302
22,sw_linucb__hybrid__z72_a0p5_hybrid_corr5_bsstablehie5_top10,sw_linucb,hybrid,z72_a0p5_hybrid_corr5_bsstablehie5_top10,72,10,MOM_pct_14_z|vol_expansion_72_log1p_z|MACD_hist_pct_z|vol_ratio_72_log1p_z|ema_spread_9_21_z|ema_spread_100_200_z|ADX_72_scaled|ema_spread_50_100_z|ADX_30_scaled|dist_to_high_168_sqrt_z,425.0,-2.3944279314997177,True,dro_minimax_median,"[-28.0, 0.0]",-28.0,0.0,-2.3944279314997177,-3.335506631110411,0.5,6.817432367871923,0.8226891909856535,307.0,78.0,1,3142,-2.3944279314997177,-2.3944279314997177,0.0,-2.3944279314997177,-2.3944279314997177,-3.335506631110411,-3.335506631110411,0.0,0.4288081673323618,-3.335506631110411,-2.933449337812055,6.817432367871923,0.8226891909856535,307.0,78.0,4.0,9.236842105263158,4.0,7.0,0.8245614035087719,0.17543859649122806,8.0,0.22950000000000004,0.7705,1.0,0.995,sw_linucb,0.1,0.619913217505561,425,,0.619913217505561,425,,0.026786359734793035,0.026786359734793035
23,sw_linucb__hybrid__z72_a0p5_hybrid_corr5_bsstablehie5_top10,sw_linucb,hybrid,z72_a0p5_hybrid_corr5_bsstablehie5_top10,72,10,MOM_pct_14_z|vol_expansion_72_log1p_z|MACD_hist_pct_z|vol_ratio_72_log1p_z|ema_spread_9_21_z|ema_spread_100_200_z|ADX_72_scaled|ema_spread_50_100_z|ADX_30_scaled|dist_to_high_168_sqrt_z,325.0,-1.28689224327303,True,dro_minimax_median,"[-33.0, 0.0]",-33.0,0.0,-1.28689224327303,-1.3333108105374618,0.5,5.697271587107711,0.8248506479551385,302.0,83.0,1,3142,-1.28689224327303,-1.28689224327303,0.0,-1.28689224327303,-1.28689224327303,-1.3333108105374618,-1.3333108105374618,0.0,-1.3333108105374618,-1.1476365414797352,-2.4563950739999285,5.697271587107711,0.8248506479551385,302.0,83.0,4.0,8.077669902912621,4.0,6.0,0.8349514563106796,0.1650485436893204,9.0,0.20750000000000002,0.7925,1.0,0.995,sw_linucb,0.1,1.5023632290078865,325,,1.5023632290078865,325,,0.015432585048999768,0.015432585048999768
24,sw_linucb__hybrid__z72_a0p5_hybrid_corr5_bsstablehie5_top10,sw_linucb,hybrid,z72_a0p5_hybrid_corr5_bsstablehie5_top10,72,10,MOM_pct_14_z|vol_expansion_72_log1p_z|MACD_hist_pct_z|vol_ratio_72_log1p_z|ema_spread_9_21_z|ema_spread_100_200_z|ADX_72_scaled|ema_spread_50_100_z|ADX_30_scaled|dist_to_high_168_sqrt_z,175.0,-3.9658213209020374,True,dro_minimax_median,"[-60.0, 0.0]",-60.0,0.0,-3.9658213209020374,-4.249914145208233,0.5,8.882994913798981,0.6216043022361452,352.0,110.0,1,3142,-3.9658213209020374,-3.9658213209020374,0.0,-3.9658213209020374,-3.9658213209020374,-4.249914145208233,-4.249914145208233,0.0,-3.113542847983449,-4.249914145208233,-7.210097252988706,8.882994913798981,0.6216043022361452,352.0,110.0,4.0,8.933884297520661,4.0,10.0,0.743801652892562,0.256198347107438,10.0,0.24350000000000005,0.7565,1.0,0.995,sw_linucb,0.1,1.9983680856275587,175,,1.9983680856275587,175,,0.16627193136965635,0.16627193136965635
25,sw_linucb__hybrid__z72_a0p5_hybrid_corr5_bsstablehie5_top10,sw_linucb,hybrid,z72_a0p5_hybrid_corr5_bsstablehie5_top10,72,10,MOM_pct_14_z|vol_expansion_72_log1p_z|MACD_hist_pct_z|vol_ratio_72_log1p_z|ema_spread_9_21_z|ema_spread_100_200_z|ADX_72_scaled|ema_spread_50_100_z|ADX_30_scaled|dist_to_high_168_sqrt_z,300.0,-2.35470856413989,True,dro_minimax_median,"[-32.0, 0.0]",-32.0,0.0,-2.35470856413989,-2.527567658404776,0.5,8.39846383848074,0.7359804297928032,299.0,82.0,1,3142,-2.35470856413989,-2.35470856413989,0.0,-2.35470856413989,-2.35470856413989,-2.527567658404776,-2.527567658404776,0.0,-1.8361312813452324,-2.527567658404776,-4.330105419950259,8.39846383848074,0.7359804297928032,299.0,82.0,4.0,8.105263157894736,4.0,5.5,0.8105263157894737,0.18947368421052632,9.0,0.1915,0.8085,1.0,0.995,sw_linucb,0.1,2.3852298305647235,300,,2.3852298305647235,300,,0.015189890866752244,0.015189890866752244
26,sw_linucb__hybrid__z72_a0p5_hybrid_corr5_bsstablehie5_top10,sw_linucb,hybrid,z72_a0p5_hybrid_corr5_bsstablehie5_top10,72,10,MOM_pct_14_z|vol_expansion_72_log1p_z|MACD_hist_pct_z|vol_ratio_72_log1p_z|ema_spread_9_21_z|ema_spread_100_200_z|ADX_72_scaled|ema_spread_50_100_z|ADX_30_scaled|dist_to_high_168_sqrt_z,325.0,-2.527378930688301,True,dro_minimax_median,"[-29.0, 0.0]",-29.0,0.0,-2.527378930688301,-2.9840122732827026,0.5,7.334669353807954,0.6809636130371579,289.0,79.0,1,3142,-2.527378930688301,-2.527378930688301,0.0,-2.527378930688301,-2.527378930688301,-2.9840122732827026,-2.9840122732827026,0.0,-1.1574789029050958,-2.9840122732827026,-4.149872278901575,7.334669353807954,0.6809636130371579,289.0,79.0,4.0,8.475728155339805,4.0,5.0,0.822429906542056,0.17757009345794392,9.0,0.20750000000000002,0.7925,1.0,0.995,sw_linucb,0.1,1.0971512861980275,325,,1.0971512861980275,325,,0.012607130968696782,0.012607130968696782
27,sw_linucb__hybrid__z72_a0p5_hybrid_corr5_bsstablehie5_top10,sw_linucb,hybrid,z72_a0p5_hybrid_corr5_bsstablehie5_top10,72,10,MOM_pct_14_z|vol_expansion_72_log1p_z|MACD_hist_pct_z|vol_ratio_72_log1p_z|ema_spread_9_21_z|ema_spread_100_200_z|ADX_72_scaled|ema_spread_50_100_z|ADX_30_scaled|dist_to_high_168_sqrt_z,250.0,-2.6619802967018638,True,dro_minimax_median,"[-27.0, 0.0]",-27.0,0.0,-2.6619802967018638,-3.4455579353010877,0.5,8.124507650291735,0.7448594021376841,280.0,77.0,1,3142,-2.6619802967018638,-2.6619802967018638,0.0,-2.6619802967018638,-2.6619802967018638,-3.4455579353010877,-3.4455579353010877,0.0,-0.31124738090419307,-3.4455579353010877,-3.7929338188353277,8.124507650291735,0.7448594021376841,280.0,77.0,4.0,9.852631578947369,4.0,6.5,0.8421052631578947,0.15789473684210525,9.0,0.1915,0.8085,1.0,0.995,sw_linucb,0.1,1.1900912707072124,250,,1.1900912707072124,250,,0.005053256342891783,0.005053256342891783
28,sw_linucb__hybrid__z72_a0p5_hybrid_corr5_bsstablehie5_top10,sw_linucb,hybrid,z72_a0p5_hybrid_corr5_bsstablehie5_top10,72,10,MOM_pct_14_z|vol_expansion_72_log1p_z|MACD_hist_pct_z|vol_ratio_72_log1p_z|ema_spread_9_21_z|ema_spread_100_200_z|ADX_72_scaled|ema_spread_50_100_z|ADX_30_scaled|dist_to_high_168_sqrt_z,250.0,-2.5933077133941578,True,dro_minimax_median,"[-26.0, 0.0]",-26.0,0.0,-2.5933077133941578,-3.6112067920908335,0.5,7.84389005557633,0.6616305296355214,268.0,76.0,1,3142,-2.5933077133941578,-2.5933077133941578,0.0,-2.5933077133941578,-2.5933077133941578,-3.6112067920908335,-3.6112067920908335,0.0,0.46038952269586986,-3.6112067920908335,-3.150575175638366,7.84389005557633,0.6616305296355214,268.0,76.0,4.0,10.012048192771084,4.0,9.0,0.7590361445783133,0.24096385542168675,11.0,0.16749999999999998,0.8325,1.0,0.995,sw_linucb,0.1,1.7357431106314727,250,,1.7357431106314727,250,,0.010011108253084884,0.010011108253084884
29,sw_linucb__hybrid__z72_a0p5_hybrid_corr5_bsstablehie5_top10,sw_linucb,hybrid,z72_a0p5_hybrid_corr5_bsstablehie5_top10,72,10,MOM_pct_14_z|vol_expansion_72_log1p_z|MACD_hist_pct_z|vol_ratio_72_log1p_z|ema_spread_9_21_z|ema_spread_100_200_z|ADX_72_scaled|ema_spread_50_100_z|ADX_30_scaled|dist_to_high_168_sqrt_z,325.0,-3.0600489598770158,True,dro_minimax_median,"[-64.0, 0.0]",-64.0,0.0,-3.0600489598770158,-3.5544455136085253,0.5,7.458740745934889,0.6857907060705277,352.0,114.0,1,3142,-3.0600489598770158,-3.0600489598770158,0.0,-3.0600489598770158,-3.0600489598770158,-3.5544455136085253,-3.5544455136085253,0.0,-1.5768592986824868,-3.5544455136085253,-5.078847540606268,7.458740745934889,0.6857907060705277,352.0,114.0,4.0,8.0,4.0,6.0,0.8067226890756303,0.19327731092436976,10.0,0.23950000000000005,0.7605,1.0,0.995,sw_linucb,0.1,16.369815043914098,325,,16.369815043914098,325,,0.11252861889796065,0.11252861889796065
30,sw_linucb__hybrid__z72_a0p5_hybrid_corr5_bsstablehie5_top10,sw_linucb,hybrid,z72_a0p5_hybrid_corr5_bsstablehie5_top10,72,10,MOM_pct_14_z|vol_expansion_72_log1p_z|MACD_hist_pct_z|vol_ratio_72_log1p_z|ema_spread_9_21_z|ema_spread_100_200_z|ADX_72_scaled|ema_spread_50_100_z|ADX_30_scaled|dist_to_high_168_sqrt_z,325.0,-2.1434375446150993,True,dro_minimax_median,"[-22.0, 0.0]",-22.0,0.0,-2.1434375446150993,-2.2265496112783056,0.5,8.788447626884643,0.6099392248078022,282.0,72.0,1,3142,-2.1434375446150993,-2.1434375446150993,0.0,-2.1434375446150993,-2.1434375446150993,-2.2265496112783056,-2.2265496112783056,0.0,-1.89410134462548,-2.2265496112783056,-4.05120459509151,8.788447626884643,0.6099392248078022,282.0,72.0,4.0,8.28048780487805,4.0,5.0,0.8658536585365854,0.13414634146341464,11.0,0.16549999999999998,0.8345,1.0,0.995,sw_linucb,0.1,0.7241935621878349,325,,0.7241935621878349,325,,0.0053372612597745155,0.0053372612597745155
31,sw_linucb__hybrid__z72_a0p5_hybrid_corr5_bsstablehie5_top10,sw_linucb,hybrid,z72_a0p5_hybrid_corr5_bsstablehie5_top10,72,10,MOM_pct_14_z|vol_expansion_72_log1p_z|MACD_hist_pct_z|vol_ratio_72_log1p_z|ema_spread_9_21_z|ema_spread_100_200_z|ADX_72_scaled|ema_spread_50_100_z|ADX_30_scaled|dist_to_high_168_sqrt_z,350.0,-2.406377560808743,True,dro_minimax_median,"[-27.0, 0.0]",-27.0,0.0,-2.406377560808743,-3.3813185137984108,0.5,6.5061113385526115,0.7174821231682871,262.0,77.0,1,3142,-2.406377560808743,-2.406377560808743,0.0,-2.406377560808743,-2.406377560808743,-3.3813185137984108,-3.3813185137984108,0.0,0.5184452981602602,-3.3813185137984108,-2.8690634486794835,6.5061113385526115,0.7174821231682871,262.0,77.0,4.0,8.842696629213483,4.0,7.0,0.7865168539325843,0.21348314606741572,11.0,0.1795,0.8205,1.0,0.995,sw_linucb,0.1,2.496919196782415,350,,2.496919196782415,350,,0.021573287335739138,0.021573287335739138
32,sw_linucb__hybrid__z72_a0p5_hybrid_corr5_bsstablehie5_top10,sw_linucb,hybrid,z72_a0p5_hybrid_corr5_bsstablehie5_top10,72,10,MOM_pct_14_z|vol_expansion_72_log1p_z|MACD_hist_pct_z|vol_ratio_72_log1p_z|ema_spread_9_21_z|ema_spread_100_200_z|ADX_72_scaled|ema_spread_50_100_z|ADX_30_scaled|dist_to_high_168_sqrt_z,450.0,-3.419040534740545,True,dro_minimax_median,"[-30.0, 0.0]",-30.0,0.0,-3.419040534740545,-4.799501364315935,0.5,6.821430487675773,0.6341535107892943,276.0,80.0,1,3142,-3.419040534740545,-3.419040534740545,0.0,-3.419040534740545,-3.419040534740545,-4.799501364315935,-4.799501364315935,0.0,0.7223419539856243,-4.799501364315935,-4.145789998619698,6.821430487675773,0.6341535107892943,276.0,80.0,4.0,8.367816091954023,4.0,5.5,0.8623853211009175,0.13761467889908258,9.0,0.1755,0.8245,1.0,0.995,sw_linucb,0.1,2.82603206574853,450,,2.82603206574853,450,,0.013214503894686811,0.013214503894686811
33,sw_linucb__hybrid__z72_a0p5_hybrid_corr5_bsstablehie5_top10,sw_linucb,hybrid,z72_a0p5_hybrid_corr5_bsstablehie5_top10,72,10,MOM_pct_14_z|vol_expansion_72_log1p_z|MACD_hist_pct_z|vol_ratio_72_log1p_z|ema_spread_9_21_z|ema_spread_100_200_z|ADX_72_scaled|ema_spread_50_100_z|ADX_30_scaled|dist_to_high_168_sqrt_z,375.0,-2.7577963413780853,True,dro_minimax_median,"[-32.0, 0.0]",-32.0,0.0,-2.7577963413780853,-3.6993089651106703,0.5,7.332020690206653,0.8186967973128727,325.0,82.0,1,3142,-2.7577963413780853,-2.7577963413780853,0.0,-2.7577963413780853,-2.7577963413780853,-3.6993089651106703,-3.6993089651106703,0.0,0.06674152981966941,-3.6993089651106703,-3.6535776166352467,7.332020690206653,0.8186967973128727,325.0,82.0,4.0,8.512,4.0,5.0,0.816,0.184,7.0,0.23750000000000004,0.7625,1.0,0.995,sw_linucb,0.1,1.6935513832953355,375,,1.6935513832953355,375,,0.009929156904106782,0.009929156904106782
34,sw_linucb__hybrid__z72_a0p5_hybrid_corr5_bsstablehie5_top10,sw_linucb,hybrid,z72_a0p5_hybrid_corr5_bsstablehie5_top10,72,10,MOM_pct_14_z|vol_expansion_72_log1p_z|MACD_hist_pct_z|vol_ratio_72_log1p_z|ema_spread_9_21_z|ema_spread_100_200_z|ADX_72_scaled|ema_spread_50_100_z|ADX_30_scaled|dist_to_high_168_sqrt_z,350.0,-3.705305605172752,True,dro_minimax_median,"[-17.0, 0.0]",-17.0,0.0,-3.705305605172752,-4.453253086355409,0.5,8.759809627181381,0.5985224177160786,261.0,67.0,1,3142,-3.705305605172752,-3.705305605172752,0.0,-3.705305605172752,-3.705305605172752,-4.453253086355409,-4.453253086355409,0.0,-1.4614631616247802,-4.453253086355409,-5.863007466114882,8.759809627181381,0.5985224177160786,261.0,67.0,4.0,8.784313725490197,4.0,7.0,0.803921568627451,0.19607843137254902,11.0,0.1855,0.8145,1.0,0.995,sw_linucb,0.1,0.8397494643469928,350,,0.8397494643469928,350,,0.016530441820421196,0.016530441820421196
35,sw_linucb__hybrid__z72_a0p5_hybrid_corr5_bsstablehie5_top10,sw_linucb,hybrid,z72_a0p5_hybrid_corr5_bsstablehie5_top10,72,10,MOM_pct_14_z|vol_expansion_72_log1p_z|MACD_hist_pct_z|vol_ratio_72_log1p_z|ema_spread_9_21_z|ema_spread_100_200_z|ADX_72_scaled|ema_spread_50_100_z|ADX_30_scaled|dist_to_high_168_sqrt_z,425.0,-2.2362027105857654,True,dro_minimax_median,"[-35.0, 0.0]",-35.0,0.0,-2.2362027105857654,-3.1807189002385883,0.5,5.7912168661658825,0.8224378253809045,277.0,85.0,1,3142,-2.2362027105857654,-2.2362027105857654,0.0,-2.2362027105857654,-2.2362027105857654,-3.1807189002385883,-3.1807189002385883,0.0,0.5973458583727035,-3.1807189002385883,-2.601505519665711,5.7912168661658825,0.8224378253809045,277.0,85.0,4.0,9.823529411764707,4.0,8.5,0.7789473684210526,0.22105263157894736,9.0,0.1915,0.8085,1.0,0.995,sw_linucb,0.1,1.3905275029551736,425,,1.3905275029551736,425,,0.059429077420160834,0.059429077420160834
36,sw_linucb__hybrid__z72_a0p5_hybrid_corr5_bsstablehie5_top10,sw_linucb,hybrid,z72_a0p5_hybrid_corr5_bsstablehie5_top10,72,10,MOM_pct_14_z|vol_expansion_72_log1p_z|MACD_hist_pct_z|vol_ratio_72_log1p_z|ema_spread_9_21_z|ema_spread_100_200_z|ADX_72_scaled|ema_spread_50_100_z|ADX_30_scaled|dist_to_high_168_sqrt_z,300.0,-2.706307780519395,True,dro_minimax_median,"[-27.0, 0.0]",-27.0,0.0,-2.706307780519395,-3.4718603635473264,0.5,8.277669742526362,0.7188350519492349,268.0,77.0,1,3142,-2.706307780519395,-2.706307780519395,0.0,-2.706307780519395,-2.706307780519395,-3.4718603635473264,-3.4718603635473264,0.0,-0.4096500314356007,-3.4718603635473264,-3.9272405144952374,8.277669742526362,0.7188350519492349,268.0,77.0,4.0,8.267441860465116,4.0,6.0,0.8285714285714286,0.17142857142857143,11.0,0.1735,0.8265,1.0,0.995,sw_linucb,0.1,1.6418773240011255,300,,1.6418773240011255,300,,0.0073891654118137555,0.0073891654118137555
37,sw_linucb__hybrid__z72_a0p5_hybrid_corr5_bsstablehie5_top10,sw_linucb,hybrid,z72_a0p5_hybrid_corr5_bsstablehie5_top10,72,10,MOM_pct_14_z|vol_expansion_72_log1p_z|MACD_hist_pct_z|vol_ratio_72_log1p_z|ema_spread_9_21_z|ema_spread_100_200_z|ADX_72_scaled|ema_spread_50_100_z|ADX_30_scaled|dist_to_high_168_sqrt_z,200.0,-1.8201961934702693,True,dro_minimax_median,"[-24.0, 0.0]",-24.0,0.0,-1.8201961934702693,-2.7367087324878248,0.5,8.469315101208451,0.8151820811496969,249.0,74.0,1,3142,-1.8201961934702693,-1.8201961934702693,0.0,-1.8201961934702693,-1.8201961934702693,-2.7367087324878248,-2.7367087324878248,0.0,0.9293414235823971,-2.7367087324878248,-1.8476107568229185,8.469315101208451,0.8151820811496969,249.0,74.0,4.0,10.108695652173912,4.0,8.75,0.7702702702702703,0.22972972972972974,13.0,0.16749999999999998,0.8325,1.0,0.995,sw_linucb,0.1,29.71201700244752,200,,29.71201700244752,200,,0.014552259940875088,0.014552259940875088
38,sw_linucb__hybrid__z72_a0p5_hybrid_corr5_bsstablehie5_top10,sw_linucb,hybrid,z72_a0p5_hybrid_corr5_bsstablehie5_top10,72,10,MOM_pct_14_z|vol_expansion_72_log1p_z|MACD_hist_pct_z|vol_ratio_72_log1p_z|ema_spread_9_21_z|ema_spread_100_200_z|ADX_72_scaled|ema_spread_50_100_z|ADX_30_scaled|dist_to_high_168_sqrt_z,225.0,-3.566841682551507,True,dro_minimax_median,"[-38.0, 0.0]",-38.0,0.0,-3.566841682551507,-4.127204123642765,0.5,10.039616987729072,0.6023025275016131,291.0,88.0,1,3142,-3.566841682551507,-3.566841682551507,0.0,-3.566841682551507,-3.566841682551507,-4.127204123642765,-4.127204123642765,0.0,-1.8857543592777322,-4.127204123642765,-5.944242890712928,10.039616987729072,0.6023025275016131,291.0,88.0,4.0,9.823529411764707,4.0,12.0,0.7326732673267327,0.26732673267326734,10.0,0.20350000000000001,0.7965,1.0,0.995,sw_linucb,0.1,0.6787635230163231,225,,0.6787635230163231,225,,0.05865638437452559,0.05865638437452559
39,sw_linucb__hybrid__z72_a0p5_hybrid_corr5_bsstablehie5_top10,sw_linucb,hybrid,z72_a0p5_hybrid_corr5_bsstablehie5_top10,72,10,MOM_pct_14_z|vol_expansion_72_log1p_z|MACD_hist_pct_z|vol_ratio_72_log1p_z|ema_spread_9_21_z|ema_spread_100_200_z|ADX_72_scaled|ema_spread_50_100_z|ADX_30_scaled|dist_to_high_168_sqrt_z,275.0,-1.5141590495446722,True,dro_minimax_median,"[-8.0, 0.0]",-8.0,0.0,-1.5141590495446722,-1.6126141708053041,0.5,8.65565413117153,0.8103307537439813,290.0,58.0,1,3142,-1.5141590495446722,-1.5141590495446722,0.0,-1.5141590495446722,-1.5141590495446722,-1.6126141708053041,-1.6126141708053041,0.0,-1.2187936857627757,-1.6126141708053041,-2.853769575848856,8.65565413117153,0.8103307537439813,290.0,58.0,4.0,9.364583333333334,4.0,10.0,0.7395833333333334,0.2604166666666667,11.0,0.1935,0.8065,1.0,0.995,sw_linucb,0.1,0.8056820415078608,275,,0.8056820415078608,275,,0.01484875436985597,0.01484875436985597
40,sw_linucb__hybrid__z72_a0p5_hybrid_corr5_bsstablehie5_top10,sw_linucb,hybrid,z72_a0p5_hybrid_corr5_bsstablehie5_top10,72,10,MOM_pct_14_z|vol_expansion_72_log1p_z|MACD_hist_pct_z|vol_ratio_72_log1p_z|ema_spread_9_21_z|ema_spread_100_200_z|ADX_72_scaled|ema_spread_50_100_z|ADX_30_scaled|dist_to_high_168_sqrt_z,275.0,-2.2106636285901686,True,dro_minimax_median,"[-23.0, 0.0]",-23.0,0.0,-2.2106636285901686,-2.426583122333318,0.5,8.47484890135799,0.722904738544735,259.0,73.0,1,3142,-2.2106636285901686,-2.2106636285901686,0.0,-2.2106636285901686,-2.2106636285901686,-2.426583122333318,-2.426583122333318,0.0,-1.5629051473607196,-2.426583122333318,-3.9566696630117395,8.47484890135799,0.722904738544735,259.0,73.0,4.0,9.166666666666666,4.0,7.25,0.7738095238095238,0.2261904761904762,12.5,0.16949999999999998,0.8305,1.0,0.995,sw_linucb,0.1,1.1616196635873053,275,,1.1616196635873053,275,,0.014470615314459666,0.014470615314459666
41,sw_linucb__hybrid__z72_a0p5_hybrid_corr5_bsstablehie5_top10,sw_linucb,hybrid,z72_a0p5_hybrid_corr5_bsstablehie5_top10,72,10,MOM_pct_14_z|vol_expansion_72_log1p_z|MACD_hist_pct_z|vol_ratio_72_log1p_z|ema_spread_9_21_z|ema_spread_100_200_z|ADX_72_scaled|ema_spread_50_100_z|ADX_30_scaled|dist_to_high_168_sqrt_z,300.0,-3.0765491665613274,True,dro_minimax_median,"[-45.0, 0.0]",-45.0,0.0,-3.0765491665613274,-3.2628357192429327,0.5,7.815074544343825,0.5866043722942342,297.0,95.0,1,3142,-3.0765491665613274,-3.0765491665613274,0.0,-3.0765491665613274,-3.0765491665613274,-3.2628357192429327,-3.2628357192429327,0.0,-2.517689508516511,-3.2628357192429327,-5.734786943848529,7.815074544343825,0.5866043722942342,297.0,95.0,4.0,8.458333333333334,4.0,7.0,0.8105263157894737,0.18947368421052632,10.0,0.1935,0.8065,1.0,0.995,sw_linucb,0.1,1.2794878251371105,300,,1.2794878251371105,300,,0.0259631000451286,0.0259631000451286
42,sw_linucb__hybrid__z72_a0p5_hybrid_corr5_bsstablehie5_top10,sw_linucb,hybrid,z72_a0p5_hybrid_corr5_bsstablehie5_top10,72,10,MOM_pct_14_z|vol_expansion_72_log1p_z|MACD_hist_pct_z|vol_ratio_72_log1p_z|ema_spread_9_21_z|ema_spread_100_200_z|ADX_72_scaled|ema_spread_50_100_z|ADX_30_scaled|dist_to_high_168_sqrt_z,275.0,-2.2992862931781515,True,dro_minimax_median,"[-24.0, 0.0]",-24.0,0.0,-2.2992862931781515,-2.6989907418588417,0.5,8.353096803837644,0.8370240901193422,250.0,74.0,1,3142,-2.2992862931781515,-2.2992862931781515,0.0,-2.2992862931781515,-2.2992862931781515,-2.6989907418588417,-2.6989907418588417,0.0,-1.10017294713608,-2.6989907418588417,-3.7662358812824794,8.353096803837644,0.8370240901193422,250.0,74.0,4.0,9.963414634146341,4.0,10.5,0.7340425531914894,0.26595744680851063,12.0,0.16549999999999998,0.8345,1.0,0.995,sw_linucb,0.1,0.6030497785894329,275,,0.6030497785894329,275,,0.02640583465370888,0.02640583465370888
43,sw_linucb__hybrid__z72_a0p5_hybrid_corr5_bsstablehie5_top10,sw_linucb,hybrid,z72_a0p5_hybrid_corr5_bsstablehie5_top10,72,10,MOM_pct_14_z|vol_expansion_72_log1p_z|MACD_hist_pct_z|vol_ratio_72_log1p_z|ema_spread_9_21_z|ema_spread_100_200_z|ADX_72_scaled|ema_spread_50_100_z|ADX_30_scaled|dist_to_high_168_sqrt_z,275.0,-3.052472335105188,True,dro_minimax_median,"[-26.0, 0.0]",-26.0,0.0,-3.052472335105188,-4.090024233250219,0.5,7.421204141410264,0.6110017280415693,243.0,76.0,1,3142,-3.052472335105188,-3.052472335105188,0.0,-3.052472335105188,-3.052472335105188,-4.090024233250219,-4.090024233250219,0.0,0.06018335932990541,-4.090024233250219,-4.031176014143052,7.421204141410264,0.6110017280415693,243.0,76.0,4.0,10.620253164556962,4.0,9.25,0.75,0.25,13.0,0.15949999999999998,0.8405,1.0,0.995,sw_linucb,0.1,0.6770669991985832,275,,0.6770669991985832,275,,0.00618599659333675,0.00618599659333675
44,sw_linucb__hybrid__z72_a0p5_hybrid_corr5_bsstablehie5_top10,sw_linucb,hybrid,z72_a0p5_hybrid_corr5_bsstablehie5_top10,72,10,MOM_pct_14_z|vol_expansion_72_log1p_z|MACD_hist_pct_z|vol_ratio_72_log1p_z|ema_spread_9_21_z|ema_spread_100_200_z|ADX_72_scaled|ema_spread_50_100_z|ADX_30_scaled|dist_to_high_168_sqrt_z,250.0,-3.3047427186931957,True,dro_minimax_median,"[-32.0, 0.0]",-32.0,0.0,-3.3047427186931957,-3.7578799898946187,0.5,10.64488712429419,0.6033736779212269,288.0,82.0,1,3142,-3.3047427186931957,-3.3047427186931957,0.0,-3.3047427186931957,-3.3047427186931957,-3.7578799898946187,-3.7578799898946187,0.0,-1.9453309050889267,-3.7578799898946187,-5.625120053190824,10.64488712429419,0.6033736779212269,288.0,82.0,4.0,8.134615384615385,4.0,5.25,0.8173076923076923,0.18269230769230768,10.0,0.20550000000000002,0.7945,1.0,0.995,sw_linucb,0.1,0.6287643284272352,250,,0.6287643284272352,250,,0.012192816454989016,0.012192816454989016
45,sw_linucb__hybrid__z72_a0p5_hybrid_corr5_bsstablehie5_top10,sw_linucb,hybrid,z72_a0p5_hybrid_corr5_bsstablehie5_top10,72,10,MOM_pct_14_z|vol_expansion_72_log1p_z|MACD_hist_pct_z|vol_ratio_72_log1p_z|ema_spread_9_21_z|ema_spread_100_200_z|ADX_72_scaled|ema_spread_50_100_z|ADX_30_scaled|dist_to_high_168_sqrt_z,375.0,-3.7793727172507268,True,dro_minimax_median,"[-36.0, 0.0]",-36.0,0.0,-3.7793727172507268,-5.1498784879020265,0.5,9.167676100642442,0.6817395501641186,293.0,86.0,1,3142,-3.7793727172507268,-3.7793727172507268,0.0,-3.7793727172507268,-3.7793727172507268,-5.1498784879020265,-5.1498784879020265,0.0,0.33214459470317276,-5.1498784879020265,-4.8258375816974235,9.167676100642442,0.6817395501641186,293.0,86.0,4.0,8.817391304347826,4.0,7.5,0.808695652173913,0.19130434782608696,8.0,0.1855,0.8145,1.0,0.995,sw_linucb,0.1,0.9162163829476001,375,,0.9162163829476001,375,,0.0185832928707999,0.0185832928707999
46,sw_linucb__hybrid__z72_a0p5_hybrid_corr5_bsstablehie5_top10,sw_linucb,hybrid,z72_a0p5_hybrid_corr5_bsstablehie5_top10,72,10,MOM_pct_14_z|vol_expansion_72_log1p_z|MACD_hist_pct_z|vol_ratio_72_log1p_z|ema_spread_9_21_z|ema_spread_100_200_z|ADX_72_scaled|ema_spread_50_100_z|ADX_30_scaled|dist_to_high_168_sqrt_z,300.0,-3.5129246306476625,True,dro_minimax_median,"[-36.0, 0.0]",-36.0,0.0,-3.5129246306476625,-4.60148858168441,0.5,8.881416971402912,0.6374677044448401,284.0,86.0,1,3142,-3.5129246306476625,-3.5129246306476625,0.0,-3.5129246306476625,-3.5129246306476625,-4.60148858168441,-4.60148858168441,0.0,-0.24723277753742057,-4.60148858168441,-4.8766070288454815,8.881416971402912,0.6374677044448401,284.0,86.0,4.0,10.118279569892474,4.0,5.0,0.8380952380952381,0.1619047619047619,7.0,0.1875,0.8125,1.0,0.995,sw_linucb,0.1,0.966073882743005,300,,0.966073882743005,300,,0.009616043629342126,0.009616043629342126
47,sw_linucb__hybrid__z72_a0p5_hybrid_corr5_bsstablehie5_top10,sw_linucb,hybrid,z72_a0p5_hybrid_corr5_bsstablehie5_top10,72,10,MOM_pct_14_z|vol_expansion_72_log1p_z|MACD_hist_pct_z|vol_ratio_72_log1p_z|ema_spread_9_21_z|ema_spread_100_200_z|ADX_72_scaled|ema_spread_50_100_z|ADX_30_scaled|dist_to_high_168_sqrt_z,225.0,-1.7375521405620948,True,dro_minimax_median,"[-40.0, 0.0]",-40.0,0.0,-1.7375521405620948,-1.7846975345164104,0.5,8.371745915703045,0.7288023731106322,305.0,90.0,1,3142,-1.7375521405620948,-1.7375521405620948,0.0,-1.7375521405620948,-1.7375521405620948,-1.7846975345164104,-1.7846975345164104,0.0,-1.7846975345164104,-1.5961159586991476,-3.3730014955794974,8.371745915703045,0.7288023731106322,305.0,90.0,4.0,8.23076923076923,4.0,5.25,0.8548387096774194,0.14516129032258066,9.0,0.1835,0.8165,1.0,0.995,sw_linucb,0.1,2.603548361693337,225,,2.603548361693337,225,,0.005232415945348535,0.005232415945348535
48,sw_linucb__hybrid__z72_a0p5_hybrid_corr5_bsstablehie5_top10,sw_linucb,hybrid,z72_a0p5_hybrid_corr5_bsstablehie5_top10,72,10,MOM_pct_14_z|vol_expansion_72_log1p_z|MACD_hist_pct_z|vol_ratio_72_log1p_z|ema_spread_9_21_z|ema_spread_100_200_z|ADX_72_scaled|ema_spread_50_100_z|ADX_30_scaled|dist_to_high_168_sqrt_z,275.0,-2.7536306565276485,True,dro_minimax_median,"[-49.0, 0.0]",-49.0,0.0,-2.7536306565276485,-2.7600505155118875,0.5,7.325649140335377,0.6588197923257614,336.0,99.0,1,3142,-2.7536306565276485,-2.7536306565276485,0.0,-2.7536306565276485,-2.7536306565276485,-2.7600505155118875,-2.7600505155118875,0.0,-2.7600505155118875,-2.7343710795749305,-5.385173091957866,7.325649140335377,0.6588197923257614,336.0,99.0,4.0,7.9363636363636365,4.0,5.75,0.8181818181818182,0.18181818181818182,10.0,0.22150000000000003,0.7785,1.0,0.995,sw_linucb,0.1,2.645090811830372,275,,2.645090811830372,275,,0.06543437198039122,0.06543437198039122
49,sw_linucb__hybrid__z72_a0p5_hybrid_corr5_bsstablehie5_top10,sw_linucb,hybrid,z72_a0p5_hybrid_corr5_bsstablehie5_top10,72,10,MOM_pct_14_z|vol_expansion_72_log1p_z|MACD_hist_pct_z|vol_ratio_72_log1p_z|ema_spread_9_21_z|ema_spread_100_200_z|ADX_72_scaled|ema_spread_50_100_z|ADX_30_scaled|dist_to_high_168_sqrt_z,300.0,-2.642323686034871,True,dro_minimax_median,"[-29.0, 0.0]",-29.0,0.0,-2.642323686034871,-2.809759518099497,0.5,8.991662885563123,0.6236867905049271,263.0,79.0,1,3142,-2.642323686034871,-2.642323686034871,0.0,-2.642323686034871,-2.642323686034871,-2.809759518099497,-2.809759518099497,0.0,-2.1400161898409915,-2.809759518099497,-4.918839115062579,8.991662885563123,0.6236867905049271,263.0,79.0,4.0,8.808080808080808,4.0,6.0,0.8227848101265823,0.17721518987341772,10.0,0.17149999999999999,0.8285,1.0,0.995,sw_linucb,0.1,1.6635113403553485,300,,1.6635113403553485,300,,0.006230395038580615,0.006230395038580615
