z_window,set_name,algorithm,seed,seed_dro_score,dro_alpha,seed_dro_min_aggregate_half,mean_symbol_val_full,mean_symbol_val_h1,mean_symbol_val_h2,median_symbol_val_full,median_symbol_val_h1,median_symbol_val_h2,median_symbol_per_symbol_min_half,median_exposure_bars_val,median_exposure_ratio_val,median_n_trade_events_val,mean_constraint_applied_ratio,mean_min_hold_ratio,mean_cooldown_ratio,mean_raw_executed_mismatch_ratio,mean_blocked_exit_ratio,mean_blocked_entry_ratio,mean_forced_singleton_ratio,mean_decision_point_ratio,mean_bandit_consulted_ratio,mean_pending_update_queued_ratio
24,z24_a0p5_corr_pruned_top10,discounted_lints,166,-5.203811415259571,0.5,-6.479833822415915,-7.778391995489939,-1.3757441937905364,-6.479833822415915,-6.565744777331939,-1.2199305361390023,-7.219646459806562,-7.219646459806562,1118.0,0.559,367.0,0.18916666666666668,0.147,0.042166666666666665,0.18916666666666668,0.147,0.042166666666666665,0.38033333333333336,0.6196666666666667,1.0,0.995
24,z24_a0p5_corr_pruned_top10,discounted_lints,266,-5.883436667699508,0.5,-6.934798610674775,-9.485590465258698,-2.7293508387737067,-6.934798610674775,-8.79580446301851,-3.028963471335533,-5.744134271260948,-5.744134271260948,1123.0,0.5615,371.0,0.1975,0.15383333333333335,0.043666666666666666,0.1975,0.15383333333333335,0.043666666666666666,0.38466666666666666,0.6153333333333333,1.0,0.995
24,z24_a0p5_corr_pruned_top10,discounted_lints,366,-4.02922509087095,0.5,-5.0832103434111335,-5.957896065467787,-0.8672693332503979,-5.0832103434111335,-7.232140013013377,-1.4640678922500983,-6.527364998178287,-6.527364998178287,1122.0,0.561,358.0,0.18483333333333332,0.14466666666666664,0.04016666666666666,0.18483333333333332,0.14466666666666664,0.04016666666666666,0.3706666666666667,0.6293333333333333,1.0,0.995
24,z24_a0p5_corr_pruned_top10,discounted_lints,466,-6.02123120553499,0.5,-7.299473573311029,-9.324260463182725,-2.186504102206873,-7.299473573311029,-8.899553895506674,-1.3204782599763099,-7.617908657881822,-7.617908657881822,1162.0,0.581,368.0,0.18833333333333332,0.14816666666666667,0.04016666666666666,0.18833333333333332,0.14816666666666667,0.04016666666666666,0.3693333333333333,0.6306666666666666,1.0,0.995
24,z24_a0p5_corr_pruned_top10,discounted_lints,566,-7.066021970245423,0.5,-8.20149553976452,-11.549091413761538,-3.659601261688128,-8.20149553976452,-13.106853608717072,-3.0279311456456792,-9.264109894243111,-9.264109894243111,1114.0,0.557,365.0,0.18466666666666667,0.14033333333333334,0.044333333333333336,0.18466666666666667,0.14033333333333334,0.044333333333333336,0.37333333333333335,0.6266666666666666,1.0,0.995
24,z24_a0p5_corr_pruned_top10,discounted_lints,666,-6.120354535075743,0.5,-7.499359293311939,-9.375638007403722,-1.983340260367154,-7.499359293311939,-9.397327198721971,-2.577746361416944,-6.365483040743525,-6.365483040743525,1127.0,0.5635,394.0,0.2025,0.15533333333333335,0.04716666666666667,0.2025,0.15533333333333335,0.04716666666666667,0.3838333333333333,0.6161666666666666,1.0,0.995
24,z24_a0p5_corr_pruned_top10,discounted_lints,766,-5.342185147957616,0.5,-6.578874177117771,-8.102922214260747,-1.6321180604771504,-6.578874177117771,-8.751022948185494,-1.5243701865290227,-8.154952294340989,-8.154952294340989,1106.0,0.553,372.0,0.18366666666666667,0.14116666666666666,0.0425,0.18366666666666667,0.14116666666666666,0.0425,0.3775,0.6224999999999999,1.0,0.995
24,z24_a0p5_corr_pruned_top10,discounted_lints,866,-4.060042781209315,0.5,-4.9639021318948116,-6.260542843028001,-1.348464729152828,-4.9639021318948116,-6.0204402378965955,-1.0135431500950975,-5.058163760112711,-5.058163760112711,1143.0,0.5715,408.0,0.18883333333333333,0.1465,0.042333333333333334,0.18883333333333333,0.1465,0.042333333333333334,0.38466666666666666,0.6153333333333334,1.0,0.995
24,z24_a0p5_corr_pruned_top10,discounted_lints,966,-3.152554698984635,0.5,-3.2975355688501815,-6.023791094499427,-2.717612089387996,-3.2975355688501815,-5.293945555017898,-2.1328365681017925,-1.5646193165071876,-6.097532190175903,1123.0,0.5615,397.0,0.209,0.16033333333333333,0.04866666666666667,0.209,0.16033333333333333,0.04866666666666667,0.39683333333333337,0.6031666666666666,1.0,0.995
24,z24_a0p5_corr_pruned_top10,discounted_lints,1066,-4.4377840257150964,0.5,-5.096628548032164,-7.430345669253157,-2.4612504587638973,-5.096628548032164,-6.60907106503471,-2.5821548338462508,-5.112601903413038,-5.112601903413038,1144.0,0.572,375.0,0.18899999999999997,0.14816666666666667,0.04083333333333333,0.18899999999999997,0.14816666666666667,0.04083333333333333,0.37333333333333335,0.6266666666666667,1.0,0.995
24,z24_a0p5_corr_pruned_top10,discounted_lints,1166,-5.219327498741535,0.5,-6.489320221341733,-7.822033088141286,-1.409349330940942,-6.489320221341733,-8.678073608024095,-0.684841554471527,-6.590316904164628,-6.590316904164628,1147.0,0.5735,374.0,0.19966666666666666,0.15783333333333335,0.041833333333333333,0.19966666666666666,0.15783333333333335,0.041833333333333333,0.38399999999999995,0.616,1.0,0.995
24,z24_a0p5_corr_pruned_top10,discounted_lints,1266,-4.497183243130573,0.5,-6.050066599142975,-5.9384004208334416,0.16146682490663458,-6.050066599142975,-6.102283121123008,-0.4406689664673835,-7.6209616091181935,-7.6209616091181935,1126.0,0.563,370.0,0.1875,0.14433333333333334,0.043166666666666666,0.1875,0.14433333333333334,0.043166666666666666,0.3758333333333333,0.6241666666666666,1.0,0.995
24,z24_a0p5_corr_pruned_top10,discounted_lints,1366,-4.249155495833682,0.5,-5.456684641003281,-6.064848402094133,-0.6265680603248835,-5.456684641003281,-6.401539948540047,-0.8051645612266012,-4.483542084045588,-4.483542084045588,1093.0,0.5465,387.0,0.18916666666666668,0.14383333333333334,0.04533333333333334,0.18916666666666668,0.14383333333333334,0.04533333333333334,0.37433333333333335,0.6256666666666667,1.0,0.995
24,z24_a0p5_corr_pruned_top10,discounted_lints,1466,-6.210207118337475,0.5,-7.583081918963097,-9.516357719340428,-2.0915827164606124,-7.583081918963097,-9.376185709450946,-2.31996711784922,-7.919100075041241,-7.919100075041241,1140.0,0.57,378.0,0.18483333333333332,0.142,0.042833333333333334,0.18483333333333332,0.142,0.042833333333333334,0.3781666666666667,0.6218333333333333,1.0,0.995
24,z24_a0p5_corr_pruned_top10,discounted_lints,1566,-5.091740038664136,0.5,-6.615168585544455,-7.068904722046876,-0.5214543980231764,-6.615168585544455,-5.593314642890379,-1.2758785174412979,-5.213890633940077,-5.213890633940077,1147.0,0.5735,384.0,0.2015,0.15666666666666665,0.044833333333333336,0.2015,0.15666666666666665,0.044833333333333336,0.3845,0.6155,1.0,0.995
24,z24_a0p5_corr_pruned_top10,discounted_lints,1666,-4.782793752953649,0.5,-5.412318841050866,-8.13827658249477,-2.894218488661996,-5.412318841050866,-7.834825425133629,-3.217870979964288,-3.6247001156747394,-4.368469218266613,1103.0,0.5515,369.0,0.19499999999999998,0.152,0.043000000000000003,0.19499999999999998,0.152,0.043000000000000003,0.37766666666666665,0.6223333333333333,1.0,0.995
24,z24_a0p5_corr_pruned_top10,discounted_lints,1766,-4.663666867793511,0.5,-5.086877359889093,-8.307354756877283,-3.3940353915067667,-5.086877359889093,-7.255995103665624,-3.841933753345206,-4.881721565803554,-4.881721565803554,1103.0,0.5515,384.0,0.19399999999999998,0.14733333333333334,0.04666666666666667,0.19399999999999998,0.14733333333333334,0.04666666666666667,0.3853333333333333,0.6146666666666667,1.0,0.995
24,z24_a0p5_corr_pruned_top10,discounted_lints,1866,-6.731692285717241,0.5,-7.979956867784341,-10.747041322687075,-2.98689853951594,-7.979956867784341,-11.952654497490334,-2.6414619776880643,-7.836262280560624,-7.836262280560624,1092.0,0.546,374.0,0.19916666666666663,0.15466666666666665,0.044500000000000005,0.19916666666666663,0.15466666666666665,0.044500000000000005,0.3828333333333333,0.6171666666666668,1.0,0.995
24,z24_a0p5_corr_pruned_top10,discounted_lints,1966,-4.482759982211817,0.5,-6.4705867181380485,-5.088495837720264,1.4807202255668745,-6.4705867181380485,-5.78418749149151,0.28579720126622465,-6.6605154068650645,-6.6605154068650645,1153.0,0.5765,376.0,0.1875,0.14366666666666664,0.043833333333333335,0.1875,0.14366666666666664,0.043833333333333335,0.38066666666666665,0.6193333333333334,1.0,0.995
24,z24_a0p5_corr_pruned_top10,discounted_lints,2066,-6.458090029668678,0.5,-8.08679831872516,-9.54782038321504,-1.57196516249923,-8.08679831872516,-10.2293806563997,-1.950293871387776,-9.88431355541357,-9.88431355541357,1111.0,0.5555,359.0,0.18466666666666665,0.14266666666666666,0.042,0.18466666666666665,0.14266666666666666,0.042,0.37199999999999994,0.628,1.0,0.995
24,z24_a0p5_corr_pruned_top10,discounted_lints,2166,-5.582724573202476,0.5,-6.716283635855754,-8.768906077962413,-2.1820473852426434,-6.716283635855754,-8.95234083629286,-2.605061859340141,-6.517052218654163,-6.517052218654163,1113.0,0.5565,361.0,0.19566666666666666,0.151,0.04466666666666667,0.19566666666666666,0.151,0.04466666666666667,0.37883333333333336,0.6211666666666666,1.0,0.995
24,z24_a0p5_corr_pruned_top10,discounted_lints,2266,-4.318299149560604,0.5,-5.365277986267665,-6.487974975542643,-1.1773626394394203,-5.365277986267665,-5.072743308312344,-1.3452151392727707,-4.606267790805518,-4.606267790805518,1102.0,0.551,373.0,0.18966666666666665,0.14633333333333332,0.043333333333333335,0.18966666666666665,0.14633333333333332,0.043333333333333335,0.3758333333333333,0.6241666666666666,1.0,0.995
24,z24_a0p5_corr_pruned_top10,discounted_lints,2366,-5.22530048761803,0.5,-6.04232302476192,-8.706672541906956,-2.774232876186359,-6.04232302476192,-8.49815164651524,-3.2454047849667322,-5.385240721553575,-5.684514085355685,1143.0,0.5715,367.0,0.19516666666666668,0.15,0.04516666666666667,0.19516666666666668,0.15,0.04516666666666667,0.37966666666666665,0.6203333333333333,1.0,0.995
24,z24_a0p5_corr_pruned_top10,discounted_lints,2466,-4.745744864382888,0.5,-5.846192592901137,-7.217019099175878,-1.4444016788281406,-5.846192592901137,-4.935564100015966,-1.2281408282878492,-6.8091186053505615,-6.8091186053505615,1134.0,0.567,369.0,0.20666666666666667,0.16066666666666668,0.046000000000000006,0.20666666666666667,0.16066666666666668,0.046000000000000006,0.38599999999999995,0.614,1.0,0.995
24,z24_a0p5_corr_pruned_top10,discounted_lints,2566,-6.327692066536491,0.5,-7.9955927701354215,-9.214044931811236,-1.3239899557397017,-7.9955927701354215,-8.491375861902029,0.26750384133418237,-8.329953785145738,-8.329953785145738,1180.0,0.59,360.0,0.18900000000000003,0.14633333333333334,0.042666666666666665,0.18900000000000003,0.14633333333333334,0.042666666666666665,0.3836666666666666,0.6163333333333334,1.0,0.995
24,z24_a0p5_corr_pruned_top10,discounted_lints,2666,-6.497069278450297,0.5,-7.531378908330606,-10.654301141181639,-3.3941403888093675,-7.531378908330606,-8.310867654182076,-3.180981543985839,-5.5859946673028515,-5.5859946673028515,1108.0,0.554,366.0,0.1855,0.14316666666666666,0.042333333333333334,0.1855,0.14316666666666666,0.042333333333333334,0.371,0.629,1.0,0.995
24,z24_a0p5_corr_pruned_top10,discounted_lints,2766,-5.427847740021709,0.5,-6.859341152528441,-7.9089819259278356,-1.1333675025015106,-6.859341152528441,-7.12163310956978,-1.1397672493313582,-7.3276040089111145,-7.3276040089111145,1104.0,0.552,405.0,0.20766666666666667,0.15966666666666665,0.04800000000000001,0.20766666666666667,0.15966666666666665,0.04800000000000001,0.38600000000000007,0.614,1.0,0.995
24,z24_a0p5_corr_pruned_top10,discounted_lints,2866,-6.296491139603544,0.5,-7.251959802444207,-10.400243883203194,-3.4300851510815558,-7.251959802444207,-10.359377409233716,-3.2947840454784383,-7.30528678729967,-7.30528678729967,1133.0,0.5665,379.0,0.20316666666666663,0.15716666666666668,0.046000000000000006,0.20316666666666663,0.15716666666666668,0.046000000000000006,0.39166666666666666,0.6083333333333334,1.0,0.995
24,z24_a0p5_corr_pruned_top10,discounted_lints,2966,-4.795959654325605,0.5,-6.743958409587713,-5.795454089428335,1.0480366114607194,-6.743958409587713,-6.414920189785267,0.7459071829122754,-7.107809709526447,-7.107809709526447,1103.0,0.5515,381.0,0.19283333333333333,0.15033333333333332,0.0425,0.19283333333333333,0.15033333333333332,0.0425,0.37733333333333335,0.6226666666666666,1.0,0.995
24,z24_a0p5_corr_pruned_top10,discounted_lints,3066,-3.8833675289113185,0.5,-4.484637517583157,-6.532676109450748,-2.0795575628958027,-4.484637517583157,-6.606790375026927,-2.21818520814816,-2.830151941383774,-5.468689861082354,1116.0,0.558,379.0,0.19716666666666668,0.15433333333333332,0.042833333333333334,0.19716666666666668,0.15433333333333332,0.042833333333333334,0.38133333333333336,0.6186666666666666,1.0,0.995
24,z24_a0p5_corr_pruned_top10,discounted_linucb,166,-5.262623573553276,0.5,-6.412336741729895,-8.098511802721653,-1.8134840690234153,-6.412336741729895,-5.901749021652858,-2.111648902356189,-5.085395772311374,-5.085395772311374,1088.0,0.544,345.0,0.18133333333333335,0.1406666666666667,0.04066666666666666,0.18133333333333335,0.1406666666666667,0.04066666666666666,0.32749999999999996,0.6725,1.0,0.995
24,z24_a0p5_corr_pruned_top10,sw_lints,166,-5.286690201954871,0.5,-6.554525517491077,-7.9395773284118105,-1.483184255346252,-6.554525517491077,-8.71800704214304,-0.577120080652771,-7.6349108440930795,-7.6349108440930795,1098.0,0.549,368.0,0.2181666666666667,0.17266666666666666,0.045500000000000006,0.2181666666666667,0.17266666666666666,0.045500000000000006,0.38566666666666666,0.6143333333333333,1.0,0.995
24,z24_a0p5_corr_pruned_top10,sw_lints,266,-3.7683742037574106,0.5,-4.738936084313354,-5.603644765162379,-0.8566885620895803,-4.738936084313354,-6.216826917100593,-1.2396190145161468,-3.2770644286403083,-3.2770644286403083,1107.0,0.5535,378.0,0.20516666666666664,0.16316666666666668,0.042,0.20516666666666664,0.16316666666666668,0.042,0.37233333333333335,0.6276666666666667,1.0,0.995
24,z24_a0p5_corr_pruned_top10,sw_lints,366,-5.830000172741098,0.5,-7.388112922908722,-8.454098932594038,-1.1556619222382232,-7.388112922908722,-9.41465608612363,-0.7331906280653611,-8.901379598951987,-8.901379598951987,1070.0,0.535,389.0,0.221,0.17433333333333334,0.04666666666666667,0.221,0.17433333333333334,0.04666666666666667,0.3858333333333333,0.6141666666666666,1.0,0.995
24,z24_a0p5_corr_pruned_top10,sw_lints,466,-5.628265809557114,0.5,-7.119173002494912,-8.221501785081399,-1.1555442307437176,-7.119173002494912,-9.482122693834082,-0.6477917751583129,-6.092398710362945,-6.092398710362945,1054.0,0.527,370.0,0.21983333333333333,0.17133333333333334,0.048499999999999995,0.21983333333333333,0.17133333333333334,0.048499999999999995,0.37516666666666665,0.6248333333333334,1.0,0.995
24,z24_a0p5_corr_pruned_top10,sw_lints,566,-6.719659984294978,0.5,-8.539994940687352,-9.750415566287959,-1.2586551151178569,-8.539994940687352,-9.582599119032265,0.07305060982087941,-7.637367999322553,-7.637367999322553,1108.0,0.554,380.0,0.20950000000000002,0.166,0.043500000000000004,0.20950000000000002,0.166,0.043500000000000004,0.3743333333333334,0.6256666666666666,1.0,0.995
24,z24_a0p5_corr_pruned_top10,sw_lints,666,-6.572965912110792,0.5,-8.066842088363012,-9.976573867692794,-2.091337383354134,-8.066842088363012,-10.65048368898066,-1.4133361864900995,-10.078653314919483,-10.078653314919483,1099.0,0.5495,374.0,0.21933333333333335,0.17500000000000002,0.044333333333333336,0.21933333333333335,0.17500000000000002,0.044333333333333336,0.3773333333333333,0.6226666666666666,1.0,0.995
24,z24_a0p5_corr_pruned_top10,sw_lints,766,-4.869473906768565,0.5,-5.9584827133677445,-7.48164483981602,-1.6024474869710297,-5.9584827133677445,-8.045448064892113,-1.335106209646486,-6.273293474166053,-6.273293474166053,1075.0,0.5375,380.0,0.23850000000000002,0.19449999999999998,0.044000000000000004,0.23850000000000002,0.19449999999999998,0.044000000000000004,0.3933333333333333,0.6066666666666667,1.0,0.995
24,z24_a0p5_corr_pruned_top10,sw_lints,866,-5.030256253425199,0.5,-6.133866487850637,-7.770512916262888,-1.719425550148886,-6.133866487850637,-6.645743938420368,-2.3628281907752458,-6.2739447744405545,-6.2739447744405545,1063.0,0.5315,367.0,0.21733333333333335,0.17149999999999999,0.04583333333333334,0.21733333333333335,0.17149999999999999,0.04583333333333334,0.37650000000000006,0.6234999999999999,1.0,0.995
24,z24_a0p5_corr_pruned_top10,sw_lints,966,-6.309603880297766,0.5,-7.980024358471827,-9.157567126556168,-1.2983424457755837,-7.980024358471827,-10.300166665728428,-1.5331043473754247,-8.903563233354884,-8.903563233354884,1073.0,0.5365,375.0,0.2225,0.1765,0.046000000000000006,0.2225,0.1765,0.046000000000000006,0.38716666666666666,0.6128333333333333,1.0,0.995
24,z24_a0p5_corr_pruned_top10,sw_lints,1066,-6.9551348728140105,0.5,-8.856131981541163,-9.97618735549804,-1.252143546632556,-8.856131981541163,-9.97977433747792,-0.7651769066922998,-9.683484681821552,-9.683484681821552,1111.0,0.5555,372.0,0.213,0.16949999999999998,0.043500000000000004,0.213,0.16949999999999998,0.043500000000000004,0.3765,0.6234999999999999,1.0,0.995
24,z24_a0p5_corr_pruned_top10,sw_lints,1166,-6.96987663363885,0.5,-8.47590641691242,-10.72364142939531,-2.4517872838181414,-8.47590641691242,-8.933637797657024,-2.4567144569094257,-9.455740961623615,-9.455740961623615,1087.0,0.5435,394.0,0.22883333333333333,0.18183333333333332,0.04700000000000001,0.22883333333333333,0.18183333333333332,0.04700000000000001,0.4031666666666667,0.5968333333333333,1.0,0.995
24,z24_a0p5_corr_pruned_top10,sw_lints,1266,-5.250342244303935,0.5,-6.816644236176657,-7.3574355416459225,-0.5514362686857713,-6.816644236176657,-7.5623272372496775,0.544959110303167,-6.0362605985300295,-6.0362605985300295,1086.0,0.543,372.0,0.216,0.1718333333333333,0.04416666666666667,0.216,0.1718333333333333,0.04416666666666667,0.38516666666666666,0.6148333333333333,1.0,0.995
24,z24_a0p5_corr_pruned_top10,sw_lints,1366,-6.114683415832841,0.5,-7.694845309850915,-8.955297246491856,-1.3741977337786224,-7.694845309850915,-8.249766090763245,-0.145693062900365,-8.115897327260813,-8.115897327260813,1104.0,0.552,382.0,0.21466666666666667,0.1731666666666667,0.0415,0.21466666666666667,0.1731666666666667,0.0415,0.3785,0.6215,1.0,0.995
24,z24_a0p5_corr_pruned_top10,sw_lints,1466,-5.737882544196075,0.5,-6.868419610681923,-9.029996525814354,-2.3462713447385304,-6.868419610681923,-9.686888606558941,-1.4865708141978184,-8.63139568314988,-8.63139568314988,1112.0,0.556,405.0,0.22599999999999998,0.17933333333333334,0.04666666666666667,0.22599999999999998,0.17933333333333334,0.04666666666666667,0.3933333333333333,0.6066666666666667,1.0,0.995
24,z24_a0p5_corr_pruned_top10,sw_lints,1566,-5.7405033694308365,0.5,-7.339655152252841,-8.253381007659673,-0.9430480209648243,-7.339655152252841,-6.464151367088822,-2.8615116448443167,-9.4412524631718,-9.4412524631718,1100.0,0.55,379.0,0.2313333333333333,0.1845,0.04683333333333334,0.2313333333333333,0.1845,0.04683333333333334,0.387,0.6130000000000001,1.0,0.995
24,z24_a0p5_corr_pruned_top10,sw_lints,1666,-5.088101413396521,0.5,-6.611522466333419,-7.078432537693672,-0.5178382545858264,-6.611522466333419,-4.977046092693971,-0.7347072736005211,-7.77080518416291,-7.77080518416291,1071.0,0.5355,385.0,0.23233333333333336,0.1865,0.04583333333333334,0.23233333333333336,0.1865,0.04583333333333334,0.38566666666666666,0.6143333333333333,1.0,0.995
24,z24_a0p5_corr_pruned_top10,sw_lints,1766,-5.816382426609228,0.5,-7.114074194005589,-8.907858438804913,-1.9233071244201445,-7.114074194005589,-10.073615223873789,-2.0752430662960286,-8.844282841329687,-8.844282841329687,1064.0,0.532,403.0,0.23466666666666666,0.18700000000000003,0.04766666666666667,0.23466666666666666,0.18700000000000003,0.04766666666666667,0.389,0.611,1.0,0.995
24,z24_a0p5_corr_pruned_top10,sw_lints,1866,-6.946029632045656,0.5,-8.317592223927518,-10.904739257606812,-2.8313418564000714,-8.317592223927518,-12.376882799046896,-2.1906380729931008,-8.252813669988779,-8.252813669988779,1083.0,0.5415,363.0,0.21383333333333332,0.168,0.04583333333333334,0.21383333333333332,0.168,0.04583333333333334,0.37516666666666665,0.6248333333333332,1.0,0.995
24,z24_a0p5_corr_pruned_top10,sw_lints,1966,-5.7446273606076526,0.5,-7.251512934009848,-8.402894488503415,-1.2239706404010657,-7.251512934009848,-6.946974721080823,-0.5605315733608229,-6.894018065274709,-6.894018065274709,1068.0,0.534,370.0,0.21,0.16583333333333333,0.04416666666666667,0.21,0.16583333333333333,0.04416666666666667,0.37599999999999995,0.624,1.0,0.995
24,z24_a0p5_corr_pruned_top10,sw_lints,2066,-6.674108330720927,0.5,-8.1504845638988,-10.219514298090118,-2.244979631187305,-8.1504845638988,-9.9028922710805,-1.995123627833184,-8.068750184652151,-8.068750184652151,1086.0,0.543,372.0,0.217,0.1715,0.045500000000000006,0.217,0.1715,0.045500000000000006,0.3805,0.6194999999999999,1.0,0.995
24,z24_a0p5_corr_pruned_top10,sw_lints,2166,-5.492871799485589,0.5,-6.47226750475393,-8.834424081428697,-2.5546846836805672,-6.47226750475393,-10.472735024248802,-2.1927020721069557,-7.223585730775451,-7.223585730775451,1074.0,0.537,354.0,0.2165,0.1745,0.042,0.2165,0.1745,0.042,0.3745,0.6255000000000001,1.0,0.995
24,z24_a0p5_corr_pruned_top10,sw_lints,2266,-5.82723970195339,0.5,-7.35062799002593,-8.506514297048342,-1.2570748377357683,-7.35062799002593,-7.974414203620572,-0.9146410987087017,-9.040866843562467,-9.040866843562467,1071.0,0.5355,387.0,0.21883333333333332,0.1738333333333333,0.045000000000000005,0.21883333333333332,0.1738333333333333,0.045000000000000005,0.3895,0.6105,1.0,0.995
24,z24_a0p5_corr_pruned_top10,sw_lints,2366,-4.770734208073243,0.5,-6.238975710645241,-6.616897965182411,-0.3660097003572466,-6.238975710645241,-5.453855809259411,-2.022607382928787,-7.563916738180798,-7.563916738180798,1059.0,0.5295,381.0,0.221,0.1765,0.044500000000000005,0.221,0.1765,0.044500000000000005,0.38033333333333336,0.6196666666666667,1.0,0.995
24,z24_a0p5_corr_pruned_top10,sw_lints,2466,-4.556678937749329,0.5,-5.703029032868982,-6.758770400716333,-1.1176286523903678,-5.703029032868982,-6.83285011561785,-1.0190533658751,-4.913878152456408,-4.913878152456408,1063.0,0.5315,381.0,0.23066666666666666,0.18400000000000002,0.04666666666666667,0.23066666666666666,0.18400000000000002,0.04666666666666667,0.3865,0.6135,1.0,0.995
24,z24_a0p5_corr_pruned_top10,sw_lints,2566,-6.003211210772383,0.5,-7.8307077067087905,-8.35901958766553,-0.5207217229631578,-7.8307077067087905,-6.378039328261442,-2.323172634047932,-9.233287183848782,-9.233287183848782,1078.0,0.539,381.0,0.22516666666666665,0.18100000000000002,0.04416666666666667,0.22516666666666665,0.18100000000000002,0.04416666666666667,0.3821666666666667,0.6178333333333333,1.0,0.995
24,z24_a0p5_corr_pruned_top10,sw_lints,2666,-4.652346969133599,0.5,-5.373245147287219,-7.71364974661421,-2.48965243467274,-5.373245147287219,-8.791382356395472,-3.3172540729005218,-5.6619495350520355,-5.6619495350520355,1104.0,0.552,395.0,0.24016666666666664,0.19316666666666668,0.04700000000000001,0.24016666666666664,0.19316666666666668,0.04700000000000001,0.40166666666666667,0.5983333333333333,1.0,0.995
24,z24_a0p5_corr_pruned_top10,sw_lints,2766,-4.891014115367046,0.5,-6.673818141287209,-6.261803336373421,0.45739796239344654,-6.673818141287209,-5.884669159351741,-0.1163706017109023,-6.643109931851344,-6.643109931851344,1074.0,0.537,396.0,0.23550000000000001,0.18616666666666667,0.04933333333333334,0.23550000000000001,0.18616666666666667,0.04933333333333334,0.3965,0.6034999999999999,1.0,0.995
24,z24_a0p5_corr_pruned_top10,sw_lints,2866,-5.101808605348106,0.5,-5.987248211843269,-8.283220714847817,-2.4454897858626166,-5.987248211843269,-7.50795477602324,-2.2687208138704618,-5.845527861785271,-5.845527861785271,1068.0,0.534,388.0,0.22566666666666665,0.17766666666666667,0.04800000000000001,0.22566666666666665,0.17766666666666667,0.04800000000000001,0.3913333333333333,0.6086666666666667,1.0,0.995
24,z24_a0p5_corr_pruned_top10,sw_lints,2966,-5.184011086351968,0.5,-6.689799036763378,-7.325777342753445,-0.666647235117738,-6.689799036763378,-7.55341408273077,0.23731901664894028,-5.885850291275185,-5.885850291275185,1053.0,0.5265,381.0,0.22583333333333333,0.1791666666666667,0.04666666666666667,0.22583333333333333,0.1791666666666667,0.04666666666666667,0.38999999999999996,0.61,1.0,0.995
24,z24_a0p5_corr_pruned_top10,sw_lints,3066,-4.34628666960982,0.5,-5.541068435032533,-6.299793263767391,-0.7619413733416828,-5.541068435032533,-6.769403974967869,1.1228694749411794,-4.545623100691021,-5.007151100574769,1054.0,0.527,381.0,0.23650000000000002,0.18699999999999997,0.04950000000000001,0.23650000000000002,0.18699999999999997,0.04950000000000001,0.39116666666666666,0.6088333333333333,1.0,0.995
24,z24_a0p5_corr_pruned_top10,sw_linucb,166,-4.928418440817095,0.5,-6.0996364731505786,-7.447293117879454,-1.4147643438166435,-6.0996364731505786,-7.705204972172108,-2.224420669454341,-5.605473616463186,-5.605473616463186,1118.0,0.559,353.0,0.22816666666666666,0.18016666666666667,0.04800000000000001,0.22816666666666666,0.18016666666666667,0.04800000000000001,0.36000000000000004,0.64,1.0,0.995
24,z24_a0p5_hybrid_corr5_bsstablehie5_top10,discounted_lints,166,-3.6596985175799883,0.5,-4.187471429157138,-6.173047567142457,-2.0763797828485404,-4.187471429157138,-7.330069299826336,-0.7252773496661757,-3.9305756557266425,-5.904749312899638,976.0,0.488,327.0,0.19316666666666668,0.15616666666666668,0.037,0.19316666666666668,0.15616666666666668,0.037,0.3408333333333333,0.6591666666666667,1.0,0.995
24,z24_a0p5_hybrid_corr5_bsstablehie5_top10,discounted_lints,266,-4.007384430435792,0.5,-4.77756318295306,-6.357894832385025,-1.696848172883988,-4.77756318295306,-4.604276684327047,-0.67168397221683,-3.959185929428455,-3.959185929428455,973.0,0.4865,328.0,0.18433333333333332,0.14683333333333334,0.0375,0.18433333333333332,0.14683333333333334,0.0375,0.33549999999999996,0.6645,1.0,0.995
24,z24_a0p5_hybrid_corr5_bsstablehie5_top10,discounted_lints,366,-4.045630194620992,0.5,-4.735782895823785,-6.608059127095559,-1.975172091012615,-4.735782895823785,-7.3660921346405335,-2.1471557070223524,-5.333453989331527,-5.333453989331527,937.0,0.4685,307.0,0.18216666666666667,0.14616666666666667,0.036,0.18216666666666667,0.14616666666666667,0.036,0.32666666666666666,0.6733333333333333,1.0,0.995
24,z24_a0p5_hybrid_corr5_bsstablehie5_top10,discounted_lints,466,-5.25876707441943,0.5,-6.474985178593588,-7.929218734493098,-1.610112761896957,-6.474985178593588,-7.930540909522,-2.8831423088769292,-5.197242497999833,-5.197242497999833,985.0,0.4925,348.0,0.20033333333333334,0.16,0.04033333333333334,0.20033333333333334,0.16,0.04033333333333334,0.35033333333333333,0.6496666666666667,1.0,0.995
24,z24_a0p5_hybrid_corr5_bsstablehie5_top10,discounted_lints,566,-5.1225119717653005,0.5,-6.340419182817446,-7.727262891774626,-1.4687903386088645,-6.340419182817446,-7.739548631970838,-1.5941727757895263,-6.244930843556162,-6.244930843556162,966.0,0.483,320.0,0.19216666666666668,0.15533333333333332,0.036833333333333336,0.19216666666666668,0.15533333333333332,0.036833333333333336,0.336,0.664,1.0,0.995
24,z24_a0p5_hybrid_corr5_bsstablehie5_top10,discounted_lints,666,-5.582380229956638,0.5,-6.489494797503329,-9.12525610039218,-2.8610365273165663,-6.489494797503329,-6.017363573042811,-2.192355998566864,-3.9862653605627907,-3.9862653605627907,991.0,0.4955,335.0,0.1855,0.15166666666666667,0.03383333333333333,0.1855,0.15166666666666667,0.03383333333333333,0.3405,0.6595,1.0,0.995
24,z24_a0p5_hybrid_corr5_bsstablehie5_top10,discounted_lints,766,-5.588160254818574,0.5,-6.730151468835952,-8.67604872548341,-2.1621866127664404,-6.730151468835952,-6.6577098081111235,-1.6286608780562206,-5.11231114158236,-5.11231114158236,1043.0,0.5215,326.0,0.19066666666666668,0.15283333333333335,0.03783333333333333,0.19066666666666668,0.15283333333333335,0.03783333333333333,0.34383333333333327,0.6561666666666667,1.0,0.995
24,z24_a0p5_hybrid_corr5_bsstablehie5_top10,discounted_lints,866,-5.139314558542443,0.5,-5.374892002963997,-9.517504719168986,-4.432582225277781,-5.374892002963997,-6.866668929088848,-3.021352262482846,-3.9651168131501935,-3.9651168131501935,973.0,0.4865,346.0,0.20066666666666666,0.16549999999999998,0.03516666666666667,0.20066666666666666,0.16549999999999998,0.03516666666666667,0.3459999999999999,0.6539999999999999,1.0,0.995
24,z24_a0p5_hybrid_corr5_bsstablehie5_top10,discounted_lints,966,-3.9342796738092325,0.5,-4.627224397713285,-6.364469529515884,-1.8554455020970748,-4.627224397713285,-8.756529371222888,-1.6822019200529725,-5.781574988688687,-5.781574988688687,974.0,0.487,311.0,0.18066666666666667,0.1475,0.03316666666666667,0.18066666666666667,0.1475,0.03316666666666667,0.322,0.6779999999999999,1.0,0.995
24,z24_a0p5_hybrid_corr5_bsstablehie5_top10,discounted_lints,1066,-5.63618396513316,0.5,-6.603624260334869,-9.105883567625032,-2.7338630795280316,-6.603624260334869,-11.640439536775881,-3.9053651896746144,-7.847667930467306,-7.847667930467306,925.0,0.4625,327.0,0.18399999999999997,0.1466666666666667,0.037333333333333336,0.18399999999999997,0.1466666666666667,0.037333333333333336,0.3245,0.6755,1.0,0.995
24,z24_a0p5_hybrid_corr5_bsstablehie5_top10,discounted_lints,1166,-4.343389860225529,0.5,-4.473595735882234,-8.17847066636108,-3.952772233255416,-4.473595735882234,-7.234435667362538,-1.800197924686242,-5.533858142105553,-5.533858142105553,928.0,0.464,313.0,0.18466666666666667,0.15116666666666667,0.033499999999999995,0.18466666666666667,0.15116666666666667,0.033499999999999995,0.3233333333333333,0.6766666666666666,1.0,0.995
24,z24_a0p5_hybrid_corr5_bsstablehie5_top10,discounted_lints,1266,-6.058491038021863,0.5,-7.085545591568423,-9.825938429179526,-2.977327377382185,-7.085545591568423,-9.730433365120595,-4.215415770650122,-5.4455727695319815,-5.4455727695319815,978.0,0.489,339.0,0.2085,0.16766666666666666,0.04083333333333333,0.2085,0.16766666666666666,0.04083333333333333,0.3473333333333333,0.6526666666666667,1.0,0.995
24,z24_a0p5_hybrid_corr5_bsstablehie5_top10,discounted_lints,1366,-5.186391757014878,0.5,-5.806123507062097,-8.87254071058414,-3.3271965068732237,-5.806123507062097,-11.553442180082774,-3.676171882090895,-6.917270154670064,-7.296723551699602,922.0,0.461,299.0,0.1555,0.12466666666666666,0.030833333333333334,0.1555,0.12466666666666666,0.030833333333333334,0.2991666666666667,0.7008333333333333,1.0,0.995
24,z24_a0p5_hybrid_corr5_bsstablehie5_top10,discounted_lints,1466,-6.071550133273034,0.5,-7.229462360270148,-9.586322013770081,-2.5978134522816902,-7.229462360270148,-10.758414503204905,-2.0511399113200657,-8.88961299192409,-8.88961299192409,953.0,0.4765,306.0,0.1738333333333333,0.13749999999999998,0.036333333333333336,0.1738333333333333,0.13749999999999998,0.036333333333333336,0.31616666666666665,0.6838333333333333,1.0,0.995
24,z24_a0p5_hybrid_corr5_bsstablehie5_top10,discounted_lints,1566,-4.335850498507458,0.5,-5.093228648262119,-7.016957233576309,-2.0637160492434767,-5.093228648262119,-7.999396232160539,-2.7590922227405335,-4.526065061424733,-4.526065061424733,946.0,0.473,331.0,0.17900000000000002,0.14333333333333334,0.03566666666666667,0.17900000000000002,0.14333333333333334,0.03566666666666667,0.3256666666666667,0.6743333333333333,1.0,0.995
24,z24_a0p5_hybrid_corr5_bsstablehie5_top10,discounted_lints,1666,-5.029934596000092,0.5,-6.108126310202518,-7.782018321333092,-1.7953594533928123,-6.108126310202518,-5.464941080040964,-2.713471979731741,-4.050742845516353,-4.050742845516353,957.0,0.4785,316.0,0.18866666666666668,0.1525,0.036166666666666666,0.18866666666666668,0.1525,0.036166666666666666,0.32666666666666666,0.6733333333333333,1.0,0.995
24,z24_a0p5_hybrid_corr5_bsstablehie5_top10,discounted_lints,1766,-5.289720322389659,0.5,-6.550989057092274,-7.9250998301792235,-1.5059141182818145,-6.550989057092274,-5.884323462639129,-1.470232682531647,-4.479956565699627,-4.479956565699627,949.0,0.4745,326.0,0.18299999999999997,0.14500000000000002,0.038,0.18299999999999997,0.14500000000000002,0.038,0.3343333333333333,0.6656666666666666,1.0,0.995
24,z24_a0p5_hybrid_corr5_bsstablehie5_top10,discounted_lints,1866,-5.999147436637532,0.5,-7.189254617277545,-9.43251674417528,-2.428825894717494,-7.189254617277545,-9.320050079281616,-2.710022168829429,-5.743065042349905,-5.743065042349905,930.0,0.465,302.0,0.17866666666666667,0.1435,0.035166666666666666,0.17866666666666667,0.1435,0.035166666666666666,0.3203333333333333,0.6796666666666668,1.0,0.995
24,z24_a0p5_hybrid_corr5_bsstablehie5_top10,discounted_lints,1966,-6.320131880585304,0.5,-7.212308733955826,-10.516670187100933,-3.64360132047374,-7.212308733955826,-8.5183027178092,-1.9961756734782288,-6.654971975992529,-6.654971975992529,1000.0,0.5,316.0,0.17216666666666666,0.13733333333333334,0.034833333333333334,0.17216666666666666,0.13733333333333334,0.034833333333333334,0.32916666666666666,0.6708333333333334,1.0,0.995
24,z24_a0p5_hybrid_corr5_bsstablehie5_top10,discounted_lints,2066,-5.031069197404646,0.5,-5.754424458120913,-8.40976660226882,-2.8610034152558477,-5.754424458120913,-10.126790776971017,-2.5777253561252156,-6.59109497090925,-6.59109497090925,1035.0,0.5175,355.0,0.20066666666666666,0.16366666666666665,0.037000000000000005,0.20066666666666666,0.16366666666666665,0.037000000000000005,0.34299999999999997,0.657,1.0,0.995
24,z24_a0p5_hybrid_corr5_bsstablehie5_top10,discounted_lints,2166,-5.683215288203449,0.5,-6.754020114143551,-9.053228175583447,-2.4708008103831447,-6.754020114143551,-9.628149010941856,-1.2125130496469572,-6.944724816005254,-6.944724816005254,1042.0,0.521,318.0,0.18216666666666667,0.148,0.034166666666666665,0.18216666666666667,0.148,0.034166666666666665,0.3278333333333333,0.6721666666666667,1.0,0.995
24,z24_a0p5_hybrid_corr5_bsstablehie5_top10,discounted_lints,2266,-3.545326928838611,0.5,-3.61938031865345,-6.798103714041917,-3.61938031865345,-3.3231667593940952,-5.534256176767627,-4.263451088388703,-1.694861929870084,-4.263451088388703,989.0,0.4945,344.0,0.21316666666666664,0.17200000000000001,0.041166666666666664,0.21316666666666664,0.17200000000000001,0.041166666666666664,0.3566666666666667,0.6433333333333333,1.0,0.995
24,z24_a0p5_hybrid_corr5_bsstablehie5_top10,discounted_lints,2366,-5.7550125692152925,0.5,-6.810378614318213,-9.177524382359573,-2.5889144339065306,-6.810378614318213,-9.724206639476884,-3.282114148952342,-5.471453519301583,-5.471453519301583,1026.0,0.513,307.0,0.18133333333333335,0.14716666666666667,0.034166666666666665,0.18133333333333335,0.14716666666666667,0.034166666666666665,0.3268333333333333,0.6731666666666666,1.0,0.995
24,z24_a0p5_hybrid_corr5_bsstablehie5_top10,discounted_lints,2466,-3.9180274430394944,0.5,-4.251716426947941,-7.019153575531952,-2.9169604913141547,-4.251716426947941,-9.03815537627236,-2.6443131002426457,-5.845078631485889,-5.845078631485889,899.0,0.4495,319.0,0.18400000000000002,0.14966666666666667,0.034333333333333334,0.18400000000000002,0.14966666666666667,0.034333333333333334,0.32449999999999996,0.6755,1.0,0.995
24,z24_a0p5_hybrid_corr5_bsstablehie5_top10,discounted_lints,2566,-5.375458716837629,0.5,-6.07006055003347,-9.047978796587904,-3.2916532172501083,-6.07006055003347,-5.650554508867433,-1.6389891130861978,-4.078410093195717,-4.078410093195717,984.0,0.492,310.0,0.18183333333333337,0.145,0.03683333333333333,0.18183333333333337,0.145,0.03683333333333333,0.332,0.668,1.0,0.995
24,z24_a0p5_hybrid_corr5_bsstablehie5_top10,discounted_lints,2666,-5.0418908917162994,0.5,-6.127564633733255,-7.796056387323758,-1.7848696656654337,-6.127564633733255,-8.84410985754599,-1.4076541464958403,-6.475510494219227,-6.475510494219227,1020.0,0.51,343.0,0.1995,0.15633333333333332,0.043166666666666666,0.1995,0.15633333333333332,0.043166666666666666,0.3496666666666666,0.6503333333333333,1.0,0.995
24,z24_a0p5_hybrid_corr5_bsstablehie5_top10,discounted_lints,2766,-4.748654464688664,0.5,-5.174506802862004,-8.445477933677736,-3.471097450168644,-5.174506802862004,-10.53636385117146,-3.646414571431844,-4.886033025103842,-5.940590016142355,992.0,0.496,285.0,0.17,0.13433333333333333,0.03566666666666667,0.17,0.13433333333333333,0.03566666666666667,0.31816666666666665,0.6818333333333334,1.0,0.995
24,z24_a0p5_hybrid_corr5_bsstablehie5_top10,discounted_lints,2866,-4.566019024432116,0.5,-5.554672650530516,-7.050505389370369,-1.6000581461369177,-5.554672650530516,-7.2319666850542585,-1.1234888155158607,-6.1778857246906576,-6.1778857246906576,1023.0,0.5115,344.0,0.21683333333333335,0.1745,0.042333333333333334,0.21683333333333335,0.1745,0.042333333333333334,0.36433333333333334,0.6356666666666667,1.0,0.995
24,z24_a0p5_hybrid_corr5_bsstablehie5_top10,discounted_lints,2966,-4.524953853753882,0.5,-5.28969653953287,-7.398386787086575,-2.230725796416918,-5.28969653953287,-7.28707696438573,-2.8161339996446655,-4.591001514430637,-4.591001514430637,991.0,0.4955,345.0,0.2093333333333333,0.16349999999999998,0.04583333333333334,0.2093333333333333,0.16349999999999998,0.04583333333333334,0.3541666666666667,0.6458333333333334,1.0,0.995
24,z24_a0p5_hybrid_corr5_bsstablehie5_top10,discounted_lints,3066,-4.585559159566487,0.5,-4.877358589988634,-8.334471195214817,-3.7101608683000458,-4.877358589988634,-6.67946520425674,-3.447193620834099,-3.3476723304441403,-3.447193620834099,976.0,0.488,319.0,0.18466666666666667,0.14633333333333334,0.03833333333333333,0.18466666666666667,0.14633333333333334,0.03833333333333333,0.33166666666666667,0.6683333333333333,1.0,0.995
24,z24_a0p5_hybrid_corr5_bsstablehie5_top10,discounted_linucb,166,-5.024396825931623,0.5,-6.8795579040578945,-6.295818414528753,0.5410864084471926,-6.8795579040578945,-7.1355067028813,-0.04257967642459226,-4.7878167952918105,-4.7878167952918105,1029.0,0.5145,225.0,0.15716666666666668,0.12183333333333334,0.035333333333333335,0.15716666666666668,0.12183333333333334,0.035333333333333335,0.2623333333333333,0.7376666666666667,1.0,0.995
24,z24_a0p5_hybrid_corr5_bsstablehie5_top10,sw_lints,166,-3.4391394828010684,0.5,-4.000911084319768,-5.615250974720072,-1.7538246782449676,-4.000911084319768,-6.081518983675737,-1.4609209702963422,-4.689102089117925,-4.689102089117925,931.0,0.4655,275.0,0.15016666666666667,0.12,0.030166666666666665,0.15016666666666667,0.12,0.030166666666666665,0.27216666666666667,0.7278333333333333,1.0,0.995
24,z24_a0p5_hybrid_corr5_bsstablehie5_top10,sw_lints,266,-4.630360272156169,0.5,-5.455541819732308,-7.478455249601891,-2.154815629427753,-5.455541819732308,-9.632690543556732,-1.6619535442332856,-5.61464890836072,-5.61464890836072,945.0,0.4725,285.0,0.16166666666666665,0.128,0.03366666666666667,0.16166666666666665,0.128,0.03366666666666667,0.2828333333333333,0.7171666666666666,1.0,0.995
24,z24_a0p5_hybrid_corr5_bsstablehie5_top10,sw_lints,366,-5.900127970922849,0.5,-6.916362508457759,-9.56781346590722,-2.851424358318118,-6.916362508457759,-9.41999828155613,-2.727074472793334,-6.225803699573273,-6.225803699573273,962.0,0.481,259.0,0.1383333333333333,0.10816666666666667,0.030166666666666665,0.1383333333333333,0.10816666666666667,0.030166666666666665,0.2608333333333333,0.7391666666666667,1.0,0.995
24,z24_a0p5_hybrid_corr5_bsstablehie5_top10,sw_lints,466,-4.98027144851048,0.5,-5.689365746361715,-8.349367675195543,-2.8529885549567737,-5.689365746361715,-9.832088135276996,-2.141497911880408,-7.694893595999607,-7.694893595999607,949.0,0.4745,251.0,0.13166666666666668,0.10266666666666667,0.028999999999999998,0.13166666666666668,0.10266666666666667,0.028999999999999998,0.25083333333333335,0.7491666666666666,1.0,0.995
24,z24_a0p5_hybrid_corr5_bsstablehie5_top10,sw_lints,566,-5.532296963857775,0.5,-6.439772145929361,-9.052179391323596,-2.8098714176430177,-6.439772145929361,-8.3181090886427,-2.278703086740519,-6.2551381279617235,-6.2551381279617235,944.0,0.472,261.0,0.12533333333333332,0.09883333333333333,0.0265,0.12533333333333332,0.09883333333333333,0.0265,0.2568333333333333,0.7431666666666668,1.0,0.995
24,z24_a0p5_hybrid_corr5_bsstablehie5_top10,sw_lints,666,-3.8711264542445054,0.5,-4.842007547592771,-5.768346221916972,-0.9584831741997091,-4.842007547592771,-4.628181304832557,-0.5023524787960421,-2.950127739393793,-2.950127739393793,852.0,0.426,249.0,0.13866666666666666,0.10966666666666665,0.028999999999999998,0.13866666666666666,0.10966666666666665,0.028999999999999998,0.252,0.7479999999999999,1.0,0.995
24,z24_a0p5_hybrid_corr5_bsstablehie5_top10,sw_lints,766,-4.833477339650706,0.5,-5.712306270357107,-7.687936394578325,-2.196990547531504,-5.712306270357107,-7.939824988340661,-3.150011964779653,-4.945600015788488,-4.945600015788488,881.0,0.4405,281.0,0.14233333333333334,0.114,0.028333333333333332,0.14233333333333334,0.114,0.028333333333333332,0.282,0.718,1.0,0.995
24,z24_a0p5_hybrid_corr5_bsstablehie5_top10,sw_lints,866,-5.474729528701525,0.5,-6.529820599284823,-8.672700329402248,-2.3094563169516302,-6.529820599284823,-7.509013210277226,-2.105463452550793,-6.002398259719099,-6.002398259719099,912.0,0.456,269.0,0.15033333333333335,0.1185,0.03183333333333333,0.15033333333333335,0.1185,0.03183333333333333,0.2728333333333333,0.7271666666666667,1.0,0.995
24,z24_a0p5_hybrid_corr5_bsstablehie5_top10,sw_lints,966,-4.584418322858486,0.5,-5.808204749149474,-6.650565847431241,-0.9130590439855202,-5.808204749149474,-7.851950718225398,-1.5698157029078508,-4.290408064283335,-4.290408064283335,868.0,0.434,273.0,0.1455,0.11716666666666668,0.028333333333333335,0.1455,0.11716666666666668,0.028333333333333335,0.26816666666666666,0.7318333333333333,1.0,0.995
24,z24_a0p5_hybrid_corr5_bsstablehie5_top10,sw_lints,1066,-5.986972262096195,0.5,-7.674114319848542,-8.485309803744915,-0.9255460888391576,-7.674114319848542,-10.575413121265864,-1.6085648956167042,-7.60250968534919,-7.60250968534919,899.0,0.4495,271.0,0.14166666666666666,0.1125,0.029166666666666664,0.14166666666666666,0.1125,0.029166666666666664,0.2655,0.7345,1.0,0.995
24,z24_a0p5_hybrid_corr5_bsstablehie5_top10,sw_lints,1166,-5.214861155344106,0.5,-6.519809746686814,-7.750187131091457,-1.3000153813159814,-6.519809746686814,-7.010938779729292,-1.148900105808992,-5.930170408012603,-5.930170408012603,876.0,0.438,255.0,0.1425,0.11533333333333333,0.02716666666666667,0.1425,0.11533333333333333,0.02716666666666667,0.2565,0.7435,1.0,0.995
24,z24_a0p5_hybrid_corr5_bsstablehie5_top10,sw_lints,1266,-4.290715372626002,0.5,-5.3553976470032465,-6.34287207545312,-1.0966685494942656,-5.3553976470032465,-4.451405033885491,-0.26697392065352377,-4.19563235743281,-4.19563235743281,944.0,0.472,257.0,0.139,0.111,0.028,0.139,0.111,0.028,0.26100000000000007,0.739,1.0,0.995
24,z24_a0p5_hybrid_corr5_bsstablehie5_top10,sw_lints,1366,-5.38377781991116,0.5,-6.615025496114815,-8.150672756654009,-1.6900347913001916,-6.615025496114815,-6.089373052374059,-2.3086244480283846,-4.289812802465065,-4.289812802465065,907.0,0.4535,257.0,0.12866666666666668,0.1025,0.026166666666666668,0.12866666666666668,0.1025,0.026166666666666668,0.2588333333333333,0.7411666666666666,1.0,0.995
24,z24_a0p5_hybrid_corr5_bsstablehie5_top10,sw_lints,1466,-5.086364061828837,0.5,-6.179229990800409,-7.802732233827183,-1.8077662749141208,-6.179229990800409,-6.4330997324051005,-2.3213324988550554,-4.209483338316266,-4.209483338316266,922.0,0.461,261.0,0.14533333333333334,0.118,0.027333333333333334,0.14533333333333334,0.118,0.027333333333333334,0.26416666666666666,0.7358333333333333,1.0,0.995
24,z24_a0p5_hybrid_corr5_bsstablehie5_top10,sw_lints,1566,-3.0343802117079646,0.5,-3.1919068431457016,-5.617091842574665,-2.5618003173947543,-3.1919068431457016,-5.8981102860695795,-2.5338545082435493,-3.4517172715223254,-3.4517172715223254,932.0,0.466,272.0,0.137,0.10783333333333334,0.029166666666666664,0.137,0.10783333333333334,0.029166666666666664,0.26016666666666666,0.7398333333333333,1.0,0.995
24,z24_a0p5_hybrid_corr5_bsstablehie5_top10,sw_lints,1666,-4.797250838636592,0.5,-6.15493022615005,-6.81634557200956,-0.7242126760962179,-6.15493022615005,-6.804232120356868,-0.8525098840336476,-5.205896422000156,-5.205896422000156,975.0,0.4875,282.0,0.15266666666666664,0.12183333333333335,0.030833333333333334,0.15266666666666664,0.12183333333333335,0.030833333333333334,0.27566666666666667,0.7243333333333334,1.0,0.995
24,z24_a0p5_hybrid_corr5_bsstablehie5_top10,sw_lints,1766,-5.351177103830839,0.5,-6.197300539812474,-8.82547554714458,-2.812806795885932,-6.197300539812474,-9.365633735766144,-3.247101674822883,-6.025322018148538,-6.025322018148538,843.0,0.4215,243.0,0.11866666666666666,0.09249999999999999,0.026166666666666668,0.11866666666666666,0.09249999999999999,0.026166666666666668,0.24283333333333332,0.7571666666666665,1.0,0.995
24,z24_a0p5_hybrid_corr5_bsstablehie5_top10,sw_lints,1866,-5.481407908152777,0.5,-7.2014801442829155,-7.481020296989904,-0.32119119976236066,-7.2014801442829155,-5.593517557033456,-0.007585313772107138,-5.5863559858913,-5.5863559858913,887.0,0.4435,239.0,0.125,0.09883333333333333,0.026166666666666668,0.125,0.09883333333333333,0.026166666666666668,0.23949999999999996,0.7605,1.0,0.995
24,z24_a0p5_hybrid_corr5_bsstablehie5_top10,sw_lints,1966,-3.9878876897472866,0.5,-4.477270102454459,-6.821687831994297,-2.51974045162577,-4.477270102454459,-4.8779003890350054,-1.5625340252889308,-3.864325095957788,-3.864325095957788,926.0,0.463,265.0,0.13983333333333334,0.109,0.030833333333333334,0.13983333333333334,0.109,0.030833333333333334,0.2648333333333333,0.7351666666666667,1.0,0.995
24,z24_a0p5_hybrid_corr5_bsstablehie5_top10,sw_lints,2066,-4.5927339181686975,0.5,-5.306019169828635,-7.608720204015499,-2.4528781631888834,-5.306019169828635,-6.6007268230039,-2.9608278165208723,-3.989756337033201,-3.989756337033201,901.0,0.4505,264.0,0.14283333333333334,0.11466666666666665,0.028166666666666663,0.14283333333333334,0.11466666666666665,0.028166666666666663,0.26016666666666666,0.7398333333333333,1.0,0.995
24,z24_a0p5_hybrid_corr5_bsstablehie5_top10,sw_lints,2166,-5.718079276882062,0.5,-6.496729422187664,-9.581565402891476,-3.382128840965256,-6.496729422187664,-8.281083538921763,-2.4136287343318408,-6.012576068246689,-6.012576068246689,916.0,0.458,259.0,0.13166666666666668,0.1035,0.028166666666666663,0.13166666666666668,0.1035,0.028166666666666663,0.26016666666666666,0.7398333333333333,1.0,0.995
24,z24_a0p5_hybrid_corr5_bsstablehie5_top10,sw_lints,2266,-4.899283755620273,0.5,-5.608080764454093,-8.285755235284826,-2.7728927291188104,-5.608080764454093,-7.570390311982322,-3.3474199489413548,-4.36922673022293,-4.36922673022293,955.0,0.4775,269.0,0.15333333333333335,0.12283333333333334,0.0305,0.15333333333333335,0.12283333333333334,0.0305,0.2758333333333333,0.7241666666666666,1.0,0.995
24,z24_a0p5_hybrid_corr5_bsstablehie5_top10,sw_lints,2366,-4.635332746721927,0.5,-5.454561816879241,-7.583105269405476,-2.1776455362499836,-5.454561816879241,-6.164156784224872,-2.413709606656156,-2.2031357524378903,-4.050253617293986,900.0,0.45,252.0,0.1455,0.11466666666666665,0.030833333333333334,0.1455,0.11466666666666665,0.030833333333333334,0.26616666666666666,0.7338333333333334,1.0,0.995
24,z24_a0p5_hybrid_corr5_bsstablehie5_top10,sw_lints,2466,-4.217895269236242,0.5,-5.037994914197589,-6.649803914465342,-1.7575963343521999,-5.037994914197589,-3.5986821528324997,-0.2949123261220987,-3.5003356290077114,-3.5003356290077114,941.0,0.4705,257.0,0.12649999999999997,0.09833333333333333,0.02816666666666667,0.12649999999999997,0.09833333333333333,0.02816666666666667,0.2548333333333333,0.7451666666666666,1.0,0.995
24,z24_a0p5_hybrid_corr5_bsstablehie5_top10,sw_lints,2566,-4.177592059529369,0.5,-5.011186290854716,-6.5883364141275935,-1.676809365553326,-5.011186290854716,-5.3885660836353155,-2.1834328290437632,-3.103550045946324,-3.103550045946324,895.0,0.4475,267.0,0.1475,0.11933333333333333,0.02816666666666667,0.1475,0.11933333333333333,0.02816666666666667,0.27016666666666667,0.7298333333333334,1.0,0.995
24,z24_a0p5_hybrid_corr5_bsstablehie5_top10,sw_lints,2666,-4.719376759260341,0.5,-5.578703887744122,-7.561751454847543,-2.1413953738090004,-5.578703887744122,-8.892858647102075,-3.2633846883000306,-5.714977290340162,-5.714977290340162,935.0,0.4675,267.0,0.13783333333333334,0.10983333333333334,0.028,0.13783333333333334,0.10983333333333334,0.028,0.26166666666666666,0.7383333333333333,1.0,0.995
24,z24_a0p5_hybrid_corr5_bsstablehie5_top10,sw_lints,2766,-5.729356022871959,0.5,-6.498916420370112,-9.65110206773152,-3.420674830377498,-6.498916420370112,-11.717608381990384,-4.767326449730136,-6.8510868747001075,-6.8510868747001075,952.0,0.476,263.0,0.133,0.10633333333333334,0.02666666666666667,0.133,0.10633333333333334,0.02666666666666667,0.2655,0.7345,1.0,0.995
24,z24_a0p5_hybrid_corr5_bsstablehie5_top10,sw_lints,2866,-5.929870153141989,0.5,-7.0861645297466564,-9.288753155235026,-2.4609870233279874,-7.0861645297466564,-5.166142168443699,-1.5077255095033215,-3.714419915537004,-3.714419915537004,918.0,0.459,267.0,0.15766666666666665,0.12583333333333335,0.03183333333333333,0.15766666666666665,0.12583333333333335,0.03183333333333333,0.2796666666666667,0.7203333333333334,1.0,0.995
24,z24_a0p5_hybrid_corr5_bsstablehie5_top10,sw_lints,2966,-6.155411837104751,0.5,-7.715833122500267,-9.072214913138927,-1.474147980918202,-7.715833122500267,-8.63588143856262,-1.3392378822202011,-6.165461809261263,-6.165461809261263,899.0,0.4495,263.0,0.15133333333333335,0.12150000000000001,0.029833333333333333,0.15133333333333335,0.12150000000000001,0.029833333333333333,0.2728333333333333,0.7271666666666666,1.0,0.995
24,z24_a0p5_hybrid_corr5_bsstablehie5_top10,sw_lints,3066,-5.4931401773748165,0.5,-6.609764943097851,-8.572599647737304,-2.1432658802057136,-6.609764943097851,-6.8153193842148685,-2.2889180507293383,-4.632433950363524,-4.632433950363524,910.0,0.455,269.0,0.139,0.11316666666666668,0.025833333333333333,0.139,0.11316666666666668,0.025833333333333333,0.2635,0.7365,1.0,0.995
24,z24_a0p5_hybrid_corr5_bsstablehie5_top10,sw_linucb,166,-4.567051646161694,0.5,-5.618217569949157,-6.928615966096608,-1.4135538747993042,-5.618217569949157,-10.543946590226627,-0.34063343873681484,-3.9854194814341937,-6.830761612840918,929.0,0.4645,191.0,0.12516666666666668,0.09999999999999999,0.025166666666666667,0.12516666666666668,0.09999999999999999,0.025166666666666667,0.21483333333333335,0.7851666666666667,1.0,0.995
48,z48_a0p5_corr_pruned_top10,discounted_lints,190,-3.8353681218450797,0.5,-4.0802550051434405,-7.049761490854929,-3.1007074719499967,-4.0802550051434405,-6.756177632052673,-3.2282512180875966,-3.645616058789758,-3.645616058789758,1093.0,0.5465,378.0,0.20816666666666664,0.16066666666666665,0.04750000000000001,0.20816666666666664,0.16066666666666665,0.04750000000000001,0.37799999999999995,0.622,1.0,0.995
48,z48_a0p5_corr_pruned_top10,discounted_lints,290,-5.185076403145455,0.5,-6.372823345377995,-7.927485788952919,-1.6218355764478352,-6.372823345377995,-8.658508130164966,-2.086945412463548,-5.60475877465093,-5.60475877465093,1090.0,0.545,376.0,0.2125,0.167,0.045500000000000006,0.2125,0.167,0.045500000000000006,0.3775,0.6224999999999999,1.0,0.995
48,z48_a0p5_corr_pruned_top10,discounted_lints,390,-4.291777823532395,0.5,-5.5516259345642185,-6.062352177321902,-0.5122334904369233,-5.5516259345642185,-5.7257904905121055,-0.4197068065140863,-6.73119376965694,-6.73119376965694,1097.0,0.5485,372.0,0.19966666666666666,0.154,0.04566666666666667,0.19966666666666666,0.154,0.04566666666666667,0.3685,0.6315,1.0,0.995
48,z48_a0p5_corr_pruned_top10,discounted_lints,490,-5.973420012566061,0.5,-6.930764235069482,-9.758793497192551,-3.1013873450557985,-6.930764235069482,-8.50230779834038,-3.2213383533238438,-5.456749819806905,-5.456749819806905,1072.0,0.536,364.0,0.2021666666666667,0.15683333333333335,0.04533333333333334,0.2021666666666667,0.15683333333333335,0.04533333333333334,0.36883333333333335,0.6311666666666667,1.0,0.995
48,z48_a0p5_corr_pruned_top10,discounted_lints,590,-3.493367560991788,0.5,-4.52191350358343,-4.953481698868582,-0.4077297332168624,-4.52191350358343,-5.806435586395187,-0.27539643611420583,-5.8978630819665145,-5.8978630819665145,1080.0,0.54,357.0,0.20083333333333334,0.15666666666666665,0.04416666666666667,0.20083333333333334,0.15666666666666665,0.04416666666666667,0.371,0.629,1.0,0.995
48,z48_a0p5_corr_pruned_top10,discounted_lints,690,-4.936717885439775,0.5,-6.045669624103826,-7.561707640533925,-1.6098626694476221,-6.045669624103826,-7.009219565764068,-2.1430569004708855,-6.508826704877779,-6.508826704877779,1079.0,0.5395,370.0,0.19366666666666665,0.1475,0.04616666666666667,0.19366666666666665,0.1475,0.04616666666666667,0.369,0.6309999999999999,1.0,0.995
48,z48_a0p5_corr_pruned_top10,discounted_lints,790,-3.476224139673411,0.5,-4.439090164921889,-5.008065233408284,-0.5876260639279781,-4.439090164921889,-4.8747039814777455,-0.7736187474860379,-4.217302546554446,-4.217302546554446,1127.0,0.5635,372.0,0.18866666666666668,0.1456666666666667,0.043000000000000003,0.18866666666666668,0.1456666666666667,0.043000000000000003,0.36366666666666664,0.6363333333333333,1.0,0.995
48,z48_a0p5_corr_pruned_top10,discounted_lints,890,-4.387616346437248,0.5,-4.863055677969485,-7.670895701961996,-2.9612983518405396,-4.863055677969485,-9.255801534774378,-4.123835778133866,-5.045356266240786,-5.045356266240786,1068.0,0.534,363.0,0.19899999999999998,0.15633333333333332,0.042666666666666665,0.19899999999999998,0.15633333333333332,0.042666666666666665,0.36366666666666664,0.6363333333333333,1.0,0.995
48,z48_a0p5_corr_pruned_top10,discounted_lints,990,-5.567178548289117,0.5,-6.532349990858454,-9.00759005019058,-2.6716642205811083,-6.532349990858454,-10.698389516264983,-3.3998698103670177,-7.5553932397093515,-7.5553932397093515,1102.0,0.551,365.0,0.20133333333333334,0.15366666666666665,0.04766666666666667,0.20133333333333334,0.15366666666666665,0.04766666666666667,0.37366666666666665,0.6263333333333333,1.0,0.995
48,z48_a0p5_corr_pruned_top10,discounted_lints,1090,-4.645739048774993,0.5,-5.745717775163928,-7.019718072152152,-1.3458028696081887,-5.745717775163928,-7.690177908874518,-0.554823500486179,-5.688767410543072,-5.688767410543072,1103.0,0.5515,368.0,0.19499999999999998,0.14933333333333332,0.04566666666666667,0.19499999999999998,0.14933333333333332,0.04566666666666667,0.3721666666666667,0.6278333333333332,1.0,0.995
48,z48_a0p5_corr_pruned_top10,discounted_lints,1190,-6.3748362520298745,0.5,-8.034520065176453,-9.223863988288898,-1.3957848125901398,-8.034520065176453,-6.653709782403238,0.42938729411756693,-7.052813192793095,-7.052813192793095,1062.0,0.531,371.0,0.1945,0.14983333333333335,0.04466666666666667,0.1945,0.14983333333333335,0.04466666666666667,0.3715,0.6285,1.0,0.995
48,z48_a0p5_corr_pruned_top10,discounted_lints,1290,-4.587539382748597,0.5,-5.497364429037918,-7.235955125621473,-1.8580642438806343,-5.497364429037918,-8.786086356869516,-1.4108083201035182,-7.480818040087367,-7.480818040087367,1103.0,0.5515,398.0,0.2121666666666667,0.1655,0.04666666666666666,0.2121666666666667,0.1655,0.04666666666666666,0.3835,0.6164999999999999,1.0,0.995
48,z48_a0p5_corr_pruned_top10,discounted_lints,1390,-3.9631636033398223,0.5,-4.0715671306289725,-7.477125853480904,-3.6379530214723723,-4.0715671306289725,-3.9135047517927846,-1.9903042222962464,-1.962255381200817,-1.9903042222962464,1098.0,0.549,370.0,0.1945,0.15083333333333335,0.043666666666666666,0.1945,0.15083333333333335,0.043666666666666666,0.36116666666666664,0.6388333333333334,1.0,0.995
48,z48_a0p5_corr_pruned_top10,discounted_lints,1490,-5.3869738796576385,0.5,-6.733218360460406,-7.976737342503671,-1.3482404372493335,-6.733218360460406,-4.889781526944558,-2.091310764598442,-4.97194672597433,-4.97194672597433,1133.0,0.5665,376.0,0.20533333333333334,0.16183333333333336,0.043500000000000004,0.20533333333333334,0.16183333333333336,0.043500000000000004,0.369,0.631,1.0,0.995
48,z48_a0p5_corr_pruned_top10,discounted_lints,1590,-4.288124915763554,0.5,-5.369077506142617,-6.366396844216767,-1.0452671446263644,-5.369077506142617,-7.03483159362035,-1.3235028508208124,-6.901763425809316,-6.901763425809316,1124.0,0.562,370.0,0.19166666666666665,0.1455,0.04616666666666667,0.19166666666666665,0.1455,0.04616666666666667,0.3715,0.6285,1.0,0.995
48,z48_a0p5_corr_pruned_top10,discounted_lints,1690,-4.107118033953415,0.5,-4.819520027663601,-6.766007009361403,-1.969912052822857,-4.819520027663601,-6.4973519979543255,-3.269673373887372,-4.814892290415507,-4.984756030488913,1118.0,0.559,353.0,0.18600000000000003,0.143,0.043000000000000003,0.18600000000000003,0.143,0.043000000000000003,0.3641666666666667,0.6358333333333334,1.0,0.995
48,z48_a0p5_corr_pruned_top10,discounted_lints,1790,-3.747646023561472,0.5,-4.477090247164724,-5.98073119456792,-1.559313352751716,-4.477090247164724,-5.459737288844213,-1.3106730185290405,-3.948099945622918,-3.948099945622918,1080.0,0.54,339.0,0.19083333333333333,0.14933333333333332,0.0415,0.19083333333333333,0.14933333333333332,0.0415,0.35700000000000004,0.6429999999999999,1.0,0.995
48,z48_a0p5_corr_pruned_top10,discounted_lints,1890,-4.386438819553713,0.5,-5.031984230338538,-7.335809337700394,-2.449802587199238,-5.031984230338538,-6.763702144683082,-2.71317768789181,-4.163487264284038,-4.163487264284038,1126.0,0.563,365.0,0.19516666666666668,0.1485,0.04666666666666667,0.19516666666666668,0.1485,0.04666666666666667,0.3701666666666667,0.6298333333333334,1.0,0.995
48,z48_a0p5_corr_pruned_top10,discounted_lints,1990,-4.412543933200153,0.5,-5.796017473831916,-6.03563969663314,-0.26212331130486266,-5.796017473831916,-5.82182326464139,0.12786842661414166,-6.068409156654253,-6.068409156654253,1124.0,0.562,347.0,0.1775,0.13733333333333334,0.04016666666666666,0.1775,0.13733333333333334,0.04016666666666666,0.35716666666666663,0.6428333333333334,1.0,0.995
48,z48_a0p5_corr_pruned_top10,discounted_lints,2090,-5.4114395110512366,0.5,-6.439382012991353,-8.61374248841706,-2.3276120052308875,-6.439382012991353,-6.7915671494792935,-3.109000227190961,-6.161507870848093,-6.161507870848093,1081.0,0.5405,359.0,0.19600000000000004,0.15533333333333332,0.04066666666666666,0.19600000000000004,0.15533333333333332,0.04066666666666666,0.3705,0.6295,1.0,0.995
48,z48_a0p5_corr_pruned_top10,discounted_lints,2190,-4.4058337615012535,0.5,-5.3859130762185075,-6.7855142874507814,-1.4655958173494927,-5.3859130762185075,-5.5060924108737535,-2.6871764441342205,-6.661637416815047,-6.661637416815047,1068.0,0.534,374.0,0.2055,0.1595,0.046000000000000006,0.2055,0.1595,0.046000000000000006,0.38233333333333336,0.6176666666666666,1.0,0.995
48,z48_a0p5_corr_pruned_top10,discounted_lints,2290,-4.111143873604252,0.5,-5.15079748577657,-6.068541224948547,-0.992183037087298,-5.15079748577657,-6.697104911001195,-3.0512335485345377,-4.834455430955586,-4.834455430955586,1114.0,0.557,372.0,0.2031666666666667,0.15816666666666665,0.045000000000000005,0.2031666666666667,0.15816666666666665,0.045000000000000005,0.3745,0.6255000000000001,1.0,0.995
48,z48_a0p5_corr_pruned_top10,discounted_lints,2390,-5.893407748110761,0.5,-7.429071591121921,-8.61104493554898,-1.2864162190772834,-7.429071591121921,-7.480182072869834,-1.3728311417085304,-8.220956681719171,-8.220956681719171,1163.0,0.5815,385.0,0.20066666666666666,0.15666666666666665,0.044000000000000004,0.20066666666666666,0.15666666666666665,0.044000000000000004,0.3755,0.6244999999999999,1.0,0.995
48,z48_a0p5_corr_pruned_top10,discounted_lints,2490,-3.909605413973871,0.5,-4.691858370923537,-6.18836597214986,-1.5628465431248741,-4.691858370923537,-6.131408231075708,-1.1703411987803447,-4.974482762433419,-4.974482762433419,1085.0,0.5425,380.0,0.2025,0.15566666666666665,0.04683333333333334,0.2025,0.15566666666666665,0.04683333333333334,0.383,0.6170000000000001,1.0,0.995
48,z48_a0p5_corr_pruned_top10,discounted_lints,2590,-4.398856800490458,0.5,-5.100921113225394,-7.246906296345645,-2.292663862285649,-5.100921113225394,-9.563142361886856,-3.1760786677304087,-5.821671217580649,-5.821671217580649,1086.0,0.543,374.0,0.20183333333333334,0.1595,0.042333333333333334,0.20183333333333334,0.1595,0.042333333333333334,0.3775,0.6225,1.0,0.995
48,z48_a0p5_corr_pruned_top10,discounted_lints,2690,-4.250220957706642,0.5,-5.272950866468761,-6.4110969461192475,-1.1820312314202812,-5.272950866468761,-6.808914198618998,-2.1762102143166873,-4.735764167848988,-4.735764167848988,1089.0,0.5445,372.0,0.19566666666666666,0.15116666666666667,0.044500000000000005,0.19566666666666666,0.15116666666666667,0.044500000000000005,0.3713333333333333,0.6286666666666667,1.0,0.995
48,z48_a0p5_corr_pruned_top10,discounted_lints,2790,-5.092772957164351,0.5,-5.993299573179304,-8.199762913084445,-2.3911931091194902,-5.993299573179304,-8.373690617381623,-3.721323711671398,-4.827848134269564,-4.827848134269564,1079.0,0.5395,384.0,0.2085,0.16083333333333333,0.04766666666666667,0.2085,0.16083333333333333,0.04766666666666667,0.38566666666666666,0.6143333333333333,1.0,0.995
48,z48_a0p5_corr_pruned_top10,discounted_lints,2890,-2.7300186985370463,0.5,-3.1932339563963468,-4.473935293089504,-1.3403729249591434,-3.1932339563963468,-3.8553582046522927,-1.4599680634352241,-2.47275375421826,-2.47275375421826,1085.0,0.5425,374.0,0.21116666666666664,0.16466666666666666,0.04650000000000001,0.21116666666666664,0.16466666666666666,0.04650000000000001,0.37233333333333335,0.6276666666666667,1.0,0.995
48,z48_a0p5_corr_pruned_top10,discounted_lints,2990,-3.5171902950317673,0.5,-4.500590187275377,-5.017047574547947,-0.5669906183009369,-4.500590187275377,-4.879773350258143,-0.9067179745818277,-4.009409411484832,-4.009409411484832,1058.0,0.529,376.0,0.2015,0.157,0.044500000000000005,0.2015,0.157,0.044500000000000005,0.37250000000000005,0.6275000000000001,1.0,0.995
48,z48_a0p5_corr_pruned_top10,discounted_lints,3090,-4.6034333248312205,0.5,-5.742050535483348,-6.862111680996086,-1.1875816928748357,-5.742050535483348,-8.103811530050397,-1.153916556536816,-6.983837230324463,-6.983837230324463,1097.0,0.5485,377.0,0.19833333333333333,0.15516666666666667,0.043166666666666666,0.19833333333333333,0.15516666666666667,0.043166666666666666,0.37766666666666665,0.6223333333333333,1.0,0.995
48,z48_a0p5_corr_pruned_top10,discounted_linucb,190,-3.0694005489383773,0.5,-4.203170393646194,-3.916932979677616,0.33190898518507356,-4.203170393646194,-4.779601766337304,-0.409178238006247,-3.7599079534130664,-3.7599079534130664,1086.0,0.543,334.0,0.19216666666666668,0.15,0.042166666666666665,0.19216666666666668,0.15,0.042166666666666665,0.317,0.6829999999999999,1.0,0.995
48,z48_a0p5_corr_pruned_top10,sw_lints,190,-3.8798311327051236,0.5,-4.320530817688383,-6.736180839814803,-2.5577320777553445,-4.320530817688383,-5.631163938393291,-2.668298934208091,-3.044090436868485,-3.044090436868485,1076.0,0.538,327.0,0.20199999999999999,0.158,0.044000000000000004,0.20199999999999999,0.158,0.044000000000000004,0.34833333333333333,0.6516666666666667,1.0,0.995
48,z48_a0p5_corr_pruned_top10,sw_lints,290,-7.332487141698989,0.5,-8.777194546879059,-11.576660229700744,-2.998364926158781,-8.777194546879059,-10.378914418963959,-5.096831385729783,-10.59688106789105,-10.59688106789105,1095.0,0.5475,345.0,0.19799999999999998,0.1545,0.043500000000000004,0.19799999999999998,0.1545,0.043500000000000004,0.35633333333333334,0.6436666666666667,1.0,0.995
48,z48_a0p5_corr_pruned_top10,sw_lints,390,-4.886931403976817,0.5,-5.754711790016867,-7.888027487858689,-2.2835902458566633,-5.754711790016867,-6.294353645540407,-2.146454977865264,-6.016087352110066,-6.016087352110066,1147.0,0.5735,361.0,0.19266666666666668,0.15216666666666667,0.0405,0.19266666666666668,0.15216666666666667,0.0405,0.3496666666666666,0.6503333333333333,1.0,0.995
48,z48_a0p5_corr_pruned_top10,sw_lints,490,-6.767001476216333,0.5,-8.057861551153996,-10.711309694790145,-2.8944212514033416,-8.057861551153996,-10.891529749435891,-2.408860390380907,-9.79538919580768,-9.79538919580768,1092.0,0.546,369.0,0.208,0.1635,0.044500000000000005,0.208,0.1635,0.044500000000000005,0.35683333333333334,0.6431666666666667,1.0,0.995
48,z48_a0p5_corr_pruned_top10,sw_lints,590,-5.500868668895582,0.5,-6.745726421424048,-8.337369483052628,-1.7662954113101852,-6.745726421424048,-4.727114335232596,-2.501508413186937,-5.299345572839953,-5.299345572839953,1077.0,0.5385,359.0,0.20550000000000002,0.161,0.044500000000000005,0.20550000000000002,0.161,0.044500000000000005,0.36566666666666664,0.6343333333333333,1.0,0.995
48,z48_a0p5_corr_pruned_top10,sw_lints,690,-5.544148186127595,0.5,-6.513773301157033,-8.96395009206841,-2.6352728410392783,-6.513773301157033,-7.03795633621358,-3.198497052532101,-6.8200817684824555,-6.8200817684824555,1129.0,0.5645,359.0,0.18416666666666667,0.14300000000000002,0.041166666666666664,0.18416666666666667,0.14300000000000002,0.041166666666666664,0.3501666666666667,0.6498333333333334,1.0,0.995
48,z48_a0p5_corr_pruned_top10,sw_lints,790,-4.8799991960397,0.5,-6.619843094180951,-6.2463507238494955,0.3395324983840542,-6.619843094180951,-4.355146883467043,1.0481364129008908,-6.914961126798058,-6.914961126798058,1086.0,0.543,351.0,0.206,0.1605,0.045500000000000006,0.206,0.1605,0.045500000000000006,0.3543333333333334,0.6456666666666666,1.0,0.995
48,z48_a0p5_corr_pruned_top10,sw_lints,890,-4.826075686840164,0.5,-5.683582664138965,-7.830461102673081,-2.2535547549437616,-5.683582664138965,-6.408671612169514,-3.280269492713972,-6.456367343137703,-6.456367343137703,1090.0,0.545,349.0,0.19200000000000003,0.15083333333333335,0.041166666666666664,0.19200000000000003,0.15083333333333335,0.041166666666666664,0.35166666666666674,0.6483333333333333,1.0,0.995
48,z48_a0p5_corr_pruned_top10,sw_lints,990,-4.393761734913051,0.5,-5.28813733518058,-6.867990268207332,-1.7106349341104627,-5.28813733518058,-4.362626038140871,-0.32867535546148297,-4.62664747462358,-4.62664747462358,1115.0,0.5575,340.0,0.18883333333333333,0.14750000000000002,0.04133333333333333,0.18883333333333333,0.14750000000000002,0.04133333333333333,0.34450000000000003,0.6555,1.0,0.995
48,z48_a0p5_corr_pruned_top10,sw_lints,1090,-5.14031003553924,0.5,-5.734428182110865,-8.891154668451554,-3.357955595824366,-5.734428182110865,-9.971701562339529,-3.4271323840426637,-6.77681976300295,-6.77681976300295,1081.0,0.5405,333.0,0.18800000000000003,0.1455,0.0425,0.18800000000000003,0.1455,0.0425,0.3405,0.6595,1.0,0.995
48,z48_a0p5_corr_pruned_top10,sw_lints,1190,-4.8113855543945645,0.5,-5.971798888001138,-7.200512573218506,-1.3301455535748425,-5.971798888001138,-6.863758501995132,-0.6927094895758934,-6.214094635651635,-6.214094635651635,1071.0,0.5355,351.0,0.20366666666666666,0.15733333333333335,0.04633333333333334,0.20366666666666666,0.15733333333333335,0.04633333333333334,0.35566666666666674,0.6443333333333333,1.0,0.995
48,z48_a0p5_corr_pruned_top10,sw_lints,1290,-5.11002016713749,0.5,-5.781671870175164,-8.674165326294421,-3.095065058024467,-5.781671870175164,-7.386409441356012,-2.1100490757803847,-5.684597568862881,-5.684597568862881,1118.0,0.559,351.0,0.18466666666666665,0.14133333333333334,0.043333333333333335,0.18466666666666665,0.14133333333333334,0.043333333333333335,0.3468333333333333,0.6531666666666666,1.0,0.995
48,z48_a0p5_corr_pruned_top10,sw_lints,1390,-5.797666897732297,0.5,-7.183740049198987,-8.699331743796995,-1.6394474433322241,-7.183740049198987,-7.795799669120251,-1.0158384069878346,-8.134990667222642,-8.134990667222642,1097.0,0.5485,355.0,0.18500000000000003,0.145,0.04,0.18500000000000003,0.145,0.04,0.3496666666666666,0.6503333333333333,1.0,0.995
48,z48_a0p5_corr_pruned_top10,sw_lints,1490,-5.041532597892131,0.5,-5.738229792990265,-8.541715571065488,-2.951441012597726,-5.738229792990265,-9.830729468857069,-1.7688670468877454,-4.86837353641556,-6.3438225775093615,1095.0,0.5475,359.0,0.20366666666666666,0.16166666666666665,0.042,0.20366666666666666,0.16166666666666665,0.042,0.35850000000000004,0.6415000000000001,1.0,0.995
48,z48_a0p5_corr_pruned_top10,sw_lints,1590,-5.542252342370613,0.5,-6.7598891570432444,-8.529450813074783,-1.889341898352722,-6.7598891570432444,-7.791888630366772,-2.60757367874066,-7.22823436003247,-7.22823436003247,1083.0,0.5415,379.0,0.206,0.16016666666666665,0.04583333333333334,0.206,0.16016666666666665,0.04583333333333334,0.36333333333333334,0.6366666666666667,1.0,0.995
48,z48_a0p5_corr_pruned_top10,sw_lints,1690,-4.671535101005501,0.5,-5.540824770709981,-7.493824927260728,-2.0636660918920615,-5.540824770709981,-7.264722170569382,-1.6965183650025306,-4.584128738301141,-4.584128738301141,1082.0,0.541,345.0,0.19800000000000004,0.157,0.041,0.19800000000000004,0.157,0.041,0.35766666666666663,0.6423333333333333,1.0,0.995
48,z48_a0p5_corr_pruned_top10,sw_lints,1790,-4.604094612171191,0.5,-5.453004451258529,-7.453279649437472,-2.057365094909177,-5.453004451258529,-8.232054513743403,-1.2170803477003722,-3.8038227969523164,-5.8443820512222295,1065.0,0.5325,345.0,0.1985,0.15516666666666667,0.043333333333333335,0.1985,0.15516666666666667,0.043333333333333335,0.3531666666666667,0.6468333333333334,1.0,0.995
48,z48_a0p5_corr_pruned_top10,sw_lints,1890,-5.038813175793957,0.5,-6.651477987550687,-6.825201863169327,-0.20081874052376714,-6.651477987550687,-6.319231706049877,0.5765781052856411,-8.168143194029454,-8.168143194029454,1069.0,0.5345,349.0,0.19616666666666668,0.15333333333333335,0.042833333333333334,0.19616666666666668,0.15333333333333335,0.042833333333333334,0.34766666666666673,0.6523333333333333,1.0,0.995
48,z48_a0p5_corr_pruned_top10,sw_lints,1990,-6.052427472458012,0.5,-7.2843832402392374,-9.4576683488741,-2.356560169114337,-7.2843832402392374,-6.75226118057437,-3.6469516165280824,-7.151339695307568,-7.151339695307568,1125.0,0.5625,372.0,0.19799999999999998,0.15366666666666665,0.044333333333333336,0.19799999999999998,0.15366666666666665,0.044333333333333336,0.3558333333333333,0.6441666666666667,1.0,0.995
48,z48_a0p5_corr_pruned_top10,sw_lints,2090,-5.008319976701246,0.5,-5.63013546233471,-8.590525559620628,-3.1428735198008524,-5.63013546233471,-9.064678510721736,-3.3496542179294653,-5.913092443226886,-5.913092443226886,1090.0,0.545,343.0,0.20000000000000004,0.15416666666666667,0.04583333333333334,0.20000000000000004,0.15416666666666667,0.04583333333333334,0.3588333333333334,0.6411666666666666,1.0,0.995
48,z48_a0p5_corr_pruned_top10,sw_lints,2190,-5.417152354116433,0.5,-6.82754278579624,-7.937558962762263,-1.1859810590770126,-6.82754278579624,-7.8511595707739135,-0.7029139243064253,-6.220617318479105,-6.220617318479105,1074.0,0.537,369.0,0.20450000000000002,0.1595,0.045000000000000005,0.20450000000000002,0.1595,0.045000000000000005,0.36100000000000004,0.6389999999999999,1.0,0.995
48,z48_a0p5_corr_pruned_top10,sw_lints,2290,-4.7870878038909055,0.5,-5.624035205246244,-7.797180788588295,-2.2762455998248883,-5.624035205246244,-8.532407455778667,-2.155611514863065,-4.796804652080655,-4.796804652080655,1089.0,0.5445,371.0,0.212,0.16749999999999998,0.044500000000000005,0.212,0.16749999999999998,0.044500000000000005,0.3701666666666667,0.6298333333333334,1.0,0.995
48,z48_a0p5_corr_pruned_top10,sw_lints,2390,-4.426919044331697,0.5,-5.561188206125226,-6.527727013727406,-1.0241115589511132,-5.561188206125226,-6.726566006047041,-0.6430795493300057,-6.802231822329452,-6.802231822329452,1081.0,0.5405,345.0,0.20200000000000004,0.15633333333333335,0.04566666666666667,0.20200000000000004,0.15633333333333335,0.04566666666666667,0.3581666666666667,0.6418333333333334,1.0,0.995
48,z48_a0p5_corr_pruned_top10,sw_lints,2490,-4.314663656914856,0.5,-5.240421778354606,-6.812229112388542,-1.5373892925956067,-5.240421778354606,-7.1762124479488705,-3.7710201641255825,-3.538634920198769,-4.8907485278492535,1093.0,0.5465,373.0,0.19016666666666668,0.148,0.042166666666666665,0.19016666666666668,0.148,0.042166666666666665,0.3521666666666667,0.6478333333333333,1.0,0.995
48,z48_a0p5_corr_pruned_top10,sw_lints,2590,-5.807873881159019,0.5,-6.8250381795137685,-9.373332499866793,-2.7563809860947717,-6.8250381795137685,-8.568412329252917,-1.3526210725836707,-8.197561326835478,-8.197561326835478,1065.0,0.5325,363.0,0.19716666666666668,0.153,0.04416666666666667,0.19716666666666668,0.153,0.04416666666666667,0.3555,0.6445,1.0,0.995
48,z48_a0p5_corr_pruned_top10,sw_lints,2690,-5.412009730300676,0.5,-6.231939874199296,-9.001497688181807,-2.952219298604815,-6.231939874199296,-8.0422577220003,-2.8544162419508634,-5.018780436675641,-5.018780436675641,1081.0,0.5405,353.0,0.19833333333333333,0.15866666666666665,0.03966666666666666,0.19833333333333333,0.15866666666666665,0.03966666666666666,0.3543333333333334,0.6456666666666666,1.0,0.995
48,z48_a0p5_corr_pruned_top10,sw_lints,2790,-6.1225276630999765,0.5,-7.604158757448062,-9.15438909553753,-1.677634380055722,-7.604158757448062,-10.882280202952932,-1.6212242516591147,-8.966701348438589,-8.966701348438589,1101.0,0.5505,361.0,0.2061666666666667,0.15966666666666665,0.04650000000000001,0.2061666666666667,0.15966666666666665,0.04650000000000001,0.36833333333333335,0.6316666666666667,1.0,0.995
48,z48_a0p5_corr_pruned_top10,sw_lints,2890,-4.057285627785437,0.5,-4.853392924983783,-6.447467785303473,-1.6689637361903984,-4.853392924983783,-7.469410899847917,-1.8569720704003867,-4.719810398346603,-4.719810398346603,1108.0,0.554,355.0,0.19833333333333333,0.15516666666666667,0.043166666666666666,0.19833333333333333,0.15516666666666667,0.043166666666666666,0.3595,0.6405,1.0,0.995
48,z48_a0p5_corr_pruned_top10,sw_lints,2990,-4.979682284378734,0.5,-6.148537002627641,-7.5420546060623055,-1.473118129632012,-6.148537002627641,-7.875321535464064,-1.4334210142226023,-6.294829312609962,-6.294829312609962,1112.0,0.556,377.0,0.18833333333333335,0.14466666666666664,0.043666666666666666,0.18833333333333335,0.14466666666666664,0.043666666666666666,0.35433333333333333,0.6456666666666667,1.0,0.995
48,z48_a0p5_corr_pruned_top10,sw_lints,3090,-5.721851357328994,0.5,-7.263890084266616,-8.302114877611123,-1.095735176516129,-7.263890084266616,-8.27048944224893,-2.3644514889762047,-7.388091378325978,-7.388091378325978,1091.0,0.5455,363.0,0.20566666666666666,0.1598333333333333,0.04583333333333334,0.20566666666666666,0.1598333333333333,0.04583333333333334,0.3623333333333334,0.6376666666666666,1.0,0.995
48,z48_a0p5_corr_pruned_top10,sw_linucb,190,-4.454814762881322,0.5,-5.385888957400009,-6.979976519168541,-1.6615921793252626,-5.385888957400009,-5.716645050373669,-2.182828896801259,-6.214613453877893,-6.214613453877893,1089.0,0.5445,298.0,0.17616666666666667,0.13749999999999998,0.038666666666666676,0.17616666666666667,0.13749999999999998,0.038666666666666676,0.30166666666666664,0.6983333333333334,1.0,0.995
48,z48_a0p5_hybrid_corr5_bsstablehie5_top10,discounted_lints,190,-5.6958359312729545,0.5,-6.947306343909683,-8.752552417643493,-1.9414246933627661,-6.947306343909683,-7.482128390782606,-2.269131632380794,-6.360191791915748,-6.360191791915748,1042.0,0.521,329.0,0.1825,0.14366666666666666,0.03883333333333334,0.1825,0.14366666666666666,0.03883333333333334,0.329,0.6709999999999999,1.0,0.995
48,z48_a0p5_hybrid_corr5_bsstablehie5_top10,discounted_lints,290,-6.600747274896873,0.5,-8.260434992330712,-9.752888342883793,-1.621684122595357,-8.260434992330712,-8.777811495138167,-1.4500852676236686,-7.4355480138301395,-7.4355480138301395,1078.0,0.539,352.0,0.19166666666666665,0.14833333333333332,0.043333333333333335,0.19166666666666665,0.14833333333333332,0.043333333333333335,0.3453333333333333,0.6546666666666666,1.0,0.995
48,z48_a0p5_hybrid_corr5_bsstablehie5_top10,discounted_lints,390,-5.837312452079912,0.5,-7.760734430784677,-7.815168342334485,-0.06704651596561861,-7.760734430784677,-6.657655814436081,-0.0568158046309053,-7.898417481380249,-7.898417481380249,1148.0,0.574,337.0,0.17866666666666667,0.1386666666666667,0.04,0.17866666666666667,0.1386666666666667,0.04,0.3345,0.6655000000000001,1.0,0.995
48,z48_a0p5_hybrid_corr5_bsstablehie5_top10,discounted_lints,490,-6.4779742159266265,0.5,-7.770211401164211,-10.15183257608316,-2.601262660213873,-7.770211401164211,-11.861681640142441,-2.2715708045316196,-10.410570771014505,-10.410570771014505,1079.0,0.5395,343.0,0.18633333333333332,0.14200000000000002,0.044333333333333336,0.18633333333333332,0.14200000000000002,0.044333333333333336,0.3411666666666667,0.6588333333333334,1.0,0.995
48,z48_a0p5_hybrid_corr5_bsstablehie5_top10,discounted_lints,590,-4.775579983739345,0.5,-6.420954756937658,-6.260954103450211,0.1605443358555947,-6.420954756937658,-6.572200291991437,0.09961275941856584,-6.665173687979364,-6.665173687979364,1087.0,0.5435,317.0,0.17600000000000002,0.13766666666666666,0.03833333333333334,0.17600000000000002,0.13766666666666666,0.03833333333333334,0.32316666666666666,0.6768333333333333,1.0,0.995
48,z48_a0p5_hybrid_corr5_bsstablehie5_top10,discounted_lints,690,-7.100451999642182,0.5,-8.558535058073028,-11.001218438165807,-2.726202824349644,-8.558535058073028,-13.842371912143758,-3.5572122593971356,-10.280354794845037,-10.280354794845037,1049.0,0.5245,327.0,0.1805,0.14416666666666667,0.036333333333333336,0.1805,0.14416666666666667,0.036333333333333336,0.3243333333333333,0.6756666666666667,1.0,0.995
48,z48_a0p5_hybrid_corr5_bsstablehie5_top10,discounted_lints,790,-5.398215227108708,0.5,-6.492643516807628,-8.473597264560784,-2.1149303580119496,-6.492643516807628,-8.978729539012509,-1.5407825584676127,-6.203108437122218,-6.203108437122218,1068.0,0.534,324.0,0.18983333333333333,0.14983333333333335,0.04,0.18983333333333333,0.14983333333333335,0.04,0.3408333333333333,0.6591666666666667,1.0,0.995
48,z48_a0p5_hybrid_corr5_bsstablehie5_top10,discounted_lints,890,-7.0505449784782765,0.5,-8.841016527970305,-10.38647995372326,-1.6791303300021914,-8.841016527970305,-10.889243418615946,-1.4452613265463543,-10.158291139120879,-10.158291139120879,1109.0,0.5545,336.0,0.17916666666666667,0.14416666666666667,0.035,0.17916666666666667,0.14416666666666667,0.035,0.3376666666666666,0.6623333333333333,1.0,0.995
48,z48_a0p5_hybrid_corr5_bsstablehie5_top10,discounted_lints,990,-6.376400047182781,0.5,-8.171211879864423,-9.087545413524278,-0.9919645491378543,-8.171211879864423,-7.4200584422310145,-1.729640255089293,-9.563177405870482,-9.563177405870482,1123.0,0.5615,332.0,0.1755,0.13416666666666666,0.04133333333333333,0.1755,0.13416666666666666,0.04133333333333333,0.32783333333333337,0.6721666666666667,1.0,0.995
48,z48_a0p5_hybrid_corr5_bsstablehie5_top10,discounted_lints,1090,-6.008034859591429,0.5,-7.3099105283678725,-9.255180849403008,-2.102407853262097,-7.3099105283678725,-9.709942603345711,-2.22602180308874,-6.40372706809087,-6.40372706809087,1085.0,0.5425,315.0,0.18183333333333332,0.13966666666666666,0.042166666666666665,0.18183333333333332,0.13966666666666666,0.042166666666666665,0.325,0.6749999999999999,1.0,0.995
48,z48_a0p5_hybrid_corr5_bsstablehie5_top10,discounted_lints,1190,-4.957302883547708,0.5,-6.731811829516591,-6.398731080106575,0.3662239543589389,-6.731811829516591,-6.2308893878398,0.6848541215072945,-5.618019695795661,-5.618019695795661,1144.0,0.572,314.0,0.19666666666666668,0.15383333333333335,0.042833333333333334,0.19666666666666668,0.15383333333333335,0.042833333333333334,0.33916666666666667,0.6608333333333334,1.0,0.995
48,z48_a0p5_hybrid_corr5_bsstablehie5_top10,discounted_lints,1290,-5.013631594959038,0.5,-6.27652690389201,-7.4085263106603385,-1.224945668160123,-6.27652690389201,-6.025470906237107,-1.0629969177198828,-5.712232289313867,-5.712232289313867,1117.0,0.5585,352.0,0.19433333333333333,0.1515,0.042833333333333334,0.19433333333333333,0.1515,0.042833333333333334,0.34400000000000003,0.656,1.0,0.995
48,z48_a0p5_hybrid_corr5_bsstablehie5_top10,discounted_lints,1390,-5.557522739984894,0.5,-7.160263766124319,-7.858095161671078,-0.7492996615666195,-7.160263766124319,-7.6982355786277985,-0.7912272952839694,-6.962094273559638,-6.962094273559638,1145.0,0.5725,340.0,0.18166666666666667,0.1386666666666667,0.043000000000000003,0.18166666666666667,0.1386666666666667,0.043000000000000003,0.3431666666666667,0.6568333333333333,1.0,0.995
48,z48_a0p5_hybrid_corr5_bsstablehie5_top10,discounted_lints,1490,-4.64752653234511,0.5,-5.835061060858859,-6.8706695166587,-1.0849229468038641,-5.835061060858859,-6.702043774864097,-2.123571757520637,-6.023098889933309,-6.023098889933309,1082.0,0.541,347.0,0.20916666666666664,0.1665,0.042666666666666665,0.20916666666666664,0.1665,0.042666666666666665,0.3526666666666667,0.6473333333333334,1.0,0.995
48,z48_a0p5_hybrid_corr5_bsstablehie5_top10,discounted_lints,1590,-5.716618526220613,0.5,-7.671844513545278,-7.549213130977651,0.14905943575338107,-7.671844513545278,-6.053658938445561,0.688018317491923,-6.804437628198401,-6.804437628198401,1070.0,0.535,334.0,0.18916666666666668,0.15,0.03916666666666667,0.18916666666666668,0.15,0.03916666666666667,0.3401666666666667,0.6598333333333334,1.0,0.995
48,z48_a0p5_hybrid_corr5_bsstablehie5_top10,discounted_lints,1690,-4.5014157759852775,0.5,-5.983432771952143,-6.037316496257257,-0.055364788084681184,-5.983432771952143,-6.736422557327215,0.3917918391174391,-7.001780791462153,-7.001780791462153,1107.0,0.5535,302.0,0.16533333333333333,0.12633333333333333,0.039,0.16533333333333333,0.12633333333333333,0.039,0.3143333333333333,0.6856666666666666,1.0,0.995
48,z48_a0p5_hybrid_corr5_bsstablehie5_top10,discounted_lints,1790,-6.749446411081834,0.5,-8.378879702946032,-10.113252023084014,-1.8611465354892445,-8.378879702946032,-9.853711316982993,-2.716209429526739,-7.983972559715047,-7.983972559715047,1094.0,0.547,328.0,0.1875,0.14733333333333334,0.04016666666666667,0.1875,0.14733333333333334,0.04016666666666667,0.3365,0.6635,1.0,0.995
48,z48_a0p5_hybrid_corr5_bsstablehie5_top10,discounted_lints,1890,-5.998004821270325,0.5,-7.281422080313189,-9.261994458485871,-2.147753044141735,-7.281422080313189,-10.929241039585024,-1.9820767272622497,-7.951824103037108,-7.951824103037108,1004.0,0.502,316.0,0.17200000000000001,0.13349999999999998,0.0385,0.17200000000000001,0.13349999999999998,0.0385,0.31816666666666665,0.6818333333333334,1.0,0.995
48,z48_a0p5_hybrid_corr5_bsstablehie5_top10,discounted_lints,1990,-6.309520976456193,0.5,-7.1617764039217455,-10.637447672803761,-3.752754694059538,-7.1617764039217455,-12.510815252694684,-3.2879808832281587,-7.830823943061871,-7.830823943061871,995.0,0.4975,340.0,0.18583333333333332,0.14666666666666664,0.03916666666666666,0.18583333333333332,0.14666666666666664,0.03916666666666666,0.337,0.6629999999999999,1.0,0.995
48,z48_a0p5_hybrid_corr5_bsstablehie5_top10,discounted_lints,2090,-8.60529561945353,0.5,-10.577664337864967,-12.974682027376366,-2.6881894642192186,-10.577664337864967,-11.220004350645551,-3.277267824260166,-10.522083110363079,-10.522083110363079,1049.0,0.5245,355.0,0.20833333333333334,0.167,0.04133333333333333,0.20833333333333334,0.167,0.04133333333333333,0.3598333333333333,0.6401666666666667,1.0,0.995
48,z48_a0p5_hybrid_corr5_bsstablehie5_top10,discounted_lints,2190,-6.62168852686332,0.5,-8.196502331040781,-9.907653575528181,-1.8972471143309353,-8.196502331040781,-10.492813695511781,-1.2026344962690394,-9.34451612220708,-9.34451612220708,1045.0,0.5225,322.0,0.17049999999999998,0.135,0.035500000000000004,0.17049999999999998,0.135,0.035500000000000004,0.3216666666666667,0.6783333333333333,1.0,0.995
48,z48_a0p5_hybrid_corr5_bsstablehie5_top10,discounted_lints,2290,-6.818509826264205,0.5,-8.582587666976394,-10.019055187560173,-1.5262763041276386,-8.582587666976394,-10.610695212100495,-1.465668399120934,-9.281056322604597,-9.281056322604597,1151.0,0.5755,330.0,0.18133333333333335,0.14049999999999999,0.04083333333333333,0.18133333333333335,0.14049999999999999,0.04083333333333333,0.33849999999999997,0.6614999999999999,1.0,0.995
48,z48_a0p5_hybrid_corr5_bsstablehie5_top10,discounted_lints,2390,-4.605007914424137,0.5,-6.067313114715197,-6.28210058587008,-0.21809231355095862,-6.067313114715197,-6.307526589085166,-0.044422309992453446,-5.741825565590874,-5.741825565590874,1086.0,0.543,318.0,0.17350000000000002,0.13416666666666666,0.03933333333333334,0.17350000000000002,0.13416666666666666,0.03933333333333334,0.32566666666666666,0.6743333333333333,1.0,0.995
48,z48_a0p5_hybrid_corr5_bsstablehie5_top10,discounted_lints,2490,-6.190587970741779,0.5,-7.918053778846553,-8.838807059419185,-1.0081905464274565,-7.918053778846553,-8.353659046782324,-0.7734828749730083,-8.07026388497778,-8.07026388497778,1092.0,0.546,338.0,0.20400000000000004,0.16066666666666665,0.043333333333333335,0.20400000000000004,0.16066666666666665,0.043333333333333335,0.34933333333333333,0.6506666666666666,1.0,0.995
48,z48_a0p5_hybrid_corr5_bsstablehie5_top10,discounted_lints,2590,-5.408987309551158,0.5,-6.62886582128116,-8.261458610129916,-1.749351774361152,-6.62886582128116,-9.027617905760332,-1.3117414371653924,-6.345364815863929,-6.345364815863929,1099.0,0.5495,303.0,0.1708333333333333,0.13266666666666668,0.03816666666666666,0.1708333333333333,0.13266666666666668,0.03816666666666666,0.3225,0.6774999999999999,1.0,0.995
48,z48_a0p5_hybrid_corr5_bsstablehie5_top10,discounted_lints,2690,-5.607340641337535,0.5,-6.725786451799387,-8.859031259111571,-2.252003209951981,-6.725786451799387,-8.660199068815688,-1.3395891676528993,-7.934700306365194,-7.934700306365194,1055.0,0.5275,339.0,0.18116666666666667,0.13966666666666666,0.0415,0.18116666666666667,0.13966666666666666,0.0415,0.3426666666666667,0.6573333333333333,1.0,0.995
48,z48_a0p5_hybrid_corr5_bsstablehie5_top10,discounted_lints,2790,-5.521491411029372,0.5,-7.697507079217721,-6.793057170840954,1.0065555935356778,-7.697507079217721,-5.9629469247255535,1.7866385960528808,-7.912520931891076,-7.912520931891076,1074.0,0.537,338.0,0.16816666666666666,0.12883333333333333,0.03933333333333334,0.16816666666666666,0.12883333333333333,0.03933333333333334,0.32183333333333336,0.6781666666666667,1.0,0.995
48,z48_a0p5_hybrid_corr5_bsstablehie5_top10,discounted_lints,2890,-3.579064635062817,0.5,-4.444287658397479,-5.381608536627266,-0.9833955650588311,-4.444287658397479,-4.47048020463825,-1.1771767576183034,-3.214638159766181,-3.214638159766181,1058.0,0.529,335.0,0.19283333333333333,0.15333333333333335,0.0395,0.19283333333333333,0.15333333333333335,0.0395,0.3443333333333334,0.6556666666666667,1.0,0.995
48,z48_a0p5_hybrid_corr5_bsstablehie5_top10,discounted_lints,2990,-5.32149690891603,0.5,-7.089951714996556,-7.133060995729697,-0.016132490674451255,-7.089951714996556,-6.8171363341761,-0.029481576155998557,-8.267731016230462,-8.267731016230462,1171.0,0.5855,301.0,0.1708333333333333,0.13283333333333333,0.038,0.1708333333333333,0.13283333333333333,0.038,0.32716666666666666,0.6728333333333333,1.0,0.995
48,z48_a0p5_hybrid_corr5_bsstablehie5_top10,discounted_lints,3090,-5.983552240853275,0.5,-7.452507658096725,-8.852297737852838,-1.5766859891229241,-7.452507658096725,-7.620175008133357,-2.159743141999426,-5.580966405330345,-5.580966405330345,1024.0,0.512,322.0,0.17366666666666666,0.13449999999999998,0.03916666666666667,0.17366666666666666,0.13449999999999998,0.03916666666666667,0.32749999999999996,0.6725,1.0,0.995
48,z48_a0p5_hybrid_corr5_bsstablehie5_top10,discounted_linucb,190,-5.159083117980673,0.5,-6.915211427394172,-6.809846617531316,0.10930181025982089,-6.915211427394172,-7.857223271685465,0.20554955804534814,-7.559944297381415,-7.559944297381415,1048.0,0.524,199.0,0.16033333333333336,0.12466666666666666,0.035666666666666666,0.16033333333333336,0.12466666666666666,0.035666666666666666,0.25233333333333335,0.7476666666666666,1.0,0.995
48,z48_a0p5_hybrid_corr5_bsstablehie5_top10,sw_lints,190,-3.985642348194077,0.5,-4.792814907796539,-6.274092605888037,-1.5641246693866906,-4.792814907796539,-7.728263344884567,-1.638929503920561,-5.930455750731445,-5.930455750731445,872.0,0.436,254.0,0.13749999999999998,0.10933333333333334,0.028166666666666663,0.13749999999999998,0.10933333333333334,0.028166666666666663,0.24566666666666667,0.7543333333333333,1.0,0.995
48,z48_a0p5_hybrid_corr5_bsstablehie5_top10,sw_lints,290,-4.015732135480873,0.5,-5.104498753134878,-5.785347348292646,-0.7494322825188545,-5.104498753134878,-6.947474566213119,-1.2992929480386217,-5.7225341001873264,-5.7225341001873264,876.0,0.438,219.0,0.1175,0.09166666666666667,0.025833333333333333,0.1175,0.09166666666666667,0.025833333333333333,0.2275,0.7725,1.0,0.995
48,z48_a0p5_hybrid_corr5_bsstablehie5_top10,sw_lints,390,-4.430513644891329,0.5,-5.364697339217169,-6.912877694673551,-1.6279625619138127,-5.364697339217169,-7.191198145127853,-1.7972355736742718,-5.492678951517982,-5.492678951517982,919.0,0.4595,248.0,0.13883333333333334,0.10833333333333334,0.0305,0.13883333333333334,0.10833333333333334,0.0305,0.2555,0.7445,1.0,0.995
48,z48_a0p5_hybrid_corr5_bsstablehie5_top10,sw_lints,490,-4.38280214669386,0.5,-5.6374761903397586,-6.212350600003987,-0.6187800157561633,-5.6374761903397586,-4.4658340960783915,-0.5901879094550866,-4.2468689078355215,-4.2468689078355215,912.0,0.456,252.0,0.12883333333333333,0.10000000000000002,0.028833333333333332,0.12883333333333333,0.10000000000000002,0.028833333333333332,0.2476666666666667,0.7523333333333334,1.0,0.995
48,z48_a0p5_hybrid_corr5_bsstablehie5_top10,sw_lints,590,-3.3494036769761992,0.5,-4.608508574717526,-4.194079877079704,0.4279110162477802,-4.608508574717526,-2.573654190735586,0.21392354036613437,-3.702960998611804,-3.702960998611804,945.0,0.4725,241.0,0.126,0.10049999999999999,0.0255,0.126,0.10049999999999999,0.0255,0.24700000000000003,0.7530000000000001,1.0,0.995
48,z48_a0p5_hybrid_corr5_bsstablehie5_top10,sw_lints,690,-4.43216314475961,0.5,-5.405754852111348,-6.820147637096704,-1.511388022704396,-5.405754852111348,-7.95896489587501,-0.8881562903066964,-7.134171195805106,-7.134171195805106,930.0,0.465,256.0,0.13666666666666666,0.10999999999999999,0.02666666666666667,0.13666666666666666,0.10999999999999999,0.02666666666666667,0.25100000000000006,0.749,1.0,0.995
48,z48_a0p5_hybrid_corr5_bsstablehie5_top10,sw_lints,790,-4.83885945112519,0.5,-6.252431797575174,-6.819189041395158,-0.5981424117752376,-6.252431797575174,-6.636540726112006,-0.9066970181603407,-7.054441483959351,-7.054441483959351,892.0,0.446,247.0,0.13783333333333334,0.10916666666666668,0.028666666666666663,0.13783333333333334,0.10916666666666668,0.028666666666666663,0.25416666666666665,0.7458333333333332,1.0,0.995
48,z48_a0p5_hybrid_corr5_bsstablehie5_top10,sw_lints,890,-3.874154948198046,0.5,-5.260201124514519,-5.010288258636996,0.2839835807513717,-5.260201124514519,-5.034605604130382,-0.7121879659428565,-5.11860364768999,-5.11860364768999,900.0,0.45,253.0,0.1305,0.105,0.025500000000000005,0.1305,0.105,0.025500000000000005,0.2396666666666667,0.7603333333333332,1.0,0.995
48,z48_a0p5_hybrid_corr5_bsstablehie5_top10,sw_lints,990,-3.7133623043954205,0.5,-4.506763164214707,-5.764179043971907,-1.3331597249375604,-4.506763164214707,-4.152013368721629,-1.0414208910952905,-3.860838124229138,-3.860838124229138,883.0,0.4415,261.0,0.13983333333333334,0.11183333333333334,0.028,0.13983333333333334,0.11183333333333334,0.028,0.24883333333333335,0.7511666666666666,1.0,0.995
48,z48_a0p5_hybrid_corr5_bsstablehie5_top10,sw_lints,1090,-3.823801571836581,0.5,-5.369413400177717,-4.6136886120424325,0.8130339131868262,-5.369413400177717,-4.1972076634878,1.4002372605366409,-5.5201497306583525,-5.5201497306583525,944.0,0.472,265.0,0.1405,0.11183333333333334,0.028666666666666663,0.1405,0.11183333333333334,0.028666666666666663,0.2576666666666667,0.7423333333333334,1.0,0.995
48,z48_a0p5_hybrid_corr5_bsstablehie5_top10,sw_lints,1190,-3.5396923770262916,0.5,-4.473762979358568,-5.193279258045288,-0.7374805700294621,-4.473762979358568,-4.909809236679374,-1.2440234085603352,-4.4219668112381205,-4.4219668112381205,911.0,0.4555,240.0,0.131,0.1025,0.028499999999999998,0.131,0.1025,0.028499999999999998,0.24283333333333335,0.7571666666666667,1.0,0.995
48,z48_a0p5_hybrid_corr5_bsstablehie5_top10,sw_lints,1290,-3.9023119586240496,0.5,-4.803875920358577,-5.933569364612101,-1.197620073420469,-4.803875920358577,-7.1721924461583875,-0.865644574500668,-6.28141539251218,-6.28141539251218,883.0,0.4415,230.0,0.11466666666666665,0.09083333333333334,0.023833333333333335,0.11466666666666665,0.09083333333333334,0.023833333333333335,0.2275,0.7725,1.0,0.995
48,z48_a0p5_hybrid_corr5_bsstablehie5_top10,sw_lints,1390,-3.694491738918982,0.5,-5.164311576090237,-4.556031814724108,0.7149677725947842,-5.164311576090237,-5.224831461158375,0.7394465982105691,-5.920499129955392,-5.920499129955392,877.0,0.4385,224.0,0.11683333333333333,0.09233333333333334,0.024500000000000004,0.11683333333333333,0.09233333333333334,0.024500000000000004,0.23133333333333336,0.7686666666666667,1.0,0.995
48,z48_a0p5_hybrid_corr5_bsstablehie5_top10,sw_lints,1490,-4.985314332452482,0.5,-6.410680583109914,-7.0788720425660125,-0.7092155804801862,-6.410680583109914,-6.70138210182415,-0.5144435812019843,-5.445500856292562,-5.445500856292562,966.0,0.483,263.0,0.14400000000000002,0.11333333333333333,0.030666666666666665,0.14400000000000002,0.11333333333333333,0.030666666666666665,0.25933333333333336,0.7406666666666667,1.0,0.995
48,z48_a0p5_hybrid_corr5_bsstablehie5_top10,sw_lints,1590,-3.3683494917587935,0.5,-4.674583180136679,-4.167246904873298,0.5503515733748632,-4.674583180136679,-2.8892786441689022,-0.4693782466694052,-5.727223721042607,-5.727223721042607,857.0,0.4285,255.0,0.131,0.1045,0.0265,0.131,0.1045,0.0265,0.24316666666666667,0.7568333333333334,1.0,0.995
48,z48_a0p5_hybrid_corr5_bsstablehie5_top10,sw_lints,1690,-4.6136522318722095,0.5,-5.8877594330619045,-6.634947550836718,-0.7913306283031255,-5.8877594330619045,-7.9054233153676545,-0.7743937033510839,-7.476672903424397,-7.476672903424397,922.0,0.461,243.0,0.11866666666666666,0.09433333333333334,0.024333333333333335,0.11866666666666666,0.09433333333333334,0.024333333333333335,0.24216666666666667,0.7578333333333332,1.0,0.995
48,z48_a0p5_hybrid_corr5_bsstablehie5_top10,sw_lints,1790,-4.976109765882483,0.5,-6.111531874298525,-7.601738433769152,-1.5698434406343553,-6.111531874298525,-7.46326586936984,-2.4181036104651277,-6.8287622364067495,-6.8287622364067495,904.0,0.452,258.0,0.13616666666666669,0.11016666666666668,0.026,0.13616666666666669,0.11016666666666668,0.026,0.24300000000000002,0.757,1.0,0.995
48,z48_a0p5_hybrid_corr5_bsstablehie5_top10,sw_lints,1890,-4.1955909321684794,0.5,-5.5333193888380245,-5.704696727442719,-0.1824055621598449,-5.5333193888380245,-5.806032831362618,-0.15108623513910846,-6.291185740560601,-6.291185740560601,903.0,0.4515,236.0,0.11583333333333333,0.09000000000000001,0.025833333333333333,0.11583333333333333,0.09000000000000001,0.025833333333333333,0.2323333333333333,0.7676666666666666,1.0,0.995
48,z48_a0p5_hybrid_corr5_bsstablehie5_top10,sw_lints,1990,-3.5630986948250776,0.5,-4.754484940435111,-4.752322760046774,0.011060042005021456,-4.754484940435111,-5.1496988301487745,-0.48159127938639523,-7.166658323044017,-7.166658323044017,907.0,0.4535,257.0,0.14450000000000002,0.11533333333333333,0.029166666666666664,0.14450000000000002,0.11533333333333333,0.029166666666666664,0.25816666666666666,0.7418333333333335,1.0,0.995
48,z48_a0p5_hybrid_corr5_bsstablehie5_top10,sw_lints,2090,-4.859071625141124,0.5,-6.5727770533130245,-6.3108942426280805,0.28204465937457696,-6.5727770533130245,-6.334725524753592,-0.06422774698395806,-7.447001608433013,-7.447001608433013,926.0,0.463,257.0,0.137,0.10916666666666668,0.027833333333333335,0.137,0.10916666666666668,0.027833333333333335,0.2531666666666667,0.7468333333333333,1.0,0.995
48,z48_a0p5_hybrid_corr5_bsstablehie5_top10,sw_lints,2190,-5.495118692360312,0.5,-6.727756124271629,-8.393593792256349,-1.7972063966263605,-6.727756124271629,-10.216962406204889,-1.8311812525162119,-8.217485654635247,-8.217485654635247,956.0,0.478,255.0,0.13333333333333333,0.104,0.029333333333333333,0.13333333333333333,0.104,0.029333333333333333,0.24016666666666667,0.7598333333333334,1.0,0.995
48,z48_a0p5_hybrid_corr5_bsstablehie5_top10,sw_lints,2290,-4.122474409318102,0.5,-5.129276082911509,-6.201579752639071,-1.1020693885378814,-5.129276082911509,-6.390505946582903,-0.9337004224548084,-5.508235946429718,-5.508235946429718,929.0,0.4645,239.0,0.1265,0.10016666666666667,0.026333333333333334,0.1265,0.10016666666666667,0.026333333333333334,0.24416666666666667,0.7558333333333334,1.0,0.995
48,z48_a0p5_hybrid_corr5_bsstablehie5_top10,sw_lints,2390,-3.7641282663424063,0.5,-4.965464736103386,-5.12336678977664,-0.16011885705946582,-4.965464736103386,-6.044818948728848,-0.36074516910411525,-5.776411690901395,-5.776411690901395,860.0,0.43,238.0,0.119,0.09399999999999999,0.024999999999999998,0.119,0.09399999999999999,0.024999999999999998,0.225,0.775,1.0,0.995
48,z48_a0p5_hybrid_corr5_bsstablehie5_top10,sw_lints,2490,-4.113957113307253,0.5,-5.503913900839874,-5.438789837177667,0.055913249290606704,-5.503913900839874,-3.9805341165069175,0.31686388443983304,-5.5205174787872675,-5.5205174787872675,911.0,0.4555,257.0,0.135,0.10533333333333333,0.029666666666666664,0.135,0.10533333333333333,0.029666666666666664,0.2536666666666667,0.7463333333333333,1.0,0.995
48,z48_a0p5_hybrid_corr5_bsstablehie5_top10,sw_lints,2590,-5.379621926878825,0.5,-6.706062413976376,-8.014366039362878,-1.4003004655861684,-6.706062413976376,-10.01560643421171,-0.1761437527169063,-6.154006438364645,-6.154006438364645,894.0,0.447,237.0,0.12666666666666668,0.10083333333333333,0.025833333333333333,0.12666666666666668,0.10083333333333333,0.025833333333333333,0.23616666666666666,0.7638333333333334,1.0,0.995
48,z48_a0p5_hybrid_corr5_bsstablehie5_top10,sw_lints,2690,-4.940213648318473,0.5,-6.161907942208468,-7.37025734064427,-1.2751307666484875,-6.161907942208468,-7.120967654727128,-1.9868447360859243,-7.918694373158875,-7.918694373158875,909.0,0.4545,255.0,0.13916666666666666,0.11033333333333334,0.028833333333333332,0.13916666666666666,0.11033333333333334,0.028833333333333332,0.25300000000000006,0.747,1.0,0.995
48,z48_a0p5_hybrid_corr5_bsstablehie5_top10,sw_lints,2790,-4.94079374920064,0.5,-6.46632691540097,-6.818526973595837,-0.3641942505996513,-6.46632691540097,-6.86098861143476,-0.79145303084599,-7.290195702484315,-7.290195702484315,903.0,0.4515,237.0,0.11666666666666665,0.09100000000000001,0.025666666666666667,0.11666666666666665,0.09100000000000001,0.025666666666666667,0.23366666666666666,0.7663333333333333,1.0,0.995
48,z48_a0p5_hybrid_corr5_bsstablehie5_top10,sw_lints,2890,-3.675050356172003,0.5,-4.933664941642753,-4.870775907750491,0.10079340024024737,-4.933664941642753,-4.032417887813078,-0.5941315141267389,-5.550984392730363,-5.550984392730363,937.0,0.4685,249.0,0.139,0.11183333333333334,0.027166666666666662,0.139,0.11183333333333334,0.027166666666666662,0.2615,0.7384999999999998,1.0,0.995
48,z48_a0p5_hybrid_corr5_bsstablehie5_top10,sw_lints,2990,-2.4380935655512426,0.5,-3.1225713775880126,-3.4878529963370704,-0.3846601294409317,-3.1225713775880126,-4.689330363631827,-0.5679129302589403,-3.645549689641381,-3.645549689641381,886.0,0.443,235.0,0.12,0.09400000000000001,0.026,0.12,0.09400000000000001,0.026,0.24283333333333335,0.7571666666666667,1.0,0.995
48,z48_a0p5_hybrid_corr5_bsstablehie5_top10,sw_lints,3090,-5.612990394699909,0.5,-7.065812867136945,-8.235247002171064,-1.2545229773888018,-7.065812867136945,-6.529174830287621,-1.7961589506250042,-6.842165682546297,-6.842165682546297,950.0,0.475,253.0,0.13083333333333333,0.1025,0.028333333333333332,0.13083333333333333,0.1025,0.028333333333333332,0.2536666666666667,0.7463333333333333,1.0,0.995
48,z48_a0p5_hybrid_corr5_bsstablehie5_top10,sw_linucb,190,-3.7043443854065927,0.5,-5.170910723746188,-4.5308558772808745,0.6953546296121956,-5.170910723746188,-6.484542732185394,0.17402607077281473,-6.647001287792853,-6.647001287792853,960.0,0.48,173.0,0.09500000000000001,0.07333333333333335,0.021666666666666667,0.09500000000000001,0.07333333333333335,0.021666666666666667,0.1738333333333333,0.8261666666666666,1.0,0.995
72,z72_a0p5_corr_pruned_top10,discounted_lints,214,-4.693850973434323,0.5,-5.7428050265711805,-7.203055565385249,-1.5469888140237493,-5.7428050265711805,-7.028042095618647,-1.942432175183928,-6.348949505483736,-6.348949505483736,1072.0,0.536,361.0,0.18166666666666667,0.13849999999999998,0.043166666666666666,0.18166666666666667,0.13849999999999998,0.043166666666666666,0.3511666666666667,0.6488333333333333,1.0,0.995
72,z72_a0p5_corr_pruned_top10,discounted_lints,314,-4.912293571107826,0.5,-4.930406015935666,-9.536116396734707,-4.930406015935666,-4.857956236624306,-10.278023170909545,-4.883103820692125,-5.405966548412677,-5.671883300362623,1082.0,0.541,383.0,0.20666666666666667,0.15666666666666665,0.05000000000000001,0.20666666666666667,0.15666666666666665,0.05000000000000001,0.37833333333333335,0.6216666666666667,1.0,0.995
72,z72_a0p5_corr_pruned_top10,discounted_lints,414,-5.065800538268546,0.5,-6.012298330964906,-8.091357643783015,-2.2263071601794637,-6.012298330964906,-6.87871335494421,-2.284086725859791,-5.765207116148863,-5.765207116148863,1031.0,0.5155,377.0,0.2028333333333333,0.1595,0.043333333333333335,0.2028333333333333,0.1595,0.043333333333333335,0.36999999999999994,0.63,1.0,0.995
72,z72_a0p5_corr_pruned_top10,discounted_lints,514,-4.848813273279353,0.5,-5.9333485715798515,-7.444195619614583,-1.5952073783778573,-5.9333485715798515,-7.738250848632077,-1.5713616112903117,-6.490849647821562,-6.490849647821562,1078.0,0.539,371.0,0.19366666666666665,0.14933333333333335,0.044333333333333336,0.19366666666666665,0.14933333333333335,0.044333333333333336,0.3695,0.6305,1.0,0.995
72,z72_a0p5_corr_pruned_top10,discounted_lints,614,-3.5363783597013567,0.5,-3.7690027366529377,-6.4975166589298325,-2.838505228846614,-3.7690027366529377,-6.4854459292685736,-2.968982221656302,-3.6240614476962807,-3.6240614476962807,1085.0,0.5425,381.0,0.2121666666666667,0.16383333333333333,0.04833333333333334,0.2121666666666667,0.16383333333333333,0.04833333333333334,0.38516666666666666,0.6148333333333333,1.0,0.995
72,z72_a0p5_corr_pruned_top10,discounted_lints,714,-4.16012744814821,0.5,-4.878776508124438,-6.781308317760974,-2.0041802682195278,-4.878776508124438,-6.240573939389771,-2.082930011804207,-4.2460869469304825,-4.2460869469304825,1068.0,0.534,384.0,0.22116666666666665,0.17066666666666666,0.050499999999999996,0.22116666666666665,0.17066666666666666,0.050499999999999996,0.3861666666666667,0.6138333333333333,1.0,0.995
72,z72_a0p5_corr_pruned_top10,discounted_lints,814,-5.476892895563532,0.5,-6.9766854029067416,-7.865084916413601,-0.9775153735339029,-6.9766854029067416,-4.709916548864501,-0.8697879674759101,-4.336022176044496,-4.336022176044496,1057.0,0.5285,357.0,0.20199999999999999,0.15783333333333335,0.04416666666666667,0.20199999999999999,0.15783333333333335,0.04416666666666667,0.3721666666666666,0.6278333333333332,1.0,0.995
72,z72_a0p5_corr_pruned_top10,discounted_lints,914,-4.885095094345763,0.5,-5.6622068296451005,-8.06949897931429,-2.5537598884477486,-5.6622068296451005,-8.232010635982723,-2.418476190868446,-5.963630284600308,-5.963630284600308,1072.0,0.536,376.0,0.2075,0.15783333333333333,0.04966666666666667,0.2075,0.15783333333333333,0.04966666666666667,0.38533333333333336,0.6146666666666666,1.0,0.995
72,z72_a0p5_corr_pruned_top10,discounted_lints,1014,-5.620086032819035,0.5,-6.926128527965048,-8.514026658542127,-1.7019585473809957,-6.926128527965048,-9.418709262148962,-1.127258632857231,-6.541265645126759,-6.541265645126759,1075.0,0.5375,381.0,0.19749999999999998,0.1515,0.046000000000000006,0.19749999999999998,0.1515,0.046000000000000006,0.38116666666666665,0.6188333333333333,1.0,0.995
72,z72_a0p5_corr_pruned_top10,discounted_lints,1114,-5.09783443116076,0.5,-6.111744258447949,-8.053743620639532,-2.056104949299194,-6.111744258447949,-7.4075022754731545,-2.8966776633350455,-7.957505473876159,-7.957505473876159,1044.0,0.522,379.0,0.20199999999999999,0.1565,0.045500000000000006,0.20199999999999999,0.1565,0.045500000000000006,0.3753333333333333,0.6246666666666667,1.0,0.995
72,z72_a0p5_corr_pruned_top10,discounted_lints,1214,-5.751384897985272,0.5,-6.728530288988149,-9.293743595200985,-2.81994872497664,-6.728530288988149,-9.337787279823118,-3.467660327550437,-6.080995210714891,-6.080995210714891,1080.0,0.54,353.0,0.19633333333333333,0.153,0.043333333333333335,0.19633333333333333,0.153,0.043333333333333335,0.3685,0.6315,1.0,0.995
72,z72_a0p5_corr_pruned_top10,discounted_lints,1314,-5.769050883101732,0.5,-7.056610871862983,-8.80318780355409,-1.9063709168179788,-7.056610871862983,-6.623136795390183,-1.4531232106188008,-5.246248032620016,-5.246248032620016,1067.0,0.5335,373.0,0.2028333333333333,0.15516666666666667,0.04766666666666666,0.2028333333333333,0.15516666666666667,0.04766666666666666,0.37083333333333335,0.6291666666666668,1.0,0.995
72,z72_a0p5_corr_pruned_top10,discounted_lints,1414,-4.54616153881298,0.5,-5.8019854776853,-6.510321239914389,-0.7786897221960168,-5.8019854776853,-4.820212672446377,-0.3801389135712818,-4.457016613406983,-4.457016613406983,1072.0,0.536,367.0,0.20316666666666663,0.1575,0.04566666666666667,0.20316666666666663,0.1575,0.04566666666666667,0.3715,0.6285,1.0,0.995
72,z72_a0p5_corr_pruned_top10,discounted_lints,1514,-5.056578737925738,0.5,-5.719476070465672,-8.634917784450975,-3.0678867403059358,-5.719476070465672,-9.156038262264621,-2.8772335310294217,-6.464812483735405,-6.464812483735405,1094.0,0.547,364.0,0.19499999999999998,0.1505,0.044500000000000005,0.19499999999999998,0.1505,0.044500000000000005,0.37033333333333335,0.6296666666666667,1.0,0.995
72,z72_a0p5_corr_pruned_top10,discounted_lints,1614,-5.16021196333104,0.5,-6.409383422999745,-7.695373895974963,-1.4126975843249252,-6.409383422999745,-10.452181619746781,-3.1660243264713617,-7.085620735541998,-7.085620735541998,1052.0,0.526,370.0,0.19266666666666668,0.14916666666666667,0.043500000000000004,0.19266666666666668,0.14916666666666667,0.043500000000000004,0.3705,0.6295,1.0,0.995
72,z72_a0p5_corr_pruned_top10,discounted_lints,1714,-4.936857547122938,0.5,-6.280099765622112,-7.099735507994435,-0.9071308916254147,-6.280099765622112,-6.888465551503787,-0.268131312532649,-6.638133152520654,-6.638133152520654,1066.0,0.533,358.0,0.19133333333333336,0.14833333333333332,0.043000000000000003,0.19133333333333336,0.14833333333333332,0.043000000000000003,0.36766666666666664,0.6323333333333334,1.0,0.995
72,z72_a0p5_corr_pruned_top10,discounted_lints,1814,-4.340377103864309,0.5,-5.108103117132234,-7.038571169453334,-2.0371990640605318,-5.108103117132234,-7.422324975948991,-2.1941446590955094,-3.677487260497325,-3.8878114876210956,1048.0,0.524,380.0,0.21183333333333332,0.163,0.04883333333333334,0.21183333333333332,0.163,0.04883333333333334,0.3806666666666667,0.6193333333333333,1.0,0.995
72,z72_a0p5_corr_pruned_top10,discounted_lints,1914,-5.553111457786658,0.5,-6.82984167846971,-8.453272250448041,-1.7229207957375,-6.82984167846971,-8.841927858703224,-2.0088643299740028,-5.820593564867094,-5.820593564867094,1071.0,0.5355,376.0,0.2011666666666667,0.156,0.04516666666666667,0.2011666666666667,0.156,0.04516666666666667,0.367,0.633,1.0,0.995
72,z72_a0p5_corr_pruned_top10,discounted_lints,2014,-5.119582658565322,0.5,-6.635896424147222,-7.195800463241047,-0.5706413618196201,-6.635896424147222,-6.825842244111713,-1.1331562860864008,-5.6211803512859815,-5.6211803512859815,1046.0,0.523,380.0,0.2031666666666667,0.1535,0.04966666666666667,0.2031666666666667,0.1535,0.04966666666666667,0.3735,0.6265000000000001,1.0,0.995
72,z72_a0p5_corr_pruned_top10,discounted_lints,2114,-6.657746742249711,0.5,-7.401350835919658,-11.47016215433593,-4.42693446123987,-7.401350835919658,-11.832920612215059,-5.537957372043712,-6.664013465137952,-6.664013465137952,1102.0,0.551,375.0,0.207,0.16166666666666665,0.04533333333333334,0.207,0.16166666666666665,0.04533333333333334,0.3815,0.6185,1.0,0.995
72,z72_a0p5_corr_pruned_top10,discounted_lints,2214,-6.187824674585406,0.5,-7.364754559425538,-9.804506889268561,-2.6570350200650092,-7.364754559425538,-12.114612691604743,-2.8171797134085907,-8.69619142247523,-8.69619142247523,1108.0,0.554,375.0,0.20516666666666664,0.15833333333333333,0.04683333333333334,0.20516666666666664,0.15833333333333333,0.04683333333333334,0.38566666666666666,0.6143333333333333,1.0,0.995
72,z72_a0p5_corr_pruned_top10,discounted_lints,2314,-5.483296964553633,0.5,-6.214244423142131,-9.287153934365591,-3.290454588788135,-6.214244423142131,-9.023778128725946,-4.035574453585555,-5.197971692882996,-5.197971692882996,1063.0,0.5315,378.0,0.20866666666666667,0.16266666666666665,0.046000000000000006,0.20866666666666667,0.16266666666666665,0.046000000000000006,0.37600000000000006,0.624,1.0,0.995
72,z72_a0p5_corr_pruned_top10,discounted_lints,2414,-3.9286998712632246,0.5,-4.563217670617036,-6.44817732823791,-2.0251464732017888,-4.563217670617036,-7.053712957327396,-2.780378939198702,-4.395546877781131,-4.395546877781131,1007.0,0.5035,356.0,0.18983333333333333,0.1446666666666667,0.04516666666666667,0.18983333333333333,0.1446666666666667,0.04516666666666667,0.35233333333333333,0.6476666666666667,1.0,0.995
72,z72_a0p5_corr_pruned_top10,discounted_lints,2514,-4.4898508188770325,0.5,-5.756713575767722,-6.397742845570975,-0.6892625482049645,-5.756713575767722,-5.448370735633645,-0.3207451382400306,-5.341581664745354,-5.341581664745354,1083.0,0.5415,372.0,0.19866666666666666,0.15666666666666665,0.042,0.19866666666666666,0.15666666666666665,0.042,0.37233333333333335,0.6276666666666667,1.0,0.995
72,z72_a0p5_corr_pruned_top10,discounted_lints,2614,-5.635667662910517,0.5,-7.210337269470043,-8.061500353844634,-0.9116588432319402,-7.210337269470043,-7.952327473776921,-0.6753813434189015,-7.372985974218748,-7.372985974218748,1064.0,0.532,390.0,0.22233333333333336,0.17250000000000001,0.049833333333333334,0.22233333333333336,0.17250000000000001,0.049833333333333334,0.38833333333333336,0.6116666666666667,1.0,0.995
72,z72_a0p5_corr_pruned_top10,discounted_lints,2714,-6.178142774134535,0.5,-7.4424253620559675,-9.686689025866158,-2.3852950103702404,-7.4424253620559675,-8.493988417890176,-2.6968750116037055,-5.11100891576628,-5.11100891576628,1091.0,0.5455,382.0,0.20733333333333334,0.162,0.04533333333333334,0.20733333333333334,0.162,0.04533333333333334,0.3801666666666667,0.6198333333333333,1.0,0.995
72,z72_a0p5_corr_pruned_top10,discounted_lints,2814,-6.910875804167169,0.5,-8.176897923080523,-11.058463400484166,-3.1128094474271077,-8.176897923080523,-9.466504455822534,-2.553007748607883,-7.577920226871305,-7.577920226871305,1080.0,0.54,382.0,0.21266666666666667,0.165,0.04766666666666667,0.21266666666666667,0.165,0.04766666666666667,0.38433333333333336,0.6156666666666667,1.0,0.995
72,z72_a0p5_corr_pruned_top10,discounted_lints,2914,-4.453836725315723,0.5,-5.03937982723452,-7.593141491384536,-2.6972074195593296,-5.03937982723452,-8.215442983314357,-3.2878014996398974,-4.652242946422391,-4.652242946422391,1070.0,0.535,360.0,0.19899999999999998,0.153,0.046000000000000006,0.19899999999999998,0.153,0.046000000000000006,0.371,0.629,1.0,0.995
72,z72_a0p5_corr_pruned_top10,discounted_lints,3014,-5.696082493491187,0.5,-6.574724541907998,-9.43178100787433,-3.060156348240754,-6.574724541907998,-6.421841208459044,-3.7904441587022886,-5.2950419532385435,-5.2950419532385435,1066.0,0.533,366.0,0.20283333333333334,0.1565,0.04633333333333334,0.20283333333333334,0.1565,0.04633333333333334,0.3781666666666667,0.6218333333333333,1.0,0.995
72,z72_a0p5_corr_pruned_top10,discounted_lints,3114,-4.482759161358661,0.5,-5.229394893790595,-7.364201804584858,-2.24285196406286,-5.229394893790595,-8.304154028479193,-2.2686445938954414,-5.196015612370952,-5.196015612370952,1067.0,0.5335,366.0,0.20333333333333334,0.15683333333333335,0.04650000000000001,0.20333333333333334,0.15683333333333335,0.04650000000000001,0.3675,0.6325,1.0,0.995
72,z72_a0p5_corr_pruned_top10,discounted_linucb,214,-4.495127869956754,0.5,-5.650100604403748,-6.629921029719321,-1.0302096666157705,-5.650100604403748,-6.240214350904038,-1.3065840616928504,-5.937499598187978,-5.937499598187978,1020.0,0.51,311.0,0.19199999999999998,0.1485,0.043500000000000004,0.19199999999999998,0.1485,0.043500000000000004,0.30766666666666664,0.6923333333333334,1.0,0.995
72,z72_a0p5_corr_pruned_top10,sw_lints,214,-5.453879170585356,0.5,-6.3742757716844425,-8.905056546612164,-2.6926893672880965,-6.3742757716844425,-8.542612430845086,-2.2070120335345944,-6.478583515091141,-6.478583515091141,959.0,0.4795,338.0,0.20950000000000002,0.16533333333333333,0.04416666666666667,0.20950000000000002,0.16533333333333333,0.04416666666666667,0.333,0.6669999999999999,1.0,0.995
72,z72_a0p5_corr_pruned_top10,sw_lints,314,-4.977733604185774,0.5,-5.640305695735248,-8.459073249661715,-2.9900173295373533,-5.640305695735248,-8.90517698736918,-2.6217098264761596,-6.400953436787571,-6.400953436787571,993.0,0.4965,330.0,0.19283333333333333,0.15066666666666664,0.042166666666666665,0.19283333333333333,0.15066666666666664,0.042166666666666665,0.3243333333333333,0.6756666666666667,1.0,0.995
72,z72_a0p5_corr_pruned_top10,sw_lints,414,-5.725149890783069,0.5,-6.306707350569458,-10.026507553668008,-3.9804775114239006,-6.306707350569458,-10.364347906702154,-4.307358220439317,-6.114271052510601,-6.114271052510601,991.0,0.4955,334.0,0.21316666666666664,0.1711666666666667,0.042,0.21316666666666664,0.1711666666666667,0.042,0.34416666666666673,0.6558333333333333,1.0,0.995
72,z72_a0p5_corr_pruned_top10,sw_lints,514,-4.119335920983228,0.5,-4.9258672371708485,-6.522069872231725,-1.6997419724203653,-4.9258672371708485,-6.203874638049422,-1.0601091791182182,-5.1988792551260765,-5.1988792551260765,1005.0,0.5025,335.0,0.20616666666666664,0.16466666666666666,0.0415,0.20616666666666664,0.16466666666666666,0.0415,0.3403333333333333,0.6596666666666667,1.0,0.995
72,z72_a0p5_corr_pruned_top10,sw_lints,614,-4.313245476698743,0.5,-4.9490368668499505,-7.198028253505785,-2.4058713062451216,-4.9490368668499505,-4.734639382113636,-1.7146566605853786,-4.192399987653972,-4.192399987653972,1029.0,0.5145,359.0,0.2061666666666667,0.16566666666666666,0.0405,0.2061666666666667,0.16566666666666666,0.0405,0.3411666666666666,0.6588333333333333,1.0,0.995
72,z72_a0p5_corr_pruned_top10,sw_lints,714,-3.310965104957787,0.5,-3.7310742654464364,-5.674371664753541,-2.050637623491839,-3.7310742654464364,-6.759806118456213,-2.945047050783345,-3.121167846929529,-3.7558651262203147,1069.0,0.5345,348.0,0.20516666666666664,0.16133333333333336,0.043833333333333335,0.20516666666666664,0.16133333333333336,0.043833333333333335,0.3481666666666667,0.6518333333333333,1.0,0.995
72,z72_a0p5_corr_pruned_top10,sw_lints,814,-6.568758006695967,0.5,-7.697722011373879,-10.618576978566855,-3.181865992662233,-7.697722011373879,-9.121847099618275,-3.345596853935684,-8.578878685957214,-8.578878685957214,939.0,0.4695,332.0,0.19666666666666668,0.15633333333333332,0.04033333333333333,0.19666666666666668,0.15633333333333332,0.04033333333333333,0.32683333333333336,0.6731666666666666,1.0,0.995
72,z72_a0p5_corr_pruned_top10,sw_lints,914,-3.820852136163344,0.5,-4.738212977466409,-5.736271262059941,-1.0687696122541501,-4.738212977466409,-3.7958327389951974,-0.5245104455419591,-3.2885711928689165,-3.2885711928689165,996.0,0.498,351.0,0.22266666666666668,0.17800000000000002,0.04466666666666667,0.22266666666666668,0.17800000000000002,0.04466666666666667,0.35300000000000004,0.6469999999999999,1.0,0.995
72,z72_a0p5_corr_pruned_top10,sw_lints,1014,-4.378063385900397,0.5,-4.977106314011086,-7.4176047876910935,-2.5809346015683334,-4.977106314011086,-7.338278412219223,-1.844635172422604,-6.323754154620687,-6.323754154620687,966.0,0.483,349.0,0.20466666666666666,0.16133333333333333,0.043333333333333335,0.20466666666666666,0.16133333333333333,0.043333333333333335,0.3461666666666667,0.6538333333333334,1.0,0.995
72,z72_a0p5_corr_pruned_top10,sw_lints,1114,-6.07692608832457,0.5,-7.0341476361001485,-9.988678184545902,-3.2052614449978356,-7.0341476361001485,-8.072528147214285,-2.803692183165052,-6.966552110669655,-6.966552110669655,1005.0,0.5025,356.0,0.205,0.15916666666666668,0.04583333333333334,0.205,0.15916666666666668,0.04583333333333334,0.3503333333333334,0.6496666666666666,1.0,0.995
72,z72_a0p5_corr_pruned_top10,sw_lints,1214,-4.859137115153096,0.5,-5.733910040512213,-7.831137982810387,-2.2348183390757463,-5.733910040512213,-7.409725828853652,-2.145043737892227,-5.38008731704892,-5.38008731704892,992.0,0.496,334.0,0.212,0.16583333333333333,0.04616666666666667,0.212,0.16583333333333333,0.04616666666666667,0.34883333333333333,0.6511666666666667,1.0,0.995
72,z72_a0p5_corr_pruned_top10,sw_lints,1314,-5.993690856412755,0.5,-6.835406132371317,-10.073765538734188,-3.46854502853707,-6.835406132371317,-8.434362199968904,-4.410827035259812,-7.061452600268414,-7.061452600268414,991.0,0.4955,349.0,0.21733333333333335,0.17149999999999999,0.04583333333333334,0.21733333333333335,0.17149999999999999,0.04583333333333334,0.35233333333333333,0.6476666666666667,1.0,0.995
72,z72_a0p5_corr_pruned_top10,sw_lints,1414,-5.381592167113039,0.5,-6.112768838665384,-9.1267503021229,-3.188062152456002,-6.112768838665384,-8.59681617707122,-2.7649358497769283,-5.997713251141934,-5.997713251141934,982.0,0.491,355.0,0.2061666666666667,0.16566666666666666,0.0405,0.2061666666666667,0.16566666666666666,0.0405,0.34299999999999997,0.657,1.0,0.995
72,z72_a0p5_corr_pruned_top10,sw_lints,1514,-3.493384985714295,0.5,-4.00185902475958,-5.892069631590995,-1.9679628685784396,-4.00185902475958,-6.786723728993527,-1.8952586526492232,-4.440376951671698,-4.440376951671698,958.0,0.479,324.0,0.19283333333333333,0.15666666666666665,0.03616666666666666,0.19283333333333333,0.15666666666666665,0.03616666666666666,0.331,0.669,1.0,0.995
72,z72_a0p5_corr_pruned_top10,sw_lints,1614,-5.3195843060370125,0.5,-6.432232393912692,-8.261109803806374,-1.9816400424099747,-6.432232393912692,-9.710394307551496,-1.4638997791445285,-6.88249850432684,-6.88249850432684,991.0,0.4955,331.0,0.20299999999999999,0.16233333333333333,0.04066666666666666,0.20299999999999999,0.16233333333333333,0.04066666666666666,0.33,0.6699999999999999,1.0,0.995
72,z72_a0p5_corr_pruned_top10,sw_lints,1714,-5.927476653415356,0.5,-7.192526519741652,-9.19552845865086,-2.132327054436467,-7.192526519741652,-9.420157649255179,-2.9606403649609425,-6.356210810128693,-6.356210810128693,983.0,0.4915,348.0,0.21,0.16749999999999998,0.0425,0.21,0.16749999999999998,0.0425,0.34833333333333333,0.6516666666666667,1.0,0.995
72,z72_a0p5_corr_pruned_top10,sw_lints,1814,-6.659869656510577,0.5,-7.87364334239851,-10.639693530906547,-3.018548598846778,-7.87364334239851,-8.922300284178586,-3.2343248246593292,-7.7338730313178505,-7.7338730313178505,973.0,0.4865,336.0,0.19400000000000003,0.15133333333333332,0.042666666666666665,0.19400000000000003,0.15133333333333332,0.042666666666666665,0.33416666666666667,0.6658333333333334,1.0,0.995
72,z72_a0p5_corr_pruned_top10,sw_lints,1914,-5.710450292961548,0.5,-7.189654273165591,-8.362123052731022,-1.272838352349422,-7.189654273165591,-9.787430417584364,-1.1757310128508336,-7.842315747696283,-7.842315747696283,1006.0,0.503,353.0,0.214,0.16966666666666666,0.044333333333333336,0.214,0.16966666666666666,0.044333333333333336,0.3433333333333333,0.6566666666666666,1.0,0.995
72,z72_a0p5_corr_pruned_top10,sw_lints,2014,-5.417457537113679,0.5,-6.209010913881097,-9.058895452553228,-3.0427974068114225,-6.209010913881097,-10.061233055642981,-2.0197861777432435,-6.617863516085376,-6.617863516085376,1004.0,0.502,326.0,0.2041666666666667,0.16183333333333336,0.042333333333333334,0.2041666666666667,0.16183333333333336,0.042333333333333334,0.32883333333333337,0.6711666666666667,1.0,0.995
72,z72_a0p5_corr_pruned_top10,sw_lints,2114,-4.318893823284908,0.5,-4.90645929199931,-7.328130447801062,-2.5561974171417,-4.90645929199931,-6.3646533618079815,-2.8293936239331297,-4.819186118764362,-4.819186118764362,959.0,0.4795,348.0,0.21033333333333334,0.16466666666666666,0.04566666666666667,0.21033333333333334,0.16466666666666666,0.04566666666666667,0.3476666666666666,0.6523333333333333,1.0,0.995
72,z72_a0p5_corr_pruned_top10,sw_lints,2214,-5.205157826537059,0.5,-6.182393472731981,-8.298912090575579,-2.273450887952292,-6.182393472731981,-6.549909217353789,-1.7358494350538822,-5.159159942633229,-5.159159942633229,985.0,0.4925,361.0,0.218,0.1731666666666667,0.044833333333333336,0.218,0.1731666666666667,0.044833333333333336,0.34400000000000003,0.656,1.0,0.995
72,z72_a0p5_corr_pruned_top10,sw_lints,2314,-3.923758755176514,0.5,-4.111795817460821,-7.348161750424445,-3.3596475683235947,-4.111795817460821,-7.848484560824531,-3.168198650068843,-5.359543525105758,-5.359543525105758,1015.0,0.5075,327.0,0.19633333333333333,0.15716666666666668,0.03916666666666666,0.19633333333333333,0.15716666666666668,0.03916666666666666,0.32383333333333336,0.6761666666666667,1.0,0.995
72,z72_a0p5_corr_pruned_top10,sw_lints,2414,-4.617319708012989,0.5,-5.962723677311144,-6.525374635301806,-0.5811078001185263,-5.962723677311144,-6.391392561547249,-1.1637010662122305,-5.514762137200712,-5.514762137200712,968.0,0.484,336.0,0.20766666666666667,0.164,0.043666666666666666,0.20766666666666667,0.164,0.043666666666666666,0.3361666666666667,0.6638333333333333,1.0,0.995
72,z72_a0p5_corr_pruned_top10,sw_lints,2514,-5.513417759143122,0.5,-7.115692435488789,-7.796880897221804,-0.7065937301061198,-7.115692435488789,-7.020573697290001,-0.9796256159110617,-5.519125034991856,-5.519125034991856,1004.0,0.502,351.0,0.19183333333333333,0.15233333333333332,0.0395,0.19183333333333333,0.15233333333333332,0.0395,0.33449999999999996,0.6655,1.0,0.995
72,z72_a0p5_corr_pruned_top10,sw_lints,2614,-5.196397855646438,0.5,-6.1680623825404055,-8.266063102128374,-2.281404274964538,-6.1680623825404055,-7.585201836126842,-3.8485421503047235,-4.942560345204738,-4.942560345204738,975.0,0.4875,324.0,0.19516666666666668,0.15616666666666668,0.039,0.19516666666666668,0.15616666666666668,0.039,0.3263333333333333,0.6736666666666666,1.0,0.995
72,z72_a0p5_corr_pruned_top10,sw_lints,2714,-4.77928012634926,0.5,-5.918398834415325,-7.200059058308504,-1.3619240021510641,-5.918398834415325,-8.087790919179339,-2.503868263388598,-5.954489901138638,-5.954489901138638,986.0,0.493,335.0,0.21783333333333332,0.17333333333333334,0.044500000000000005,0.21783333333333332,0.17333333333333334,0.044500000000000005,0.3455000000000001,0.6545,1.0,0.995
72,z72_a0p5_corr_pruned_top10,sw_lints,2814,-6.317634527134622,0.5,-7.162021271317002,-10.665531738701173,-3.784474294587481,-7.162021271317002,-10.753254685530067,-4.013266236692193,-7.021791642017849,-7.021791642017849,977.0,0.4885,340.0,0.19333333333333336,0.14983333333333335,0.043500000000000004,0.19333333333333336,0.14983333333333335,0.043500000000000004,0.3376666666666666,0.6623333333333333,1.0,0.995
72,z72_a0p5_corr_pruned_top10,sw_lints,2914,-5.299496992799366,0.5,-6.134208106873014,-8.762878578317695,-2.7953636505784196,-6.134208106873014,-8.030838757950665,-3.6131609322487046,-6.338505157966279,-6.338505157966279,986.0,0.493,340.0,0.20933333333333334,0.168,0.041333333333333326,0.20933333333333334,0.168,0.041333333333333326,0.342,0.658,1.0,0.995
72,z72_a0p5_corr_pruned_top10,sw_lints,3014,-5.712701090817082,0.5,-7.263106722056485,-8.219835926313701,-1.0614841970988718,-7.263106722056485,-6.338716985868043,-2.444788000978504,-5.983958431959535,-5.983958431959535,929.0,0.4645,328.0,0.20083333333333334,0.15933333333333333,0.0415,0.20083333333333334,0.15933333333333333,0.0415,0.33116666666666666,0.6688333333333333,1.0,0.995
72,z72_a0p5_corr_pruned_top10,sw_lints,3114,-5.49462801253468,0.5,-6.3124952185896825,-9.160172710799227,-3.041026394369672,-6.3124952185896825,-9.9403972675683,-2.8836524786741258,-5.707891543142718,-5.707891543142718,974.0,0.487,334.0,0.20099999999999998,0.15833333333333333,0.042666666666666665,0.20099999999999998,0.15833333333333333,0.042666666666666665,0.331,0.669,1.0,0.995
72,z72_a0p5_corr_pruned_top10,sw_linucb,214,-3.6405071239195532,0.5,-3.934777626989058,-6.554301284864117,-2.757695614711038,-3.934777626989058,-8.500568488355498,-3.9281911915790557,-4.621847788325328,-4.759332996315624,1021.0,0.5105,295.0,0.19033333333333333,0.15,0.04033333333333333,0.19033333333333333,0.15,0.04033333333333333,0.29216666666666663,0.7078333333333333,1.0,0.995
72,z72_a0p5_hybrid_corr5_bsstablehie5_top10,discounted_lints,214,-3.4395215240886063,0.5,-4.375208347025084,-4.980759146397022,-0.6324610552791728,-4.375208347025084,-5.506140419527528,-1.086004500691129,-4.458164367253392,-4.458164367253392,1059.0,0.5295,363.0,0.20299999999999999,0.16133333333333333,0.041666666666666664,0.20299999999999999,0.16133333333333333,0.041666666666666664,0.3516666666666666,0.6483333333333333,1.0,0.995
72,z72_a0p5_hybrid_corr5_bsstablehie5_top10,discounted_lints,314,-6.0390398188076535,0.5,-7.648011119071029,-8.772739960497567,-1.212125918017526,-7.648011119071029,-8.539540939163459,-0.7912974358477487,-7.81004418267176,-7.81004418267176,1027.0,0.5135,345.0,0.17466666666666666,0.1366666666666667,0.038,0.17466666666666666,0.1366666666666667,0.038,0.32666666666666666,0.6733333333333333,1.0,0.995
72,z72_a0p5_hybrid_corr5_bsstablehie5_top10,discounted_lints,414,-3.048957315569323,0.5,-3.2128747349496187,-5.703171647072044,-2.5572050574284355,-3.2128747349496187,-5.9917464955837385,-1.5934920551901488,-3.29369170563677,-4.469475172170823,999.0,0.4995,336.0,0.17149999999999999,0.13466666666666668,0.036833333333333336,0.17149999999999999,0.13466666666666668,0.036833333333333336,0.32316666666666666,0.6768333333333333,1.0,0.995
72,z72_a0p5_hybrid_corr5_bsstablehie5_top10,discounted_lints,514,-4.431331100284553,0.5,-5.2005021645986345,-7.288610484510923,-2.1238179073423105,-5.2005021645986345,-9.928396432147057,-2.098906218558072,-5.115729393276935,-5.115729393276935,1062.0,0.531,355.0,0.18099999999999997,0.14416666666666667,0.036833333333333336,0.18099999999999997,0.14416666666666667,0.036833333333333336,0.3356666666666666,0.6643333333333333,1.0,0.995
72,z72_a0p5_hybrid_corr5_bsstablehie5_top10,discounted_lints,614,-3.0277887078093193,0.5,-3.6912198995293632,-4.694304322505109,-1.0374951326491872,-3.6912198995293632,-5.046900910477026,-0.33924795186508483,-3.7641962177946797,-3.7641962177946797,817.0,0.4085,308.0,0.17,0.13616666666666666,0.03383333333333333,0.17,0.13616666666666666,0.03383333333333333,0.3055,0.6945,1.0,0.995
72,z72_a0p5_hybrid_corr5_bsstablehie5_top10,discounted_lints,714,-5.784641627385309,0.5,-6.837783035506576,-9.356264640216065,-2.6252174030215074,-6.837783035506576,-8.342404248370617,-2.1523109489787973,-6.145498277569117,-7.254522293557642,884.0,0.442,323.0,0.19633333333333333,0.15666666666666665,0.03966666666666666,0.19633333333333333,0.15666666666666665,0.03966666666666666,0.33549999999999996,0.6645,1.0,0.995
72,z72_a0p5_hybrid_corr5_bsstablehie5_top10,discounted_lints,814,-4.982332901405132,0.5,-6.399609392819575,-7.089558278299549,-0.730503427161803,-6.399609392819575,-5.700664324739124,-1.3016851067154667,-7.462574314660486,-7.462574314660486,981.0,0.4905,351.0,0.17933333333333334,0.142,0.037333333333333336,0.17933333333333334,0.142,0.037333333333333336,0.3305,0.6694999999999999,1.0,0.995
72,z72_a0p5_hybrid_corr5_bsstablehie5_top10,discounted_lints,914,-3.8192097032816417,0.5,-4.819700846681422,-5.621593967282631,-0.8177362730822999,-4.819700846681422,-5.743325021416834,-1.4638169173032956,-5.70396799157864,-5.70396799157864,888.0,0.444,276.0,0.1466666666666667,0.11733333333333333,0.029333333333333333,0.1466666666666667,0.11733333333333333,0.029333333333333333,0.2885,0.7115,1.0,0.995
72,z72_a0p5_hybrid_corr5_bsstablehie5_top10,discounted_lints,1014,-3.154915934459968,0.5,-4.176773800732167,-4.25514803684777,-0.08934233564337202,-4.176773800732167,-5.162693879148106,0.617233852025767,-4.533496919077084,-4.533496919077084,866.0,0.433,303.0,0.17216666666666666,0.13816666666666666,0.034,0.17216666666666666,0.13816666666666666,0.034,0.3095,0.6905,1.0,0.995
72,z72_a0p5_hybrid_corr5_bsstablehie5_top10,discounted_lints,1114,-5.214891590044998,0.5,-6.603481361818424,-7.582831991267661,-1.049122274724723,-6.603481361818424,-7.4765893004066335,-1.2218583275279582,-7.137726454757132,-7.137726454757132,888.0,0.444,287.0,0.161,0.12866666666666668,0.03233333333333333,0.161,0.12866666666666668,0.03233333333333333,0.305,0.695,1.0,0.995
72,z72_a0p5_hybrid_corr5_bsstablehie5_top10,discounted_lints,1214,-2.315535064182245,0.5,-3.0127175058728937,-3.22161869543034,-0.22398773911029846,-3.0127175058728937,-2.0561343064461446,-0.8983499813858042,-1.6889314912548081,-1.6889314912548081,835.0,0.4175,258.0,0.16216666666666668,0.129,0.033166666666666664,0.16216666666666668,0.129,0.033166666666666664,0.2945,0.7054999999999999,1.0,0.995
72,z72_a0p5_hybrid_corr5_bsstablehie5_top10,discounted_lints,1314,-3.7783511272349797,0.5,-4.697841628698936,-5.683152399576741,-1.0198796228431117,-4.697841628698936,-6.685817052624676,-1.217881654469588,-6.543652796867095,-6.543652796867095,1002.0,0.501,306.0,0.15666666666666665,0.12433333333333334,0.03233333333333333,0.15666666666666665,0.12433333333333334,0.03233333333333333,0.30016666666666664,0.6998333333333333,1.0,0.995
72,z72_a0p5_hybrid_corr5_bsstablehie5_top10,discounted_lints,1414,-3.6706945599242427,0.5,-4.25077899943193,-6.096223564402027,-1.9304412414011818,-4.25077899943193,-4.200158656559294,-2.252796763485132,-3.0625297698597564,-3.0625297698597564,1004.0,0.502,348.0,0.16633333333333333,0.12916666666666668,0.03716666666666667,0.16633333333333333,0.12916666666666668,0.03716666666666667,0.3183333333333333,0.6816666666666666,1.0,0.995
72,z72_a0p5_hybrid_corr5_bsstablehie5_top10,discounted_lints,1514,-5.941986445230079,0.5,-7.254905326272429,-9.141607140092356,-2.0032298021030273,-7.254905326272429,-9.332000612234282,-2.043322238092826,-7.025098073164083,-7.025098073164083,1044.0,0.522,350.0,0.18200000000000002,0.1436666666666667,0.03833333333333334,0.18200000000000002,0.1436666666666667,0.03833333333333334,0.3373333333333333,0.6626666666666666,1.0,0.995
72,z72_a0p5_hybrid_corr5_bsstablehie5_top10,discounted_lints,1614,-2.4467806420160576,0.5,-3.3229022268871815,-3.156929849730609,0.18158411259731425,-3.3229022268871815,-3.379324379656845,-0.14665150912948066,-3.2374205966892777,-3.2374205966892777,1028.0,0.514,331.0,0.1711666666666667,0.13266666666666668,0.0385,0.1711666666666667,0.13266666666666668,0.0385,0.31866666666666665,0.6813333333333332,1.0,0.995
72,z72_a0p5_hybrid_corr5_bsstablehie5_top10,discounted_lints,1714,-3.948866653225159,0.5,-5.508442497442097,-4.83200583069372,0.7298608794256553,-5.508442497442097,-5.557102640053668,1.804978625985476,-4.764481470785665,-4.764481470785665,959.0,0.4795,330.0,0.1711666666666667,0.14083333333333334,0.030333333333333334,0.1711666666666667,0.14083333333333334,0.030333333333333334,0.3176666666666667,0.6823333333333333,1.0,0.995
72,z72_a0p5_hybrid_corr5_bsstablehie5_top10,discounted_lints,1814,-3.96387005298258,0.5,-5.107649762033813,-5.660540193139167,-0.5325309258288816,-5.107649762033813,-4.763748473582585,-0.603817300025955,-4.185202148168332,-4.185202148168332,1011.0,0.5055,339.0,0.15133333333333335,0.11866666666666666,0.03266666666666667,0.15133333333333335,0.11866666666666666,0.03266666666666667,0.31233333333333335,0.6876666666666668,1.0,0.995
72,z72_a0p5_hybrid_corr5_bsstablehie5_top10,discounted_lints,1914,-3.134318485213829,0.5,-3.3610072125625834,-5.745626687387162,-2.4542523031675665,-3.3610072125625834,-6.548202701672667,-1.6493882171669916,-2.388338588005401,-4.738074318868824,979.0,0.4895,336.0,0.19099999999999998,0.15633333333333332,0.03466666666666667,0.19099999999999998,0.15633333333333332,0.03466666666666667,0.3263333333333333,0.6736666666666666,1.0,0.995
72,z72_a0p5_hybrid_corr5_bsstablehie5_top10,discounted_lints,2014,-1.986063710805614,0.5,-2.375991630064215,-3.172008136165975,-0.8162799530298118,-2.375991630064215,-2.670751232338864,-0.9797578930411999,-3.851134989381688,-3.851134989381688,1039.0,0.5195,308.0,0.1701666666666667,0.13166666666666668,0.0385,0.1701666666666667,0.13166666666666668,0.0385,0.3113333333333333,0.6886666666666666,1.0,0.995
72,z72_a0p5_hybrid_corr5_bsstablehie5_top10,discounted_lints,2114,-3.68813650300152,0.5,-4.071490470127648,-6.481410281966542,-2.5380746016231375,-4.071490470127648,-5.340134232040194,-0.8897794224006272,-5.2409671995517275,-5.2409671995517275,1034.0,0.517,333.0,0.17416666666666666,0.13849999999999998,0.03566666666666667,0.17416666666666666,0.13849999999999998,0.03566666666666667,0.325,0.6749999999999999,1.0,0.995
72,z72_a0p5_hybrid_corr5_bsstablehie5_top10,discounted_lints,2214,-4.095168223522661,0.5,-5.1447727169565916,-6.059607759987422,-0.9463547432208674,-5.1447727169565916,-6.3384908013501935,-0.9283206671026001,-6.558439406240768,-6.558439406240768,971.0,0.4855,307.0,0.1625,0.12849999999999998,0.034,0.1625,0.12849999999999998,0.034,0.30733333333333335,0.6926666666666668,1.0,0.995
72,z72_a0p5_hybrid_corr5_bsstablehie5_top10,discounted_lints,2314,-5.4251611593406315,0.5,-6.477386891329261,-8.616941329779442,-2.268483963374742,-6.477386891329261,-8.331137650229037,-3.4655952383638167,-6.464915764793854,-6.464915764793854,995.0,0.4975,333.0,0.1668333333333333,0.13266666666666668,0.03416666666666667,0.1668333333333333,0.13266666666666668,0.03416666666666667,0.321,0.6789999999999999,1.0,0.995
72,z72_a0p5_hybrid_corr5_bsstablehie5_top10,discounted_lints,2414,-5.09217373259287,0.5,-5.975359301006737,-8.299698285310988,-2.442617027351268,-5.975359301006737,-8.84853118053237,-3.0816171796531955,-5.950278815082011,-5.950278815082011,962.0,0.481,322.0,0.16383333333333333,0.13166666666666668,0.03216666666666667,0.16383333333333333,0.13166666666666668,0.03216666666666667,0.303,0.697,1.0,0.995
72,z72_a0p5_hybrid_corr5_bsstablehie5_top10,discounted_lints,2514,-4.1254447953486455,0.5,-5.033789527159305,-6.366587276275619,-1.4004105999166647,-5.033789527159305,-6.688624630140194,-1.231860968499221,-5.572176086101599,-5.572176086101599,994.0,0.497,302.0,0.14183333333333334,0.1125,0.029333333333333333,0.14183333333333334,0.1125,0.029333333333333333,0.2935,0.7065,1.0,0.995
72,z72_a0p5_hybrid_corr5_bsstablehie5_top10,discounted_lints,2614,-4.216413801370646,0.5,-4.829455849120205,-7.098047390750544,-2.377287658121966,-4.829455849120205,-5.543732466042883,-1.2223193300004764,-4.71779779630217,-5.395681510384353,970.0,0.485,322.0,0.14733333333333332,0.11233333333333334,0.035,0.14733333333333332,0.11233333333333334,0.035,0.30383333333333334,0.6961666666666667,1.0,0.995
72,z72_a0p5_hybrid_corr5_bsstablehie5_top10,discounted_lints,2714,-5.512457896296629,0.5,-7.0604218057127355,-7.96256729093628,-0.868566168048309,-7.0604218057127355,-9.015480484370197,0.16206917564280943,-9.572727333084474,-9.572727333084474,890.0,0.445,301.0,0.15316666666666667,0.1225,0.030666666666666665,0.15316666666666667,0.1225,0.030666666666666665,0.29883333333333334,0.7011666666666666,1.0,0.995
72,z72_a0p5_hybrid_corr5_bsstablehie5_top10,discounted_lints,2814,-4.341483310771617,0.5,-5.186710736413424,-6.910849542369834,-1.8058010338461958,-5.186710736413424,-6.414679458836159,-1.179795942091888,-3.94511164892426,-3.94511164892426,1003.0,0.5015,321.0,0.1825,0.146,0.0365,0.1825,0.146,0.0365,0.3185,0.6815000000000001,1.0,0.995
72,z72_a0p5_hybrid_corr5_bsstablehie5_top10,discounted_lints,2914,-4.344434439856924,0.5,-5.26705706307714,-6.778452792348371,-1.5765665701962732,-5.26705706307714,-6.306373414977029,-1.460901119045177,-5.576458246404092,-5.576458246404092,1003.0,0.5015,353.0,0.18399999999999997,0.14533333333333334,0.03866666666666667,0.18399999999999997,0.14533333333333334,0.03866666666666667,0.33116666666666666,0.6688333333333333,1.0,0.995
72,z72_a0p5_hybrid_corr5_bsstablehie5_top10,discounted_lints,3014,-3.8848716231460663,0.5,-3.9292556565289,-7.537615625713042,-3.751719522997565,-3.9292556565289,-8.555585943006827,-3.9446623902035904,-4.8623031833323065,-4.8623031833323065,875.0,0.4375,294.0,0.15666666666666665,0.12716666666666668,0.0295,0.15666666666666665,0.12716666666666668,0.0295,0.29816666666666664,0.7018333333333334,1.0,0.995
72,z72_a0p5_hybrid_corr5_bsstablehie5_top10,discounted_lints,3114,-5.041394638624645,0.5,-6.129781765319687,-7.7868343745306605,-1.7762332585395206,-6.129781765319687,-8.099959539500457,-2.11736595131774,-6.1120071464436325,-6.1120071464436325,1006.0,0.503,327.0,0.17766666666666667,0.14216666666666666,0.0355,0.17766666666666667,0.14216666666666666,0.0355,0.3168333333333333,0.6831666666666667,1.0,0.995
72,z72_a0p5_hybrid_corr5_bsstablehie5_top10,discounted_linucb,214,-2.98220116926996,0.5,-4.219477082474458,-3.5404028068776476,0.7296265703435334,-4.219477082474458,-5.36967586751712,0.7243888127708153,-4.458654837115061,-4.458654837115061,1017.0,0.5085,278.0,0.1535,0.11866666666666666,0.034833333333333334,0.1535,0.11866666666666666,0.034833333333333334,0.25816666666666666,0.7418333333333332,1.0,0.995
72,z72_a0p5_hybrid_corr5_bsstablehie5_top10,sw_lints,214,-2.741166546953518,0.5,-3.0145967801020634,-4.897551507415943,-1.920875847507882,-3.0145967801020634,-4.79829664035184,-1.4326668916141316,-3.7516219584397548,-3.7516219584397548,956.0,0.478,277.0,0.1655,0.12983333333333333,0.03566666666666667,0.1655,0.12983333333333333,0.03566666666666667,0.2781666666666667,0.7218333333333334,1.0,0.995
72,z72_a0p5_hybrid_corr5_bsstablehie5_top10,sw_lints,314,-5.3825924492706605,0.5,-6.344430268727919,-8.697168893094835,-2.4970789908988826,-6.344430268727919,-8.115558875275653,-2.1139167372967615,-6.466129761430173,-6.466129761430173,898.0,0.449,259.0,0.15016666666666667,0.12016666666666669,0.03,0.15016666666666667,0.12016666666666669,0.03,0.2665,0.7334999999999999,1.0,0.995
72,z72_a0p5_hybrid_corr5_bsstablehie5_top10,sw_lints,414,-2.8843716365589787,0.5,-3.494013736975225,-4.58239447480607,-1.055445335310238,-3.494013736975225,-4.444505435375035,-0.48469103632904353,-3.9791007436770998,-5.127347379026503,979.0,0.4895,265.0,0.1585,0.1275,0.031,0.1585,0.1275,0.031,0.2735,0.7265,1.0,0.995
72,z72_a0p5_hybrid_corr5_bsstablehie5_top10,sw_lints,514,-3.2982854642324604,0.5,-3.808670013984139,-5.509433125049775,-1.7671318149774258,-3.808670013984139,-5.364135503017675,-1.6847366578120582,-3.4143270483572463,-3.4143270483572463,986.0,0.493,271.0,0.157,0.12433333333333334,0.03266666666666667,0.157,0.12433333333333334,0.03266666666666667,0.2748333333333333,0.7251666666666666,1.0,0.995
72,z72_a0p5_hybrid_corr5_bsstablehie5_top10,sw_lints,614,-2.106459009936378,0.5,-2.545298734515019,-3.32280355612683,-0.7899398362004558,-2.545298734515019,-3.767434022987326,-0.8520441867316153,-2.4678840237456923,-2.4678840237456923,962.0,0.481,253.0,0.1425,0.11299999999999999,0.0295,0.1425,0.11299999999999999,0.0295,0.25816666666666666,0.7418333333333335,1.0,0.995
72,z72_a0p5_hybrid_corr5_bsstablehie5_top10,sw_lints,714,-3.46968799482494,0.5,-4.6947204645371095,-4.5100359366655765,0.20540941431156737,-4.6947204645371095,-4.724544456513069,-0.6192993570534822,-4.430949065438162,-4.430949065438162,979.0,0.4895,283.0,0.16549999999999998,0.13033333333333333,0.03516666666666667,0.16549999999999998,0.13033333333333333,0.03516666666666667,0.2828333333333333,0.7171666666666666,1.0,0.995
72,z72_a0p5_hybrid_corr5_bsstablehie5_top10,sw_lints,814,-3.5672661710721356,0.5,-4.119882838584462,-5.940480454970032,-1.909416168535157,-4.119882838584462,-5.480218737786413,-0.8434050546539451,-4.635757706241018,-4.676253441022482,976.0,0.488,253.0,0.1525,0.12,0.0325,0.1525,0.12,0.0325,0.2735,0.7265,1.0,0.995
72,z72_a0p5_hybrid_corr5_bsstablehie5_top10,sw_lints,914,-3.157292693162567,0.5,-4.206969992982857,-4.208991903680248,-0.008260793701697633,-4.206969992982857,-3.2355578722713663,0.41866021366856465,-3.827460015745665,-3.827460015745665,949.0,0.4745,263.0,0.13716666666666666,0.107,0.030166666666666665,0.13716666666666666,0.107,0.030166666666666665,0.25416666666666665,0.7458333333333332,1.0,0.995
72,z72_a0p5_hybrid_corr5_bsstablehie5_top10,sw_lints,1014,-0.9732167236755564,0.5,-1.2623200317551302,-1.3581556968001414,-0.1059067994368353,-1.2623200317551302,-2.160330710860503,0.3183078180720722,-2.4707738625611597,-2.4707738625611597,943.0,0.4715,255.0,0.1526666666666667,0.11983333333333333,0.03283333333333333,0.1526666666666667,0.11983333333333333,0.03283333333333333,0.27016666666666667,0.7298333333333332,1.0,0.995
72,z72_a0p5_hybrid_corr5_bsstablehie5_top10,sw_lints,1114,-4.792339744284517,0.5,-5.984688390034928,-7.160640662531018,-1.2152938070332835,-5.984688390034928,-5.912775540676451,-2.457335764807811,-6.424868157330765,-6.424868157330765,873.0,0.4365,243.0,0.15716666666666668,0.127,0.030166666666666665,0.15716666666666668,0.127,0.030166666666666665,0.2628333333333333,0.7371666666666666,1.0,0.995
72,z72_a0p5_hybrid_corr5_bsstablehie5_top10,sw_lints,1214,-3.1061541005414295,0.5,-3.729052214679632,-4.910410466582511,-1.2374597581268205,-3.729052214679632,-6.08842525877098,-1.670943215590659,-4.485003537583864,-4.485003537583864,954.0,0.477,267.0,0.156,0.12333333333333334,0.03266666666666667,0.156,0.12333333333333334,0.03266666666666667,0.2768333333333333,0.7231666666666667,1.0,0.995
72,z72_a0p5_hybrid_corr5_bsstablehie5_top10,sw_lints,1314,-3.2801905264176034,0.5,-4.222363780690671,-4.669236133728383,-0.45367076359840164,-4.222363780690671,-4.1905202459828095,0.08284278175210158,-2.7853038760897064,-2.7853038760897064,954.0,0.477,265.0,0.1535,0.11866666666666666,0.034833333333333334,0.1535,0.11866666666666666,0.034833333333333334,0.2636666666666667,0.7363333333333334,1.0,0.995
72,z72_a0p5_hybrid_corr5_bsstablehie5_top10,sw_lints,1414,-4.467283623328098,0.5,-5.000302548154855,-7.72483997605575,-2.8682268488478244,-5.000302548154855,-6.988104121172578,-3.68146576777193,-5.2595966006011245,-5.2595966006011245,937.0,0.4685,283.0,0.15783333333333333,0.1255,0.03233333333333333,0.15783333333333333,0.1255,0.03233333333333333,0.2748333333333333,0.7251666666666666,1.0,0.995
72,z72_a0p5_hybrid_corr5_bsstablehie5_top10,sw_lints,1514,-3.6488420552228176,0.5,-4.169751284398838,-6.182394535906269,-2.086114367694758,-4.169751284398838,-6.187082915450237,-1.9498900734180147,-3.4148268005518734,-3.9170141797766456,955.0,0.4775,239.0,0.14716666666666667,0.11516666666666665,0.032,0.14716666666666667,0.11516666666666665,0.032,0.2615,0.7385,1.0,0.995
72,z72_a0p5_hybrid_corr5_bsstablehie5_top10,sw_lints,1614,-2.976235007072991,0.5,-3.7527086404274086,-4.387463071249265,-0.6468141070097374,-3.7527086404274086,-3.891980048613475,-0.3569171661539361,-2.320416530990854,-2.320416530990854,948.0,0.474,245.0,0.1496666666666667,0.11733333333333333,0.03233333333333333,0.1496666666666667,0.11733333333333333,0.03233333333333333,0.2655,0.7345,1.0,0.995
72,z72_a0p5_hybrid_corr5_bsstablehie5_top10,sw_lints,1714,-3.01996916476184,0.5,-4.111309170281856,-3.933531731107672,0.254050851798208,-4.111309170281856,-2.5071162524811674,-1.717117357529463,-4.6151568365152995,-4.6151568365152995,942.0,0.471,239.0,0.1525,0.12033333333333333,0.03216666666666667,0.1525,0.12033333333333333,0.03216666666666667,0.26216666666666666,0.7378333333333332,1.0,0.995
72,z72_a0p5_hybrid_corr5_bsstablehie5_top10,sw_lints,1814,-3.429460496690094,0.5,-3.928618464495674,-5.786644396950717,-1.931986593273353,-3.928618464495674,-6.405583638745438,-1.7549810007970734,-4.865684910024526,-4.865684910024526,976.0,0.488,251.0,0.14316666666666666,0.111,0.03216666666666667,0.14316666666666666,0.111,0.03216666666666667,0.2595,0.7404999999999999,1.0,0.995
72,z72_a0p5_hybrid_corr5_bsstablehie5_top10,sw_lints,1914,-4.543525162092754,0.5,-5.774322801435475,-6.587163833720396,-0.8511322440645933,-5.774322801435475,-7.958561705537848,-1.286772905511513,-7.7608236169618205,-7.7608236169618205,936.0,0.468,277.0,0.15733333333333333,0.12516666666666668,0.03216666666666667,0.15733333333333333,0.12516666666666668,0.03216666666666667,0.27616666666666667,0.7238333333333333,1.0,0.995
72,z72_a0p5_hybrid_corr5_bsstablehie5_top10,sw_lints,2014,-3.059977528565205,0.5,-3.44557115536905,-5.3366412550641895,-1.9031966481536713,-3.44557115536905,-5.677806746410141,-3.1204303539951628,-4.1242693703266164,-4.1242693703266164,948.0,0.474,299.0,0.163,0.12766666666666668,0.035333333333333335,0.163,0.12766666666666668,0.035333333333333335,0.27616666666666667,0.7238333333333333,1.0,0.995
72,z72_a0p5_hybrid_corr5_bsstablehie5_top10,sw_lints,2114,-2.981749875023185,0.5,-3.2298374387401094,-5.384510239452951,-2.237487183872411,-3.2298374387401094,-4.896999311147521,-1.8906347620161301,-3.064299256079017,-3.064299256079017,904.0,0.452,241.0,0.131,0.10216666666666667,0.028833333333333332,0.131,0.10216666666666667,0.028833333333333332,0.23416666666666666,0.7658333333333335,1.0,0.995
72,z72_a0p5_hybrid_corr5_bsstablehie5_top10,sw_lints,2214,-4.288098815705849,0.5,-5.347585186064396,-6.399793136603216,-1.1096397046302091,-5.347585186064396,-6.627626832888689,-1.3312807814753969,-5.2432515488673115,-5.2432515488673115,857.0,0.4285,233.0,0.13649999999999998,0.1075,0.028999999999999998,0.13649999999999998,0.1075,0.028999999999999998,0.24016666666666667,0.7598333333333332,1.0,0.995
72,z72_a0p5_hybrid_corr5_bsstablehie5_top10,sw_lints,2314,-4.541993858515559,0.5,-5.2736242092579575,-7.4929312691932815,-2.347102806288363,-5.2736242092579575,-6.457207902704109,-2.5086183456307642,-5.058227930365577,-5.058227930365577,973.0,0.4865,267.0,0.15533333333333332,0.12033333333333335,0.035,0.15533333333333332,0.12033333333333335,0.035,0.2708333333333333,0.7291666666666666,1.0,0.995
72,z72_a0p5_hybrid_corr5_bsstablehie5_top10,sw_lints,2414,-3.363049337440478,0.5,-3.9573343094518285,-5.455363599353121,-1.580194421406426,-3.9573343094518285,-6.5184815499530036,-2.0425658115303835,-4.569245586619786,-4.569245586619786,946.0,0.473,259.0,0.15,0.11599999999999999,0.034,0.15,0.11599999999999999,0.034,0.26099999999999995,0.739,1.0,0.995
72,z72_a0p5_hybrid_corr5_bsstablehie5_top10,sw_lints,2514,-2.8997275719545925,0.5,-3.160513895149331,-5.184645403074099,-2.1173686023703766,-3.160513895149331,-6.392719436384442,-2.2952191838907066,-4.193756148131234,-4.193756148131234,939.0,0.4695,255.0,0.14783333333333334,0.11666666666666665,0.031166666666666665,0.14783333333333334,0.11666666666666665,0.031166666666666665,0.2675,0.7324999999999999,1.0,0.995
72,z72_a0p5_hybrid_corr5_bsstablehie5_top10,sw_lints,2614,-2.4399893579124257,0.5,-2.8087001099989073,-4.08521900423526,-1.33385710165298,-2.8087001099989073,-4.069207847273271,-1.4442706800303684,-2.663403929284336,-2.663403929284336,952.0,0.476,267.0,0.14766666666666667,0.1145,0.03316666666666667,0.14766666666666667,0.1145,0.03316666666666667,0.2608333333333333,0.7391666666666666,1.0,0.995
72,z72_a0p5_hybrid_corr5_bsstablehie5_top10,sw_lints,2714,-5.160337972206449,0.5,-6.277559897973553,-7.982618177698025,-1.8086721949051328,-6.277559897973553,-8.712346349732359,-1.4455265097857772,-5.681084195507258,-5.681084195507258,982.0,0.491,253.0,0.16,0.12533333333333332,0.03466666666666667,0.16,0.12533333333333332,0.03466666666666667,0.2708333333333333,0.7291666666666666,1.0,0.995
72,z72_a0p5_hybrid_corr5_bsstablehie5_top10,sw_lints,2814,-2.890015740461962,0.5,-2.893508166190339,-5.69425446325675,-2.8795384632768317,-2.893508166190339,-6.204897983505308,-2.7799059191334075,-2.5260034140187293,-3.7742317934418956,929.0,0.4645,245.0,0.137,0.11083333333333334,0.026166666666666668,0.137,0.11083333333333334,0.026166666666666668,0.2508333333333333,0.7491666666666665,1.0,0.995
72,z72_a0p5_hybrid_corr5_bsstablehie5_top10,sw_lints,2914,-1.8449265974489792,0.5,-2.2618688897638477,-2.8689497797673567,-0.5940997205043744,-2.2618688897638477,-3.718700641807937,-0.508847644806143,-3.2262697948680863,-3.2262697948680863,888.0,0.444,255.0,0.13333333333333333,0.10366666666666667,0.029666666666666664,0.13333333333333333,0.10366666666666667,0.029666666666666664,0.24350000000000002,0.7565,1.0,0.995
72,z72_a0p5_hybrid_corr5_bsstablehie5_top10,sw_lints,3014,-3.277076206961335,0.5,-4.356815074108,-4.387187964753899,-0.03785960552133982,-4.356815074108,-3.6623517999806676,0.6255280383960837,-4.261224683204256,-4.261224683204256,920.0,0.46,245.0,0.1505,0.11783333333333333,0.03266666666666667,0.1505,0.11783333333333333,0.03266666666666667,0.26816666666666666,0.7318333333333333,1.0,0.995
72,z72_a0p5_hybrid_corr5_bsstablehie5_top10,sw_lints,3114,-3.207822960459935,0.5,-4.019793203260394,-4.828793775594668,-0.771912232058558,-4.019793203260394,-5.37830953384989,-1.84577619038917,-3.598962129549055,-3.598962129549055,892.0,0.446,251.0,0.1465,0.1155,0.031,0.1465,0.1155,0.031,0.26816666666666666,0.7318333333333333,1.0,0.995
72,z72_a0p5_hybrid_corr5_bsstablehie5_top10,sw_linucb,214,-2.245920323846331,0.5,-2.6842314993031215,-3.5578790267370946,-0.9309867974759597,-2.6842314993031215,-6.311490786781359,-1.4811571170373794,-4.588657971822374,-4.588657971822374,1047.0,0.5235,261.0,0.16283333333333336,0.12783333333333333,0.035,0.16283333333333336,0.12783333333333333,0.035,0.25216666666666665,0.7478333333333333,1.0,0.995
