bandit_name,method_group,set_name,trial_number,seed,symbol,mode,n_decisions,return_pct,drawdown_abs,trades,profit_factor,is_active,executed_action_1_ratio,constraint_applied_ratio,forced_singleton_ratio,decision_point_ratio,bandit_consulted_ratio,pending_update_queued_ratio,median_time_between_entries,median_holding_bars,mean_holding_bars,p25_holding_bars,p75_holding_bars,share_trades_closed_before_horizon,share_trades_closed_after_horizon
discounted_lints,corr,z24_a0p5_corr_pruned_top10,0,3142,BTCUSDT,val,2000.0,-8.111562607197254,8.514579010080292,191,0.6254487787514835,True,0.5915,0.382,0.382,0.618,0.618,0.615,9.0,5.0,6.193717277486911,4.0,7.0,0.8900523560209425,0.1099476439790576
discounted_lints,corr,z24_a0p5_corr_pruned_top10,0,3142,BTCUSDT,val_first,,-1.8636679448951643,4.132859925635534,94,0.7982595038692418,True,,,,,,,9.0,5.0,6.25531914893617,4.0,7.0,0.8936170212765957,0.10638297872340426
discounted_lints,corr,z24_a0p5_corr_pruned_top10,0,3142,BTCUSDT,val_second,,-6.366545938148382,6.609570025492328,96,0.4622877913297337,True,,,,,,,9.0,4.0,6.072916666666667,4.0,7.0,0.8958333333333334,0.10416666666666667
discounted_lints,corr,z24_a0p5_corr_pruned_top10,0,3142,ETHUSDT,val,2000.0,-5.9571239725131,9.78782505100375,206,0.7593759999745182,True,0.584,0.4135,0.4135,0.5865,0.5865,0.5845,8.0,4.0,5.645631067961165,4.0,6.0,0.9174757281553398,0.0825242718446602
discounted_lints,corr,z24_a0p5_corr_pruned_top10,0,3142,ETHUSDT,val_first,,-1.2356653859170397,4.6122266774772385,105,0.8561664215191024,True,,,,,,,8.0,4.0,5.647619047619048,4.0,6.0,0.9238095238095239,0.0761904761904762
discounted_lints,corr,z24_a0p5_corr_pruned_top10,0,3142,ETHUSDT,val_second,,-4.780529940332146,8.70477121477613,101,0.6950061861161707,True,,,,,,,8.0,4.0,5.643564356435643,4.0,6.0,0.9108910891089109,0.0891089108910891
discounted_lints,corr,z24_a0p5_corr_pruned_top10,0,3142,SOLUSDT,val,2000.0,-6.441488492522307,8.903743167511792,207,0.7565017082958009,True,0.5475,0.415,0.41500000000000004,0.585,0.585,0.581,8.0,4.0,5.27536231884058,4.0,5.0,0.9371980676328503,0.06280193236714976
discounted_lints,corr,z24_a0p5_corr_pruned_top10,0,3142,SOLUSDT,val_first,,-1.3952618910081482,4.64071844700843,102,0.8505783445016254,True,,,,,,,8.0,4.0,5.588235294117647,4.0,6.0,0.9117647058823529,0.08823529411764706
discounted_lints,corr,z24_a0p5_corr_pruned_top10,0,3142,SOLUSDT,val_second,,-5.11763095596518,7.618061773916985,105,0.6859538092010083,True,,,,,,,7.0,4.0,4.9714285714285715,4.0,5.0,0.9619047619047619,0.0380952380952381
discounted_lints,corr,z24_a0p5_corr_pruned_top10,0,3143,BTCUSDT,val,2000.0,-2.977354657063813,4.450898707957107,185,0.8179442168554976,True,0.63,0.37,0.37,0.63,0.63,0.627,9.5,5.0,6.8108108108108105,4.0,8.0,0.8432432432432433,0.15675675675675677
discounted_lints,corr,z24_a0p5_corr_pruned_top10,0,3143,BTCUSDT,val_first,,-1.3081292371970976,4.402258744508025,90,0.8384086561926616,True,,,,,,,10.0,5.0,7.0,4.0,8.0,0.8555555555555555,0.14444444444444443
discounted_lints,corr,z24_a0p5_corr_pruned_top10,0,3143,BTCUSDT,val_second,,-1.691350469866515,3.3646312380517407,95,0.796354843564876,True,,,,,,,9.0,5.0,6.631578947368421,4.0,7.5,0.8315789473684211,0.16842105263157894
discounted_lints,corr,z24_a0p5_corr_pruned_top10,0,3143,ETHUSDT,val,2000.0,-4.45599587654375,7.885738568930956,216,0.7948551749955545,True,0.574,0.4325,0.4325,0.5675,0.5675,0.5645,7.0,4.0,5.305555555555555,4.0,5.0,0.9305555555555556,0.06944444444444445
discounted_lints,corr,z24_a0p5_corr_pruned_top10,0,3143,ETHUSDT,val_first,,-2.266431602148833,5.3282657879459965,107,0.7926294403117466,True,,,,,,,8.0,4.0,5.411214953271028,4.0,5.5,0.9252336448598131,0.07476635514018691
discounted_lints,corr,z24_a0p5_corr_pruned_top10,0,3143,ETHUSDT,val_second,,-2.240340049267109,6.011677370009306,108,0.8059453094157779,True,,,,,,,7.0,4.0,5.212962962962963,4.0,5.0,0.9351851851851852,0.06481481481481481
discounted_lints,corr,z24_a0p5_corr_pruned_top10,0,3143,SOLUSDT,val,2000.0,-4.9219786540281145,7.927566958884147,219,0.8160755236412808,True,0.557,0.439,0.43899999999999995,0.561,0.561,0.5585,7.0,4.0,5.073059360730594,4.0,5.0,0.9315068493150684,0.0684931506849315
discounted_lints,corr,z24_a0p5_corr_pruned_top10,0,3143,SOLUSDT,val_first,,-0.7168741977491733,5.358527469056373,102,0.9065443871286034,True,,,,,,,8.0,4.0,5.607843137254902,4.0,5.0,0.8823529411764706,0.11764705882352941
discounted_lints,corr,z24_a0p5_corr_pruned_top10,0,3143,SOLUSDT,val_second,,-4.235467429434614,7.2697153953880544,117,0.7584695980269708,True,,,,,,,7.0,4.0,4.6068376068376065,4.0,5.0,0.9743589743589743,0.02564102564102564
discounted_lints,corr,z24_a0p5_corr_pruned_top10,1,3142,BTCUSDT,val,2000.0,-6.539671526344948,7.073488279870066,169,0.603245049860683,True,0.505,0.3375,0.3375,0.6625,0.6625,0.659,9.0,4.0,5.976331360946745,4.0,6.0,0.8816568047337278,0.11834319526627218
discounted_lints,corr,z24_a0p5_corr_pruned_top10,1,3142,BTCUSDT,val_first,,-1.4789603488313374,4.215699656153593,85,0.7907165176947915,True,,,,,,,9.0,4.0,5.752941176470588,4.0,6.0,0.8941176470588236,0.10588235294117647
discounted_lints,corr,z24_a0p5_corr_pruned_top10,1,3142,BTCUSDT,val_second,,-5.136680647536773,5.9312112495319536,84,0.45512836220005876,True,,,,,,,10.0,4.0,6.2023809523809526,4.0,6.0,0.8690476190476191,0.13095238095238096
discounted_lints,corr,z24_a0p5_corr_pruned_top10,1,3142,ETHUSDT,val,2000.0,-4.011136953308892,8.89210116850444,182,0.7909583030466979,True,0.515,0.364,0.364,0.636,0.636,0.6325,8.0,4.0,5.65934065934066,4.0,6.0,0.8791208791208791,0.12087912087912088
discounted_lints,corr,z24_a0p5_corr_pruned_top10,1,3142,ETHUSDT,val_first,,-3.1067483262767426,5.264689391236999,87,0.6980335155657472,True,,,,,,,8.0,4.0,5.689655172413793,4.0,6.0,0.8850574712643678,0.11494252873563218
discounted_lints,corr,z24_a0p5_corr_pruned_top10,1,3142,ETHUSDT,val_second,,-0.9333865995926893,6.01551861146723,95,0.8696362315907059,True,,,,,,,8.0,4.0,5.631578947368421,4.0,6.0,0.8736842105263158,0.12631578947368421
discounted_lints,corr,z24_a0p5_corr_pruned_top10,1,3142,SOLUSDT,val,2000.0,-6.197126500748751,9.103428574356231,186,0.7643770078655465,True,0.499,0.372,0.372,0.628,0.628,0.623,8.0,4.0,5.365591397849462,4.0,5.0,0.9086021505376344,0.0913978494623656
discounted_lints,corr,z24_a0p5_corr_pruned_top10,1,3142,SOLUSDT,val_first,,-0.718150669836215,5.165171302589588,92,0.9035360791001514,True,,,,,,,9.0,4.0,5.543478260869565,4.0,6.0,0.9021739130434783,0.09782608695652174
discounted_lints,corr,z24_a0p5_corr_pruned_top10,1,3142,SOLUSDT,val_second,,-5.5186077494307035,8.357465792493713,94,0.6645510511321105,True,,,,,,,8.0,4.0,5.191489361702128,4.0,5.0,0.9148936170212766,0.0851063829787234
discounted_lints,corr,z24_a0p5_corr_pruned_top10,1,3143,BTCUSDT,val,2000.0,-5.531670807917466,5.796793471599382,140,0.6589729265280192,True,0.532,0.2795,0.27949999999999997,0.7205,0.7205,0.719,11.0,5.0,7.6,4.0,9.0,0.7714285714285715,0.22857142857142856
discounted_lints,corr,z24_a0p5_corr_pruned_top10,1,3143,BTCUSDT,val_first,,-0.9837044974066012,3.606973425898108,69,0.7818819981900059,True,,,,,,,11.0,5.0,7.681159420289855,4.0,11.0,0.7101449275362319,0.2898550724637681
discounted_lints,corr,z24_a0p5_corr_pruned_top10,1,3143,BTCUSDT,val_second,,-4.593149327013291,4.728048705164978,70,0.49228974056525343,True,,,,,,,10.0,5.0,7.257142857142857,4.0,8.0,0.8428571428571429,0.15714285714285714
discounted_lints,corr,z24_a0p5_corr_pruned_top10,1,3143,ETHUSDT,val,2000.0,-7.481064298501961,10.648091634742606,172,0.6741565124202998,True,0.5205,0.344,0.344,0.656,0.656,0.6535,8.0,4.0,6.0523255813953485,4.0,6.0,0.8546511627906976,0.14534883720930233
discounted_lints,corr,z24_a0p5_corr_pruned_top10,1,3143,ETHUSDT,val_first,,-2.1157989991442694,3.845800804544952,87,0.7681663079897455,True,,,,,,,7.0,4.0,5.850574712643678,4.0,5.5,0.8735632183908046,0.12643678160919541
discounted_lints,corr,z24_a0p5_corr_pruned_top10,1,3143,ETHUSDT,val_second,,-5.48123726249835,8.807365340852835,85,0.6126538048259594,True,,,,,,,9.0,4.0,6.258823529411765,4.0,6.0,0.8352941176470589,0.16470588235294117
discounted_lints,corr,z24_a0p5_corr_pruned_top10,1,3143,SOLUSDT,val,2000.0,-10.818192462415954,12.088449820022484,199,0.6383323854179703,True,0.505,0.3985,0.39849999999999997,0.6015,0.6015,0.597,8.0,4.0,5.065326633165829,4.0,5.0,0.9396984924623115,0.06030150753768844
discounted_lints,corr,z24_a0p5_corr_pruned_top10,1,3143,SOLUSDT,val_first,,-3.6086033864590528,5.794401409909156,89,0.7032190298981951,True,,,,,,,9.0,4.0,5.685393258426966,4.0,5.0,0.8876404494382022,0.11235955056179775
discounted_lints,corr,z24_a0p5_corr_pruned_top10,1,3143,SOLUSDT,val_second,,-7.479494362823768,7.631779415648254,110,0.5929876858494306,True,,,,,,,7.0,4.0,4.5636363636363635,4.0,4.0,0.9818181818181818,0.01818181818181818
discounted_lints,corr,z24_a0p5_corr_pruned_top10,2,3142,BTCUSDT,val,2000.0,-2.554146511667865,4.893155279489436,164,0.8238197455523445,True,0.5755,0.328,0.32799999999999996,0.672,0.672,0.669,10.0,5.0,7.012195121951219,4.0,8.0,0.8170731707317073,0.18292682926829268
discounted_lints,corr,z24_a0p5_corr_pruned_top10,2,3142,BTCUSDT,val_first,,0.5028445359405165,2.981313458783119,82,1.0219635886309049,True,,,,,,,10.0,5.0,6.7317073170731705,4.0,7.0,0.8170731707317073,0.18292682926829268
discounted_lints,corr,z24_a0p5_corr_pruned_top10,2,3142,BTCUSDT,val_second,,-3.041696045244957,4.201924600946638,82,0.6205450704519899,True,,,,,,,10.0,5.0,7.2926829268292686,4.0,8.0,0.8170731707317073,0.18292682926829268
discounted_lints,corr,z24_a0p5_corr_pruned_top10,2,3142,ETHUSDT,val,2000.0,-3.1374896097988714,7.270899065132685,183,0.838689113838545,True,0.55,0.366,0.366,0.634,0.634,0.631,9.0,4.0,6.0109289617486334,4.0,6.0,0.8797814207650273,0.12021857923497267
discounted_lints,corr,z24_a0p5_corr_pruned_top10,2,3142,ETHUSDT,val_first,,-0.017266709085050902,4.524146239562022,88,0.9525187255954438,True,,,,,,,9.0,4.0,6.363636363636363,4.0,6.0,0.8522727272727273,0.14772727272727273
discounted_lints,corr,z24_a0p5_corr_pruned_top10,2,3142,ETHUSDT,val_second,,-3.1207617535670584,6.397415791337224,95,0.7695018447237802,True,,,,,,,8.0,4.0,5.684210526315789,4.0,6.0,0.9052631578947369,0.09473684210526316
discounted_lints,corr,z24_a0p5_corr_pruned_top10,2,3142,SOLUSDT,val,2000.0,-10.995590971649094,12.616891877612634,191,0.6417399220816548,True,0.5375,0.382,0.382,0.618,0.618,0.613,8.0,4.0,5.628272251308901,4.0,5.5,0.8952879581151832,0.10471204188481675
discounted_lints,corr,z24_a0p5_corr_pruned_top10,2,3142,SOLUSDT,val_first,,-3.9027986302285878,5.862634047435755,82,0.7045039821301463,True,,,,,,,9.0,4.5,6.7682926829268295,4.0,9.0,0.7926829268292683,0.2073170731707317
discounted_lints,corr,z24_a0p5_corr_pruned_top10,2,3142,SOLUSDT,val_second,,-7.380852137543759,9.458073366424625,109,0.5943082758255186,True,,,,,,,7.0,4.0,4.770642201834862,4.0,5.0,0.9724770642201835,0.027522935779816515
discounted_lints,corr,z24_a0p5_corr_pruned_top10,2,3143,BTCUSDT,val,2000.0,-3.3542075380759373,4.221774452419225,177,0.7875658891093866,True,0.5755,0.354,0.354,0.646,0.646,0.643,9.0,5.0,6.502824858757062,4.0,7.0,0.864406779661017,0.13559322033898305
discounted_lints,corr,z24_a0p5_corr_pruned_top10,2,3143,BTCUSDT,val_first,,-1.2543718132761783,2.9466192034487193,87,0.8259147632811918,True,,,,,,,9.0,5.0,6.379310344827586,4.0,7.0,0.8505747126436781,0.14942528735632185
discounted_lints,corr,z24_a0p5_corr_pruned_top10,2,3143,BTCUSDT,val_second,,-2.1265100676954085,3.578922885259883,90,0.7546904414138051,True,,,,,,,9.0,5.0,6.622222222222222,4.0,6.75,0.8777777777777778,0.12222222222222222
discounted_lints,corr,z24_a0p5_corr_pruned_top10,2,3143,ETHUSDT,val,2000.0,-5.934686218258944,9.897336314909245,193,0.7423097200927771,True,0.571,0.3855,0.38549999999999995,0.6145,0.6145,0.6115,8.0,4.0,5.917098445595855,4.0,6.0,0.8860103626943006,0.11398963730569948
discounted_lints,corr,z24_a0p5_corr_pruned_top10,2,3143,ETHUSDT,val_first,,-2.1060361171938657,5.1431224795799535,97,0.7749597025682047,True,,,,,,,7.0,4.0,5.938144329896907,4.0,6.0,0.8969072164948454,0.10309278350515463
discounted_lints,corr,z24_a0p5_corr_pruned_top10,2,3143,ETHUSDT,val_second,,-3.9110175430719596,7.795855412842245,96,0.7196906118639417,True,,,,,,,8.0,4.0,5.895833333333333,4.0,6.0,0.875,0.125
discounted_lints,corr,z24_a0p5_corr_pruned_top10,2,3143,SOLUSDT,val,2000.0,-13.277010844061255,14.7908254310803,178,0.5824182460876247,True,0.5215,0.357,0.357,0.643,0.643,0.641,8.0,4.0,5.842696629213483,4.0,5.75,0.848314606741573,0.15168539325842698
discounted_lints,corr,z24_a0p5_corr_pruned_top10,2,3143,SOLUSDT,val_first,,-1.6578811204790656,4.473605203414066,79,0.8279723327266183,True,,,,,,,10.0,5.0,6.6075949367088604,4.0,7.0,0.7721518987341772,0.22784810126582278
discounted_lints,corr,z24_a0p5_corr_pruned_top10,2,3143,SOLUSDT,val_second,,-11.815008519205083,13.10992159429717,99,0.44030394439528725,True,,,,,,,7.0,4.0,5.232323232323233,4.0,5.0,0.9090909090909091,0.09090909090909091
discounted_lints,corr,z24_a0p5_corr_pruned_top10,3,3142,BTCUSDT,val,2000.0,-2.5030671485766764,5.0349851868339845,147,0.8170119252040862,True,0.4975,0.2955,0.2955,0.7045,0.7045,0.703,10.0,4.0,6.741496598639456,4.0,7.0,0.8299319727891157,0.17006802721088435
discounted_lints,corr,z24_a0p5_corr_pruned_top10,3,3142,BTCUSDT,val_first,,-1.5399699693962376,5.0349851868339845,73,0.7754436351091332,True,,,,,,,11.0,4.0,6.739726027397261,4.0,8.0,0.7945205479452054,0.2054794520547945
discounted_lints,corr,z24_a0p5_corr_pruned_top10,3,3142,BTCUSDT,val_second,,-0.9781605580265196,3.694273431298256,74,0.8586169534780163,True,,,,,,,9.5,4.0,6.743243243243243,4.0,6.75,0.8648648648648649,0.13513513513513514
discounted_lints,corr,z24_a0p5_corr_pruned_top10,3,3142,ETHUSDT,val,2000.0,-9.268403185466367,11.227211356507883,155,0.5909105919169121,True,0.519,0.31,0.31000000000000005,0.69,0.69,0.6875,10.0,4.0,6.696774193548387,4.0,7.0,0.832258064516129,0.16774193548387098
discounted_lints,corr,z24_a0p5_corr_pruned_top10,3,3142,ETHUSDT,val_first,,-2.3148424463235617,4.979946634413102,74,0.7256925127575234,True,,,,,,,10.0,4.0,6.891891891891892,4.0,6.75,0.8243243243243243,0.17567567567567569
discounted_lints,corr,z24_a0p5_corr_pruned_top10,3,3142,ETHUSDT,val_second,,-7.118339073489166,9.2474548036521,81,0.5059803565987961,True,,,,,,,10.0,4.0,6.518518518518518,4.0,8.0,0.8395061728395061,0.16049382716049382
discounted_lints,corr,z24_a0p5_corr_pruned_top10,3,3142,SOLUSDT,val,2000.0,0.6657601771401511,7.135216523734533,147,0.9510842453187355,True,0.5485,0.294,0.29400000000000004,0.706,0.706,0.701,10.5,4.0,7.462585034013605,4.0,8.0,0.7687074829931972,0.23129251700680273
discounted_lints,corr,z24_a0p5_corr_pruned_top10,3,3142,SOLUSDT,val_first,,2.741495687338702,3.834914223761965,60,1.1809458125092875,True,,,,,,,15.0,6.0,9.483333333333333,4.0,15.0,0.6333333333333333,0.36666666666666664
discounted_lints,corr,z24_a0p5_corr_pruned_top10,3,3142,SOLUSDT,val_second,,-2.0203477633958022,7.135216523734533,87,0.8118533691587769,True,,,,,,,8.5,4.0,6.068965517241379,4.0,6.0,0.8620689655172413,0.13793103448275862
discounted_lints,corr,z24_a0p5_corr_pruned_top10,3,3143,BTCUSDT,val,2000.0,-4.29737525211017,4.980620985110196,155,0.7057446596436288,True,0.4675,0.31,0.31000000000000005,0.69,0.69,0.687,9.0,4.0,6.032258064516129,4.0,6.0,0.8516129032258064,0.14838709677419354
discounted_lints,corr,z24_a0p5_corr_pruned_top10,3,3143,BTCUSDT,val_first,,-1.012990127394342,3.1145805987588204,72,0.8367155357219034,True,,,,,,,10.0,4.0,6.263888888888889,4.0,7.0,0.7916666666666666,0.20833333333333334
discounted_lints,corr,z24_a0p5_corr_pruned_top10,3,3143,BTCUSDT,val_second,,-3.317996097611964,4.806697276623706,83,0.586545522708486,True,,,,,,,8.0,4.0,5.831325301204819,4.0,5.0,0.9036144578313253,0.0963855421686747
discounted_lints,corr,z24_a0p5_corr_pruned_top10,3,3143,ETHUSDT,val,2000.0,-3.9260838483595295,8.052647447109273,168,0.7678513166512612,True,0.5195,0.336,0.33599999999999997,0.664,0.664,0.662,8.0,4.0,6.184523809523809,4.0,5.0,0.875,0.125
discounted_lints,corr,z24_a0p5_corr_pruned_top10,3,3143,ETHUSDT,val_first,,-1.8510337833314683,4.092046301140773,74,0.7503580941448296,True,,,,,,,9.0,4.0,6.837837837837838,4.0,7.0,0.8513513513513513,0.14864864864864866
discounted_lints,corr,z24_a0p5_corr_pruned_top10,3,3143,ETHUSDT,val_second,,-2.114184331241231,6.337499747411057,94,0.7796386827721697,True,,,,,,,7.0,4.0,5.670212765957447,4.0,4.0,0.8936170212765957,0.10638297872340426
discounted_lints,corr,z24_a0p5_corr_pruned_top10,3,3143,SOLUSDT,val,2000.0,-11.27286554512682,13.148526376731272,184,0.6356856380058907,True,0.5225,0.368,0.368,0.632,0.632,0.6285,8.0,4.0,5.679347826086956,4.0,6.0,0.8804347826086957,0.11956521739130435
discounted_lints,corr,z24_a0p5_corr_pruned_top10,3,3143,SOLUSDT,val_first,,-4.12177414513919,7.381209304564818,84,0.6850022679912042,True,,,,,,,9.0,4.0,6.583333333333333,4.0,7.0,0.8095238095238095,0.19047619047619047
discounted_lints,corr,z24_a0p5_corr_pruned_top10,3,3143,SOLUSDT,val_second,,-7.458514523217041,10.159709501072244,100,0.5998377433280713,True,,,,,,,8.0,4.0,4.92,4.0,5.0,0.94,0.06
discounted_lints,corr,z24_a0p5_corr_pruned_top10,4,3142,BTCUSDT,val,2000.0,-2.8266631576401524,3.716471181717085,128,0.7675066250031377,True,0.5215,0.256,0.256,0.744,0.744,0.741,12.0,5.0,8.1484375,4.0,9.25,0.75,0.25
discounted_lints,corr,z24_a0p5_corr_pruned_top10,4,3142,BTCUSDT,val_first,,-0.46282274428783854,3.54146103882359,64,0.8994193047274437,True,,,,,,,12.0,4.0,8.3125,4.0,10.25,0.703125,0.296875
discounted_lints,corr,z24_a0p5_corr_pruned_top10,4,3142,BTCUSDT,val_second,,-2.374831674480371,3.249686739098545,64,0.6350010104552553,True,,,,,,,12.0,5.0,7.984375,4.0,9.0,0.796875,0.203125
discounted_lints,corr,z24_a0p5_corr_pruned_top10,4,3142,ETHUSDT,val,2000.0,-6.759372324495738,10.887053325496632,169,0.6815362167218143,True,0.51,0.338,0.33799999999999997,0.662,0.662,0.659,8.0,4.0,6.035502958579881,4.0,6.0,0.8579881656804734,0.14201183431952663
discounted_lints,corr,z24_a0p5_corr_pruned_top10,4,3142,ETHUSDT,val_first,,-2.3791093928650753,4.73820038078927,81,0.7415512137543497,True,,,,,,,8.0,4.0,6.0246913580246915,4.0,5.0,0.8518518518518519,0.14814814814814814
discounted_lints,corr,z24_a0p5_corr_pruned_top10,4,3142,ETHUSDT,val_second,,-4.4870139008038485,9.18413061142852,88,0.6386864230436158,True,,,,,,,8.0,4.0,6.045454545454546,4.0,6.0,0.8636363636363636,0.13636363636363635
discounted_lints,corr,z24_a0p5_corr_pruned_top10,4,3142,SOLUSDT,val,2000.0,-8.330973258567697,9.071053653725825,152,0.6656922338414657,True,0.4895,0.3045,0.3045,0.6955,0.6955,0.691,9.5,4.0,6.427631578947368,4.0,7.0,0.8092105263157895,0.19078947368421054
discounted_lints,corr,z24_a0p5_corr_pruned_top10,4,3142,SOLUSDT,val_first,,-1.0949950278584364,5.476467032571952,57,0.8259788076339957,True,,,,,,,15.0,6.0,8.964912280701755,4.0,13.0,0.6140350877192983,0.38596491228070173
discounted_lints,corr,z24_a0p5_corr_pruned_top10,4,3142,SOLUSDT,val_second,,-7.316089041952334,9.071053653725825,95,0.5746831549156235,True,,,,,,,7.0,4.0,4.905263157894737,4.0,5.0,0.9263157894736842,0.07368421052631578
discounted_lints,corr,z24_a0p5_corr_pruned_top10,4,3143,BTCUSDT,val,2000.0,-1.5451476277524856,3.4962360486817334,126,0.8584703387558094,True,0.539,0.2515,0.25149999999999995,0.7485,0.7485,0.745,11.0,4.0,8.555555555555555,4.0,8.75,0.7619047619047619,0.23809523809523808
discounted_lints,corr,z24_a0p5_corr_pruned_top10,4,3143,BTCUSDT,val_first,,0.00961254166542691,3.4962360486817334,73,0.9572128628180394,True,,,,,,,10.0,4.0,7.178082191780822,4.0,8.0,0.7808219178082192,0.2191780821917808
discounted_lints,corr,z24_a0p5_corr_pruned_top10,4,3143,BTCUSDT,val_second,,-1.5546107318135882,3.2892040228942543,52,0.7484954947472385,True,,,,,,,13.0,5.0,10.26923076923077,4.0,9.5,0.75,0.25
discounted_lints,corr,z24_a0p5_corr_pruned_top10,4,3143,ETHUSDT,val,2000.0,-6.9081713927598205,9.413917202296773,180,0.6790416715829216,True,0.5085,0.36,0.36,0.64,0.64,0.637,7.0,4.0,5.644444444444445,4.0,5.0,0.8833333333333333,0.11666666666666667
discounted_lints,corr,z24_a0p5_corr_pruned_top10,4,3143,ETHUSDT,val_first,,0.3839994980545214,3.0294389499719854,88,0.9927802688814995,True,,,,,,,7.0,4.0,5.784090909090909,4.0,5.0,0.8636363636363636,0.13636363636363635
discounted_lints,corr,z24_a0p5_corr_pruned_top10,4,3143,ETHUSDT,val_second,,-7.264276107026069,9.413917202296773,92,0.47619374333918596,True,,,,,,,7.5,4.0,5.510869565217392,4.0,5.0,0.9021739130434783,0.09782608695652174
discounted_lints,corr,z24_a0p5_corr_pruned_top10,4,3143,SOLUSDT,val,2000.0,-3.645990939843391,7.959342516883517,137,0.8044649174919206,True,0.4945,0.274,0.274,0.726,0.726,0.721,10.0,4.0,7.218978102189781,4.0,8.0,0.7737226277372263,0.22627737226277372
discounted_lints,corr,z24_a0p5_corr_pruned_top10,4,3143,SOLUSDT,val_first,,0.22536386643636774,4.500594906230826,55,0.9554730762265238,True,,,,,,,16.0,6.0,9.89090909090909,4.0,15.0,0.5818181818181818,0.41818181818181815
discounted_lints,corr,z24_a0p5_corr_pruned_top10,4,3143,SOLUSDT,val_second,,-3.862649789367545,7.959342516883517,82,0.7166922292537687,True,,,,,,,7.0,4.0,5.426829268292683,4.0,5.0,0.9024390243902439,0.0975609756097561
discounted_lints,corr,z24_a0p5_corr_pruned_top10,5,3142,BTCUSDT,val,2000.0,-5.6297112322506,6.798645022375216,146,0.6588922546085804,True,0.487,0.2915,0.2915,0.7085,0.7085,0.707,10.0,4.0,6.671232876712328,4.0,6.0,0.821917808219178,0.1780821917808219
discounted_lints,corr,z24_a0p5_corr_pruned_top10,5,3142,BTCUSDT,val_first,,-1.63023595786852,3.7266610647543885,74,0.7766984818683377,True,,,,,,,11.0,4.0,6.581081081081081,4.0,6.0,0.8108108108108109,0.1891891891891892
discounted_lints,corr,z24_a0p5_corr_pruned_top10,5,3142,BTCUSDT,val_second,,-4.065756702099144,5.677564856731876,72,0.5568722145750573,True,,,,,,,10.0,4.0,6.763888888888889,4.0,6.25,0.8333333333333334,0.16666666666666666
discounted_lints,corr,z24_a0p5_corr_pruned_top10,5,3142,ETHUSDT,val,2000.0,-4.75620860486795,8.004576628593984,177,0.7535460447923629,True,0.4905,0.3545,0.35450000000000004,0.6455,0.6455,0.642,7.0,4.0,5.531073446327683,4.0,5.0,0.8983050847457628,0.1016949152542373
discounted_lints,corr,z24_a0p5_corr_pruned_top10,5,3142,ETHUSDT,val_first,,-1.1871747397881105,4.423992810196797,86,0.8388933204621787,True,,,,,,,7.0,4.0,5.6395348837209305,4.0,4.75,0.872093023255814,0.12790697674418605
discounted_lints,corr,z24_a0p5_corr_pruned_top10,5,3142,ETHUSDT,val_second,,-3.6119135908534328,7.7437583517111275,91,0.6942113158758936,True,,,,,,,7.0,4.0,5.428571428571429,4.0,5.0,0.9230769230769231,0.07692307692307693
discounted_lints,corr,z24_a0p5_corr_pruned_top10,5,3142,SOLUSDT,val,2000.0,-7.617777007027826,11.469300921117442,169,0.7171044168037984,True,0.5435,0.338,0.33799999999999997,0.662,0.662,0.6575,9.0,4.0,6.431952662721893,4.0,7.0,0.8284023668639053,0.17159763313609466
discounted_lints,corr,z24_a0p5_corr_pruned_top10,5,3142,SOLUSDT,val_first,,-0.929799484009719,6.442004546816349,79,0.8721996967581522,True,,,,,,,11.0,5.0,7.050632911392405,4.0,9.0,0.7721518987341772,0.22784810126582278
discounted_lints,corr,z24_a0p5_corr_pruned_top10,5,3142,SOLUSDT,val_second,,-6.750745923784263,11.469300921117442,90,0.6243802679877892,True,,,,,,,9.0,4.0,5.888888888888889,4.0,5.75,0.8777777777777778,0.12222222222222222
discounted_lints,corr,z24_a0p5_corr_pruned_top10,5,3143,BTCUSDT,val,2000.0,-5.464792292183263,6.06162000097007,132,0.6285743981604303,True,0.5195,0.2635,0.26349999999999996,0.7365,0.7365,0.733,12.0,4.5,7.871212121212121,4.0,9.0,0.7651515151515151,0.23484848484848486
discounted_lints,corr,z24_a0p5_corr_pruned_top10,5,3143,BTCUSDT,val_first,,-2.507303059714505,4.329108273229332,68,0.6623977073597807,True,,,,,,,12.0,4.0,7.279411764705882,4.0,9.25,0.75,0.25
discounted_lints,corr,z24_a0p5_corr_pruned_top10,5,3143,BTCUSDT,val_second,,-3.0335495122062572,4.560179538056808,63,0.547929959038145,True,,,,,,,12.0,5.0,8.317460317460318,4.0,9.0,0.7936507936507936,0.20634920634920634
discounted_lints,corr,z24_a0p5_corr_pruned_top10,5,3143,ETHUSDT,val,2000.0,-9.075020626851881,11.27205594173244,171,0.6156443231628039,True,0.5305,0.3415,0.3415,0.6585,0.6585,0.6555,9.0,4.0,6.204678362573099,4.0,6.0,0.8538011695906432,0.14619883040935672
discounted_lints,corr,z24_a0p5_corr_pruned_top10,5,3143,ETHUSDT,val_first,,-3.3883815984270482,5.889387624182363,88,0.6668139275198964,True,,,,,,,8.0,4.0,5.8977272727272725,4.0,5.0,0.875,0.125
discounted_lints,corr,z24_a0p5_corr_pruned_top10,5,3143,ETHUSDT,val_second,,-5.886081945949728,8.783879458489995,83,0.5795159475893205,True,,,,,,,9.0,4.0,6.530120481927711,4.0,7.0,0.8313253012048193,0.1686746987951807
discounted_lints,corr,z24_a0p5_corr_pruned_top10,5,3143,SOLUSDT,val,2000.0,-7.195898095484409,10.463361658536474,159,0.7088453092387506,True,0.531,0.318,0.31799999999999995,0.682,0.682,0.6775,9.0,4.0,6.679245283018868,4.0,7.0,0.7987421383647799,0.20125786163522014
discounted_lints,corr,z24_a0p5_corr_pruned_top10,5,3143,SOLUSDT,val_first,,-1.1074072483663877,6.214312969167979,66,0.8507365042554641,True,,,,,,,12.0,5.0,8.257575757575758,4.0,11.75,0.6818181818181818,0.3181818181818182
discounted_lints,corr,z24_a0p5_corr_pruned_top10,5,3143,SOLUSDT,val_second,,-6.156670259833441,10.109753288717982,93,0.6151736378855217,True,,,,,,,8.0,4.0,5.559139784946237,4.0,5.0,0.8817204301075269,0.11827956989247312
discounted_lints,corr,z24_a0p5_corr_pruned_top10,6,3142,BTCUSDT,val,2000.0,-2.025316390898013,4.0132201854521155,155,0.8399277102410116,True,0.5455,0.3095,0.3095,0.6905,0.6905,0.689,10.0,4.0,7.038709677419355,4.0,7.0,0.8387096774193549,0.16129032258064516
discounted_lints,corr,z24_a0p5_corr_pruned_top10,6,3142,BTCUSDT,val_first,,0.23088680640710457,4.0132201854521155,80,0.9922060440628824,True,,,,,,,9.0,4.0,6.85,4.0,7.25,0.825,0.175
discounted_lints,corr,z24_a0p5_corr_pruned_top10,6,3142,BTCUSDT,val_second,,-2.2510059216206635,3.0281717813214426,75,0.6728731658927815,True,,,,,,,11.0,4.0,7.24,4.0,6.0,0.8533333333333334,0.14666666666666667
discounted_lints,corr,z24_a0p5_corr_pruned_top10,6,3142,ETHUSDT,val,2000.0,-9.618992048126584,10.792091630979971,186,0.6268936866488336,True,0.5455,0.372,0.372,0.628,0.628,0.6255,8.0,4.0,5.865591397849462,4.0,6.0,0.8763440860215054,0.12365591397849462
discounted_lints,corr,z24_a0p5_corr_pruned_top10,6,3142,ETHUSDT,val_first,,-3.7047430490213196,5.325764222115936,87,0.6431542575091006,True,,,,,,,8.0,4.0,6.126436781609195,4.0,6.0,0.8620689655172413,0.13793103448275862
discounted_lints,corr,z24_a0p5_corr_pruned_top10,6,3142,ETHUSDT,val_second,,-6.141786403992933,7.50200775526193,98,0.620440083207971,True,,,,,,,8.0,4.0,5.653061224489796,4.0,5.0,0.8877551020408163,0.11224489795918367
discounted_lints,corr,z24_a0p5_corr_pruned_top10,6,3142,SOLUSDT,val,2000.0,-6.7897139901380354,10.356498750714104,176,0.7234035204117816,True,0.5065,0.3525,0.35250000000000004,0.6475,0.6475,0.645,8.0,4.0,5.744318181818182,4.0,5.0,0.8693181818181818,0.13068181818181818
discounted_lints,corr,z24_a0p5_corr_pruned_top10,6,3142,SOLUSDT,val_first,,-2.308815467352654,5.376835434009653,76,0.7522935868847392,True,,,,,,,10.0,4.0,6.828947368421052,4.0,8.0,0.7763157894736842,0.2236842105263158
discounted_lints,corr,z24_a0p5_corr_pruned_top10,6,3142,SOLUSDT,val_second,,-4.586799253404394,9.419449364347198,100,0.7038308635500711,True,,,,,,,7.0,4.0,4.92,4.0,4.0,0.94,0.06
discounted_lints,corr,z24_a0p5_corr_pruned_top10,6,3143,BTCUSDT,val,2000.0,-5.690926841530652,7.374608993401244,162,0.6527228610231461,True,0.5065,0.3235,0.3235,0.6765,0.6765,0.675,9.0,4.0,6.253086419753086,4.0,6.0,0.8395061728395061,0.16049382716049382
discounted_lints,corr,z24_a0p5_corr_pruned_top10,6,3143,BTCUSDT,val_first,,-1.798039744597868,4.434649002869073,85,0.7718597260827597,True,,,,,,,9.0,4.0,6.011764705882353,4.0,7.0,0.8352941176470589,0.16470588235294117
discounted_lints,corr,z24_a0p5_corr_pruned_top10,6,3143,BTCUSDT,val_second,,-3.964164347440946,5.6437787197517135,77,0.533415145787427,True,,,,,,,9.0,4.0,6.51948051948052,4.0,6.0,0.8441558441558441,0.15584415584415584
discounted_lints,corr,z24_a0p5_corr_pruned_top10,6,3143,ETHUSDT,val,2000.0,-6.635960420391451,8.966024665067195,167,0.6883964285336107,True,0.5225,0.334,0.33399999999999996,0.666,0.666,0.664,8.0,4.0,6.25748502994012,4.0,6.0,0.8502994011976048,0.1497005988023952
discounted_lints,corr,z24_a0p5_corr_pruned_top10,6,3143,ETHUSDT,val_first,,-0.275857874583596,3.449827264455718,78,0.922382675665885,True,,,,,,,8.0,4.0,6.410256410256411,4.0,6.75,0.8205128205128205,0.1794871794871795
discounted_lints,corr,z24_a0p5_corr_pruned_top10,6,3143,ETHUSDT,val_second,,-6.377695922226323,8.966024665067195,89,0.5462406755674668,True,,,,,,,8.0,4.0,6.123595505617978,4.0,5.0,0.8764044943820225,0.12359550561797752
discounted_lints,corr,z24_a0p5_corr_pruned_top10,6,3143,SOLUSDT,val,2000.0,-4.417197347290303,7.145248423916428,181,0.8135960812021656,True,0.5225,0.362,0.362,0.638,0.638,0.635,8.0,4.0,5.773480662983426,4.0,5.0,0.8839779005524862,0.11602209944751381
discounted_lints,corr,z24_a0p5_corr_pruned_top10,6,3143,SOLUSDT,val_first,,1.478926690412874,3.23164980414119,76,1.0538495819658016,True,,,,,,,10.0,5.0,7.157894736842105,4.0,8.0,0.7763157894736842,0.2236842105263158
discounted_lints,corr,z24_a0p5_corr_pruned_top10,6,3143,SOLUSDT,val_second,,-5.810195505605609,6.729656825225017,105,0.6645689455676101,True,,,,,,,7.0,4.0,4.771428571428571,4.0,4.0,0.9619047619047619,0.0380952380952381
discounted_lints,corr,z24_a0p5_corr_pruned_top10,7,3142,BTCUSDT,val,2000.0,-3.8604074981641756,4.404969254702406,154,0.729696358752968,True,0.5015,0.308,0.30800000000000005,0.692,0.692,0.689,9.0,4.0,6.512987012987013,4.0,7.0,0.8246753246753247,0.17532467532467533
discounted_lints,corr,z24_a0p5_corr_pruned_top10,7,3142,BTCUSDT,val_first,,-1.6672018248715226,4.404969254702406,71,0.7682820964759425,True,,,,,,,9.0,4.0,6.887323943661972,4.0,7.0,0.7887323943661971,0.2112676056338028
discounted_lints,corr,z24_a0p5_corr_pruned_top10,7,3142,BTCUSDT,val_second,,-2.230390789232506,2.757927483062028,83,0.6888928946918734,True,,,,,,,8.5,4.0,6.192771084337349,4.0,6.0,0.8554216867469879,0.14457831325301204
discounted_lints,corr,z24_a0p5_corr_pruned_top10,7,3142,ETHUSDT,val,2000.0,-10.303328216587648,11.683482567103809,180,0.5858673998265304,True,0.5355,0.36,0.36,0.64,0.64,0.638,8.0,4.0,5.95,4.0,5.25,0.85,0.15
discounted_lints,corr,z24_a0p5_corr_pruned_top10,7,3142,ETHUSDT,val_first,,-2.662902639875897,5.187011528355656,91,0.7266722305039984,True,,,,,,,7.0,4.0,5.868131868131868,4.0,5.5,0.8351648351648352,0.16483516483516483
discounted_lints,corr,z24_a0p5_corr_pruned_top10,7,3142,ETHUSDT,val_second,,-7.8494487548195435,9.621354272406268,89,0.4937322706761821,True,,,,,,,8.0,4.0,6.033707865168539,4.0,5.0,0.8651685393258427,0.1348314606741573
discounted_lints,corr,z24_a0p5_corr_pruned_top10,7,3142,SOLUSDT,val,2000.0,-6.908810948244493,9.497737753335045,149,0.7104416722173298,True,0.492,0.2985,0.2985,0.7015,0.7015,0.699,9.0,4.0,6.590604026845638,4.0,7.0,0.8053691275167785,0.19463087248322147
discounted_lints,corr,z24_a0p5_corr_pruned_top10,7,3142,SOLUSDT,val_first,,-0.9332542309335445,5.117592905088175,63,0.8602017359134444,True,,,,,,,14.5,5.0,8.317460317460318,4.0,13.0,0.6825396825396826,0.31746031746031744
discounted_lints,corr,z24_a0p5_corr_pruned_top10,7,3142,SOLUSDT,val_second,,-6.031849205222217,9.352670160974498,86,0.6081367791623771,True,,,,,,,7.0,4.0,5.325581395348837,4.0,4.75,0.8953488372093024,0.10465116279069768
discounted_lints,corr,z24_a0p5_corr_pruned_top10,7,3143,BTCUSDT,val,2000.0,-4.951869959253297,5.879049806939829,148,0.6770104148904852,True,0.4935,0.296,0.29600000000000004,0.704,0.704,0.701,9.0,4.0,6.668918918918919,4.0,7.0,0.8513513513513513,0.14864864864864866
discounted_lints,corr,z24_a0p5_corr_pruned_top10,7,3143,BTCUSDT,val_first,,-1.8885625330499756,4.7262939849044505,69,0.7456591327518421,True,,,,,,,10.0,4.0,6.956521739130435,4.0,8.0,0.8115942028985508,0.18840579710144928
discounted_lints,corr,z24_a0p5_corr_pruned_top10,7,3143,BTCUSDT,val_second,,-3.122273513967455,4.875279652451637,79,0.6085245996029157,True,,,,,,,8.0,4.0,6.417721518987341,4.0,6.0,0.8860759493670886,0.11392405063291139
discounted_lints,corr,z24_a0p5_corr_pruned_top10,7,3143,ETHUSDT,val,2000.0,-9.214498239877035,11.484820136730978,175,0.6134839360319406,True,0.5465,0.35,0.35,0.65,0.65,0.6475,8.0,4.0,6.2457142857142856,4.0,6.0,0.8514285714285714,0.14857142857142858
discounted_lints,corr,z24_a0p5_corr_pruned_top10,7,3143,ETHUSDT,val_first,,-0.7976605373615553,3.6377893989296473,85,0.8692637481414351,True,,,,,,,7.5,4.0,6.564705882352941,4.0,6.0,0.8117647058823529,0.18823529411764706
discounted_lints,corr,z24_a0p5_corr_pruned_top10,7,3143,ETHUSDT,val_second,,-8.484515333114118,11.191271257173408,90,0.474172115302605,True,,,,,,,8.0,4.0,5.944444444444445,4.0,5.0,0.8888888888888888,0.1111111111111111
discounted_lints,corr,z24_a0p5_corr_pruned_top10,7,3143,SOLUSDT,val,2000.0,-7.295909348832774,8.064489415768982,162,0.699797813519294,True,0.4825,0.324,0.32399999999999995,0.676,0.676,0.671,9.0,4.0,5.95679012345679,4.0,6.0,0.845679012345679,0.15432098765432098
discounted_lints,corr,z24_a0p5_corr_pruned_top10,7,3143,SOLUSDT,val_first,,-1.7975091344339056,4.611464609549076,71,0.7945370931744481,True,,,,,,,11.0,4.0,7.267605633802817,4.0,10.0,0.7323943661971831,0.2676056338028169
discounted_lints,corr,z24_a0p5_corr_pruned_top10,7,3143,SOLUSDT,val_second,,-5.5990435333518,7.801057828543579,91,0.6361194589978084,True,,,,,,,7.0,4.0,4.934065934065934,4.0,4.0,0.9340659340659341,0.06593406593406594
discounted_lints,corr,z24_a0p5_corr_pruned_top10,8,3142,BTCUSDT,val,2000.0,-3.2025092918528397,5.308032130850804,146,0.7731846890949556,True,0.4605,0.2935,0.2935,0.7065,0.7065,0.705,9.0,4.0,6.280821917808219,4.0,6.0,0.8424657534246576,0.15753424657534246
discounted_lints,corr,z24_a0p5_corr_pruned_top10,8,3142,BTCUSDT,val_first,,0.506931938264632,2.0124689270632823,69,1.0420353490231646,True,,,,,,,8.0,4.0,6.463768115942029,4.0,6.0,0.8115942028985508,0.18840579710144928
discounted_lints,corr,z24_a0p5_corr_pruned_top10,8,3142,BTCUSDT,val_second,,-3.6907317322112165,5.056088472175246,76,0.5653031443261629,True,,,,,,,9.0,4.0,6.144736842105263,4.0,6.0,0.868421052631579,0.13157894736842105
discounted_lints,corr,z24_a0p5_corr_pruned_top10,8,3142,ETHUSDT,val,2000.0,-7.981642343264572,11.422621584918991,178,0.6462643008702915,True,0.5305,0.356,0.356,0.644,0.644,0.6415,7.0,4.0,5.96067415730337,4.0,5.0,0.8595505617977528,0.1404494382022472
discounted_lints,corr,z24_a0p5_corr_pruned_top10,8,3142,ETHUSDT,val_first,,-4.8591652789328315,6.733180133339978,89,0.557897582598089,True,,,,,,,7.0,4.0,5.786516853932584,4.0,4.0,0.8539325842696629,0.14606741573033707
discounted_lints,corr,z24_a0p5_corr_pruned_top10,8,3142,ETHUSDT,val_second,,-3.2819525637820757,7.912236770703995,89,0.7215094827470684,True,,,,,,,8.0,4.0,6.134831460674158,4.0,6.0,0.8651685393258427,0.1348314606741573
discounted_lints,corr,z24_a0p5_corr_pruned_top10,8,3142,SOLUSDT,val,2000.0,-10.995576806308671,13.296387792666774,164,0.6319229540551077,True,0.523,0.328,0.32799999999999996,0.672,0.672,0.6685,9.0,4.0,6.378048780487805,4.0,6.25,0.8414634146341463,0.15853658536585366
discounted_lints,corr,z24_a0p5_corr_pruned_top10,8,3142,SOLUSDT,val_first,,-1.096867294946302,5.780673107903233,73,0.8567617888449798,True,,,,,,,11.0,4.0,7.534246575342466,4.0,10.0,0.7123287671232876,0.2876712328767123
discounted_lints,corr,z24_a0p5_corr_pruned_top10,8,3142,SOLUSDT,val_second,,-10.008489357846774,12.657558360544897,91,0.48979083401533174,True,,,,,,,8.0,4.0,5.450549450549451,4.0,5.0,0.945054945054945,0.054945054945054944
discounted_lints,corr,z24_a0p5_corr_pruned_top10,8,3143,BTCUSDT,val,2000.0,-4.024878521501851,5.713010950106156,154,0.7297540740618133,True,0.468,0.308,0.30800000000000005,0.692,0.692,0.689,9.0,4.0,6.077922077922078,4.0,5.75,0.8571428571428571,0.14285714285714285
discounted_lints,corr,z24_a0p5_corr_pruned_top10,8,3143,BTCUSDT,val_first,,0.4931103327452835,2.321263505502591,73,1.029111381181658,True,,,,,,,8.0,4.0,6.109589041095891,4.0,6.0,0.8082191780821918,0.1917808219178082
discounted_lints,corr,z24_a0p5_corr_pruned_top10,8,3143,BTCUSDT,val_second,,-4.4958195037326565,5.655161413150478,81,0.5174966985828596,True,,,,,,,9.0,4.0,6.049382716049383,4.0,5.0,0.9012345679012346,0.09876543209876543
discounted_lints,corr,z24_a0p5_corr_pruned_top10,8,3143,ETHUSDT,val,2000.0,-5.150568377366261,8.787141562091039,161,0.7371791093452253,True,0.5285,0.322,0.32199999999999995,0.678,0.678,0.6755,9.0,4.0,6.565217391304348,4.0,7.0,0.8260869565217391,0.17391304347826086
discounted_lints,corr,z24_a0p5_corr_pruned_top10,8,3143,ETHUSDT,val_first,,-1.4754188534442103,4.192714819389343,78,0.811543649579854,True,,,,,,,9.0,4.0,6.730769230769231,4.0,7.75,0.8076923076923077,0.19230769230769232
discounted_lints,corr,z24_a0p5_corr_pruned_top10,8,3143,ETHUSDT,val_second,,-3.730185382321227,7.954874362393682,83,0.6838318857571113,True,,,,,,,9.0,4.0,6.409638554216867,4.0,6.5,0.8433734939759037,0.1566265060240964
discounted_lints,corr,z24_a0p5_corr_pruned_top10,8,3143,SOLUSDT,val,2000.0,-6.706690383760272,10.362823317398629,168,0.7380387496015658,True,0.5075,0.3365,0.3365,0.6635,0.6635,0.659,8.0,4.0,6.029761904761905,4.0,5.0,0.8809523809523809,0.11904761904761904
discounted_lints,corr,z24_a0p5_corr_pruned_top10,8,3143,SOLUSDT,val_first,,-2.6858514786106458,7.129915785992125,78,0.7491463924364908,True,,,,,,,9.0,4.0,7.0256410256410255,4.0,7.75,0.8205128205128205,0.1794871794871795
discounted_lints,corr,z24_a0p5_corr_pruned_top10,8,3143,SOLUSDT,val_second,,-4.131813273036922,8.800534794624715,90,0.7297630630287668,True,,,,,,,7.0,4.0,5.166666666666667,4.0,4.0,0.9333333333333333,0.06666666666666667
discounted_lints,corr,z24_a0p5_corr_pruned_top10,9,3142,BTCUSDT,val,2000.0,-5.5054123575965725,6.592610815792965,173,0.6495736560738754,True,0.4545,0.3455,0.34550000000000003,0.6545,0.6545,0.653,8.0,4.0,5.254335260115607,4.0,5.0,0.930635838150289,0.06936416184971098
discounted_lints,corr,z24_a0p5_corr_pruned_top10,9,3142,BTCUSDT,val_first,,0.06922587825466398,2.1055468192913707,78,0.9904627895314163,True,,,,,,,8.0,4.0,5.576923076923077,4.0,5.75,0.9102564102564102,0.08974358974358974
discounted_lints,corr,z24_a0p5_corr_pruned_top10,9,3142,BTCUSDT,val_second,,-5.570781813215375,6.45882366193703,94,0.4553656768802001,True,,,,,,,7.0,4.0,5.0,4.0,5.0,0.9468085106382979,0.05319148936170213
discounted_lints,corr,z24_a0p5_corr_pruned_top10,9,3142,ETHUSDT,val,2000.0,-6.795615852664216,9.768731121398023,177,0.6806661007976843,True,0.513,0.354,0.354,0.646,0.646,0.6435,9.0,4.0,5.796610169491525,4.0,6.0,0.8757062146892656,0.12429378531073447
discounted_lints,corr,z24_a0p5_corr_pruned_top10,9,3142,ETHUSDT,val_first,,-2.2493827708198078,4.716317637022893,94,0.7546986267993915,True,,,,,,,7.0,4.0,5.382978723404255,4.0,5.0,0.9148936170212766,0.0851063829787234
discounted_lints,corr,z24_a0p5_corr_pruned_top10,9,3142,ETHUSDT,val_second,,-4.650848465934065,7.910014554652123,83,0.6269576684572171,True,,,,,,,10.0,4.0,6.265060240963855,4.0,7.0,0.8313253012048193,0.1686746987951807
discounted_lints,corr,z24_a0p5_corr_pruned_top10,9,3142,SOLUSDT,val,2000.0,-10.122269406544893,12.242844651343965,167,0.6530087043096552,True,0.5145,0.334,0.33399999999999996,0.666,0.666,0.661,8.0,4.0,6.155688622754491,4.0,6.0,0.8562874251497006,0.1437125748502994
discounted_lints,corr,z24_a0p5_corr_pruned_top10,9,3142,SOLUSDT,val_first,,-0.21830308654152697,4.1109280627350415,68,0.9179082494082926,True,,,,,,,11.0,5.0,7.823529411764706,4.0,12.0,0.7352941176470589,0.2647058823529412
discounted_lints,corr,z24_a0p5_corr_pruned_top10,9,3142,SOLUSDT,val_second,,-9.925634286008545,12.242844651343965,99,0.5125648914000016,True,,,,,,,8.0,4.0,5.01010101010101,4.0,5.0,0.9393939393939394,0.06060606060606061
discounted_lints,corr,z24_a0p5_corr_pruned_top10,9,3143,BTCUSDT,val,2000.0,-5.827105431132306,7.6699297264269495,170,0.6560296887200039,True,0.468,0.3415,0.3415,0.6585,0.6585,0.657,9.0,4.0,5.482352941176471,4.0,5.0,0.9117647058823529,0.08823529411764706
discounted_lints,corr,z24_a0p5_corr_pruned_top10,9,3143,BTCUSDT,val_first,,-2.6948944139546738,4.249695224558936,86,0.6675272448955576,True,,,,,,,9.0,4.0,5.406976744186046,4.0,5.0,0.8953488372093024,0.10465116279069768
discounted_lints,corr,z24_a0p5_corr_pruned_top10,9,3143,BTCUSDT,val_second,,-3.2189585513659136,5.752828072161453,83,0.6517972995961617,True,,,,,,,9.0,4.0,5.578313253012048,4.0,5.0,0.927710843373494,0.07228915662650602
discounted_lints,corr,z24_a0p5_corr_pruned_top10,9,3143,ETHUSDT,val,2000.0,-9.373250025218027,11.841516866545465,190,0.6256803977332881,True,0.5235,0.38,0.38,0.62,0.62,0.618,8.0,4.0,5.505263157894737,4.0,5.0,0.8894736842105263,0.11052631578947368
discounted_lints,corr,z24_a0p5_corr_pruned_top10,9,3143,ETHUSDT,val_first,,-3.1736856505625854,6.0363049675671965,88,0.6900092152681796,True,,,,,,,8.0,4.0,5.965909090909091,4.0,5.0,0.8636363636363636,0.13636363636363635
discounted_lints,corr,z24_a0p5_corr_pruned_top10,9,3143,ETHUSDT,val_second,,-6.402768107316126,9.251809997963068,102,0.5817245906699834,True,,,,,,,7.0,4.0,5.107843137254902,4.0,4.0,0.9117647058823529,0.08823529411764706
discounted_lints,corr,z24_a0p5_corr_pruned_top10,9,3143,SOLUSDT,val,2000.0,-5.76245621551773,8.137649694956329,196,0.7769103581257263,True,0.5015,0.3925,0.39249999999999996,0.6075,0.6075,0.605,7.0,4.0,5.107142857142857,4.0,4.0,0.9285714285714286,0.07142857142857142
discounted_lints,corr,z24_a0p5_corr_pruned_top10,9,3143,SOLUSDT,val_first,,-3.5040880454034307,4.891391138339829,83,0.6776221705782195,True,,,,,,,10.0,4.0,5.975903614457831,4.0,7.0,0.8674698795180723,0.13253012048192772
discounted_lints,corr,z24_a0p5_corr_pruned_top10,9,3143,SOLUSDT,val_second,,-2.3403770422698367,5.498882743902945,113,0.8400575934715019,True,,,,,,,6.0,4.0,4.469026548672566,4.0,4.0,0.9734513274336283,0.02654867256637168
discounted_lints,corr,z24_a0p5_corr_pruned_top10,10,3142,BTCUSDT,val,2000.0,-4.132745556793138,5.646094053110529,190,0.7615302058419072,True,0.579,0.3795,0.37949999999999995,0.6205,0.6205,0.619,8.0,4.0,6.094736842105263,4.0,6.75,0.8736842105263158,0.12631578947368421
discounted_lints,corr,z24_a0p5_corr_pruned_top10,10,3142,BTCUSDT,val_first,,-1.2598939015625255,4.584093003042222,90,0.835831251269925,True,,,,,,,9.0,5.0,6.533333333333333,4.0,7.0,0.8333333333333334,0.16666666666666666
discounted_lints,corr,z24_a0p5_corr_pruned_top10,10,3142,BTCUSDT,val_second,,-2.9095083737975425,4.8768074630798015,100,0.6875589676675479,True,,,,,,,8.0,4.0,5.7,4.0,6.0,0.91,0.09
discounted_lints,corr,z24_a0p5_corr_pruned_top10,10,3142,ETHUSDT,val,2000.0,-8.239273525678536,11.212578707714115,190,0.6589646231004844,True,0.561,0.381,0.381,0.619,0.619,0.617,8.0,4.0,5.889473684210526,4.0,5.0,0.8631578947368421,0.1368421052631579
discounted_lints,corr,z24_a0p5_corr_pruned_top10,10,3142,ETHUSDT,val_first,,-2.102748580085101,5.218978083672332,88,0.7610614754018954,True,,,,,,,9.0,4.0,6.465909090909091,4.0,7.25,0.7954545454545454,0.20454545454545456
discounted_lints,corr,z24_a0p5_corr_pruned_top10,10,3142,ETHUSDT,val_second,,-6.268332212180072,9.474462364629865,102,0.5968724647003536,True,,,,,,,7.0,4.0,5.392156862745098,4.0,4.0,0.9215686274509803,0.0784313725490196
discounted_lints,corr,z24_a0p5_corr_pruned_top10,10,3142,SOLUSDT,val,2000.0,-9.30160865919346,12.331060011566997,204,0.7021771374903768,True,0.523,0.4085,0.4085,0.5915,0.5915,0.588,7.0,4.0,5.117647058823529,4.0,4.0,0.9117647058823529,0.08823529411764706
discounted_lints,corr,z24_a0p5_corr_pruned_top10,10,3142,SOLUSDT,val_first,,-1.6892260625505973,5.2614488785623355,85,0.8322006606695098,True,,,,,,,9.0,4.0,6.117647058823529,4.0,7.0,0.8352941176470589,0.16470588235294117
discounted_lints,corr,z24_a0p5_corr_pruned_top10,10,3142,SOLUSDT,val_second,,-7.743182452704788,9.409763710265151,119,0.6214084258209366,True,,,,,,,6.0,4.0,4.4033613445378155,4.0,4.0,0.9663865546218487,0.03361344537815126
discounted_lints,corr,z24_a0p5_corr_pruned_top10,10,3143,BTCUSDT,val,2000.0,-4.388793627006993,4.8262785347583765,201,0.7749728082073681,True,0.5235,0.4035,0.40349999999999997,0.5965,0.5965,0.593,7.0,4.0,5.189054726368159,4.0,5.0,0.9402985074626866,0.05970149253731343
discounted_lints,corr,z24_a0p5_corr_pruned_top10,10,3143,BTCUSDT,val_first,,-2.014259904168625,4.051644822668399,97,0.7857207317515563,True,,,,,,,7.0,4.0,5.505154639175258,4.0,5.0,0.9072164948453608,0.09278350515463918
discounted_lints,corr,z24_a0p5_corr_pruned_top10,10,3143,BTCUSDT,val_second,,-2.4233462139654605,3.450409428446788,104,0.7640993500351894,True,,,,,,,7.0,4.0,4.894230769230769,4.0,5.0,0.9711538461538461,0.028846153846153848
discounted_lints,corr,z24_a0p5_corr_pruned_top10,10,3143,ETHUSDT,val,2000.0,-6.700774579434265,9.233895926030966,220,0.724564775236781,True,0.546,0.44,0.43999999999999995,0.56,0.56,0.558,7.0,4.0,4.963636363636364,4.0,5.0,0.9454545454545454,0.05454545454545454
discounted_lints,corr,z24_a0p5_corr_pruned_top10,10,3143,ETHUSDT,val_first,,-3.6147967297185724,5.705587856418637,108,0.6913264707487943,True,,,,,,,7.0,4.0,5.175925925925926,4.0,5.0,0.9259259259259259,0.07407407407407407
discounted_lints,corr,z24_a0p5_corr_pruned_top10,10,3143,ETHUSDT,val_second,,-3.201713276530682,6.399131181044904,111,0.7600944409559409,True,,,,,,,7.0,4.0,4.7657657657657655,4.0,5.0,0.963963963963964,0.036036036036036036
discounted_lints,corr,z24_a0p5_corr_pruned_top10,10,3143,SOLUSDT,val,2000.0,-8.396773382650135,11.78135338366605,202,0.7156038843563688,True,0.5095,0.404,0.404,0.596,0.596,0.593,7.0,4.0,5.044554455445544,4.0,5.0,0.9504950495049505,0.04950495049504951
discounted_lints,corr,z24_a0p5_corr_pruned_top10,10,3143,SOLUSDT,val_first,,-0.650149085053997,5.000322999806361,91,0.9102959266686742,True,,,,,,,8.0,4.0,5.604395604395604,4.0,5.0,0.9120879120879121,0.08791208791208792
discounted_lints,corr,z24_a0p5_corr_pruned_top10,10,3143,SOLUSDT,val_second,,-7.7973184924334475,10.111385031485188,111,0.5986157999529593,True,,,,,,,7.0,4.0,4.585585585585585,4.0,4.0,0.9819819819819819,0.018018018018018018
discounted_lints,corr,z24_a0p5_corr_pruned_top10,11,3142,BTCUSDT,val,2000.0,-7.922440453026713,8.557738204708798,184,0.6138935275522868,True,0.55,0.3685,0.36850000000000005,0.6315,0.6315,0.629,8.0,5.0,5.967391304347826,4.0,6.0,0.8967391304347826,0.10326086956521739
discounted_lints,corr,z24_a0p5_corr_pruned_top10,11,3142,BTCUSDT,val_first,,-0.28483776347435485,2.0329001672161118,91,0.9372270006557692,True,,,,,,,8.5,5.0,5.945054945054945,4.0,6.0,0.9010989010989011,0.0989010989010989
discounted_lints,corr,z24_a0p5_corr_pruned_top10,11,3142,BTCUSDT,val_second,,-7.659419609061924,8.318749950519278,93,0.40505480331432486,True,,,,,,,8.0,4.0,5.989247311827957,4.0,6.0,0.8924731182795699,0.10752688172043011
discounted_lints,corr,z24_a0p5_corr_pruned_top10,11,3142,ETHUSDT,val,2000.0,-7.502949198362641,10.237653314670336,211,0.7028041458985494,True,0.5395,0.422,0.42200000000000004,0.578,0.578,0.5745,7.5,4.0,5.113744075829384,4.0,5.0,0.933649289099526,0.06635071090047394
discounted_lints,corr,z24_a0p5_corr_pruned_top10,11,3142,ETHUSDT,val_first,,-3.3519121959057596,5.849216546757519,107,0.7129964147940852,True,,,,,,,8.0,4.0,5.065420560747664,4.0,5.0,0.9439252336448598,0.056074766355140186
discounted_lints,corr,z24_a0p5_corr_pruned_top10,11,3142,ETHUSDT,val_second,,-4.295001687846167,7.434387117686159,103,0.6991397817833653,True,,,,,,,7.0,4.0,5.174757281553398,4.0,5.0,0.9223300970873787,0.07766990291262135
discounted_lints,corr,z24_a0p5_corr_pruned_top10,11,3142,SOLUSDT,val,2000.0,-10.84449741016914,12.460428888037189,220,0.6694497751702455,True,0.547,0.4405,0.4405,0.5595,0.5595,0.555,7.0,4.0,4.963636363636364,4.0,5.0,0.9590909090909091,0.04090909090909091
discounted_lints,corr,z24_a0p5_corr_pruned_top10,11,3142,SOLUSDT,val_first,,-4.446953172920887,6.290380784481142,101,0.6816848878214865,True,,,,,,,8.0,4.0,5.643564356435643,4.0,6.0,0.9207920792079208,0.07920792079207921
discounted_lints,corr,z24_a0p5_corr_pruned_top10,11,3142,SOLUSDT,val_second,,-6.695280213121613,7.594400928149325,119,0.6606485474838493,True,,,,,,,7.0,4.0,4.38655462184874,4.0,4.0,0.9915966386554622,0.008403361344537815
discounted_lints,corr,z24_a0p5_corr_pruned_top10,11,3143,BTCUSDT,val,2000.0,-7.795206243638719,9.22637349297415,175,0.5860241975940663,True,0.629,0.3495,0.34950000000000003,0.6505,0.6505,0.649,9.0,5.0,7.188571428571429,4.0,7.0,0.8342857142857143,0.1657142857142857
discounted_lints,corr,z24_a0p5_corr_pruned_top10,11,3143,BTCUSDT,val_first,,-5.574763560478003,6.334455395154448,89,0.47591371452654463,True,,,,,,,9.0,4.0,6.348314606741573,4.0,6.0,0.8651685393258427,0.1348314606741573
discounted_lints,corr,z24_a0p5_corr_pruned_top10,11,3143,BTCUSDT,val_second,,-2.351535211228062,3.797475554028318,85,0.7069834634701798,True,,,,,,,9.0,5.0,7.929411764705883,4.0,8.0,0.8117647058823529,0.18823529411764706
discounted_lints,corr,z24_a0p5_corr_pruned_top10,11,3143,ETHUSDT,val,2000.0,-7.633681451967034,10.088254551114384,217,0.6883706796621769,True,0.5245,0.434,0.43400000000000005,0.566,0.566,0.5645,7.0,4.0,4.8341013824884795,4.0,5.0,0.9631336405529954,0.03686635944700461
discounted_lints,corr,z24_a0p5_corr_pruned_top10,11,3143,ETHUSDT,val_first,,-2.5088886431355095,4.576295530913055,104,0.7577645350726757,True,,,,,,,7.0,4.0,5.105769230769231,4.0,5.0,0.9423076923076923,0.057692307692307696
discounted_lints,corr,z24_a0p5_corr_pruned_top10,11,3143,ETHUSDT,val_second,,-5.256676980604224,8.07419293184416,113,0.6392256386229651,True,,,,,,,7.0,4.0,4.584070796460177,4.0,5.0,0.9823008849557522,0.017699115044247787
discounted_lints,corr,z24_a0p5_corr_pruned_top10,11,3143,SOLUSDT,val,2000.0,-9.497804751788564,9.497804751789463,194,0.6906773544938628,True,0.5435,0.3885,0.38849999999999996,0.6115,0.6115,0.607,8.0,4.0,5.592783505154639,4.0,5.0,0.9020618556701031,0.0979381443298969
discounted_lints,corr,z24_a0p5_corr_pruned_top10,11,3143,SOLUSDT,val_first,,-1.3142606176680505,5.279303127819257,91,0.8550824630904138,True,,,,,,,9.0,4.0,6.241758241758242,4.0,7.0,0.8461538461538461,0.15384615384615385
discounted_lints,corr,z24_a0p5_corr_pruned_top10,11,3143,SOLUSDT,val_second,,-8.29252958466017,8.548352308548123,103,0.5815119017053494,True,,,,,,,7.0,4.0,5.019417475728155,4.0,5.0,0.9514563106796117,0.04854368932038835
discounted_lints,corr,z24_a0p5_corr_pruned_top10,12,3142,BTCUSDT,val,2000.0,-1.1096009207663404,3.3071678758603174,195,0.9097508247957145,True,0.529,0.39,0.39,0.61,0.61,0.607,8.0,4.0,5.425641025641026,4.0,5.0,0.9128205128205128,0.08717948717948718
discounted_lints,corr,z24_a0p5_corr_pruned_top10,12,3142,BTCUSDT,val_first,,-0.8796141247084277,3.3071678758603174,92,0.8815504126050727,True,,,,,,,8.0,4.0,5.619565217391305,4.0,5.25,0.8695652173913043,0.13043478260869565
discounted_lints,corr,z24_a0p5_corr_pruned_top10,12,3142,BTCUSDT,val_second,,-0.23202774487507405,2.5243248582927036,102,0.9468647758535983,True,,,,,,,8.0,4.0,5.264705882352941,4.0,5.0,0.9509803921568627,0.049019607843137254
discounted_lints,corr,z24_a0p5_corr_pruned_top10,12,3142,ETHUSDT,val,2000.0,-9.435593388896768,10.714299026627295,206,0.6499752939290284,True,0.55,0.412,0.41200000000000003,0.588,0.588,0.5855,7.0,4.0,5.339805825242719,4.0,5.0,0.9271844660194175,0.07281553398058252
discounted_lints,corr,z24_a0p5_corr_pruned_top10,12,3142,ETHUSDT,val_first,,-2.1374847284552967,5.267306474918398,103,0.7891418585973329,True,,,,,,,7.0,4.0,5.349514563106796,4.0,5.0,0.9320388349514563,0.06796116504854369
discounted_lints,corr,z24_a0p5_corr_pruned_top10,12,3142,ETHUSDT,val_second,,-7.457511837081842,9.509350742410183,103,0.5602397898118923,True,,,,,,,7.0,4.0,5.330097087378641,4.0,5.0,0.9223300970873787,0.07766990291262135
discounted_lints,corr,z24_a0p5_corr_pruned_top10,12,3142,SOLUSDT,val,2000.0,-6.588790065706107,7.959341445811918,191,0.7623671179825068,True,0.509,0.3825,0.38249999999999995,0.6175,0.6175,0.613,8.0,4.0,5.319371727748691,4.0,5.0,0.9162303664921466,0.08376963350785341
discounted_lints,corr,z24_a0p5_corr_pruned_top10,12,3142,SOLUSDT,val_first,,-2.166671685560584,5.829780354374092,88,0.8058225934958144,True,,,,,,,8.0,4.0,5.931818181818182,4.0,6.0,0.8522727272727273,0.14772727272727273
discounted_lints,corr,z24_a0p5_corr_pruned_top10,12,3142,SOLUSDT,val_second,,-4.520053090632558,6.431624843655282,103,0.7287493308227234,True,,,,,,,7.0,4.0,4.796116504854369,4.0,4.0,0.970873786407767,0.02912621359223301
discounted_lints,corr,z24_a0p5_corr_pruned_top10,12,3143,BTCUSDT,val,2000.0,-7.337564788846507,7.681858704500799,190,0.6022854937282733,True,0.5575,0.38,0.38,0.62,0.62,0.6175,9.0,4.0,5.868421052631579,4.0,6.0,0.9052631578947369,0.09473684210526316
discounted_lints,corr,z24_a0p5_corr_pruned_top10,12,3143,BTCUSDT,val_first,,-2.6891307961345534,5.54815891189131,101,0.7083208359226548,True,,,,,,,9.0,4.0,5.227722772277228,4.0,6.0,0.9504950495049505,0.04950495049504951
discounted_lints,corr,z24_a0p5_corr_pruned_top10,12,3143,BTCUSDT,val_second,,-4.776890835260684,4.979233110462012,88,0.5015642423390342,True,,,,,,,9.0,5.0,6.5,4.0,7.0,0.8636363636363636,0.13636363636363635
discounted_lints,corr,z24_a0p5_corr_pruned_top10,12,3143,ETHUSDT,val,2000.0,-9.277333322043512,11.832214578229172,195,0.6362402900456285,True,0.56,0.391,0.391,0.609,0.609,0.6055,8.0,4.0,5.728205128205128,4.0,6.0,0.8871794871794871,0.11282051282051282
discounted_lints,corr,z24_a0p5_corr_pruned_top10,12,3143,ETHUSDT,val_first,,-5.006656840891077,7.6132415840688195,96,0.5835070619977737,True,,,,,,,8.0,4.0,5.864583333333333,4.0,6.0,0.875,0.125
discounted_lints,corr,z24_a0p5_corr_pruned_top10,12,3143,ETHUSDT,val_second,,-4.495763954742882,7.184835285326086,99,0.6817674622990428,True,,,,,,,8.0,4.0,5.595959595959596,4.0,5.0,0.898989898989899,0.10101010101010101
discounted_lints,corr,z24_a0p5_corr_pruned_top10,12,3143,SOLUSDT,val,2000.0,-12.402632361395016,16.0434835962452,177,0.5959265494453562,True,0.554,0.354,0.354,0.646,0.646,0.641,9.0,4.0,6.259887005649717,4.0,6.0,0.847457627118644,0.15254237288135594
discounted_lints,corr,z24_a0p5_corr_pruned_top10,12,3143,SOLUSDT,val_first,,-3.8321824801164195,7.028886910355492,81,0.7086594135947673,True,,,,,,,11.0,5.0,7.049382716049383,4.0,9.0,0.7654320987654321,0.2345679012345679
discounted_lints,corr,z24_a0p5_corr_pruned_top10,12,3143,SOLUSDT,val_second,,-8.91197294719368,12.15631480766206,96,0.5109398149389064,True,,,,,,,8.0,4.0,5.59375,4.0,5.25,0.9166666666666666,0.08333333333333333
discounted_lints,corr,z24_a0p5_corr_pruned_top10,13,3142,BTCUSDT,val,2000.0,-7.760076134069527,8.414717793242964,215,0.6482733992657534,True,0.6165,0.4315,0.4315,0.5685,0.5685,0.5655,8.0,4.0,5.706976744186046,4.0,6.0,0.9069767441860465,0.09302325581395349
discounted_lints,corr,z24_a0p5_corr_pruned_top10,13,3142,BTCUSDT,val_first,,-2.4210062860234305,3.9144363820156847,113,0.7608718060548622,True,,,,,,,7.5,5.0,5.31858407079646,4.0,6.0,0.9380530973451328,0.061946902654867256
discounted_lints,corr,z24_a0p5_corr_pruned_top10,13,3142,BTCUSDT,val_second,,-5.471536080496964,6.320649495357166,102,0.5415834137571262,True,,,,,,,8.0,4.0,6.137254901960785,4.0,6.0,0.8725490196078431,0.12745098039215685
discounted_lints,corr,z24_a0p5_corr_pruned_top10,13,3142,ETHUSDT,val,2000.0,-4.794870681590002,8.859658913438828,218,0.7761965998120469,True,0.5815,0.436,0.43600000000000005,0.564,0.564,0.561,8.0,4.0,5.330275229357798,4.0,5.0,0.9357798165137615,0.06422018348623854
discounted_lints,corr,z24_a0p5_corr_pruned_top10,13,3142,ETHUSDT,val_first,,-2.633506860252932,5.708086970984239,108,0.7630862379907121,True,,,,,,,8.0,4.0,5.611111111111111,4.0,6.0,0.9259259259259259,0.07407407407407407
discounted_lints,corr,z24_a0p5_corr_pruned_top10,13,3142,ETHUSDT,val_second,,-2.2198230126609597,6.995690997874371,109,0.7968304999221733,True,,,,,,,8.0,4.0,5.055045871559633,4.0,5.0,0.944954128440367,0.05504587155963303
discounted_lints,corr,z24_a0p5_corr_pruned_top10,13,3142,SOLUSDT,val,2000.0,-12.920060758398355,13.733515748690618,197,0.630871201142407,True,0.576,0.394,0.394,0.606,0.606,0.601,8.0,4.0,5.842639593908629,4.0,6.0,0.8984771573604061,0.10152284263959391
discounted_lints,corr,z24_a0p5_corr_pruned_top10,13,3142,SOLUSDT,val_first,,-4.982758653970554,6.9073946906749395,89,0.6678888249705541,True,,,,,,,9.0,5.0,6.719101123595506,4.0,7.0,0.8539325842696629,0.14606741573033707
discounted_lints,corr,z24_a0p5_corr_pruned_top10,13,3142,SOLUSDT,val_second,,-8.353538780948288,10.876049556650603,108,0.6041492133864542,True,,,,,,,8.0,4.0,5.12037037037037,4.0,5.0,0.9351851851851852,0.06481481481481481
discounted_lints,corr,z24_a0p5_corr_pruned_top10,13,3143,BTCUSDT,val,2000.0,-4.069100280859095,5.299195520113931,180,0.762055797912919,True,0.611,0.36,0.36,0.64,0.64,0.6375,9.0,5.0,6.783333333333333,4.0,7.0,0.8555555555555555,0.14444444444444443
discounted_lints,corr,z24_a0p5_corr_pruned_top10,13,3143,BTCUSDT,val_first,,-0.06310738063503019,1.89964008444512,86,0.9727148599551214,True,,,,,,,10.0,6.0,7.0,4.0,8.0,0.8372093023255814,0.16279069767441862
discounted_lints,corr,z24_a0p5_corr_pruned_top10,13,3143,BTCUSDT,val_second,,-4.008522573822559,4.659815927739464,93,0.6025617991881059,True,,,,,,,9.0,5.0,6.537634408602151,4.0,6.0,0.8817204301075269,0.11827956989247312
discounted_lints,corr,z24_a0p5_corr_pruned_top10,13,3143,ETHUSDT,val,2000.0,-12.232418519779332,16.18406717995463,214,0.5849323651479253,True,0.5985,0.428,0.42800000000000005,0.572,0.572,0.5705,8.0,4.0,5.593457943925234,4.0,6.0,0.9158878504672897,0.08411214953271028
discounted_lints,corr,z24_a0p5_corr_pruned_top10,13,3143,ETHUSDT,val_first,,-7.234489287059143,7.7843555030961635,110,0.5128336687309203,True,,,,,,,8.0,5.0,5.527272727272727,4.0,6.0,0.9363636363636364,0.06363636363636363
discounted_lints,corr,z24_a0p5_corr_pruned_top10,13,3143,ETHUSDT,val_second,,-5.387701953354274,9.704566729891507,103,0.6513359205288406,True,,,,,,,8.0,4.0,5.679611650485437,4.0,6.0,0.8932038834951457,0.10679611650485436
discounted_lints,corr,z24_a0p5_corr_pruned_top10,13,3143,SOLUSDT,val,2000.0,-8.815883328650953,9.772812570399282,181,0.680820744821569,True,0.58,0.362,0.362,0.638,0.638,0.6335,9.0,5.0,6.403314917127072,4.0,7.0,0.8287292817679558,0.1712707182320442
discounted_lints,corr,z24_a0p5_corr_pruned_top10,13,3143,SOLUSDT,val_first,,-1.8985218781280455,4.9609261737240455,84,0.8175390375500727,True,,,,,,,11.0,5.0,7.214285714285714,4.0,10.0,0.7380952380952381,0.2619047619047619
discounted_lints,corr,z24_a0p5_corr_pruned_top10,13,3143,SOLUSDT,val_second,,-7.051230606260006,9.772812570399282,97,0.5711848269500193,True,,,,,,,8.0,4.0,5.701030927835052,4.0,6.0,0.9072164948453608,0.09278350515463918
discounted_lints,corr,z24_a0p5_corr_pruned_top10,14,3142,BTCUSDT,val,2000.0,-6.657554374067242,7.235209414111399,219,0.6723770417096033,True,0.608,0.438,0.43799999999999994,0.562,0.562,0.559,8.0,5.0,5.552511415525114,4.0,6.0,0.91324200913242,0.0867579908675799
discounted_lints,corr,z24_a0p5_corr_pruned_top10,14,3142,BTCUSDT,val_first,,-0.039677024377904324,2.770119131205362,113,0.9730611565315195,True,,,,,,,8.0,5.0,5.327433628318584,4.0,6.0,0.9292035398230089,0.07079646017699115
discounted_lints,corr,z24_a0p5_corr_pruned_top10,14,3142,BTCUSDT,val_second,,-6.620504168742314,7.120553893584935,105,0.4614187888886766,True,,,,,,,8.5,5.0,5.809523809523809,4.0,6.0,0.8952380952380953,0.10476190476190476
discounted_lints,corr,z24_a0p5_corr_pruned_top10,14,3142,ETHUSDT,val,2000.0,-12.010911219206877,13.557420777462092,234,0.5971197377126614,True,0.5685,0.469,0.469,0.531,0.531,0.529,7.0,4.0,4.846153846153846,4.0,5.0,0.9658119658119658,0.03418803418803419
discounted_lints,corr,z24_a0p5_corr_pruned_top10,14,3142,ETHUSDT,val_first,,-3.72375745978486,6.411451216761366,113,0.7075748789106866,True,,,,,,,8.0,4.0,5.238938053097345,4.0,5.0,0.9292035398230089,0.07079646017699115
discounted_lints,corr,z24_a0p5_corr_pruned_top10,14,3142,ETHUSDT,val_second,,-8.607682997142751,10.332846395751217,120,0.5213133132942617,True,,,,,,,7.0,4.0,4.475,4.0,5.0,1.0,0.0
discounted_lints,corr,z24_a0p5_corr_pruned_top10,14,3142,SOLUSDT,val,2000.0,-9.255539727153138,12.14366173357515,210,0.698266919862779,True,0.5615,0.42,0.42000000000000004,0.58,0.58,0.575,8.0,4.0,5.3428571428571425,4.0,5.75,0.9285714285714286,0.07142857142857142
discounted_lints,corr,z24_a0p5_corr_pruned_top10,14,3142,SOLUSDT,val_first,,0.5297468257870364,3.3084767829728357,95,0.9807183750480123,True,,,,,,,9.0,5.0,6.042105263157895,4.0,6.0,0.8631578947368421,0.1368421052631579
discounted_lints,corr,z24_a0p5_corr_pruned_top10,14,3142,SOLUSDT,val_second,,-9.733722467139582,11.396328405132417,115,0.5168029609042876,True,,,,,,,8.0,4.0,4.765217391304348,4.0,5.0,0.9826086956521739,0.017391304347826087
discounted_lints,corr,z24_a0p5_corr_pruned_top10,14,3143,BTCUSDT,val,2000.0,-9.711012765965886,9.711012765966787,215,0.575446759400081,True,0.6225,0.43,0.43000000000000005,0.57,0.57,0.567,8.0,4.0,5.786046511627907,4.0,6.0,0.9023255813953488,0.09767441860465116
discounted_lints,corr,z24_a0p5_corr_pruned_top10,14,3143,BTCUSDT,val_first,,-3.116038660113807,5.173693704770566,103,0.7193469477991854,True,,,,,,,8.0,5.0,6.048543689320389,4.0,6.0,0.8737864077669902,0.1262135922330097
discounted_lints,corr,z24_a0p5_corr_pruned_top10,14,3143,BTCUSDT,val_second,,-6.807085522355704,7.097562636824295,111,0.44224752368482256,True,,,,,,,8.0,4.0,5.558558558558558,4.0,6.0,0.9279279279279279,0.07207207207207207
discounted_lints,corr,z24_a0p5_corr_pruned_top10,14,3143,ETHUSDT,val,2000.0,-5.329498548260336,9.79361195790579,231,0.7819154366587421,True,0.616,0.462,0.46199999999999997,0.538,0.538,0.5345,7.0,4.0,5.333333333333333,4.0,6.0,0.9307359307359307,0.06926406926406926
discounted_lints,corr,z24_a0p5_corr_pruned_top10,14,3143,ETHUSDT,val_first,,-1.3497487319050983,4.433095687720479,110,0.8569799596740625,True,,,,,,,8.0,4.0,5.681818181818182,4.0,6.0,0.9,0.1
discounted_lints,corr,z24_a0p5_corr_pruned_top10,14,3143,ETHUSDT,val_second,,-4.034201398574999,8.524751202946634,121,0.7364573517923549,True,,,,,,,7.0,4.0,5.016528925619835,4.0,5.0,0.9586776859504132,0.04132231404958678
discounted_lints,corr,z24_a0p5_corr_pruned_top10,14,3143,SOLUSDT,val,2000.0,-6.6745585102817255,9.025235423232026,205,0.7572379105884337,True,0.5715,0.41,0.41000000000000003,0.59,0.59,0.587,8.0,4.0,5.570731707317073,4.0,6.0,0.9121951219512195,0.08780487804878048
discounted_lints,corr,z24_a0p5_corr_pruned_top10,14,3143,SOLUSDT,val_first,,-2.121282497776289,4.431157145389908,98,0.8205716547157528,True,,,,,,,8.0,5.0,6.1020408163265305,4.0,6.0,0.8775510204081632,0.12244897959183673
discounted_lints,corr,z24_a0p5_corr_pruned_top10,14,3143,SOLUSDT,val_second,,-4.651957165664733,8.070718211376471,107,0.7055305598674629,True,,,,,,,8.0,4.0,5.08411214953271,4.0,5.0,0.9439252336448598,0.056074766355140186
discounted_lints,corr,z24_a0p5_corr_pruned_top10,15,3142,BTCUSDT,val,2000.0,-7.401487227388859,7.78618812504649,203,0.6420168635263278,True,0.615,0.406,0.406,0.594,0.594,0.591,9.0,5.0,6.059113300492611,4.0,7.0,0.896551724137931,0.10344827586206896
discounted_lints,corr,z24_a0p5_corr_pruned_top10,15,3142,BTCUSDT,val_first,,-2.9120930860927263,4.702606213949889,100,0.701858236704262,True,,,,,,,9.0,5.0,6.22,4.0,7.0,0.87,0.13
discounted_lints,corr,z24_a0p5_corr_pruned_top10,15,3142,BTCUSDT,val_second,,-4.624050805088531,5.488642768030916,102,0.5526139755518237,True,,,,,,,8.0,5.0,5.764705882352941,4.0,6.0,0.9313725490196079,0.06862745098039216
discounted_lints,corr,z24_a0p5_corr_pruned_top10,15,3142,ETHUSDT,val,2000.0,-5.331893778756058,8.940972752252174,221,0.7834282675138762,True,0.6045,0.4435,0.4435,0.5565,0.5565,0.555,8.0,4.0,5.452488687782806,4.0,5.0,0.9230769230769231,0.07692307692307693
discounted_lints,corr,z24_a0p5_corr_pruned_top10,15,3142,ETHUSDT,val_first,,-1.5958790978146786,3.6337568994614045,111,0.8354470075820536,True,,,,,,,8.0,4.0,5.531531531531532,4.0,5.5,0.9279279279279279,0.07207207207207207
discounted_lints,corr,z24_a0p5_corr_pruned_top10,15,3142,ETHUSDT,val_second,,-3.7966038888300413,7.5844471091305765,110,0.7466274529763856,True,,,,,,,7.0,4.0,5.372727272727273,4.0,5.0,0.9181818181818182,0.08181818181818182
discounted_lints,corr,z24_a0p5_corr_pruned_top10,15,3142,SOLUSDT,val,2000.0,-8.558989191624333,9.428765412594187,206,0.7276792722942702,True,0.58,0.413,0.41300000000000003,0.587,0.587,0.583,8.0,5.0,5.616504854368932,4.0,6.0,0.9029126213592233,0.0970873786407767
discounted_lints,corr,z24_a0p5_corr_pruned_top10,15,3142,SOLUSDT,val_first,,-0.9201583090000853,5.602049804572373,95,0.8927249973293128,True,,,,,,,9.0,5.0,6.252631578947368,4.0,8.0,0.8526315789473684,0.14736842105263157
discounted_lints,corr,z24_a0p5_corr_pruned_top10,15,3142,SOLUSDT,val_second,,-7.709772999484043,9.040983322185225,111,0.5889037600169574,True,,,,,,,8.0,4.0,5.072072072072072,4.0,5.0,0.9459459459459459,0.05405405405405406
discounted_lints,corr,z24_a0p5_corr_pruned_top10,15,3143,BTCUSDT,val,2000.0,-4.983262354470586,5.547454051421729,221,0.755619081819198,True,0.6135,0.442,0.44199999999999995,0.558,0.558,0.555,8.0,4.0,5.552036199095022,4.0,6.0,0.9276018099547512,0.07239819004524888
discounted_lints,corr,z24_a0p5_corr_pruned_top10,15,3143,BTCUSDT,val_first,,-1.1657165972459471,3.650488767287585,111,0.8650415621527627,True,,,,,,,8.0,5.0,5.423423423423423,4.0,6.0,0.9369369369369369,0.06306306306306306
discounted_lints,corr,z24_a0p5_corr_pruned_top10,15,3143,BTCUSDT,val_second,,-3.862572404828357,4.713628733967368,110,0.6583969174351622,True,,,,,,,8.0,4.0,5.681818181818182,4.0,6.0,0.9181818181818182,0.08181818181818182
discounted_lints,corr,z24_a0p5_corr_pruned_top10,15,3143,ETHUSDT,val,2000.0,-9.543294224447186,12.192263493064004,230,0.6652743377834057,True,0.577,0.46,0.45999999999999996,0.54,0.54,0.538,7.0,4.0,5.017391304347826,4.0,5.0,0.9608695652173913,0.0391304347826087
discounted_lints,corr,z24_a0p5_corr_pruned_top10,15,3143,ETHUSDT,val_first,,-3.8962212391470796,7.0879826205964,117,0.7010832573655796,True,,,,,,,7.0,4.0,5.076923076923077,4.0,5.0,0.9572649572649573,0.042735042735042736
discounted_lints,corr,z24_a0p5_corr_pruned_top10,15,3143,ETHUSDT,val_second,,-5.876015551222413,8.974844009315131,113,0.6365573052316428,True,,,,,,,7.5,4.0,4.95575221238938,4.0,5.0,0.9646017699115044,0.035398230088495575
discounted_lints,corr,z24_a0p5_corr_pruned_top10,15,3143,SOLUSDT,val,2000.0,-10.331756871055465,13.768334592463283,210,0.6390166584012997,True,0.563,0.42,0.42000000000000004,0.58,0.58,0.5765,8.0,4.0,5.3619047619047615,4.0,6.0,0.9380952380952381,0.06190476190476191
discounted_lints,corr,z24_a0p5_corr_pruned_top10,15,3143,SOLUSDT,val_first,,-0.07198604924196772,4.137154265847509,98,0.9455777628957147,True,,,,,,,9.0,5.0,5.969387755102041,4.0,7.0,0.8979591836734694,0.10204081632653061
discounted_lints,corr,z24_a0p5_corr_pruned_top10,15,3143,SOLUSDT,val_second,,-10.267161745923659,12.502827853752663,112,0.46509318390865684,True,,,,,,,8.0,4.0,4.830357142857143,4.0,5.0,0.9732142857142857,0.026785714285714284
discounted_lints,hybrid,z72_a0p5_hybrid_corr5_bsstablehie5_top10,0,3142,BTCUSDT,val,2000.0,-6.033417518818562,6.94410886618515,195,0.6840153361693837,True,0.543,0.3895,0.38949999999999996,0.6105,0.6105,0.6055,9.0,4.0,5.569230769230769,4.0,5.0,0.9282051282051282,0.07179487179487179
discounted_lints,hybrid,z72_a0p5_hybrid_corr5_bsstablehie5_top10,0,3142,BTCUSDT,val_first,,-0.998303082700347,3.9007558255069963,101,0.8815409506084139,True,,,,,,,9.0,4.0,4.99009900990099,4.0,5.0,0.9603960396039604,0.039603960396039604
discounted_lints,hybrid,z72_a0p5_hybrid_corr5_bsstablehie5_top10,0,3142,BTCUSDT,val_second,,-5.085887002850331,5.505964396596463,93,0.512594380059576,True,,,,,,,9.0,4.0,6.182795698924731,4.0,5.0,0.8924731182795699,0.10752688172043011
discounted_lints,hybrid,z72_a0p5_hybrid_corr5_bsstablehie5_top10,0,3142,ETHUSDT,val,2000.0,-9.011802227684651,13.097814142494013,170,0.6192094403057194,True,0.4705,0.34,0.33999999999999997,0.66,0.66,0.657,8.0,4.0,5.535294117647059,4.0,5.75,0.9176470588235294,0.08235294117647059
discounted_lints,hybrid,z72_a0p5_hybrid_corr5_bsstablehie5_top10,0,3142,ETHUSDT,val_first,,-4.02640690279773,6.129326488374797,79,0.5878431749947218,True,,,,,,,9.0,5.0,6.405063291139241,4.0,6.0,0.8734177215189873,0.12658227848101267
discounted_lints,hybrid,z72_a0p5_hybrid_corr5_bsstablehie5_top10,0,3142,ETHUSDT,val_second,,-5.194549004576398,9.927181683925435,90,0.6435274675369576,True,,,,,,,7.0,4.0,4.777777777777778,4.0,5.0,0.9555555555555556,0.044444444444444446
discounted_lints,hybrid,z72_a0p5_hybrid_corr5_bsstablehie5_top10,0,3142,SOLUSDT,val,2000.0,-7.6534875812375835,10.419259669265902,205,0.7360957695440071,True,0.558,0.4115,0.4115,0.5885,0.5885,0.5855,8.0,4.0,5.424390243902439,4.0,5.0,0.9317073170731708,0.06829268292682927
discounted_lints,hybrid,z72_a0p5_hybrid_corr5_bsstablehie5_top10,0,3142,SOLUSDT,val_first,,0.3274910422243593,4.395213828650901,104,0.9630888330404376,True,,,,,,,8.0,4.0,5.759615384615385,4.0,5.25,0.8942307692307693,0.10576923076923077
discounted_lints,hybrid,z72_a0p5_hybrid_corr5_bsstablehie5_top10,0,3142,SOLUSDT,val_second,,-7.954926950284269,10.419259669265902,101,0.5457395325964423,True,,,,,,,8.0,4.0,5.079207920792079,4.0,5.0,0.9702970297029703,0.0297029702970297
discounted_lints,hybrid,z72_a0p5_hybrid_corr5_bsstablehie5_top10,0,3143,BTCUSDT,val,2000.0,-9.137936540503445,9.917922150571478,199,0.589236181757702,True,0.5585,0.399,0.399,0.601,0.601,0.599,9.0,4.0,5.597989949748744,4.0,6.0,0.9447236180904522,0.05527638190954774
discounted_lints,hybrid,z72_a0p5_hybrid_corr5_bsstablehie5_top10,0,3143,BTCUSDT,val_first,,-3.443193047168802,6.161094439383086,97,0.6629325827543294,True,,,,,,,8.0,4.0,5.443298969072165,4.0,6.0,0.9484536082474226,0.05154639175257732
discounted_lints,hybrid,z72_a0p5_hybrid_corr5_bsstablehie5_top10,0,3143,BTCUSDT,val_second,,-5.897816708164938,6.768507398439394,102,0.5266750640816045,True,,,,,,,9.0,5.0,5.745098039215686,4.0,6.0,0.9411764705882353,0.058823529411764705
discounted_lints,hybrid,z72_a0p5_hybrid_corr5_bsstablehie5_top10,0,3143,ETHUSDT,val,2000.0,-2.4442753298694275,5.80596687311159,166,0.8445920779080657,True,0.4745,0.332,0.33199999999999996,0.668,0.668,0.665,9.0,4.0,5.716867469879518,4.0,5.0,0.8795180722891566,0.12048192771084337
discounted_lints,hybrid,z72_a0p5_hybrid_corr5_bsstablehie5_top10,0,3143,ETHUSDT,val_first,,1.0297412521292681,2.3689584194453994,87,1.0769878797284833,True,,,,,,,9.0,4.0,6.287356321839081,4.0,7.0,0.8390804597701149,0.16091954022988506
discounted_lints,hybrid,z72_a0p5_hybrid_corr5_bsstablehie5_top10,0,3143,ETHUSDT,val_second,,-3.438607818789674,5.468273117469968,79,0.6979946277610549,True,,,,,,,8.0,4.0,5.0886075949367084,4.0,5.0,0.9240506329113924,0.0759493670886076
discounted_lints,hybrid,z72_a0p5_hybrid_corr5_bsstablehie5_top10,0,3143,SOLUSDT,val,2000.0,-9.201086799149905,10.44088610118572,191,0.6991411564821358,True,0.537,0.3835,0.38349999999999995,0.6165,0.6165,0.6135,8.0,4.0,5.591623036649215,4.0,5.0,0.9319371727748691,0.06806282722513089
discounted_lints,hybrid,z72_a0p5_hybrid_corr5_bsstablehie5_top10,0,3143,SOLUSDT,val_first,,-0.20843770644041193,4.49718247693176,95,0.9348905435010858,True,,,,,,,8.0,4.0,6.189473684210526,4.0,6.0,0.8947368421052632,0.10526315789473684
discounted_lints,hybrid,z72_a0p5_hybrid_corr5_bsstablehie5_top10,0,3143,SOLUSDT,val_second,,-9.011432315545454,10.059308719290339,96,0.5049683869882219,True,,,,,,,8.0,4.0,5.0,4.0,5.0,0.96875,0.03125
discounted_lints,hybrid,z72_a0p5_hybrid_corr5_bsstablehie5_top10,1,3142,BTCUSDT,val,2000.0,-2.9950124645383713,4.055454306327411,214,0.8367477701739626,True,0.5785,0.4295,0.4295,0.5705,0.5705,0.569,8.0,4.0,5.383177570093458,4.0,6.0,0.9299065420560748,0.07009345794392523
discounted_lints,hybrid,z72_a0p5_hybrid_corr5_bsstablehie5_top10,1,3142,BTCUSDT,val_first,,0.18104242476477683,3.0698948605076604,107,0.9940527933797845,True,,,,,,,8.0,5.0,5.289719626168225,4.0,5.0,0.9626168224299065,0.037383177570093455
discounted_lints,hybrid,z72_a0p5_hybrid_corr5_bsstablehie5_top10,1,3142,BTCUSDT,val_second,,-3.170315273659041,3.920876209946933,106,0.717341495977241,True,,,,,,,8.0,4.0,5.481132075471698,4.0,6.0,0.8962264150943396,0.10377358490566038
discounted_lints,hybrid,z72_a0p5_hybrid_corr5_bsstablehie5_top10,1,3142,ETHUSDT,val,2000.0,-12.500099341682125,13.41218851299255,192,0.5674370159775978,True,0.5235,0.3835,0.38349999999999995,0.6165,0.6165,0.6135,8.0,4.0,5.453125,4.0,5.25,0.9114583333333334,0.08854166666666667
discounted_lints,hybrid,z72_a0p5_hybrid_corr5_bsstablehie5_top10,1,3142,ETHUSDT,val_first,,-4.768451912708227,6.505679355160443,104,0.6435890819286016,True,,,,,,,8.0,4.0,5.778846153846154,4.0,6.0,0.8846153846153846,0.11538461538461539
discounted_lints,hybrid,z72_a0p5_hybrid_corr5_bsstablehie5_top10,1,3142,ETHUSDT,val_second,,-8.118787927176053,9.336017242370353,88,0.5088680779837185,True,,,,,,,8.0,4.0,5.068181818181818,4.0,5.0,0.9431818181818182,0.056818181818181816
discounted_lints,hybrid,z72_a0p5_hybrid_corr5_bsstablehie5_top10,1,3142,SOLUSDT,val,2000.0,-13.66181605272969,15.406387485610606,203,0.5770281391392832,True,0.5265,0.4075,0.4075,0.5925,0.5925,0.5895,7.0,4.0,5.167487684729064,4.0,5.0,0.9556650246305419,0.04433497536945813
discounted_lints,hybrid,z72_a0p5_hybrid_corr5_bsstablehie5_top10,1,3142,SOLUSDT,val_first,,-1.6788565451197113,5.574754443534047,113,0.8507771871519562,True,,,,,,,7.0,4.0,5.398230088495575,4.0,5.0,0.9469026548672567,0.05309734513274336
discounted_lints,hybrid,z72_a0p5_hybrid_corr5_bsstablehie5_top10,1,3142,SOLUSDT,val_second,,-12.18757134685784,12.836622693773903,90,0.34438103788779006,True,,,,,,,8.0,4.0,4.877777777777778,4.0,5.0,0.9666666666666667,0.03333333333333333
discounted_lints,hybrid,z72_a0p5_hybrid_corr5_bsstablehie5_top10,1,3143,BTCUSDT,val,2000.0,-8.833630563627082,8.968394692674265,190,0.5478031237319958,True,0.5235,0.3795,0.37949999999999995,0.6205,0.6205,0.6175,9.0,5.0,5.510526315789473,4.0,6.0,0.9315789473684211,0.06842105263157895
discounted_lints,hybrid,z72_a0p5_hybrid_corr5_bsstablehie5_top10,1,3143,BTCUSDT,val_first,,-2.4511295324545324,3.8734754104449487,90,0.6975878051902507,True,,,,,,,9.0,5.0,5.777777777777778,4.0,6.0,0.9111111111111111,0.08888888888888889
discounted_lints,hybrid,z72_a0p5_hybrid_corr5_bsstablehie5_top10,1,3143,BTCUSDT,val_second,,-6.542875381930758,6.6366927623514815,100,0.4427731787989145,True,,,,,,,8.0,4.0,5.27,4.0,5.0,0.95,0.05
discounted_lints,hybrid,z72_a0p5_hybrid_corr5_bsstablehie5_top10,1,3143,ETHUSDT,val,2000.0,-7.471783526736397,11.388433103396123,177,0.68760426079809,True,0.4605,0.3535,0.35350000000000004,0.6465,0.6465,0.6445,8.0,4.0,5.203389830508475,4.0,5.0,0.9322033898305084,0.06779661016949153
discounted_lints,hybrid,z72_a0p5_hybrid_corr5_bsstablehie5_top10,1,3143,ETHUSDT,val_first,,-5.297161976986542,6.522591399113232,90,0.5593524861491833,True,,,,,,,8.0,4.0,5.644444444444445,4.0,6.0,0.9,0.1
discounted_lints,hybrid,z72_a0p5_hybrid_corr5_bsstablehie5_top10,1,3143,ETHUSDT,val_second,,-2.2962580585192294,6.575495400436182,87,0.800697361136856,True,,,,,,,7.0,4.0,4.747126436781609,4.0,5.0,0.9655172413793104,0.034482758620689655
discounted_lints,hybrid,z72_a0p5_hybrid_corr5_bsstablehie5_top10,1,3143,SOLUSDT,val,2000.0,-5.144772070586878,8.447254273198567,189,0.7951589227286668,True,0.522,0.378,0.378,0.622,0.622,0.6195,8.0,4.0,5.518518518518518,4.0,5.0,0.9365079365079365,0.06349206349206349
discounted_lints,hybrid,z72_a0p5_hybrid_corr5_bsstablehie5_top10,1,3143,SOLUSDT,val_first,,0.7979431250112468,3.4863386266638097,104,0.9992057468789137,True,,,,,,,8.0,4.0,5.75,4.0,6.0,0.9423076923076923,0.057692307692307696
discounted_lints,hybrid,z72_a0p5_hybrid_corr5_bsstablehie5_top10,1,3143,SOLUSDT,val_second,,-5.8956710934347845,7.546887963256699,85,0.6150512272937423,True,,,,,,,8.0,4.0,5.235294117647059,4.0,5.0,0.9294117647058824,0.07058823529411765
discounted_lints,hybrid,z72_a0p5_hybrid_corr5_bsstablehie5_top10,2,3142,BTCUSDT,val,2000.0,-7.093488741987242,7.530350503205751,228,0.6684523082597952,True,0.584,0.4575,0.4575,0.5425,0.5425,0.541,7.0,4.0,5.100877192982456,4.0,5.0,0.9473684210526315,0.05263157894736842
discounted_lints,hybrid,z72_a0p5_hybrid_corr5_bsstablehie5_top10,2,3142,BTCUSDT,val_first,,-1.8856400159506737,3.522614419225356,114,0.8009717789220836,True,,,,,,,7.0,4.0,4.745614035087719,4.0,5.0,0.9649122807017544,0.03508771929824561
discounted_lints,hybrid,z72_a0p5_hybrid_corr5_bsstablehie5_top10,2,3142,BTCUSDT,val_second,,-5.307937316090349,6.220534733384442,113,0.5652133868056878,True,,,,,,,8.0,4.0,5.469026548672566,4.0,6.0,0.9292035398230089,0.07079646017699115
discounted_lints,hybrid,z72_a0p5_hybrid_corr5_bsstablehie5_top10,2,3142,ETHUSDT,val,2000.0,-7.909741227659173,9.474489588709078,193,0.6879701291239512,True,0.524,0.386,0.386,0.614,0.614,0.611,8.0,4.0,5.430051813471502,4.0,5.0,0.9326424870466321,0.06735751295336788
discounted_lints,hybrid,z72_a0p5_hybrid_corr5_bsstablehie5_top10,2,3142,ETHUSDT,val_first,,-3.4186589368654596,4.278684886054651,97,0.7266160225747103,True,,,,,,,8.0,4.0,6.030927835051546,4.0,6.0,0.8865979381443299,0.1134020618556701
discounted_lints,hybrid,z72_a0p5_hybrid_corr5_bsstablehie5_top10,2,3142,ETHUSDT,val_second,,-4.650051698762314,6.270186958664203,95,0.6610623124211752,True,,,,,,,8.0,4.0,4.821052631578947,4.0,5.0,0.9789473684210527,0.021052631578947368
discounted_lints,hybrid,z72_a0p5_hybrid_corr5_bsstablehie5_top10,2,3142,SOLUSDT,val,2000.0,-11.17759669676569,11.908869914703345,228,0.6644383732273629,True,0.5555,0.4555,0.4555,0.5445,0.5445,0.5425,7.0,4.0,4.87280701754386,4.0,4.0,0.9605263157894737,0.039473684210526314
discounted_lints,hybrid,z72_a0p5_hybrid_corr5_bsstablehie5_top10,2,3142,SOLUSDT,val_first,,-1.8782030708431874,3.701322416055697,126,0.8645300570212914,True,,,,,,,6.0,4.0,4.880952380952381,4.0,4.0,0.9523809523809523,0.047619047619047616
discounted_lints,hybrid,z72_a0p5_hybrid_corr5_bsstablehie5_top10,2,3142,SOLUSDT,val_second,,-9.477398413969729,9.739960015948002,101,0.5260538349842614,True,,,,,,,7.0,4.0,4.871287128712871,4.0,5.0,0.9702970297029703,0.0297029702970297
discounted_lints,hybrid,z72_a0p5_hybrid_corr5_bsstablehie5_top10,2,3143,BTCUSDT,val,2000.0,-9.089773053813044,9.477524389673707,169,0.5556177632339184,True,0.5445,0.3395,0.3395,0.6605,0.6605,0.6555,10.0,5.0,6.325443786982248,4.0,6.0,0.8994082840236687,0.10059171597633136
discounted_lints,hybrid,z72_a0p5_hybrid_corr5_bsstablehie5_top10,2,3143,BTCUSDT,val_first,,-3.6090187797403805,5.593035296629112,83,0.6141596739292475,True,,,,,,,10.0,5.0,6.313253012048193,4.0,7.0,0.891566265060241,0.10843373493975904
discounted_lints,hybrid,z72_a0p5_hybrid_corr5_bsstablehie5_top10,2,3143,BTCUSDT,val_second,,-5.685961699620822,6.319653019537508,86,0.5036609383887567,True,,,,,,,9.5,5.0,6.337209302325581,4.0,6.0,0.9069767441860465,0.09302325581395349
discounted_lints,hybrid,z72_a0p5_hybrid_corr5_bsstablehie5_top10,2,3143,ETHUSDT,val,2000.0,-9.026899754682095,13.211751112540682,179,0.6606735047487678,True,0.492,0.358,0.358,0.642,0.642,0.639,8.0,4.0,5.4972067039106145,4.0,5.0,0.9106145251396648,0.0893854748603352
discounted_lints,hybrid,z72_a0p5_hybrid_corr5_bsstablehie5_top10,2,3143,ETHUSDT,val_first,,-5.665756904960151,7.163819267815851,92,0.6020109241290357,True,,,,,,,8.5,4.0,5.891304347826087,4.0,6.0,0.8804347826086957,0.11956521739130435
discounted_lints,hybrid,z72_a0p5_hybrid_corr5_bsstablehie5_top10,2,3143,ETHUSDT,val_second,,-3.5630145951726755,8.17665846978528,86,0.7269948358582959,True,,,,,,,7.0,4.0,5.093023255813954,4.0,5.0,0.9418604651162791,0.05813953488372093
discounted_lints,hybrid,z72_a0p5_hybrid_corr5_bsstablehie5_top10,2,3143,SOLUSDT,val,2000.0,-12.610606080835085,13.39298210035591,188,0.5706870413292805,True,0.5085,0.3775,0.37749999999999995,0.6225,0.6225,0.62,8.0,4.0,5.388297872340425,4.0,5.0,0.9361702127659575,0.06382978723404255
discounted_lints,hybrid,z72_a0p5_hybrid_corr5_bsstablehie5_top10,2,3143,SOLUSDT,val_first,,-2.6953568145411166,4.546459165183647,97,0.7790785151824473,True,,,,,,,8.0,4.0,6.072164948453608,4.0,6.0,0.9072164948453608,0.09278350515463918
discounted_lints,hybrid,z72_a0p5_hybrid_corr5_bsstablehie5_top10,2,3143,SOLUSDT,val_second,,-10.189903525359922,10.531283978442985,91,0.3844533796587874,True,,,,,,,8.0,4.0,4.65934065934066,4.0,4.0,0.967032967032967,0.03296703296703297
discounted_lints,hybrid,z72_a0p5_hybrid_corr5_bsstablehie5_top10,3,3142,BTCUSDT,val,2000.0,-8.326579235661569,9.755005822976425,145,0.48436317706397114,True,0.4185,0.2895,0.2895,0.7105,0.7105,0.7055,8.0,4.0,5.772413793103448,4.0,5.0,0.9241379310344827,0.07586206896551724
discounted_lints,hybrid,z72_a0p5_hybrid_corr5_bsstablehie5_top10,3,3142,BTCUSDT,val_first,,-3.2189136285590947,4.357944054084905,77,0.5823937142779777,True,,,,,,,8.0,4.0,4.896103896103896,4.0,5.0,0.935064935064935,0.06493506493506493
discounted_lints,hybrid,z72_a0p5_hybrid_corr5_bsstablehie5_top10,3,3142,BTCUSDT,val_second,,-5.277545229756475,6.212067614499195,68,0.397775837097803,True,,,,,,,9.0,4.0,6.764705882352941,4.0,5.25,0.9117647058823529,0.08823529411764706
discounted_lints,hybrid,z72_a0p5_hybrid_corr5_bsstablehie5_top10,3,3142,ETHUSDT,val,2000.0,-6.132521304226968,10.794049526800887,111,0.6199684774851916,True,0.3835,0.2235,0.22350000000000003,0.7765,0.7765,0.775,10.0,4.0,6.864864864864865,4.0,6.0,0.8378378378378378,0.16216216216216217
discounted_lints,hybrid,z72_a0p5_hybrid_corr5_bsstablehie5_top10,3,3142,ETHUSDT,val_first,,-3.0522817782619893,3.8405374647778157,59,0.5622385631798722,True,,,,,,,10.0,4.0,6.813559322033898,4.0,6.0,0.847457627118644,0.15254237288135594
discounted_lints,hybrid,z72_a0p5_hybrid_corr5_bsstablehie5_top10,3,3142,ETHUSDT,val_second,,-3.1772171459671594,8.182089715198405,52,0.6554550732753328,True,,,,,,,10.0,4.0,6.923076923076923,4.0,6.25,0.8269230769230769,0.17307692307692307
discounted_lints,hybrid,z72_a0p5_hybrid_corr5_bsstablehie5_top10,3,3142,SOLUSDT,val,2000.0,-7.47791113329691,8.512547735808983,178,0.7083058749736891,True,0.484,0.3575,0.35750000000000004,0.6425,0.6425,0.64,7.0,4.0,5.410112359550562,4.0,4.0,0.9438202247191011,0.056179775280898875
discounted_lints,hybrid,z72_a0p5_hybrid_corr5_bsstablehie5_top10,3,3142,SOLUSDT,val_first,,-2.950432578838491,6.58973359181484,100,0.7644187033951131,True,,,,,,,7.0,4.0,5.52,4.0,4.0,0.95,0.05
discounted_lints,hybrid,z72_a0p5_hybrid_corr5_bsstablehie5_top10,3,3142,SOLUSDT,val_second,,-4.665119767933367,5.678352072449766,78,0.63933137683463,True,,,,,,,8.0,4.0,5.269230769230769,4.0,4.0,0.9358974358974359,0.0641025641025641
discounted_lints,hybrid,z72_a0p5_hybrid_corr5_bsstablehie5_top10,3,3143,BTCUSDT,val,2000.0,-6.361743666572872,6.733770958033681,158,0.6224723159439953,True,0.4595,0.3175,0.3175,0.6825,0.6825,0.6785,8.0,4.0,5.7405063291139244,4.0,5.0,0.8670886075949367,0.13291139240506328
discounted_lints,hybrid,z72_a0p5_hybrid_corr5_bsstablehie5_top10,3,3143,BTCUSDT,val_first,,-2.7482614967693553,4.464565430632794,64,0.6210511913508915,True,,,,,,,9.5,4.0,6.4375,4.0,8.0,0.796875,0.203125
discounted_lints,hybrid,z72_a0p5_hybrid_corr5_bsstablehie5_top10,3,3143,BTCUSDT,val_second,,-3.715596477160643,4.2258154145961235,93,0.6310099358615245,True,,,,,,,7.0,4.0,5.268817204301075,4.0,4.0,0.9139784946236559,0.08602150537634409
discounted_lints,hybrid,z72_a0p5_hybrid_corr5_bsstablehie5_top10,3,3143,ETHUSDT,val,2000.0,-2.8144144630400048,7.261877464708933,138,0.8143593939428786,True,0.382,0.2755,0.27549999999999997,0.7245,0.7245,0.723,8.0,4.0,5.536231884057971,4.0,5.0,0.8913043478260869,0.10869565217391304
discounted_lints,hybrid,z72_a0p5_hybrid_corr5_bsstablehie5_top10,3,3143,ETHUSDT,val_first,,-1.8642274871119469,2.8584610625132956,76,0.7614177297696656,True,,,,,,,8.0,4.0,5.565789473684211,4.0,5.0,0.8947368421052632,0.10526315789473684
discounted_lints,hybrid,z72_a0p5_hybrid_corr5_bsstablehie5_top10,3,3143,ETHUSDT,val_second,,-0.9682371184302596,5.500185956031611,61,0.8661358325271062,True,,,,,,,8.0,4.0,5.524590163934426,4.0,5.0,0.8852459016393442,0.11475409836065574
discounted_lints,hybrid,z72_a0p5_hybrid_corr5_bsstablehie5_top10,3,3143,SOLUSDT,val,2000.0,-2.5693225739408687,9.348805615729939,158,0.8608864023755585,True,0.544,0.3175,0.3175,0.6825,0.6825,0.68,9.0,4.0,6.860759493670886,4.0,7.0,0.8227848101265823,0.17721518987341772
discounted_lints,hybrid,z72_a0p5_hybrid_corr5_bsstablehie5_top10,3,3143,SOLUSDT,val_first,,2.861617327100152,2.5342018126307875,76,1.173000225910096,True,,,,,,,9.0,4.0,8.06578947368421,4.0,10.0,0.7368421052631579,0.2631578947368421
discounted_lints,hybrid,z72_a0p5_hybrid_corr5_bsstablehie5_top10,3,3143,SOLUSDT,val_second,,-5.279850776379114,9.348805615729939,82,0.6136019939224521,True,,,,,,,9.0,4.0,5.7439024390243905,4.0,5.75,0.9024390243902439,0.0975609756097561
discounted_lints,hybrid,z72_a0p5_hybrid_corr5_bsstablehie5_top10,4,3142,BTCUSDT,val,2000.0,-6.550937165873649,7.058159253449303,120,0.5621698309965192,True,0.4175,0.2415,0.24150000000000005,0.7585,0.7585,0.7535,9.0,4.0,6.741666666666666,4.0,5.0,0.8666666666666667,0.13333333333333333
discounted_lints,hybrid,z72_a0p5_hybrid_corr5_bsstablehie5_top10,4,3142,BTCUSDT,val_first,,-2.37893153755927,4.657804533427434,55,0.6309130499960555,True,,,,,,,11.5,4.0,6.6909090909090905,4.0,7.0,0.8545454545454545,0.14545454545454545
discounted_lints,hybrid,z72_a0p5_hybrid_corr5_bsstablehie5_top10,4,3142,BTCUSDT,val_second,,-4.273673392459887,4.273673392460864,65,0.5033696511833631,True,,,,,,,8.0,4.0,6.7846153846153845,4.0,5.0,0.8769230769230769,0.12307692307692308
discounted_lints,hybrid,z72_a0p5_hybrid_corr5_bsstablehie5_top10,4,3142,ETHUSDT,val,2000.0,-6.708922629169867,9.650793971921468,122,0.6212675424779758,True,0.3495,0.2435,0.24350000000000005,0.7565,0.7565,0.755,7.0,4.0,5.729508196721311,4.0,5.0,0.8852459016393442,0.11475409836065574
discounted_lints,hybrid,z72_a0p5_hybrid_corr5_bsstablehie5_top10,4,3142,ETHUSDT,val_first,,-1.8699947308902232,2.7134469662438376,58,0.7134602129058094,True,,,,,,,8.0,4.0,5.758620689655173,4.0,5.0,0.896551724137931,0.10344827586206896
discounted_lints,hybrid,z72_a0p5_hybrid_corr5_bsstablehie5_top10,4,3142,ETHUSDT,val_second,,-4.931139955622599,8.29325149143677,63,0.5851330170515984,True,,,,,,,7.0,4.0,5.73015873015873,4.0,4.5,0.873015873015873,0.12698412698412698
discounted_lints,hybrid,z72_a0p5_hybrid_corr5_bsstablehie5_top10,4,3142,SOLUSDT,val,2000.0,-4.746682328849472,9.443832979519694,156,0.788019480598938,True,0.479,0.3135,0.3135,0.6865,0.6865,0.684,8.0,4.0,6.102564102564102,4.0,5.0,0.9102564102564102,0.08974358974358974
discounted_lints,hybrid,z72_a0p5_hybrid_corr5_bsstablehie5_top10,4,3142,SOLUSDT,val_first,,2.028310853651405,3.193040640314526,71,1.0995638355850947,True,,,,,,,9.0,4.0,7.084507042253521,4.0,6.0,0.8591549295774648,0.14084507042253522
discounted_lints,hybrid,z72_a0p5_hybrid_corr5_bsstablehie5_top10,4,3142,SOLUSDT,val_second,,-6.640307112619825,8.868601492493678,85,0.5591366913636702,True,,,,,,,8.0,4.0,5.2823529411764705,4.0,5.0,0.9529411764705882,0.047058823529411764
discounted_lints,hybrid,z72_a0p5_hybrid_corr5_bsstablehie5_top10,4,3143,BTCUSDT,val,2000.0,-5.042442803974367,6.42697175492758,101,0.647303840519424,True,0.4815,0.2035,0.20350000000000001,0.7965,0.7965,0.7915,13.0,4.0,9.277227722772277,4.0,10.0,0.7326732673267327,0.26732673267326734
discounted_lints,hybrid,z72_a0p5_hybrid_corr5_bsstablehie5_top10,4,3143,BTCUSDT,val_first,,-0.40451144336585143,3.626519147816798,47,0.8973360560730952,True,,,,,,,14.0,5.0,9.914893617021276,4.0,13.0,0.6808510638297872,0.3191489361702128
discounted_lints,hybrid,z72_a0p5_hybrid_corr5_bsstablehie5_top10,4,3143,BTCUSDT,val_second,,-4.656768522171761,6.01076288464899,54,0.46483493547221577,True,,,,,,,11.5,4.0,8.722222222222221,4.0,6.0,0.7777777777777778,0.2222222222222222
discounted_lints,hybrid,z72_a0p5_hybrid_corr5_bsstablehie5_top10,4,3143,ETHUSDT,val,2000.0,-8.176784120124347,9.730237750784854,116,0.5582726477378346,True,0.3395,0.232,0.23199999999999998,0.768,0.768,0.766,8.0,4.0,5.844827586206897,4.0,5.0,0.896551724137931,0.10344827586206896
discounted_lints,hybrid,z72_a0p5_hybrid_corr5_bsstablehie5_top10,4,3143,ETHUSDT,val_first,,-2.243993545093914,2.9560008181191755,54,0.6206076966045123,True,,,,,,,10.0,4.0,6.203703703703703,4.0,5.0,0.8888888888888888,0.1111111111111111
discounted_lints,hybrid,z72_a0p5_hybrid_corr5_bsstablehie5_top10,4,3143,ETHUSDT,val_second,,-6.068978050742258,7.981037795349422,61,0.5397822658993638,True,,,,,,,7.0,4.0,5.557377049180328,4.0,4.0,0.9016393442622951,0.09836065573770492
discounted_lints,hybrid,z72_a0p5_hybrid_corr5_bsstablehie5_top10,4,3143,SOLUSDT,val,2000.0,-7.654349343698852,10.586586664788156,189,0.7250063421101695,True,0.4835,0.3795,0.37949999999999995,0.6205,0.6205,0.619,7.0,4.0,5.095238095238095,4.0,4.0,0.9312169312169312,0.06878306878306878
discounted_lints,hybrid,z72_a0p5_hybrid_corr5_bsstablehie5_top10,4,3143,SOLUSDT,val_first,,-0.7466014945637811,3.4548952341980077,85,0.8883673269116705,True,,,,,,,8.0,4.0,5.882352941176471,4.0,5.0,0.8941176470588236,0.10588235294117647
discounted_lints,hybrid,z72_a0p5_hybrid_corr5_bsstablehie5_top10,4,3143,SOLUSDT,val_second,,-6.959709141603576,9.81327444504666,104,0.6084755536064861,True,,,,,,,6.0,4.0,4.451923076923077,4.0,4.0,0.9615384615384616,0.038461538461538464
discounted_lints,hybrid,z72_a0p5_hybrid_corr5_bsstablehie5_top10,5,3142,BTCUSDT,val,2000.0,-0.5436635909812693,3.695846158646643,68,0.8752873638533548,True,0.347,0.1375,0.13749999999999996,0.8625,0.8625,0.8575,20.0,4.0,9.147058823529411,4.0,7.25,0.8235294117647058,0.17647058823529413
discounted_lints,hybrid,z72_a0p5_hybrid_corr5_bsstablehie5_top10,5,3142,BTCUSDT,val_first,,0.8016467652246062,1.7448069426567292,31,1.3205200501111407,True,,,,,,,24.5,6.0,8.903225806451612,4.0,9.0,0.7741935483870968,0.22580645161290322
discounted_lints,hybrid,z72_a0p5_hybrid_corr5_bsstablehie5_top10,5,3142,BTCUSDT,val_second,,-1.3346114863968528,3.3591978255578248,37,0.657527373970038,True,,,,,,,15.0,4.0,9.35135135135135,4.0,6.0,0.8648648648648649,0.13513513513513514
discounted_lints,hybrid,z72_a0p5_hybrid_corr5_bsstablehie5_top10,5,3142,ETHUSDT,val,2000.0,-4.301037016578302,8.941297955217076,97,0.7032444174739058,True,0.291,0.1935,0.1935,0.8065,0.8065,0.805,8.5,4.0,6.0,4.0,5.0,0.865979381443299,0.13402061855670103
discounted_lints,hybrid,z72_a0p5_hybrid_corr5_bsstablehie5_top10,5,3142,ETHUSDT,val_first,,-2.555717182741579,3.2179564955208906,37,0.5197349447867136,True,,,,,,,12.0,4.0,6.216216216216216,4.0,5.0,0.8378378378378378,0.16216216216216217
discounted_lints,hybrid,z72_a0p5_hybrid_corr5_bsstablehie5_top10,5,3142,ETHUSDT,val_second,,-1.791095160615841,6.7317739529901495,59,0.7919392792077509,True,,,,,,,8.0,4.0,5.728813559322034,4.0,4.5,0.8983050847457628,0.1016949152542373
discounted_lints,hybrid,z72_a0p5_hybrid_corr5_bsstablehie5_top10,5,3142,SOLUSDT,val,2000.0,-5.7812063556398225,8.448699533984282,157,0.7466994059896497,True,0.511,0.3155,0.3155,0.6845,0.6845,0.682,8.0,4.0,6.484076433121019,4.0,5.0,0.8853503184713376,0.11464968152866242
discounted_lints,hybrid,z72_a0p5_hybrid_corr5_bsstablehie5_top10,5,3142,SOLUSDT,val_first,,-1.1059717276739156,5.248174665053873,76,0.8636491216694994,True,,,,,,,9.0,4.0,7.7368421052631575,4.0,7.25,0.8289473684210527,0.17105263157894737
discounted_lints,hybrid,z72_a0p5_hybrid_corr5_bsstablehie5_top10,5,3142,SOLUSDT,val_second,,-4.727519658812596,7.090136681220938,81,0.6249635538068992,True,,,,,,,7.0,4.0,5.308641975308642,4.0,4.0,0.9382716049382716,0.06172839506172839
discounted_lints,hybrid,z72_a0p5_hybrid_corr5_bsstablehie5_top10,5,3143,BTCUSDT,val,2000.0,-4.11486216166762,5.7756008774003,91,0.5955935359959253,True,0.3575,0.1835,0.1835,0.8165,0.8165,0.8115,13.0,4.0,7.252747252747253,4.0,8.0,0.8131868131868132,0.18681318681318682
discounted_lints,hybrid,z72_a0p5_hybrid_corr5_bsstablehie5_top10,5,3143,BTCUSDT,val_first,,-1.7030305982743688,3.504704537769743,47,0.6221301948023006,True,,,,,,,12.0,4.0,6.148936170212766,4.0,6.0,0.851063829787234,0.14893617021276595
discounted_lints,hybrid,z72_a0p5_hybrid_corr5_bsstablehie5_top10,5,3143,BTCUSDT,val_second,,-2.4536174188000026,4.106126908874996,44,0.5735859973905687,True,,,,,,,13.0,5.0,8.431818181818182,4.0,9.0,0.7727272727272727,0.22727272727272727
discounted_lints,hybrid,z72_a0p5_hybrid_corr5_bsstablehie5_top10,5,3143,ETHUSDT,val,2000.0,-7.639148189325429,11.222487729453313,76,0.5068757242427796,True,0.2915,0.1515,0.15149999999999997,0.8485,0.8485,0.847,11.0,4.0,7.671052631578948,4.0,10.0,0.7368421052631579,0.2631578947368421
discounted_lints,hybrid,z72_a0p5_hybrid_corr5_bsstablehie5_top10,5,3143,ETHUSDT,val_first,,-3.5292907978709653,4.220245458549399,26,0.294086549666278,True,,,,,,,17.5,7.0,10.115384615384615,4.0,11.75,0.6153846153846154,0.38461538461538464
discounted_lints,hybrid,z72_a0p5_hybrid_corr5_bsstablehie5_top10,5,3143,ETHUSDT,val_second,,-4.260212685742082,8.15214120513984,49,0.6008290706803022,True,,,,,,,9.0,4.0,6.448979591836735,4.0,7.0,0.7959183673469388,0.20408163265306123
discounted_lints,hybrid,z72_a0p5_hybrid_corr5_bsstablehie5_top10,5,3143,SOLUSDT,val,2000.0,-10.618876955859434,11.024844905852982,174,0.60688904182666,True,0.507,0.3475,0.34750000000000003,0.6525,0.6525,0.6495,8.0,4.0,5.827586206896552,4.0,5.0,0.9310344827586207,0.06896551724137931
discounted_lints,hybrid,z72_a0p5_hybrid_corr5_bsstablehie5_top10,5,3143,SOLUSDT,val_first,,-1.2015529936484914,5.045570781267661,93,0.8705006983088551,True,,,,,,,7.5,4.0,6.344086021505376,4.0,6.0,0.9139784946236559,0.08602150537634409
discounted_lints,hybrid,z72_a0p5_hybrid_corr5_bsstablehie5_top10,5,3143,SOLUSDT,val_second,,-9.531854242208404,9.7922741339157,81,0.366558500329908,True,,,,,,,8.0,4.0,5.234567901234568,4.0,4.0,0.9506172839506173,0.04938271604938271
discounted_lints,hybrid,z72_a0p5_hybrid_corr5_bsstablehie5_top10,6,3142,BTCUSDT,val,2000.0,-6.487647975797984,7.250782609935735,223,0.6887082351392511,True,0.581,0.4475,0.4475,0.5525,0.5525,0.5475,8.0,4.0,5.1076233183856505,4.0,5.0,0.9596412556053812,0.04035874439461883
discounted_lints,hybrid,z72_a0p5_hybrid_corr5_bsstablehie5_top10,6,3142,BTCUSDT,val_first,,-1.041019644861363,3.13576548836878,109,0.8668126401233891,True,,,,,,,8.0,4.0,5.18348623853211,4.0,5.0,0.9541284403669725,0.045871559633027525
discounted_lints,hybrid,z72_a0p5_hybrid_corr5_bsstablehie5_top10,6,3142,BTCUSDT,val_second,,-5.5039252742803635,6.201287057820792,113,0.5473049570104347,True,,,,,,,8.0,4.0,5.035398230088496,4.0,6.0,0.9646017699115044,0.035398230088495575
discounted_lints,hybrid,z72_a0p5_hybrid_corr5_bsstablehie5_top10,6,3142,ETHUSDT,val,2000.0,-10.36635432821792,13.470549904429985,199,0.6181959998315208,True,0.508,0.3975,0.39749999999999996,0.6025,0.6025,0.601,8.0,4.0,5.105527638190955,4.0,5.0,0.9547738693467337,0.04522613065326633
discounted_lints,hybrid,z72_a0p5_hybrid_corr5_bsstablehie5_top10,6,3142,ETHUSDT,val_first,,-3.767911399388235,5.248627698403463,107,0.6911499858829823,True,,,,,,,8.0,4.0,5.074766355140187,4.0,5.0,0.9626168224299065,0.037383177570093455
discounted_lints,hybrid,z72_a0p5_hybrid_corr5_bsstablehie5_top10,6,3142,ETHUSDT,val_second,,-6.856801119858202,10.387338476170282,92,0.5609680504474559,True,,,,,,,8.0,4.0,5.141304347826087,4.0,5.0,0.9456521739130435,0.05434782608695652
discounted_lints,hybrid,z72_a0p5_hybrid_corr5_bsstablehie5_top10,6,3142,SOLUSDT,val,2000.0,-7.6650186196694285,9.187592531805999,188,0.7298641377990424,True,0.5065,0.3775,0.37749999999999995,0.6225,0.6225,0.6205,8.0,4.0,5.361702127659575,4.0,5.0,0.9468085106382979,0.05319148936170213
discounted_lints,hybrid,z72_a0p5_hybrid_corr5_bsstablehie5_top10,6,3142,SOLUSDT,val_first,,-0.159916385348724,2.882120169576363,91,0.9352527366981832,True,,,,,,,9.0,4.0,5.846153846153846,4.0,6.0,0.9230769230769231,0.07692307692307693
discounted_lints,hybrid,z72_a0p5_hybrid_corr5_bsstablehie5_top10,6,3142,SOLUSDT,val_second,,-7.517123346258248,9.101964489106996,97,0.5648578578297144,True,,,,,,,7.0,4.0,4.907216494845361,4.0,5.0,0.9690721649484536,0.030927835051546393
discounted_lints,hybrid,z72_a0p5_hybrid_corr5_bsstablehie5_top10,6,3143,BTCUSDT,val,2000.0,-7.188008987760208,7.186621676310578,218,0.6309411285382517,True,0.563,0.4355,0.4355,0.5645,0.5645,0.5615,8.0,4.0,5.165137614678899,4.0,5.0,0.9541284403669725,0.045871559633027525
discounted_lints,hybrid,z72_a0p5_hybrid_corr5_bsstablehie5_top10,6,3143,BTCUSDT,val_first,,-3.7176248864882133,5.12121991855653,104,0.6399842268125926,True,,,,,,,8.0,4.0,5.3076923076923075,4.0,5.25,0.9423076923076923,0.057692307692307696
discounted_lints,hybrid,z72_a0p5_hybrid_corr5_bsstablehie5_top10,6,3143,BTCUSDT,val_second,,-3.6043814843377153,3.7920945789186478,113,0.6282853417531058,True,,,,,,,8.0,4.0,5.035398230088496,4.0,5.0,0.9646017699115044,0.035398230088495575
discounted_lints,hybrid,z72_a0p5_hybrid_corr5_bsstablehie5_top10,6,3143,ETHUSDT,val,2000.0,-11.106574862676343,13.771248706473383,203,0.5787165660857461,True,0.493,0.4075,0.4075,0.5925,0.5925,0.591,7.0,4.0,4.83743842364532,4.0,5.0,0.9655172413793104,0.034482758620689655
discounted_lints,hybrid,z72_a0p5_hybrid_corr5_bsstablehie5_top10,6,3143,ETHUSDT,val_first,,-3.5435820876905666,5.336280540609939,111,0.6781027020598022,True,,,,,,,8.0,4.0,4.792792792792793,4.0,5.0,0.9819819819819819,0.018018018018018018
discounted_lints,hybrid,z72_a0p5_hybrid_corr5_bsstablehie5_top10,6,3143,ETHUSDT,val_second,,-7.840839353853523,10.60340705175371,92,0.5124489261303898,True,,,,,,,7.0,4.0,4.891304347826087,4.0,5.0,0.9456521739130435,0.05434782608695652
discounted_lints,hybrid,z72_a0p5_hybrid_corr5_bsstablehie5_top10,6,3143,SOLUSDT,val,2000.0,-11.20700437488753,13.454434648529922,204,0.6359947072343681,True,0.5415,0.408,0.40800000000000003,0.592,0.592,0.59,8.0,4.0,5.303921568627451,4.0,5.0,0.946078431372549,0.05392156862745098
discounted_lints,hybrid,z72_a0p5_hybrid_corr5_bsstablehie5_top10,6,3143,SOLUSDT,val_first,,-2.232340782068709,3.693122163325968,109,0.8134050084185769,True,,,,,,,8.0,4.0,5.559633027522936,4.0,5.0,0.9357798165137615,0.06422018348623854
discounted_lints,hybrid,z72_a0p5_hybrid_corr5_bsstablehie5_top10,6,3143,SOLUSDT,val_second,,-9.179583171581973,11.925900352815477,95,0.5091565673580187,True,,,,,,,7.0,4.0,5.010526315789473,4.0,5.0,0.9578947368421052,0.042105263157894736
discounted_lints,hybrid,z72_a0p5_hybrid_corr5_bsstablehie5_top10,7,3142,BTCUSDT,val,2000.0,-5.646328300380166,6.31842158536795,124,0.5959854209252617,True,0.369,0.2495,0.24950000000000006,0.7505,0.7505,0.7455,9.0,4.0,5.741935483870968,4.0,5.0,0.9032258064516129,0.0967741935483871
discounted_lints,hybrid,z72_a0p5_hybrid_corr5_bsstablehie5_top10,7,3142,BTCUSDT,val_first,,-1.3566314758588938,2.60064310287641,60,0.742926825230255,True,,,,,,,9.0,4.0,5.15,4.0,5.0,0.9,0.1
discounted_lints,hybrid,z72_a0p5_hybrid_corr5_bsstablehie5_top10,7,3142,BTCUSDT,val_second,,-4.348692556531509,5.0301395286874495,64,0.4928706088628156,True,,,,,,,8.0,4.0,6.296875,4.0,5.0,0.90625,0.09375
discounted_lints,hybrid,z72_a0p5_hybrid_corr5_bsstablehie5_top10,7,3142,ETHUSDT,val,2000.0,-5.268257506614981,9.44739340644254,107,0.6738602307832353,True,0.3395,0.2135,0.21350000000000002,0.7865,0.7865,0.785,8.5,4.0,6.345794392523365,4.0,6.0,0.8878504672897196,0.11214953271028037
discounted_lints,hybrid,z72_a0p5_hybrid_corr5_bsstablehie5_top10,7,3142,ETHUSDT,val_first,,-1.3391941464710455,2.89383691628895,46,0.7329424597490963,True,,,,,,,10.0,4.0,7.173913043478261,4.0,6.75,0.8695652173913043,0.13043478260869565
discounted_lints,hybrid,z72_a0p5_hybrid_corr5_bsstablehie5_top10,7,3142,ETHUSDT,val_second,,-3.982395365771696,8.537181963699291,60,0.6616232225903214,True,,,,,,,7.0,4.0,5.75,4.0,5.0,0.9,0.1
discounted_lints,hybrid,z72_a0p5_hybrid_corr5_bsstablehie5_top10,7,3142,SOLUSDT,val,2000.0,-5.467484346090945,8.698962908093733,170,0.7666177697175072,True,0.4935,0.3395,0.3395,0.6605,0.6605,0.658,8.0,4.0,5.805882352941176,4.0,5.0,0.8941176470588236,0.10588235294117647
discounted_lints,hybrid,z72_a0p5_hybrid_corr5_bsstablehie5_top10,7,3142,SOLUSDT,val_first,,0.394271918820599,4.214116883405605,82,0.9599710824840169,True,,,,,,,9.0,4.0,6.426829268292683,4.0,6.75,0.8658536585365854,0.13414634146341464
discounted_lints,hybrid,z72_a0p5_hybrid_corr5_bsstablehie5_top10,7,3142,SOLUSDT,val_second,,-5.838735769358816,8.698962908093733,88,0.6230214965157712,True,,,,,,,7.0,4.0,5.2272727272727275,4.0,4.0,0.9204545454545454,0.07954545454545454
discounted_lints,hybrid,z72_a0p5_hybrid_corr5_bsstablehie5_top10,7,3143,BTCUSDT,val,2000.0,-7.360506109372611,8.766361153472147,163,0.5375744981567596,True,0.4415,0.3255,0.3255,0.6745,0.6745,0.6695,8.0,4.0,5.41717791411043,4.0,5.0,0.9202453987730062,0.07975460122699386
discounted_lints,hybrid,z72_a0p5_hybrid_corr5_bsstablehie5_top10,7,3143,BTCUSDT,val_first,,-3.336852727842443,4.087863197731845,82,0.5775178897079407,True,,,,,,,8.0,4.0,4.7560975609756095,4.0,4.0,0.9512195121951219,0.04878048780487805
discounted_lints,hybrid,z72_a0p5_hybrid_corr5_bsstablehie5_top10,7,3143,BTCUSDT,val_second,,-4.162551598078501,5.492904098282492,81,0.49978079758929617,True,,,,,,,8.0,4.0,6.08641975308642,4.0,5.0,0.8888888888888888,0.1111111111111111
discounted_lints,hybrid,z72_a0p5_hybrid_corr5_bsstablehie5_top10,7,3143,ETHUSDT,val,2000.0,-8.309214705716384,12.040173408909116,102,0.4993140384717452,True,0.357,0.2035,0.20350000000000001,0.7965,0.7965,0.795,9.0,4.0,7.0,4.0,6.0,0.8235294117647058,0.17647058823529413
discounted_lints,hybrid,z72_a0p5_hybrid_corr5_bsstablehie5_top10,7,3143,ETHUSDT,val_first,,-3.5432878869800843,4.608590243466681,48,0.4318256970644552,True,,,,,,,11.0,4.0,7.708333333333333,4.0,6.0,0.7916666666666666,0.20833333333333334
discounted_lints,hybrid,z72_a0p5_hybrid_corr5_bsstablehie5_top10,7,3143,ETHUSDT,val_second,,-4.941000697962828,9.062566975158537,53,0.5424281845234541,True,,,,,,,7.5,4.0,6.415094339622642,4.0,5.0,0.8490566037735849,0.1509433962264151
discounted_lints,hybrid,z72_a0p5_hybrid_corr5_bsstablehie5_top10,7,3143,SOLUSDT,val,2000.0,-8.114552774965833,10.120246234908247,202,0.7049129779554849,True,0.4895,0.404,0.404,0.596,0.596,0.592,7.0,4.0,4.846534653465347,4.0,4.0,0.9504950495049505,0.04950495049504951
discounted_lints,hybrid,z72_a0p5_hybrid_corr5_bsstablehie5_top10,7,3143,SOLUSDT,val_first,,-1.0685379944997075,4.292662508908696,102,0.8795054864189817,True,,,,,,,6.0,4.0,5.098039215686274,4.0,4.0,0.9313725490196079,0.06862745098039216
discounted_lints,hybrid,z72_a0p5_hybrid_corr5_bsstablehie5_top10,7,3143,SOLUSDT,val_second,,-7.122117309935627,9.956850112021876,100,0.5439528418387851,True,,,,,,,7.0,4.0,4.59,4.0,4.0,0.97,0.03
discounted_lints,hybrid,z72_a0p5_hybrid_corr5_bsstablehie5_top10,8,3142,BTCUSDT,val,2000.0,-2.943477001087813,4.86167122677017,85,0.6796857099418205,True,0.3165,0.1695,0.16949999999999998,0.8305,0.8305,0.8255,12.0,4.0,7.447058823529412,4.0,6.0,0.8470588235294118,0.15294117647058825
discounted_lints,hybrid,z72_a0p5_hybrid_corr5_bsstablehie5_top10,8,3142,BTCUSDT,val_first,,0.8378673235138967,1.4956890013872348,30,1.2928171797502555,True,,,,,,,14.0,4.0,6.666666666666667,4.0,8.5,0.8333333333333334,0.16666666666666666
discounted_lints,hybrid,z72_a0p5_hybrid_corr5_bsstablehie5_top10,8,3142,BTCUSDT,val_second,,-3.749924928965609,4.525092557452992,55,0.4792763881323341,True,,,,,,,10.0,4.0,7.872727272727273,4.0,5.0,0.8545454545454545,0.14545454545454545
discounted_lints,hybrid,z72_a0p5_hybrid_corr5_bsstablehie5_top10,8,3142,ETHUSDT,val,2000.0,-6.216140563982431,8.89112109217699,83,0.579459062743524,True,0.315,0.1655,0.16549999999999998,0.8345,0.8345,0.833,10.0,4.0,7.590361445783133,4.0,8.0,0.7710843373493976,0.2289156626506024
discounted_lints,hybrid,z72_a0p5_hybrid_corr5_bsstablehie5_top10,8,3142,ETHUSDT,val_first,,-1.719178810254618,2.582403790103882,35,0.6266383822844297,True,,,,,,,13.0,4.0,8.2,4.0,8.0,0.7428571428571429,0.2571428571428571
discounted_lints,hybrid,z72_a0p5_hybrid_corr5_bsstablehie5_top10,8,3142,ETHUSDT,val_second,,-4.575624927925437,7.4152011934783495,48,0.5590463743832869,True,,,,,,,9.0,4.0,7.145833333333333,4.0,8.0,0.7916666666666666,0.20833333333333334
discounted_lints,hybrid,z72_a0p5_hybrid_corr5_bsstablehie5_top10,8,3142,SOLUSDT,val,2000.0,-7.926866859246362,9.83593915100206,160,0.672706126453798,True,0.52,0.3215,0.3215,0.6785,0.6785,0.675,8.0,4.0,6.475,4.0,5.0,0.90625,0.09375
discounted_lints,hybrid,z72_a0p5_hybrid_corr5_bsstablehie5_top10,8,3142,SOLUSDT,val_first,,0.6940609313185853,3.3601452849104207,77,0.998602118920864,True,,,,,,,8.0,4.0,7.584415584415584,4.0,6.0,0.8701298701298701,0.12987012987012986
discounted_lints,hybrid,z72_a0p5_hybrid_corr5_bsstablehie5_top10,8,3142,SOLUSDT,val_second,,-8.561505724200668,9.104164075612719,83,0.43565020190877557,True,,,,,,,8.0,4.0,5.445783132530121,4.0,4.5,0.9397590361445783,0.060240963855421686
discounted_lints,hybrid,z72_a0p5_hybrid_corr5_bsstablehie5_top10,8,3143,BTCUSDT,val,2000.0,-3.041589458738292,4.852036976309271,81,0.6500260441516353,True,0.29,0.1615,0.16149999999999998,0.8385,0.8385,0.8335,11.0,4.0,7.160493827160494,4.0,6.0,0.8518518518518519,0.14814814814814814
discounted_lints,hybrid,z72_a0p5_hybrid_corr5_bsstablehie5_top10,8,3143,BTCUSDT,val_first,,-0.5744811657231841,2.1627045196174977,27,0.7852285061486446,True,,,,,,,22.0,4.0,6.703703703703703,4.0,8.5,0.8148148148148148,0.18518518518518517
discounted_lints,hybrid,z72_a0p5_hybrid_corr5_bsstablehie5_top10,8,3143,BTCUSDT,val_second,,-2.4813632575830913,3.9800611463838287,54,0.5850417252361801,True,,,,,,,10.0,4.0,7.388888888888889,4.0,5.75,0.8703703703703703,0.12962962962962962
discounted_lints,hybrid,z72_a0p5_hybrid_corr5_bsstablehie5_top10,8,3143,ETHUSDT,val,2000.0,-7.062557773046862,9.811849556026765,113,0.5629719459750676,True,0.344,0.2255,0.22550000000000003,0.7745,0.7745,0.773,7.0,4.0,6.088495575221239,4.0,4.0,0.8761061946902655,0.12389380530973451
discounted_lints,hybrid,z72_a0p5_hybrid_corr5_bsstablehie5_top10,8,3143,ETHUSDT,val_first,,-3.262988339199735,3.6698499823878517,50,0.5068771250053938,True,,,,,,,9.0,4.0,7.24,4.0,5.0,0.82,0.18
discounted_lints,hybrid,z72_a0p5_hybrid_corr5_bsstablehie5_top10,8,3143,ETHUSDT,val_second,,-3.927730832920473,7.10419414368798,62,0.606613160192687,True,,,,,,,6.0,4.0,5.193548387096774,4.0,4.0,0.9193548387096774,0.08064516129032258
discounted_lints,hybrid,z72_a0p5_hybrid_corr5_bsstablehie5_top10,8,3143,SOLUSDT,val,2000.0,-7.271780270588668,8.499807549081028,149,0.6904069852188194,True,0.4285,0.2995,0.2995,0.7005,0.7005,0.698,8.0,4.0,5.724832214765101,4.0,5.0,0.9194630872483222,0.08053691275167785
discounted_lints,hybrid,z72_a0p5_hybrid_corr5_bsstablehie5_top10,8,3143,SOLUSDT,val_first,,-0.7983518102529064,4.5558526710775205,76,0.8713900736070641,True,,,,,,,8.0,4.0,6.144736842105263,4.0,5.0,0.9078947368421053,0.09210526315789473
discounted_lints,hybrid,z72_a0p5_hybrid_corr5_bsstablehie5_top10,8,3143,SOLUSDT,val_second,,-6.525525108165297,8.499807549081028,73,0.5292472041987627,True,,,,,,,8.0,4.0,5.287671232876712,4.0,4.0,0.9315068493150684,0.0684931506849315
discounted_lints,hybrid,z72_a0p5_hybrid_corr5_bsstablehie5_top10,9,3142,BTCUSDT,val,2000.0,-5.650875476957262,6.171172924321966,96,0.5451955983382388,True,0.3945,0.1935,0.1935,0.8065,0.8065,0.8015,11.0,4.0,7.947916666666667,4.0,7.0,0.8229166666666666,0.17708333333333334
discounted_lints,hybrid,z72_a0p5_hybrid_corr5_bsstablehie5_top10,9,3142,BTCUSDT,val_first,,-0.5927583696373917,3.4292112168749944,32,0.8139765384379672,True,,,,,,,19.0,5.5,10.375,4.0,14.5,0.6875,0.3125
discounted_lints,hybrid,z72_a0p5_hybrid_corr5_bsstablehie5_top10,9,3142,BTCUSDT,val_second,,-5.08827830283034,5.575352830234658,64,0.42230826771715263,True,,,,,,,9.0,4.0,6.734375,4.0,5.0,0.890625,0.109375
discounted_lints,hybrid,z72_a0p5_hybrid_corr5_bsstablehie5_top10,9,3142,ETHUSDT,val,2000.0,-10.229464026315027,13.161780509031495,124,0.4594382098926079,True,0.332,0.248,0.248,0.752,0.752,0.749,8.0,4.0,5.354838709677419,4.0,4.0,0.9032258064516129,0.0967741935483871
discounted_lints,hybrid,z72_a0p5_hybrid_corr5_bsstablehie5_top10,9,3142,ETHUSDT,val_first,,-5.690654548723472,5.97023844372484,56,0.28672087987498895,True,,,,,,,8.0,4.0,5.357142857142857,4.0,4.0,0.9107142857142857,0.08928571428571429
discounted_lints,hybrid,z72_a0p5_hybrid_corr5_bsstablehie5_top10,9,3142,ETHUSDT,val_second,,-4.812682620023545,8.260630830447157,67,0.5762097561667856,True,,,,,,,7.0,4.0,5.373134328358209,4.0,4.0,0.8955223880597015,0.1044776119402985
discounted_lints,hybrid,z72_a0p5_hybrid_corr5_bsstablehie5_top10,9,3142,SOLUSDT,val,2000.0,-8.507686039092977,10.246505459089516,162,0.6665893184915438,True,0.4665,0.3255,0.3255,0.6745,0.6745,0.6715,8.0,4.0,5.728395061728395,4.0,5.0,0.9197530864197531,0.08024691358024691
discounted_lints,hybrid,z72_a0p5_hybrid_corr5_bsstablehie5_top10,9,3142,SOLUSDT,val_first,,0.08238247088216966,3.3698396511867457,80,0.943518645473797,True,,,,,,,9.0,4.0,6.0,4.0,5.25,0.9,0.1
discounted_lints,hybrid,z72_a0p5_hybrid_corr5_bsstablehie5_top10,9,3142,SOLUSDT,val_second,,-8.582997624456368,10.246505459089516,82,0.45628469800988675,True,,,,,,,7.0,4.0,5.463414634146342,4.0,4.0,0.9390243902439024,0.06097560975609756
discounted_lints,hybrid,z72_a0p5_hybrid_corr5_bsstablehie5_top10,9,3143,BTCUSDT,val,2000.0,-4.43246691664112,6.2986505797735575,114,0.6746792631021168,True,0.411,0.2295,0.22950000000000004,0.7705,0.7705,0.7655,9.0,4.0,6.982456140350878,4.0,5.0,0.8859649122807017,0.11403508771929824
discounted_lints,hybrid,z72_a0p5_hybrid_corr5_bsstablehie5_top10,9,3143,BTCUSDT,val_first,,-0.8586031224177226,3.6357469165077094,50,0.8102686067021674,True,,,,,,,10.0,4.0,6.2,4.0,5.0,0.86,0.14
discounted_lints,hybrid,z72_a0p5_hybrid_corr5_bsstablehie5_top10,9,3143,BTCUSDT,val_second,,-3.6048148470576136,5.108761941632101,64,0.5900334170439573,True,,,,,,,9.0,4.0,7.59375,4.0,5.25,0.90625,0.09375
discounted_lints,hybrid,z72_a0p5_hybrid_corr5_bsstablehie5_top10,9,3143,ETHUSDT,val,2000.0,-5.770936758015677,9.435749504311918,119,0.6874609021798344,True,0.341,0.2375,0.23750000000000004,0.7625,0.7625,0.761,7.0,4.0,5.73109243697479,4.0,5.0,0.8823529411764706,0.11764705882352941
discounted_lints,hybrid,z72_a0p5_hybrid_corr5_bsstablehie5_top10,9,3143,ETHUSDT,val_first,,-1.8478841683053027,3.181950143597656,50,0.7148209461206028,True,,,,,,,11.0,4.0,6.36,4.0,6.0,0.82,0.18
discounted_lints,hybrid,z72_a0p5_hybrid_corr5_bsstablehie5_top10,9,3143,ETHUSDT,val_second,,-3.9969108729529523,7.994030543573382,69,0.6741878084159387,True,,,,,,,6.0,4.0,5.27536231884058,4.0,4.0,0.927536231884058,0.07246376811594203
discounted_lints,hybrid,z72_a0p5_hybrid_corr5_bsstablehie5_top10,9,3143,SOLUSDT,val,2000.0,-8.817106980925804,10.459979487731985,167,0.6741193173802285,True,0.469,0.3355,0.3355,0.6645,0.6645,0.662,7.0,4.0,5.580838323353293,4.0,4.0,0.9161676646706587,0.08383233532934131
discounted_lints,hybrid,z72_a0p5_hybrid_corr5_bsstablehie5_top10,9,3143,SOLUSDT,val_first,,-2.649465307221799,5.677226333795682,83,0.7669423621650497,True,,,,,,,8.0,4.0,6.0843373493975905,4.0,5.0,0.9156626506024096,0.08433734939759036
discounted_lints,hybrid,z72_a0p5_hybrid_corr5_bsstablehie5_top10,9,3143,SOLUSDT,val_second,,-6.335498508732417,8.225061252793308,84,0.5856594923926612,True,,,,,,,7.0,4.0,5.083333333333333,4.0,4.0,0.9166666666666666,0.08333333333333333
discounted_lints,hybrid,z72_a0p5_hybrid_corr5_bsstablehie5_top10,10,3142,BTCUSDT,val,2000.0,-3.7517311804910025,4.709555067905125,179,0.792221644231442,True,0.4965,0.3595,0.35950000000000004,0.6405,0.6405,0.6355,8.0,4.0,5.402234636871508,4.0,5.0,0.9329608938547486,0.0670391061452514
discounted_lints,hybrid,z72_a0p5_hybrid_corr5_bsstablehie5_top10,10,3142,BTCUSDT,val_first,,-0.4851083666986389,3.154119542393785,91,0.9149108257851187,True,,,,,,,9.0,4.0,5.461538461538462,4.0,6.0,0.9340659340659341,0.06593406593406594
discounted_lints,hybrid,z72_a0p5_hybrid_corr5_bsstablehie5_top10,10,3142,BTCUSDT,val_second,,-3.282546722584412,3.6926910050852912,88,0.6891662868065094,True,,,,,,,8.0,4.0,5.340909090909091,4.0,5.0,0.9318181818181818,0.06818181818181818
discounted_lints,hybrid,z72_a0p5_hybrid_corr5_bsstablehie5_top10,10,3142,ETHUSDT,val,2000.0,-9.446977056329242,13.395719336407785,142,0.5766513552189605,True,0.4395,0.2855,0.2855,0.7145,0.7145,0.713,8.0,4.0,6.161971830985915,4.0,6.0,0.8732394366197183,0.1267605633802817
discounted_lints,hybrid,z72_a0p5_hybrid_corr5_bsstablehie5_top10,10,3142,ETHUSDT,val_first,,-4.610554147486512,5.783151156339272,70,0.49184429901968535,True,,,,,,,9.0,4.0,6.414285714285715,4.0,7.0,0.8571428571428571,0.14285714285714285
discounted_lints,hybrid,z72_a0p5_hybrid_corr5_bsstablehie5_top10,10,3142,ETHUSDT,val_second,,-5.070186607772708,9.427608962979617,72,0.6266571646592576,True,,,,,,,7.0,4.0,5.916666666666667,4.0,5.0,0.8888888888888888,0.1111111111111111
discounted_lints,hybrid,z72_a0p5_hybrid_corr5_bsstablehie5_top10,10,3142,SOLUSDT,val,2000.0,-6.9260492844118176,8.598297701114266,169,0.7258839859348197,True,0.497,0.3395,0.3395,0.6605,0.6605,0.658,8.0,4.0,5.85207100591716,4.0,6.0,0.9053254437869822,0.09467455621301775
discounted_lints,hybrid,z72_a0p5_hybrid_corr5_bsstablehie5_top10,10,3142,SOLUSDT,val_first,,-0.8895857070146507,4.000679220094794,82,0.8820029548006366,True,,,,,,,8.0,4.0,6.634146341463414,4.0,6.0,0.8780487804878049,0.12195121951219512
discounted_lints,hybrid,z72_a0p5_hybrid_corr5_bsstablehie5_top10,10,3142,SOLUSDT,val_second,,-6.090645085543156,8.598297701114266,87,0.6037244946204268,True,,,,,,,7.0,4.0,5.114942528735632,4.0,5.0,0.9310344827586207,0.06896551724137931
discounted_lints,hybrid,z72_a0p5_hybrid_corr5_bsstablehie5_top10,10,3143,BTCUSDT,val,2000.0,-8.074466101265498,8.877800773986543,175,0.5769703514348533,True,0.507,0.3515,0.35150000000000003,0.6485,0.6485,0.6435,8.0,4.0,5.645714285714286,4.0,5.5,0.9371428571428572,0.06285714285714286
discounted_lints,hybrid,z72_a0p5_hybrid_corr5_bsstablehie5_top10,10,3143,BTCUSDT,val_first,,-2.2402441241988424,4.313310162641604,95,0.740246065097482,True,,,,,,,7.5,4.0,5.157894736842105,4.0,5.0,0.9473684210526315,0.05263157894736842
discounted_lints,hybrid,z72_a0p5_hybrid_corr5_bsstablehie5_top10,10,3143,BTCUSDT,val_second,,-5.967917907322462,6.590698390325023,80,0.42908152647977726,True,,,,,,,9.0,4.0,6.225,4.0,6.0,0.925,0.075
discounted_lints,hybrid,z72_a0p5_hybrid_corr5_bsstablehie5_top10,10,3143,ETHUSDT,val,2000.0,-6.633895438103165,10.757859342517161,150,0.68117799367242,True,0.426,0.2995,0.2995,0.7005,0.7005,0.699,8.0,4.0,5.68,4.0,5.0,0.9066666666666666,0.09333333333333334
discounted_lints,hybrid,z72_a0p5_hybrid_corr5_bsstablehie5_top10,10,3143,ETHUSDT,val_first,,-0.9171613947509094,2.9180372196584203,77,0.868854370060732,True,,,,,,,9.0,4.0,5.792207792207792,4.0,5.0,0.8831168831168831,0.11688311688311688
discounted_lints,hybrid,z72_a0p5_hybrid_corr5_bsstablehie5_top10,10,3143,ETHUSDT,val_second,,-5.769651055444635,10.032159582017941,72,0.5991396102232951,True,,,,,,,7.0,4.0,5.583333333333333,4.0,5.0,0.9305555555555556,0.06944444444444445
discounted_lints,hybrid,z72_a0p5_hybrid_corr5_bsstablehie5_top10,10,3143,SOLUSDT,val,2000.0,-4.641419067071051,7.032841199111606,181,0.8025130611591117,True,0.5035,0.3625,0.36250000000000004,0.6375,0.6375,0.634,7.0,4.0,5.552486187845304,4.0,5.0,0.8950276243093923,0.10497237569060773
discounted_lints,hybrid,z72_a0p5_hybrid_corr5_bsstablehie5_top10,10,3143,SOLUSDT,val_first,,0.38492908211613663,3.8053083978883184,88,0.9798835371370658,True,,,,,,,7.0,4.0,6.1022727272727275,4.0,6.0,0.8522727272727273,0.14772727272727273
discounted_lints,hybrid,z72_a0p5_hybrid_corr5_bsstablehie5_top10,10,3143,SOLUSDT,val_second,,-5.007074463414307,7.032841199111606,93,0.6706998327117608,True,,,,,,,7.0,4.0,5.032258064516129,4.0,5.0,0.9354838709677419,0.06451612903225806
discounted_lints,hybrid,z72_a0p5_hybrid_corr5_bsstablehie5_top10,11,3142,BTCUSDT,val,2000.0,-0.41238503544615,2.9229724261958356,56,0.8822698194684734,True,0.3155,0.1135,0.11350000000000005,0.8865,0.8865,0.8815,21.5,4.0,9.446428571428571,4.0,10.5,0.7321428571428571,0.26785714285714285
discounted_lints,hybrid,z72_a0p5_hybrid_corr5_bsstablehie5_top10,11,3142,BTCUSDT,val_first,,0.8969493915952809,1.4967009589317626,29,1.3048304829937252,True,,,,,,,26.5,4.0,8.379310344827585,4.0,7.0,0.7586206896551724,0.2413793103448276
discounted_lints,hybrid,z72_a0p5_hybrid_corr5_bsstablehie5_top10,11,3142,BTCUSDT,val_second,,-1.297694761770951,2.743808753027488,27,0.5933605762369039,True,,,,,,,14.0,4.0,10.592592592592593,4.0,11.0,0.7037037037037037,0.2962962962962963
discounted_lints,hybrid,z72_a0p5_hybrid_corr5_bsstablehie5_top10,11,3142,ETHUSDT,val,2000.0,-0.3446829318393019,4.002029208024915,96,0.923815813299506,True,0.304,0.1915,0.1915,0.8085,0.8085,0.807,7.0,4.0,6.333333333333333,4.0,5.0,0.8958333333333334,0.10416666666666667
discounted_lints,hybrid,z72_a0p5_hybrid_corr5_bsstablehie5_top10,11,3142,ETHUSDT,val_first,,-0.6672853711286231,1.73593013864628,32,0.8340747026753459,True,,,,,,,16.0,4.5,9.15625,4.0,8.25,0.78125,0.21875
discounted_lints,hybrid,z72_a0p5_hybrid_corr5_bsstablehie5_top10,11,3142,ETHUSDT,val_second,,0.3247695791810834,3.3598342870786335,63,0.975791358429343,True,,,,,,,6.0,4.0,4.936507936507937,4.0,4.0,0.9523809523809523,0.047619047619047616
discounted_lints,hybrid,z72_a0p5_hybrid_corr5_bsstablehie5_top10,11,3142,SOLUSDT,val,2000.0,-5.536754270652811,6.669783811274854,133,0.7186012545861343,True,0.372,0.266,0.266,0.734,0.734,0.731,9.0,4.0,5.593984962406015,4.0,5.0,0.9398496240601504,0.06015037593984962
discounted_lints,hybrid,z72_a0p5_hybrid_corr5_bsstablehie5_top10,11,3142,SOLUSDT,val_first,,-2.111240826369154,4.3193615336951545,63,0.7625479117024758,True,,,,,,,9.5,4.0,6.412698412698413,4.0,6.0,0.9206349206349206,0.07936507936507936
discounted_lints,hybrid,z72_a0p5_hybrid_corr5_bsstablehie5_top10,11,3142,SOLUSDT,val_second,,-3.4993940807928947,6.223058495122302,70,0.6760256967355499,True,,,,,,,8.0,4.0,4.857142857142857,4.0,4.0,0.9571428571428572,0.04285714285714286
discounted_lints,hybrid,z72_a0p5_hybrid_corr5_bsstablehie5_top10,11,3143,BTCUSDT,val,2000.0,-1.945358809074249,4.501796868636454,69,0.7392232278562046,True,0.277,0.1375,0.13749999999999996,0.8625,0.8625,0.8575,13.0,4.0,8.028985507246377,4.0,8.0,0.7681159420289855,0.2318840579710145
discounted_lints,hybrid,z72_a0p5_hybrid_corr5_bsstablehie5_top10,11,3143,BTCUSDT,val_first,,0.6319575760428853,1.4022289330462012,20,1.332737505494827,True,,,,,,,19.0,6.0,7.5,4.0,10.25,0.7,0.3
discounted_lints,hybrid,z72_a0p5_hybrid_corr5_bsstablehie5_top10,11,3143,BTCUSDT,val_second,,-2.5611311229532308,3.6246854979301135,49,0.5952633423389722,True,,,,,,,12.5,4.0,8.244897959183673,4.0,6.0,0.7959183673469388,0.20408163265306123
discounted_lints,hybrid,z72_a0p5_hybrid_corr5_bsstablehie5_top10,11,3143,ETHUSDT,val,2000.0,-4.3861911639369255,7.628929445479504,96,0.7017622425456079,True,0.3135,0.1935,0.1935,0.8065,0.8065,0.803,8.0,4.0,6.416666666666667,4.0,7.0,0.8541666666666666,0.14583333333333334
discounted_lints,hybrid,z72_a0p5_hybrid_corr5_bsstablehie5_top10,11,3143,ETHUSDT,val_first,,-1.8321663437880553,3.1915911051796697,41,0.6660568918030777,True,,,,,,,10.0,4.0,6.804878048780488,4.0,7.0,0.8780487804878049,0.12195121951219512
discounted_lints,hybrid,z72_a0p5_hybrid_corr5_bsstablehie5_top10,11,3143,ETHUSDT,val_second,,-2.601692148054502,6.287123879455803,54,0.7266557509845494,True,,,,,,,6.5,4.0,6.166666666666667,4.0,6.5,0.8333333333333334,0.16666666666666666
discounted_lints,hybrid,z72_a0p5_hybrid_corr5_bsstablehie5_top10,11,3143,SOLUSDT,val,2000.0,-5.423589029738107,6.275197662188258,96,0.6662785489565678,True,0.3045,0.192,0.19199999999999995,0.808,0.808,0.803,10.0,4.0,6.34375,4.0,5.25,0.8541666666666666,0.14583333333333334
discounted_lints,hybrid,z72_a0p5_hybrid_corr5_bsstablehie5_top10,11,3143,SOLUSDT,val_first,,-0.1398654999779203,3.6365706120910835,53,0.9137149736145055,True,,,,,,,8.5,4.0,6.339622641509434,4.0,5.0,0.8490566037735849,0.1509433962264151
discounted_lints,hybrid,z72_a0p5_hybrid_corr5_bsstablehie5_top10,11,3143,SOLUSDT,val_second,,-5.291123986778756,5.470948625445027,43,0.42502890814735605,True,,,,,,,11.5,4.0,6.348837209302325,4.0,5.0,0.8604651162790697,0.13953488372093023
discounted_lints,hybrid,z72_a0p5_hybrid_corr5_bsstablehie5_top10,12,3142,BTCUSDT,val,2000.0,-5.269934247107411,6.89440084921753,99,0.5466396698779986,True,0.3625,0.1975,0.1975,0.8025,0.8025,0.7975,11.0,4.0,7.3232323232323235,4.0,5.5,0.8383838383838383,0.16161616161616163
discounted_lints,hybrid,z72_a0p5_hybrid_corr5_bsstablehie5_top10,12,3142,BTCUSDT,val_first,,-0.7794473749814568,3.3302295594606623,45,0.8049207975058021,True,,,,,,,13.0,4.0,6.0,4.0,5.0,0.8222222222222222,0.17777777777777778
discounted_lints,hybrid,z72_a0p5_hybrid_corr5_bsstablehie5_top10,12,3142,BTCUSDT,val_second,,-4.525762811558531,5.64516417573434,54,0.39960444483795665,True,,,,,,,10.0,4.0,8.425925925925926,4.0,5.75,0.8518518518518519,0.14814814814814814
discounted_lints,hybrid,z72_a0p5_hybrid_corr5_bsstablehie5_top10,12,3142,ETHUSDT,val,2000.0,-8.842031528402384,10.688110833579078,97,0.508767713271621,True,0.3135,0.1935,0.1935,0.8065,0.8065,0.805,10.0,4.0,6.463917525773196,4.0,6.0,0.865979381443299,0.13402061855670103
discounted_lints,hybrid,z72_a0p5_hybrid_corr5_bsstablehie5_top10,12,3142,ETHUSDT,val_first,,-4.588918402573682,5.1602381380647655,45,0.4237885086434825,True,,,,,,,11.0,4.0,6.688888888888889,4.0,6.0,0.8444444444444444,0.15555555555555556
discounted_lints,hybrid,z72_a0p5_hybrid_corr5_bsstablehie5_top10,12,3142,ETHUSDT,val_second,,-4.457672059283557,6.666195927102281,51,0.573921512278567,True,,,,,,,8.0,4.0,6.313725490196078,4.0,6.5,0.8823529411764706,0.11764705882352941
discounted_lints,hybrid,z72_a0p5_hybrid_corr5_bsstablehie5_top10,12,3142,SOLUSDT,val,2000.0,-2.6396083115234448,6.714559404214349,87,0.7878639028082894,True,0.284,0.1755,0.1755,0.8245,0.8245,0.8225,10.0,4.0,6.482758620689655,4.0,5.0,0.8850574712643678,0.11494252873563218
discounted_lints,hybrid,z72_a0p5_hybrid_corr5_bsstablehie5_top10,12,3142,SOLUSDT,val_first,,3.1279663165954874,1.7666698565942607,32,1.9260564868183625,True,,,,,,,12.0,4.0,7.65625,4.0,6.25,0.8125,0.1875
discounted_lints,hybrid,z72_a0p5_hybrid_corr5_bsstablehie5_top10,12,3142,SOLUSDT,val_second,,-5.59263877114855,6.333189328169708,55,0.47873625155694394,True,,,,,,,10.0,4.0,5.8,4.0,5.0,0.9272727272727272,0.07272727272727272
discounted_lints,hybrid,z72_a0p5_hybrid_corr5_bsstablehie5_top10,12,3143,BTCUSDT,val,2000.0,-4.1927681663564975,5.603363654591432,80,0.5983974252896302,True,0.2945,0.1615,0.16149999999999998,0.8385,0.8385,0.8335,12.0,4.0,7.0375,4.0,5.0,0.85,0.15
discounted_lints,hybrid,z72_a0p5_hybrid_corr5_bsstablehie5_top10,12,3143,BTCUSDT,val_first,,0.3976145348743243,1.963081549833412,31,1.1073010837709905,True,,,,,,,18.0,4.0,6.419354838709677,4.0,6.0,0.8387096774193549,0.16129032258064516
discounted_lints,hybrid,z72_a0p5_hybrid_corr5_bsstablehie5_top10,12,3143,BTCUSDT,val_second,,-4.572202957707027,5.357099703134505,49,0.4003109079441574,True,,,,,,,11.0,4.0,7.428571428571429,4.0,5.0,0.8571428571428571,0.14285714285714285
discounted_lints,hybrid,z72_a0p5_hybrid_corr5_bsstablehie5_top10,12,3143,ETHUSDT,val,2000.0,0.01539198460998037,4.090077893782206,98,0.9483706922892297,True,0.294,0.1955,0.1955,0.8045,0.8045,0.803,7.0,4.0,6.0,4.0,6.0,0.8877551020408163,0.11224489795918367
discounted_lints,hybrid,z72_a0p5_hybrid_corr5_bsstablehie5_top10,12,3143,ETHUSDT,val_first,,-1.7681891329921595,2.527352836202612,32,0.6387549642604605,True,,,,,,,16.0,6.0,8.46875,4.0,9.25,0.75,0.25
discounted_lints,hybrid,z72_a0p5_hybrid_corr5_bsstablehie5_top10,12,3143,ETHUSDT,val_second,,1.8156858779859508,2.9133797063740863,65,1.1194932784255758,True,,,,,,,6.0,4.0,4.815384615384615,4.0,4.0,0.9538461538461539,0.046153846153846156
discounted_lints,hybrid,z72_a0p5_hybrid_corr5_bsstablehie5_top10,12,3143,SOLUSDT,val,2000.0,-3.504561854402477,5.528804770143692,108,0.7811790005326285,True,0.334,0.2175,0.21750000000000003,0.7825,0.7825,0.78,9.0,4.0,6.148148148148148,4.0,4.25,0.8703703703703703,0.12962962962962962
discounted_lints,hybrid,z72_a0p5_hybrid_corr5_bsstablehie5_top10,12,3143,SOLUSDT,val_first,,-0.13296946360806805,3.15909644061525,62,0.9263351635345485,True,,,,,,,7.0,4.0,5.67741935483871,4.0,4.0,0.9032258064516129,0.0967741935483871
discounted_lints,hybrid,z72_a0p5_hybrid_corr5_bsstablehie5_top10,12,3143,SOLUSDT,val_second,,-3.3760815483201867,4.584778270896173,46,0.6224969268051305,True,,,,,,,12.0,4.0,6.782608695652174,4.0,6.75,0.8260869565217391,0.17391304347826086
discounted_lints,hybrid,z72_a0p5_hybrid_corr5_bsstablehie5_top10,13,3142,BTCUSDT,val,2000.0,-3.16610224563344,4.3813982708654775,48,0.5793647321426216,True,0.313,0.0975,0.09750000000000003,0.9025,0.9025,0.8975,19.5,5.0,12.3125,4.0,13.5,0.7083333333333334,0.2916666666666667
discounted_lints,hybrid,z72_a0p5_hybrid_corr5_bsstablehie5_top10,13,3142,BTCUSDT,val_first,,-1.4517708740538926,3.577537018859689,24,0.6096586259525022,True,,,,,,,36.0,5.0,13.333333333333334,4.0,18.25,0.6666666666666666,0.3333333333333333
discounted_lints,hybrid,z72_a0p5_hybrid_corr5_bsstablehie5_top10,13,3142,BTCUSDT,val_second,,-1.7395861770266863,2.935331535001229,24,0.5408497747222016,True,,,,,,,11.0,4.5,11.291666666666666,4.0,9.5,0.75,0.25
discounted_lints,hybrid,z72_a0p5_hybrid_corr5_bsstablehie5_top10,13,3142,ETHUSDT,val,2000.0,-2.99497107889124,6.1178667000297065,91,0.7557683090138642,True,0.3115,0.1815,0.1815,0.8185,0.8185,0.817,10.5,4.0,6.846153846153846,4.0,8.0,0.7912087912087912,0.2087912087912088
discounted_lints,hybrid,z72_a0p5_hybrid_corr5_bsstablehie5_top10,13,3142,ETHUSDT,val_first,,-3.7101002966363317,4.468015527565217,40,0.45474958009163036,True,,,,,,,15.0,4.0,7.6,4.0,8.25,0.775,0.225
discounted_lints,hybrid,z72_a0p5_hybrid_corr5_bsstablehie5_top10,13,3142,ETHUSDT,val_second,,0.742683521270826,4.307112022177895,50,1.0262633727278456,True,,,,,,,9.0,4.0,6.3,4.0,7.0,0.8,0.2
discounted_lints,hybrid,z72_a0p5_hybrid_corr5_bsstablehie5_top10,13,3142,SOLUSDT,val,2000.0,-3.8302119798733214,5.637019524680653,67,0.6447855510215472,True,0.234,0.134,0.134,0.866,0.866,0.863,12.0,4.0,6.985074626865671,4.0,5.5,0.8208955223880597,0.1791044776119403
discounted_lints,hybrid,z72_a0p5_hybrid_corr5_bsstablehie5_top10,13,3142,SOLUSDT,val_first,,-0.1554011935225641,2.7736818339383573,27,0.9164645201454027,True,,,,,,,14.5,4.0,7.62962962962963,4.0,8.5,0.7777777777777778,0.2222222222222222
discounted_lints,hybrid,z72_a0p5_hybrid_corr5_bsstablehie5_top10,13,3142,SOLUSDT,val_second,,-3.6805303744806617,4.691470731814917,40,0.4999050572935146,True,,,,,,,12.0,4.0,6.55,4.0,5.0,0.85,0.15
discounted_lints,hybrid,z72_a0p5_hybrid_corr5_bsstablehie5_top10,13,3143,BTCUSDT,val,2000.0,-4.546288677607279,5.723616681957832,81,0.46244547636127636,True,0.347,0.1635,0.16349999999999998,0.8365,0.8365,0.8315,13.0,4.0,7.08641975308642,4.0,5.0,0.8148148148148148,0.18518518518518517
discounted_lints,hybrid,z72_a0p5_hybrid_corr5_bsstablehie5_top10,13,3143,BTCUSDT,val_first,,-1.6449659921919157,3.1256224370865837,41,0.5814893189197811,True,,,,,,,11.0,4.0,6.536585365853658,4.0,5.0,0.8048780487804879,0.1951219512195122
discounted_lints,hybrid,z72_a0p5_hybrid_corr5_bsstablehie5_top10,13,3143,BTCUSDT,val_second,,-2.9498466597907336,4.146865212249484,40,0.3659494793154107,True,,,,,,,15.0,4.0,7.65,4.0,5.25,0.825,0.175
discounted_lints,hybrid,z72_a0p5_hybrid_corr5_bsstablehie5_top10,13,3143,ETHUSDT,val,2000.0,-5.495382303911112,7.8557224329031445,77,0.59155649724798,True,0.2725,0.1535,0.15349999999999997,0.8465,0.8465,0.843,10.5,4.0,7.077922077922078,4.0,7.0,0.8311688311688312,0.16883116883116883
discounted_lints,hybrid,z72_a0p5_hybrid_corr5_bsstablehie5_top10,13,3143,ETHUSDT,val_first,,-2.6931024126114256,3.2597051869605265,26,0.4223644912688097,True,,,,,,,13.5,4.0,7.884615384615385,4.0,7.75,0.8076923076923077,0.19230769230769232
discounted_lints,hybrid,z72_a0p5_hybrid_corr5_bsstablehie5_top10,13,3143,ETHUSDT,val_second,,-2.8798368469029056,5.465801534408465,50,0.6792758976803328,True,,,,,,,8.0,4.0,6.72,4.0,6.75,0.84,0.16
discounted_lints,hybrid,z72_a0p5_hybrid_corr5_bsstablehie5_top10,13,3143,SOLUSDT,val,2000.0,-8.769478846522095,10.290179733075245,150,0.6362653095452874,True,0.477,0.3015,0.3015,0.6985,0.6985,0.695,7.0,4.0,6.333333333333333,4.0,5.0,0.8933333333333333,0.10666666666666667
discounted_lints,hybrid,z72_a0p5_hybrid_corr5_bsstablehie5_top10,13,3143,SOLUSDT,val_first,,-0.36152529459363425,3.937885521569251,67,0.9048105422999554,True,,,,,,,7.0,4.0,8.074626865671641,4.0,6.0,0.8208955223880597,0.1791044776119403
discounted_lints,hybrid,z72_a0p5_hybrid_corr5_bsstablehie5_top10,13,3143,SOLUSDT,val_second,,-8.438460721912522,8.688786086318888,83,0.4050037585987767,True,,,,,,,7.0,4.0,4.927710843373494,4.0,4.0,0.9518072289156626,0.04819277108433735
discounted_lints,hybrid,z72_a0p5_hybrid_corr5_bsstablehie5_top10,14,3142,BTCUSDT,val,2000.0,-4.346436871864546,6.02308450708856,97,0.628424993702023,True,0.331,0.1955,0.1955,0.8045,0.8045,0.7995,10.0,4.0,6.556701030927835,4.0,5.0,0.845360824742268,0.15463917525773196
discounted_lints,hybrid,z72_a0p5_hybrid_corr5_bsstablehie5_top10,14,3142,BTCUSDT,val_first,,-1.7185166495860882,3.5390703551968494,43,0.6262482296443334,True,,,,,,,10.5,4.0,5.930232558139535,4.0,4.0,0.813953488372093,0.18604651162790697
discounted_lints,hybrid,z72_a0p5_hybrid_corr5_bsstablehie5_top10,14,3142,BTCUSDT,val_second,,-2.6738711430604134,3.887066792730276,54,0.6300561245943779,True,,,,,,,9.0,4.0,7.055555555555555,4.0,5.0,0.8703703703703703,0.12962962962962962
discounted_lints,hybrid,z72_a0p5_hybrid_corr5_bsstablehie5_top10,14,3142,ETHUSDT,val,2000.0,-2.8070662196195695,6.934908207751189,77,0.7350347516222114,True,0.3225,0.1555,0.15549999999999997,0.8445,0.8445,0.841,12.0,4.0,8.233766233766234,4.0,10.0,0.7272727272727273,0.2727272727272727
discounted_lints,hybrid,z72_a0p5_hybrid_corr5_bsstablehie5_top10,14,3142,ETHUSDT,val_first,,-3.2141914206427535,4.6362550175629735,41,0.46296593617067494,True,,,,,,,11.0,4.0,8.292682926829269,4.0,10.0,0.7317073170731707,0.2682926829268293
discounted_lints,hybrid,z72_a0p5_hybrid_corr5_bsstablehie5_top10,14,3142,ETHUSDT,val_second,,0.42064555434215833,4.555944318658489,36,0.9897604456877295,True,,,,,,,14.0,4.0,8.166666666666666,4.0,10.0,0.7222222222222222,0.2777777777777778
discounted_lints,hybrid,z72_a0p5_hybrid_corr5_bsstablehie5_top10,14,3142,SOLUSDT,val,2000.0,-2.520078752730559,5.743689071529179,82,0.7689884800102648,True,0.2445,0.164,0.16400000000000003,0.836,0.836,0.833,9.0,4.0,5.963414634146342,4.0,4.75,0.9146341463414634,0.08536585365853659
discounted_lints,hybrid,z72_a0p5_hybrid_corr5_bsstablehie5_top10,14,3142,SOLUSDT,val_first,,1.776412928199722,1.7878854194937177,32,1.4616439468399964,True,,,,,,,11.0,4.0,7.1875,4.0,5.25,0.875,0.125
discounted_lints,hybrid,z72_a0p5_hybrid_corr5_bsstablehie5_top10,14,3142,SOLUSDT,val_second,,-4.221500402024714,5.311235535458614,50,0.5438651881007344,True,,,,,,,8.0,4.0,5.18,4.0,4.0,0.94,0.06
discounted_lints,hybrid,z72_a0p5_hybrid_corr5_bsstablehie5_top10,14,3143,BTCUSDT,val,2000.0,-5.505522746165892,6.325650067360367,90,0.5156750829086438,True,0.3535,0.1795,0.1795,0.8205,0.8205,0.8155,12.0,4.0,7.855555555555555,4.0,8.0,0.7777777777777778,0.2222222222222222
discounted_lints,hybrid,z72_a0p5_hybrid_corr5_bsstablehie5_top10,14,3143,BTCUSDT,val_first,,-2.046787372951886,3.498410997292689,42,0.6060115306211518,True,,,,,,,12.0,4.0,6.571428571428571,4.0,8.0,0.7619047619047619,0.23809523809523808
discounted_lints,hybrid,z72_a0p5_hybrid_corr5_bsstablehie5_top10,14,3143,BTCUSDT,val_second,,-3.5310075907188154,4.318002022521772,48,0.4404256083094436,True,,,,,,,11.0,4.0,8.979166666666666,4.0,6.5,0.7916666666666666,0.20833333333333334
discounted_lints,hybrid,z72_a0p5_hybrid_corr5_bsstablehie5_top10,14,3143,ETHUSDT,val,2000.0,0.793762419888111,4.597745114811913,81,0.985510141456362,True,0.2805,0.1615,0.16149999999999998,0.8385,0.8385,0.837,9.0,4.0,6.925925925925926,4.0,7.0,0.8395061728395061,0.16049382716049382
discounted_lints,hybrid,z72_a0p5_hybrid_corr5_bsstablehie5_top10,14,3143,ETHUSDT,val_first,,-0.1432113300904425,1.5104259820529875,30,0.9496532962690134,True,,,,,,,12.0,5.0,8.466666666666667,4.0,8.75,0.8,0.2
discounted_lints,hybrid,z72_a0p5_hybrid_corr5_bsstablehie5_top10,14,3143,ETHUSDT,val_second,,0.9383175269894295,4.597745114811913,50,1.0206443237371035,True,,,,,,,8.0,4.0,6.06,4.0,5.75,0.86,0.14
discounted_lints,hybrid,z72_a0p5_hybrid_corr5_bsstablehie5_top10,14,3143,SOLUSDT,val,2000.0,-5.6785921410768765,9.877888297932868,161,0.7542637299203393,True,0.4495,0.3235,0.3235,0.6765,0.6765,0.675,7.0,4.0,5.559006211180124,4.0,4.0,0.9316770186335404,0.06832298136645963
discounted_lints,hybrid,z72_a0p5_hybrid_corr5_bsstablehie5_top10,14,3143,SOLUSDT,val_first,,2.849092644932938,2.585069788141503,76,1.1543641737744252,True,,,,,,,7.0,4.0,6.2894736842105265,4.0,6.0,0.9078947368421053,0.09210526315789473
discounted_lints,hybrid,z72_a0p5_hybrid_corr5_bsstablehie5_top10,14,3143,SOLUSDT,val_second,,-8.29145359157425,9.322945934213077,85,0.47076372662133115,True,,,,,,,7.0,4.0,4.905882352941177,4.0,4.0,0.9529411764705882,0.047058823529411764
discounted_lints,hybrid,z72_a0p5_hybrid_corr5_bsstablehie5_top10,15,3142,BTCUSDT,val,2000.0,-2.939334626244161,5.088377005282663,102,0.6889545086440356,True,0.384,0.2055,0.20550000000000002,0.7945,0.7945,0.7895,10.0,4.0,6.53921568627451,4.0,5.75,0.8627450980392157,0.13725490196078433
discounted_lints,hybrid,z72_a0p5_hybrid_corr5_bsstablehie5_top10,15,3142,BTCUSDT,val_first,,-0.7196119594331085,2.56486149713393,49,0.8217268090721652,True,,,,,,,14.5,4.0,6.081632653061225,4.0,5.0,0.8163265306122449,0.1836734693877551
discounted_lints,hybrid,z72_a0p5_hybrid_corr5_bsstablehie5_top10,15,3142,BTCUSDT,val_second,,-2.235811836174584,4.098408356368433,53,0.5814187669757143,True,,,,,,,9.0,4.0,6.962264150943396,4.0,6.0,0.9056603773584906,0.09433962264150944
discounted_lints,hybrid,z72_a0p5_hybrid_corr5_bsstablehie5_top10,15,3142,ETHUSDT,val,2000.0,-3.1586082793363945,9.013226726793189,101,0.7639371585669461,True,0.32,0.2015,0.2015,0.7985,0.7985,0.797,10.5,4.0,6.336633663366337,4.0,7.0,0.8811881188118812,0.1188118811881188
discounted_lints,hybrid,z72_a0p5_hybrid_corr5_bsstablehie5_top10,15,3142,ETHUSDT,val_first,,-2.2829408051269318,2.8517696186463493,43,0.6383248143391961,True,,,,,,,12.0,4.0,6.930232558139535,4.0,7.0,0.8372093023255814,0.16279069767441862
discounted_lints,hybrid,z72_a0p5_hybrid_corr5_bsstablehie5_top10,15,3142,ETHUSDT,val_second,,-0.8961254886551195,7.0671166750399745,57,0.8457781457642548,True,,,,,,,8.5,4.0,5.9298245614035086,4.0,5.0,0.9122807017543859,0.08771929824561403
discounted_lints,hybrid,z72_a0p5_hybrid_corr5_bsstablehie5_top10,15,3142,SOLUSDT,val,2000.0,-11.049666394550561,11.340685273878249,147,0.5478730291716546,True,0.411,0.2955,0.2955,0.7045,0.7045,0.703,8.0,4.0,5.5646258503401365,4.0,4.0,0.9455782312925171,0.05442176870748299
discounted_lints,hybrid,z72_a0p5_hybrid_corr5_bsstablehie5_top10,15,3142,SOLUSDT,val_first,,-3.000522443853837,7.363347547415144,76,0.7241060977961974,True,,,,,,,8.0,4.0,5.973684210526316,4.0,5.0,0.9342105263157895,0.06578947368421052
discounted_lints,hybrid,z72_a0p5_hybrid_corr5_bsstablehie5_top10,15,3142,SOLUSDT,val_second,,-8.298131241003471,8.89482799085075,71,0.3744090513801234,True,,,,,,,8.0,4.0,5.126760563380282,4.0,4.0,0.9577464788732394,0.04225352112676056
discounted_lints,hybrid,z72_a0p5_hybrid_corr5_bsstablehie5_top10,15,3143,BTCUSDT,val,2000.0,-5.483619617123137,7.212641885706839,90,0.55797399242149,True,0.4185,0.1815,0.1815,0.8185,0.8185,0.8135,12.0,4.0,8.177777777777777,4.0,8.0,0.8222222222222222,0.17777777777777778
discounted_lints,hybrid,z72_a0p5_hybrid_corr5_bsstablehie5_top10,15,3143,BTCUSDT,val_first,,-2.441698210547616,4.576286964061338,45,0.6222724264344675,True,,,,,,,17.0,4.0,8.066666666666666,4.0,7.0,0.8222222222222222,0.17777777777777778
discounted_lints,hybrid,z72_a0p5_hybrid_corr5_bsstablehie5_top10,15,3143,BTCUSDT,val_second,,-3.1180548972044586,4.84680350639538,45,0.4901024403339822,True,,,,,,,11.0,4.0,8.28888888888889,4.0,8.0,0.8222222222222222,0.17777777777777778
discounted_lints,hybrid,z72_a0p5_hybrid_corr5_bsstablehie5_top10,15,3143,ETHUSDT,val,2000.0,-5.226249963383522,8.066907253871369,94,0.6370029389941891,True,0.325,0.1895,0.1895,0.8105,0.8105,0.807,12.0,4.0,6.797872340425532,4.0,7.75,0.7872340425531915,0.2127659574468085
discounted_lints,hybrid,z72_a0p5_hybrid_corr5_bsstablehie5_top10,15,3143,ETHUSDT,val_first,,-2.0773482586467606,2.822194898255692,47,0.6553265525515259,True,,,,,,,14.0,4.0,6.617021276595745,4.0,6.5,0.8297872340425532,0.1702127659574468
discounted_lints,hybrid,z72_a0p5_hybrid_corr5_bsstablehie5_top10,15,3143,ETHUSDT,val_second,,-3.21570305617751,6.297702096816149,46,0.6370222594989876,True,,,,,,,12.0,4.0,7.043478260869565,4.0,9.75,0.7391304347826086,0.2608695652173913
discounted_lints,hybrid,z72_a0p5_hybrid_corr5_bsstablehie5_top10,15,3143,SOLUSDT,val,2000.0,-8.532406442265062,8.688002864981337,106,0.5677812514873191,True,0.3565,0.2135,0.21350000000000002,0.7865,0.7865,0.784,10.0,4.0,6.688679245283019,4.0,5.0,0.8584905660377359,0.14150943396226415
discounted_lints,hybrid,z72_a0p5_hybrid_corr5_bsstablehie5_top10,15,3143,SOLUSDT,val_first,,-3.050746165069851,4.785380735522715,50,0.6539658402302371,True,,,,,,,10.0,4.0,7.8,4.0,7.75,0.8,0.2
discounted_lints,hybrid,z72_a0p5_hybrid_corr5_bsstablehie5_top10,15,3143,SOLUSDT,val_second,,-5.654154168662817,6.168864111480731,56,0.4863242028357622,True,,,,,,,9.0,4.0,5.696428571428571,4.0,5.0,0.9107142857142857,0.08928571428571429
discounted_linucb,corr,z24_a0p5_corr_pruned_top10,0,3142,BTCUSDT,val,2000.0,-8.919447740423658,9.203409235355842,187,0.546720688008384,True,0.559,0.374,0.374,0.626,0.626,0.6235,7.5,4.0,5.978609625668449,4.0,5.0,0.8716577540106952,0.12834224598930483
discounted_linucb,corr,z24_a0p5_corr_pruned_top10,0,3142,BTCUSDT,val_first,,-3.33767939713695,4.726751224541714,94,0.6490956338024043,True,,,,,,,7.0,4.0,5.925531914893617,4.0,5.75,0.8723404255319149,0.1276595744680851
discounted_linucb,corr,z24_a0p5_corr_pruned_top10,0,3142,BTCUSDT,val_second,,-5.774502731234222,6.393482595880906,93,0.4514113147443008,True,,,,,,,7.5,4.0,6.032258064516129,4.0,5.0,0.8709677419354839,0.12903225806451613
discounted_linucb,corr,z24_a0p5_corr_pruned_top10,0,3142,ETHUSDT,val,2000.0,-5.995217133102926,8.61568539364005,195,0.7315657272977509,True,0.5655,0.39,0.39,0.61,0.61,0.608,7.0,4.0,5.8,4.0,5.5,0.8871794871794871,0.11282051282051282
discounted_linucb,corr,z24_a0p5_corr_pruned_top10,0,3142,ETHUSDT,val_first,,-2.7121751737494426,5.006390430842245,91,0.7293595323956442,True,,,,,,,8.0,4.0,6.406593406593407,4.0,7.0,0.8461538461538461,0.15384615384615385
discounted_linucb,corr,z24_a0p5_corr_pruned_top10,0,3142,ETHUSDT,val_second,,-3.3745661034325414,7.53489789350591,104,0.7332282935337138,True,,,,,,,7.0,4.0,5.269230769230769,4.0,5.0,0.9230769230769231,0.07692307692307693
discounted_linucb,corr,z24_a0p5_corr_pruned_top10,0,3142,SOLUSDT,val,2000.0,-7.001192921189315,9.768220086798296,197,0.7462362692960031,True,0.523,0.3945,0.39449999999999996,0.6055,0.6055,0.601,7.0,4.0,5.299492385786802,4.0,5.0,0.8934010152284264,0.1065989847715736
discounted_linucb,corr,z24_a0p5_corr_pruned_top10,0,3142,SOLUSDT,val_first,,-1.493198491923764,5.551329886466593,81,0.8323436374639157,True,,,,,,,10.5,4.0,6.444444444444445,4.0,7.0,0.7654320987654321,0.2345679012345679
discounted_linucb,corr,z24_a0p5_corr_pruned_top10,0,3142,SOLUSDT,val_second,,-5.591486420167612,8.663162586824802,116,0.6962760380910636,True,,,,,,,6.0,4.0,4.5,4.0,4.0,0.9827586206896551,0.017241379310344827
discounted_linucb,corr,z24_a0p5_corr_pruned_top10,1,3142,BTCUSDT,val,2000.0,-3.4078662785868463,6.3068222672185374,162,0.7719580906066801,True,0.5525,0.324,0.32399999999999995,0.676,0.676,0.673,9.0,4.0,6.814814814814815,4.0,6.0,0.8395061728395061,0.16049382716049382
discounted_linucb,corr,z24_a0p5_corr_pruned_top10,1,3142,BTCUSDT,val_first,,0.5959550383952683,2.940821195632548,79,1.0425762019896123,True,,,,,,,9.5,4.0,6.8734177215189876,4.0,7.5,0.810126582278481,0.189873417721519
discounted_linucb,corr,z24_a0p5_corr_pruned_top10,1,3142,BTCUSDT,val_second,,-3.980101700365546,5.514191238715971,83,0.5514559928593029,True,,,,,,,8.0,4.0,6.759036144578313,4.0,6.0,0.8674698795180723,0.13253012048192772
discounted_linucb,corr,z24_a0p5_corr_pruned_top10,1,3142,ETHUSDT,val,2000.0,-7.748254151093192,11.060762496361399,184,0.6754385003353137,True,0.5485,0.3695,0.36950000000000005,0.6305,0.6305,0.6275,8.0,4.0,5.923913043478261,4.0,6.0,0.8641304347826086,0.1358695652173913
discounted_linucb,corr,z24_a0p5_corr_pruned_top10,1,3142,ETHUSDT,val_first,,-2.369730806165604,4.910277678579544,95,0.7622103638735074,True,,,,,,,8.0,4.0,5.778947368421052,4.0,6.0,0.8631578947368421,0.1368421052631579
discounted_linucb,corr,z24_a0p5_corr_pruned_top10,1,3142,ETHUSDT,val_second,,-5.509073558169863,10.076512573952778,89,0.6094548679500921,True,,,,,,,8.0,4.0,6.078651685393258,4.0,6.0,0.8651685393258427,0.1348314606741573
discounted_linucb,corr,z24_a0p5_corr_pruned_top10,1,3142,SOLUSDT,val,2000.0,-5.329083550363157,7.54424114155775,169,0.7779599198175363,True,0.522,0.3385,0.3385,0.6615,0.6615,0.657,9.0,4.0,6.165680473372781,4.0,6.0,0.8402366863905325,0.15976331360946747
discounted_linucb,corr,z24_a0p5_corr_pruned_top10,1,3142,SOLUSDT,val_first,,-1.3641285830325645,4.69688809608777,63,0.8264389519912245,True,,,,,,,15.0,6.0,8.412698412698413,4.0,13.0,0.6666666666666666,0.3333333333333333
discounted_linucb,corr,z24_a0p5_corr_pruned_top10,1,3142,SOLUSDT,val_second,,-4.019790072690055,5.528582684160643,106,0.7497003043236371,True,,,,,,,7.0,4.0,4.830188679245283,4.0,4.0,0.9433962264150944,0.05660377358490566
discounted_linucb,corr,z24_a0p5_corr_pruned_top10,2,3142,BTCUSDT,val,2000.0,-5.429712645752938,5.887709456988222,187,0.674102679213409,True,0.4695,0.3735,0.37350000000000005,0.6265,0.6265,0.625,7.0,4.0,5.021390374331551,4.0,5.0,0.93048128342246,0.06951871657754011
discounted_linucb,corr,z24_a0p5_corr_pruned_top10,2,3142,BTCUSDT,val_first,,-1.4974139274232634,3.183195295757857,84,0.7902164437160805,True,,,,,,,7.0,4.0,5.321428571428571,4.0,5.0,0.9047619047619048,0.09523809523809523
discounted_linucb,corr,z24_a0p5_corr_pruned_top10,2,3142,BTCUSDT,val_second,,-3.9920766297773747,4.744439909263565,103,0.5803373703103183,True,,,,,,,7.0,4.0,4.776699029126213,4.0,4.0,0.9514563106796117,0.04854368932038835
discounted_linucb,corr,z24_a0p5_corr_pruned_top10,2,3142,ETHUSDT,val,2000.0,-6.4367042438647655,9.829331284130905,191,0.7284576546482963,True,0.5515,0.382,0.382,0.618,0.618,0.6155,7.0,4.0,5.774869109947644,4.0,5.5,0.8586387434554974,0.14136125654450263
discounted_linucb,corr,z24_a0p5_corr_pruned_top10,2,3142,ETHUSDT,val_first,,-2.841203691415184,5.558627017864115,92,0.7359746229046692,True,,,,,,,8.0,4.0,6.108695652173913,4.0,7.0,0.8152173913043478,0.18478260869565216
discounted_linucb,corr,z24_a0p5_corr_pruned_top10,2,3142,ETHUSDT,val_second,,-3.7006433684398043,7.310233241044839,99,0.7224075450713996,True,,,,,,,7.0,4.0,5.4646464646464645,4.0,4.0,0.898989898989899,0.10101010101010101
discounted_linucb,corr,z24_a0p5_corr_pruned_top10,2,3142,SOLUSDT,val,2000.0,-13.600049129133007,15.646086502736745,201,0.5685907311277789,True,0.5095,0.4025,0.40249999999999997,0.5975,0.5975,0.595,7.0,4.0,5.059701492537314,4.0,4.0,0.9402985074626866,0.05970149253731343
discounted_linucb,corr,z24_a0p5_corr_pruned_top10,2,3142,SOLUSDT,val_first,,-1.8060349306184609,4.010473331774289,99,0.8305868396967697,True,,,,,,,7.0,4.0,5.393939393939394,4.0,5.0,0.9191919191919192,0.08080808080808081
discounted_linucb,corr,z24_a0p5_corr_pruned_top10,2,3142,SOLUSDT,val_second,,-12.010935896295837,13.401025420595857,102,0.40299958060731356,True,,,,,,,7.0,4.0,4.735294117647059,4.0,4.0,0.9607843137254902,0.0392156862745098
discounted_linucb,corr,z24_a0p5_corr_pruned_top10,3,3142,BTCUSDT,val,2000.0,-5.9206167373070056,6.674252004664039,141,0.6420562421851883,True,0.5435,0.282,0.28200000000000003,0.718,0.718,0.715,11.0,4.0,7.709219858156028,4.0,8.0,0.8085106382978723,0.19148936170212766
discounted_linucb,corr,z24_a0p5_corr_pruned_top10,3,3142,BTCUSDT,val_first,,-1.4337525917640037,3.540311404324681,79,0.8070670292456931,True,,,,,,,10.5,4.0,6.949367088607595,4.0,8.0,0.7848101265822784,0.21518987341772153
discounted_linucb,corr,z24_a0p5_corr_pruned_top10,3,3142,BTCUSDT,val_second,,-4.552130433615432,5.51186044367693,62,0.4934943196444365,True,,,,,,,12.0,4.0,8.67741935483871,4.0,6.0,0.8387096774193549,0.16129032258064516
discounted_linucb,corr,z24_a0p5_corr_pruned_top10,3,3142,ETHUSDT,val,2000.0,-10.573978562016817,11.253168068855334,195,0.605373678383901,True,0.5425,0.39,0.39,0.61,0.61,0.6065,7.0,4.0,5.564102564102564,4.0,5.0,0.8923076923076924,0.1076923076923077
discounted_linucb,corr,z24_a0p5_corr_pruned_top10,3,3142,ETHUSDT,val_first,,-2.618164301582482,5.332871940617356,95,0.7491375184811011,True,,,,,,,7.0,4.0,5.6,4.0,5.0,0.8736842105263158,0.12631578947368421
discounted_linucb,corr,z24_a0p5_corr_pruned_top10,3,3142,ETHUSDT,val_second,,-8.169710709780365,8.926908525349852,100,0.5063613648418057,True,,,,,,,7.0,4.0,5.53,4.0,5.0,0.91,0.09
discounted_linucb,corr,z24_a0p5_corr_pruned_top10,3,3142,SOLUSDT,val,2000.0,-9.962633068713089,11.736283563145433,167,0.6458137113238983,True,0.4935,0.334,0.33399999999999996,0.666,0.666,0.6625,8.0,4.0,5.910179640718563,4.0,6.0,0.8622754491017964,0.1377245508982036
discounted_linucb,corr,z24_a0p5_corr_pruned_top10,3,3142,SOLUSDT,val_first,,0.37351794148989814,4.119055743505095,74,0.9820516702897841,True,,,,,,,10.0,4.0,7.04054054054054,4.0,7.75,0.7837837837837838,0.21621621621621623
discounted_linucb,corr,z24_a0p5_corr_pruned_top10,3,3142,SOLUSDT,val_second,,-10.297687300576797,11.736283563145433,93,0.47888851944849714,True,,,,,,,7.0,4.0,5.010752688172043,4.0,5.0,0.9247311827956989,0.07526881720430108
discounted_linucb,corr,z24_a0p5_corr_pruned_top10,4,3142,BTCUSDT,val,2000.0,-6.130939237093469,6.668849903025819,178,0.6637427895314595,True,0.5555,0.356,0.356,0.644,0.644,0.6415,7.0,4.0,6.241573033707865,4.0,6.0,0.848314606741573,0.15168539325842698
discounted_linucb,corr,z24_a0p5_corr_pruned_top10,4,3142,BTCUSDT,val_first,,-3.1091332438024644,4.982180417275572,90,0.6754995983102156,True,,,,,,,8.0,4.0,6.222222222222222,4.0,6.75,0.8333333333333334,0.16666666666666666
discounted_linucb,corr,z24_a0p5_corr_pruned_top10,4,3142,BTCUSDT,val_second,,-3.11877279506092,3.5945082606635204,88,0.6510121211330115,True,,,,,,,7.0,4.0,6.261363636363637,4.0,5.0,0.8636363636363636,0.13636363636363635
discounted_linucb,corr,z24_a0p5_corr_pruned_top10,4,3142,ETHUSDT,val,2000.0,-6.916154953260934,9.475213670183091,193,0.7208563820971047,True,0.573,0.386,0.386,0.614,0.614,0.6115,7.0,4.0,5.937823834196891,4.0,6.0,0.8808290155440415,0.11917098445595854
discounted_linucb,corr,z24_a0p5_corr_pruned_top10,4,3142,ETHUSDT,val_first,,-1.8125356643308943,4.543196727545973,89,0.7970845038179731,True,,,,,,,7.0,4.0,6.438202247191011,4.0,6.0,0.8202247191011236,0.1797752808988764
discounted_linucb,corr,z24_a0p5_corr_pruned_top10,4,3142,ETHUSDT,val_second,,-5.197831844890621,9.475213670183091,104,0.6768474344977204,True,,,,,,,7.0,4.0,5.509615384615385,4.0,5.25,0.9326923076923077,0.0673076923076923
discounted_linucb,corr,z24_a0p5_corr_pruned_top10,4,3142,SOLUSDT,val,2000.0,-11.532220887502875,13.54065432056304,197,0.6321290119672787,True,0.534,0.394,0.394,0.606,0.606,0.601,7.0,4.0,5.4213197969543145,4.0,5.0,0.8984771573604061,0.10152284263959391
discounted_linucb,corr,z24_a0p5_corr_pruned_top10,4,3142,SOLUSDT,val_first,,-1.3675210371360436,4.128072607037869,80,0.8444142072707049,True,,,,,,,8.0,4.0,6.5375,4.0,6.25,0.7875,0.2125
discounted_linucb,corr,z24_a0p5_corr_pruned_top10,4,3142,SOLUSDT,val_second,,-10.305631529543058,12.228444144274231,117,0.5160771892995264,True,,,,,,,7.0,4.0,4.6581196581196584,4.0,4.0,0.9743589743589743,0.02564102564102564
discounted_linucb,corr,z24_a0p5_corr_pruned_top10,5,3142,BTCUSDT,val,2000.0,-4.210160505052141,6.007839759582612,147,0.7284153557378611,True,0.535,0.2935,0.2935,0.7065,0.7065,0.703,11.0,4.0,7.27891156462585,4.0,8.0,0.8367346938775511,0.16326530612244897
discounted_linucb,corr,z24_a0p5_corr_pruned_top10,5,3142,BTCUSDT,val_first,,-1.3925993508594026,4.461853366992486,81,0.8115755448607709,True,,,,,,,8.5,4.0,6.654320987654321,4.0,7.0,0.8518518518518519,0.14814814814814814
discounted_linucb,corr,z24_a0p5_corr_pruned_top10,5,3142,BTCUSDT,val_second,,-2.8573526283468653,4.620007746087529,66,0.6464577014787599,True,,,,,,,12.0,5.0,8.045454545454545,4.0,8.0,0.8181818181818182,0.18181818181818182
discounted_linucb,corr,z24_a0p5_corr_pruned_top10,5,3142,ETHUSDT,val,2000.0,-7.270134820856522,9.894725372423219,178,0.6834334682876552,True,0.5455,0.356,0.356,0.644,0.644,0.641,8.0,4.0,6.129213483146067,4.0,6.0,0.8651685393258427,0.1348314606741573
discounted_linucb,corr,z24_a0p5_corr_pruned_top10,5,3142,ETHUSDT,val_first,,-1.2847878272591262,4.714570605652691,82,0.8290087515695131,True,,,,,,,9.0,4.0,6.609756097560975,4.0,7.75,0.8048780487804879,0.1951219512195122
discounted_linucb,corr,z24_a0p5_corr_pruned_top10,5,3142,ETHUSDT,val_second,,-6.063246851076709,8.725480921688977,96,0.5973667103252845,True,,,,,,,7.0,4.0,5.71875,4.0,5.0,0.9166666666666666,0.08333333333333333
discounted_linucb,corr,z24_a0p5_corr_pruned_top10,5,3142,SOLUSDT,val,2000.0,-2.776615744492017,8.738859882729777,156,0.842940881512438,True,0.523,0.312,0.31200000000000006,0.688,0.688,0.683,10.0,4.0,6.705128205128205,4.0,7.0,0.8076923076923077,0.19230769230769232
discounted_linucb,corr,z24_a0p5_corr_pruned_top10,5,3142,SOLUSDT,val_first,,0.9246053353113126,4.664248916369129,69,1.0181545548402,True,,,,,,,12.0,4.0,7.594202898550725,4.0,11.0,0.7101449275362319,0.2898550724637681
discounted_linucb,corr,z24_a0p5_corr_pruned_top10,5,3142,SOLUSDT,val_second,,-3.6673129089842993,8.738859882729777,87,0.7338151927272942,True,,,,,,,8.5,4.0,6.0,4.0,6.0,0.8850574712643678,0.11494252873563218
discounted_linucb,corr,z24_a0p5_corr_pruned_top10,6,3142,BTCUSDT,val,2000.0,-5.985598223728095,7.542311194916918,178,0.6642545206341121,True,0.569,0.3555,0.35550000000000004,0.6445,0.6445,0.6415,9.0,4.0,6.393258426966292,4.0,6.0,0.8202247191011236,0.1797752808988764
discounted_linucb,corr,z24_a0p5_corr_pruned_top10,6,3142,BTCUSDT,val_first,,-2.4622890077184545,4.166583556907333,85,0.7196088524652278,True,,,,,,,8.5,4.0,6.635294117647059,4.0,6.0,0.8117647058823529,0.18823529411764706
discounted_linucb,corr,z24_a0p5_corr_pruned_top10,6,3142,BTCUSDT,val_second,,-3.612253332752957,5.91135189911417,93,0.6105593437895831,True,,,,,,,9.0,4.0,6.172043010752688,4.0,6.0,0.8279569892473119,0.17204301075268819
discounted_linucb,corr,z24_a0p5_corr_pruned_top10,6,3142,ETHUSDT,val,2000.0,-4.655181573796707,7.474441714099001,199,0.7854280466575593,True,0.5685,0.3975,0.39749999999999996,0.6025,0.6025,0.599,7.0,4.0,5.71356783919598,4.0,5.0,0.8944723618090452,0.10552763819095477
discounted_linucb,corr,z24_a0p5_corr_pruned_top10,6,3142,ETHUSDT,val_first,,-1.103321968969695,4.551100980822409,93,0.8627509664155574,True,,,,,,,8.0,4.0,6.032258064516129,4.0,6.0,0.8602150537634409,0.13978494623655913
discounted_linucb,corr,z24_a0p5_corr_pruned_top10,6,3142,ETHUSDT,val_second,,-3.5914852506092942,7.474441714099001,106,0.7321626945111477,True,,,,,,,6.0,4.0,5.433962264150943,4.0,4.0,0.9245283018867925,0.07547169811320754
discounted_linucb,corr,z24_a0p5_corr_pruned_top10,6,3142,SOLUSDT,val,2000.0,-5.29343054236665,11.52246421380313,181,0.7858497856694205,True,0.5365,0.362,0.362,0.638,0.638,0.635,8.5,4.0,5.928176795580111,4.0,6.0,0.861878453038674,0.13812154696132597
discounted_linucb,corr,z24_a0p5_corr_pruned_top10,6,3142,SOLUSDT,val_first,,0.8352573203537661,3.4114646587854014,79,1.0025657035724937,True,,,,,,,10.0,4.0,6.810126582278481,4.0,7.5,0.7848101265822784,0.21518987341772153
discounted_linucb,corr,z24_a0p5_corr_pruned_top10,6,3142,SOLUSDT,val_second,,-6.077921577816358,11.52246421380313,102,0.6649816102296332,True,,,,,,,7.0,4.0,5.245098039215686,4.0,4.0,0.9215686274509803,0.0784313725490196
discounted_linucb,corr,z24_a0p5_corr_pruned_top10,7,3142,BTCUSDT,val,2000.0,-3.3059534685068392,3.547750615186973,157,0.7610004503019792,True,0.5125,0.3135,0.3135,0.6865,0.6865,0.685,9.0,4.0,6.528662420382165,4.0,7.0,0.8343949044585988,0.16560509554140126
discounted_linucb,corr,z24_a0p5_corr_pruned_top10,7,3142,BTCUSDT,val_first,,-0.44443011343686667,3.0883778261896255,73,0.9091366693728365,True,,,,,,,10.0,4.0,6.890410958904109,4.0,8.0,0.8082191780821918,0.1917808219178082
discounted_linucb,corr,z24_a0p5_corr_pruned_top10,7,3142,BTCUSDT,val_second,,-2.8742975991503994,3.0973221103209436,84,0.6189783695880227,True,,,,,,,8.0,4.0,6.214285714285714,4.0,6.0,0.8571428571428571,0.14285714285714285
discounted_linucb,corr,z24_a0p5_corr_pruned_top10,7,3142,ETHUSDT,val,2000.0,-8.796338569338658,11.301241281872654,163,0.6319554593673438,True,0.524,0.326,0.32599999999999996,0.674,0.674,0.672,9.0,4.0,6.423312883435583,4.0,6.0,0.8220858895705522,0.17791411042944785
discounted_linucb,corr,z24_a0p5_corr_pruned_top10,7,3142,ETHUSDT,val_first,,-3.339406208620732,6.034677413556578,70,0.6471073713837293,True,,,,,,,11.0,4.0,7.414285714285715,4.0,9.75,0.7428571428571429,0.2571428571428571
discounted_linucb,corr,z24_a0p5_corr_pruned_top10,7,3142,ETHUSDT,val_second,,-5.645457105814522,8.236898575686213,93,0.622336282655589,True,,,,,,,7.0,4.0,5.67741935483871,4.0,4.0,0.8817204301075269,0.11827956989247312
discounted_linucb,corr,z24_a0p5_corr_pruned_top10,7,3142,SOLUSDT,val,2000.0,-4.2937011733423125,12.300297090688916,169,0.8011458309422632,True,0.5015,0.3385,0.3385,0.6615,0.6615,0.659,8.0,4.0,5.923076923076923,4.0,5.0,0.863905325443787,0.13609467455621302
discounted_linucb,corr,z24_a0p5_corr_pruned_top10,7,3142,SOLUSDT,val_first,,0.4767097725388858,4.655117228440364,79,0.9817558678431533,True,,,,,,,8.0,4.0,6.455696202531645,4.0,6.0,0.7848101265822784,0.21518987341772153
discounted_linucb,corr,z24_a0p5_corr_pruned_top10,7,3142,SOLUSDT,val_second,,-4.747777825010946,12.300297090688916,90,0.6774252741016824,True,,,,,,,8.0,4.0,5.455555555555556,4.0,4.75,0.9333333333333333,0.06666666666666667
discounted_linucb,corr,z24_a0p5_corr_pruned_top10,8,3142,BTCUSDT,val,2000.0,-5.925752955691676,6.795318535922556,162,0.6521906790511312,True,0.5425,0.3235,0.3235,0.6765,0.6765,0.675,9.0,4.0,6.697530864197531,4.0,7.0,0.8333333333333334,0.16666666666666666
discounted_linucb,corr,z24_a0p5_corr_pruned_top10,8,3142,BTCUSDT,val_first,,-0.3113416134916114,3.5035472728437655,76,0.9285785418398029,True,,,,,,,10.0,4.0,6.973684210526316,4.0,8.0,0.8026315789473685,0.19736842105263158
discounted_linucb,corr,z24_a0p5_corr_pruned_top10,8,3142,BTCUSDT,val_second,,-5.6319459335405275,6.067449015231174,86,0.42238413771472044,True,,,,,,,8.0,4.0,6.453488372093023,4.0,6.75,0.8604651162790697,0.13953488372093023
discounted_linucb,corr,z24_a0p5_corr_pruned_top10,8,3142,ETHUSDT,val,2000.0,-5.079303611155728,8.793702026921013,184,0.7685231473144548,True,0.549,0.368,0.368,0.632,0.632,0.63,7.0,4.0,5.967391304347826,4.0,6.0,0.8695652173913043,0.13043478260869565
discounted_linucb,corr,z24_a0p5_corr_pruned_top10,8,3142,ETHUSDT,val_first,,-2.621007623446203,4.947183586285442,85,0.7389780688784147,True,,,,,,,8.0,4.0,6.376470588235295,4.0,7.0,0.8117647058823529,0.18823529411764706
discounted_linucb,corr,z24_a0p5_corr_pruned_top10,8,3142,ETHUSDT,val_second,,-2.5244623380405895,7.321244964105156,99,0.790382839954317,True,,,,,,,7.0,4.0,5.616161616161616,4.0,5.0,0.9191919191919192,0.08080808080808081
discounted_linucb,corr,z24_a0p5_corr_pruned_top10,8,3142,SOLUSDT,val,2000.0,-5.0007622594977486,9.214207017252885,193,0.7968531743788213,True,0.5225,0.386,0.386,0.614,0.614,0.609,7.0,4.0,5.414507772020725,4.0,5.0,0.9067357512953368,0.09326424870466321
discounted_linucb,corr,z24_a0p5_corr_pruned_top10,8,3142,SOLUSDT,val_first,,0.6288329609565269,3.7623633503222065,81,0.9870977026925428,True,,,,,,,9.0,4.0,6.592592592592593,4.0,7.0,0.7901234567901234,0.20987654320987653
discounted_linucb,corr,z24_a0p5_corr_pruned_top10,8,3142,SOLUSDT,val_second,,-5.594415690618748,9.214207017252885,112,0.6571675628931085,True,,,,,,,7.0,4.0,4.5625,4.0,4.0,0.9910714285714286,0.008928571428571428
discounted_linucb,corr,z24_a0p5_corr_pruned_top10,9,3142,BTCUSDT,val,2000.0,-2.8433673291454076,3.7668202372338255,131,0.782168959496903,True,0.537,0.2615,0.26149999999999995,0.7385,0.7385,0.735,12.0,4.0,8.198473282442748,4.0,9.0,0.7557251908396947,0.24427480916030533
discounted_linucb,corr,z24_a0p5_corr_pruned_top10,9,3142,BTCUSDT,val_first,,-1.2221119866138719,3.393645990920946,71,0.7780547015997391,True,,,,,,,12.0,4.0,7.408450704225352,4.0,9.5,0.7464788732394366,0.2535211267605634
discounted_linucb,corr,z24_a0p5_corr_pruned_top10,9,3142,BTCUSDT,val_second,,-1.6413140381294933,3.3161300318399367,59,0.7540429094998936,True,,,,,,,12.5,4.0,8.94915254237288,4.0,8.0,0.7796610169491526,0.22033898305084745
discounted_linucb,corr,z24_a0p5_corr_pruned_top10,9,3142,ETHUSDT,val,2000.0,-6.35404602604609,9.378567808444293,164,0.7034808457686058,True,0.54,0.328,0.32799999999999996,0.672,0.672,0.6695,8.0,4.0,6.585365853658536,4.0,7.0,0.8292682926829268,0.17073170731707318
discounted_linucb,corr,z24_a0p5_corr_pruned_top10,9,3142,ETHUSDT,val_first,,-1.2731136071177818,4.268545647992827,81,0.8316922965733443,True,,,,,,,8.5,4.0,6.666666666666667,4.0,7.0,0.8148148148148148,0.18518518518518517
discounted_linucb,corr,z24_a0p5_corr_pruned_top10,9,3142,ETHUSDT,val_second,,-5.146452607356434,9.009865847071163,83,0.6185010124344806,True,,,,,,,8.0,4.0,6.506024096385542,4.0,7.0,0.8433734939759037,0.1566265060240964
discounted_linucb,corr,z24_a0p5_corr_pruned_top10,9,3142,SOLUSDT,val,2000.0,-8.385954522795103,11.349139702057453,176,0.6989758108011067,True,0.5315,0.352,0.352,0.648,0.648,0.643,8.0,4.0,6.0397727272727275,4.0,5.0,0.8465909090909091,0.1534090909090909
discounted_linucb,corr,z24_a0p5_corr_pruned_top10,9,3142,SOLUSDT,val_first,,-2.3226596906466446,5.9804163015017675,71,0.7679689026070025,True,,,,,,,11.0,4.0,7.859154929577465,4.0,11.0,0.7183098591549296,0.28169014084507044
discounted_linucb,corr,z24_a0p5_corr_pruned_top10,9,3142,SOLUSDT,val_second,,-6.207473312587575,11.016749537339665,105,0.6539651682631551,True,,,,,,,7.0,4.0,4.809523809523809,4.0,4.0,0.9333333333333333,0.06666666666666667
discounted_linucb,corr,z24_a0p5_corr_pruned_top10,10,3142,BTCUSDT,val,2000.0,-4.1821358704893346,6.523339569311782,150,0.7326433034296502,True,0.534,0.2995,0.2995,0.7005,0.7005,0.6975,9.0,4.0,7.12,4.0,7.0,0.8,0.2
discounted_linucb,corr,z24_a0p5_corr_pruned_top10,10,3142,BTCUSDT,val_first,,0.2471410950118047,1.6587516276302505,74,0.996310541343405,True,,,,,,,9.0,4.0,7.148648648648648,4.0,8.0,0.7567567567567568,0.24324324324324326
discounted_linucb,corr,z24_a0p5_corr_pruned_top10,10,3142,BTCUSDT,val_second,,-4.418357388669259,5.469864931161417,76,0.5373165954325471,True,,,,,,,9.0,4.0,7.092105263157895,4.0,6.0,0.8421052631578947,0.15789473684210525
discounted_linucb,corr,z24_a0p5_corr_pruned_top10,10,3142,ETHUSDT,val,2000.0,-13.074925603056398,13.19701232669347,168,0.48231042964073306,True,0.5495,0.336,0.33599999999999997,0.664,0.664,0.662,9.0,4.0,6.541666666666667,4.0,7.0,0.8452380952380952,0.15476190476190477
discounted_linucb,corr,z24_a0p5_corr_pruned_top10,10,3142,ETHUSDT,val_first,,-3.247143753342896,5.788960316722802,75,0.6361307349376637,True,,,,,,,11.0,5.0,7.346666666666667,4.0,8.5,0.8,0.2
discounted_linucb,corr,z24_a0p5_corr_pruned_top10,10,3142,ETHUSDT,val_second,,-10.157614184183906,11.076886651751462,93,0.3980910238534589,True,,,,,,,8.0,4.0,5.89247311827957,4.0,6.0,0.8817204301075269,0.11827956989247312
discounted_linucb,corr,z24_a0p5_corr_pruned_top10,10,3142,SOLUSDT,val,2000.0,-10.109134773519546,12.389440940521224,172,0.6493404144360004,True,0.509,0.344,0.344,0.656,0.656,0.653,8.0,4.0,5.9186046511627906,4.0,6.0,0.872093023255814,0.12790697674418605
discounted_linucb,corr,z24_a0p5_corr_pruned_top10,10,3142,SOLUSDT,val_first,,-0.9687849853568853,4.516780700477896,80,0.8756598712914921,True,,,,,,,9.0,4.0,6.35,4.0,7.0,0.8125,0.1875
discounted_linucb,corr,z24_a0p5_corr_pruned_top10,10,3142,SOLUSDT,val_second,,-9.229766379026172,12.389440940521224,92,0.514960222155048,True,,,,,,,7.0,4.0,5.543478260869565,4.0,5.0,0.9239130434782609,0.07608695652173914
discounted_linucb,corr,z24_a0p5_corr_pruned_top10,11,3142,BTCUSDT,val,2000.0,-7.074852075387339,8.213513553211428,162,0.5735877783076743,True,0.5485,0.324,0.32399999999999995,0.676,0.676,0.673,10.0,4.0,6.771604938271605,4.0,7.0,0.8333333333333334,0.16666666666666666
discounted_linucb,corr,z24_a0p5_corr_pruned_top10,11,3142,BTCUSDT,val_first,,-2.7291100956795433,5.434167496508602,85,0.6820157319536867,True,,,,,,,8.0,4.0,6.423529411764706,4.0,6.0,0.8470588235294118,0.15294117647058825
discounted_linucb,corr,z24_a0p5_corr_pruned_top10,11,3142,BTCUSDT,val_second,,-4.4676696018535855,5.655974160766586,77,0.4529723303952119,True,,,,,,,12.0,4.0,7.1558441558441555,4.0,8.0,0.8181818181818182,0.18181818181818182
discounted_linucb,corr,z24_a0p5_corr_pruned_top10,11,3142,ETHUSDT,val,2000.0,-7.187884667798894,10.190207249946138,190,0.6925984320469313,True,0.554,0.38,0.38,0.62,0.62,0.6175,7.0,4.0,5.831578947368421,4.0,5.0,0.8842105263157894,0.11578947368421053
discounted_linucb,corr,z24_a0p5_corr_pruned_top10,11,3142,ETHUSDT,val_first,,-0.6715230442391085,3.575846232248514,91,0.8863354364036607,True,,,,,,,7.0,4.0,6.021978021978022,4.0,5.5,0.8461538461538461,0.15384615384615385
discounted_linucb,corr,z24_a0p5_corr_pruned_top10,11,3142,ETHUSDT,val_second,,-6.560416331020614,10.190207249946138,99,0.5908585233268211,True,,,,,,,7.0,4.0,5.656565656565657,4.0,5.0,0.9191919191919192,0.08080808080808081
discounted_linucb,corr,z24_a0p5_corr_pruned_top10,11,3142,SOLUSDT,val,2000.0,-0.4030719872702426,9.303872697550652,166,0.9199140152749539,True,0.525,0.332,0.33199999999999996,0.668,0.668,0.663,9.0,4.0,6.325301204819277,4.0,7.0,0.8493975903614458,0.15060240963855423
discounted_linucb,corr,z24_a0p5_corr_pruned_top10,11,3142,SOLUSDT,val_first,,2.792687516296044,2.6181678018942445,70,1.1760624316747177,True,,,,,,,10.0,4.5,7.557142857142857,4.0,9.5,0.7428571428571429,0.2571428571428571
discounted_linucb,corr,z24_a0p5_corr_pruned_top10,11,3142,SOLUSDT,val_second,,-3.1089366187255774,9.303872697550652,96,0.7748499189803871,True,,,,,,,8.0,4.0,5.427083333333333,4.0,5.0,0.9270833333333334,0.07291666666666667
discounted_linucb,corr,z24_a0p5_corr_pruned_top10,12,3142,BTCUSDT,val,2000.0,-3.386719202731625,4.337067981153209,160,0.7681822785260999,True,0.5605,0.3195,0.3195,0.6805,0.6805,0.679,10.0,4.0,7.00625,4.0,7.0,0.85,0.15
discounted_linucb,corr,z24_a0p5_corr_pruned_top10,12,3142,BTCUSDT,val_first,,-0.004156720647385814,3.3631541206107674,84,0.9659645320730266,True,,,,,,,8.0,4.0,6.714285714285714,4.0,6.0,0.8571428571428571,0.14285714285714285
discounted_linucb,corr,z24_a0p5_corr_pruned_top10,12,3142,BTCUSDT,val_second,,-3.3827030916020906,4.047079759353034,76,0.5742510913248375,True,,,,,,,10.0,4.0,7.328947368421052,4.0,7.0,0.8421052631578947,0.15789473684210525
discounted_linucb,corr,z24_a0p5_corr_pruned_top10,12,3142,ETHUSDT,val,2000.0,-6.473049523300811,9.17495107127857,182,0.7174773505409868,True,0.5625,0.3655,0.36550000000000005,0.6345,0.6345,0.633,8.0,4.0,6.15934065934066,4.0,6.0,0.8571428571428571,0.14285714285714285
discounted_linucb,corr,z24_a0p5_corr_pruned_top10,12,3142,ETHUSDT,val_first,,-1.7543286701128702,4.426600767773703,84,0.7958899112173188,True,,,,,,,9.0,4.0,6.726190476190476,4.0,7.0,0.7857142857142857,0.21428571428571427
discounted_linucb,corr,z24_a0p5_corr_pruned_top10,12,3142,ETHUSDT,val_second,,-4.80298092456769,8.935759311036994,98,0.6645594188774273,True,,,,,,,7.5,4.0,5.673469387755102,4.0,5.0,0.9183673469387755,0.08163265306122448
discounted_linucb,corr,z24_a0p5_corr_pruned_top10,12,3142,SOLUSDT,val,2000.0,-13.062045601838701,14.858729319659147,170,0.5789462256197095,True,0.522,0.3405,0.3405,0.6595,0.6595,0.657,8.0,4.0,6.129411764705883,4.0,6.0,0.8470588235294118,0.15294117647058825
discounted_linucb,corr,z24_a0p5_corr_pruned_top10,12,3142,SOLUSDT,val_first,,-2.8711097682062814,5.348776847020753,66,0.715372782944055,True,,,,,,,12.0,5.0,8.015151515151516,4.0,11.5,0.696969696969697,0.30303030303030304
discounted_linucb,corr,z24_a0p5_corr_pruned_top10,12,3142,SOLUSDT,val_second,,-10.492177774617018,11.981478561415692,104,0.5103674934360669,True,,,,,,,7.0,4.0,4.9326923076923075,4.0,5.0,0.9423076923076923,0.057692307692307696
discounted_linucb,corr,z24_a0p5_corr_pruned_top10,13,3142,BTCUSDT,val,2000.0,-1.9427441969912418,5.5899574629176385,130,0.8427564479295835,True,0.5065,0.2615,0.26149999999999995,0.7385,0.7385,0.737,12.0,4.0,7.7615384615384615,4.0,9.75,0.7461538461538462,0.25384615384615383
discounted_linucb,corr,z24_a0p5_corr_pruned_top10,13,3142,BTCUSDT,val_first,,0.9121469167185925,1.9746043493366061,60,1.0979856063579005,True,,,,,,,13.0,4.0,8.35,4.0,12.0,0.6666666666666666,0.3333333333333333
discounted_linucb,corr,z24_a0p5_corr_pruned_top10,13,3142,BTCUSDT,val_second,,-2.8290856957645993,4.971978246265052,70,0.663186880431769,True,,,,,,,10.0,4.0,7.257142857142857,4.0,6.0,0.8142857142857143,0.18571428571428572
discounted_linucb,corr,z24_a0p5_corr_pruned_top10,13,3142,ETHUSDT,val,2000.0,-6.010274898107815,8.910083140710146,166,0.7102884853251097,True,0.5375,0.332,0.33199999999999996,0.668,0.668,0.6655,8.0,4.0,6.475903614457831,4.0,7.0,0.8132530120481928,0.18674698795180722
discounted_linucb,corr,z24_a0p5_corr_pruned_top10,13,3142,ETHUSDT,val_first,,-0.2225269990914991,3.375386752117926,83,0.9302037927386543,True,,,,,,,8.0,4.0,6.469879518072289,4.0,7.0,0.7831325301204819,0.21686746987951808
discounted_linucb,corr,z24_a0p5_corr_pruned_top10,13,3142,ETHUSDT,val_second,,-5.800655924572884,8.910083140710146,83,0.5871674569341672,True,,,,,,,9.0,4.0,6.481927710843373,4.0,6.5,0.8433734939759037,0.1566265060240964
discounted_linucb,corr,z24_a0p5_corr_pruned_top10,13,3142,SOLUSDT,val,2000.0,-5.512012359377305,8.183578324783126,166,0.7716750377536136,True,0.5055,0.3325,0.3325,0.6675,0.6675,0.663,9.0,4.0,6.078313253012048,4.0,7.0,0.8493975903614458,0.15060240963855423
discounted_linucb,corr,z24_a0p5_corr_pruned_top10,13,3142,SOLUSDT,val_first,,0.20067743449465603,4.669492025980071,78,0.9527206634086953,True,,,,,,,10.0,5.0,6.717948717948718,4.0,8.0,0.7948717948717948,0.20512820512820512
discounted_linucb,corr,z24_a0p5_corr_pruned_top10,13,3142,SOLUSDT,val_second,,-5.701248674298231,8.183578324783126,88,0.6467694079095704,True,,,,,,,8.0,4.0,5.511363636363637,4.0,5.0,0.8977272727272727,0.10227272727272728
discounted_linucb,corr,z24_a0p5_corr_pruned_top10,14,3142,BTCUSDT,val,2000.0,-1.9373309063861033,4.277625983070921,144,0.8412468007695,True,0.5235,0.2875,0.2875,0.7125,0.7125,0.711,11.0,4.0,7.270833333333333,4.0,9.0,0.7916666666666666,0.20833333333333334
discounted_linucb,corr,z24_a0p5_corr_pruned_top10,14,3142,BTCUSDT,val_first,,0.6704077475558012,2.4650919213138334,64,1.0538005894831932,True,,,,,,,12.0,5.0,8.109375,4.0,11.25,0.703125,0.296875
discounted_linucb,corr,z24_a0p5_corr_pruned_top10,14,3142,BTCUSDT,val_second,,-2.5903725953719703,3.976028018296296,80,0.6614443382512872,True,,,,,,,9.0,4.0,6.6,4.0,7.0,0.8625,0.1375
discounted_linucb,corr,z24_a0p5_corr_pruned_top10,14,3142,ETHUSDT,val,2000.0,-9.239318625151128,11.467526066386924,187,0.6311381792697465,True,0.552,0.374,0.374,0.626,0.626,0.623,7.0,4.0,5.903743315508021,4.0,6.0,0.8716577540106952,0.12834224598930483
discounted_linucb,corr,z24_a0p5_corr_pruned_top10,14,3142,ETHUSDT,val_first,,-2.987518697742586,6.125350929155637,95,0.7253071714605968,True,,,,,,,8.0,4.0,5.91578947368421,4.0,6.0,0.8526315789473684,0.14736842105263157
discounted_linucb,corr,z24_a0p5_corr_pruned_top10,14,3142,ETHUSDT,val_second,,-6.444325352250391,9.516342653117427,92,0.558905006837526,True,,,,,,,7.0,4.0,5.891304347826087,4.0,5.25,0.8913043478260869,0.10869565217391304
discounted_linucb,corr,z24_a0p5_corr_pruned_top10,14,3142,SOLUSDT,val,2000.0,-5.947092318809199,9.180603037169021,169,0.7428675026413405,True,0.507,0.338,0.33799999999999997,0.662,0.662,0.659,8.0,4.0,6.0,4.0,6.0,0.863905325443787,0.13609467455621302
discounted_linucb,corr,z24_a0p5_corr_pruned_top10,14,3142,SOLUSDT,val_first,,-0.9580510890606297,4.010360478424257,70,0.8604280394158805,True,,,,,,,12.0,4.0,7.185714285714286,4.0,9.0,0.7571428571428571,0.24285714285714285
discounted_linucb,corr,z24_a0p5_corr_pruned_top10,14,3142,SOLUSDT,val_second,,-5.037301148258722,9.180603037169021,99,0.6728823738505011,True,,,,,,,7.0,4.0,5.161616161616162,4.0,5.0,0.9393939393939394,0.06060606060606061
discounted_linucb,corr,z24_a0p5_corr_pruned_top10,15,3142,BTCUSDT,val,2000.0,-5.039587378087118,5.980314532415276,144,0.6708756395052315,True,0.5295,0.288,0.28800000000000003,0.712,0.712,0.709,10.0,4.0,7.354166666666667,4.0,8.0,0.8194444444444444,0.18055555555555555
discounted_linucb,corr,z24_a0p5_corr_pruned_top10,15,3142,BTCUSDT,val_first,,-1.2417363942710868,3.5587267443152326,78,0.8165304985114813,True,,,,,,,9.0,4.0,6.730769230769231,4.0,8.0,0.8205128205128205,0.1794871794871795
discounted_linucb,corr,z24_a0p5_corr_pruned_top10,15,3142,BTCUSDT,val_second,,-3.8456032388116235,4.98128730436791,66,0.5393258082118093,True,,,,,,,11.0,4.0,8.090909090909092,4.0,7.0,0.8181818181818182,0.18181818181818182
discounted_linucb,corr,z24_a0p5_corr_pruned_top10,15,3142,ETHUSDT,val,2000.0,-7.928373212545436,11.640735897782061,171,0.6684852664167378,True,0.541,0.342,0.34199999999999997,0.658,0.658,0.6555,8.0,4.0,6.3274853801169595,4.0,7.0,0.8245614035087719,0.17543859649122806
discounted_linucb,corr,z24_a0p5_corr_pruned_top10,15,3142,ETHUSDT,val_first,,-2.590939628429112,5.947490207816964,82,0.7315695488283,True,,,,,,,8.0,4.0,6.573170731707317,4.0,7.0,0.7682926829268293,0.23170731707317074
discounted_linucb,corr,z24_a0p5_corr_pruned_top10,15,3142,ETHUSDT,val_second,,-5.479401570815345,9.505828217049462,89,0.6260360987640758,True,,,,,,,8.0,4.0,6.101123595505618,4.0,6.0,0.8764044943820225,0.12359550561797752
discounted_linucb,corr,z24_a0p5_corr_pruned_top10,15,3142,SOLUSDT,val,2000.0,-7.6567745805755205,11.276430146057647,154,0.6898984412227365,True,0.4925,0.3085,0.3085,0.6915,0.6915,0.689,10.0,4.0,6.383116883116883,4.0,7.0,0.8376623376623377,0.16233766233766234
discounted_linucb,corr,z24_a0p5_corr_pruned_top10,15,3142,SOLUSDT,val_first,,-1.707774924838712,4.91647560610704,61,0.7883028754114428,True,,,,,,,14.5,5.0,7.918032786885246,4.0,12.0,0.7213114754098361,0.2786885245901639
discounted_linucb,corr,z24_a0p5_corr_pruned_top10,15,3142,SOLUSDT,val_second,,-6.052360348122921,11.276430146057647,93,0.6340828005956918,True,,,,,,,8.0,4.0,5.376344086021505,4.0,6.0,0.9139784946236559,0.08602150537634409
discounted_linucb,hybrid,z72_a0p5_hybrid_corr5_bsstablehie5_top10,0,3142,BTCUSDT,val,2000.0,-5.965031633928364,8.215602425998647,144,0.5951036875480454,True,0.521,0.288,0.28800000000000003,0.712,0.712,0.7105,8.0,4.0,7.236111111111111,4.0,6.0,0.8333333333333334,0.16666666666666666
discounted_linucb,hybrid,z72_a0p5_hybrid_corr5_bsstablehie5_top10,0,3142,BTCUSDT,val_first,,-1.68316561104066,4.798321274376416,70,0.7260769481215632,True,,,,,,,8.0,4.0,6.928571428571429,4.0,6.75,0.8142857142857143,0.18571428571428572
discounted_linucb,hybrid,z72_a0p5_hybrid_corr5_bsstablehie5_top10,0,3142,BTCUSDT,val_second,,-4.3551707594122195,6.103282474159566,74,0.5003280016341404,True,,,,,,,8.0,4.0,7.527027027027027,4.0,6.0,0.8513513513513513,0.14864864864864866
discounted_linucb,hybrid,z72_a0p5_hybrid_corr5_bsstablehie5_top10,0,3142,ETHUSDT,val,2000.0,-7.2744340962220715,10.861826860736379,150,0.6424358184890782,True,0.4585,0.2995,0.2995,0.7005,0.7005,0.699,8.0,4.0,6.113333333333333,4.0,5.0,0.8466666666666667,0.15333333333333332
discounted_linucb,hybrid,z72_a0p5_hybrid_corr5_bsstablehie5_top10,0,3142,ETHUSDT,val_first,,-4.419609750545462,5.521551361431976,82,0.5614974711571705,True,,,,,,,8.0,4.0,6.121951219512195,4.0,5.0,0.8536585365853658,0.14634146341463414
discounted_linucb,hybrid,z72_a0p5_hybrid_corr5_bsstablehie5_top10,0,3142,ETHUSDT,val_second,,-2.9868306022038826,7.209144110884324,68,0.7102111296553739,True,,,,,,,7.0,4.0,6.102941176470588,4.0,5.25,0.8382352941176471,0.16176470588235295
discounted_linucb,hybrid,z72_a0p5_hybrid_corr5_bsstablehie5_top10,0,3142,SOLUSDT,val,2000.0,-5.834749686460428,8.269851538161122,180,0.7709427064855339,True,0.5325,0.3595,0.35950000000000004,0.6405,0.6405,0.6375,7.0,4.0,5.916666666666667,4.0,4.25,0.8888888888888888,0.1111111111111111
discounted_linucb,hybrid,z72_a0p5_hybrid_corr5_bsstablehie5_top10,0,3142,SOLUSDT,val_first,,1.4317805920554427,3.865799806895298,81,1.0360219768823908,True,,,,,,,7.0,4.0,7.0246913580246915,4.0,5.0,0.8395061728395061,0.16049382716049382
discounted_linucb,hybrid,z72_a0p5_hybrid_corr5_bsstablehie5_top10,0,3142,SOLUSDT,val_second,,-7.163958116579705,8.269851538161122,99,0.5921063533638313,True,,,,,,,6.0,4.0,5.01010101010101,4.0,4.0,0.9292929292929293,0.0707070707070707
discounted_linucb,hybrid,z72_a0p5_hybrid_corr5_bsstablehie5_top10,1,3142,BTCUSDT,val,2000.0,-3.5827592377026596,5.909166163951262,106,0.6831067883436157,True,0.3965,0.2115,0.21150000000000002,0.7885,0.7885,0.7835,12.0,4.0,7.481132075471698,4.0,7.0,0.8301886792452831,0.16981132075471697
discounted_linucb,hybrid,z72_a0p5_hybrid_corr5_bsstablehie5_top10,1,3142,BTCUSDT,val_first,,0.22178417467670908,2.7653540291092904,43,1.013103576077334,True,,,,,,,16.5,4.0,6.906976744186046,4.0,7.0,0.813953488372093,0.18604651162790697
discounted_linucb,hybrid,z72_a0p5_hybrid_corr5_bsstablehie5_top10,1,3142,BTCUSDT,val_second,,-3.796124209631324,5.136856751608965,63,0.5041058998317322,True,,,,,,,10.5,4.0,7.873015873015873,4.0,7.0,0.8412698412698413,0.15873015873015872
discounted_linucb,hybrid,z72_a0p5_hybrid_corr5_bsstablehie5_top10,1,3142,ETHUSDT,val,2000.0,-5.414276144198826,8.537562870333348,87,0.6433433957957323,True,0.352,0.1735,0.1735,0.8265,0.8265,0.825,10.5,4.0,8.091954022988507,4.0,8.5,0.7586206896551724,0.2413793103448276
discounted_linucb,hybrid,z72_a0p5_hybrid_corr5_bsstablehie5_top10,1,3142,ETHUSDT,val_first,,-0.8296300260571154,2.2164336456410694,31,0.7698570678564373,True,,,,,,,26.0,5.0,11.35483870967742,4.0,20.0,0.6129032258064516,0.3870967741935484
discounted_linucb,hybrid,z72_a0p5_hybrid_corr5_bsstablehie5_top10,1,3142,ETHUSDT,val_second,,-4.622999913528936,7.655946222454735,55,0.6026774845740054,True,,,,,,,6.5,4.0,5.818181818181818,4.0,4.5,0.8545454545454545,0.14545454545454545
discounted_linucb,hybrid,z72_a0p5_hybrid_corr5_bsstablehie5_top10,1,3142,SOLUSDT,val,2000.0,-8.984862525599224,9.809368637876215,161,0.6344538193075092,True,0.41,0.3215,0.3215,0.6785,0.6785,0.6765,7.0,4.0,5.093167701863354,4.0,4.0,0.9440993788819876,0.055900621118012424
discounted_linucb,hybrid,z72_a0p5_hybrid_corr5_bsstablehie5_top10,1,3142,SOLUSDT,val_first,,-0.22922563640322968,2.8014031693009644,71,0.9246038395978895,True,,,,,,,9.0,4.0,5.76056338028169,4.0,4.0,0.9154929577464789,0.08450704225352113
discounted_linucb,hybrid,z72_a0p5_hybrid_corr5_bsstablehie5_top10,1,3142,SOLUSDT,val_second,,-8.775753165238187,9.371470507827484,90,0.4396101052104623,True,,,,,,,6.0,4.0,4.566666666666666,4.0,4.0,0.9666666666666667,0.03333333333333333
discounted_linucb,hybrid,z72_a0p5_hybrid_corr5_bsstablehie5_top10,2,3142,BTCUSDT,val,2000.0,-9.048643667690314,10.646250215200103,142,0.4992989554515096,True,0.51,0.2835,0.2835,0.7165,0.7165,0.715,10.0,4.0,7.183098591549296,4.0,6.75,0.8098591549295775,0.19014084507042253
discounted_linucb,hybrid,z72_a0p5_hybrid_corr5_bsstablehie5_top10,2,3142,BTCUSDT,val_first,,-3.4829680215275105,5.598880205683376,69,0.5831426104060131,True,,,,,,,10.0,4.0,6.681159420289855,4.0,6.0,0.7971014492753623,0.2028985507246377
discounted_linucb,hybrid,z72_a0p5_hybrid_corr5_bsstablehie5_top10,2,3142,BTCUSDT,val_second,,-5.76652175483825,7.189160542801165,72,0.4384538979279922,True,,,,,,,10.0,4.0,7.708333333333333,4.0,7.0,0.8194444444444444,0.18055555555555555
discounted_linucb,hybrid,z72_a0p5_hybrid_corr5_bsstablehie5_top10,2,3142,ETHUSDT,val,2000.0,-7.289332980399433,11.511916816238909,144,0.6510174567108641,True,0.456,0.2875,0.2875,0.7125,0.7125,0.711,8.0,4.0,6.333333333333333,4.0,5.0,0.8402777777777778,0.1597222222222222
discounted_linucb,hybrid,z72_a0p5_hybrid_corr5_bsstablehie5_top10,2,3142,ETHUSDT,val_first,,-2.076126009643786,3.8848433607588717,80,0.760900725277712,True,,,,,,,8.0,4.0,6.1875,4.0,5.0,0.85,0.15
discounted_linucb,hybrid,z72_a0p5_hybrid_corr5_bsstablehie5_top10,2,3142,ETHUSDT,val_second,,-5.323734405431157,9.635843050413218,63,0.5940165221979454,True,,,,,,,7.0,4.0,6.555555555555555,4.0,5.0,0.8253968253968254,0.1746031746031746
discounted_linucb,hybrid,z72_a0p5_hybrid_corr5_bsstablehie5_top10,2,3142,SOLUSDT,val,2000.0,-6.726468444121059,10.418380050043897,183,0.7528232939920996,True,0.545,0.3675,0.36750000000000005,0.6325,0.6325,0.631,7.0,4.0,5.934426229508197,4.0,5.0,0.8797814207650273,0.12021857923497267
discounted_linucb,hybrid,z72_a0p5_hybrid_corr5_bsstablehie5_top10,2,3142,SOLUSDT,val_first,,1.079289140960693,3.7360696135714355,83,1.0050756122550957,True,,,,,,,7.0,4.0,7.0120481927710845,4.0,6.0,0.8072289156626506,0.1927710843373494
discounted_linucb,hybrid,z72_a0p5_hybrid_corr5_bsstablehie5_top10,2,3142,SOLUSDT,val_second,,-7.722410447699312,10.418380050043897,100,0.5686427418585415,True,,,,,,,7.0,4.0,5.04,4.0,4.0,0.94,0.06
discounted_linucb,hybrid,z72_a0p5_hybrid_corr5_bsstablehie5_top10,3,3142,BTCUSDT,val,2000.0,-3.317863175973912,5.022418735367651,71,0.5956272694276263,True,0.287,0.1435,0.14349999999999996,0.8565,0.8565,0.8515,14.0,4.0,6.661971830985915,4.0,6.0,0.8309859154929577,0.16901408450704225
discounted_linucb,hybrid,z72_a0p5_hybrid_corr5_bsstablehie5_top10,3,3142,BTCUSDT,val_first,,-0.902339138542374,2.8261851666870563,33,0.7350883755978915,True,,,,,,,18.5,4.0,6.333333333333333,4.0,5.0,0.8181818181818182,0.18181818181818182
discounted_linucb,hybrid,z72_a0p5_hybrid_corr5_bsstablehie5_top10,3,3142,BTCUSDT,val_second,,-2.437518722877363,3.69371444538944,38,0.4961015285838528,True,,,,,,,13.0,4.0,6.947368421052632,4.0,6.75,0.8421052631578947,0.15789473684210525
discounted_linucb,hybrid,z72_a0p5_hybrid_corr5_bsstablehie5_top10,3,3142,ETHUSDT,val,2000.0,-4.414316111732219,7.482169145629269,89,0.6576826480638313,True,0.304,0.1775,0.1775,0.8225,0.8225,0.821,9.0,4.0,6.831460674157303,4.0,6.0,0.8089887640449438,0.19101123595505617
discounted_linucb,hybrid,z72_a0p5_hybrid_corr5_bsstablehie5_top10,3,3142,ETHUSDT,val_first,,-2.6598573335928077,3.208887178236375,35,0.46021504675229796,True,,,,,,,13.5,4.0,6.771428571428571,4.0,7.5,0.8,0.2
discounted_linucb,hybrid,z72_a0p5_hybrid_corr5_bsstablehie5_top10,3,3142,ETHUSDT,val_second,,-1.8024000479967328,5.992099658266648,54,0.7634222167925679,True,,,,,,,7.0,4.0,6.87037037037037,4.0,5.0,0.8148148148148148,0.18518518518518517
discounted_linucb,hybrid,z72_a0p5_hybrid_corr5_bsstablehie5_top10,3,3142,SOLUSDT,val,2000.0,-3.164462728127926,5.984277284554529,64,0.6844238502502874,True,0.2195,0.1295,0.12949999999999995,0.8705,0.8705,0.868,11.5,4.0,6.796875,4.0,8.0,0.8125,0.1875
discounted_linucb,hybrid,z72_a0p5_hybrid_corr5_bsstablehie5_top10,3,3142,SOLUSDT,val_first,,0.13971676422210866,2.190007716503717,23,1.0129886550524616,True,,,,,,,12.0,4.0,6.521739130434782,4.0,8.5,0.8260869565217391,0.17391304347826086
discounted_linucb,hybrid,z72_a0p5_hybrid_corr5_bsstablehie5_top10,3,3142,SOLUSDT,val_second,,-3.29956944069425,4.728488339850023,41,0.5804292631119516,True,,,,,,,11.0,4.0,6.951219512195122,4.0,8.0,0.8048780487804879,0.1951219512195122
discounted_linucb,hybrid,z72_a0p5_hybrid_corr5_bsstablehie5_top10,4,3142,BTCUSDT,val,2000.0,-2.0542312038807187,4.216902133228528,78,0.7135230483478426,True,0.3255,0.1575,0.15749999999999997,0.8425,0.8425,0.8375,13.0,4.0,7.038461538461538,4.0,6.75,0.8333333333333334,0.16666666666666666
discounted_linucb,hybrid,z72_a0p5_hybrid_corr5_bsstablehie5_top10,4,3142,BTCUSDT,val_first,,-0.2338424327414268,1.901991496261124,31,0.8946467039354874,True,,,,,,,21.5,4.0,7.096774193548387,4.0,8.5,0.7741935483870968,0.22580645161290322
discounted_linucb,hybrid,z72_a0p5_hybrid_corr5_bsstablehie5_top10,4,3142,BTCUSDT,val_second,,-1.8246555901604733,3.737249714809654,47,0.618278095883975,True,,,,,,,11.0,4.0,7.0,4.0,6.0,0.8723404255319149,0.1276595744680851
discounted_linucb,hybrid,z72_a0p5_hybrid_corr5_bsstablehie5_top10,4,3142,ETHUSDT,val,2000.0,-7.097843296390705,7.462338443893268,80,0.4930745015203494,True,0.2765,0.1595,0.15949999999999998,0.8405,0.8405,0.837,8.0,4.0,6.9125,4.0,5.0,0.85,0.15
discounted_linucb,hybrid,z72_a0p5_hybrid_corr5_bsstablehie5_top10,4,3142,ETHUSDT,val_first,,-3.0215216502418984,3.555034508584809,28,0.33970890566712464,True,,,,,,,14.0,4.0,7.607142857142857,4.0,8.25,0.7857142857142857,0.21428571428571427
discounted_linucb,hybrid,z72_a0p5_hybrid_corr5_bsstablehie5_top10,4,3142,ETHUSDT,val_second,,-4.20332605286643,5.583972425295325,52,0.5612191258873246,True,,,,,,,7.0,4.0,6.538461538461538,4.0,4.25,0.8846153846153846,0.11538461538461539
discounted_linucb,hybrid,z72_a0p5_hybrid_corr5_bsstablehie5_top10,4,3142,SOLUSDT,val,2000.0,-6.316840493266184,8.684858055497912,122,0.6960912080345429,True,0.4255,0.2455,0.24550000000000005,0.7545,0.7545,0.753,11.0,4.0,6.942622950819672,4.0,6.0,0.8524590163934426,0.14754098360655737
discounted_linucb,hybrid,z72_a0p5_hybrid_corr5_bsstablehie5_top10,4,3142,SOLUSDT,val_first,,1.0830544497054673,2.991273165212305,61,1.0180705544908881,True,,,,,,,12.0,4.0,8.032786885245901,4.0,8.0,0.8032786885245902,0.19672131147540983
discounted_linucb,hybrid,z72_a0p5_hybrid_corr5_bsstablehie5_top10,4,3142,SOLUSDT,val_second,,-7.320608764007542,8.24692449927219,61,0.4178209899799891,True,,,,,,,9.0,4.0,5.852459016393443,4.0,5.0,0.9016393442622951,0.09836065573770492
discounted_linucb,hybrid,z72_a0p5_hybrid_corr5_bsstablehie5_top10,5,3142,BTCUSDT,val,2000.0,-4.5931256165760885,4.890261820783659,92,0.6100683218104983,True,0.3745,0.1855,0.1855,0.8145,0.8145,0.8095,12.0,4.0,7.858695652173913,4.0,8.0,0.8260869565217391,0.17391304347826086
discounted_linucb,hybrid,z72_a0p5_hybrid_corr5_bsstablehie5_top10,5,3142,BTCUSDT,val_first,,-0.2510844450451244,2.433649697718776,35,0.8963497189504548,True,,,,,,,15.0,4.0,8.571428571428571,4.0,11.0,0.7428571428571429,0.2571428571428571
discounted_linucb,hybrid,z72_a0p5_hybrid_corr5_bsstablehie5_top10,5,3142,BTCUSDT,val_second,,-4.3529708041174615,4.7816163428831775,57,0.4840760950396128,True,,,,,,,11.0,4.0,7.421052631578948,4.0,7.0,0.8771929824561403,0.12280701754385964
discounted_linucb,hybrid,z72_a0p5_hybrid_corr5_bsstablehie5_top10,5,3142,ETHUSDT,val,2000.0,-4.5649782731192134,8.924859926367235,93,0.6900632095160286,True,0.3295,0.1855,0.1855,0.8145,0.8145,0.813,9.0,4.0,7.086021505376344,4.0,7.0,0.8064516129032258,0.1935483870967742
discounted_linucb,hybrid,z72_a0p5_hybrid_corr5_bsstablehie5_top10,5,3142,ETHUSDT,val_first,,-4.192926999531199,4.944849716570454,35,0.3961697317418976,True,,,,,,,21.0,6.0,9.514285714285714,4.0,11.0,0.6857142857142857,0.3142857142857143
discounted_linucb,hybrid,z72_a0p5_hybrid_corr5_bsstablehie5_top10,5,3142,ETHUSDT,val_second,,-0.38833382748911793,4.939022536272364,57,0.8948874815252614,True,,,,,,,6.0,4.0,5.649122807017544,4.0,4.0,0.8771929824561403,0.12280701754385964
discounted_linucb,hybrid,z72_a0p5_hybrid_corr5_bsstablehie5_top10,5,3142,SOLUSDT,val,2000.0,-3.296517419534839,6.19487861419471,112,0.7937438306282848,True,0.3615,0.2255,0.22550000000000003,0.7745,0.7745,0.772,10.0,4.0,6.419642857142857,4.0,6.0,0.8571428571428571,0.14285714285714285
discounted_linucb,hybrid,z72_a0p5_hybrid_corr5_bsstablehie5_top10,5,3142,SOLUSDT,val_first,,1.1717639196766605,4.023291830554088,67,1.0470152407305822,True,,,,,,,7.0,4.0,6.149253731343284,4.0,5.0,0.8805970149253731,0.11940298507462686
discounted_linucb,hybrid,z72_a0p5_hybrid_corr5_bsstablehie5_top10,5,3142,SOLUSDT,val_second,,-4.416530033774036,6.19487861419471,45,0.5409276531561475,True,,,,,,,12.0,4.0,6.822222222222222,4.0,7.0,0.8222222222222222,0.17777777777777778
discounted_linucb,hybrid,z72_a0p5_hybrid_corr5_bsstablehie5_top10,6,3142,BTCUSDT,val,2000.0,-8.92800691754745,10.007763598034913,155,0.5167239756234996,True,0.496,0.31,0.31000000000000005,0.69,0.69,0.6875,8.0,4.0,6.4,4.0,5.0,0.896774193548387,0.1032258064516129
discounted_linucb,hybrid,z72_a0p5_hybrid_corr5_bsstablehie5_top10,6,3142,BTCUSDT,val_first,,-3.0065294877688054,6.036983473175372,83,0.6329792862982226,True,,,,,,,7.0,4.0,5.337349397590361,4.0,4.0,0.9036144578313253,0.0963855421686747
discounted_linucb,hybrid,z72_a0p5_hybrid_corr5_bsstablehie5_top10,6,3142,BTCUSDT,val_second,,-6.105026862640129,6.946379338900844,72,0.42717847566370026,True,,,,,,,9.0,4.0,7.625,4.0,5.25,0.8888888888888888,0.1111111111111111
discounted_linucb,hybrid,z72_a0p5_hybrid_corr5_bsstablehie5_top10,6,3142,ETHUSDT,val,2000.0,-3.069081859170808,6.1993442579004405,97,0.7560096640569831,True,0.3415,0.1935,0.1935,0.8065,0.8065,0.805,10.0,4.0,7.041237113402062,4.0,7.0,0.8144329896907216,0.18556701030927836
discounted_linucb,hybrid,z72_a0p5_hybrid_corr5_bsstablehie5_top10,6,3142,ETHUSDT,val_first,,-1.2365137338262389,2.6436777897970387,42,0.7174687531148694,True,,,,,,,12.0,4.0,8.023809523809524,4.0,8.0,0.7619047619047619,0.23809523809523808
discounted_linucb,hybrid,z72_a0p5_hybrid_corr5_bsstablehie5_top10,6,3142,ETHUSDT,val_second,,-1.8555117833788048,6.1993442579004405,55,0.7741791328652551,True,,,,,,,9.0,4.0,6.290909090909091,4.0,7.0,0.8545454545454545,0.14545454545454545
discounted_linucb,hybrid,z72_a0p5_hybrid_corr5_bsstablehie5_top10,6,3142,SOLUSDT,val,2000.0,-4.558255178005499,8.016887615912516,115,0.7240643324081528,True,0.3265,0.23,0.22999999999999998,0.77,0.77,0.7655,10.5,4.0,5.678260869565217,4.0,4.0,0.8956521739130435,0.10434782608695652
discounted_linucb,hybrid,z72_a0p5_hybrid_corr5_bsstablehie5_top10,6,3142,SOLUSDT,val_first,,1.2041845252142025,3.772179892665717,41,1.1278421520632416,True,,,,,,,15.5,4.0,7.365853658536586,4.0,6.0,0.8048780487804879,0.1951219512195122
discounted_linucb,hybrid,z72_a0p5_hybrid_corr5_bsstablehie5_top10,6,3142,SOLUSDT,val_second,,-5.69387494227972,7.572614274209144,74,0.5488588351373261,True,,,,,,,8.0,4.0,4.743243243243243,4.0,4.0,0.9459459459459459,0.05405405405405406
discounted_linucb,hybrid,z72_a0p5_hybrid_corr5_bsstablehie5_top10,7,3142,BTCUSDT,val,2000.0,-8.140496137945119,9.454347848222211,144,0.5142909324222167,True,0.465,0.2875,0.2875,0.7125,0.7125,0.7075,8.0,4.0,6.458333333333333,4.0,5.0,0.8819444444444444,0.11805555555555555
discounted_linucb,hybrid,z72_a0p5_hybrid_corr5_bsstablehie5_top10,7,3142,BTCUSDT,val_first,,-2.69080233510397,4.45403367963062,70,0.6308317788183061,True,,,,,,,8.0,4.0,5.457142857142857,4.0,4.0,0.9,0.1
discounted_linucb,hybrid,z72_a0p5_hybrid_corr5_bsstablehie5_top10,7,3142,BTCUSDT,val_second,,-5.600389206381373,6.813746543867083,73,0.4291431576918689,True,,,,,,,8.0,4.0,7.410958904109589,4.0,5.0,0.863013698630137,0.136986301369863
discounted_linucb,hybrid,z72_a0p5_hybrid_corr5_bsstablehie5_top10,7,3142,ETHUSDT,val,2000.0,-10.873390069251244,13.635606868711637,127,0.4902228175745429,True,0.3735,0.2535,0.25349999999999995,0.7465,0.7465,0.743,8.5,4.0,5.881889763779528,4.0,5.0,0.905511811023622,0.09448818897637795
discounted_linucb,hybrid,z72_a0p5_hybrid_corr5_bsstablehie5_top10,7,3142,ETHUSDT,val_first,,-3.2715429141702,4.093276459583817,68,0.5656867463901362,True,,,,,,,9.0,4.0,5.0588235294117645,4.0,4.25,0.9558823529411765,0.04411764705882353
discounted_linucb,hybrid,z72_a0p5_hybrid_corr5_bsstablehie5_top10,7,3142,ETHUSDT,val_second,,-7.8589562824678545,10.938616828569847,58,0.43310670885463776,True,,,,,,,8.0,4.0,6.5,4.0,5.0,0.8620689655172413,0.13793103448275862
discounted_linucb,hybrid,z72_a0p5_hybrid_corr5_bsstablehie5_top10,7,3142,SOLUSDT,val,2000.0,-8.065269104520112,10.548067517238557,157,0.6898494630202192,True,0.462,0.3155,0.3155,0.6845,0.6845,0.6815,8.0,4.0,5.8471337579617835,4.0,5.0,0.8853503184713376,0.11464968152866242
discounted_linucb,hybrid,z72_a0p5_hybrid_corr5_bsstablehie5_top10,7,3142,SOLUSDT,val_first,,-2.0103923188521833,5.3479220968192465,76,0.792399887884413,True,,,,,,,9.0,4.0,6.157894736842105,4.0,5.0,0.868421052631579,0.13157894736842105
discounted_linucb,hybrid,z72_a0p5_hybrid_corr5_bsstablehie5_top10,7,3142,SOLUSDT,val_second,,-6.179100956675043,8.50615642634457,81,0.602552263906388,True,,,,,,,7.0,4.0,5.555555555555555,4.0,5.0,0.9012345679012346,0.09876543209876543
discounted_linucb,hybrid,z72_a0p5_hybrid_corr5_bsstablehie5_top10,8,3142,BTCUSDT,val,2000.0,-4.452504969197069,6.056678851135533,135,0.665778343419666,True,0.4615,0.2695,0.26949999999999996,0.7305,0.7305,0.729,10.0,4.0,6.837037037037037,4.0,8.0,0.8444444444444444,0.15555555555555556
discounted_linucb,hybrid,z72_a0p5_hybrid_corr5_bsstablehie5_top10,8,3142,BTCUSDT,val_first,,-1.276995958097027,4.2852224933923155,56,0.7627037464990001,True,,,,,,,11.0,4.0,6.839285714285714,4.0,8.0,0.8392857142857143,0.16071428571428573
discounted_linucb,hybrid,z72_a0p5_hybrid_corr5_bsstablehie5_top10,8,3142,BTCUSDT,val_second,,-3.216584667290101,4.929940549767564,79,0.5964935842985808,True,,,,,,,9.0,4.0,6.8354430379746836,4.0,7.5,0.8481012658227848,0.1518987341772152
discounted_linucb,hybrid,z72_a0p5_hybrid_corr5_bsstablehie5_top10,8,3142,ETHUSDT,val,2000.0,-6.8866827940966875,9.516895738573371,124,0.6473414426888701,True,0.4295,0.248,0.248,0.752,0.752,0.749,8.0,4.0,6.92741935483871,4.0,6.0,0.8145161290322581,0.18548387096774194
discounted_linucb,hybrid,z72_a0p5_hybrid_corr5_bsstablehie5_top10,8,3142,ETHUSDT,val_first,,-1.221099855911023,3.972076958359083,55,0.8074527942051357,True,,,,,,,12.0,4.0,8.054545454545455,4.0,7.0,0.7636363636363637,0.23636363636363636
discounted_linucb,hybrid,z72_a0p5_hybrid_corr5_bsstablehie5_top10,8,3142,ETHUSDT,val_second,,-5.735620592982171,8.718705721438136,68,0.5844138728865912,True,,,,,,,7.0,4.0,6.0588235294117645,4.0,6.0,0.8529411764705882,0.14705882352941177
discounted_linucb,hybrid,z72_a0p5_hybrid_corr5_bsstablehie5_top10,8,3142,SOLUSDT,val,2000.0,-9.325808841301718,12.323391140128626,175,0.6609203001148894,True,0.488,0.3515,0.35150000000000003,0.6485,0.6485,0.646,7.0,4.0,5.554285714285714,4.0,4.0,0.92,0.08
discounted_linucb,hybrid,z72_a0p5_hybrid_corr5_bsstablehie5_top10,8,3142,SOLUSDT,val_first,,1.3215312505463483,3.157165948399576,83,1.0337334227293378,True,,,,,,,6.0,4.0,6.132530120481928,4.0,4.0,0.9036144578313253,0.0963855421686747
discounted_linucb,hybrid,z72_a0p5_hybrid_corr5_bsstablehie5_top10,8,3142,SOLUSDT,val_second,,-10.508467411057476,12.141361572911524,92,0.4318490403564043,True,,,,,,,7.0,4.0,5.032608695652174,4.0,4.0,0.9347826086956522,0.06521739130434782
discounted_linucb,hybrid,z72_a0p5_hybrid_corr5_bsstablehie5_top10,9,3142,BTCUSDT,val,2000.0,-5.231409124918107,7.491114041393421,127,0.6632195654952522,True,0.4835,0.2555,0.25549999999999995,0.7445,0.7445,0.7395,9.0,4.0,7.409448818897638,4.0,7.0,0.8661417322834646,0.13385826771653545
discounted_linucb,hybrid,z72_a0p5_hybrid_corr5_bsstablehie5_top10,9,3142,BTCUSDT,val_first,,-1.2761646584815045,4.689137428711487,66,0.7922861422206209,True,,,,,,,9.0,4.0,6.393939393939394,4.0,5.75,0.8484848484848485,0.15151515151515152
discounted_linucb,hybrid,z72_a0p5_hybrid_corr5_bsstablehie5_top10,9,3142,BTCUSDT,val_second,,-4.006372374770583,5.878940429541968,61,0.5566107127571857,True,,,,,,,10.0,4.0,8.508196721311476,4.0,8.0,0.8852459016393442,0.11475409836065574
discounted_linucb,hybrid,z72_a0p5_hybrid_corr5_bsstablehie5_top10,9,3142,ETHUSDT,val,2000.0,-6.676698216419508,11.524923070149985,133,0.6406690731572158,True,0.4095,0.2675,0.26749999999999996,0.7325,0.7325,0.729,7.0,4.0,6.075187969924812,4.0,4.0,0.8646616541353384,0.13533834586466165
discounted_linucb,hybrid,z72_a0p5_hybrid_corr5_bsstablehie5_top10,9,3142,ETHUSDT,val_first,,-3.5114216837558887,5.23812063154987,71,0.5717984109436961,True,,,,,,,7.0,4.0,5.929577464788732,4.0,4.0,0.8591549295774648,0.14084507042253522
discounted_linucb,hybrid,z72_a0p5_hybrid_corr5_bsstablehie5_top10,9,3142,ETHUSDT,val_second,,-3.280467582690816,8.42165250856115,62,0.6847294936062468,True,,,,,,,6.5,4.0,6.241935483870968,4.0,4.75,0.8709677419354839,0.12903225806451613
discounted_linucb,hybrid,z72_a0p5_hybrid_corr5_bsstablehie5_top10,9,3142,SOLUSDT,val,2000.0,-7.018120801202965,8.578182323795625,171,0.7229946080348278,True,0.4965,0.3435,0.3435,0.6565,0.6565,0.6535,7.0,4.0,5.771929824561403,4.0,4.0,0.8947368421052632,0.10526315789473684
discounted_linucb,hybrid,z72_a0p5_hybrid_corr5_bsstablehie5_top10,9,3142,SOLUSDT,val_first,,0.5240218680441222,2.9744366989042037,80,0.9839247942848145,True,,,,,,,8.0,4.0,6.7,4.0,6.0,0.8625,0.1375
discounted_linucb,hybrid,z72_a0p5_hybrid_corr5_bsstablehie5_top10,9,3142,SOLUSDT,val_second,,-7.502826219137471,7.803906513519565,91,0.5307257336548757,True,,,,,,,6.0,4.0,4.956043956043956,4.0,4.0,0.9230769230769231,0.07692307692307693
discounted_linucb,hybrid,z72_a0p5_hybrid_corr5_bsstablehie5_top10,10,3142,BTCUSDT,val,2000.0,-6.141143594722709,8.190397811763184,135,0.6219167437073373,True,0.5135,0.2695,0.26949999999999996,0.7305,0.7305,0.7255,9.5,4.0,7.607407407407408,4.0,7.0,0.7777777777777778,0.2222222222222222
discounted_linucb,hybrid,z72_a0p5_hybrid_corr5_bsstablehie5_top10,10,3142,BTCUSDT,val_first,,-0.25930719946473113,3.9739492827830514,65,0.933880941941345,True,,,,,,,8.5,4.0,7.7846153846153845,4.0,10.0,0.7384615384615385,0.26153846153846155
discounted_linucb,hybrid,z72_a0p5_hybrid_corr5_bsstablehie5_top10,10,3142,BTCUSDT,val_second,,-5.897128072912694,7.22415319020554,70,0.3997175069649981,True,,,,,,,10.0,4.0,7.442857142857143,4.0,6.5,0.8142857142857143,0.18571428571428572
discounted_linucb,hybrid,z72_a0p5_hybrid_corr5_bsstablehie5_top10,10,3142,ETHUSDT,val,2000.0,-8.996011296930352,13.310211164532927,165,0.6170639631788832,True,0.49,0.3295,0.3295,0.6705,0.6705,0.669,7.0,4.0,5.9393939393939394,4.0,4.0,0.8727272727272727,0.12727272727272726
discounted_linucb,hybrid,z72_a0p5_hybrid_corr5_bsstablehie5_top10,10,3142,ETHUSDT,val_first,,-3.955100821340718,4.718729060512694,84,0.6318508613734595,True,,,,,,,7.0,4.0,6.095238095238095,4.0,5.0,0.8452380952380952,0.15476190476190477
discounted_linucb,hybrid,z72_a0p5_hybrid_corr5_bsstablehie5_top10,10,3142,ETHUSDT,val_second,,-5.2484936927391646,9.740351047472284,81,0.6064277279382927,True,,,,,,,6.5,4.0,5.777777777777778,4.0,4.0,0.9012345679012346,0.09876543209876543
discounted_linucb,hybrid,z72_a0p5_hybrid_corr5_bsstablehie5_top10,10,3142,SOLUSDT,val,2000.0,-3.930595750801358,7.89712223141299,180,0.826036517602956,True,0.539,0.3595,0.35950000000000004,0.6405,0.6405,0.6375,7.0,4.0,5.988888888888889,4.0,5.0,0.8944444444444445,0.10555555555555556
discounted_linucb,hybrid,z72_a0p5_hybrid_corr5_bsstablehie5_top10,10,3142,SOLUSDT,val_first,,1.5626460612613524,3.0572140274956805,81,1.0385062515504802,True,,,,,,,8.0,4.0,7.1234567901234565,4.0,7.0,0.8395061728395061,0.16049382716049382
discounted_linucb,hybrid,z72_a0p5_hybrid_corr5_bsstablehie5_top10,10,3142,SOLUSDT,val_second,,-5.408722621060158,6.9500229664196,99,0.6680452562055708,True,,,,,,,7.0,4.0,5.0606060606060606,4.0,4.0,0.9393939393939394,0.06060606060606061
discounted_linucb,hybrid,z72_a0p5_hybrid_corr5_bsstablehie5_top10,11,3142,BTCUSDT,val,2000.0,-6.932719363920736,7.666930176308718,107,0.5009459238764628,True,0.39,0.2155,0.21550000000000002,0.7845,0.7845,0.7795,10.0,4.0,7.046728971962617,4.0,5.0,0.8411214953271028,0.1588785046728972
discounted_linucb,hybrid,z72_a0p5_hybrid_corr5_bsstablehie5_top10,11,3142,BTCUSDT,val_first,,-2.223427429710201,4.592972766742931,56,0.6240718985342575,True,,,,,,,10.0,4.0,6.25,4.0,5.0,0.8214285714285714,0.17857142857142858
discounted_linucb,hybrid,z72_a0p5_hybrid_corr5_bsstablehie5_top10,11,3142,BTCUSDT,val_second,,-4.816380662990738,5.58032095601032,51,0.39930190285664335,True,,,,,,,9.0,4.0,7.921568627450981,4.0,5.5,0.8627450980392157,0.13725490196078433
discounted_linucb,hybrid,z72_a0p5_hybrid_corr5_bsstablehie5_top10,11,3142,ETHUSDT,val,2000.0,-8.828844900048448,11.867432939402756,106,0.530059763844295,True,0.331,0.2135,0.21350000000000002,0.7865,0.7865,0.785,8.0,4.0,6.2075471698113205,4.0,6.0,0.8301886792452831,0.16981132075471697
discounted_linucb,hybrid,z72_a0p5_hybrid_corr5_bsstablehie5_top10,11,3142,ETHUSDT,val_first,,-3.7983505293829545,4.2149099952790925,54,0.5015346747453677,True,,,,,,,8.0,4.0,6.111111111111111,4.0,5.0,0.8703703703703703,0.12962962962962962
discounted_linucb,hybrid,z72_a0p5_hybrid_corr5_bsstablehie5_top10,11,3142,ETHUSDT,val_second,,-5.2291144677326535,8.75004078095607,51,0.554674758539587,True,,,,,,,9.0,4.0,6.352941176470588,4.0,7.5,0.7843137254901961,0.21568627450980393
discounted_linucb,hybrid,z72_a0p5_hybrid_corr5_bsstablehie5_top10,11,3142,SOLUSDT,val,2000.0,-9.029875023848932,10.543206660704119,193,0.6856739995058047,True,0.493,0.3855,0.38549999999999995,0.6145,0.6145,0.612,7.0,4.0,5.108808290155441,4.0,4.0,0.927461139896373,0.07253886010362694
discounted_linucb,hybrid,z72_a0p5_hybrid_corr5_bsstablehie5_top10,11,3142,SOLUSDT,val_first,,-2.610113046453888,5.275146774684902,96,0.7800511929575691,True,,,,,,,8.0,4.0,5.541666666666667,4.0,4.0,0.8958333333333334,0.10416666666666667
discounted_linucb,hybrid,z72_a0p5_hybrid_corr5_bsstablehie5_top10,11,3142,SOLUSDT,val_second,,-6.591815822167646,9.008130805686,97,0.6060001211778628,True,,,,,,,6.0,4.0,4.680412371134021,4.0,4.0,0.9587628865979382,0.041237113402061855
discounted_linucb,hybrid,z72_a0p5_hybrid_corr5_bsstablehie5_top10,12,3142,BTCUSDT,val,2000.0,-5.829579434867538,6.995585224848533,120,0.5774931871969669,True,0.4765,0.2395,0.23950000000000005,0.7605,0.7605,0.7555,10.0,4.0,7.941666666666666,4.0,7.0,0.8583333333333333,0.14166666666666666
discounted_linucb,hybrid,z72_a0p5_hybrid_corr5_bsstablehie5_top10,12,3142,BTCUSDT,val_first,,-2.324304894185547,4.695138159657253,65,0.6527352538731016,True,,,,,,,9.5,4.0,6.953846153846154,4.0,6.0,0.8615384615384616,0.13846153846153847
discounted_linucb,hybrid,z72_a0p5_hybrid_corr5_bsstablehie5_top10,12,3142,BTCUSDT,val_second,,-3.5886865579862537,4.691320458548887,55,0.507108600085057,True,,,,,,,10.0,4.0,9.10909090909091,4.0,7.0,0.8545454545454545,0.14545454545454545
discounted_linucb,hybrid,z72_a0p5_hybrid_corr5_bsstablehie5_top10,12,3142,ETHUSDT,val,2000.0,-3.691468234410078,8.478910871794055,117,0.7617792338268304,True,0.423,0.2355,0.23550000000000004,0.7645,0.7645,0.763,8.0,4.0,7.188034188034188,4.0,6.0,0.8290598290598291,0.17094017094017094
discounted_linucb,hybrid,z72_a0p5_hybrid_corr5_bsstablehie5_top10,12,3142,ETHUSDT,val_first,,-1.3818421248583124,2.7372872781238455,50,0.7684231488536558,True,,,,,,,11.0,4.0,8.84,4.0,7.0,0.78,0.22
discounted_linucb,hybrid,z72_a0p5_hybrid_corr5_bsstablehie5_top10,12,3142,ETHUSDT,val_second,,-2.34198869591129,7.5210739863075915,66,0.7690395398355192,True,,,,,,,7.0,4.0,5.984848484848484,4.0,5.0,0.8636363636363636,0.13636363636363635
discounted_linucb,hybrid,z72_a0p5_hybrid_corr5_bsstablehie5_top10,12,3142,SOLUSDT,val,2000.0,-5.006314710551063,7.394804987427383,149,0.766722355427788,True,0.448,0.2975,0.2975,0.7025,0.7025,0.6995,8.0,4.0,6.0134228187919465,4.0,5.0,0.8926174496644296,0.10738255033557047
discounted_linucb,hybrid,z72_a0p5_hybrid_corr5_bsstablehie5_top10,12,3142,SOLUSDT,val_first,,0.5538031164864732,3.667561334187941,71,0.9801947722135298,True,,,,,,,8.0,4.0,6.563380281690141,4.0,5.5,0.8732394366197183,0.1267605633802817
discounted_linucb,hybrid,z72_a0p5_hybrid_corr5_bsstablehie5_top10,12,3142,SOLUSDT,val_second,,-5.529495309686528,7.132102591882439,78,0.6021599218028316,True,,,,,,,7.0,4.0,5.512820512820513,4.0,5.0,0.9102564102564102,0.08974358974358974
discounted_linucb,hybrid,z72_a0p5_hybrid_corr5_bsstablehie5_top10,13,3142,BTCUSDT,val,2000.0,-4.274395414708221,4.875839817081151,103,0.6398487443442442,True,0.3665,0.2075,0.20750000000000002,0.7925,0.7925,0.7875,9.0,4.0,6.864077669902913,4.0,5.0,0.883495145631068,0.11650485436893204
discounted_linucb,hybrid,z72_a0p5_hybrid_corr5_bsstablehie5_top10,13,3142,BTCUSDT,val_first,,-0.25893914309981225,2.3816325589247067,41,0.8954002043658388,True,,,,,,,9.5,4.0,6.536585365853658,4.0,5.0,0.8292682926829268,0.17073170731707318
discounted_linucb,hybrid,z72_a0p5_hybrid_corr5_bsstablehie5_top10,13,3142,BTCUSDT,val_second,,-4.025880852991371,4.86390487078272,62,0.526161325056292,True,,,,,,,8.5,4.0,7.080645161290323,4.0,4.0,0.9193548387096774,0.08064516129032258
discounted_linucb,hybrid,z72_a0p5_hybrid_corr5_bsstablehie5_top10,13,3142,ETHUSDT,val,2000.0,-7.716615244638536,11.067904236288129,96,0.521618336890018,True,0.297,0.1915,0.1915,0.8085,0.8085,0.807,10.0,4.0,6.1875,4.0,6.0,0.8645833333333334,0.13541666666666666
discounted_linucb,hybrid,z72_a0p5_hybrid_corr5_bsstablehie5_top10,13,3142,ETHUSDT,val_first,,-4.462805357578703,5.217193885450378,43,0.4029838812329119,True,,,,,,,10.0,4.0,6.046511627906977,4.0,6.0,0.8837209302325582,0.11627906976744186
discounted_linucb,hybrid,z72_a0p5_hybrid_corr5_bsstablehie5_top10,13,3142,ETHUSDT,val_second,,-3.4058043040077313,6.913641229922208,52,0.6242785730966648,True,,,,,,,10.0,4.0,6.346153846153846,4.0,6.0,0.8461538461538461,0.15384615384615385
discounted_linucb,hybrid,z72_a0p5_hybrid_corr5_bsstablehie5_top10,13,3142,SOLUSDT,val,2000.0,-8.011994875810192,10.176182496099695,201,0.7235888492169397,True,0.52,0.4035,0.40349999999999997,0.5965,0.5965,0.5935,6.0,4.0,5.144278606965174,4.0,4.0,0.9502487562189055,0.04975124378109453
discounted_linucb,hybrid,z72_a0p5_hybrid_corr5_bsstablehie5_top10,13,3142,SOLUSDT,val_first,,-0.6497160266600299,5.235166378755718,117,0.9170887879426614,True,,,,,,,6.0,4.0,5.264957264957265,4.0,4.0,0.9572649572649573,0.042735042735042736
discounted_linucb,hybrid,z72_a0p5_hybrid_corr5_bsstablehie5_top10,13,3142,SOLUSDT,val_second,,-7.410425571733425,9.02917570365932,84,0.5443852352631284,True,,,,,,,7.0,4.0,4.976190476190476,4.0,4.0,0.9404761904761905,0.05952380952380952
discounted_linucb,hybrid,z72_a0p5_hybrid_corr5_bsstablehie5_top10,14,3142,BTCUSDT,val,2000.0,-8.25721970663469,9.643948637750267,140,0.49774487369983783,True,0.464,0.2795,0.27949999999999997,0.7205,0.7205,0.7155,9.0,4.0,6.628571428571429,4.0,6.0,0.8714285714285714,0.12857142857142856
discounted_linucb,hybrid,z72_a0p5_hybrid_corr5_bsstablehie5_top10,14,3142,BTCUSDT,val_first,,-0.6667291278126153,3.1400287417169603,70,0.8644526497238751,True,,,,,,,9.0,4.0,6.057142857142857,4.0,6.0,0.8857142857142857,0.11428571428571428
discounted_linucb,hybrid,z72_a0p5_hybrid_corr5_bsstablehie5_top10,14,3142,BTCUSDT,val_second,,-7.641438273575818,8.759535778059446,70,0.30160924443782894,True,,,,,,,9.0,4.0,7.2,4.0,7.0,0.8571428571428571,0.14285714285714285
discounted_linucb,hybrid,z72_a0p5_hybrid_corr5_bsstablehie5_top10,14,3142,ETHUSDT,val,2000.0,-5.0765050726007015,9.409454838891374,125,0.6908833232841536,True,0.4295,0.2495,0.24950000000000006,0.7505,0.7505,0.749,8.0,4.0,6.872,4.0,5.0,0.864,0.136
discounted_linucb,hybrid,z72_a0p5_hybrid_corr5_bsstablehie5_top10,14,3142,ETHUSDT,val_first,,-2.4343224460840585,4.477898349477738,62,0.6764623369635007,True,,,,,,,9.0,4.0,7.629032258064516,4.0,6.0,0.8387096774193549,0.16129032258064516
discounted_linucb,hybrid,z72_a0p5_hybrid_corr5_bsstablehie5_top10,14,3142,ETHUSDT,val_second,,-2.7081066751743155,7.9127848007172545,63,0.7005741932669746,True,,,,,,,7.5,4.0,6.126984126984127,4.0,4.5,0.8888888888888888,0.1111111111111111
discounted_linucb,hybrid,z72_a0p5_hybrid_corr5_bsstablehie5_top10,14,3142,SOLUSDT,val,2000.0,-5.038874299167551,7.225060412339435,194,0.7896380290521942,True,0.498,0.3875,0.38749999999999996,0.6125,0.6125,0.61,7.0,4.0,5.134020618556701,4.0,4.0,0.9381443298969072,0.061855670103092786
discounted_linucb,hybrid,z72_a0p5_hybrid_corr5_bsstablehie5_top10,14,3142,SOLUSDT,val_first,,-1.958659299216503,4.850570760000172,100,0.8263318560017769,True,,,,,,,7.0,4.0,5.38,4.0,5.0,0.95,0.05
discounted_linucb,hybrid,z72_a0p5_hybrid_corr5_bsstablehie5_top10,14,3142,SOLUSDT,val_second,,-3.1417512020277982,6.220215158597497,94,0.7512700534816407,True,,,,,,,6.0,4.0,4.872340425531915,4.0,4.0,0.925531914893617,0.07446808510638298
discounted_linucb,hybrid,z72_a0p5_hybrid_corr5_bsstablehie5_top10,15,3142,BTCUSDT,val,2000.0,-6.041186272612098,7.249552472903186,112,0.5357193931155741,True,0.4155,0.2235,0.22350000000000003,0.7765,0.7765,0.7735,12.0,4.0,7.419642857142857,4.0,8.0,0.8214285714285714,0.17857142857142858
discounted_linucb,hybrid,z72_a0p5_hybrid_corr5_bsstablehie5_top10,15,3142,BTCUSDT,val_first,,0.07825237184750922,2.4824323476252186,45,1.006536014399537,True,,,,,,,14.0,4.0,7.644444444444445,4.0,8.0,0.7777777777777778,0.2222222222222222
discounted_linucb,hybrid,z72_a0p5_hybrid_corr5_bsstablehie5_top10,15,3142,BTCUSDT,val_second,,-6.11465378284427,6.9841739955802336,67,0.36267838972268085,True,,,,,,,11.0,4.0,7.268656716417911,4.0,8.0,0.8507462686567164,0.14925373134328357
discounted_linucb,hybrid,z72_a0p5_hybrid_corr5_bsstablehie5_top10,15,3142,ETHUSDT,val,2000.0,-3.093784502262964,6.424114500440559,94,0.7389385046433983,True,0.3155,0.1875,0.1875,0.8125,0.8125,0.811,9.0,4.0,6.712765957446808,4.0,6.0,0.8404255319148937,0.1595744680851064
discounted_linucb,hybrid,z72_a0p5_hybrid_corr5_bsstablehie5_top10,15,3142,ETHUSDT,val_first,,-3.5470064789866584,4.285200983206961,43,0.4739709569510347,True,,,,,,,12.0,4.0,6.976744186046512,4.0,6.0,0.813953488372093,0.18604651162790697
discounted_linucb,hybrid,z72_a0p5_hybrid_corr5_bsstablehie5_top10,15,3142,ETHUSDT,val_second,,0.46988896889441634,3.3642178665904465,50,1.0253244530762582,True,,,,,,,7.0,4.0,6.54,4.0,6.75,0.86,0.14
discounted_linucb,hybrid,z72_a0p5_hybrid_corr5_bsstablehie5_top10,15,3142,SOLUSDT,val,2000.0,-6.543701074990171,8.453886942253419,76,0.5314757560829961,True,0.268,0.152,0.15200000000000002,0.848,0.848,0.8445,11.0,4.0,7.052631578947368,4.0,5.0,0.8421052631578947,0.15789473684210525
discounted_linucb,hybrid,z72_a0p5_hybrid_corr5_bsstablehie5_top10,15,3142,SOLUSDT,val_first,,0.25827281892911724,2.493877439297798,36,1.005952781360197,True,,,,,,,11.0,4.0,7.277777777777778,4.0,5.0,0.8333333333333334,0.16666666666666666
discounted_linucb,hybrid,z72_a0p5_hybrid_corr5_bsstablehie5_top10,15,3142,SOLUSDT,val_second,,-6.784451499781918,7.6729938288735084,40,0.3249660786597162,True,,,,,,,11.0,4.0,6.85,4.0,5.0,0.85,0.15
sw_lints,corr,z48_a0p5_corr_pruned_top10,0,3142,BTCUSDT,val,2000.0,-3.5260859517680543,5.081851706946727,198,0.781889298017463,True,0.607,0.3955,0.39549999999999996,0.6045,0.6045,0.603,8.0,4.0,6.1313131313131315,4.0,5.0,0.9040404040404041,0.09595959595959595
sw_lints,corr,z48_a0p5_corr_pruned_top10,0,3142,BTCUSDT,val_first,,-0.2736842831858599,3.991386235839278,101,0.9102143949382472,True,,,,,,,7.0,4.0,6.069306930693069,4.0,5.0,0.9207920792079208,0.07920792079207921
sw_lints,corr,z48_a0p5_corr_pruned_top10,0,3142,BTCUSDT,val_second,,-3.261327409124204,4.373856537551724,96,0.648002021016064,True,,,,,,,8.0,4.0,6.03125,4.0,5.0,0.8958333333333334,0.10416666666666667
sw_lints,corr,z48_a0p5_corr_pruned_top10,0,3142,ETHUSDT,val,2000.0,-7.42665899911914,8.111293898309436,214,0.7043636697435642,True,0.5605,0.4275,0.4275,0.5725,0.5725,0.571,7.0,4.0,5.238317757009346,4.0,5.0,0.9439252336448598,0.056074766355140186
sw_lints,corr,z48_a0p5_corr_pruned_top10,0,3142,ETHUSDT,val_first,,-3.284874784631686,6.728701569229045,109,0.7182929982078142,True,,,,,,,8.0,4.0,5.220183486238532,4.0,5.0,0.944954128440367,0.05504587155963303
sw_lints,corr,z48_a0p5_corr_pruned_top10,0,3142,ETHUSDT,val_second,,-4.282457583820943,4.990345721964539,105,0.6928088577028063,True,,,,,,,7.0,4.0,5.257142857142857,4.0,5.0,0.9428571428571428,0.05714285714285714
sw_lints,corr,z48_a0p5_corr_pruned_top10,0,3142,SOLUSDT,val,2000.0,-6.199988871840034,7.732649872422237,193,0.7623430988355543,True,0.5335,0.386,0.386,0.614,0.614,0.611,7.0,4.0,5.528497409326425,4.0,4.0,0.9222797927461139,0.07772020725388601
sw_lints,corr,z48_a0p5_corr_pruned_top10,0,3142,SOLUSDT,val_first,,-4.257929342872091,7.09439183470667,101,0.7010911210891693,True,,,,,,,7.0,4.0,5.534653465346534,4.0,5.0,0.9108910891089109,0.0891089108910891
sw_lints,corr,z48_a0p5_corr_pruned_top10,0,3142,SOLUSDT,val_second,,-2.02842858488288,6.045825045540221,92,0.8222577426529067,True,,,,,,,7.0,4.0,5.521739130434782,4.0,4.0,0.9347826086956522,0.06521739130434782
sw_lints,corr,z48_a0p5_corr_pruned_top10,0,3143,BTCUSDT,val,2000.0,-8.148203189548543,8.960074076192715,238,0.6455383117086866,True,0.5405,0.4755,0.47550000000000003,0.5245,0.5245,0.523,7.0,4.0,4.542016806722689,4.0,4.0,0.9705882352941176,0.029411764705882353
sw_lints,corr,z48_a0p5_corr_pruned_top10,0,3143,BTCUSDT,val_first,,-4.458383769495999,4.801493012268077,125,0.6302484926511999,True,,,,,,,7.0,4.0,4.408,4.0,4.0,0.984,0.016
sw_lints,corr,z48_a0p5_corr_pruned_top10,0,3143,BTCUSDT,val_second,,-3.8620023039493856,4.9628229060529545,113,0.6613613618644739,True,,,,,,,7.0,4.0,4.6902654867256635,4.0,5.0,0.9557522123893806,0.04424778761061947
sw_lints,corr,z48_a0p5_corr_pruned_top10,0,3143,ETHUSDT,val,2000.0,-8.677519728208916,10.923552879848353,224,0.6668305078080288,True,0.5335,0.4475,0.4475,0.5525,0.5525,0.551,7.0,4.0,4.763392857142857,4.0,4.0,0.9732142857142857,0.026785714285714284
sw_lints,corr,z48_a0p5_corr_pruned_top10,0,3143,ETHUSDT,val_first,,-3.1403079705213943,4.840581464593874,116,0.7169162578418948,True,,,,,,,7.0,4.0,4.396551724137931,4.0,4.0,0.9913793103448276,0.008620689655172414
sw_lints,corr,z48_a0p5_corr_pruned_top10,0,3143,ETHUSDT,val_second,,-5.7167348374412725,8.17390544293527,107,0.6167905215579855,True,,,,,,,7.0,4.0,5.018691588785047,4.0,4.0,0.9626168224299065,0.037383177570093455
sw_lints,corr,z48_a0p5_corr_pruned_top10,0,3143,SOLUSDT,val,2000.0,-3.60450640545108,7.7747386937010665,208,0.8438496432561002,True,0.517,0.4175,0.4175,0.5825,0.5825,0.5805,7.0,4.0,4.951923076923077,4.0,4.0,0.9567307692307693,0.04326923076923077
sw_lints,corr,z48_a0p5_corr_pruned_top10,0,3143,SOLUSDT,val_first,,1.8888941411148386,2.9249796162311603,106,1.1141865382251497,True,,,,,,,7.0,4.0,4.877358490566038,4.0,5.0,0.9716981132075472,0.02830188679245283
sw_lints,corr,z48_a0p5_corr_pruned_top10,0,3143,SOLUSDT,val_second,,-5.391559691439596,7.7747386937010665,102,0.6681502988327582,True,,,,,,,7.0,4.0,5.029411764705882,4.0,4.0,0.9411764705882353,0.058823529411764705
sw_lints,corr,z48_a0p5_corr_pruned_top10,1,3142,BTCUSDT,val,2000.0,-3.2747895554034567,4.819740655101135,136,0.7659680502650074,True,0.5655,0.272,0.272,0.728,0.728,0.7255,11.0,5.0,8.316176470588236,4.0,9.0,0.7720588235294118,0.22794117647058823
sw_lints,corr,z48_a0p5_corr_pruned_top10,1,3142,BTCUSDT,val_first,,-0.1861458186715903,3.389356621021744,81,0.9383963292298712,True,,,,,,,9.5,4.0,6.320987654320987,4.0,7.0,0.8395061728395061,0.16049382716049382
sw_lints,corr,z48_a0p5_corr_pruned_top10,1,3142,BTCUSDT,val_second,,-3.0944038400930185,4.326392811335622,55,0.5926846723421876,True,,,,,,,13.0,6.0,11.254545454545454,4.0,11.5,0.6727272727272727,0.32727272727272727
sw_lints,corr,z48_a0p5_corr_pruned_top10,1,3142,ETHUSDT,val,2000.0,-8.594318071880325,12.628095424825037,203,0.6575009202795525,True,0.4955,0.406,0.406,0.594,0.594,0.5915,7.0,4.0,4.8817733990147785,4.0,4.0,0.9507389162561576,0.04926108374384237
sw_lints,corr,z48_a0p5_corr_pruned_top10,1,3142,ETHUSDT,val_first,,-0.7794140919231918,4.289903988677146,109,0.9118903736465265,True,,,,,,,7.0,4.0,4.431192660550459,4.0,4.0,0.981651376146789,0.01834862385321101
sw_lints,corr,z48_a0p5_corr_pruned_top10,1,3142,ETHUSDT,val_second,,-7.876292916872385,11.776840598613491,93,0.5000559338373656,True,,,,,,,7.0,4.0,5.419354838709677,4.0,5.0,0.9139784946236559,0.08602150537634409
sw_lints,corr,z48_a0p5_corr_pruned_top10,1,3142,SOLUSDT,val,2000.0,-3.2729573071417106,9.528133994806309,147,0.8196467531941346,True,0.505,0.294,0.29400000000000004,0.706,0.706,0.701,9.0,4.0,6.870748299319728,4.0,7.0,0.8163265306122449,0.1836734693877551
sw_lints,corr,z48_a0p5_corr_pruned_top10,1,3142,SOLUSDT,val_first,,2.485261071523137,4.147911111138114,81,1.1064374823477037,True,,,,,,,9.0,4.0,7.0246913580246915,4.0,7.0,0.8148148148148148,0.18518518518518517
sw_lints,corr,z48_a0p5_corr_pruned_top10,1,3142,SOLUSDT,val_second,,-5.618581948721635,9.528133994806309,66,0.601954775886982,True,,,,,,,8.0,4.0,6.681818181818182,4.0,5.0,0.8181818181818182,0.18181818181818182
sw_lints,corr,z48_a0p5_corr_pruned_top10,1,3143,BTCUSDT,val,2000.0,-5.610948880108513,6.3091661311629466,183,0.6748261759528325,True,0.5315,0.366,0.366,0.634,0.634,0.631,8.0,4.0,5.808743169398907,4.0,5.0,0.8797814207650273,0.12021857923497267
sw_lints,corr,z48_a0p5_corr_pruned_top10,1,3143,BTCUSDT,val_first,,-2.2549364964860374,2.4639166900579768,110,0.7581527342901115,True,,,,,,,7.0,4.0,4.781818181818182,4.0,4.0,0.9454545454545454,0.05454545454545454
sw_lints,corr,z48_a0p5_corr_pruned_top10,1,3143,BTCUSDT,val_second,,-3.433434143200309,5.438309004454201,73,0.5774314444651106,True,,,,,,,11.5,4.0,7.3561643835616435,4.0,7.0,0.7808219178082192,0.2191780821917808
sw_lints,corr,z48_a0p5_corr_pruned_top10,1,3143,ETHUSDT,val,2000.0,-6.94442360612928,8.09221551756173,177,0.6645929812514685,True,0.458,0.354,0.354,0.646,0.646,0.644,7.0,4.0,5.175141242937853,4.0,4.0,0.9378531073446328,0.062146892655367235
sw_lints,corr,z48_a0p5_corr_pruned_top10,1,3143,ETHUSDT,val_first,,-3.31801328336343,5.043955368874242,100,0.6810341107473927,True,,,,,,,7.0,4.0,4.79,4.0,4.0,0.96,0.04
sw_lints,corr,z48_a0p5_corr_pruned_top10,1,3143,ETHUSDT,val_second,,-3.750864505292417,5.812765937351183,77,0.6494144367857032,True,,,,,,,8.0,4.0,5.675324675324675,4.0,4.0,0.9090909090909091,0.09090909090909091
sw_lints,corr,z48_a0p5_corr_pruned_top10,1,3143,SOLUSDT,val,2000.0,-9.70048736632515,10.499590854995178,189,0.6482002796178185,True,0.473,0.3795,0.37949999999999995,0.6205,0.6205,0.617,8.0,4.0,4.984126984126984,4.0,5.0,0.9417989417989417,0.0582010582010582
sw_lints,corr,z48_a0p5_corr_pruned_top10,1,3143,SOLUSDT,val_first,,-2.027745055759056,4.51846453808461,97,0.7992881551527434,True,,,,,,,8.0,4.0,5.22680412371134,4.0,5.0,0.9175257731958762,0.08247422680412371
sw_lints,corr,z48_a0p5_corr_pruned_top10,1,3143,SOLUSDT,val_second,,-7.831546099385878,8.145474463234736,92,0.5367855561440149,True,,,,,,,8.0,4.0,4.728260869565218,4.0,4.0,0.967391304347826,0.03260869565217391
sw_lints,corr,z48_a0p5_corr_pruned_top10,2,3142,BTCUSDT,val,2000.0,-4.0968130029450105,5.878454202373485,148,0.7460494550156301,True,0.5985,0.2975,0.2975,0.7025,0.7025,0.6975,8.5,4.0,7.864864864864865,4.0,6.25,0.8378378378378378,0.16216216216216217
sw_lints,corr,z48_a0p5_corr_pruned_top10,2,3142,BTCUSDT,val_first,,-1.343574095542155,4.11658031528781,83,0.8174674913918615,True,,,,,,,8.0,4.0,7.578313253012048,4.0,6.0,0.8554216867469879,0.14457831325301204
sw_lints,corr,z48_a0p5_corr_pruned_top10,2,3142,BTCUSDT,val_second,,-2.790734493127889,5.236372698990865,65,0.663332774708855,True,,,,,,,9.0,4.0,8.23076923076923,4.0,7.0,0.8153846153846154,0.18461538461538463
sw_lints,corr,z48_a0p5_corr_pruned_top10,2,3142,ETHUSDT,val,2000.0,-10.403125074629171,12.668403109511372,180,0.6008362305342257,True,0.505,0.3595,0.35950000000000004,0.6405,0.6405,0.6375,8.0,4.0,5.611111111111111,4.0,5.0,0.9,0.1
sw_lints,corr,z48_a0p5_corr_pruned_top10,2,3142,ETHUSDT,val_first,,-0.7357783719664446,3.3066150660071236,84,0.9003588192608252,True,,,,,,,9.0,4.0,5.869047619047619,4.0,6.0,0.8690476190476191,0.13095238095238096
sw_lints,corr,z48_a0p5_corr_pruned_top10,2,3142,ETHUSDT,val_second,,-9.739004189131261,12.021073194186016,95,0.429017727974872,True,,,,,,,7.0,4.0,5.4,4.0,4.0,0.9263157894736842,0.07368421052631578
sw_lints,corr,z48_a0p5_corr_pruned_top10,2,3142,SOLUSDT,val,2000.0,-3.8779591434696337,9.809887131176499,137,0.7904989146782833,True,0.5315,0.274,0.274,0.726,0.726,0.7235,8.0,4.0,7.759124087591241,4.0,6.0,0.8248175182481752,0.17518248175182483
sw_lints,corr,z48_a0p5_corr_pruned_top10,2,3142,SOLUSDT,val_first,,2.352173119865264,3.057683494088226,75,1.1695933508423122,True,,,,,,,7.0,4.0,7.666666666666667,4.0,5.0,0.8533333333333334,0.14666666666666667
sw_lints,corr,z48_a0p5_corr_pruned_top10,2,3142,SOLUSDT,val_second,,-6.086956508523511,9.809887131176499,62,0.5655442919475006,True,,,,,,,9.0,4.0,7.870967741935484,4.0,7.0,0.7903225806451613,0.20967741935483872
sw_lints,corr,z48_a0p5_corr_pruned_top10,2,3143,BTCUSDT,val,2000.0,-3.77553078115479,5.166280731912631,151,0.7512623205594217,True,0.534,0.3035,0.3035,0.6965,0.6965,0.6935,9.0,4.0,7.039735099337748,4.0,6.0,0.8344370860927153,0.16556291390728478
sw_lints,corr,z48_a0p5_corr_pruned_top10,2,3143,BTCUSDT,val_first,,-1.63645138068218,3.9788534046153456,83,0.7877547343720344,True,,,,,,,8.5,4.0,6.493975903614458,4.0,6.0,0.8313253012048193,0.1686746987951807
sw_lints,corr,z48_a0p5_corr_pruned_top10,2,3143,BTCUSDT,val_second,,-2.174666764769928,3.7709833438642204,68,0.704731520437126,True,,,,,,,8.5,4.0,7.705882352941177,4.0,5.0,0.8382352941176471,0.16176470588235295
sw_lints,corr,z48_a0p5_corr_pruned_top10,2,3143,ETHUSDT,val,2000.0,-8.835157646392332,11.461401981186004,176,0.6430339331874011,True,0.5245,0.352,0.352,0.648,0.648,0.6465,7.0,4.0,5.9602272727272725,4.0,5.0,0.8863636363636364,0.11363636363636363
sw_lints,corr,z48_a0p5_corr_pruned_top10,2,3143,ETHUSDT,val_first,,-3.4883539170198485,6.20647042784912,73,0.658481549292421,True,,,,,,,10.0,4.0,6.808219178082192,4.0,7.0,0.8082191780821918,0.1917808219178082
sw_lints,corr,z48_a0p5_corr_pruned_top10,2,3143,ETHUSDT,val_second,,-5.5400606521365585,8.261228968482204,102,0.6234265310882611,True,,,,,,,7.0,4.0,5.2254901960784315,4.0,4.0,0.9509803921568627,0.049019607843137254
sw_lints,corr,z48_a0p5_corr_pruned_top10,2,3143,SOLUSDT,val,2000.0,-7.332449345860715,10.8545980843627,149,0.6858325994487571,True,0.521,0.2975,0.2975,0.7025,0.7025,0.6995,7.5,4.0,6.993288590604027,4.0,5.0,0.8657718120805369,0.1342281879194631
sw_lints,corr,z48_a0p5_corr_pruned_top10,2,3143,SOLUSDT,val_first,,-0.016245934519565353,4.086484085242814,80,0.9550204597408731,True,,,,,,,8.0,4.0,7.3625,4.0,5.25,0.8625,0.1375
sw_lints,corr,z48_a0p5_corr_pruned_top10,2,3143,SOLUSDT,val_second,,-7.317392190084893,10.8545980843627,69,0.5198384732836148,True,,,,,,,7.0,4.0,6.565217391304348,4.0,5.0,0.8695652173913043,0.13043478260869565
sw_lints,corr,z48_a0p5_corr_pruned_top10,3,3142,BTCUSDT,val,2000.0,-6.842842642195346,7.76511091667852,210,0.6747678299995487,True,0.614,0.4215,0.4215,0.5785,0.5785,0.5755,8.0,5.0,5.8238095238095235,4.0,6.0,0.919047619047619,0.08095238095238096
sw_lints,corr,z48_a0p5_corr_pruned_top10,3,3142,BTCUSDT,val_first,,-2.446191858714597,3.919432939568357,113,0.7666382916489807,True,,,,,,,8.0,4.0,5.530973451327434,4.0,6.0,0.9292035398230089,0.07079646017699115
sw_lints,corr,z48_a0p5_corr_pruned_top10,3,3142,BTCUSDT,val_second,,-4.50689815933496,5.533180791099679,97,0.5731503146525884,True,,,,,,,8.0,5.0,6.164948453608248,4.0,6.0,0.9072164948453608,0.09278350515463918
sw_lints,corr,z48_a0p5_corr_pruned_top10,3,3142,ETHUSDT,val,2000.0,-14.437321235707824,16.420920308177944,201,0.5332158762997758,True,0.537,0.402,0.402,0.598,0.598,0.595,8.0,4.0,5.343283582089552,4.0,6.0,0.9402985074626866,0.05970149253731343
sw_lints,corr,z48_a0p5_corr_pruned_top10,3,3142,ETHUSDT,val_first,,-4.942673854346213,6.961951588007976,102,0.6399706085427983,True,,,,,,,8.0,4.0,5.215686274509804,4.0,6.0,0.9411764705882353,0.058823529411764705
sw_lints,corr,z48_a0p5_corr_pruned_top10,3,3142,ETHUSDT,val_second,,-9.988338370483119,12.075078186234666,99,0.4553076981591641,True,,,,,,,8.0,4.0,5.474747474747475,4.0,5.0,0.9393939393939394,0.06060606060606061
sw_lints,corr,z48_a0p5_corr_pruned_top10,3,3142,SOLUSDT,val,2000.0,-8.668742427904075,10.369359385993459,218,0.7139144403682532,True,0.512,0.4355,0.4355,0.5645,0.5645,0.5615,7.0,4.0,4.697247706422019,4.0,4.0,0.9678899082568807,0.03211009174311927
sw_lints,corr,z48_a0p5_corr_pruned_top10,3,3142,SOLUSDT,val_first,,-1.4705684697036814,4.285130824959127,112,0.8683330940704393,True,,,,,,,7.0,4.0,4.616071428571429,4.0,4.0,0.9732142857142857,0.026785714285714284
sw_lints,corr,z48_a0p5_corr_pruned_top10,3,3142,SOLUSDT,val_second,,-7.305607924863622,8.824887036854733,106,0.6040008661982763,True,,,,,,,7.0,4.0,4.783018867924528,4.0,4.0,0.9622641509433962,0.03773584905660377
sw_lints,corr,z48_a0p5_corr_pruned_top10,3,3143,BTCUSDT,val,2000.0,-6.324207541438742,7.906478595843702,207,0.6856698554644056,True,0.6085,0.4135,0.4135,0.5865,0.5865,0.5835,8.0,4.0,5.879227053140097,4.0,6.0,0.8888888888888888,0.1111111111111111
sw_lints,corr,z48_a0p5_corr_pruned_top10,3,3143,BTCUSDT,val_first,,-0.9935639364447635,4.0447445168666825,107,0.8800977923428612,True,,,,,,,8.0,4.0,5.822429906542056,4.0,6.0,0.9158878504672897,0.08411214953271028
sw_lints,corr,z48_a0p5_corr_pruned_top10,3,3143,BTCUSDT,val_second,,-5.384138463051102,7.166544848299972,99,0.5201995231143897,True,,,,,,,8.0,5.0,5.94949494949495,4.0,6.0,0.8585858585858586,0.1414141414141414
sw_lints,corr,z48_a0p5_corr_pruned_top10,3,3143,ETHUSDT,val,2000.0,-12.848557468178745,14.643827286596833,215,0.5793987014484907,True,0.572,0.4315,0.4315,0.5685,0.5685,0.567,7.0,4.0,5.3023255813953485,4.0,5.0,0.9348837209302325,0.06511627906976744
sw_lints,corr,z48_a0p5_corr_pruned_top10,3,3143,ETHUSDT,val_first,,-4.290443658850851,7.634769164083854,106,0.6902075176014303,True,,,,,,,7.5,4.0,5.226415094339623,4.0,5.0,0.9339622641509434,0.0660377358490566
sw_lints,corr,z48_a0p5_corr_pruned_top10,3,3143,ETHUSDT,val_second,,-8.941754759392229,10.989652299542986,108,0.497912899385417,True,,,,,,,7.0,4.0,5.268518518518518,4.0,5.0,0.9444444444444444,0.05555555555555555
sw_lints,corr,z48_a0p5_corr_pruned_top10,3,3143,SOLUSDT,val,2000.0,-4.028602989946406,7.251462325143432,184,0.8173489180999945,True,0.515,0.368,0.368,0.632,0.632,0.6305,8.0,4.0,5.5978260869565215,4.0,5.0,0.9184782608695652,0.08152173913043478
sw_lints,corr,z48_a0p5_corr_pruned_top10,3,3143,SOLUSDT,val_first,,0.602741194886014,4.9958202451856675,88,0.9903953277823998,True,,,,,,,8.0,4.0,6.1477272727272725,4.0,5.0,0.8863636363636364,0.11363636363636363
sw_lints,corr,z48_a0p5_corr_pruned_top10,3,3143,SOLUSDT,val_second,,-4.603596412806155,6.954770145400946,96,0.6888268271021529,True,,,,,,,8.0,4.0,5.09375,4.0,5.0,0.9479166666666666,0.052083333333333336
sw_lints,corr,z48_a0p5_corr_pruned_top10,4,3142,BTCUSDT,val,2000.0,-3.6753433619926223,5.228758648875664,209,0.8080349261969587,True,0.588,0.4175,0.4175,0.5825,0.5825,0.581,8.0,4.0,5.626794258373206,4.0,6.0,0.9186602870813397,0.08133971291866028
sw_lints,corr,z48_a0p5_corr_pruned_top10,4,3142,BTCUSDT,val_first,,-2.2584691252864553,5.228758648875664,111,0.7920060819519144,True,,,,,,,8.0,4.0,5.45945945945946,4.0,6.0,0.918918918918919,0.08108108108108109
sw_lints,corr,z48_a0p5_corr_pruned_top10,4,3142,BTCUSDT,val_second,,-1.4496133056503213,2.685594142212111,98,0.8271083409504204,True,,,,,,,8.0,4.0,5.816326530612245,4.0,6.0,0.9183673469387755,0.08163265306122448
sw_lints,corr,z48_a0p5_corr_pruned_top10,4,3142,ETHUSDT,val,2000.0,-14.37892512511908,15.090841116519528,220,0.513933982442876,True,0.551,0.4415,0.4415,0.5585,0.5585,0.557,7.0,4.0,4.990909090909091,4.0,5.0,0.9545454545454546,0.045454545454545456
sw_lints,corr,z48_a0p5_corr_pruned_top10,4,3142,ETHUSDT,val_first,,-4.707174372635792,5.536988380453978,116,0.6386255654782561,True,,,,,,,7.0,4.0,4.629310344827586,4.0,5.0,0.9827586206896551,0.017241379310344827
sw_lints,corr,z48_a0p5_corr_pruned_top10,4,3142,ETHUSDT,val_second,,-10.149505682939852,11.054378084893568,103,0.4300089591579727,True,,,,,,,8.0,4.0,5.407766990291262,4.0,6.0,0.9223300970873787,0.07766990291262135
sw_lints,corr,z48_a0p5_corr_pruned_top10,4,3142,SOLUSDT,val,2000.0,-11.82379236575899,13.644021913913118,160,0.6080852335194885,True,0.5855,0.321,0.32099999999999995,0.679,0.679,0.677,10.0,5.0,7.3,4.0,8.0,0.8,0.2
sw_lints,corr,z48_a0p5_corr_pruned_top10,4,3142,SOLUSDT,val_first,,-4.548126192361779,7.572173917447078,74,0.6779643763048857,True,,,,,,,11.0,7.0,8.878378378378379,4.25,12.0,0.6756756756756757,0.32432432432432434
sw_lints,corr,z48_a0p5_corr_pruned_top10,4,3142,SOLUSDT,val_second,,-7.622339806612577,8.640171155975029,86,0.5436643134710344,True,,,,,,,8.5,4.0,5.941860465116279,4.0,5.0,0.9069767441860465,0.09302325581395349
sw_lints,corr,z48_a0p5_corr_pruned_top10,4,3143,BTCUSDT,val,2000.0,-5.172824671976173,6.509882467445694,209,0.7416391589049806,True,0.6215,0.4195,0.4195,0.5805,0.5805,0.579,8.0,5.0,5.92822966507177,4.0,7.0,0.9138755980861244,0.0861244019138756
sw_lints,corr,z48_a0p5_corr_pruned_top10,4,3143,BTCUSDT,val_first,,-0.2976683191147522,2.6826916116744925,116,0.9502267793987208,True,,,,,,,7.0,4.0,5.405172413793103,4.0,6.0,0.9568965517241379,0.04310344827586207
sw_lints,corr,z48_a0p5_corr_pruned_top10,4,3143,BTCUSDT,val_second,,-4.889711474818082,6.509882467445694,92,0.5532741696917785,True,,,,,,,9.0,5.0,6.608695652173913,4.0,7.0,0.8586956521739131,0.14130434782608695
sw_lints,corr,z48_a0p5_corr_pruned_top10,4,3143,ETHUSDT,val,2000.0,-9.066207219007838,14.015274149729828,197,0.6388482126857707,True,0.5545,0.3935,0.39349999999999996,0.6065,0.6065,0.605,8.5,4.0,5.629441624365482,4.0,6.0,0.9035532994923858,0.09644670050761421
sw_lints,corr,z48_a0p5_corr_pruned_top10,4,3143,ETHUSDT,val_first,,-3.918535144087487,5.918866305161585,97,0.6513211232878938,True,,,,,,,9.0,5.0,5.587628865979381,4.0,6.0,0.8865979381443299,0.1134020618556701
sw_lints,corr,z48_a0p5_corr_pruned_top10,4,3143,ETHUSDT,val_second,,-5.357611983372646,10.692444710613369,100,0.6293605159503002,True,,,,,,,8.0,4.0,5.67,4.0,5.0,0.92,0.08
sw_lints,corr,z48_a0p5_corr_pruned_top10,4,3143,SOLUSDT,val,2000.0,-8.509657984131646,10.97159191928505,212,0.7128905416470174,True,0.5235,0.425,0.42500000000000004,0.575,0.575,0.573,7.0,4.0,4.9245283018867925,4.0,5.0,0.9386792452830188,0.06132075471698113
sw_lints,corr,z48_a0p5_corr_pruned_top10,4,3143,SOLUSDT,val_first,,-4.81803853199283,6.564885322711533,102,0.6392826580601916,True,,,,,,,7.0,4.0,5.215686274509804,4.0,5.0,0.9117647058823529,0.08823529411764706
sw_lints,corr,z48_a0p5_corr_pruned_top10,4,3143,SOLUSDT,val_second,,-3.8784864224295945,7.6329232031089544,110,0.7698436240182819,True,,,,,,,7.0,4.0,4.654545454545454,4.0,4.0,0.9636363636363636,0.03636363636363636
sw_lints,corr,z48_a0p5_corr_pruned_top10,5,3142,BTCUSDT,val,2000.0,-6.69009383978536,7.535444623000032,203,0.6657038052769588,True,0.5855,0.4075,0.4075,0.5925,0.5925,0.5875,8.0,4.0,5.655172413793103,4.0,5.0,0.9064039408866995,0.09359605911330049
sw_lints,corr,z48_a0p5_corr_pruned_top10,5,3142,BTCUSDT,val_first,,-5.234572938056092,6.63189532397438,120,0.5638677481728959,True,,,,,,,7.0,4.0,4.908333333333333,4.0,5.0,0.95,0.05
sw_lints,corr,z48_a0p5_corr_pruned_top10,5,3142,BTCUSDT,val_second,,-1.5359197408331915,3.4795710929406254,83,0.838968168208267,True,,,,,,,8.0,4.0,6.734939759036145,4.0,6.0,0.8433734939759037,0.1566265060240964
sw_lints,corr,z48_a0p5_corr_pruned_top10,5,3142,ETHUSDT,val,2000.0,-9.242088096693923,11.291640097215438,213,0.6554043996975332,True,0.5435,0.4255,0.4255,0.5745,0.5745,0.573,7.0,4.0,5.103286384976526,4.0,5.0,0.9389671361502347,0.06103286384976526
sw_lints,corr,z48_a0p5_corr_pruned_top10,5,3142,ETHUSDT,val_first,,-2.8718128834422263,5.804144079945283,103,0.7443676031691157,True,,,,,,,7.0,4.0,5.252427184466019,4.0,5.0,0.9223300970873787,0.07766990291262135
sw_lints,corr,z48_a0p5_corr_pruned_top10,5,3142,ETHUSDT,val_second,,-6.558626699793235,8.714386834835485,110,0.590397023206689,True,,,,,,,7.0,4.0,4.963636363636364,4.0,4.0,0.9545454545454546,0.045454545454545456
sw_lints,corr,z48_a0p5_corr_pruned_top10,5,3142,SOLUSDT,val,2000.0,-5.469443680411279,7.195062049590717,181,0.7741495212368663,True,0.508,0.363,0.363,0.637,0.637,0.635,7.0,4.0,5.596685082872928,4.0,5.0,0.9226519337016574,0.07734806629834254
sw_lints,corr,z48_a0p5_corr_pruned_top10,5,3142,SOLUSDT,val_first,,-1.3687994205139664,6.465199277711786,97,0.8569119735586676,True,,,,,,,7.5,4.0,5.711340206185567,4.0,5.0,0.9175257731958762,0.08247422680412371
sw_lints,corr,z48_a0p5_corr_pruned_top10,5,3142,SOLUSDT,val_second,,-4.157552818788446,5.837496805548026,84,0.7084537812613735,True,,,,,,,7.0,4.0,5.464285714285714,4.0,5.0,0.9285714285714286,0.07142857142857142
sw_lints,corr,z48_a0p5_corr_pruned_top10,5,3143,BTCUSDT,val,2000.0,-6.5845213541963705,7.406931580356013,189,0.662904313554728,True,0.578,0.3795,0.37949999999999995,0.6205,0.6205,0.6175,8.0,4.0,6.08994708994709,4.0,6.0,0.8835978835978836,0.1164021164021164
sw_lints,corr,z48_a0p5_corr_pruned_top10,5,3143,BTCUSDT,val_first,,-2.8710980914206763,4.624375162661643,99,0.7137152627726315,True,,,,,,,7.5,4.0,5.97979797979798,4.0,5.5,0.8585858585858586,0.1414141414141414
sw_lints,corr,z48_a0p5_corr_pruned_top10,5,3143,BTCUSDT,val_second,,-3.823190821482647,4.956582851083624,90,0.6036784839755067,True,,,,,,,8.0,4.0,6.211111111111111,4.0,5.75,0.9111111111111111,0.08888888888888889
sw_lints,corr,z48_a0p5_corr_pruned_top10,5,3143,ETHUSDT,val,2000.0,-13.898040566271197,15.660139506962768,192,0.5157946625734234,True,0.5025,0.3835,0.38349999999999995,0.6165,0.6165,0.6145,7.0,4.0,5.234375,4.0,5.0,0.9375,0.0625
sw_lints,corr,z48_a0p5_corr_pruned_top10,5,3143,ETHUSDT,val_first,,-5.869038994618303,7.623483794660424,103,0.5659875859367878,True,,,,,,,7.0,4.0,5.135922330097087,4.0,5.0,0.9320388349514563,0.06796116504854369
sw_lints,corr,z48_a0p5_corr_pruned_top10,5,3143,ETHUSDT,val_second,,-8.529607565776198,10.401572880770582,89,0.47495244919904733,True,,,,,,,7.0,4.0,5.348314606741573,4.0,4.0,0.9438202247191011,0.056179775280898875
sw_lints,corr,z48_a0p5_corr_pruned_top10,5,3143,SOLUSDT,val,2000.0,-13.417374582648678,13.417374582649533,179,0.5414353781240913,True,0.513,0.358,0.358,0.642,0.642,0.6395,8.0,4.0,5.731843575418995,4.0,5.0,0.8938547486033519,0.10614525139664804
sw_lints,corr,z48_a0p5_corr_pruned_top10,5,3143,SOLUSDT,val_first,,-4.938635611095732,7.070644042392904,106,0.6526702624698162,True,,,,,,,7.0,4.0,4.933962264150943,4.0,5.0,0.9433962264150944,0.05660377358490566
sw_lints,corr,z48_a0p5_corr_pruned_top10,5,3143,SOLUSDT,val_second,,-8.91922709721027,10.230754735958525,73,0.4414766511235453,True,,,,,,,9.0,4.0,6.890410958904109,4.0,5.0,0.821917808219178,0.1780821917808219
sw_lints,corr,z48_a0p5_corr_pruned_top10,6,3142,BTCUSDT,val,2000.0,-2.79069835855007,5.666765266792773,151,0.8139580604223321,True,0.5905,0.3035,0.3035,0.6965,0.6965,0.6935,9.0,4.0,7.788079470198675,4.0,7.0,0.8344370860927153,0.16556291390728478
sw_lints,corr,z48_a0p5_corr_pruned_top10,6,3142,BTCUSDT,val_first,,1.6279174884759051,2.2969352558864786,88,1.1702307191849735,True,,,,,,,7.0,4.0,6.7727272727272725,4.0,5.0,0.8977272727272727,0.10227272727272728
sw_lints,corr,z48_a0p5_corr_pruned_top10,6,3142,BTCUSDT,val_second,,-4.347836653768922,5.666765266792773,63,0.5224740906531844,True,,,,,,,10.0,6.0,9.206349206349206,4.0,9.0,0.746031746031746,0.25396825396825395
sw_lints,corr,z48_a0p5_corr_pruned_top10,6,3142,ETHUSDT,val,2000.0,-10.421043194640301,11.591798483181293,206,0.5927675540781526,True,0.479,0.412,0.41200000000000003,0.588,0.588,0.585,7.0,4.0,4.650485436893204,4.0,4.0,0.9611650485436893,0.038834951456310676
sw_lints,corr,z48_a0p5_corr_pruned_top10,6,3142,ETHUSDT,val_first,,-2.7109453862226296,6.071659978982568,110,0.7562117291399101,True,,,,,,,7.0,4.0,4.4363636363636365,4.0,4.0,0.9727272727272728,0.02727272727272727
sw_lints,corr,z48_a0p5_corr_pruned_top10,6,3142,ETHUSDT,val_second,,-7.924938564801121,9.173695826341444,96,0.46637984411795436,True,,,,,,,6.0,4.0,4.895833333333333,4.0,4.0,0.9479166666666666,0.052083333333333336
sw_lints,corr,z48_a0p5_corr_pruned_top10,6,3142,SOLUSDT,val,2000.0,-8.05253719809993,9.712940069509612,195,0.7063953163196907,True,0.4695,0.3905,0.39049999999999996,0.6095,0.6095,0.605,7.0,4.0,4.805128205128205,4.0,4.0,0.9487179487179487,0.05128205128205128
sw_lints,corr,z48_a0p5_corr_pruned_top10,6,3142,SOLUSDT,val_first,,-4.249663907216217,4.99082252922487,107,0.682814844942864,True,,,,,,,7.0,4.0,4.635514018691588,4.0,4.0,0.9719626168224299,0.028037383177570093
sw_lints,corr,z48_a0p5_corr_pruned_top10,6,3142,SOLUSDT,val_second,,-3.971655292362275,6.480117080508807,88,0.727248386484864,True,,,,,,,7.0,4.0,5.011363636363637,4.0,4.0,0.9204545454545454,0.07954545454545454
sw_lints,corr,z48_a0p5_corr_pruned_top10,6,3143,BTCUSDT,val,2000.0,-2.833988982494262,4.511142213443109,168,0.8154443391904774,True,0.592,0.3375,0.3375,0.6625,0.6625,0.661,8.0,4.0,7.023809523809524,4.0,6.0,0.875,0.125
sw_lints,corr,z48_a0p5_corr_pruned_top10,6,3143,BTCUSDT,val_first,,0.424661093728651,3.026699319586612,92,0.9563239202459776,True,,,,,,,8.0,4.0,5.891304347826087,4.0,5.0,0.9239130434782609,0.07608695652173914
sw_lints,corr,z48_a0p5_corr_pruned_top10,6,3143,BTCUSDT,val_second,,-3.244870374201747,4.390716534177564,75,0.6137237705217734,True,,,,,,,10.0,5.0,7.466666666666667,4.0,7.0,0.8266666666666667,0.17333333333333334
sw_lints,corr,z48_a0p5_corr_pruned_top10,6,3143,ETHUSDT,val,2000.0,-8.158438053162964,9.173087104804434,169,0.6513054266522943,True,0.4925,0.338,0.33799999999999997,0.662,0.662,0.66,7.0,4.0,5.828402366863905,4.0,5.0,0.8875739644970414,0.11242603550295859
sw_lints,corr,z48_a0p5_corr_pruned_top10,6,3143,ETHUSDT,val_first,,-2.2717828778863636,5.0724652121659,86,0.7725701915546846,True,,,,,,,8.0,4.0,5.976744186046512,4.0,6.0,0.872093023255814,0.12790697674418605
sw_lints,corr,z48_a0p5_corr_pruned_top10,6,3143,ETHUSDT,val_second,,-6.023495924335842,7.730983050403728,83,0.5550898928936573,True,,,,,,,6.0,4.0,5.674698795180723,4.0,4.0,0.9036144578313253,0.0963855421686747
sw_lints,corr,z48_a0p5_corr_pruned_top10,6,3143,SOLUSDT,val,2000.0,-4.816416816974012,8.805242710312445,165,0.7824322155351856,True,0.477,0.3315,0.3315,0.6685,0.6685,0.667,8.0,4.0,5.757575757575758,4.0,5.0,0.896969696969697,0.10303030303030303
sw_lints,corr,z48_a0p5_corr_pruned_top10,6,3143,SOLUSDT,val_first,,0.8621286722422239,4.178171440750766,101,1.0291675910263867,True,,,,,,,8.0,4.0,5.118811881188119,4.0,5.0,0.9306930693069307,0.06930693069306931
sw_lints,corr,z48_a0p5_corr_pruned_top10,6,3143,SOLUSDT,val_second,,-5.630007579622898,8.805242710312445,64,0.5925692096301116,True,,,,,,,10.0,4.0,6.765625,4.0,5.0,0.84375,0.15625
sw_lints,corr,z48_a0p5_corr_pruned_top10,7,3142,BTCUSDT,val,2000.0,-1.9399195298463234,4.189930059045254,144,0.8284890057913048,True,0.5965,0.288,0.28800000000000003,0.712,0.712,0.7095,9.0,4.0,8.284722222222221,4.0,7.0,0.8263888888888888,0.1736111111111111
sw_lints,corr,z48_a0p5_corr_pruned_top10,7,3142,BTCUSDT,val_first,,-0.13808798151039303,4.189930059045254,76,0.9162461979592738,True,,,,,,,8.0,4.0,8.368421052631579,4.0,5.25,0.881578947368421,0.11842105263157894
sw_lints,corr,z48_a0p5_corr_pruned_top10,7,3142,BTCUSDT,val_second,,-1.8043231016869665,3.344070131982624,68,0.7381640581796226,True,,,,,,,10.0,4.0,8.191176470588236,4.0,8.0,0.7647058823529411,0.23529411764705882
sw_lints,corr,z48_a0p5_corr_pruned_top10,7,3142,ETHUSDT,val,2000.0,-14.376507701159657,15.305284420709864,190,0.5229214656986942,True,0.513,0.3795,0.37949999999999995,0.6205,0.6205,0.619,7.0,4.0,5.4,4.0,5.0,0.9210526315789473,0.07894736842105263
sw_lints,corr,z48_a0p5_corr_pruned_top10,7,3142,ETHUSDT,val_first,,-3.643300078136791,5.778058168734789,96,0.7024745877931357,True,,,,,,,8.0,4.0,5.510416666666667,4.0,5.0,0.9166666666666666,0.08333333333333333
sw_lints,corr,z48_a0p5_corr_pruned_top10,7,3142,ETHUSDT,val_second,,-11.13903613524181,12.126582309945622,94,0.39881212720120024,True,,,,,,,7.0,4.0,5.287234042553192,4.0,4.0,0.925531914893617,0.07446808510638298
sw_lints,corr,z48_a0p5_corr_pruned_top10,7,3142,SOLUSDT,val,2000.0,-9.587189289162124,11.617585084934346,160,0.6309508176631152,True,0.4815,0.3195,0.3195,0.6805,0.6805,0.679,8.0,4.0,6.01875,4.0,5.0,0.88125,0.11875
sw_lints,corr,z48_a0p5_corr_pruned_top10,7,3142,SOLUSDT,val_first,,-0.6606161900336915,4.07551135797426,89,0.8979272512734591,True,,,,,,,7.0,4.0,5.651685393258427,4.0,5.0,0.8876404494382022,0.11235955056179775
sw_lints,corr,z48_a0p5_corr_pruned_top10,7,3142,SOLUSDT,val_second,,-8.98593564482415,11.323302827256166,71,0.4211825472661536,True,,,,,,,8.0,4.0,6.47887323943662,4.0,5.0,0.8732394366197183,0.1267605633802817
sw_lints,corr,z48_a0p5_corr_pruned_top10,7,3143,BTCUSDT,val,2000.0,-3.978874766951024,5.397170915882333,143,0.7506047359927398,True,0.5675,0.2875,0.2875,0.7125,0.7125,0.7075,9.0,4.0,7.776223776223776,4.0,7.0,0.8391608391608392,0.16083916083916083
sw_lints,corr,z48_a0p5_corr_pruned_top10,7,3143,BTCUSDT,val_first,,-1.0583056414622871,4.368249848451622,84,0.8417828530332246,True,,,,,,,8.0,4.0,6.345238095238095,4.0,5.25,0.8809523809523809,0.11904761904761904
sw_lints,corr,z48_a0p5_corr_pruned_top10,7,3143,BTCUSDT,val_second,,-2.9518082790308764,5.097890450793741,59,0.6626345349046467,True,,,,,,,11.0,6.0,9.813559322033898,4.0,9.0,0.7796610169491526,0.22033898305084745
sw_lints,corr,z48_a0p5_corr_pruned_top10,7,3143,ETHUSDT,val,2000.0,-9.25232134395868,9.37349138194714,179,0.6114242478428565,True,0.5015,0.358,0.358,0.642,0.642,0.64,7.0,4.0,5.603351955307263,4.0,5.0,0.9106145251396648,0.0893854748603352
sw_lints,corr,z48_a0p5_corr_pruned_top10,7,3143,ETHUSDT,val_first,,-1.1892670198206723,4.470908881572044,95,0.8573989292248081,True,,,,,,,7.0,4.0,5.252631578947368,4.0,4.0,0.9052631578947369,0.09473684210526316
sw_lints,corr,z48_a0p5_corr_pruned_top10,7,3143,ETHUSDT,val_second,,-8.160099698638401,8.328529428597985,84,0.4400275437244437,True,,,,,,,7.0,4.0,6.0,4.0,5.0,0.9166666666666666,0.08333333333333333
sw_lints,corr,z48_a0p5_corr_pruned_top10,7,3143,SOLUSDT,val,2000.0,-10.779984331231917,12.691825069908425,182,0.6309817268480811,True,0.513,0.3655,0.36550000000000005,0.6345,0.6345,0.6315,7.0,4.0,5.615384615384615,4.0,5.0,0.8956043956043956,0.1043956043956044
sw_lints,corr,z48_a0p5_corr_pruned_top10,7,3143,SOLUSDT,val_first,,-3.064281271333902,6.6244814960960134,96,0.749992081600986,True,,,,,,,7.0,4.0,5.28125,4.0,5.0,0.90625,0.09375
sw_lints,corr,z48_a0p5_corr_pruned_top10,7,3143,SOLUSDT,val_second,,-7.959607831964533,10.942996691927798,86,0.535414380441117,True,,,,,,,8.0,4.0,5.988372093023256,4.0,4.0,0.8837209302325582,0.11627906976744186
sw_lints,corr,z48_a0p5_corr_pruned_top10,8,3142,BTCUSDT,val,2000.0,-7.457632555800641,8.99253849386863,132,0.550213972767655,True,0.5615,0.2655,0.26549999999999996,0.7345,0.7345,0.7315,10.0,4.0,8.469696969696969,4.0,9.0,0.7575757575757576,0.24242424242424243
sw_lints,corr,z48_a0p5_corr_pruned_top10,8,3142,BTCUSDT,val_first,,-3.9771756816763704,5.835092749335368,62,0.5413335791577304,True,,,,,,,10.0,4.0,9.580645161290322,4.0,12.0,0.7096774193548387,0.2903225806451613
sw_lints,corr,z48_a0p5_corr_pruned_top10,8,3142,BTCUSDT,val_second,,-3.624614146514027,5.386234506611776,70,0.5601558470051888,True,,,,,,,9.5,4.0,7.485714285714286,4.0,6.0,0.8,0.2
sw_lints,corr,z48_a0p5_corr_pruned_top10,8,3142,ETHUSDT,val,2000.0,-10.165326579389022,13.970565380125011,136,0.5391232960105737,True,0.512,0.272,0.272,0.728,0.728,0.7255,11.0,4.0,7.529411764705882,4.0,8.0,0.7941176470588235,0.20588235294117646
sw_lints,corr,z48_a0p5_corr_pruned_top10,8,3142,ETHUSDT,val_first,,-3.9781715934635753,6.5406315597191895,65,0.5860180889938369,True,,,,,,,12.0,4.0,7.953846153846154,4.0,9.0,0.7538461538461538,0.24615384615384617
sw_lints,corr,z48_a0p5_corr_pruned_top10,8,3142,ETHUSDT,val_second,,-6.443487994969566,10.40637733365768,71,0.506719964144526,True,,,,,,,8.5,4.0,7.140845070422535,4.0,5.5,0.8309859154929577,0.16901408450704225
sw_lints,corr,z48_a0p5_corr_pruned_top10,8,3142,SOLUSDT,val,2000.0,-9.890403255121317,10.786299900834262,125,0.6075846394871863,True,0.515,0.25,0.25,0.75,0.75,0.7475,11.0,4.0,8.24,4.0,10.0,0.728,0.272
sw_lints,corr,z48_a0p5_corr_pruned_top10,8,3142,SOLUSDT,val_first,,-1.2534453129053325,5.206895216645869,66,0.8340768133307835,True,,,,,,,12.0,4.5,8.636363636363637,4.0,12.75,0.696969696969697,0.30303030303030304
sw_lints,corr,z48_a0p5_corr_pruned_top10,8,3142,SOLUSDT,val_second,,-8.746591685739858,10.200561080877213,59,0.44280828278764556,True,,,,,,,9.5,4.0,7.796610169491525,4.0,7.5,0.7627118644067796,0.23728813559322035
sw_lints,corr,z48_a0p5_corr_pruned_top10,8,3143,BTCUSDT,val,2000.0,-5.169061503800387,7.097366009230344,126,0.6484699294394394,True,0.539,0.2535,0.25349999999999995,0.7465,0.7465,0.745,11.0,4.0,8.515873015873016,4.0,8.75,0.7619047619047619,0.23809523809523808
sw_lints,corr,z48_a0p5_corr_pruned_top10,8,3143,BTCUSDT,val_first,,-3.2103938223421835,3.856432164819712,66,0.5889980031055904,True,,,,,,,11.0,4.0,8.242424242424242,4.0,9.0,0.7575757575757576,0.24242424242424243
sw_lints,corr,z48_a0p5_corr_pruned_top10,8,3143,BTCUSDT,val_second,,-2.023634312410638,4.333290780843124,60,0.7171056521778054,True,,,,,,,10.5,4.0,8.816666666666666,4.0,6.25,0.7666666666666667,0.23333333333333334
sw_lints,corr,z48_a0p5_corr_pruned_top10,8,3143,ETHUSDT,val,2000.0,-7.711052642027083,13.42244761826662,134,0.6304410126945698,True,0.516,0.268,0.268,0.732,0.732,0.729,9.0,4.0,7.701492537313433,4.0,6.75,0.8283582089552238,0.17164179104477612
sw_lints,corr,z48_a0p5_corr_pruned_top10,8,3143,ETHUSDT,val_first,,-4.893191381890505,7.591590431081608,63,0.5400970618137143,True,,,,,,,10.0,4.0,8.523809523809524,4.0,9.0,0.7777777777777778,0.2222222222222222
sw_lints,corr,z48_a0p5_corr_pruned_top10,8,3143,ETHUSDT,val_second,,-2.962838624363251,8.96808163401257,71,0.7062931815014131,True,,,,,,,9.0,4.0,6.971830985915493,4.0,6.0,0.8732394366197183,0.1267605633802817
sw_lints,corr,z48_a0p5_corr_pruned_top10,8,3143,SOLUSDT,val,2000.0,-12.6445598066109,12.91368097941482,147,0.5359501443005156,True,0.495,0.2935,0.2935,0.7065,0.7065,0.705,9.0,4.0,6.73469387755102,4.0,6.5,0.8231292517006803,0.17687074829931973
sw_lints,corr,z48_a0p5_corr_pruned_top10,8,3143,SOLUSDT,val_first,,-2.4896450722579733,5.4152316033137975,72,0.7434768452243228,True,,,,,,,11.0,4.0,7.291666666666667,4.0,8.25,0.8055555555555556,0.19444444444444445
sw_lints,corr,z48_a0p5_corr_pruned_top10,8,3143,SOLUSDT,val_second,,-10.41419113065275,11.814665215678033,75,0.39084431131213515,True,,,,,,,8.0,4.0,6.2,4.0,5.0,0.84,0.16
sw_lints,corr,z48_a0p5_corr_pruned_top10,9,3142,BTCUSDT,val,2000.0,-5.974996115481634,7.4505140918407875,172,0.6413799538830272,True,0.538,0.3455,0.34550000000000003,0.6545,0.6545,0.6515,8.0,4.0,6.226744186046512,4.0,5.0,0.8546511627906976,0.14534883720930233
sw_lints,corr,z48_a0p5_corr_pruned_top10,9,3142,BTCUSDT,val_first,,-3.333097153551645,3.9164863573060926,108,0.6499240248803952,True,,,,,,,6.0,4.0,4.768518518518518,4.0,4.0,0.9444444444444444,0.05555555555555555
sw_lints,corr,z48_a0p5_corr_pruned_top10,9,3142,BTCUSDT,val_second,,-2.7329922487808855,4.269806584685565,64,0.629794492070192,True,,,,,,,12.5,4.5,8.6875,4.0,10.0,0.703125,0.296875
sw_lints,corr,z48_a0p5_corr_pruned_top10,9,3142,ETHUSDT,val,2000.0,-12.05705725112317,14.32854114398825,172,0.5689427070323029,True,0.54,0.3455,0.34550000000000003,0.6545,0.6545,0.653,8.0,4.0,6.255813953488372,4.0,5.0,0.8662790697674418,0.13372093023255813
sw_lints,corr,z48_a0p5_corr_pruned_top10,9,3142,ETHUSDT,val_first,,-3.233347998254066,5.606189271281769,81,0.6793698252707863,True,,,,,,,9.0,4.0,6.777777777777778,4.0,7.0,0.8148148148148148,0.18518518518518517
sw_lints,corr,z48_a0p5_corr_pruned_top10,9,3142,ETHUSDT,val_second,,-9.118543496482555,11.570883439713874,90,0.4941979452922811,True,,,,,,,7.0,4.0,5.633333333333334,4.0,4.0,0.9222222222222223,0.07777777777777778
sw_lints,corr,z48_a0p5_corr_pruned_top10,9,3142,SOLUSDT,val,2000.0,-7.715579120680749,10.578302963944285,143,0.6773119330391489,True,0.522,0.286,0.28600000000000003,0.714,0.714,0.7115,9.0,4.0,7.300699300699301,4.0,6.0,0.8321678321678322,0.16783216783216784
sw_lints,corr,z48_a0p5_corr_pruned_top10,9,3142,SOLUSDT,val_first,,0.4504245503129223,4.152407400354418,78,0.974392986995432,True,,,,,,,8.0,4.0,7.461538461538462,4.0,5.0,0.8461538461538461,0.15384615384615385
sw_lints,corr,z48_a0p5_corr_pruned_top10,9,3142,SOLUSDT,val_second,,-8.129386916531677,10.578302963944285,65,0.49747826995163663,True,,,,,,,10.0,4.0,7.107692307692307,4.0,8.0,0.8153846153846154,0.18461538461538463
sw_lints,corr,z48_a0p5_corr_pruned_top10,9,3143,BTCUSDT,val,2000.0,-0.2768602173999324,3.3613765553490382,143,0.9571440200055863,True,0.5745,0.2875,0.2875,0.7125,0.7125,0.7095,9.0,4.0,8.0,4.0,7.0,0.8111888111888111,0.1888111888111888
sw_lints,corr,z48_a0p5_corr_pruned_top10,9,3143,BTCUSDT,val_first,,0.25388474839855846,3.3613765553490382,79,0.9961643564946375,True,,,,,,,8.0,4.0,7.215189873417722,4.0,5.0,0.8860759493670886,0.11392405063291139
sw_lints,corr,z48_a0p5_corr_pruned_top10,9,3143,BTCUSDT,val_second,,-0.5294008976614251,2.701225489403891,63,0.8964339842193982,True,,,,,,,11.0,5.0,9.0,4.0,10.5,0.7142857142857143,0.2857142857142857
sw_lints,corr,z48_a0p5_corr_pruned_top10,9,3143,ETHUSDT,val,2000.0,-8.768672996053139,13.431278045449247,171,0.6376340200566081,True,0.5095,0.3415,0.3415,0.6585,0.6585,0.657,9.0,4.0,5.95906432748538,4.0,5.0,0.8713450292397661,0.1286549707602339
sw_lints,corr,z48_a0p5_corr_pruned_top10,9,3143,ETHUSDT,val_first,,-3.7693047156393655,5.623060383385803,83,0.6636172292086632,True,,,,,,,9.0,4.0,6.036144578313253,4.0,5.0,0.8433734939759037,0.1566265060240964
sw_lints,corr,z48_a0p5_corr_pruned_top10,9,3143,ETHUSDT,val_second,,-5.1951908542702485,10.040427642405458,87,0.6244834750620845,True,,,,,,,8.5,4.0,5.908045977011494,4.0,4.5,0.896551724137931,0.10344827586206896
sw_lints,corr,z48_a0p5_corr_pruned_top10,9,3143,SOLUSDT,val,2000.0,-8.254533475460946,12.646957741966924,154,0.6836355907063859,True,0.4865,0.3095,0.3095,0.6905,0.6905,0.689,9.0,4.0,6.292207792207792,4.0,5.0,0.8896103896103896,0.11038961038961038
sw_lints,corr,z48_a0p5_corr_pruned_top10,9,3143,SOLUSDT,val_first,,-1.2904329940809034,4.528517522249642,86,0.8578769959194364,True,,,,,,,9.0,4.0,5.813953488372093,4.0,5.0,0.8953488372093024,0.10465116279069768
sw_lints,corr,z48_a0p5_corr_pruned_top10,9,3143,SOLUSDT,val_second,,-7.055142366253564,12.646957741966924,68,0.5545782228785509,True,,,,,,,7.0,4.0,6.897058823529412,4.0,4.0,0.8823529411764706,0.11764705882352941
sw_lints,corr,z48_a0p5_corr_pruned_top10,10,3142,BTCUSDT,val,2000.0,-3.8373507381506466,5.916695012111273,198,0.7953288107207098,True,0.615,0.3975,0.39749999999999996,0.6025,0.6025,0.601,9.0,5.0,6.191919191919192,4.0,7.0,0.8737373737373737,0.12626262626262627
sw_lints,corr,z48_a0p5_corr_pruned_top10,10,3142,BTCUSDT,val_first,,-0.5273047461628821,3.6184529336531823,105,0.9089112694369313,True,,,,,,,9.0,5.0,6.057142857142857,4.0,7.0,0.8952380952380953,0.10476190476190476
sw_lints,corr,z48_a0p5_corr_pruned_top10,10,3142,BTCUSDT,val_second,,-3.327592545412683,4.952965476292892,92,0.6726489524503108,True,,,,,,,9.0,5.0,6.304347826086956,4.0,7.0,0.8586956521739131,0.14130434782608695
sw_lints,corr,z48_a0p5_corr_pruned_top10,10,3142,ETHUSDT,val,2000.0,-10.14431995016234,11.795218273747698,190,0.6382015364717105,True,0.5525,0.38,0.38,0.62,0.62,0.6175,8.0,4.0,5.815789473684211,4.0,6.0,0.8947368421052632,0.10526315789473684
sw_lints,corr,z48_a0p5_corr_pruned_top10,10,3142,ETHUSDT,val_first,,-2.8384728167556217,6.504794622027566,92,0.7474444140643066,True,,,,,,,9.0,4.0,6.163043478260869,4.0,6.25,0.8804347826086957,0.11956521739130435
sw_lints,corr,z48_a0p5_corr_pruned_top10,10,3142,ETHUSDT,val_second,,-7.519279847905292,9.263741504280143,98,0.5625808043979917,True,,,,,,,7.0,4.0,5.489795918367347,4.0,5.0,0.9081632653061225,0.09183673469387756
sw_lints,corr,z48_a0p5_corr_pruned_top10,10,3142,SOLUSDT,val,2000.0,-8.23793550899926,11.031626225311953,194,0.688805430005708,True,0.541,0.3875,0.38749999999999996,0.6125,0.6125,0.61,8.0,4.0,5.577319587628866,4.0,5.0,0.9020618556701031,0.0979381443298969
sw_lints,corr,z48_a0p5_corr_pruned_top10,10,3142,SOLUSDT,val_first,,-1.0369054073301354,5.854988369102044,97,0.8663118497705622,True,,,,,,,8.0,4.0,5.628865979381444,4.0,5.0,0.8969072164948454,0.10309278350515463
sw_lints,corr,z48_a0p5_corr_pruned_top10,10,3142,SOLUSDT,val_second,,-7.276480319566014,9.807503225062364,97,0.5565508781933807,True,,,,,,,8.0,4.0,5.525773195876289,4.0,5.0,0.9072164948453608,0.09278350515463918
sw_lints,corr,z48_a0p5_corr_pruned_top10,10,3143,BTCUSDT,val,2000.0,-6.963638944377449,7.53856675911967,201,0.6518369826695156,True,0.58,0.4035,0.40349999999999997,0.5965,0.5965,0.593,8.0,4.0,5.721393034825871,4.0,6.0,0.9203980099502488,0.07960199004975124
sw_lints,corr,z48_a0p5_corr_pruned_top10,10,3143,BTCUSDT,val_first,,-3.324018471281287,4.7510227042636854,102,0.6919122825108432,True,,,,,,,8.0,4.0,5.647058823529412,4.0,6.0,0.9215686274509803,0.0784313725490196
sw_lints,corr,z48_a0p5_corr_pruned_top10,10,3143,BTCUSDT,val_second,,-3.764761852472087,4.359457459024019,98,0.6091943555867837,True,,,,,,,8.0,4.0,5.816326530612245,4.0,6.0,0.9183673469387755,0.08163265306122448
sw_lints,corr,z48_a0p5_corr_pruned_top10,10,3143,ETHUSDT,val,2000.0,-11.643959417570226,15.589902679683343,198,0.5752546058745904,True,0.551,0.3955,0.39549999999999996,0.6045,0.6045,0.6015,8.0,4.0,5.565656565656566,4.0,5.0,0.9191919191919192,0.08080808080808081
sw_lints,corr,z48_a0p5_corr_pruned_top10,10,3143,ETHUSDT,val_first,,-3.1291299044818865,5.874470163546686,98,0.723761636008272,True,,,,,,,8.0,4.0,5.785714285714286,4.0,6.0,0.8877551020408163,0.11224489795918367
sw_lints,corr,z48_a0p5_corr_pruned_top10,10,3143,ETHUSDT,val_second,,-8.78987615646728,13.1898884245625,100,0.474633214827098,True,,,,,,,8.0,4.0,5.35,4.0,5.0,0.95,0.05
sw_lints,corr,z48_a0p5_corr_pruned_top10,10,3143,SOLUSDT,val,2000.0,-5.376180262866459,10.258223655642528,174,0.7807316108076741,True,0.5295,0.3475,0.34750000000000003,0.6525,0.6525,0.651,8.0,4.0,6.086206896551724,4.0,6.0,0.8793103448275862,0.1206896551724138
sw_lints,corr,z48_a0p5_corr_pruned_top10,10,3143,SOLUSDT,val_first,,-0.38570367348714774,4.559637371016867,87,0.9197842124760556,True,,,,,,,9.0,4.0,6.310344827586207,4.0,6.5,0.8620689655172413,0.13793103448275862
sw_lints,corr,z48_a0p5_corr_pruned_top10,10,3143,SOLUSDT,val_second,,-5.009799570356521,10.258223655642528,87,0.6800854636483191,True,,,,,,,7.5,4.0,5.862068965517241,4.0,5.0,0.896551724137931,0.10344827586206896
sw_lints,corr,z48_a0p5_corr_pruned_top10,11,3142,BTCUSDT,val,2000.0,-2.270356611843849,5.170142588028115,175,0.8434975544629197,True,0.5515,0.3515,0.35150000000000003,0.6485,0.6485,0.647,7.0,4.0,6.28,4.0,5.0,0.9142857142857143,0.08571428571428572
sw_lints,corr,z48_a0p5_corr_pruned_top10,11,3142,BTCUSDT,val_first,,-1.0874321513707819,3.8953612632305346,91,0.8538460664150154,True,,,,,,,7.0,4.0,6.329670329670329,4.0,4.0,0.945054945054945,0.054945054945054944
sw_lints,corr,z48_a0p5_corr_pruned_top10,11,3142,BTCUSDT,val_second,,-1.1959293810705263,3.7000195432666194,83,0.8206964297816433,True,,,,,,,8.0,4.0,6.192771084337349,4.0,5.0,0.8795180722891566,0.12048192771084337
sw_lints,corr,z48_a0p5_corr_pruned_top10,11,3142,ETHUSDT,val,2000.0,-11.997738584260386,12.985873097206236,179,0.5416804208713561,True,0.508,0.358,0.358,0.642,0.642,0.6395,8.0,4.0,5.675977653631285,4.0,5.0,0.9050279329608939,0.09497206703910614
sw_lints,corr,z48_a0p5_corr_pruned_top10,11,3142,ETHUSDT,val_first,,-2.2897462137885904,5.364601292971827,91,0.7793243536205265,True,,,,,,,8.0,4.0,5.791208791208791,4.0,5.0,0.8901098901098901,0.10989010989010989
sw_lints,corr,z48_a0p5_corr_pruned_top10,11,3142,ETHUSDT,val_second,,-9.93548987367564,11.294221983803798,87,0.3831007377848411,True,,,,,,,8.0,4.0,5.574712643678161,4.0,4.0,0.9195402298850575,0.08045977011494253
sw_lints,corr,z48_a0p5_corr_pruned_top10,11,3142,SOLUSDT,val,2000.0,-4.554728567442656,9.57323607595304,163,0.7746566031271465,True,0.471,0.326,0.32599999999999996,0.674,0.674,0.6695,7.0,4.0,5.779141104294479,4.0,4.0,0.9079754601226994,0.09202453987730061
sw_lints,corr,z48_a0p5_corr_pruned_top10,11,3142,SOLUSDT,val_first,,3.0778052819702584,1.660862803976615,86,1.2852888142237016,True,,,,,,,7.0,4.0,5.8604651162790695,4.0,4.0,0.8953488372093024,0.10465116279069768
sw_lints,corr,z48_a0p5_corr_pruned_top10,11,3142,SOLUSDT,val_second,,-7.404633644007108,9.57323607595304,77,0.4925042956233682,True,,,,,,,6.0,4.0,5.688311688311688,4.0,4.0,0.922077922077922,0.07792207792207792
sw_lints,corr,z48_a0p5_corr_pruned_top10,11,3143,BTCUSDT,val,2000.0,-5.139390192566684,5.954158600454673,172,0.7094005132721395,True,0.534,0.3455,0.34550000000000003,0.6545,0.6545,0.6515,7.5,4.0,6.1686046511627906,4.0,5.0,0.9127906976744186,0.0872093023255814
sw_lints,corr,z48_a0p5_corr_pruned_top10,11,3143,BTCUSDT,val_first,,-2.5448562810642894,4.455570526260844,105,0.7304435491958947,True,,,,,,,7.0,4.0,4.914285714285715,4.0,4.0,0.9714285714285714,0.02857142857142857
sw_lints,corr,z48_a0p5_corr_pruned_top10,11,3143,BTCUSDT,val_second,,-2.6622852447738765,4.043628872523053,67,0.6829533043996608,True,,,,,,,10.0,4.0,8.134328358208956,4.0,7.0,0.8208955223880597,0.1791044776119403
sw_lints,corr,z48_a0p5_corr_pruned_top10,11,3143,ETHUSDT,val,2000.0,-11.150321323414536,13.006361558520041,186,0.563924372370175,True,0.4915,0.372,0.372,0.628,0.628,0.6255,7.0,4.0,5.28494623655914,4.0,4.0,0.9193548387096774,0.08064516129032258
sw_lints,corr,z48_a0p5_corr_pruned_top10,11,3143,ETHUSDT,val_first,,-3.655299383490773,7.08367692284323,94,0.6743520349047459,True,,,,,,,7.0,4.0,5.212765957446808,4.0,4.0,0.9042553191489362,0.09574468085106383
sw_lints,corr,z48_a0p5_corr_pruned_top10,11,3143,ETHUSDT,val_second,,-7.77938162863464,9.705839672749928,92,0.4792095851728772,True,,,,,,,7.0,4.0,5.358695652173913,4.0,4.0,0.9347826086956522,0.06521739130434782
sw_lints,corr,z48_a0p5_corr_pruned_top10,11,3143,SOLUSDT,val,2000.0,-6.60849525392575,9.763391886226923,180,0.7258265483086356,True,0.4805,0.3595,0.35950000000000004,0.6405,0.6405,0.639,6.0,4.0,5.338888888888889,4.0,4.0,0.9222222222222223,0.07777777777777778
sw_lints,corr,z48_a0p5_corr_pruned_top10,11,3143,SOLUSDT,val_first,,2.788511691086759,3.522704921763564,99,1.1848659593717112,True,,,,,,,6.0,4.0,5.242424242424242,4.0,4.0,0.9191919191919192,0.08080808080808081
sw_lints,corr,z48_a0p5_corr_pruned_top10,11,3143,SOLUSDT,val_second,,-9.142079003199887,9.694944068840472,81,0.45674592423688753,True,,,,,,,6.0,4.0,5.45679012345679,4.0,4.0,0.9259259259259259,0.07407407407407407
sw_lints,corr,z48_a0p5_corr_pruned_top10,12,3142,BTCUSDT,val,2000.0,-4.981015933836264,5.92689284792135,193,0.7358354220637467,True,0.604,0.386,0.386,0.614,0.614,0.6115,8.0,4.0,6.253886010362694,4.0,6.0,0.8911917098445595,0.10880829015544041
sw_lints,corr,z48_a0p5_corr_pruned_top10,12,3142,BTCUSDT,val_first,,-2.132581948293222,4.724667911937841,99,0.7835329250024345,True,,,,,,,8.0,4.0,5.909090909090909,4.0,5.0,0.9090909090909091,0.09090909090909091
sw_lints,corr,z48_a0p5_corr_pruned_top10,12,3142,BTCUSDT,val_second,,-2.9105028437943603,4.115371689699976,93,0.6867828975882414,True,,,,,,,8.0,5.0,6.645161290322581,4.0,6.0,0.8709677419354839,0.12903225806451613
sw_lints,corr,z48_a0p5_corr_pruned_top10,12,3142,ETHUSDT,val,2000.0,-8.811934105151554,11.25203666023653,193,0.6492426039829594,True,0.5685,0.3855,0.38549999999999995,0.6145,0.6145,0.613,8.0,4.0,5.891191709844559,4.0,6.0,0.9067357512953368,0.09326424870466321
sw_lints,corr,z48_a0p5_corr_pruned_top10,12,3142,ETHUSDT,val_first,,-1.5745108207052438,4.88269149617383,92,0.8244870653144881,True,,,,,,,9.0,5.0,6.260869565217392,4.0,7.0,0.8695652173913043,0.13043478260869565
sw_lints,corr,z48_a0p5_corr_pruned_top10,12,3142,ETHUSDT,val_second,,-7.353200217539591,9.482667891679576,101,0.5458487308330799,True,,,,,,,8.0,4.0,5.554455445544554,4.0,5.0,0.9405940594059405,0.0594059405940594
sw_lints,corr,z48_a0p5_corr_pruned_top10,12,3142,SOLUSDT,val,2000.0,-8.910523702624939,10.528237346217239,205,0.7100566309143069,True,0.539,0.4115,0.4115,0.5885,0.5885,0.5855,8.0,4.0,5.219512195121951,4.0,5.0,0.9414634146341463,0.05853658536585366
sw_lints,corr,z48_a0p5_corr_pruned_top10,12,3142,SOLUSDT,val_first,,-3.4384005302647735,6.321394004500758,107,0.7481828099263003,True,,,,,,,7.0,4.0,5.233644859813084,4.0,5.0,0.9345794392523364,0.06542056074766354
sw_lints,corr,z48_a0p5_corr_pruned_top10,12,3142,SOLUSDT,val_second,,-5.666976523183287,8.132782555597629,98,0.6742866303379295,True,,,,,,,8.0,4.0,5.204081632653061,4.0,5.0,0.9489795918367347,0.05102040816326531
sw_lints,corr,z48_a0p5_corr_pruned_top10,12,3143,BTCUSDT,val,2000.0,-7.1303184583610735,7.698887294593526,180,0.6271203942012132,True,0.6085,0.361,0.361,0.639,0.639,0.637,8.0,5.0,6.7444444444444445,4.0,7.0,0.8666666666666667,0.13333333333333333
sw_lints,corr,z48_a0p5_corr_pruned_top10,12,3143,BTCUSDT,val_first,,-2.3796762587357523,4.7987687150743525,96,0.745225698091818,True,,,,,,,8.0,5.0,6.3125,4.0,7.0,0.8958333333333334,0.10416666666666667
sw_lints,corr,z48_a0p5_corr_pruned_top10,12,3143,BTCUSDT,val_second,,-4.866447905065918,6.090067062525629,84,0.5079188296733922,True,,,,,,,8.5,5.0,7.238095238095238,4.0,7.25,0.8333333333333334,0.16666666666666666
sw_lints,corr,z48_a0p5_corr_pruned_top10,12,3143,ETHUSDT,val,2000.0,-19.594581580963354,20.023274025561342,212,0.4162890655451742,True,0.558,0.4255,0.4255,0.5745,0.5745,0.573,7.0,4.0,5.245283018867925,4.0,5.0,0.9433962264150944,0.05660377358490566
sw_lints,corr,z48_a0p5_corr_pruned_top10,12,3143,ETHUSDT,val_first,,-8.588342088865774,10.789739826397648,114,0.45119039589028775,True,,,,,,,7.0,4.0,4.684210526315789,4.0,5.0,0.9824561403508771,0.017543859649122806
sw_lints,corr,z48_a0p5_corr_pruned_top10,12,3143,ETHUSDT,val_second,,-12.040301799139542,12.55296159860093,97,0.3807150234081268,True,,,,,,,8.0,4.0,5.762886597938144,4.0,6.0,0.9072164948453608,0.09278350515463918
sw_lints,corr,z48_a0p5_corr_pruned_top10,12,3143,SOLUSDT,val,2000.0,-7.815776554220677,12.06557075377489,184,0.6903105225565886,True,0.5535,0.368,0.368,0.632,0.632,0.629,8.0,4.0,6.016304347826087,4.0,6.0,0.8858695652173914,0.11413043478260869
sw_lints,corr,z48_a0p5_corr_pruned_top10,12,3143,SOLUSDT,val_first,,-0.5854448829726411,5.08354969261463,98,0.902228409902961,True,,,,,,,8.0,4.0,6.051020408163265,4.0,7.0,0.8877551020408163,0.11224489795918367
sw_lints,corr,z48_a0p5_corr_pruned_top10,12,3143,SOLUSDT,val_second,,-7.27291055392919,9.76954588801313,86,0.5211329573251383,True,,,,,,,8.0,4.0,5.976744186046512,4.0,5.0,0.8837209302325582,0.11627906976744186
sw_lints,corr,z48_a0p5_corr_pruned_top10,13,3142,BTCUSDT,val,2000.0,-3.8673284199440716,5.712063552266544,220,0.784048830476383,True,0.5005,0.4395,0.4395,0.5605,0.5605,0.559,7.0,4.0,4.55,4.0,4.0,0.9636363636363636,0.03636363636363636
sw_lints,corr,z48_a0p5_corr_pruned_top10,13,3142,BTCUSDT,val_first,,-2.814929282315193,3.6146911725243647,112,0.7122043703042102,True,,,,,,,6.0,4.0,4.410714285714286,4.0,4.0,0.9732142857142857,0.026785714285714284
sw_lints,corr,z48_a0p5_corr_pruned_top10,13,3142,BTCUSDT,val_second,,-1.0828814856615354,2.991840742616725,108,0.8638585014312476,True,,,,,,,7.0,4.0,4.694444444444445,4.0,4.0,0.9537037037037037,0.046296296296296294
sw_lints,corr,z48_a0p5_corr_pruned_top10,13,3142,ETHUSDT,val,2000.0,-16.797612081750945,17.26963717793135,218,0.44846233812195085,True,0.475,0.436,0.43600000000000005,0.564,0.564,0.561,6.0,4.0,4.3577981651376145,4.0,4.0,0.9724770642201835,0.027522935779816515
sw_lints,corr,z48_a0p5_corr_pruned_top10,13,3142,ETHUSDT,val_first,,-5.535192568785263,8.244122954105904,113,0.5848249799411319,True,,,,,,,6.0,4.0,4.1415929203539825,4.0,4.0,0.9911504424778761,0.008849557522123894
sw_lints,corr,z48_a0p5_corr_pruned_top10,13,3142,ETHUSDT,val_second,,-11.92234422450551,12.422027766997424,105,0.3513011917680489,True,,,,,,,6.0,4.0,4.59047619047619,4.0,4.0,0.9523809523809523,0.047619047619047616
sw_lints,corr,z48_a0p5_corr_pruned_top10,13,3142,SOLUSDT,val,2000.0,-4.105750492643512,8.673793064631074,164,0.7961749988920473,True,0.4865,0.328,0.32799999999999996,0.672,0.672,0.6695,8.0,4.0,5.932926829268292,4.0,5.0,0.8963414634146342,0.10365853658536585
sw_lints,corr,z48_a0p5_corr_pruned_top10,13,3142,SOLUSDT,val_first,,0.3204577595917524,3.579966632611209,93,0.9833493775925295,True,,,,,,,8.0,4.0,5.591397849462366,4.0,5.0,0.9139784946236559,0.08602150537634409
sw_lints,corr,z48_a0p5_corr_pruned_top10,13,3142,SOLUSDT,val_second,,-4.412069433377419,8.673793064631074,71,0.6475270563265809,True,,,,,,,8.0,4.0,6.380281690140845,4.0,4.0,0.8732394366197183,0.1267605633802817
sw_lints,corr,z48_a0p5_corr_pruned_top10,13,3143,BTCUSDT,val,2000.0,-4.5815175077054455,6.067377837362553,156,0.7117731150250187,True,0.591,0.312,0.31200000000000006,0.688,0.688,0.6855,9.0,4.0,7.576923076923077,4.0,7.0,0.8717948717948718,0.1282051282051282
sw_lints,corr,z48_a0p5_corr_pruned_top10,13,3143,BTCUSDT,val_first,,0.30804714104326614,3.6315941527548135,89,0.9765780202011131,True,,,,,,,7.0,4.0,6.853932584269663,4.0,4.0,0.9325842696629213,0.06741573033707865
sw_lints,corr,z48_a0p5_corr_pruned_top10,13,3143,BTCUSDT,val_second,,-4.874548740714191,6.067377837362553,67,0.49505057668133423,True,,,,,,,10.5,5.0,8.537313432835822,4.0,9.0,0.7910447761194029,0.208955223880597
sw_lints,corr,z48_a0p5_corr_pruned_top10,13,3143,ETHUSDT,val,2000.0,-6.596848977029712,7.909309333437198,166,0.6822306908662003,True,0.493,0.3315,0.3315,0.6685,0.6685,0.667,8.0,4.0,5.9397590361445785,4.0,5.0,0.891566265060241,0.10843373493975904
sw_lints,corr,z48_a0p5_corr_pruned_top10,13,3143,ETHUSDT,val_first,,0.8275713879015933,2.6034227445652425,88,0.993131161612851,True,,,,,,,8.0,4.0,5.6477272727272725,4.0,6.0,0.8863636363636364,0.11363636363636363
sw_lints,corr,z48_a0p5_corr_pruned_top10,13,3143,ETHUSDT,val_second,,-7.363482292326806,7.824557377588615,77,0.482035829160096,True,,,,,,,7.0,4.0,6.064935064935065,4.0,5.0,0.9090909090909091,0.09090909090909091
sw_lints,corr,z48_a0p5_corr_pruned_top10,13,3143,SOLUSDT,val,2000.0,-5.89551464992385,10.521204839984765,178,0.7677514479441123,True,0.5125,0.3575,0.35750000000000004,0.6425,0.6425,0.641,8.0,4.0,5.735955056179775,4.0,5.75,0.8595505617977528,0.1404494382022472
sw_lints,corr,z48_a0p5_corr_pruned_top10,13,3143,SOLUSDT,val_first,,-0.7441919675919895,5.6265952967655135,93,0.8936824657719821,True,,,,,,,8.0,4.0,6.021505376344086,4.0,6.0,0.8279569892473119,0.17204301075268819
sw_lints,corr,z48_a0p5_corr_pruned_top10,13,3143,SOLUSDT,val_second,,-5.189945842413479,10.521204839984765,85,0.6521508773252499,True,,,,,,,8.0,4.0,5.423529411764706,4.0,5.0,0.8941176470588236,0.10588235294117647
sw_lints,corr,z48_a0p5_corr_pruned_top10,14,3142,BTCUSDT,val,2000.0,-3.1708770912181605,3.9661768093802285,153,0.791411769869258,True,0.5875,0.3075,0.3075,0.6925,0.6925,0.6895,8.0,4.0,7.647058823529412,4.0,6.0,0.8366013071895425,0.16339869281045752
sw_lints,corr,z48_a0p5_corr_pruned_top10,14,3142,BTCUSDT,val_first,,0.30029871681120923,3.1097601883018244,77,1.0133103197614288,True,,,,,,,8.0,4.0,7.87012987012987,4.0,5.0,0.8571428571428571,0.14285714285714285
sw_lints,corr,z48_a0p5_corr_pruned_top10,14,3142,BTCUSDT,val_second,,-3.4607831207261963,3.9661768093802285,76,0.6105176650536005,True,,,,,,,9.0,5.0,7.421052631578948,4.0,7.0,0.8157894736842105,0.18421052631578946
sw_lints,corr,z48_a0p5_corr_pruned_top10,14,3142,ETHUSDT,val,2000.0,-8.123379174575152,12.355331723197594,179,0.662152240985322,True,0.509,0.358,0.358,0.642,0.642,0.6395,7.0,4.0,5.687150837988827,4.0,4.0,0.9329608938547486,0.0670391061452514
sw_lints,corr,z48_a0p5_corr_pruned_top10,14,3142,ETHUSDT,val_first,,-1.7249822245983815,4.834664372694708,100,0.8280362613855787,True,,,,,,,7.5,4.0,5.23,4.0,4.25,0.95,0.05
sw_lints,corr,z48_a0p5_corr_pruned_top10,14,3142,ETHUSDT,val_second,,-6.510705461890332,10.816939787173485,79,0.533428581734909,True,,,,,,,7.0,4.0,6.265822784810126,4.0,4.0,0.9113924050632911,0.08860759493670886
sw_lints,corr,z48_a0p5_corr_pruned_top10,14,3142,SOLUSDT,val,2000.0,-9.13302437765584,11.502761127685602,169,0.640874623605575,True,0.491,0.339,0.33899999999999997,0.661,0.661,0.659,7.0,4.0,5.792899408284024,4.0,5.0,0.893491124260355,0.10650887573964497
sw_lints,corr,z48_a0p5_corr_pruned_top10,14,3142,SOLUSDT,val_first,,-1.5878257562504938,4.644607008028423,97,0.8316348294261304,True,,,,,,,7.0,4.0,5.247422680412371,4.0,4.0,0.9175257731958762,0.08247422680412371
sw_lints,corr,z48_a0p5_corr_pruned_top10,14,3142,SOLUSDT,val_second,,-7.66693620925113,11.14263059144196,72,0.49397007645988034,True,,,,,,,9.0,4.0,6.527777777777778,4.0,5.0,0.8611111111111112,0.1388888888888889
sw_lints,corr,z48_a0p5_corr_pruned_top10,14,3143,BTCUSDT,val,2000.0,-2.7521957178133216,4.69468546675108,176,0.8033893361448667,True,0.5405,0.3535,0.35350000000000004,0.6465,0.6465,0.645,7.0,4.0,6.119318181818182,4.0,5.0,0.9318181818181818,0.06818181818181818
sw_lints,corr,z48_a0p5_corr_pruned_top10,14,3143,BTCUSDT,val_first,,-0.09093733289133876,2.7457625517276263,101,0.9698782567099644,True,,,,,,,7.0,4.0,5.376237623762377,4.0,4.0,0.9702970297029703,0.0297029702970297
sw_lints,corr,z48_a0p5_corr_pruned_top10,14,3143,BTCUSDT,val_second,,-2.6636806650755407,4.025603110184106,75,0.658749339389551,True,,,,,,,8.0,4.0,7.12,4.0,5.5,0.88,0.12
sw_lints,corr,z48_a0p5_corr_pruned_top10,14,3143,ETHUSDT,val,2000.0,-10.366586266009946,11.664053931498675,194,0.5827084031896894,True,0.523,0.3895,0.38949999999999996,0.6105,0.6105,0.609,7.0,4.0,5.371134020618556,4.0,5.0,0.9278350515463918,0.07216494845360824
sw_lints,corr,z48_a0p5_corr_pruned_top10,14,3143,ETHUSDT,val_first,,-4.5391486418714155,5.788008325350235,102,0.6082071383884832,True,,,,,,,7.0,4.0,5.392156862745098,4.0,5.0,0.9215686274509803,0.0784313725490196
sw_lints,corr,z48_a0p5_corr_pruned_top10,14,3143,ETHUSDT,val_second,,-6.104531377241185,8.417275473369068,91,0.5691139092884004,True,,,,,,,7.0,4.0,5.362637362637362,4.0,4.0,0.9340659340659341,0.06593406593406594
sw_lints,corr,z48_a0p5_corr_pruned_top10,14,3143,SOLUSDT,val,2000.0,-9.884348785227093,10.807725676293224,148,0.6090938997721378,True,0.508,0.296,0.29600000000000004,0.704,0.704,0.7015,8.0,4.0,6.864864864864865,4.0,6.0,0.8648648648648649,0.13513513513513514
sw_lints,corr,z48_a0p5_corr_pruned_top10,14,3143,SOLUSDT,val_first,,-0.6373211340212626,5.108948207819952,91,0.9038719408446457,True,,,,,,,8.0,4.0,5.736263736263736,4.0,5.5,0.8901098901098901,0.10989010989010989
sw_lints,corr,z48_a0p5_corr_pruned_top10,14,3143,SOLUSDT,val_second,,-9.30633891592063,10.338972617367403,57,0.37434993614661377,True,,,,,,,9.0,4.0,8.666666666666666,4.0,7.0,0.8245614035087719,0.17543859649122806
sw_lints,corr,z48_a0p5_corr_pruned_top10,15,3142,BTCUSDT,val,2000.0,-3.478064518140156,5.063872196303743,156,0.7732001727221306,True,0.538,0.3135,0.3135,0.6865,0.6865,0.6835,9.5,4.0,6.858974358974359,4.0,6.0,0.8397435897435898,0.16025641025641027
sw_lints,corr,z48_a0p5_corr_pruned_top10,15,3142,BTCUSDT,val_first,,-0.76377126653423,2.5970682320479943,91,0.879500078582678,True,,,,,,,8.0,4.0,5.593406593406593,4.0,5.0,0.8901098901098901,0.10989010989010989
sw_lints,corr,z48_a0p5_corr_pruned_top10,15,3142,BTCUSDT,val_second,,-2.7351837995538197,3.928250567650171,65,0.661365929554897,True,,,,,,,12.0,4.0,8.63076923076923,4.0,9.0,0.7692307692307693,0.23076923076923078
sw_lints,corr,z48_a0p5_corr_pruned_top10,15,3142,ETHUSDT,val,2000.0,-11.055616144601576,11.316075262807734,195,0.5485782328909927,True,0.4985,0.39,0.39,0.61,0.61,0.6075,7.0,4.0,5.112820512820512,4.0,4.5,0.9384615384615385,0.06153846153846154
sw_lints,corr,z48_a0p5_corr_pruned_top10,15,3142,ETHUSDT,val_first,,-0.8438581840881532,4.234412349196659,105,0.8901497373554653,True,,,,,,,7.0,4.0,4.685714285714286,4.0,4.0,0.9619047619047619,0.0380952380952381
sw_lints,corr,z48_a0p5_corr_pruned_top10,15,3142,ETHUSDT,val_second,,-10.298664080205988,10.561339809047599,90,0.31710300895610966,True,,,,,,,8.0,4.0,5.611111111111111,4.0,5.0,0.9111111111111111,0.08888888888888889
sw_lints,corr,z48_a0p5_corr_pruned_top10,15,3142,SOLUSDT,val,2000.0,-0.8312293756336686,4.769007583480544,183,0.9150251974357126,True,0.468,0.3665,0.36650000000000005,0.6335,0.6335,0.629,7.0,4.0,5.103825136612022,4.0,4.0,0.9289617486338798,0.07103825136612021
sw_lints,corr,z48_a0p5_corr_pruned_top10,15,3142,SOLUSDT,val_first,,0.3957713306556254,3.3325435171889572,103,0.9725445067155499,True,,,,,,,7.0,4.0,4.922330097087379,4.0,4.0,0.9320388349514563,0.06796116504854369
sw_lints,corr,z48_a0p5_corr_pruned_top10,15,3142,SOLUSDT,val_second,,-1.222163732621906,4.769007583480544,80,0.8636381663587136,True,,,,,,,7.0,4.0,5.3375,4.0,4.0,0.925,0.075
sw_lints,corr,z48_a0p5_corr_pruned_top10,15,3143,BTCUSDT,val,2000.0,-3.128431620522998,4.578609268498612,153,0.7908312849658925,True,0.58,0.3075,0.3075,0.6925,0.6925,0.689,7.0,4.0,7.516339869281046,4.0,5.0,0.8823529411764706,0.11764705882352941
sw_lints,corr,z48_a0p5_corr_pruned_top10,15,3143,BTCUSDT,val_first,,-2.679335114838577,4.384372987730689,94,0.709514319246566,True,,,,,,,6.0,4.0,6.202127659574468,4.0,4.0,0.9361702127659575,0.06382978723404255
sw_lints,corr,z48_a0p5_corr_pruned_top10,15,3143,BTCUSDT,val_second,,-0.46146058107428,3.041637377430084,59,0.9275676217641814,True,,,,,,,11.0,4.0,9.610169491525424,4.0,9.0,0.7966101694915254,0.2033898305084746
sw_lints,corr,z48_a0p5_corr_pruned_top10,15,3143,ETHUSDT,val,2000.0,-8.406606267919503,9.65996350569588,174,0.6361691876578699,True,0.506,0.3475,0.34750000000000003,0.6525,0.6525,0.651,8.0,4.0,5.816091954022989,4.0,5.0,0.8850574712643678,0.11494252873563218
sw_lints,corr,z48_a0p5_corr_pruned_top10,15,3143,ETHUSDT,val_first,,-3.066456608645618,5.443884988187642,88,0.71842051908248,True,,,,,,,8.0,4.0,6.034090909090909,4.0,6.0,0.8636363636363636,0.13636363636363635
sw_lints,corr,z48_a0p5_corr_pruned_top10,15,3143,ETHUSDT,val_second,,-5.509083308462004,6.848630742788597,86,0.5625463129965977,True,,,,,,,7.0,4.0,5.593023255813954,4.0,4.0,0.9069767441860465,0.09302325581395349
sw_lints,corr,z48_a0p5_corr_pruned_top10,15,3143,SOLUSDT,val,2000.0,-9.31287909216556,10.567335903936659,177,0.663997525023271,True,0.4925,0.3545,0.35450000000000004,0.6455,0.6455,0.6415,7.0,4.0,5.553672316384181,4.0,4.0,0.903954802259887,0.096045197740113
sw_lints,corr,z48_a0p5_corr_pruned_top10,15,3143,SOLUSDT,val_first,,-2.881510435841572,8.29716762591869,97,0.7711812021851197,True,,,,,,,7.0,4.0,5.515463917525773,4.0,5.0,0.8969072164948454,0.10309278350515463
sw_lints,corr,z48_a0p5_corr_pruned_top10,15,3143,SOLUSDT,val_second,,-6.6221876855645405,6.670492296331321,80,0.5561743304294416,True,,,,,,,6.0,4.0,5.6,4.0,4.0,0.9125,0.0875
sw_lints,hybrid,z72_a0p5_hybrid_corr5_bsstablehie5_top10,0,3142,BTCUSDT,val,2000.0,-5.139556977669956,6.309250958388035,172,0.6917923234328552,True,0.566,0.3435,0.3435,0.6565,0.6565,0.655,8.0,4.0,6.5813953488372094,4.0,5.0,0.9127906976744186,0.0872093023255814
sw_lints,hybrid,z72_a0p5_hybrid_corr5_bsstablehie5_top10,0,3142,BTCUSDT,val_first,,-1.852764502294646,4.246911672852072,63,0.7560828910711355,True,,,,,,,10.0,5.0,7.904761904761905,4.0,6.0,0.8412698412698413,0.15873015873015872
sw_lints,hybrid,z72_a0p5_hybrid_corr5_bsstablehie5_top10,0,3142,BTCUSDT,val_second,,-3.3488385675948584,4.173677146445698,109,0.632544982112412,True,,,,,,,7.0,4.0,5.81651376146789,4.0,5.0,0.9541284403669725,0.045871559633027525
sw_lints,hybrid,z72_a0p5_hybrid_corr5_bsstablehie5_top10,0,3142,ETHUSDT,val,2000.0,-6.598477386716284,8.445991022747156,167,0.7025591382319253,True,0.486,0.3355,0.3355,0.6645,0.6645,0.6615,8.0,4.0,5.778443113772455,4.0,6.0,0.9221556886227545,0.07784431137724551
sw_lints,hybrid,z72_a0p5_hybrid_corr5_bsstablehie5_top10,0,3142,ETHUSDT,val_first,,-0.12237047087131359,3.696629166942289,79,0.9554606212487299,True,,,,,,,9.0,5.0,6.113924050632911,4.0,6.5,0.8987341772151899,0.10126582278481013
sw_lints,hybrid,z72_a0p5_hybrid_corr5_bsstablehie5_top10,0,3142,ETHUSDT,val_second,,-6.484041467920754,8.269840581163223,88,0.5544231923664823,True,,,,,,,7.0,4.0,5.4772727272727275,4.0,5.0,0.9431818181818182,0.056818181818181816
sw_lints,hybrid,z72_a0p5_hybrid_corr5_bsstablehie5_top10,0,3142,SOLUSDT,val,2000.0,-2.4886531577113513,8.70753053544442,166,0.8706275758075255,True,0.538,0.3335,0.3335,0.6665,0.6665,0.6615,7.0,4.0,6.0602409638554215,4.0,5.0,0.8975903614457831,0.10240963855421686
sw_lints,hybrid,z72_a0p5_hybrid_corr5_bsstablehie5_top10,0,3142,SOLUSDT,val_first,,0.7491378716677488,2.714027662205709,96,1.006533315954876,True,,,,,,,7.0,4.0,5.739583333333333,4.0,4.25,0.9270833333333334,0.07291666666666667
sw_lints,hybrid,z72_a0p5_hybrid_corr5_bsstablehie5_top10,0,3142,SOLUSDT,val_second,,-3.213715866733613,7.627221625693514,70,0.7512915557730286,True,,,,,,,8.0,4.0,6.5,4.0,5.0,0.8571428571428571,0.14285714285714285
sw_lints,hybrid,z72_a0p5_hybrid_corr5_bsstablehie5_top10,0,3143,BTCUSDT,val,2000.0,-7.501785648546388,9.047796644916883,183,0.5836030780383866,True,0.5215,0.3675,0.36750000000000005,0.6325,0.6325,0.63,8.0,4.0,5.6775956284153,4.0,5.0,0.9398907103825137,0.060109289617486336
sw_lints,hybrid,z72_a0p5_hybrid_corr5_bsstablehie5_top10,0,3143,BTCUSDT,val_first,,-2.2609725762727684,3.7312674251423483,83,0.6984783062162341,True,,,,,,,8.0,4.0,4.963855421686747,4.0,5.0,0.9518072289156626,0.04819277108433735
sw_lints,hybrid,z72_a0p5_hybrid_corr5_bsstablehie5_top10,0,3143,BTCUSDT,val_second,,-5.362047495677613,6.843517898002871,99,0.5078745943911976,True,,,,,,,7.0,4.0,6.2727272727272725,4.0,6.0,0.9292929292929293,0.0707070707070707
sw_lints,hybrid,z72_a0p5_hybrid_corr5_bsstablehie5_top10,0,3143,ETHUSDT,val,2000.0,-9.851636547757236,12.29480376045351,160,0.5841022089916178,True,0.4495,0.3215,0.3215,0.6785,0.6785,0.6755,8.0,4.0,5.58125,4.0,5.0,0.90625,0.09375
sw_lints,hybrid,z72_a0p5_hybrid_corr5_bsstablehie5_top10,0,3143,ETHUSDT,val_first,,-4.568395220161037,6.243005128434409,77,0.5302104469480869,True,,,,,,,8.0,4.0,5.87012987012987,4.0,5.0,0.8961038961038961,0.1038961038961039
sw_lints,hybrid,z72_a0p5_hybrid_corr5_bsstablehie5_top10,0,3143,ETHUSDT,val_second,,-5.53615475689071,8.267864105098955,82,0.5973556569447361,True,,,,,,,7.0,4.0,5.109756097560975,4.0,5.0,0.926829268292683,0.07317073170731707
sw_lints,hybrid,z72_a0p5_hybrid_corr5_bsstablehie5_top10,0,3143,SOLUSDT,val,2000.0,-10.89694465695732,12.272305918345738,176,0.6082258343735181,True,0.4955,0.3535,0.35350000000000004,0.6465,0.6465,0.6415,7.0,4.0,5.471590909090909,4.0,5.0,0.9431818181818182,0.056818181818181816
sw_lints,hybrid,z72_a0p5_hybrid_corr5_bsstablehie5_top10,0,3143,SOLUSDT,val_first,,-2.6986688136519055,4.1782432063171555,103,0.7697436057022937,True,,,,,,,7.0,4.0,5.320388349514563,4.0,5.0,0.970873786407767,0.02912621359223301
sw_lints,hybrid,z72_a0p5_hybrid_corr5_bsstablehie5_top10,0,3143,SOLUSDT,val_second,,-8.425656405054072,10.3010572230394,73,0.4703187683227527,True,,,,,,,8.0,4.0,5.684931506849315,4.0,5.0,0.9041095890410958,0.0958904109589041
sw_lints,hybrid,z72_a0p5_hybrid_corr5_bsstablehie5_top10,1,3142,BTCUSDT,val,2000.0,-4.064440839205663,6.300694220543413,85,0.6244813974966624,True,0.426,0.1715,0.17149999999999999,0.8285,0.8285,0.8235,12.0,4.0,9.788235294117648,4.0,7.0,0.8,0.2
sw_lints,hybrid,z72_a0p5_hybrid_corr5_bsstablehie5_top10,1,3142,BTCUSDT,val_first,,-2.7226400791752092,4.870247033052233,39,0.49449779795751353,True,,,,,,,14.5,4.0,7.9743589743589745,4.0,7.5,0.8205128205128205,0.1794871794871795
sw_lints,hybrid,z72_a0p5_hybrid_corr5_bsstablehie5_top10,1,3142,BTCUSDT,val_second,,-1.379355649785885,3.7514229405922195,46,0.7710419604342694,True,,,,,,,11.0,4.0,11.326086956521738,4.0,6.75,0.782608695652174,0.21739130434782608
sw_lints,hybrid,z72_a0p5_hybrid_corr5_bsstablehie5_top10,1,3142,ETHUSDT,val,2000.0,-4.167452519458347,8.348060344872088,91,0.6955086952601598,True,0.3955,0.1835,0.1835,0.8165,0.8165,0.813,11.0,4.0,8.571428571428571,4.0,9.0,0.7692307692307693,0.23076923076923078
sw_lints,hybrid,z72_a0p5_hybrid_corr5_bsstablehie5_top10,1,3142,ETHUSDT,val_first,,-0.9511865638448858,2.0469841284594947,39,0.8175885999283251,True,,,,,,,18.0,6.0,10.846153846153847,4.0,14.0,0.6923076923076923,0.3076923076923077
sw_lints,hybrid,z72_a0p5_hybrid_corr5_bsstablehie5_top10,1,3142,ETHUSDT,val_second,,-3.247152433266254,7.467907513899785,51,0.6405669301656798,True,,,,,,,8.0,4.0,6.921568627450981,4.0,6.0,0.8235294117647058,0.17647058823529413
sw_lints,hybrid,z72_a0p5_hybrid_corr5_bsstablehie5_top10,1,3142,SOLUSDT,val,2000.0,-9.32121651997595,10.273623851886493,126,0.594197080934332,True,0.4035,0.2535,0.25349999999999995,0.7465,0.7465,0.7415,7.0,4.0,6.23015873015873,4.0,4.0,0.8968253968253969,0.10317460317460317
sw_lints,hybrid,z72_a0p5_hybrid_corr5_bsstablehie5_top10,1,3142,SOLUSDT,val_first,,-5.033883767697034,6.0888231665234605,79,0.6198727897387751,True,,,,,,,7.0,4.0,5.582278481012659,4.0,4.0,0.9493670886075949,0.05063291139240506
sw_lints,hybrid,z72_a0p5_hybrid_corr5_bsstablehie5_top10,1,3142,SOLUSDT,val_second,,-4.514592069650803,5.316585693994957,47,0.5542226607717645,True,,,,,,,7.0,4.0,7.319148936170213,4.0,5.5,0.8085106382978723,0.19148936170212766
sw_lints,hybrid,z72_a0p5_hybrid_corr5_bsstablehie5_top10,1,3143,BTCUSDT,val,2000.0,0.464986409844248,2.7925724183576195,109,1.0127018771729093,True,0.499,0.2175,0.21750000000000003,0.7825,0.7825,0.781,8.0,4.0,9.155963302752294,4.0,7.0,0.7889908256880734,0.21100917431192662
sw_lints,hybrid,z72_a0p5_hybrid_corr5_bsstablehie5_top10,1,3143,BTCUSDT,val_first,,1.6827168932404435,1.9336500921317334,27,1.4019156674541495,True,,,,,,,26.0,11.0,15.444444444444445,4.0,18.5,0.4074074074074074,0.5925925925925926
sw_lints,hybrid,z72_a0p5_hybrid_corr5_bsstablehie5_top10,1,3143,BTCUSDT,val_second,,-1.1975786255541743,2.7925724183576195,81,0.8719666768820291,True,,,,,,,7.0,4.0,6.222222222222222,4.0,5.0,0.9259259259259259,0.07407407407407407
sw_lints,hybrid,z72_a0p5_hybrid_corr5_bsstablehie5_top10,1,3143,ETHUSDT,val,2000.0,-7.7858036572921785,10.696602644372577,88,0.5463160871249294,True,0.419,0.1775,0.1775,0.8225,0.8225,0.8195,10.0,4.0,9.443181818181818,4.0,8.25,0.7727272727272727,0.22727272727272727
sw_lints,hybrid,z72_a0p5_hybrid_corr5_bsstablehie5_top10,1,3143,ETHUSDT,val_first,,0.16300135317524056,4.080388259456679,25,0.9721126329295655,True,,,,,,,32.0,9.0,17.56,5.0,27.0,0.56,0.44
sw_lints,hybrid,z72_a0p5_hybrid_corr5_bsstablehie5_top10,1,3143,ETHUSDT,val_second,,-7.935869435900688,10.629541691519728,62,0.38701717635081206,True,,,,,,,8.0,4.0,6.258064516129032,4.0,5.0,0.8548387096774194,0.14516129032258066
sw_lints,hybrid,z72_a0p5_hybrid_corr5_bsstablehie5_top10,1,3143,SOLUSDT,val,2000.0,-3.9081638657451068,7.020552257988022,137,0.8171676918370981,True,0.442,0.2755,0.27549999999999997,0.7245,0.7245,0.7195,7.0,4.0,6.291970802919708,4.0,4.0,0.8905109489051095,0.10948905109489052
sw_lints,hybrid,z72_a0p5_hybrid_corr5_bsstablehie5_top10,1,3143,SOLUSDT,val_first,,-1.109337907479746,4.383512297082193,83,0.8637844587584336,True,,,,,,,7.0,4.0,5.9156626506024095,4.0,4.0,0.9156626506024096,0.08433734939759036
sw_lints,hybrid,z72_a0p5_hybrid_corr5_bsstablehie5_top10,1,3143,SOLUSDT,val_second,,-2.8302226914476925,6.094400089709417,54,0.7625837305883812,True,,,,,,,8.5,4.0,6.87037037037037,4.0,5.0,0.8518518518518519,0.14814814814814814
sw_lints,hybrid,z72_a0p5_hybrid_corr5_bsstablehie5_top10,2,3142,BTCUSDT,val,2000.0,-2.1988531935210442,4.857122086696308,75,0.7922285420377225,True,0.36,0.1515,0.15149999999999997,0.8485,0.8485,0.8435,14.0,4.0,8.946666666666667,4.0,7.5,0.7733333333333333,0.22666666666666666
sw_lints,hybrid,z72_a0p5_hybrid_corr5_bsstablehie5_top10,2,3142,BTCUSDT,val_first,,-0.41774063795061434,2.5464335826072992,33,0.8828354286865409,True,,,,,,,11.0,4.0,7.121212121212121,4.0,6.0,0.8181818181818182,0.18181818181818182
sw_lints,hybrid,z72_a0p5_hybrid_corr5_bsstablehie5_top10,2,3142,BTCUSDT,val_second,,-1.7885841986119977,4.034223417597504,41,0.7457863638758174,True,,,,,,,15.0,4.0,10.536585365853659,4.0,10.0,0.7317073170731707,0.2682926829268293
sw_lints,hybrid,z72_a0p5_hybrid_corr5_bsstablehie5_top10,2,3142,ETHUSDT,val,2000.0,-6.066330201097559,8.742599900510628,90,0.6119635345494843,True,0.32,0.1795,0.1795,0.8205,0.8205,0.819,7.0,4.0,7.111111111111111,4.0,4.75,0.8666666666666667,0.13333333333333333
sw_lints,hybrid,z72_a0p5_hybrid_corr5_bsstablehie5_top10,2,3142,ETHUSDT,val_first,,-1.3820690014213377,2.543595576095048,31,0.7027407981209277,True,,,,,,,28.0,6.0,12.419354838709678,4.0,20.0,0.6451612903225806,0.3548387096774194
sw_lints,hybrid,z72_a0p5_hybrid_corr5_bsstablehie5_top10,2,3142,ETHUSDT,val_second,,-4.749908208623566,7.463684164287909,58,0.5851506767224118,True,,,,,,,6.0,4.0,4.327586206896552,4.0,4.0,0.9827586206896551,0.017241379310344827
sw_lints,hybrid,z72_a0p5_hybrid_corr5_bsstablehie5_top10,2,3142,SOLUSDT,val,2000.0,-8.278543368608426,10.747479038027762,144,0.6577005674744181,True,0.4985,0.2895,0.2895,0.7105,0.7105,0.7075,7.5,4.0,6.888888888888889,4.0,5.0,0.8958333333333334,0.10416666666666667
sw_lints,hybrid,z72_a0p5_hybrid_corr5_bsstablehie5_top10,2,3142,SOLUSDT,val_first,,-0.6732628318618428,4.720176992965063,62,0.8738053957029353,True,,,,,,,8.0,4.0,9.161290322580646,4.0,8.0,0.8387096774193549,0.16129032258064516
sw_lints,hybrid,z72_a0p5_hybrid_corr5_bsstablehie5_top10,2,3142,SOLUSDT,val_second,,-7.656831134876119,10.114359851239696,82,0.5224036034970643,True,,,,,,,7.0,4.0,5.170731707317073,4.0,4.0,0.9390243902439024,0.06097560975609756
sw_lints,hybrid,z72_a0p5_hybrid_corr5_bsstablehie5_top10,2,3143,BTCUSDT,val,2000.0,-5.970726196043675,7.777080779926315,81,0.38863878642497635,True,0.3705,0.1635,0.16349999999999998,0.8365,0.8365,0.8315,10.0,4.0,7.0246913580246915,4.0,6.0,0.8271604938271605,0.1728395061728395
sw_lints,hybrid,z72_a0p5_hybrid_corr5_bsstablehie5_top10,2,3143,BTCUSDT,val_first,,-2.790218914293263,3.3558168286736856,36,0.4098529730879834,True,,,,,,,11.0,4.0,7.75,4.0,9.0,0.8055555555555556,0.19444444444444445
sw_lints,hybrid,z72_a0p5_hybrid_corr5_bsstablehie5_top10,2,3143,BTCUSDT,val_second,,-3.271797597143289,4.775149343774132,45,0.37345873110251104,True,,,,,,,8.0,4.0,6.444444444444445,4.0,4.0,0.8444444444444444,0.15555555555555556
sw_lints,hybrid,z72_a0p5_hybrid_corr5_bsstablehie5_top10,2,3143,ETHUSDT,val,2000.0,-3.0571375463759876,6.545972530721256,94,0.7520731773764552,True,0.3215,0.1895,0.1895,0.8105,0.8105,0.809,8.0,4.0,6.787234042553192,4.0,5.0,0.8723404255319149,0.1276595744680851
sw_lints,hybrid,z72_a0p5_hybrid_corr5_bsstablehie5_top10,2,3143,ETHUSDT,val_first,,0.7312719891264807,1.6039211006672938,36,1.2441974628072594,True,,,,,,,11.5,4.0,7.277777777777778,4.0,6.0,0.8888888888888888,0.1111111111111111
sw_lints,hybrid,z72_a0p5_hybrid_corr5_bsstablehie5_top10,2,3143,ETHUSDT,val_second,,-3.760907075522102,6.545972530721256,57,0.635173886535739,True,,,,,,,7.0,4.0,6.526315789473684,4.0,5.0,0.8596491228070176,0.14035087719298245
sw_lints,hybrid,z72_a0p5_hybrid_corr5_bsstablehie5_top10,2,3143,SOLUSDT,val,2000.0,-4.243555561076196,9.106938714843526,133,0.7957873654976902,True,0.578,0.2675,0.26749999999999996,0.7325,0.7325,0.7275,9.0,4.0,8.503759398496241,4.0,7.0,0.8345864661654135,0.16541353383458646
sw_lints,hybrid,z72_a0p5_hybrid_corr5_bsstablehie5_top10,2,3143,SOLUSDT,val_first,,3.2003461337040795,2.8697248673984044,73,1.201932188448855,True,,,,,,,9.0,4.0,9.164383561643836,4.0,7.0,0.821917808219178,0.1780821917808219
sw_lints,hybrid,z72_a0p5_hybrid_corr5_bsstablehie5_top10,2,3143,SOLUSDT,val_second,,-7.213058844915232,9.106938714843526,60,0.46747519242933994,True,,,,,,,9.0,4.0,7.7,4.0,5.0,0.85,0.15
sw_lints,hybrid,z72_a0p5_hybrid_corr5_bsstablehie5_top10,3,3142,BTCUSDT,val,2000.0,-0.4548502435658408,3.3488145980216433,140,0.9590099705999275,True,0.5775,0.2815,0.2815,0.7185,0.7185,0.7135,6.0,4.0,8.021428571428572,4.0,5.0,0.8714285714285714,0.12857142857142856
sw_lints,hybrid,z72_a0p5_hybrid_corr5_bsstablehie5_top10,3,3142,BTCUSDT,val_first,,1.4366401861390932,1.2652426817664097,59,1.2588207804850302,True,,,,,,,7.0,4.0,7.288135593220339,4.0,5.0,0.8813559322033898,0.11864406779661017
sw_lints,hybrid,z72_a0p5_hybrid_corr5_bsstablehie5_top10,3,3142,BTCUSDT,val_second,,-1.864701380323719,3.3488145980216433,80,0.8245586796099174,True,,,,,,,6.0,4.0,8.05,4.0,4.0,0.875,0.125
sw_lints,hybrid,z72_a0p5_hybrid_corr5_bsstablehie5_top10,3,3142,ETHUSDT,val,2000.0,-5.442140056293299,7.27095660759387,89,0.6399920559935145,True,0.3835,0.1795,0.1795,0.8205,0.8205,0.8175,10.0,4.0,8.539325842696629,4.0,10.0,0.7415730337078652,0.25842696629213485
sw_lints,hybrid,z72_a0p5_hybrid_corr5_bsstablehie5_top10,3,3142,ETHUSDT,val_first,,-1.9056233053720728,2.067590014787013,26,0.5594977438511175,True,,,,,,,27.0,8.0,12.73076923076923,4.0,17.0,0.5384615384615384,0.46153846153846156
sw_lints,hybrid,z72_a0p5_hybrid_corr5_bsstablehie5_top10,3,3142,ETHUSDT,val_second,,-3.6052186374867845,5.85350315912817,62,0.6778366421073184,True,,,,,,,6.5,4.0,6.854838709677419,4.0,6.75,0.8225806451612904,0.1774193548387097
sw_lints,hybrid,z72_a0p5_hybrid_corr5_bsstablehie5_top10,3,3142,SOLUSDT,val,2000.0,-7.597630985558535,9.109173853560936,118,0.6381278202074867,True,0.3985,0.2375,0.23750000000000004,0.7625,0.7625,0.7575,8.0,4.0,6.398305084745763,4.0,4.0,0.8983050847457628,0.1016949152542373
sw_lints,hybrid,z72_a0p5_hybrid_corr5_bsstablehie5_top10,3,3142,SOLUSDT,val_first,,-0.39704872819555925,2.146775349481944,48,0.9075763334569517,True,,,,,,,11.0,4.0,8.458333333333334,4.0,6.25,0.8125,0.1875
sw_lints,hybrid,z72_a0p5_hybrid_corr5_bsstablehie5_top10,3,3142,SOLUSDT,val_second,,-7.229286045664917,8.019056428109828,70,0.4922057763682668,True,,,,,,,7.0,4.0,4.985714285714286,4.0,4.0,0.9571428571428572,0.04285714285714286
sw_lints,hybrid,z72_a0p5_hybrid_corr5_bsstablehie5_top10,3,3143,BTCUSDT,val,2000.0,-2.7631700404338932,5.054296518730639,99,0.7769956902203805,True,0.565,0.1995,0.1995,0.8005,0.8005,0.7955,8.0,4.0,11.191919191919192,4.0,7.5,0.7878787878787878,0.21212121212121213
sw_lints,hybrid,z72_a0p5_hybrid_corr5_bsstablehie5_top10,3,3143,BTCUSDT,val_first,,-0.30858132569548946,3.050550930315421,28,0.8476435964681392,True,,,,,,,16.0,5.0,14.642857142857142,4.0,20.5,0.6071428571428571,0.39285714285714285
sw_lints,hybrid,z72_a0p5_hybrid_corr5_bsstablehie5_top10,3,3143,BTCUSDT,val_second,,-2.4621865626746064,4.374931619997636,70,0.7281714963824791,True,,,,,,,7.0,4.0,9.385714285714286,4.0,5.0,0.8714285714285714,0.12857142857142856
sw_lints,hybrid,z72_a0p5_hybrid_corr5_bsstablehie5_top10,3,3143,ETHUSDT,val,2000.0,-2.61401541106423,7.148285137160427,83,0.7951877918974298,True,0.3805,0.1675,0.16749999999999998,0.8325,0.8325,0.8295,12.0,4.0,9.08433734939759,4.0,12.0,0.7228915662650602,0.27710843373493976
sw_lints,hybrid,z72_a0p5_hybrid_corr5_bsstablehie5_top10,3,3143,ETHUSDT,val_first,,-1.8727996174826234,2.674181698693334,37,0.6533223992693724,True,,,,,,,14.0,5.0,8.0,4.0,10.0,0.7297297297297297,0.2702702702702703
sw_lints,hybrid,z72_a0p5_hybrid_corr5_bsstablehie5_top10,3,3143,ETHUSDT,val_second,,-0.755362214240507,5.7501146152314835,45,0.8957589718723249,True,,,,,,,10.0,4.0,9.422222222222222,4.0,13.0,0.7333333333333333,0.26666666666666666
sw_lints,hybrid,z72_a0p5_hybrid_corr5_bsstablehie5_top10,3,3143,SOLUSDT,val,2000.0,-2.721116973601967,6.424772073505791,94,0.8317372500252422,True,0.4,0.1895,0.1895,0.8105,0.8105,0.8055,10.0,4.0,7.531914893617022,4.0,7.0,0.7872340425531915,0.2127659574468085
sw_lints,hybrid,z72_a0p5_hybrid_corr5_bsstablehie5_top10,3,3143,SOLUSDT,val_first,,0.05672249226418291,2.4616478119616203,49,0.9998887395056059,True,,,,,,,10.0,4.0,7.346938775510204,4.0,7.0,0.7959183673469388,0.20408163265306123
sw_lints,hybrid,z72_a0p5_hybrid_corr5_bsstablehie5_top10,3,3143,SOLUSDT,val_second,,-2.776264699336839,5.2499206461269265,44,0.7590615362028029,True,,,,,,,9.0,4.0,7.818181818181818,4.0,7.25,0.7727272727272727,0.22727272727272727
sw_lints,hybrid,z72_a0p5_hybrid_corr5_bsstablehie5_top10,4,3142,BTCUSDT,val,2000.0,-3.4386386305279237,4.67778506043558,85,0.6799617601621013,True,0.3305,0.1715,0.17149999999999999,0.8285,0.8285,0.8235,10.0,4.0,7.517647058823529,4.0,7.0,0.8,0.2
sw_lints,hybrid,z72_a0p5_hybrid_corr5_bsstablehie5_top10,4,3142,BTCUSDT,val_first,,-1.4457702214418,2.7169963065347913,49,0.712228181065133,True,,,,,,,6.5,4.0,6.6938775510204085,4.0,5.0,0.8367346938775511,0.16326530612244897
sw_lints,hybrid,z72_a0p5_hybrid_corr5_bsstablehie5_top10,4,3142,BTCUSDT,val_second,,-2.0221033775657316,3.1817791149691965,36,0.6456001130099989,True,,,,,,,14.0,5.0,8.63888888888889,4.0,9.25,0.75,0.25
sw_lints,hybrid,z72_a0p5_hybrid_corr5_bsstablehie5_top10,4,3142,ETHUSDT,val,2000.0,-3.531566101937178,8.119885138530748,70,0.7111538419871093,True,0.3415,0.1415,0.14149999999999996,0.8585,0.8585,0.8555,12.0,4.5,9.657142857142857,4.0,9.0,0.7571428571428571,0.24285714285714285
sw_lints,hybrid,z72_a0p5_hybrid_corr5_bsstablehie5_top10,4,3142,ETHUSDT,val_first,,-2.51444236854218,3.3230706424681955,24,0.3607869984017405,True,,,,,,,17.0,5.0,9.083333333333334,4.0,9.0,0.7916666666666666,0.20833333333333334
sw_lints,hybrid,z72_a0p5_hybrid_corr5_bsstablehie5_top10,4,3142,ETHUSDT,val_second,,-1.0433583785202427,6.160457825480192,45,0.9985732761707503,True,,,,,,,11.0,4.0,7.555555555555555,4.0,9.0,0.7555555555555555,0.24444444444444444
sw_lints,hybrid,z72_a0p5_hybrid_corr5_bsstablehie5_top10,4,3142,SOLUSDT,val,2000.0,-12.835528231053939,13.84911356033436,177,0.5684840851739595,True,0.477,0.3555,0.35550000000000004,0.6445,0.6445,0.6395,6.0,4.0,5.248587570621469,4.0,4.0,0.943502824858757,0.05649717514124294
sw_lints,hybrid,z72_a0p5_hybrid_corr5_bsstablehie5_top10,4,3142,SOLUSDT,val_first,,-1.124911751324842,2.4978455003938693,84,0.8748731534785312,True,,,,,,,7.0,4.0,5.059523809523809,4.0,5.0,0.9404761904761905,0.05952380952380952
sw_lints,hybrid,z72_a0p5_hybrid_corr5_bsstablehie5_top10,4,3142,SOLUSDT,val_second,,-11.843849332681645,12.3520306554871,92,0.3942123308836675,True,,,,,,,6.0,4.0,5.434782608695652,4.0,4.0,0.9456521739130435,0.05434782608695652
sw_lints,hybrid,z72_a0p5_hybrid_corr5_bsstablehie5_top10,4,3143,BTCUSDT,val,2000.0,-3.8752296405828,6.22715254521996,128,0.7363201092708149,True,0.444,0.2575,0.25749999999999995,0.7425,0.7425,0.7375,7.0,4.0,6.7734375,4.0,4.5,0.8671875,0.1328125
sw_lints,hybrid,z72_a0p5_hybrid_corr5_bsstablehie5_top10,4,3143,BTCUSDT,val_first,,-1.6201810398638994,3.7408019835317385,48,0.7197296184607153,True,,,,,,,9.0,4.0,8.541666666666666,4.0,7.25,0.7916666666666666,0.20833333333333334
sw_lints,hybrid,z72_a0p5_hybrid_corr5_bsstablehie5_top10,4,3143,BTCUSDT,val_second,,-2.2921861663850573,4.691677284964035,80,0.7491634113939868,True,,,,,,,6.5,4.0,5.7125,4.0,4.0,0.9125,0.0875
sw_lints,hybrid,z72_a0p5_hybrid_corr5_bsstablehie5_top10,4,3143,ETHUSDT,val,2000.0,-2.2023118684933563,8.377532148550948,74,0.7885706663040346,True,0.47,0.1495,0.14949999999999997,0.8505,0.8505,0.8455,13.0,4.0,12.513513513513514,4.0,13.5,0.7027027027027027,0.2972972972972973
sw_lints,hybrid,z72_a0p5_hybrid_corr5_bsstablehie5_top10,4,3143,ETHUSDT,val_first,,-1.4217878922337501,3.5304040542861403,31,0.6864492153386076,True,,,,,,,20.0,6.0,12.096774193548388,4.0,16.5,0.6129032258064516,0.3870967741935484
sw_lints,hybrid,z72_a0p5_hybrid_corr5_bsstablehie5_top10,4,3143,ETHUSDT,val_second,,-0.7917814287464742,7.322829294388056,42,0.8226339667242577,True,,,,,,,9.0,4.0,11.619047619047619,4.0,7.75,0.7857142857142857,0.21428571428571427
sw_lints,hybrid,z72_a0p5_hybrid_corr5_bsstablehie5_top10,4,3143,SOLUSDT,val,2000.0,-9.916035387127142,12.38943136766082,101,0.5422796667841367,True,0.485,0.2035,0.20350000000000001,0.7965,0.7965,0.7915,9.0,4.0,8.801980198019802,4.0,5.0,0.8415841584158416,0.15841584158415842
sw_lints,hybrid,z72_a0p5_hybrid_corr5_bsstablehie5_top10,4,3143,SOLUSDT,val_first,,-4.503499836940361,5.452323531707637,71,0.6681381150230136,True,,,,,,,7.0,4.0,5.76056338028169,4.0,4.0,0.9014084507042254,0.09859154929577464
sw_lints,hybrid,z72_a0p5_hybrid_corr5_bsstablehie5_top10,4,3143,SOLUSDT,val_second,,-5.667784202504711,8.1563249712862,29,0.488819008255356,True,,,,,,,15.0,4.0,13.310344827586206,4.0,16.0,0.7241379310344828,0.27586206896551724
sw_lints,hybrid,z72_a0p5_hybrid_corr5_bsstablehie5_top10,5,3142,BTCUSDT,val,2000.0,-4.512046888402832,5.2271860877759035,115,0.6593938772081956,True,0.417,0.2315,0.23150000000000004,0.7685,0.7685,0.7635,9.0,4.0,7.060869565217391,4.0,5.5,0.8434782608695652,0.1565217391304348
sw_lints,hybrid,z72_a0p5_hybrid_corr5_bsstablehie5_top10,5,3142,BTCUSDT,val_first,,-0.08312367366063445,2.0894377203003356,50,0.9460939695762999,True,,,,,,,12.0,4.0,7.94,4.0,6.5,0.78,0.22
sw_lints,hybrid,z72_a0p5_hybrid_corr5_bsstablehie5_top10,5,3142,BTCUSDT,val_second,,-4.43260776115223,4.883048097463128,65,0.4399059031854817,True,,,,,,,8.0,4.0,6.384615384615385,4.0,5.0,0.8923076923076924,0.1076923076923077
sw_lints,hybrid,z72_a0p5_hybrid_corr5_bsstablehie5_top10,5,3142,ETHUSDT,val,2000.0,-2.062210966447098,9.032313987650175,130,0.8360438691003074,True,0.436,0.2595,0.25949999999999995,0.7405,0.7405,0.739,9.0,4.0,6.707692307692308,4.0,5.0,0.823076923076923,0.17692307692307693
sw_lints,hybrid,z72_a0p5_hybrid_corr5_bsstablehie5_top10,5,3142,ETHUSDT,val_first,,-2.6720228145352687,4.445716801493149,47,0.6260327341272504,True,,,,,,,13.0,4.0,9.829787234042554,4.0,12.5,0.6382978723404256,0.3617021276595745
sw_lints,hybrid,z72_a0p5_hybrid_corr5_bsstablehie5_top10,5,3142,ETHUSDT,val_second,,0.6265535005686385,6.534905334562735,83,0.9569302456057162,True,,,,,,,7.0,4.0,4.9397590361445785,4.0,4.0,0.927710843373494,0.07228915662650602
sw_lints,hybrid,z72_a0p5_hybrid_corr5_bsstablehie5_top10,5,3142,SOLUSDT,val,2000.0,-8.990141089778291,10.335617517680918,125,0.573178547357256,True,0.432,0.2515,0.25149999999999995,0.7485,0.7485,0.7435,7.0,4.0,6.352,4.0,4.0,0.888,0.112
sw_lints,hybrid,z72_a0p5_hybrid_corr5_bsstablehie5_top10,5,3142,SOLUSDT,val_first,,-0.796527885670395,3.434579702640439,77,0.8750001659600558,True,,,,,,,8.0,4.0,6.064935064935065,4.0,5.0,0.9090909090909091,0.09090909090909091
sw_lints,hybrid,z72_a0p5_hybrid_corr5_bsstablehie5_top10,5,3142,SOLUSDT,val_second,,-8.259401641370934,9.323948117938208,48,0.3718947839811419,True,,,,,,,7.0,4.0,6.8125,4.0,4.0,0.8541666666666666,0.14583333333333334
sw_lints,hybrid,z72_a0p5_hybrid_corr5_bsstablehie5_top10,5,3143,BTCUSDT,val,2000.0,-7.223164906111723,7.3198882859100145,107,0.5359394349988704,True,0.3945,0.2155,0.21550000000000002,0.7845,0.7845,0.7795,11.0,4.0,7.130841121495327,4.0,5.0,0.8411214953271028,0.1588785046728972
sw_lints,hybrid,z72_a0p5_hybrid_corr5_bsstablehie5_top10,5,3143,BTCUSDT,val_first,,-2.6280860358147584,4.780747844571065,47,0.594571627525805,True,,,,,,,12.0,4.0,8.638297872340425,4.0,7.0,0.7659574468085106,0.23404255319148937
sw_lints,hybrid,z72_a0p5_hybrid_corr5_bsstablehie5_top10,5,3143,BTCUSDT,val_second,,-4.719100902121632,4.977483740262844,60,0.4891757502578998,True,,,,,,,10.0,4.0,5.95,4.0,5.0,0.9,0.1
sw_lints,hybrid,z72_a0p5_hybrid_corr5_bsstablehie5_top10,5,3143,ETHUSDT,val,2000.0,-3.1995647425941742,8.843958895554827,118,0.7592490163704577,True,0.4315,0.2375,0.23750000000000004,0.7625,0.7625,0.761,8.5,4.0,7.271186440677966,4.0,4.0,0.8559322033898306,0.1440677966101695
sw_lints,hybrid,z72_a0p5_hybrid_corr5_bsstablehie5_top10,5,3143,ETHUSDT,val_first,,-3.3398887437173563,5.074243241808962,64,0.6005119976225917,True,,,,,,,7.0,4.0,6.296875,4.0,5.0,0.875,0.125
sw_lints,hybrid,z72_a0p5_hybrid_corr5_bsstablehie5_top10,5,3143,ETHUSDT,val_second,,0.14517260460327197,5.895728679616985,54,0.9234651183562039,True,,,,,,,10.0,4.0,8.425925925925926,4.0,4.0,0.8333333333333334,0.16666666666666666
sw_lints,hybrid,z72_a0p5_hybrid_corr5_bsstablehie5_top10,5,3143,SOLUSDT,val,2000.0,-5.146232867666811,8.634569768687106,129,0.7257301952060792,True,0.457,0.2595,0.25949999999999995,0.7405,0.7405,0.7355,7.0,4.0,6.542635658914729,4.0,5.0,0.8372093023255814,0.16279069767441862
sw_lints,hybrid,z72_a0p5_hybrid_corr5_bsstablehie5_top10,5,3143,SOLUSDT,val_first,,-1.1400470620310688,3.365060730328173,77,0.8437654344743631,True,,,,,,,7.0,4.0,6.675324675324675,4.0,5.0,0.8441558441558441,0.15584415584415584
sw_lints,hybrid,z72_a0p5_hybrid_corr5_bsstablehie5_top10,5,3143,SOLUSDT,val_second,,-4.0523849006376516,6.717478679285993,52,0.6133470585455985,True,,,,,,,9.0,4.0,6.346153846153846,4.0,4.25,0.8269230769230769,0.17307692307692307
sw_lints,hybrid,z72_a0p5_hybrid_corr5_bsstablehie5_top10,6,3142,BTCUSDT,val,2000.0,-1.7042891978535257,4.998528179373817,105,0.8438126059414907,True,0.4635,0.2115,0.21150000000000002,0.7885,0.7885,0.7835,9.0,4.0,8.552380952380952,4.0,6.0,0.819047619047619,0.18095238095238095
sw_lints,hybrid,z72_a0p5_hybrid_corr5_bsstablehie5_top10,6,3142,BTCUSDT,val_first,,0.47498771214375957,2.4630964698308944,54,1.0379368698038152,True,,,,,,,9.0,4.0,7.944444444444445,4.0,7.0,0.8148148148148148,0.18518518518518517
sw_lints,hybrid,z72_a0p5_hybrid_corr5_bsstablehie5_top10,6,3142,BTCUSDT,val_second,,-2.1689745474175237,4.8319651072536,51,0.6989746706400878,True,,,,,,,9.0,4.0,9.196078431372548,4.0,5.0,0.8235294117647058,0.17647058823529413
sw_lints,hybrid,z72_a0p5_hybrid_corr5_bsstablehie5_top10,6,3142,ETHUSDT,val,2000.0,-7.220252877491329,9.236991724426835,137,0.635441491021097,True,0.43,0.2735,0.27349999999999997,0.7265,0.7265,0.725,9.0,4.0,6.2773722627737225,4.0,5.0,0.8467153284671532,0.15328467153284672
sw_lints,hybrid,z72_a0p5_hybrid_corr5_bsstablehie5_top10,6,3142,ETHUSDT,val_first,,-1.5235832662625626,3.701322435883858,60,0.7751154992762352,True,,,,,,,12.0,5.0,8.183333333333334,4.0,10.0,0.7333333333333333,0.26666666666666666
sw_lints,hybrid,z72_a0p5_hybrid_corr5_bsstablehie5_top10,6,3142,ETHUSDT,val_second,,-5.784805946617189,8.053872177045285,77,0.5590268521152869,True,,,,,,,6.0,4.0,4.792207792207792,4.0,4.0,0.935064935064935,0.06493506493506493
sw_lints,hybrid,z72_a0p5_hybrid_corr5_bsstablehie5_top10,6,3142,SOLUSDT,val,2000.0,-12.781838367137189,14.405317956097075,167,0.5489808894233469,True,0.55,0.3355,0.3355,0.6645,0.6645,0.6595,7.0,4.0,6.455089820359281,4.0,5.0,0.8802395209580839,0.11976047904191617
sw_lints,hybrid,z72_a0p5_hybrid_corr5_bsstablehie5_top10,6,3142,SOLUSDT,val_first,,-2.4180308197882527,4.819596056106745,90,0.7871737169459145,True,,,,,,,7.0,4.0,6.4222222222222225,4.0,5.0,0.9111111111111111,0.08888888888888889
sw_lints,hybrid,z72_a0p5_hybrid_corr5_bsstablehie5_top10,6,3142,SOLUSDT,val_second,,-10.62061734807721,12.107468975685276,76,0.3732046122414671,True,,,,,,,8.0,4.0,6.526315789473684,4.0,6.0,0.8421052631578947,0.15789473684210525
sw_lints,hybrid,z72_a0p5_hybrid_corr5_bsstablehie5_top10,6,3143,BTCUSDT,val,2000.0,-2.3918403496210328,4.20505288359344,126,0.800439323194787,True,0.528,0.2535,0.25349999999999995,0.7465,0.7465,0.7415,8.0,4.0,8.15079365079365,4.0,7.0,0.8333333333333334,0.16666666666666666
sw_lints,hybrid,z72_a0p5_hybrid_corr5_bsstablehie5_top10,6,3143,BTCUSDT,val_first,,0.17870819049941034,2.7202164202292933,51,0.9969693906175062,True,,,,,,,10.5,5.0,9.509803921568627,4.0,9.0,0.7843137254901961,0.21568627450980393
sw_lints,hybrid,z72_a0p5_hybrid_corr5_bsstablehie5_top10,6,3143,BTCUSDT,val_second,,-2.565962954156187,4.169801879108503,75,0.656410005774398,True,,,,,,,7.0,4.0,7.226666666666667,4.0,5.0,0.8666666666666667,0.13333333333333333
sw_lints,hybrid,z72_a0p5_hybrid_corr5_bsstablehie5_top10,6,3143,ETHUSDT,val,2000.0,-5.425976962758217,7.8498181892505015,76,0.6087984289612637,True,0.376,0.1515,0.15149999999999997,0.8485,0.8485,0.847,12.0,4.0,9.894736842105264,4.0,10.25,0.7236842105263158,0.27631578947368424
sw_lints,hybrid,z72_a0p5_hybrid_corr5_bsstablehie5_top10,6,3143,ETHUSDT,val_first,,-1.2535897107655125,4.0203211917600346,30,0.7040502108607616,True,,,,,,,19.5,5.5,10.133333333333333,4.25,11.0,0.6666666666666666,0.3333333333333333
sw_lints,hybrid,z72_a0p5_hybrid_corr5_bsstablehie5_top10,6,3143,ETHUSDT,val_second,,-4.225355878529169,7.091659665168626,45,0.6358755549608592,True,,,,,,,7.0,4.0,7.688888888888889,4.0,6.0,0.7777777777777778,0.2222222222222222
sw_lints,hybrid,z72_a0p5_hybrid_corr5_bsstablehie5_top10,6,3143,SOLUSDT,val,2000.0,-11.32384375019907,12.155789500239077,136,0.554159966659467,True,0.4505,0.2735,0.27349999999999997,0.7265,0.7265,0.7215,8.5,4.0,6.463235294117647,4.0,5.0,0.8676470588235294,0.1323529411764706
sw_lints,hybrid,z72_a0p5_hybrid_corr5_bsstablehie5_top10,6,3143,SOLUSDT,val_first,,-3.3264345315524357,4.380104336707758,56,0.6346262890078574,True,,,,,,,9.0,4.0,7.803571428571429,4.0,5.0,0.8571428571428571,0.14285714285714285
sw_lints,hybrid,z72_a0p5_hybrid_corr5_bsstablehie5_top10,6,3143,SOLUSDT,val_second,,-8.272591560985553,8.942167991990868,80,0.5049519620252346,True,,,,,,,8.0,4.0,5.525,4.0,5.0,0.875,0.125
sw_lints,hybrid,z72_a0p5_hybrid_corr5_bsstablehie5_top10,7,3142,BTCUSDT,val,2000.0,-6.309509643801081,6.6462904651672154,153,0.6324505076868974,True,0.483,0.3075,0.3075,0.6925,0.6925,0.6875,8.0,4.0,6.130718954248366,4.0,5.0,0.9084967320261438,0.0915032679738562
sw_lints,hybrid,z72_a0p5_hybrid_corr5_bsstablehie5_top10,7,3142,BTCUSDT,val_first,,-0.6283438065405655,3.4738265675467894,77,0.8892458554909165,True,,,,,,,8.0,4.0,6.246753246753247,4.0,5.0,0.9090909090909091,0.09090909090909091
sw_lints,hybrid,z72_a0p5_hybrid_corr5_bsstablehie5_top10,7,3142,BTCUSDT,val_second,,-5.717088810717074,5.794225296589072,76,0.4174872806867797,True,,,,,,,7.0,4.0,6.0131578947368425,4.0,5.0,0.9078947368421053,0.09210526315789473
sw_lints,hybrid,z72_a0p5_hybrid_corr5_bsstablehie5_top10,7,3142,ETHUSDT,val,2000.0,-7.523744708493663,12.712756192181429,140,0.6266923788200423,True,0.502,0.28,0.28,0.72,0.72,0.718,8.0,4.0,7.171428571428572,4.0,5.0,0.85,0.15
sw_lints,hybrid,z72_a0p5_hybrid_corr5_bsstablehie5_top10,7,3142,ETHUSDT,val_first,,-4.736668266188038,6.650508859510518,80,0.579013486474692,True,,,,,,,8.0,4.0,6.6125,4.0,5.25,0.8375,0.1625
sw_lints,hybrid,z72_a0p5_hybrid_corr5_bsstablehie5_top10,7,3142,ETHUSDT,val_second,,-2.9256550149782456,8.734808078314105,59,0.680960904686161,True,,,,,,,8.5,4.0,7.983050847457627,4.0,5.0,0.864406779661017,0.13559322033898305
sw_lints,hybrid,z72_a0p5_hybrid_corr5_bsstablehie5_top10,7,3142,SOLUSDT,val,2000.0,-5.858224913667531,9.634809761247997,124,0.7299432910121302,True,0.4885,0.2495,0.24950000000000006,0.7505,0.7505,0.7475,9.0,4.0,7.846774193548387,4.0,7.0,0.8064516129032258,0.1935483870967742
sw_lints,hybrid,z72_a0p5_hybrid_corr5_bsstablehie5_top10,7,3142,SOLUSDT,val_first,,-2.4873007022442883,4.253718913359039,63,0.7401113658122157,True,,,,,,,10.0,4.0,9.079365079365079,4.0,10.0,0.7301587301587301,0.2698412698412698
sw_lints,hybrid,z72_a0p5_hybrid_corr5_bsstablehie5_top10,7,3142,SOLUSDT,val_second,,-3.4569079060462693,6.337408650674448,61,0.7225137682975957,True,,,,,,,9.0,4.0,6.573770491803279,4.0,5.0,0.8852459016393442,0.11475409836065574
sw_lints,hybrid,z72_a0p5_hybrid_corr5_bsstablehie5_top10,7,3143,BTCUSDT,val,2000.0,-7.4600084037192875,8.272153469872013,155,0.5831737777941404,True,0.4905,0.3115,0.3115,0.6885,0.6885,0.6835,8.0,4.0,6.070967741935484,4.0,5.0,0.9161290322580645,0.08387096774193549
sw_lints,hybrid,z72_a0p5_hybrid_corr5_bsstablehie5_top10,7,3143,BTCUSDT,val_first,,-3.53432697741044,5.816483770338731,79,0.6120277573316539,True,,,,,,,8.0,4.0,6.493670886075949,4.0,5.0,0.8987341772151899,0.10126582278481013
sw_lints,hybrid,z72_a0p5_hybrid_corr5_bsstablehie5_top10,7,3143,BTCUSDT,val_second,,-4.069511260642489,4.876122001795591,76,0.5501999773350679,True,,,,,,,9.0,4.0,5.631578947368421,4.0,5.0,0.9342105263157895,0.06578947368421052
sw_lints,hybrid,z72_a0p5_hybrid_corr5_bsstablehie5_top10,7,3143,ETHUSDT,val,2000.0,-0.3367511691094949,6.679060044954066,130,0.8999921213208631,True,0.469,0.26,0.26,0.74,0.74,0.7375,8.0,4.0,7.2153846153846155,4.0,5.0,0.8846153846153846,0.11538461538461539
sw_lints,hybrid,z72_a0p5_hybrid_corr5_bsstablehie5_top10,7,3143,ETHUSDT,val_first,,0.5821194462628743,2.2543218190083425,71,1.0269364183191048,True,,,,,,,8.0,4.0,5.563380281690141,4.0,5.0,0.9154929577464789,0.08450704225352113
sw_lints,hybrid,z72_a0p5_hybrid_corr5_bsstablehie5_top10,7,3143,ETHUSDT,val_second,,-0.9135526477579203,6.679060044954066,58,0.7917981193255546,True,,,,,,,8.0,4.0,8.655172413793103,4.0,5.75,0.8620689655172413,0.13793103448275862
sw_lints,hybrid,z72_a0p5_hybrid_corr5_bsstablehie5_top10,7,3143,SOLUSDT,val,2000.0,-9.56954974676002,10.838786370579257,139,0.623360445347462,True,0.486,0.2795,0.27949999999999997,0.7205,0.7205,0.716,8.0,4.0,6.899280575539568,4.0,6.0,0.8705035971223022,0.12949640287769784
sw_lints,hybrid,z72_a0p5_hybrid_corr5_bsstablehie5_top10,7,3143,SOLUSDT,val_first,,-1.4285325350601563,2.9759203878414575,69,0.8301527559282759,True,,,,,,,8.0,4.0,7.913043478260869,4.0,6.0,0.8115942028985508,0.18840579710144928
sw_lints,hybrid,z72_a0p5_hybrid_corr5_bsstablehie5_top10,7,3143,SOLUSDT,val_second,,-8.258999709622339,9.373644471556986,70,0.476097348466476,True,,,,,,,8.5,4.0,5.9,4.0,5.0,0.9285714285714286,0.07142857142857142
sw_lints,hybrid,z72_a0p5_hybrid_corr5_bsstablehie5_top10,8,3142,BTCUSDT,val,2000.0,-6.099357354093327,8.05081692440609,166,0.6744006066090422,True,0.539,0.3335,0.3335,0.6665,0.6665,0.6635,9.0,5.0,6.463855421686747,4.0,7.0,0.8614457831325302,0.13855421686746988
sw_lints,hybrid,z72_a0p5_hybrid_corr5_bsstablehie5_top10,8,3142,BTCUSDT,val_first,,-2.3359165452555564,5.265718102244388,96,0.7351623720664799,True,,,,,,,9.0,4.0,5.322916666666667,4.0,6.0,0.9270833333333334,0.07291666666666667
sw_lints,hybrid,z72_a0p5_hybrid_corr5_bsstablehie5_top10,8,3142,BTCUSDT,val_second,,-3.8534542850460207,5.9456428901279335,70,0.6168113140634816,True,,,,,,,11.0,6.0,8.028571428571428,4.0,9.0,0.7714285714285715,0.22857142857142856
sw_lints,hybrid,z72_a0p5_hybrid_corr5_bsstablehie5_top10,8,3142,ETHUSDT,val,2000.0,-3.5757781940682243,5.96493464692216,151,0.7937561027360565,True,0.441,0.302,0.30200000000000005,0.698,0.698,0.6955,9.0,4.0,5.8344370860927155,4.0,6.0,0.8874172185430463,0.11258278145695365
sw_lints,hybrid,z72_a0p5_hybrid_corr5_bsstablehie5_top10,8,3142,ETHUSDT,val_first,,-1.4484268065012573,3.400597004668038,67,0.7992941989683553,True,,,,,,,10.5,4.0,6.746268656716418,4.0,8.0,0.8059701492537313,0.19402985074626866
sw_lints,hybrid,z72_a0p5_hybrid_corr5_bsstablehie5_top10,8,3142,ETHUSDT,val_second,,-2.1586173803538,4.7041407268055835,84,0.7901610931190197,True,,,,,,,8.0,4.0,5.107142857142857,4.0,5.0,0.9523809523809523,0.047619047619047616
sw_lints,hybrid,z72_a0p5_hybrid_corr5_bsstablehie5_top10,8,3142,SOLUSDT,val,2000.0,-5.0828251406813685,10.373092303499465,194,0.7922499300463749,True,0.526,0.3875,0.38749999999999996,0.6125,0.6125,0.611,7.0,4.0,5.422680412371134,4.0,4.75,0.9226804123711341,0.07731958762886598
sw_lints,hybrid,z72_a0p5_hybrid_corr5_bsstablehie5_top10,8,3142,SOLUSDT,val_first,,3.595438992063449,2.5012427810648052,89,1.239343417909452,True,,,,,,,8.0,4.0,6.325842696629214,4.0,5.0,0.8764044943820225,0.12359550561797752
sw_lints,hybrid,z72_a0p5_hybrid_corr5_bsstablehie5_top10,8,3142,SOLUSDT,val_second,,-8.377071632863743,10.373092303499465,105,0.5397706990701996,True,,,,,,,7.0,4.0,4.6571428571428575,4.0,4.0,0.9619047619047619,0.0380952380952381
sw_lints,hybrid,z72_a0p5_hybrid_corr5_bsstablehie5_top10,8,3143,BTCUSDT,val,2000.0,-7.088751010737648,7.711037467829263,159,0.6083377991906499,True,0.548,0.3195,0.3195,0.6805,0.6805,0.6775,10.0,5.0,6.849056603773585,4.0,7.0,0.8553459119496856,0.14465408805031446
sw_lints,hybrid,z72_a0p5_hybrid_corr5_bsstablehie5_top10,8,3143,BTCUSDT,val_first,,-2.4200365579506777,4.575209252735757,86,0.725699545589628,True,,,,,,,9.0,4.5,6.0813953488372094,4.0,6.0,0.8953488372093024,0.10465116279069768
sw_lints,hybrid,z72_a0p5_hybrid_corr5_bsstablehie5_top10,8,3143,BTCUSDT,val_second,,-4.784501129229901,5.422220631411512,72,0.49510538485280503,True,,,,,,,11.0,5.0,7.791666666666667,4.0,8.25,0.8055555555555556,0.19444444444444445
sw_lints,hybrid,z72_a0p5_hybrid_corr5_bsstablehie5_top10,8,3143,ETHUSDT,val,2000.0,-11.971235877405018,13.212409273394499,159,0.5221162907293239,True,0.419,0.3185,0.3185,0.6815,0.6815,0.679,8.0,4.0,5.2578616352201255,4.0,5.0,0.9182389937106918,0.08176100628930817
sw_lints,hybrid,z72_a0p5_hybrid_corr5_bsstablehie5_top10,8,3143,ETHUSDT,val_first,,-5.541051204216063,6.467121779279939,78,0.5094143977855866,True,,,,,,,9.0,4.0,5.358974358974359,4.0,5.0,0.8974358974358975,0.10256410256410256
sw_lints,hybrid,z72_a0p5_hybrid_corr5_bsstablehie5_top10,8,3143,ETHUSDT,val_second,,-6.807385382925169,8.36574540750159,81,0.5318474908238537,True,,,,,,,7.0,4.0,5.160493827160494,4.0,5.0,0.9382716049382716,0.06172839506172839
sw_lints,hybrid,z72_a0p5_hybrid_corr5_bsstablehie5_top10,8,3143,SOLUSDT,val,2000.0,-0.6578536874155549,7.100979373659788,196,0.9319713083500473,True,0.5055,0.392,0.392,0.608,0.608,0.603,7.0,4.0,5.158163265306122,4.0,5.0,0.9438775510204082,0.05612244897959184
sw_lints,hybrid,z72_a0p5_hybrid_corr5_bsstablehie5_top10,8,3143,SOLUSDT,val_first,,1.8620791443781481,3.0090440328255696,118,1.1029313755495758,True,,,,,,,7.0,4.0,4.923728813559322,4.0,4.0,0.9576271186440678,0.0423728813559322
sw_lints,hybrid,z72_a0p5_hybrid_corr5_bsstablehie5_top10,8,3143,SOLUSDT,val_second,,-2.4738674617292733,7.100979373659788,78,0.7736701532625909,True,,,,,,,7.0,4.0,5.512820512820513,4.0,5.0,0.9230769230769231,0.07692307692307693
sw_lints,hybrid,z72_a0p5_hybrid_corr5_bsstablehie5_top10,9,3142,BTCUSDT,val,2000.0,-5.074166227233379,7.015253560603019,106,0.5995701629565844,True,0.3765,0.2135,0.21350000000000002,0.7865,0.7865,0.7835,9.0,4.0,7.028301886792453,4.0,5.0,0.8773584905660378,0.12264150943396226
sw_lints,hybrid,z72_a0p5_hybrid_corr5_bsstablehie5_top10,9,3142,BTCUSDT,val_first,,-1.5094488717962928,2.7296951523750335,40,0.6785312244612914,True,,,,,,,12.0,4.0,7.85,4.0,7.5,0.775,0.225
sw_lints,hybrid,z72_a0p5_hybrid_corr5_bsstablehie5_top10,9,3142,BTCUSDT,val_second,,-3.6193495869435655,5.747944960383011,66,0.5452796849696707,True,,,,,,,7.0,4.0,6.53030303030303,4.0,4.0,0.9393939393939394,0.06060606060606061
sw_lints,hybrid,z72_a0p5_hybrid_corr5_bsstablehie5_top10,9,3142,ETHUSDT,val,2000.0,-0.9796331822539361,7.552847493138437,101,0.8575547136104349,True,0.4295,0.2035,0.20350000000000001,0.7965,0.7965,0.7915,9.0,4.0,8.089108910891088,4.0,6.0,0.801980198019802,0.19801980198019803
sw_lints,hybrid,z72_a0p5_hybrid_corr5_bsstablehie5_top10,9,3142,ETHUSDT,val_first,,-0.9085053958721168,3.6210701709165294,50,0.8248583378111997,True,,,,,,,9.0,4.0,8.04,4.0,5.0,0.84,0.16
sw_lints,hybrid,z72_a0p5_hybrid_corr5_bsstablehie5_top10,9,3142,ETHUSDT,val_second,,-0.0717799107440853,7.075355752305934,51,0.881012455633396,True,,,,,,,7.0,4.0,8.137254901960784,4.0,8.0,0.7647058823529411,0.23529411764705882
sw_lints,hybrid,z72_a0p5_hybrid_corr5_bsstablehie5_top10,9,3142,SOLUSDT,val,2000.0,1.36926684275831,6.107582421014879,104,1.0402373581625584,True,0.3625,0.2095,0.20950000000000002,0.7905,0.7905,0.7855,8.0,4.0,6.1923076923076925,4.0,4.0,0.8846153846153846,0.11538461538461539
sw_lints,hybrid,z72_a0p5_hybrid_corr5_bsstablehie5_top10,9,3142,SOLUSDT,val_first,,0.922766996842217,2.968306879705074,67,1.072679023879242,True,,,,,,,7.0,4.0,5.014925373134329,4.0,4.0,0.9402985074626866,0.05970149253731343
sw_lints,hybrid,z72_a0p5_hybrid_corr5_bsstablehie5_top10,9,3142,SOLUSDT,val_second,,0.44241736448829005,5.811667708669632,37,1.007845530303199,True,,,,,,,10.0,4.0,8.324324324324325,4.0,5.0,0.7837837837837838,0.21621621621621623
sw_lints,hybrid,z72_a0p5_hybrid_corr5_bsstablehie5_top10,9,3143,BTCUSDT,val,2000.0,-5.9066588297864815,7.241500952756342,120,0.5733014660886635,True,0.377,0.2415,0.24150000000000005,0.7585,0.7585,0.7555,9.0,4.0,6.241666666666666,4.0,5.0,0.85,0.15
sw_lints,hybrid,z72_a0p5_hybrid_corr5_bsstablehie5_top10,9,3143,BTCUSDT,val_first,,-3.090632412383254,4.0350109853175775,52,0.4994594054923846,True,,,,,,,9.0,4.0,6.346153846153846,4.0,5.0,0.8653846153846154,0.1346153846153846
sw_lints,hybrid,z72_a0p5_hybrid_corr5_bsstablehie5_top10,9,3143,BTCUSDT,val_second,,-2.9058350988176884,4.519117928276561,68,0.63414678185487,True,,,,,,,9.0,4.0,6.161764705882353,4.0,5.0,0.8382352941176471,0.16176470588235295
sw_lints,hybrid,z72_a0p5_hybrid_corr5_bsstablehie5_top10,9,3143,ETHUSDT,val,2000.0,1.3086652092478168,6.2822148635336195,97,1.012278915103981,True,0.3615,0.1955,0.1955,0.8045,0.8045,0.803,11.0,4.0,7.402061855670103,4.0,6.0,0.8247422680412371,0.17525773195876287
sw_lints,hybrid,z72_a0p5_hybrid_corr5_bsstablehie5_top10,9,3143,ETHUSDT,val_first,,-2.7039402211690655,3.8621054185436376,47,0.5469210026164534,True,,,,,,,11.0,4.0,6.0212765957446805,4.0,5.0,0.851063829787234,0.14893617021276595
sw_lints,hybrid,z72_a0p5_hybrid_corr5_bsstablehie5_top10,9,3143,ETHUSDT,val_second,,4.124119146796046,4.02324625995969,49,1.4476127366678058,True,,,,,,,11.0,4.0,8.795918367346939,4.0,9.0,0.7959183673469388,0.20408163265306123
sw_lints,hybrid,z72_a0p5_hybrid_corr5_bsstablehie5_top10,9,3143,SOLUSDT,val,2000.0,-11.327712570834937,13.199435506721136,124,0.5227049800939698,True,0.395,0.2495,0.24950000000000006,0.7505,0.7505,0.7455,7.0,4.0,6.0,4.0,4.0,0.9274193548387096,0.07258064516129033
sw_lints,hybrid,z72_a0p5_hybrid_corr5_bsstablehie5_top10,9,3143,SOLUSDT,val_first,,-3.1582365737724882,4.682363659136557,64,0.7288229669831515,True,,,,,,,7.0,4.0,4.78125,4.0,4.0,0.9375,0.0625
sw_lints,hybrid,z72_a0p5_hybrid_corr5_bsstablehie5_top10,9,3143,SOLUSDT,val_second,,-8.435901730853779,9.727440942782017,59,0.45126263838789754,True,,,,,,,7.0,4.0,5.745762711864407,4.0,5.0,0.9322033898305084,0.06779661016949153
sw_lints,hybrid,z72_a0p5_hybrid_corr5_bsstablehie5_top10,10,3142,BTCUSDT,val,2000.0,-5.391694470825525,5.429437995381125,183,0.6845728395547177,True,0.507,0.366,0.366,0.634,0.634,0.6305,8.0,4.0,5.540983606557377,4.0,5.0,0.9180327868852459,0.08196721311475409
sw_lints,hybrid,z72_a0p5_hybrid_corr5_bsstablehie5_top10,10,3142,BTCUSDT,val_first,,-0.6386268759642544,2.5008610721338087,87,0.8966065395278513,True,,,,,,,8.0,4.0,5.839080459770115,4.0,5.5,0.8850574712643678,0.11494252873563218
sw_lints,hybrid,z72_a0p5_hybrid_corr5_bsstablehie5_top10,10,3142,BTCUSDT,val_second,,-4.783617059043543,5.15113925040136,96,0.502965596444575,True,,,,,,,8.0,4.0,5.270833333333333,4.0,5.0,0.9479166666666666,0.052083333333333336
sw_lints,hybrid,z72_a0p5_hybrid_corr5_bsstablehie5_top10,10,3142,ETHUSDT,val,2000.0,-13.50080968531213,16.17637727030681,138,0.4507814645661664,True,0.475,0.2775,0.27749999999999997,0.7225,0.7225,0.721,9.0,4.5,6.855072463768116,4.0,7.0,0.8478260869565217,0.15217391304347827
sw_lints,hybrid,z72_a0p5_hybrid_corr5_bsstablehie5_top10,10,3142,ETHUSDT,val_first,,-6.510064934055848,6.759054140841503,74,0.4438506307511194,True,,,,,,,9.0,4.5,6.6891891891891895,4.0,7.0,0.8378378378378378,0.16216216216216217
sw_lints,hybrid,z72_a0p5_hybrid_corr5_bsstablehie5_top10,10,3142,ETHUSDT,val_second,,-7.477537283906854,10.557910982986307,64,0.45650104606827974,True,,,,,,,9.0,4.5,7.046875,4.0,7.0,0.859375,0.140625
sw_lints,hybrid,z72_a0p5_hybrid_corr5_bsstablehie5_top10,10,3142,SOLUSDT,val,2000.0,-9.854030534161451,12.856136018231934,157,0.6128909138752142,True,0.504,0.3155,0.3155,0.6845,0.6845,0.6815,8.0,4.0,6.388535031847134,4.0,5.0,0.9044585987261147,0.09554140127388536
sw_lints,hybrid,z72_a0p5_hybrid_corr5_bsstablehie5_top10,10,3142,SOLUSDT,val_first,,-2.283262471820535,5.5233338100011515,74,0.7638910699745413,True,,,,,,,8.5,4.0,7.135135135135135,4.0,5.75,0.8918918918918919,0.10810810810810811
sw_lints,hybrid,z72_a0p5_hybrid_corr5_bsstablehie5_top10,10,3142,SOLUSDT,val_second,,-7.747667650240231,9.489472210143667,83,0.5115669031502452,True,,,,,,,8.0,4.0,5.72289156626506,4.0,5.0,0.9156626506024096,0.08433734939759036
sw_lints,hybrid,z72_a0p5_hybrid_corr5_bsstablehie5_top10,10,3143,BTCUSDT,val,2000.0,-6.409934296296238,6.524919513745275,178,0.631970910683058,True,0.5085,0.3575,0.35750000000000004,0.6425,0.6425,0.638,8.0,4.0,5.640449438202247,4.0,6.0,0.9269662921348315,0.07303370786516854
sw_lints,hybrid,z72_a0p5_hybrid_corr5_bsstablehie5_top10,10,3143,BTCUSDT,val_first,,-0.9993560424054415,2.0897435493590133,76,0.8380170511565634,True,,,,,,,9.0,5.0,6.355263157894737,4.0,7.0,0.868421052631579,0.13157894736842105
sw_lints,hybrid,z72_a0p5_hybrid_corr5_bsstablehie5_top10,10,3143,BTCUSDT,val_second,,-5.465195010457046,5.628491257132073,102,0.4877073463022969,True,,,,,,,8.0,4.0,5.107843137254902,4.0,5.0,0.9705882352941176,0.029411764705882353
sw_lints,hybrid,z72_a0p5_hybrid_corr5_bsstablehie5_top10,10,3143,ETHUSDT,val,2000.0,-9.1143614964727,13.850284117945854,136,0.5787046340540435,True,0.4705,0.2735,0.27349999999999997,0.7265,0.7265,0.724,9.0,5.0,6.889705882352941,4.0,7.0,0.8235294117647058,0.17647058823529413
sw_lints,hybrid,z72_a0p5_hybrid_corr5_bsstablehie5_top10,10,3143,ETHUSDT,val_first,,-3.3105348224568676,5.121589504228307,73,0.6609796295206054,True,,,,,,,9.0,5.0,6.602739726027397,4.0,6.0,0.7945205479452054,0.2054794520547945
sw_lints,hybrid,z72_a0p5_hybrid_corr5_bsstablehie5_top10,10,3143,ETHUSDT,val_second,,-6.002542948560863,10.995226734960395,62,0.5266620829867872,True,,,,,,,9.5,5.0,7.258064516129032,4.0,7.0,0.8548387096774194,0.14516129032258066
sw_lints,hybrid,z72_a0p5_hybrid_corr5_bsstablehie5_top10,10,3143,SOLUSDT,val,2000.0,-8.315397088313158,11.793212281467957,163,0.70516275052695,True,0.508,0.3275,0.3275,0.6725,0.6725,0.6675,8.0,4.0,5.7975460122699385,4.0,5.0,0.9079754601226994,0.09202453987730061
sw_lints,hybrid,z72_a0p5_hybrid_corr5_bsstablehie5_top10,10,3143,SOLUSDT,val_first,,-2.7505254677566926,5.133320761776849,90,0.7738903963100447,True,,,,,,,7.0,4.0,5.666666666666667,4.0,4.0,0.9222222222222223,0.07777777777777778
sw_lints,hybrid,z72_a0p5_hybrid_corr5_bsstablehie5_top10,10,3143,SOLUSDT,val_second,,-5.722263947772211,8.31141997146414,73,0.6432917993672306,True,,,,,,,9.0,4.0,5.958904109589041,4.0,6.0,0.8904109589041096,0.1095890410958904
sw_lints,hybrid,z72_a0p5_hybrid_corr5_bsstablehie5_top10,11,3142,BTCUSDT,val,2000.0,-8.423625713302895,8.996631428040857,141,0.4767549561345364,True,0.419,0.2835,0.2835,0.7165,0.7165,0.7115,7.0,4.0,5.787234042553192,4.0,5.0,0.8652482269503546,0.1347517730496454
sw_lints,hybrid,z72_a0p5_hybrid_corr5_bsstablehie5_top10,11,3142,BTCUSDT,val_first,,-4.804021718367057,5.338059211284218,67,0.3838123901942398,True,,,,,,,6.5,4.0,5.17910447761194,4.0,4.0,0.9104477611940298,0.08955223880597014
sw_lints,hybrid,z72_a0p5_hybrid_corr5_bsstablehie5_top10,11,3142,BTCUSDT,val_second,,-3.802265663185278,4.604369100092088,74,0.566644614358113,True,,,,,,,7.5,4.0,6.337837837837838,4.0,5.0,0.8243243243243243,0.17567567567567569
sw_lints,hybrid,z72_a0p5_hybrid_corr5_bsstablehie5_top10,11,3142,ETHUSDT,val,2000.0,-4.079764809827669,8.515410533298562,117,0.7211482764365476,True,0.405,0.2355,0.23550000000000004,0.7645,0.7645,0.7595,8.0,4.0,6.085470085470085,4.0,4.0,0.8803418803418803,0.11965811965811966
sw_lints,hybrid,z72_a0p5_hybrid_corr5_bsstablehie5_top10,11,3142,ETHUSDT,val_first,,-3.0594809117580613,4.143374901721941,53,0.5891706702010049,True,,,,,,,9.0,4.0,7.6415094339622645,4.0,5.0,0.7924528301886793,0.20754716981132076
sw_lints,hybrid,z72_a0p5_hybrid_corr5_bsstablehie5_top10,11,3142,ETHUSDT,val_second,,-1.0524844591979887,5.858097990014088,64,0.8279202521075527,True,,,,,,,7.0,4.0,4.796875,4.0,4.0,0.953125,0.046875
sw_lints,hybrid,z72_a0p5_hybrid_corr5_bsstablehie5_top10,11,3142,SOLUSDT,val,2000.0,-2.940629490138047,9.470343420493876,107,0.8141796477131068,True,0.5055,0.2155,0.21550000000000002,0.7845,0.7845,0.7795,9.0,4.0,8.785046728971963,4.0,4.5,0.8878504672897196,0.11214953271028037
sw_lints,hybrid,z72_a0p5_hybrid_corr5_bsstablehie5_top10,11,3142,SOLUSDT,val_first,,1.9574920727899237,1.9016954849420897,62,1.2183588543539325,True,,,,,,,9.0,4.0,6.935483870967742,4.0,4.0,0.9032258064516129,0.0967741935483871
sw_lints,hybrid,z72_a0p5_hybrid_corr5_bsstablehie5_top10,11,3142,SOLUSDT,val_second,,-4.8040820378664195,8.736212093642104,44,0.6058221002821916,True,,,,,,,7.5,4.0,11.5,4.0,5.25,0.8636363636363636,0.13636363636363635
sw_lints,hybrid,z72_a0p5_hybrid_corr5_bsstablehie5_top10,11,3143,BTCUSDT,val,2000.0,-5.066241985823295,6.0139825319668,124,0.6050225754115295,True,0.414,0.2495,0.24950000000000006,0.7505,0.7505,0.749,8.0,4.0,6.637096774193548,4.0,5.0,0.8629032258064516,0.13709677419354838
sw_lints,hybrid,z72_a0p5_hybrid_corr5_bsstablehie5_top10,11,3143,BTCUSDT,val_first,,0.17819957236744344,2.2749604358642816,41,1.0002432694906707,True,,,,,,,8.0,4.0,8.75609756097561,4.0,6.0,0.7804878048780488,0.21951219512195122
sw_lints,hybrid,z72_a0p5_hybrid_corr5_bsstablehie5_top10,11,3143,BTCUSDT,val_second,,-5.235112609906933,5.825677223981696,83,0.39467877483222685,True,,,,,,,8.0,4.0,5.590361445783133,4.0,4.0,0.9036144578313253,0.0963855421686747
sw_lints,hybrid,z72_a0p5_hybrid_corr5_bsstablehie5_top10,11,3143,ETHUSDT,val,2000.0,-5.911696908727182,11.717812815243677,113,0.6577015046494312,True,0.3765,0.2275,0.22750000000000004,0.7725,0.7725,0.7695,9.0,4.0,6.610619469026549,4.0,5.0,0.8495575221238938,0.1504424778761062
sw_lints,hybrid,z72_a0p5_hybrid_corr5_bsstablehie5_top10,11,3143,ETHUSDT,val_first,,-3.489708506910405,4.471623539247882,64,0.5878950137123697,True,,,,,,,9.0,4.0,5.9375,4.0,6.0,0.828125,0.171875
sw_lints,hybrid,z72_a0p5_hybrid_corr5_bsstablehie5_top10,11,3143,ETHUSDT,val_second,,-2.5095649016770416,8.644478244766141,49,0.7158620764185109,True,,,,,,,9.0,4.0,7.489795918367347,4.0,5.0,0.8775510204081632,0.12244897959183673
sw_lints,hybrid,z72_a0p5_hybrid_corr5_bsstablehie5_top10,11,3143,SOLUSDT,val,2000.0,-6.108871352308764,11.124395140793986,136,0.7240099168166209,True,0.516,0.2735,0.27349999999999997,0.7265,0.7265,0.7215,8.0,4.0,7.286764705882353,4.0,5.0,0.8676470588235294,0.1323529411764706
sw_lints,hybrid,z72_a0p5_hybrid_corr5_bsstablehie5_top10,11,3143,SOLUSDT,val_first,,-2.5033521609664766,5.626740773142281,98,0.7843323821983768,True,,,,,,,7.0,4.0,5.448979591836735,4.0,5.0,0.8979591836734694,0.10204081632653061
sw_lints,hybrid,z72_a0p5_hybrid_corr5_bsstablehie5_top10,11,3143,SOLUSDT,val_second,,-3.698095546110458,7.789825821158902,38,0.6525117098970934,True,,,,,,,11.0,4.0,12.026315789473685,4.0,7.0,0.7894736842105263,0.21052631578947367
sw_lints,hybrid,z72_a0p5_hybrid_corr5_bsstablehie5_top10,12,3142,BTCUSDT,val,2000.0,-8.326016943839122,9.579433666810889,126,0.49271643683533617,True,0.446,0.2535,0.25349999999999995,0.7465,0.7465,0.7415,7.5,4.0,6.9523809523809526,4.0,5.0,0.8492063492063492,0.15079365079365079
sw_lints,hybrid,z72_a0p5_hybrid_corr5_bsstablehie5_top10,12,3142,BTCUSDT,val_first,,-4.937838419029061,5.57644905823742,57,0.3828185862613758,True,,,,,,,6.0,4.0,5.631578947368421,4.0,4.0,0.8771929824561403,0.12280701754385964
sw_lints,hybrid,z72_a0p5_hybrid_corr5_bsstablehie5_top10,12,3142,BTCUSDT,val_second,,-3.5641715572858224,5.26025386818697,68,0.5955790362347675,True,,,,,,,9.0,4.0,8.058823529411764,4.0,6.0,0.8235294117647058,0.17647058823529413
sw_lints,hybrid,z72_a0p5_hybrid_corr5_bsstablehie5_top10,12,3142,ETHUSDT,val,2000.0,-3.4516821333391956,8.853284506557069,96,0.7597365275299933,True,0.394,0.1935,0.1935,0.8065,0.8065,0.8035,9.5,4.0,8.135416666666666,4.0,7.0,0.7916666666666666,0.20833333333333334
sw_lints,hybrid,z72_a0p5_hybrid_corr5_bsstablehie5_top10,12,3142,ETHUSDT,val_first,,0.8578958908010303,1.5975350917330045,30,1.1236231171614333,True,,,,,,,23.0,14.0,13.533333333333333,4.0,18.75,0.4666666666666667,0.5333333333333333
sw_lints,hybrid,z72_a0p5_hybrid_corr5_bsstablehie5_top10,12,3142,ETHUSDT,val_second,,-4.272920812076242,8.703234358358047,66,0.6366090787916191,True,,,,,,,7.0,4.0,5.681818181818182,4.0,4.0,0.9393939393939394,0.06060606060606061
sw_lints,hybrid,z72_a0p5_hybrid_corr5_bsstablehie5_top10,12,3142,SOLUSDT,val,2000.0,-3.5662358486355905,7.605956959138627,122,0.8004373201396862,True,0.4225,0.2455,0.24550000000000005,0.7545,0.7545,0.7495,7.0,4.0,6.352459016393443,4.0,4.0,0.9016393442622951,0.09836065573770492
sw_lints,hybrid,z72_a0p5_hybrid_corr5_bsstablehie5_top10,12,3142,SOLUSDT,val_first,,2.7493354190208263,1.813296049803248,73,1.2563012052910185,True,,,,,,,7.0,4.0,6.0,4.0,4.0,0.9178082191780822,0.0821917808219178
sw_lints,hybrid,z72_a0p5_hybrid_corr5_bsstablehie5_top10,12,3142,SOLUSDT,val_second,,-6.146581135440876,7.0229452476191945,49,0.5076444234590183,True,,,,,,,7.0,4.0,6.877551020408164,4.0,4.0,0.8775510204081632,0.12244897959183673
sw_lints,hybrid,z72_a0p5_hybrid_corr5_bsstablehie5_top10,12,3143,BTCUSDT,val,2000.0,-5.564225722413552,7.050897592630633,108,0.5873079915133181,True,0.4185,0.2175,0.21750000000000003,0.7825,0.7825,0.7775,9.0,4.0,7.564814814814815,4.0,6.25,0.8333333333333334,0.16666666666666666
sw_lints,hybrid,z72_a0p5_hybrid_corr5_bsstablehie5_top10,12,3143,BTCUSDT,val_first,,-3.921756474427185,4.352712245784307,52,0.4005952088815191,True,,,,,,,9.0,4.0,6.480769230769231,4.0,7.0,0.8461538461538461,0.15384615384615385
sw_lints,hybrid,z72_a0p5_hybrid_corr5_bsstablehie5_top10,12,3143,BTCUSDT,val_second,,-1.7095121514676737,3.4952667259792736,56,0.7714299703740451,True,,,,,,,9.0,4.0,8.571428571428571,4.0,5.25,0.8214285714285714,0.17857142857142858
sw_lints,hybrid,z72_a0p5_hybrid_corr5_bsstablehie5_top10,12,3143,ETHUSDT,val,2000.0,0.27089276787775063,5.69195544555019,103,0.9827469696228172,True,0.3925,0.2075,0.20750000000000002,0.7925,0.7925,0.7895,7.0,4.0,7.553398058252427,4.0,5.5,0.8252427184466019,0.17475728155339806
sw_lints,hybrid,z72_a0p5_hybrid_corr5_bsstablehie5_top10,12,3143,ETHUSDT,val_first,,1.291744806744699,1.6603180014244878,33,1.254185540439315,True,,,,,,,15.0,6.0,11.121212121212121,4.0,13.0,0.6363636363636364,0.36363636363636365
sw_lints,hybrid,z72_a0p5_hybrid_corr5_bsstablehie5_top10,12,3143,ETHUSDT,val_second,,-1.0078334032202152,5.539004641033385,69,0.893693637505713,True,,,,,,,6.0,4.0,5.898550724637682,4.0,4.0,0.9130434782608695,0.08695652173913043
sw_lints,hybrid,z72_a0p5_hybrid_corr5_bsstablehie5_top10,12,3143,SOLUSDT,val,2000.0,-2.3573032334917254,5.569494486851944,133,0.8742328008635822,True,0.449,0.2675,0.26749999999999996,0.7325,0.7325,0.7275,9.0,4.0,6.511278195488722,4.0,5.0,0.8872180451127819,0.11278195488721804
sw_lints,hybrid,z72_a0p5_hybrid_corr5_bsstablehie5_top10,12,3143,SOLUSDT,val_first,,-0.8129519281120268,4.050228192301164,73,0.8767905781502068,True,,,,,,,9.0,4.0,6.945205479452055,4.0,5.0,0.8904109589041096,0.1095890410958904
sw_lints,hybrid,z72_a0p5_hybrid_corr5_bsstablehie5_top10,12,3143,SOLUSDT,val_second,,-1.5570090403944525,5.155832149542572,60,0.8715607581084776,True,,,,,,,8.0,4.0,5.983333333333333,4.0,4.0,0.8833333333333333,0.11666666666666667
sw_lints,hybrid,z72_a0p5_hybrid_corr5_bsstablehie5_top10,13,3142,BTCUSDT,val,2000.0,-1.8515834576477541,4.974414471520849,69,0.7433535072581532,True,0.3795,0.1375,0.13749999999999996,0.8625,0.8625,0.8575,16.0,5.0,11.0,4.0,10.0,0.7246376811594203,0.2753623188405797
sw_lints,hybrid,z72_a0p5_hybrid_corr5_bsstablehie5_top10,13,3142,BTCUSDT,val_first,,1.9073736375278205,1.0437110656583037,26,1.9889934772374502,True,,,,,,,23.0,8.0,10.26923076923077,4.0,13.75,0.5769230769230769,0.4230769230769231
sw_lints,hybrid,z72_a0p5_hybrid_corr5_bsstablehie5_top10,13,3142,BTCUSDT,val_second,,-3.68860167915398,4.746182495728091,43,0.41573818956557496,True,,,,,,,9.5,4.0,11.44186046511628,4.0,6.5,0.813953488372093,0.18604651162790697
sw_lints,hybrid,z72_a0p5_hybrid_corr5_bsstablehie5_top10,13,3142,ETHUSDT,val,2000.0,-0.8466636603371103,5.2224653723051855,129,0.9027321466156147,True,0.3505,0.2575,0.25749999999999995,0.7425,0.7425,0.741,9.0,4.0,5.434108527131783,4.0,5.0,0.9302325581395349,0.06976744186046512
sw_lints,hybrid,z72_a0p5_hybrid_corr5_bsstablehie5_top10,13,3142,ETHUSDT,val_first,,0.040241335451374205,1.7124212195759658,66,0.9672896780292141,True,,,,,,,10.0,4.0,5.606060606060606,4.0,5.0,0.9090909090909091,0.09090909090909091
sw_lints,hybrid,z72_a0p5_hybrid_corr5_bsstablehie5_top10,13,3142,ETHUSDT,val_second,,-0.8865482369385225,4.602442662766482,63,0.8665499137154237,True,,,,,,,8.0,4.0,5.253968253968254,4.0,4.0,0.9523809523809523,0.047619047619047616
sw_lints,hybrid,z72_a0p5_hybrid_corr5_bsstablehie5_top10,13,3142,SOLUSDT,val,2000.0,-8.072875583439332,9.522400807092769,126,0.6224148609205103,True,0.36,0.252,0.252,0.748,0.748,0.7465,7.0,4.0,5.714285714285714,4.0,4.0,0.9285714285714286,0.07142857142857142
sw_lints,hybrid,z72_a0p5_hybrid_corr5_bsstablehie5_top10,13,3142,SOLUSDT,val_first,,-4.283261035555119,4.712133528401918,69,0.6184737287203725,True,,,,,,,7.0,4.0,5.840579710144928,4.0,4.0,0.9420289855072463,0.057971014492753624
sw_lints,hybrid,z72_a0p5_hybrid_corr5_bsstablehie5_top10,13,3142,SOLUSDT,val_second,,-3.9591973032970906,5.750550529787512,57,0.6266144782779172,True,,,,,,,8.5,4.0,5.56140350877193,4.0,4.0,0.9122807017543859,0.08771929824561403
sw_lints,hybrid,z72_a0p5_hybrid_corr5_bsstablehie5_top10,13,3143,BTCUSDT,val,2000.0,-0.9313105059841176,3.3858823488324696,47,0.8223174272194741,True,0.3535,0.0955,0.09550000000000003,0.9045,0.9045,0.8995,34.0,8.0,13.872340425531915,4.0,19.0,0.5531914893617021,0.44680851063829785
sw_lints,hybrid,z72_a0p5_hybrid_corr5_bsstablehie5_top10,13,3143,BTCUSDT,val_first,,0.8271097490567758,1.1419743165412388,24,1.3880416004867207,True,,,,,,,34.0,7.5,11.666666666666666,4.0,16.75,0.5833333333333334,0.4166666666666667
sw_lints,hybrid,z72_a0p5_hybrid_corr5_bsstablehie5_top10,13,3143,BTCUSDT,val_second,,-1.743995498251738,3.1820208749318346,23,0.5106116136489464,True,,,,,,,32.0,9.0,16.17391304347826,4.5,25.0,0.5217391304347826,0.4782608695652174
sw_lints,hybrid,z72_a0p5_hybrid_corr5_bsstablehie5_top10,13,3143,ETHUSDT,val,2000.0,-4.034334031430276,6.612128914891491,75,0.6531638141797359,True,0.2995,0.1495,0.14949999999999997,0.8505,0.8505,0.849,10.0,4.0,7.986666666666666,4.0,7.0,0.8266666666666667,0.17333333333333334
sw_lints,hybrid,z72_a0p5_hybrid_corr5_bsstablehie5_top10,13,3143,ETHUSDT,val_first,,0.6686373894180031,1.809433415213002,25,1.1203697992994723,True,,,,,,,27.5,7.0,13.68,4.0,22.0,0.64,0.36
sw_lints,hybrid,z72_a0p5_hybrid_corr5_bsstablehie5_top10,13,3143,ETHUSDT,val_second,,-4.671734457530907,6.106796143279325,50,0.4876783432552214,True,,,,,,,6.0,4.0,5.14,4.0,4.0,0.92,0.08
sw_lints,hybrid,z72_a0p5_hybrid_corr5_bsstablehie5_top10,13,3143,SOLUSDT,val,2000.0,-8.628486384108724,10.002452354858649,152,0.6444485094829181,True,0.3895,0.3055,0.3055,0.6945,0.6945,0.693,7.0,4.0,5.098684210526316,4.0,4.0,0.9605263157894737,0.039473684210526314
sw_lints,hybrid,z72_a0p5_hybrid_corr5_bsstablehie5_top10,13,3143,SOLUSDT,val_first,,-1.9192068507004167,4.187612052713496,73,0.7975351900527512,True,,,,,,,7.0,4.0,5.8493150684931505,4.0,4.0,0.9315068493150684,0.0684931506849315
sw_lints,hybrid,z72_a0p5_hybrid_corr5_bsstablehie5_top10,13,3143,SOLUSDT,val_second,,-6.840564108403335,8.492279389608736,79,0.5026974906019243,True,,,,,,,7.0,4.0,4.405063291139241,4.0,4.0,0.9873417721518988,0.012658227848101266
sw_lints,hybrid,z72_a0p5_hybrid_corr5_bsstablehie5_top10,14,3142,BTCUSDT,val,2000.0,-3.2103747922494486,5.727142080562375,117,0.7571318073451057,True,0.586,0.2355,0.23550000000000004,0.7645,0.7645,0.7595,7.0,4.0,9.606837606837606,4.0,6.0,0.8290598290598291,0.17094017094017094
sw_lints,hybrid,z72_a0p5_hybrid_corr5_bsstablehie5_top10,14,3142,BTCUSDT,val_first,,0.5515399965945855,2.173009067537335,32,1.047606450730391,True,,,,,,,22.5,5.0,14.03125,4.0,20.0,0.65625,0.34375
sw_lints,hybrid,z72_a0p5_hybrid_corr5_bsstablehie5_top10,14,3142,BTCUSDT,val_second,,-3.7412801325285017,5.727142080562375,84,0.6661549838130139,True,,,,,,,6.0,4.0,6.940476190476191,4.0,4.0,0.9047619047619048,0.09523809523809523
sw_lints,hybrid,z72_a0p5_hybrid_corr5_bsstablehie5_top10,14,3142,ETHUSDT,val,2000.0,-2.263891731411416,6.37083312900435,69,0.7640899058885716,True,0.3595,0.1395,0.13949999999999996,0.8605,0.8605,0.859,10.0,4.0,10.347826086956522,4.0,9.0,0.7536231884057971,0.2463768115942029
sw_lints,hybrid,z72_a0p5_hybrid_corr5_bsstablehie5_top10,14,3142,ETHUSDT,val_first,,0.12925840638344788,1.96289912273232,22,0.8595879991330084,True,,,,,,,22.0,5.0,10.590909090909092,4.0,10.75,0.6818181818181818,0.3181818181818182
sw_lints,hybrid,z72_a0p5_hybrid_corr5_bsstablehie5_top10,14,3142,ETHUSDT,val_second,,-2.3900607833147625,6.37083312900435,46,0.8111425720215898,True,,,,,,,6.5,4.0,8.173913043478262,4.0,4.75,0.8043478260869565,0.1956521739130435
sw_lints,hybrid,z72_a0p5_hybrid_corr5_bsstablehie5_top10,14,3142,SOLUSDT,val,2000.0,-5.010963818446412,7.948274480211803,113,0.7379504032232949,True,0.4565,0.2275,0.22750000000000004,0.7725,0.7725,0.7675,7.0,4.0,7.451327433628318,4.0,4.0,0.9026548672566371,0.09734513274336283
sw_lints,hybrid,z72_a0p5_hybrid_corr5_bsstablehie5_top10,14,3142,SOLUSDT,val_first,,1.639269119857567,3.1906007208590714,68,1.1170441098952557,True,,,,,,,7.0,4.0,7.588235294117647,4.0,4.0,0.9411764705882353,0.058823529411764705
sw_lints,hybrid,z72_a0p5_hybrid_corr5_bsstablehie5_top10,14,3142,SOLUSDT,val_second,,-6.542975953970831,7.266344631654686,45,0.4557045878891944,True,,,,,,,7.0,4.0,7.2444444444444445,4.0,7.0,0.8444444444444444,0.15555555555555556
sw_lints,hybrid,z72_a0p5_hybrid_corr5_bsstablehie5_top10,14,3143,BTCUSDT,val,2000.0,-2.5354829494541375,5.291082024846549,95,0.7710600601755215,True,0.382,0.1915,0.1915,0.8085,0.8085,0.8035,12.0,4.0,7.757894736842105,4.0,6.0,0.8210526315789474,0.17894736842105263
sw_lints,hybrid,z72_a0p5_hybrid_corr5_bsstablehie5_top10,14,3143,BTCUSDT,val_first,,-1.719764557200676,2.9928061684402985,37,0.6118240122560445,True,,,,,,,13.5,4.0,6.45945945945946,4.0,5.0,0.7837837837837838,0.21621621621621623
sw_lints,hybrid,z72_a0p5_hybrid_corr5_bsstablehie5_top10,14,3143,BTCUSDT,val_second,,-0.8299923057553338,3.351825258989416,58,0.8924852123574993,True,,,,,,,10.5,4.0,8.586206896551724,4.0,6.0,0.8448275862068966,0.15517241379310345
sw_lints,hybrid,z72_a0p5_hybrid_corr5_bsstablehie5_top10,14,3143,ETHUSDT,val,2000.0,-6.031345086671092,8.625523938603497,101,0.6239700328639461,True,0.3895,0.2035,0.20350000000000001,0.7965,0.7965,0.7935,9.0,4.0,7.653465346534653,4.0,7.0,0.801980198019802,0.19801980198019803
sw_lints,hybrid,z72_a0p5_hybrid_corr5_bsstablehie5_top10,14,3143,ETHUSDT,val_first,,-2.3733263226239365,4.494840384416499,46,0.6311107830918293,True,,,,,,,9.0,4.0,7.130434782608695,4.0,7.0,0.8260869565217391,0.17391304347826086
sw_lints,hybrid,z72_a0p5_hybrid_corr5_bsstablehie5_top10,14,3143,ETHUSDT,val_second,,-3.7469460202400273,6.784516784757077,54,0.6289740116509448,True,,,,,,,8.0,4.0,7.592592592592593,4.0,7.0,0.7962962962962963,0.2037037037037037
sw_lints,hybrid,z72_a0p5_hybrid_corr5_bsstablehie5_top10,14,3143,SOLUSDT,val,2000.0,-9.536710873058551,11.387725976827735,134,0.618430962361656,True,0.499,0.2695,0.26949999999999996,0.7305,0.7305,0.7255,9.0,4.0,6.917910447761194,4.0,5.0,0.8582089552238806,0.1417910447761194
sw_lints,hybrid,z72_a0p5_hybrid_corr5_bsstablehie5_top10,14,3143,SOLUSDT,val_first,,1.0713350839099967,3.9174101881146894,69,1.0314325242453044,True,,,,,,,8.5,4.0,7.3768115942028984,4.0,5.0,0.8260869565217391,0.17391304347826086
sw_lints,hybrid,z72_a0p5_hybrid_corr5_bsstablehie5_top10,14,3143,SOLUSDT,val_second,,-10.495602881036149,11.387725976827735,65,0.36679106375026765,True,,,,,,,9.0,4.0,6.430769230769231,4.0,5.0,0.8923076923076924,0.1076923076923077
sw_lints,hybrid,z72_a0p5_hybrid_corr5_bsstablehie5_top10,15,3142,BTCUSDT,val,2000.0,-3.8016370020299783,6.153990344637994,121,0.7256385556964929,True,0.4245,0.2435,0.24350000000000005,0.7565,0.7565,0.7515,9.0,4.0,6.801652892561983,4.0,5.0,0.859504132231405,0.14049586776859505
sw_lints,hybrid,z72_a0p5_hybrid_corr5_bsstablehie5_top10,15,3142,BTCUSDT,val_first,,-1.2417468954065591,2.367200676436143,68,0.7827990069714655,True,,,,,,,8.0,4.0,5.176470588235294,4.0,5.0,0.8970588235294118,0.10294117647058823
sw_lints,hybrid,z72_a0p5_hybrid_corr5_bsstablehie5_top10,15,3142,BTCUSDT,val_second,,-2.5920771440866575,4.99109643386989,53,0.6751313317466896,True,,,,,,,12.0,4.0,8.88679245283019,4.0,6.0,0.8113207547169812,0.18867924528301888
sw_lints,hybrid,z72_a0p5_hybrid_corr5_bsstablehie5_top10,15,3142,ETHUSDT,val,2000.0,-10.725877091516844,12.504891616053593,130,0.5027252384431616,True,0.469,0.2615,0.26149999999999995,0.7385,0.7385,0.7355,8.0,4.0,7.161538461538462,4.0,6.0,0.8307692307692308,0.16923076923076924
sw_lints,hybrid,z72_a0p5_hybrid_corr5_bsstablehie5_top10,15,3142,ETHUSDT,val_first,,-2.0117841626861033,2.8162003657352663,46,0.6189518670015652,True,,,,,,,14.0,5.0,9.065217391304348,4.0,10.0,0.717391304347826,0.2826086956521739
sw_lints,hybrid,z72_a0p5_hybrid_corr5_bsstablehie5_top10,15,3142,ETHUSDT,val_second,,-8.893000912781623,11.015097366270988,83,0.4555339284800272,True,,,,,,,6.0,4.0,5.975903614457831,4.0,4.0,0.9036144578313253,0.0963855421686747
sw_lints,hybrid,z72_a0p5_hybrid_corr5_bsstablehie5_top10,15,3142,SOLUSDT,val,2000.0,-7.541833527758646,8.782095013144852,93,0.6085276053805242,True,0.436,0.1875,0.1875,0.8125,0.8125,0.8075,12.0,4.0,9.03225806451613,4.0,7.0,0.7849462365591398,0.21505376344086022
sw_lints,hybrid,z72_a0p5_hybrid_corr5_bsstablehie5_top10,15,3142,SOLUSDT,val_first,,-0.4711754362329956,3.034254340249476,28,0.8769543458566742,True,,,,,,,28.0,5.0,14.285714285714286,4.0,19.0,0.5714285714285714,0.42857142857142855
sw_lints,hybrid,z72_a0p5_hybrid_corr5_bsstablehie5_top10,15,3142,SOLUSDT,val_second,,-7.10413101181111,7.712830357268019,64,0.4922307002193665,True,,,,,,,8.5,4.0,6.8125,4.0,5.0,0.875,0.125
sw_lints,hybrid,z72_a0p5_hybrid_corr5_bsstablehie5_top10,15,3143,BTCUSDT,val,2000.0,-4.602307886937751,5.708287985252147,132,0.67113757603277,True,0.4995,0.2635,0.26349999999999996,0.7365,0.7365,0.735,8.0,4.0,7.568181818181818,4.0,6.25,0.8484848484848485,0.15151515151515152
sw_lints,hybrid,z72_a0p5_hybrid_corr5_bsstablehie5_top10,15,3143,BTCUSDT,val_first,,0.9103639657035201,2.278338294686788,38,1.1645148850548774,True,,,,,,,21.0,7.5,10.921052631578947,4.0,10.75,0.6578947368421053,0.34210526315789475
sw_lints,hybrid,z72_a0p5_hybrid_corr5_bsstablehie5_top10,15,3143,BTCUSDT,val_second,,-5.462939222491414,5.708287985252147,94,0.48994455400084047,True,,,,,,,7.0,4.0,6.212765957446808,4.0,4.75,0.925531914893617,0.07446808510638298
sw_lints,hybrid,z72_a0p5_hybrid_corr5_bsstablehie5_top10,15,3143,ETHUSDT,val,2000.0,-4.7098606684789495,9.088094112032262,94,0.6690689361851491,True,0.4045,0.1895,0.1895,0.8105,0.8105,0.807,12.5,4.0,8.5,4.0,11.75,0.7340425531914894,0.26595744680851063
sw_lints,hybrid,z72_a0p5_hybrid_corr5_bsstablehie5_top10,15,3143,ETHUSDT,val_first,,-0.41322264480837534,2.282826184576925,39,0.8928199261876792,True,,,,,,,17.0,5.0,10.435897435897436,4.0,15.0,0.6153846153846154,0.38461538461538464
sw_lints,hybrid,z72_a0p5_hybrid_corr5_bsstablehie5_top10,15,3143,ETHUSDT,val_second,,-4.314466375737769,8.714440706676962,54,0.584283184427702,True,,,,,,,10.0,4.0,7.185185185185185,4.0,4.0,0.8148148148148148,0.18518518518518517
sw_lints,hybrid,z72_a0p5_hybrid_corr5_bsstablehie5_top10,15,3143,SOLUSDT,val,2000.0,-6.640247854867464,9.686106982452403,117,0.6763208164824667,True,0.4705,0.2355,0.23550000000000004,0.7645,0.7645,0.7595,10.0,4.0,7.769230769230769,4.0,6.0,0.8547008547008547,0.1452991452991453
sw_lints,hybrid,z72_a0p5_hybrid_corr5_bsstablehie5_top10,15,3143,SOLUSDT,val_first,,-1.1500821203689782,4.896226358274836,68,0.8339923099382178,True,,,,,,,9.0,4.0,7.602941176470588,4.0,6.0,0.8970588235294118,0.10294117647058823
sw_lints,hybrid,z72_a0p5_hybrid_corr5_bsstablehie5_top10,15,3143,SOLUSDT,val_second,,-5.554041775921181,8.547854259912935,49,0.5343618995561875,True,,,,,,,10.0,4.0,8.0,4.0,8.0,0.7959183673469388,0.20408163265306123
sw_linucb,corr,z48_a0p5_corr_pruned_top10,0,3142,BTCUSDT,val,2000.0,-4.961734035863008,6.145287141976463,162,0.7104841890035424,True,0.577,0.3255,0.3255,0.6745,0.6745,0.673,8.0,4.0,7.098765432098766,4.0,5.75,0.8271604938271605,0.1728395061728395
sw_linucb,corr,z48_a0p5_corr_pruned_top10,0,3142,BTCUSDT,val_first,,-2.3775692754177236,6.092764554609886,84,0.7253722217735373,True,,,,,,,7.0,4.0,7.273809523809524,4.0,5.0,0.8452380952380952,0.15476190476190477
sw_linucb,corr,z48_a0p5_corr_pruned_top10,0,3142,BTCUSDT,val_second,,-2.6471014307519747,3.907489841708778,78,0.6938714196968041,True,,,,,,,9.5,4.0,6.910256410256411,4.0,7.75,0.8076923076923077,0.19230769230769232
sw_linucb,corr,z48_a0p5_corr_pruned_top10,0,3142,ETHUSDT,val,2000.0,-8.451006518288596,10.217098523029255,214,0.6681739783124218,True,0.553,0.429,0.42900000000000005,0.571,0.571,0.569,6.0,4.0,5.154205607476635,4.0,4.0,0.9392523364485982,0.06074766355140187
sw_linucb,corr,z48_a0p5_corr_pruned_top10,0,3142,ETHUSDT,val_first,,-1.4232478613906085,4.126094892288057,113,0.8477994444820788,True,,,,,,,6.0,4.0,5.097345132743363,4.0,4.0,0.9292035398230089,0.07079646017699115
sw_linucb,corr,z48_a0p5_corr_pruned_top10,0,3142,ETHUSDT,val_second,,-7.129225202120892,8.693076243600784,101,0.5433142012530077,True,,,,,,,6.0,4.0,5.217821782178218,4.0,4.0,0.9504950495049505,0.04950495049504951
sw_linucb,corr,z48_a0p5_corr_pruned_top10,0,3142,SOLUSDT,val,2000.0,-4.654398732850495,10.225115512255966,152,0.7805576494576193,True,0.504,0.3035,0.3035,0.6965,0.6965,0.694,8.0,4.0,6.631578947368421,4.0,5.0,0.8486842105263158,0.1513157894736842
sw_linucb,corr,z48_a0p5_corr_pruned_top10,0,3142,SOLUSDT,val_first,,2.4933437488495747,2.839777218384909,82,1.150157811347141,True,,,,,,,8.0,4.0,6.634146341463414,4.0,5.75,0.8292682926829268,0.17073170731707318
sw_linucb,corr,z48_a0p5_corr_pruned_top10,0,3142,SOLUSDT,val_second,,-6.973860174973856,10.225115512255966,70,0.5246018300117652,True,,,,,,,8.0,4.0,6.628571428571429,4.0,5.0,0.8714285714285714,0.12857142857142856
sw_linucb,corr,z48_a0p5_corr_pruned_top10,1,3142,BTCUSDT,val,2000.0,-1.78709521833319,3.6446043612235357,156,0.8677362693252983,True,0.573,0.3135,0.3135,0.6865,0.6865,0.6835,7.5,4.0,7.314102564102564,4.0,5.0,0.8653846153846154,0.1346153846153846
sw_linucb,corr,z48_a0p5_corr_pruned_top10,1,3142,BTCUSDT,val_first,,-0.6840746496655781,3.441925921580713,88,0.8888059919775427,True,,,,,,,7.0,4.0,6.840909090909091,4.0,5.0,0.9431818181818182,0.056818181818181816
sw_linucb,corr,z48_a0p5_corr_pruned_top10,1,3142,BTCUSDT,val_second,,-1.1106180250314734,3.0683648828138232,68,0.8430589458316163,True,,,,,,,8.5,4.0,7.926470588235294,4.0,8.25,0.7647058823529411,0.23529411764705882
sw_linucb,corr,z48_a0p5_corr_pruned_top10,1,3142,ETHUSDT,val,2000.0,-7.884989890981697,11.680470147849443,179,0.6689392909365008,True,0.511,0.3575,0.35750000000000004,0.6425,0.6425,0.641,7.0,4.0,5.709497206703911,4.0,5.0,0.888268156424581,0.11173184357541899
sw_linucb,corr,z48_a0p5_corr_pruned_top10,1,3142,ETHUSDT,val_first,,-2.8066301944641325,5.101491711869832,88,0.737018975423671,True,,,,,,,7.0,4.0,6.1477272727272725,4.0,5.0,0.8409090909090909,0.1590909090909091
sw_linucb,corr,z48_a0p5_corr_pruned_top10,1,3142,ETHUSDT,val_second,,-5.225006301024782,9.373353135615314,91,0.6144122645866409,True,,,,,,,7.0,4.0,5.285714285714286,4.0,4.0,0.9340659340659341,0.06593406593406594
sw_linucb,corr,z48_a0p5_corr_pruned_top10,1,3142,SOLUSDT,val,2000.0,-9.937311432856422,12.836742076424091,154,0.6254314207070536,True,0.5275,0.3095,0.3095,0.6905,0.6905,0.688,8.0,4.0,6.818181818181818,4.0,4.0,0.8506493506493507,0.14935064935064934
sw_linucb,corr,z48_a0p5_corr_pruned_top10,1,3142,SOLUSDT,val_first,,1.3328851412863774,3.1575937189023295,70,1.058273645756339,True,,,,,,,9.0,4.0,8.3,4.0,4.0,0.8142857142857143,0.18571428571428572
sw_linucb,corr,z48_a0p5_corr_pruned_top10,1,3142,SOLUSDT,val_second,,-11.121953705777731,12.836742076424091,84,0.4249393318554624,True,,,,,,,7.0,4.0,5.583333333333333,4.0,4.0,0.8809523809523809,0.11904761904761904
sw_linucb,corr,z48_a0p5_corr_pruned_top10,2,3142,BTCUSDT,val,2000.0,-4.690716633585367,6.436018465322912,119,0.6734698143739715,True,0.553,0.2395,0.23950000000000005,0.7605,0.7605,0.759,11.0,4.0,9.252100840336135,4.0,9.5,0.7478991596638656,0.25210084033613445
sw_linucb,corr,z48_a0p5_corr_pruned_top10,2,3142,BTCUSDT,val_first,,-2.441816741288738,3.934008817386525,62,0.6734283310294054,True,,,,,,,9.0,4.0,9.03225806451613,4.0,10.0,0.7258064516129032,0.27419354838709675
sw_linucb,corr,z48_a0p5_corr_pruned_top10,2,3142,BTCUSDT,val_second,,-2.3051883677793095,4.705381195885927,57,0.6735174345987739,True,,,,,,,11.0,4.0,9.491228070175438,4.0,8.0,0.7719298245614035,0.22807017543859648
sw_linucb,corr,z48_a0p5_corr_pruned_top10,2,3142,ETHUSDT,val,2000.0,-6.413074235996152,10.708102241499862,132,0.6728207836044511,True,0.507,0.2635,0.26349999999999996,0.7365,0.7365,0.7335,10.0,4.0,7.681818181818182,4.0,8.0,0.7878787878787878,0.21212121212121213
sw_linucb,corr,z48_a0p5_corr_pruned_top10,2,3142,ETHUSDT,val_first,,-3.0236644280592806,6.317786980019191,62,0.685206089972732,True,,,,,,,11.0,5.0,8.46774193548387,4.0,10.5,0.7419354838709677,0.25806451612903225
sw_linucb,corr,z48_a0p5_corr_pruned_top10,2,3142,ETHUSDT,val_second,,-3.4950895885548117,7.924034011101611,70,0.6619452037344039,True,,,,,,,9.0,4.0,6.985714285714286,4.0,5.0,0.8285714285714286,0.17142857142857143
sw_linucb,corr,z48_a0p5_corr_pruned_top10,2,3142,SOLUSDT,val,2000.0,-10.725167643417644,12.369807752591644,133,0.5902135868236731,True,0.5145,0.266,0.266,0.734,0.734,0.7315,10.0,4.0,7.7368421052631575,4.0,8.0,0.7819548872180451,0.21804511278195488
sw_linucb,corr,z48_a0p5_corr_pruned_top10,2,3142,SOLUSDT,val_first,,-3.177145221858313,5.35900090750977,72,0.7119397592334211,True,,,,,,,10.0,4.0,7.888888888888889,4.0,6.5,0.7777777777777778,0.2222222222222222
sw_linucb,corr,z48_a0p5_corr_pruned_top10,2,3142,SOLUSDT,val_second,,-7.795703234380724,10.39105988769452,61,0.49540621599958057,True,,,,,,,9.0,4.0,7.557377049180328,4.0,8.0,0.7868852459016393,0.21311475409836064
sw_linucb,corr,z48_a0p5_corr_pruned_top10,3,3142,BTCUSDT,val,2000.0,-2.885365703027032,4.606909673076698,150,0.8052433629121529,True,0.5705,0.3015,0.3015,0.6985,0.6985,0.6935,8.0,4.0,7.3933333333333335,4.0,5.75,0.8466666666666667,0.15333333333333332
sw_linucb,corr,z48_a0p5_corr_pruned_top10,3,3142,BTCUSDT,val_first,,-0.9722032097243316,3.508704538540719,86,0.8623908729881667,True,,,,,,,8.0,4.0,6.616279069767442,4.0,5.0,0.8837209302325582,0.11627906976744186
sw_linucb,corr,z48_a0p5_corr_pruned_top10,3,3142,BTCUSDT,val_second,,-1.9319449238626052,3.658501823375704,64,0.7317873456845033,True,,,,,,,9.0,4.0,8.4375,4.0,7.0,0.796875,0.203125
sw_linucb,corr,z48_a0p5_corr_pruned_top10,3,3142,ETHUSDT,val,2000.0,-10.330446794407067,12.842303338436201,171,0.5852845286633923,True,0.498,0.3415,0.3415,0.6585,0.6585,0.6565,7.0,4.0,5.824561403508772,4.0,5.0,0.8947368421052632,0.10526315789473684
sw_linucb,corr,z48_a0p5_corr_pruned_top10,3,3142,ETHUSDT,val_first,,-4.3989837842151935,7.198696684914008,84,0.6084705907955191,True,,,,,,,8.0,4.0,6.154761904761905,4.0,5.25,0.8452380952380952,0.15476190476190477
sw_linucb,corr,z48_a0p5_corr_pruned_top10,3,3142,ETHUSDT,val_second,,-6.204393263774244,8.917689457945455,87,0.5674877624317496,True,,,,,,,7.0,4.0,5.505747126436781,4.0,5.0,0.9425287356321839,0.05747126436781609
sw_linucb,corr,z48_a0p5_corr_pruned_top10,3,3142,SOLUSDT,val,2000.0,-8.291054823007581,13.328028645365231,156,0.6920916410358741,True,0.4965,0.3135,0.3135,0.6865,0.6865,0.685,8.0,4.0,6.333333333333333,4.0,5.25,0.8653846153846154,0.1346153846153846
sw_linucb,corr,z48_a0p5_corr_pruned_top10,3,3142,SOLUSDT,val_first,,-0.3661878134274432,5.067536664653083,91,0.9231817520815386,True,,,,,,,8.0,4.0,5.8901098901098905,4.0,6.0,0.8571428571428571,0.14285714285714285
sw_linucb,corr,z48_a0p5_corr_pruned_top10,3,3142,SOLUSDT,val_second,,-7.953993564694861,13.328028645365231,65,0.5250421434459237,True,,,,,,,8.0,4.0,6.953846153846154,4.0,5.0,0.8769230769230769,0.12307692307692308
sw_linucb,corr,z48_a0p5_corr_pruned_top10,4,3142,BTCUSDT,val,2000.0,-4.228343151105496,5.689277657912872,128,0.6922228643315949,True,0.557,0.2575,0.25749999999999995,0.7425,0.7425,0.741,10.0,4.0,8.671875,4.0,9.0,0.7578125,0.2421875
sw_linucb,corr,z48_a0p5_corr_pruned_top10,4,3142,BTCUSDT,val_first,,-1.482752187186609,3.201547829699436,56,0.7717093335356671,True,,,,,,,13.0,5.5,10.321428571428571,4.0,15.25,0.6428571428571429,0.35714285714285715
sw_linucb,corr,z48_a0p5_corr_pruned_top10,4,3142,BTCUSDT,val_second,,-2.786913992091633,4.932110976790661,72,0.6107628272275137,True,,,,,,,8.0,4.0,7.388888888888889,4.0,6.0,0.8472222222222222,0.1527777777777778
sw_linucb,corr,z48_a0p5_corr_pruned_top10,4,3142,ETHUSDT,val,2000.0,-14.99024526290037,18.142300673865787,169,0.46408105860381516,True,0.513,0.3375,0.3375,0.6625,0.6625,0.6595,8.0,4.0,6.071005917159764,4.0,5.0,0.8816568047337278,0.11834319526627218
sw_linucb,corr,z48_a0p5_corr_pruned_top10,4,3142,ETHUSDT,val_first,,-5.6631908179177515,7.865680006959641,86,0.5547841737845318,True,,,,,,,8.0,4.0,6.023255813953488,4.0,5.0,0.8837209302325582,0.11627906976744186
sw_linucb,corr,z48_a0p5_corr_pruned_top10,4,3142,ETHUSDT,val_second,,-9.886972567601049,13.228250949066744,83,0.39422477878741014,True,,,,,,,7.0,4.0,6.120481927710843,4.0,4.5,0.8795180722891566,0.12048192771084337
sw_linucb,corr,z48_a0p5_corr_pruned_top10,4,3142,SOLUSDT,val,2000.0,-6.939056778838548,11.537047692877012,146,0.6989721213695584,True,0.489,0.292,0.29200000000000004,0.708,0.708,0.706,10.0,4.0,6.698630136986301,4.0,7.0,0.821917808219178,0.1780821917808219
sw_linucb,corr,z48_a0p5_corr_pruned_top10,4,3142,SOLUSDT,val_first,,0.5019854568407034,5.4148249931069365,77,0.9614589480245473,True,,,,,,,10.0,4.0,6.662337662337662,4.0,8.0,0.8181818181818182,0.18181818181818182
sw_linucb,corr,z48_a0p5_corr_pruned_top10,4,3142,SOLUSDT,val_second,,-7.403875855641406,11.537047692877012,69,0.5033946305381742,True,,,,,,,9.0,4.0,6.739130434782608,4.0,7.0,0.8260869565217391,0.17391304347826086
sw_linucb,corr,z48_a0p5_corr_pruned_top10,5,3142,BTCUSDT,val,2000.0,-2.548931118841169,5.63664325654919,142,0.8205440114704,True,0.55,0.2855,0.2855,0.7145,0.7145,0.7115,8.0,4.0,7.711267605633803,4.0,6.75,0.8169014084507042,0.18309859154929578
sw_linucb,corr,z48_a0p5_corr_pruned_top10,5,3142,BTCUSDT,val_first,,-2.37295513775575,3.635070260736095,82,0.7191311735133544,True,,,,,,,7.0,4.0,6.902439024390244,4.0,5.0,0.8536585365853658,0.14634146341463414
sw_linucb,corr,z48_a0p5_corr_pruned_top10,5,3142,BTCUSDT,val_second,,-0.18025331129680744,3.416890833443742,60,0.9620580091368133,True,,,,,,,9.5,5.0,8.816666666666666,4.0,8.25,0.7666666666666667,0.23333333333333334
sw_linucb,corr,z48_a0p5_corr_pruned_top10,5,3142,ETHUSDT,val,2000.0,-9.49574715750633,12.745878895183417,185,0.6342886109046508,True,0.5295,0.3715,0.37150000000000005,0.6285,0.6285,0.627,7.0,4.0,5.702702702702703,4.0,5.0,0.9027027027027027,0.0972972972972973
sw_linucb,corr,z48_a0p5_corr_pruned_top10,5,3142,ETHUSDT,val_first,,-2.3202670779814083,4.448260923958758,84,0.7584281888596105,True,,,,,,,8.0,4.0,6.261904761904762,4.0,6.0,0.8452380952380952,0.15476190476190477
sw_linucb,corr,z48_a0p5_corr_pruned_top10,5,3142,ETHUSDT,val_second,,-7.345925162646971,10.67325995406353,101,0.5573824413723781,True,,,,,,,7.0,4.0,5.237623762376238,4.0,4.0,0.9504950495049505,0.04950495049504951
sw_linucb,corr,z48_a0p5_corr_pruned_top10,5,3142,SOLUSDT,val,2000.0,-9.607584947706115,10.917808944837514,156,0.6412145324215696,True,0.5285,0.3135,0.3135,0.6865,0.6865,0.685,8.0,4.0,6.743589743589744,4.0,5.0,0.8589743589743589,0.14102564102564102
sw_linucb,corr,z48_a0p5_corr_pruned_top10,5,3142,SOLUSDT,val_first,,-0.7608097965700167,4.373210470198863,83,0.8910637323513987,True,,,,,,,8.0,4.0,6.891566265060241,4.0,6.0,0.8674698795180723,0.13253012048192772
sw_linucb,corr,z48_a0p5_corr_pruned_top10,5,3142,SOLUSDT,val_second,,-8.914598288237874,10.917808944837514,73,0.47365501321359443,True,,,,,,,7.0,4.0,6.575342465753424,4.0,5.0,0.8493150684931506,0.1506849315068493
sw_linucb,corr,z48_a0p5_corr_pruned_top10,6,3142,BTCUSDT,val,2000.0,-0.7002947645488589,4.441345507661576,135,0.9342880778804923,True,0.578,0.2715,0.27149999999999996,0.7285,0.7285,0.7255,9.0,4.0,8.518518518518519,4.0,6.0,0.8222222222222222,0.17777777777777778
sw_linucb,corr,z48_a0p5_corr_pruned_top10,6,3142,BTCUSDT,val_first,,-1.0554320755244762,4.441345507661576,77,0.8282421271305076,True,,,,,,,8.0,4.0,7.8441558441558445,4.0,5.0,0.8571428571428571,0.14285714285714285
sw_linucb,corr,z48_a0p5_corr_pruned_top10,6,3142,BTCUSDT,val_second,,0.3589255261053914,2.995046879119767,58,1.0788835568864743,True,,,,,,,12.0,5.0,9.413793103448276,4.0,8.5,0.7758620689655172,0.22413793103448276
sw_linucb,corr,z48_a0p5_corr_pruned_top10,6,3142,ETHUSDT,val,2000.0,-9.429807861688456,11.66914858549044,135,0.5810657914631082,True,0.505,0.2705,0.27049999999999996,0.7295,0.7295,0.727,9.0,4.0,7.466666666666667,4.0,6.0,0.8,0.2
sw_linucb,corr,z48_a0p5_corr_pruned_top10,6,3142,ETHUSDT,val_first,,-3.2813792761618443,7.115490321226092,73,0.6534257914160068,True,,,,,,,9.0,4.0,7.109589041095891,4.0,6.0,0.7808219178082192,0.2191780821917808
sw_linucb,corr,z48_a0p5_corr_pruned_top10,6,3142,ETHUSDT,val_second,,-6.357026743673588,9.456522525466138,61,0.5133863244671555,True,,,,,,,9.0,4.0,7.688524590163935,4.0,6.0,0.8360655737704918,0.16393442622950818
sw_linucb,corr,z48_a0p5_corr_pruned_top10,6,3142,SOLUSDT,val,2000.0,-0.7398183768513422,8.16195418656045,140,0.9187187611127302,True,0.4895,0.2795,0.27949999999999997,0.7205,0.7205,0.718,9.0,4.0,6.992857142857143,4.0,7.0,0.8142857142857143,0.18571428571428572
sw_linucb,corr,z48_a0p5_corr_pruned_top10,6,3142,SOLUSDT,val_first,,5.337069740100953,1.926147704115877,81,1.4740425206551844,True,,,,,,,8.0,4.0,6.530864197530864,4.0,7.0,0.8148148148148148,0.18518518518518517
sw_linucb,corr,z48_a0p5_corr_pruned_top10,6,3142,SOLUSDT,val_second,,-5.768992940420558,8.16195418656045,59,0.5251629923449993,True,,,,,,,9.0,4.0,7.627118644067797,4.0,7.5,0.8135593220338984,0.1864406779661017
sw_linucb,corr,z48_a0p5_corr_pruned_top10,7,3142,BTCUSDT,val,2000.0,-2.4013044137673023,5.303700702339187,129,0.8174711925798145,True,0.5615,0.2595,0.25949999999999995,0.7405,0.7405,0.7375,9.0,4.0,8.666666666666666,4.0,9.0,0.751937984496124,0.24806201550387597
sw_linucb,corr,z48_a0p5_corr_pruned_top10,7,3142,BTCUSDT,val_first,,0.6465905734323929,3.419931952207589,67,1.0537207159946527,True,,,,,,,8.0,4.0,8.492537313432836,4.0,8.0,0.7611940298507462,0.23880597014925373
sw_linucb,corr,z48_a0p5_corr_pruned_top10,7,3142,BTCUSDT,val_second,,-3.02831419309324,4.95609044028752,62,0.6224306846782748,True,,,,,,,12.0,4.0,8.85483870967742,4.0,9.75,0.7419354838709677,0.25806451612903225
sw_linucb,corr,z48_a0p5_corr_pruned_top10,7,3142,ETHUSDT,val,2000.0,-7.681988449830646,9.734750186001017,168,0.6595669807167439,True,0.5145,0.3375,0.3375,0.6625,0.6625,0.661,7.0,4.0,6.101190476190476,4.0,5.0,0.8809523809523809,0.11904761904761904
sw_linucb,corr,z48_a0p5_corr_pruned_top10,7,3142,ETHUSDT,val_first,,-3.587526921925188,6.756961404026884,81,0.6422868072110642,True,,,,,,,8.0,4.0,6.2592592592592595,4.0,6.0,0.8395061728395061,0.16049382716049382
sw_linucb,corr,z48_a0p5_corr_pruned_top10,7,3142,ETHUSDT,val_second,,-4.246817239704825,6.628630066966101,86,0.6627255341245617,True,,,,,,,6.5,4.0,5.790697674418604,4.0,4.0,0.9302325581395349,0.06976744186046512
sw_linucb,corr,z48_a0p5_corr_pruned_top10,7,3142,SOLUSDT,val,2000.0,-6.999197520742584,8.320824830589347,176,0.7139853369074726,True,0.4995,0.3515,0.35150000000000003,0.6485,0.6485,0.6455,7.0,4.0,5.676136363636363,4.0,4.0,0.9090909090909091,0.09090909090909091
sw_linucb,corr,z48_a0p5_corr_pruned_top10,7,3142,SOLUSDT,val_first,,-2.476271558864962,5.185274912706461,94,0.7711771365321604,True,,,,,,,7.0,4.0,5.5638297872340425,4.0,4.0,0.9042553191489362,0.09574468085106383
sw_linucb,corr,z48_a0p5_corr_pruned_top10,7,3142,SOLUSDT,val_second,,-4.637769734785769,6.678634849402831,82,0.6688010975309787,True,,,,,,,7.0,4.0,5.804878048780488,4.0,4.0,0.9146341463414634,0.08536585365853659
sw_linucb,corr,z48_a0p5_corr_pruned_top10,8,3142,BTCUSDT,val,2000.0,-4.599359081095134,5.1859083376853405,149,0.6804538125757672,True,0.524,0.298,0.29800000000000004,0.702,0.702,0.699,9.0,4.0,7.033557046979865,4.0,6.0,0.8322147651006712,0.16778523489932887
sw_linucb,corr,z48_a0p5_corr_pruned_top10,8,3142,BTCUSDT,val_first,,-2.8438060304325607,3.7908545274190297,93,0.6427538243955997,True,,,,,,,7.0,4.0,5.32258064516129,4.0,5.0,0.9247311827956989,0.07526881720430108
sw_linucb,corr,z48_a0p5_corr_pruned_top10,8,3142,BTCUSDT,val_second,,-1.8069388877177128,3.5074733830628313,56,0.7224737619569546,True,,,,,,,15.0,5.0,9.875,4.0,11.0,0.6785714285714286,0.32142857142857145
sw_linucb,corr,z48_a0p5_corr_pruned_top10,8,3142,ETHUSDT,val,2000.0,-8.854561602290955,10.079858605562519,172,0.5845161374955326,True,0.49,0.3455,0.34550000000000003,0.6545,0.6545,0.653,8.0,4.0,5.674418604651163,4.0,5.0,0.9011627906976745,0.09883720930232558
sw_linucb,corr,z48_a0p5_corr_pruned_top10,8,3142,ETHUSDT,val_first,,-2.6171586760514898,3.815739909230853,99,0.7202338701671858,True,,,,,,,7.0,4.0,4.818181818181818,4.0,4.0,0.9595959595959596,0.04040404040404041
sw_linucb,corr,z48_a0p5_corr_pruned_top10,8,3142,ETHUSDT,val_second,,-6.4050327978113275,8.055180033339315,73,0.4775585949762729,True,,,,,,,9.0,4.0,6.835616438356165,4.0,7.0,0.821917808219178,0.1780821917808219
sw_linucb,corr,z48_a0p5_corr_pruned_top10,8,3142,SOLUSDT,val,2000.0,-8.108945808782186,11.609828137632782,130,0.6513635826361986,True,0.5245,0.2615,0.26149999999999995,0.7385,0.7385,0.735,9.0,4.0,8.038461538461538,4.0,9.75,0.7461538461538462,0.25384615384615383
sw_linucb,corr,z48_a0p5_corr_pruned_top10,8,3142,SOLUSDT,val_first,,-2.702108872615383,6.988275916715148,78,0.7506071465166937,True,,,,,,,9.0,4.0,7.435897435897436,4.0,9.75,0.7435897435897436,0.2564102564102564
sw_linucb,corr,z48_a0p5_corr_pruned_top10,8,3142,SOLUSDT,val_second,,-5.556992935322769,9.49327597139491,52,0.5451836420825915,True,,,,,,,9.5,4.0,8.942307692307692,4.0,7.0,0.75,0.25
sw_linucb,corr,z48_a0p5_corr_pruned_top10,9,3142,BTCUSDT,val,2000.0,0.3973374520980233,4.003527216611181,126,0.9732802276622856,True,0.589,0.252,0.252,0.748,0.748,0.7455,9.0,4.0,9.34920634920635,4.0,7.75,0.7936507936507936,0.20634920634920634
sw_linucb,corr,z48_a0p5_corr_pruned_top10,9,3142,BTCUSDT,val_first,,0.3528794598089524,4.003527216611181,68,0.9796138729531441,True,,,,,,,7.0,4.0,9.029411764705882,4.0,5.25,0.7941176470588235,0.20588235294117646
sw_linucb,corr,z48_a0p5_corr_pruned_top10,9,3142,BTCUSDT,val_second,,0.0443016608276281,2.2655885024420397,58,0.965574334071654,True,,,,,,,12.0,5.0,9.724137931034482,4.0,8.0,0.7931034482758621,0.20689655172413793
sw_linucb,corr,z48_a0p5_corr_pruned_top10,9,3142,ETHUSDT,val,2000.0,-11.146009359431176,11.675306879714542,176,0.5477006137029532,True,0.523,0.3515,0.35150000000000003,0.6485,0.6485,0.647,7.0,4.0,5.943181818181818,4.0,4.0,0.8977272727272727,0.10227272727272728
sw_linucb,corr,z48_a0p5_corr_pruned_top10,9,3142,ETHUSDT,val_first,,-2.479935976833514,5.39927016734163,95,0.7381212945221283,True,,,,,,,7.0,4.0,5.3578947368421055,4.0,4.0,0.9263157894736842,0.07368421052631578
sw_linucb,corr,z48_a0p5_corr_pruned_top10,9,3142,ETHUSDT,val_second,,-8.886451695252152,9.47443804416812,80,0.402294205096268,True,,,,,,,7.0,4.0,6.4625,4.0,5.0,0.875,0.125
sw_linucb,corr,z48_a0p5_corr_pruned_top10,9,3142,SOLUSDT,val,2000.0,-9.948647729106808,11.450930069015353,152,0.6172863525223611,True,0.4825,0.304,0.30400000000000005,0.696,0.696,0.691,8.0,4.0,6.348684210526316,4.0,5.25,0.8552631578947368,0.14473684210526316
sw_linucb,corr,z48_a0p5_corr_pruned_top10,9,3142,SOLUSDT,val_first,,-3.0280531388831466,6.489636757880534,85,0.742481314453,True,,,,,,,8.0,4.0,6.152941176470589,4.0,6.0,0.8588235294117647,0.1411764705882353
sw_linucb,corr,z48_a0p5_corr_pruned_top10,9,3142,SOLUSDT,val_second,,-7.136697585473173,11.199545921436883,67,0.49861454861384447,True,,,,,,,8.0,4.0,6.597014925373134,4.0,5.0,0.8507462686567164,0.14925373134328357
sw_linucb,corr,z48_a0p5_corr_pruned_top10,10,3142,BTCUSDT,val,2000.0,-3.1155496562220275,5.204560362842403,162,0.7859770496590941,True,0.5675,0.3255,0.3255,0.6745,0.6745,0.673,8.0,4.0,6.981481481481482,4.0,6.0,0.8580246913580247,0.1419753086419753
sw_linucb,corr,z48_a0p5_corr_pruned_top10,10,3142,BTCUSDT,val_first,,-1.2761033995919324,3.175634864863852,104,0.8387226905909636,True,,,,,,,7.0,4.0,5.788461538461538,4.0,5.0,0.9230769230769231,0.07692307692307693
sw_linucb,corr,z48_a0p5_corr_pruned_top10,10,3142,BTCUSDT,val_second,,-1.8632229074946105,4.32806836225047,58,0.7122306540350648,True,,,,,,,11.0,5.0,9.120689655172415,4.0,9.75,0.7413793103448276,0.25862068965517243
sw_linucb,corr,z48_a0p5_corr_pruned_top10,10,3142,ETHUSDT,val,2000.0,-6.9859365521953265,9.645766156313318,196,0.7038356700206687,True,0.5475,0.392,0.392,0.608,0.608,0.6065,7.0,4.0,5.586734693877551,4.0,4.0,0.9081632653061225,0.09183673469387756
sw_linucb,corr,z48_a0p5_corr_pruned_top10,10,3142,ETHUSDT,val_first,,-2.1540828761582365,6.328977989557538,100,0.7623980514871418,True,,,,,,,7.0,4.0,5.46,4.0,4.0,0.92,0.08
sw_linucb,corr,z48_a0p5_corr_pruned_top10,10,3142,ETHUSDT,val_second,,-4.938227182153643,8.486561159476903,95,0.6488064947579334,True,,,,,,,7.0,4.0,5.568421052631579,4.0,4.0,0.9052631578947369,0.09473684210526316
sw_linucb,corr,z48_a0p5_corr_pruned_top10,10,3142,SOLUSDT,val,2000.0,-11.12334046401534,13.149538925686032,173,0.5994483754616119,True,0.503,0.3455,0.34550000000000003,0.6545,0.6545,0.6515,7.0,4.0,5.815028901734104,4.0,4.0,0.884393063583815,0.11560693641618497
sw_linucb,corr,z48_a0p5_corr_pruned_top10,10,3142,SOLUSDT,val_first,,-3.9349545140505593,7.9206684632108555,100,0.7004210002267588,True,,,,,,,7.0,4.0,5.43,4.0,4.0,0.9,0.1
sw_linucb,corr,z48_a0p5_corr_pruned_top10,10,3142,SOLUSDT,val_second,,-7.482831984934791,10.15835826444411,73,0.5092549637254506,True,,,,,,,8.0,4.0,6.342465753424658,4.0,5.0,0.863013698630137,0.136986301369863
sw_linucb,corr,z48_a0p5_corr_pruned_top10,11,3142,BTCUSDT,val,2000.0,-2.7549951368243453,4.452148693138125,142,0.788217899492531,True,0.576,0.2855,0.2855,0.7145,0.7145,0.713,9.0,4.0,8.077464788732394,4.0,6.0,0.8732394366197183,0.1267605633802817
sw_linucb,corr,z48_a0p5_corr_pruned_top10,11,3142,BTCUSDT,val_first,,-0.5021894833771134,4.452148693138125,74,0.8664335600226947,True,,,,,,,8.0,4.0,8.378378378378379,4.0,5.0,0.8918918918918919,0.10810810810810811
sw_linucb,corr,z48_a0p5_corr_pruned_top10,11,3142,BTCUSDT,val_second,,-2.2641761077454747,3.457345099585296,68,0.6927487645482416,True,,,,,,,10.0,4.0,7.75,4.0,7.0,0.8529411764705882,0.14705882352941177
sw_linucb,corr,z48_a0p5_corr_pruned_top10,11,3142,ETHUSDT,val,2000.0,-9.353753524305287,13.278682199144576,166,0.6046721867250134,True,0.52,0.332,0.33199999999999996,0.668,0.668,0.665,8.0,4.0,6.265060240963855,4.0,5.0,0.8795180722891566,0.12048192771084337
sw_linucb,corr,z48_a0p5_corr_pruned_top10,11,3142,ETHUSDT,val_first,,-2.0490766779864056,5.1434113390742,84,0.765551647093737,True,,,,,,,8.0,4.0,6.285714285714286,4.0,6.0,0.8571428571428571,0.14285714285714285
sw_linucb,corr,z48_a0p5_corr_pruned_top10,11,3142,ETHUSDT,val_second,,-7.457486462179396,11.464522375394937,81,0.4795320008400926,True,,,,,,,8.0,4.0,6.074074074074074,4.0,4.0,0.9135802469135802,0.08641975308641975
sw_linucb,corr,z48_a0p5_corr_pruned_top10,11,3142,SOLUSDT,val,2000.0,-10.575384346041938,11.908493237043205,165,0.5931647564054963,True,0.473,0.3295,0.3295,0.6705,0.6705,0.6675,7.0,4.0,5.733333333333333,4.0,4.0,0.8727272727272727,0.12727272727272726
sw_linucb,corr,z48_a0p5_corr_pruned_top10,11,3142,SOLUSDT,val_first,,0.8606568921595725,3.399113663599973,82,1.0199417124587742,True,,,,,,,7.0,4.0,5.951219512195122,4.0,5.0,0.8292682926829268,0.17073170731707318
sw_linucb,corr,z48_a0p5_corr_pruned_top10,11,3142,SOLUSDT,val_second,,-11.338456034872891,11.600647748674753,83,0.34873397298066,True,,,,,,,7.0,4.0,5.518072289156627,4.0,4.0,0.9156626506024096,0.08433734939759036
sw_linucb,corr,z48_a0p5_corr_pruned_top10,12,3142,BTCUSDT,val,2000.0,-4.004156793825642,5.490180534863653,151,0.7563136595121562,True,0.5785,0.3035,0.3035,0.6965,0.6965,0.6935,8.0,4.0,7.622516556291391,4.0,6.0,0.8543046357615894,0.1456953642384106
sw_linucb,corr,z48_a0p5_corr_pruned_top10,12,3142,BTCUSDT,val_first,,-1.495357386599938,5.490180534863653,88,0.8101207049306853,True,,,,,,,7.0,4.0,6.693181818181818,4.0,4.25,0.9090909090909091,0.09090909090909091
sw_linucb,corr,z48_a0p5_corr_pruned_top10,12,3142,BTCUSDT,val_second,,-2.5468844317033446,4.023782705464585,63,0.6910294623343095,True,,,,,,,11.0,5.0,8.920634920634921,4.0,8.0,0.7777777777777778,0.2222222222222222
sw_linucb,corr,z48_a0p5_corr_pruned_top10,12,3142,ETHUSDT,val,2000.0,-10.407147933955285,12.124971001419349,177,0.6137048032471837,True,0.5315,0.3555,0.35550000000000004,0.6445,0.6445,0.643,7.0,4.0,5.983050847457627,4.0,5.0,0.8926553672316384,0.10734463276836158
sw_linucb,corr,z48_a0p5_corr_pruned_top10,12,3142,ETHUSDT,val_first,,-2.788209299269684,6.275087687665959,87,0.7263840944013519,True,,,,,,,7.0,4.0,5.931034482758621,4.0,5.0,0.8850574712643678,0.11494252873563218
sw_linucb,corr,z48_a0p5_corr_pruned_top10,12,3142,ETHUSDT,val_second,,-7.83746352141661,9.649698073801027,89,0.5221121435370022,True,,,,,,,7.0,4.0,5.876404494382022,4.0,4.0,0.9101123595505618,0.0898876404494382
sw_linucb,corr,z48_a0p5_corr_pruned_top10,12,3142,SOLUSDT,val,2000.0,-4.896839390095609,9.521363486775414,147,0.7519315887397405,True,0.4975,0.294,0.29400000000000004,0.706,0.706,0.7035,8.5,4.0,6.7687074829931975,4.0,6.0,0.8639455782312925,0.1360544217687075
sw_linucb,corr,z48_a0p5_corr_pruned_top10,12,3142,SOLUSDT,val_first,,3.3160587877821612,2.6759116654943793,89,1.2975849207578625,True,,,,,,,8.0,4.0,6.112359550561798,4.0,6.0,0.8764044943820225,0.12359550561797752
sw_linucb,corr,z48_a0p5_corr_pruned_top10,12,3142,SOLUSDT,val_second,,-7.949294886236025,9.521363486775414,58,0.4223793658750758,True,,,,,,,9.0,4.0,7.775862068965517,4.0,6.75,0.8448275862068966,0.15517241379310345
sw_linucb,corr,z48_a0p5_corr_pruned_top10,13,3142,BTCUSDT,val,2000.0,-3.00250572706916,5.263738824512787,158,0.8083338707773554,True,0.5555,0.3175,0.3175,0.6825,0.6825,0.6795,8.0,4.0,7.0,4.0,6.75,0.8227848101265823,0.17721518987341772
sw_linucb,corr,z48_a0p5_corr_pruned_top10,13,3142,BTCUSDT,val_first,,-1.8996438043611286,3.7796500007591938,91,0.7877948572840592,True,,,,,,,8.0,4.0,6.032967032967033,4.0,5.5,0.8571428571428571,0.14285714285714285
sw_linucb,corr,z48_a0p5_corr_pruned_top10,13,3142,BTCUSDT,val_second,,-1.1242180614600694,3.6901059192034014,67,0.8393358567553056,True,,,,,,,9.0,4.0,8.313432835820896,4.0,8.0,0.7761194029850746,0.22388059701492538
sw_linucb,corr,z48_a0p5_corr_pruned_top10,13,3142,ETHUSDT,val,2000.0,-6.7630474426681575,10.866361017639537,169,0.6988817920048495,True,0.517,0.338,0.33799999999999997,0.662,0.662,0.6595,7.0,4.0,6.118343195266272,4.0,5.0,0.8816568047337278,0.11834319526627218
sw_linucb,corr,z48_a0p5_corr_pruned_top10,13,3142,ETHUSDT,val_first,,-2.7950282215337574,5.040646653034209,82,0.7164300577213131,True,,,,,,,9.0,4.0,6.365853658536586,4.0,5.0,0.8414634146341463,0.15853658536585366
sw_linucb,corr,z48_a0p5_corr_pruned_top10,13,3142,ETHUSDT,val_second,,-4.082115501435113,8.579629222285334,87,0.6869795827382781,True,,,,,,,6.0,4.0,5.885057471264368,4.0,4.0,0.9195402298850575,0.08045977011494253
sw_linucb,corr,z48_a0p5_corr_pruned_top10,13,3142,SOLUSDT,val,2000.0,-7.7785459441033655,11.254110551107422,159,0.6822764432402123,True,0.47,0.318,0.31799999999999995,0.682,0.682,0.679,7.5,4.0,5.911949685534591,4.0,4.0,0.9119496855345912,0.0880503144654088
sw_linucb,corr,z48_a0p5_corr_pruned_top10,13,3142,SOLUSDT,val_first,,1.5631027155888155,3.971926233366363,98,1.081844748968992,True,,,,,,,7.0,4.0,5.010204081632653,4.0,4.0,0.9489795918367347,0.05102040816326531
sw_linucb,corr,z48_a0p5_corr_pruned_top10,13,3142,SOLUSDT,val_second,,-9.197876403847161,11.254110551107422,61,0.4197699689406053,True,,,,,,,9.0,4.0,7.360655737704918,4.0,5.0,0.8524590163934426,0.14754098360655737
sw_linucb,corr,z48_a0p5_corr_pruned_top10,14,3142,BTCUSDT,val,2000.0,-0.9775708534912164,4.257678669206111,145,0.9178000271933131,True,0.554,0.2915,0.2915,0.7085,0.7085,0.7055,9.0,4.0,7.606896551724138,4.0,7.0,0.8344827586206897,0.16551724137931034
sw_linucb,corr,z48_a0p5_corr_pruned_top10,14,3142,BTCUSDT,val_first,,0.8208549389227882,3.1597156300438245,80,1.0721484370859902,True,,,,,,,8.0,4.0,7.075,4.0,7.25,0.825,0.175
sw_linucb,corr,z48_a0p5_corr_pruned_top10,14,3142,BTCUSDT,val_second,,-1.7837835173124539,3.7077315809254774,65,0.747906623118765,True,,,,,,,9.0,4.0,8.261538461538462,4.0,6.0,0.8461538461538461,0.15384615384615385
sw_linucb,corr,z48_a0p5_corr_pruned_top10,14,3142,ETHUSDT,val,2000.0,-4.102322892733268,8.2483666392272,141,0.768370416860491,True,0.5135,0.2825,0.2825,0.7175,0.7175,0.715,8.0,4.0,7.2695035460992905,4.0,6.0,0.8226950354609929,0.1773049645390071
sw_linucb,corr,z48_a0p5_corr_pruned_top10,14,3142,ETHUSDT,val_first,,-1.0106238505734,4.5756741770354825,64,0.8266449560357437,True,,,,,,,11.0,4.0,7.875,4.0,7.0,0.78125,0.21875
sw_linucb,corr,z48_a0p5_corr_pruned_top10,14,3142,ETHUSDT,val_second,,-3.1232634878846866,7.450745763709177,76,0.7186598621834476,True,,,,,,,7.0,4.0,6.592105263157895,4.0,5.0,0.868421052631579,0.13157894736842105
sw_linucb,corr,z48_a0p5_corr_pruned_top10,14,3142,SOLUSDT,val,2000.0,-7.761604499142072,10.83848993134776,141,0.6654955622241627,True,0.491,0.282,0.28200000000000003,0.718,0.718,0.7155,9.0,4.0,6.957446808510638,4.0,7.0,0.8368794326241135,0.16312056737588654
sw_linucb,corr,z48_a0p5_corr_pruned_top10,14,3142,SOLUSDT,val_first,,0.16731978142443538,4.983064318922947,79,0.9647142891841123,True,,,,,,,8.5,4.0,6.7594936708860756,4.0,7.5,0.8227848101265823,0.17721518987341772
sw_linucb,corr,z48_a0p5_corr_pruned_top10,14,3142,SOLUSDT,val_second,,-7.915679782456242,10.83848993134776,62,0.4569918248051321,True,,,,,,,9.0,4.0,7.209677419354839,4.0,6.0,0.8548387096774194,0.14516129032258066
sw_linucb,corr,z48_a0p5_corr_pruned_top10,15,3142,BTCUSDT,val,2000.0,-1.1229258859932423,3.838849999782634,138,0.9044550437949154,True,0.556,0.2775,0.27749999999999997,0.7225,0.7225,0.7195,9.0,4.0,8.021739130434783,4.0,7.0,0.8043478260869565,0.1956521739130435
sw_linucb,corr,z48_a0p5_corr_pruned_top10,15,3142,BTCUSDT,val_first,,-1.3590395194296834,3.838849999782634,81,0.8147770323641326,True,,,,,,,8.0,4.0,6.938271604938271,4.0,6.0,0.8271604938271605,0.1728395061728395
sw_linucb,corr,z48_a0p5_corr_pruned_top10,15,3142,BTCUSDT,val_second,,0.2393667217818196,2.810694488536425,57,1.06006062643501,True,,,,,,,11.0,4.0,9.56140350877193,4.0,9.0,0.7719298245614035,0.22807017543859648
sw_linucb,corr,z48_a0p5_corr_pruned_top10,15,3142,ETHUSDT,val,2000.0,-4.428159399770648,9.478501911579729,136,0.7415224333915105,True,0.515,0.272,0.272,0.728,0.728,0.725,9.0,4.0,7.573529411764706,4.0,6.25,0.8161764705882353,0.18382352941176472
sw_linucb,corr,z48_a0p5_corr_pruned_top10,15,3142,ETHUSDT,val_first,,-1.2329381542271367,5.571385575503395,68,0.8103097784155509,True,,,,,,,10.5,4.0,7.588235294117647,4.0,7.0,0.8088235294117647,0.19117647058823528
sw_linucb,corr,z48_a0p5_corr_pruned_top10,15,3142,ETHUSDT,val_second,,-3.235108127983921,8.348495544221258,67,0.6736381778244322,True,,,,,,,8.0,4.0,7.373134328358209,4.0,6.0,0.835820895522388,0.16417910447761194
sw_linucb,corr,z48_a0p5_corr_pruned_top10,15,3142,SOLUSDT,val,2000.0,-3.605447617175006,12.084927625576814,145,0.7884422335660864,True,0.4825,0.2895,0.2895,0.7105,0.7105,0.7075,7.0,4.0,6.655172413793103,4.0,5.0,0.8482758620689655,0.15172413793103448
sw_linucb,corr,z48_a0p5_corr_pruned_top10,15,3142,SOLUSDT,val_first,,5.18626255710497,1.6642720055221605,88,1.509767865819182,True,,,,,,,7.0,4.0,5.8522727272727275,4.0,5.0,0.8863636363636364,0.11363636363636363
sw_linucb,corr,z48_a0p5_corr_pruned_top10,15,3142,SOLUSDT,val_second,,-8.358230400578215,12.084927625576814,57,0.40330991218464485,True,,,,,,,10.0,4.0,7.894736842105263,4.0,9.0,0.7894736842105263,0.21052631578947367
sw_linucb,hybrid,z72_a0p5_hybrid_corr5_bsstablehie5_top10,0,3142,BTCUSDT,val,2000.0,-3.1257952090450125,5.956123231975575,108,0.7406979103103831,True,0.544,0.2175,0.21750000000000003,0.7825,0.7825,0.7775,11.0,4.0,9.898148148148149,4.0,8.0,0.7777777777777778,0.2222222222222222
sw_linucb,hybrid,z72_a0p5_hybrid_corr5_bsstablehie5_top10,0,3142,BTCUSDT,val_first,,1.9378639550594157,2.0196106454377527,36,1.419937353413051,True,,,,,,,13.5,4.0,13.833333333333334,4.0,18.5,0.6388888888888888,0.3611111111111111
sw_linucb,hybrid,z72_a0p5_hybrid_corr5_bsstablehie5_top10,0,3142,BTCUSDT,val_second,,-4.967397753534253,5.956123231975575,71,0.4347488657632519,True,,,,,,,9.0,4.0,7.52112676056338,4.0,5.0,0.8591549295774648,0.14084507042253522
sw_linucb,hybrid,z72_a0p5_hybrid_corr5_bsstablehie5_top10,0,3142,ETHUSDT,val,2000.0,-9.404437265524512,12.35799399133507,103,0.5070972680882899,True,0.4575,0.2075,0.20750000000000002,0.7925,0.7925,0.7895,9.0,4.0,8.815533980582524,4.0,8.5,0.7669902912621359,0.23300970873786409
sw_linucb,hybrid,z72_a0p5_hybrid_corr5_bsstablehie5_top10,0,3142,ETHUSDT,val_first,,-2.4083437041903633,3.8063304395701603,37,0.6244694713309388,True,,,,,,,18.0,4.0,11.702702702702704,4.0,18.0,0.6216216216216216,0.3783783783783784
sw_linucb,hybrid,z72_a0p5_hybrid_corr5_bsstablehie5_top10,0,3142,ETHUSDT,val_second,,-7.1687414958183755,10.36699768276279,65,0.4564544446794196,True,,,,,,,7.0,4.0,6.8,4.0,5.0,0.8615384615384616,0.13846153846153847
sw_linucb,hybrid,z72_a0p5_hybrid_corr5_bsstablehie5_top10,0,3142,SOLUSDT,val,2000.0,-2.473032017590626,9.926758465168284,146,0.8707918563296884,True,0.5375,0.2935,0.2935,0.7065,0.7065,0.7015,7.0,4.0,6.890410958904109,4.0,5.0,0.8424657534246576,0.15753424657534246
sw_linucb,hybrid,z72_a0p5_hybrid_corr5_bsstablehie5_top10,0,3142,SOLUSDT,val_first,,3.3687952149304756,2.608728427411955,98,1.2469158762835573,True,,,,,,,7.0,4.0,6.122448979591836,4.0,5.0,0.8877551020408163,0.11224489795918367
sw_linucb,hybrid,z72_a0p5_hybrid_corr5_bsstablehie5_top10,0,3142,SOLUSDT,val_second,,-5.651441733817664,8.744109703305913,48,0.5532746306638474,True,,,,,,,7.0,4.0,8.458333333333334,4.0,9.25,0.75,0.25
sw_linucb,hybrid,z72_a0p5_hybrid_corr5_bsstablehie5_top10,1,3142,BTCUSDT,val,2000.0,-4.988080234336934,6.351517411363794,119,0.6543935968585376,True,0.424,0.2395,0.23950000000000005,0.7605,0.7605,0.757,8.0,4.0,7.033613445378151,4.0,5.0,0.865546218487395,0.13445378151260504
sw_linucb,hybrid,z72_a0p5_hybrid_corr5_bsstablehie5_top10,1,3142,BTCUSDT,val_first,,-1.5048203964608486,4.5364815281304205,49,0.7568430260282647,True,,,,,,,8.5,4.0,8.10204081632653,4.0,4.0,0.7959183673469388,0.20408163265306123
sw_linucb,hybrid,z72_a0p5_hybrid_corr5_bsstablehie5_top10,1,3142,BTCUSDT,val_second,,-3.5364774721939107,4.447905805744179,70,0.5644103771231506,True,,,,,,,7.5,4.0,6.285714285714286,4.0,5.0,0.9142857142857143,0.08571428571428572
sw_linucb,hybrid,z72_a0p5_hybrid_corr5_bsstablehie5_top10,1,3142,ETHUSDT,val,2000.0,-4.566252830829132,11.21725572201676,100,0.717307235337726,True,0.4555,0.1995,0.1995,0.8005,0.8005,0.799,11.0,4.0,9.11,4.0,9.0,0.78,0.22
sw_linucb,hybrid,z72_a0p5_hybrid_corr5_bsstablehie5_top10,1,3142,ETHUSDT,val_first,,-2.9253177068224945,3.516858611896889,46,0.6519703563034089,True,,,,,,,12.5,5.0,10.543478260869565,4.0,14.25,0.6739130434782609,0.32608695652173914
sw_linucb,hybrid,z72_a0p5_hybrid_corr5_bsstablehie5_top10,1,3142,ETHUSDT,val_second,,-1.6903842332965935,8.86989297732571,53,0.7753312255613749,True,,,,,,,9.0,4.0,7.962264150943396,4.0,5.0,0.8679245283018868,0.1320754716981132
sw_linucb,hybrid,z72_a0p5_hybrid_corr5_bsstablehie5_top10,1,3142,SOLUSDT,val,2000.0,-2.9391950044109216,8.713778359620328,101,0.8209328157215033,True,0.5355,0.2035,0.20350000000000001,0.7965,0.7965,0.7915,10.0,4.0,9.702970297029703,4.0,7.0,0.8118811881188119,0.18811881188118812
sw_linucb,hybrid,z72_a0p5_hybrid_corr5_bsstablehie5_top10,1,3142,SOLUSDT,val_first,,1.6161574901317755,2.641458302979982,64,1.124466514293637,True,,,,,,,9.0,4.0,8.921875,4.0,7.0,0.828125,0.171875
sw_linucb,hybrid,z72_a0p5_hybrid_corr5_bsstablehie5_top10,1,3142,SOLUSDT,val_second,,-4.482901742259903,7.19160169017492,37,0.6060066982179332,True,,,,,,,16.0,4.0,11.054054054054054,4.0,6.0,0.7837837837837838,0.21621621621621623
sw_linucb,hybrid,z72_a0p5_hybrid_corr5_bsstablehie5_top10,2,3142,BTCUSDT,val,2000.0,-3.575171033447322,5.973110985429242,128,0.7319573790724763,True,0.4945,0.2575,0.25749999999999995,0.7425,0.7425,0.7375,9.0,4.0,7.515625,4.0,6.0,0.828125,0.171875
sw_linucb,hybrid,z72_a0p5_hybrid_corr5_bsstablehie5_top10,2,3142,BTCUSDT,val_first,,-1.5853636832620421,2.811860960275625,68,0.7219356703511061,True,,,,,,,9.0,4.0,6.455882352941177,4.0,6.25,0.8382352941176471,0.16176470588235295
sw_linucb,hybrid,z72_a0p5_hybrid_corr5_bsstablehie5_top10,2,3142,BTCUSDT,val_second,,-2.0218612034304195,4.2827361793162595,60,0.7407449503917766,True,,,,,,,9.0,4.0,8.716666666666667,4.0,6.0,0.8166666666666667,0.18333333333333332
sw_linucb,hybrid,z72_a0p5_hybrid_corr5_bsstablehie5_top10,2,3142,ETHUSDT,val,2000.0,-12.004633459804525,13.137518990072362,133,0.4747338500684132,True,0.414,0.2675,0.26749999999999996,0.7325,0.7325,0.729,7.0,4.0,6.142857142857143,4.0,5.0,0.8721804511278195,0.12781954887218044
sw_linucb,hybrid,z72_a0p5_hybrid_corr5_bsstablehie5_top10,2,3142,ETHUSDT,val_first,,-4.157667901643447,4.889850130883566,61,0.5257890683200774,True,,,,,,,7.5,4.0,6.327868852459017,4.0,5.0,0.8688524590163934,0.13114754098360656
sw_linucb,hybrid,z72_a0p5_hybrid_corr5_bsstablehie5_top10,2,3142,ETHUSDT,val_second,,-8.18736917848395,9.584253436269229,72,0.4455224374334391,True,,,,,,,6.0,4.0,5.986111111111111,4.0,4.25,0.875,0.125
sw_linucb,hybrid,z72_a0p5_hybrid_corr5_bsstablehie5_top10,2,3142,SOLUSDT,val,2000.0,-0.16205363650159121,7.404897278904398,114,0.9654394066259252,True,0.484,0.2295,0.22950000000000004,0.7705,0.7705,0.7655,10.0,4.0,7.868421052631579,4.0,7.0,0.8157894736842105,0.18421052631578946
sw_linucb,hybrid,z72_a0p5_hybrid_corr5_bsstablehie5_top10,2,3142,SOLUSDT,val_first,,5.618070691052401,2.3334574179837086,53,1.615263104118069,True,,,,,,,10.5,4.0,8.867924528301886,4.0,9.0,0.7735849056603774,0.22641509433962265
sw_linucb,hybrid,z72_a0p5_hybrid_corr5_bsstablehie5_top10,2,3142,SOLUSDT,val_second,,-5.47266607857445,7.404897278904398,61,0.5879378062822292,True,,,,,,,10.0,4.0,7.0,4.0,6.0,0.8524590163934426,0.14754098360655737
sw_linucb,hybrid,z72_a0p5_hybrid_corr5_bsstablehie5_top10,3,3142,BTCUSDT,val,2000.0,-2.0083190243362026,4.951877358709544,123,0.8493559213510261,True,0.5175,0.2475,0.24750000000000005,0.7525,0.7525,0.7475,10.0,4.0,8.203252032520325,4.0,7.0,0.8292682926829268,0.17073170731707318
sw_linucb,hybrid,z72_a0p5_hybrid_corr5_bsstablehie5_top10,3,3142,BTCUSDT,val_first,,1.0248037394967824,2.481843669356232,53,1.1642768246279798,True,,,,,,,10.0,4.0,10.056603773584905,4.0,8.0,0.7924528301886793,0.20754716981132076
sw_linucb,hybrid,z72_a0p5_hybrid_corr5_bsstablehie5_top10,3,3142,BTCUSDT,val_second,,-3.00235452241433,4.951877358709544,70,0.6677758215512388,True,,,,,,,10.0,4.0,6.8,4.0,6.0,0.8571428571428571,0.14285714285714285
sw_linucb,hybrid,z72_a0p5_hybrid_corr5_bsstablehie5_top10,3,3142,ETHUSDT,val,2000.0,-4.995175476859726,9.78963276296765,116,0.6989589722976602,True,0.4685,0.2335,0.23350000000000004,0.7665,0.7665,0.764,7.5,4.0,8.017241379310345,4.0,7.25,0.8017241379310345,0.19827586206896552
sw_linucb,hybrid,z72_a0p5_hybrid_corr5_bsstablehie5_top10,3,3142,ETHUSDT,val_first,,-1.8083998186893435,3.948963402763739,51,0.7285018065248445,True,,,,,,,12.0,4.0,9.07843137254902,4.0,11.5,0.7058823529411765,0.29411764705882354
sw_linucb,hybrid,z72_a0p5_hybrid_corr5_bsstablehie5_top10,3,3142,ETHUSDT,val_second,,-3.2454666715747704,8.45778714841191,64,0.6923454316216869,True,,,,,,,6.0,4.0,7.234375,4.0,4.0,0.875,0.125
sw_linucb,hybrid,z72_a0p5_hybrid_corr5_bsstablehie5_top10,3,3142,SOLUSDT,val,2000.0,-2.3782290152559504,8.451497146257713,178,0.8890216484463458,True,0.5435,0.3575,0.35750000000000004,0.6425,0.6425,0.6375,7.0,4.0,5.98314606741573,4.0,4.75,0.9044943820224719,0.09550561797752809
sw_linucb,hybrid,z72_a0p5_hybrid_corr5_bsstablehie5_top10,3,3142,SOLUSDT,val_first,,3.6249038097177833,3.0332207478721895,88,1.221206043253121,True,,,,,,,6.0,4.0,6.3522727272727275,4.0,4.0,0.8977272727272727,0.10227272727272728
sw_linucb,hybrid,z72_a0p5_hybrid_corr5_bsstablehie5_top10,3,3142,SOLUSDT,val_second,,-5.793137174821461,8.451497146257713,90,0.6429949488215949,True,,,,,,,7.0,4.0,5.622222222222222,4.0,5.0,0.9111111111111111,0.08888888888888889
sw_linucb,hybrid,z72_a0p5_hybrid_corr5_bsstablehie5_top10,4,3142,BTCUSDT,val,2000.0,-3.09298521230571,4.3085637090696345,100,0.6942861733143258,True,0.4425,0.2015,0.2015,0.7985,0.7985,0.7935,11.0,4.0,7.76,4.0,5.0,0.83,0.17
sw_linucb,hybrid,z72_a0p5_hybrid_corr5_bsstablehie5_top10,4,3142,BTCUSDT,val_first,,-0.3486877625764162,2.946247785352041,48,0.8940533368819026,True,,,,,,,13.0,4.0,9.145833333333334,4.0,8.0,0.75,0.25
sw_linucb,hybrid,z72_a0p5_hybrid_corr5_bsstablehie5_top10,4,3142,BTCUSDT,val_second,,-2.753899961889994,3.8025521409900453,52,0.5413415337190546,True,,,,,,,10.5,4.0,6.480769230769231,4.0,4.0,0.9038461538461539,0.09615384615384616
sw_linucb,hybrid,z72_a0p5_hybrid_corr5_bsstablehie5_top10,4,3142,ETHUSDT,val,2000.0,-5.1643792024333335,10.937163506030734,100,0.6372739044128143,True,0.421,0.1995,0.1995,0.8005,0.8005,0.799,7.0,4.0,8.42,4.0,5.25,0.84,0.16
sw_linucb,hybrid,z72_a0p5_hybrid_corr5_bsstablehie5_top10,4,3142,ETHUSDT,val_first,,-3.2903190940140825,4.8553233372048865,57,0.5849078373471043,True,,,,,,,6.0,4.0,6.052631578947368,4.0,4.0,0.9298245614035088,0.07017543859649122
sw_linucb,hybrid,z72_a0p5_hybrid_corr5_bsstablehie5_top10,4,3142,ETHUSDT,val_second,,-1.9378205892759404,8.301885115000896,42,0.7958503675975609,True,,,,,,,9.0,4.0,10.261904761904763,4.0,9.75,0.7380952380952381,0.2619047619047619
sw_linucb,hybrid,z72_a0p5_hybrid_corr5_bsstablehie5_top10,4,3142,SOLUSDT,val,2000.0,-4.3390436590870385,10.934445654298452,142,0.7854921081927936,True,0.4515,0.2855,0.2855,0.7145,0.7145,0.7095,7.0,4.0,5.866197183098592,4.0,4.0,0.9154929577464789,0.08450704225352113
sw_linucb,hybrid,z72_a0p5_hybrid_corr5_bsstablehie5_top10,4,3142,SOLUSDT,val_first,,1.6192033738221534,2.1025905845231896,83,1.1117429188698458,True,,,,,,,7.0,4.0,5.963855421686747,4.0,4.0,0.927710843373494,0.07228915662650602
sw_linucb,hybrid,z72_a0p5_hybrid_corr5_bsstablehie5_top10,4,3142,SOLUSDT,val_second,,-5.86330814953434,9.69668406703793,59,0.5657407407777124,True,,,,,,,6.0,4.0,5.728813559322034,4.0,5.0,0.8983050847457628,0.1016949152542373
sw_linucb,hybrid,z72_a0p5_hybrid_corr5_bsstablehie5_top10,5,3142,BTCUSDT,val,2000.0,-3.3625456691475097,4.9040740989580005,120,0.736121854140923,True,0.483,0.2415,0.24150000000000005,0.7585,0.7585,0.7535,7.5,4.0,7.75,4.0,5.25,0.8333333333333334,0.16666666666666666
sw_linucb,hybrid,z72_a0p5_hybrid_corr5_bsstablehie5_top10,5,3142,BTCUSDT,val_first,,0.4303338230432052,2.7931177599405888,58,1.0365331694809838,True,,,,,,,7.0,4.0,8.637931034482758,4.0,6.75,0.8103448275862069,0.1896551724137931
sw_linucb,hybrid,z72_a0p5_hybrid_corr5_bsstablehie5_top10,5,3142,BTCUSDT,val_second,,-3.7766273871733924,4.9040740989580005,62,0.49629793339512335,True,,,,,,,8.0,4.0,6.919354838709677,4.0,5.0,0.8548387096774194,0.14516129032258066
sw_linucb,hybrid,z72_a0p5_hybrid_corr5_bsstablehie5_top10,5,3142,ETHUSDT,val,2000.0,-3.0994417216155146,7.992417548883801,113,0.7805421388108462,True,0.4555,0.2255,0.22550000000000003,0.7745,0.7745,0.773,8.5,4.0,8.061946902654867,4.0,5.0,0.8141592920353983,0.18584070796460178
sw_linucb,hybrid,z72_a0p5_hybrid_corr5_bsstablehie5_top10,5,3142,ETHUSDT,val_first,,0.06331002463590973,3.1727470824824855,52,0.9849831269157123,True,,,,,,,12.0,4.0,8.153846153846153,4.0,5.0,0.7884615384615384,0.21153846153846154
sw_linucb,hybrid,z72_a0p5_hybrid_corr5_bsstablehie5_top10,5,3142,ETHUSDT,val_second,,-3.1607506742209024,7.992417548883801,60,0.763373703095638,True,,,,,,,8.0,4.0,7.0,4.0,4.0,0.85,0.15
sw_linucb,hybrid,z72_a0p5_hybrid_corr5_bsstablehie5_top10,5,3142,SOLUSDT,val,2000.0,-9.455247292131897,11.933776117597695,98,0.5768795611520302,True,0.45,0.1975,0.1975,0.8025,0.8025,0.7975,11.0,4.0,8.459183673469388,4.0,8.0,0.7755102040816326,0.22448979591836735
sw_linucb,hybrid,z72_a0p5_hybrid_corr5_bsstablehie5_top10,5,3142,SOLUSDT,val_first,,-0.0030764046859754757,3.3238472958786125,50,0.9227176167071599,True,,,,,,,12.0,4.0,9.92,4.0,15.5,0.7,0.3
sw_linucb,hybrid,z72_a0p5_hybrid_corr5_bsstablehie5_top10,5,3142,SOLUSDT,val_second,,-9.452461683420099,10.25029644816745,48,0.2988934005186524,True,,,,,,,11.0,4.0,6.9375,4.0,5.25,0.8541666666666666,0.14583333333333334
sw_linucb,hybrid,z72_a0p5_hybrid_corr5_bsstablehie5_top10,6,3142,BTCUSDT,val,2000.0,-3.545559876856652,6.21662017054363,139,0.7531454106251368,True,0.433,0.2795,0.27949999999999997,0.7205,0.7205,0.7155,6.0,4.0,6.086330935251799,4.0,4.0,0.8920863309352518,0.1079136690647482
sw_linucb,hybrid,z72_a0p5_hybrid_corr5_bsstablehie5_top10,6,3142,BTCUSDT,val_first,,-3.2143701659795854,5.36885068512608,53,0.5220470896264457,True,,,,,,,8.0,4.0,6.584905660377358,4.0,6.0,0.8679245283018868,0.1320754716981132
sw_linucb,hybrid,z72_a0p5_hybrid_corr5_bsstablehie5_top10,6,3142,BTCUSDT,val_second,,-0.34218892974611226,2.8452962631379974,86,0.9749997009492642,True,,,,,,,6.0,4.0,5.77906976744186,4.0,4.0,0.9069767441860465,0.09302325581395349
sw_linucb,hybrid,z72_a0p5_hybrid_corr5_bsstablehie5_top10,6,3142,ETHUSDT,val,2000.0,-4.511389033956026,9.558097866867632,115,0.7049398298533981,True,0.4545,0.2315,0.23150000000000004,0.7685,0.7685,0.764,6.0,4.0,7.791304347826087,4.0,4.0,0.8260869565217391,0.17391304347826086
sw_linucb,hybrid,z72_a0p5_hybrid_corr5_bsstablehie5_top10,6,3142,ETHUSDT,val_first,,0.0017872263497142882,3.0345445216315547,42,0.9511384504860262,True,,,,,,,13.0,5.5,10.714285714285714,4.0,14.0,0.6190476190476191,0.38095238095238093
sw_linucb,hybrid,z72_a0p5_hybrid_corr5_bsstablehie5_top10,6,3142,ETHUSDT,val_second,,-4.513095601071959,9.349471257346709,73,0.5890552686374743,True,,,,,,,6.0,4.0,6.109589041095891,4.0,4.0,0.9452054794520548,0.0547945205479452
sw_linucb,hybrid,z72_a0p5_hybrid_corr5_bsstablehie5_top10,6,3142,SOLUSDT,val,2000.0,-5.563924749817561,8.425034867613457,178,0.789774759654821,True,0.5045,0.3575,0.35750000000000004,0.6425,0.6425,0.6375,7.0,4.0,5.544943820224719,4.0,4.0,0.9438202247191011,0.056179775280898875
sw_linucb,hybrid,z72_a0p5_hybrid_corr5_bsstablehie5_top10,6,3142,SOLUSDT,val_first,,1.0534515266730882,3.5682668573780996,86,1.0274587557135457,True,,,,,,,7.0,4.0,6.174418604651163,4.0,4.0,0.9186046511627907,0.08139534883720931
sw_linucb,hybrid,z72_a0p5_hybrid_corr5_bsstablehie5_top10,6,3142,SOLUSDT,val_second,,-6.5483921395242835,7.492887093472255,92,0.624448466189879,True,,,,,,,6.0,4.0,4.956521739130435,4.0,4.0,0.967391304347826,0.03260869565217391
sw_linucb,hybrid,z72_a0p5_hybrid_corr5_bsstablehie5_top10,7,3142,BTCUSDT,val,2000.0,-3.742966192049535,5.194988361269637,122,0.7129275482758619,True,0.5435,0.2455,0.24550000000000005,0.7545,0.7545,0.7495,9.0,4.0,8.639344262295081,4.0,8.0,0.7868852459016393,0.21311475409836064
sw_linucb,hybrid,z72_a0p5_hybrid_corr5_bsstablehie5_top10,7,3142,BTCUSDT,val_first,,-0.9782420331960084,3.2399594918110286,47,0.8018903401831343,True,,,,,,,12.0,4.0,9.72340425531915,4.0,11.0,0.7021276595744681,0.2978723404255319
sw_linucb,hybrid,z72_a0p5_hybrid_corr5_bsstablehie5_top10,7,3142,BTCUSDT,val_second,,-2.7920370387489735,4.568299183735059,75,0.6506294822201745,True,,,,,,,7.0,4.0,7.96,4.0,6.0,0.84,0.16
sw_linucb,hybrid,z72_a0p5_hybrid_corr5_bsstablehie5_top10,7,3142,ETHUSDT,val,2000.0,-6.14175635165889,8.608662598618377,104,0.5785276491602254,True,0.3605,0.2095,0.20950000000000002,0.7905,0.7905,0.789,8.0,4.0,6.884615384615385,4.0,5.0,0.8269230769230769,0.17307692307692307
sw_linucb,hybrid,z72_a0p5_hybrid_corr5_bsstablehie5_top10,7,3142,ETHUSDT,val_first,,-2.8632155534844217,3.671645824104408,46,0.5091275949734266,True,,,,,,,9.0,4.0,8.0,4.0,6.5,0.7608695652173914,0.2391304347826087
sw_linucb,hybrid,z72_a0p5_hybrid_corr5_bsstablehie5_top10,7,3142,ETHUSDT,val_second,,-3.3751794614733766,6.034361093941842,58,0.6230345677094362,True,,,,,,,8.0,4.0,6.0,4.0,4.0,0.8793103448275862,0.1206896551724138
sw_linucb,hybrid,z72_a0p5_hybrid_corr5_bsstablehie5_top10,7,3142,SOLUSDT,val,2000.0,-6.8900109201797015,10.89878258274668,154,0.7436027923416966,True,0.457,0.3095,0.3095,0.6905,0.6905,0.6855,7.0,4.0,5.6558441558441555,4.0,4.0,0.9415584415584416,0.05844155844155844
sw_linucb,hybrid,z72_a0p5_hybrid_corr5_bsstablehie5_top10,7,3142,SOLUSDT,val_first,,-1.710162758094913,6.031591566364625,87,0.820680365015036,True,,,,,,,7.0,4.0,5.67816091954023,4.0,4.0,0.9655172413793104,0.034482758620689655
sw_linucb,hybrid,z72_a0p5_hybrid_corr5_bsstablehie5_top10,7,3142,SOLUSDT,val_second,,-5.269973282524076,8.12209739320422,67,0.6748001505088684,True,,,,,,,8.0,4.0,5.626865671641791,4.0,4.5,0.9104477611940298,0.08955223880597014
sw_linucb,hybrid,z72_a0p5_hybrid_corr5_bsstablehie5_top10,8,3142,BTCUSDT,val,2000.0,-2.6625325773010022,4.730235426449781,99,0.5805876982990974,True,0.4795,0.1995,0.1995,0.8005,0.8005,0.7955,9.0,4.0,7.393939393939394,4.0,5.0,0.8787878787878788,0.12121212121212122
sw_linucb,hybrid,z72_a0p5_hybrid_corr5_bsstablehie5_top10,8,3142,BTCUSDT,val_first,,-0.3835950733819704,2.6656866021177117,48,0.8874226450898226,True,,,,,,,9.5,4.0,7.979166666666667,4.0,7.25,0.8125,0.1875
sw_linucb,hybrid,z72_a0p5_hybrid_corr5_bsstablehie5_top10,8,3142,BTCUSDT,val_second,,-2.2877130585045813,4.520751738854212,51,0.3753835637424409,True,,,,,,,9.0,4.0,6.8431372549019605,4.0,4.0,0.9411764705882353,0.058823529411764705
sw_linucb,hybrid,z72_a0p5_hybrid_corr5_bsstablehie5_top10,8,3142,ETHUSDT,val,2000.0,-3.630314650691502,6.258912091470004,89,0.7245244222142361,True,0.387,0.1775,0.1775,0.8225,0.8225,0.821,9.5,4.0,8.696629213483146,4.0,10.0,0.7415730337078652,0.25842696629213485
sw_linucb,hybrid,z72_a0p5_hybrid_corr5_bsstablehie5_top10,8,3142,ETHUSDT,val_first,,-1.6952487787803339,2.9421895825768485,26,0.5863432834488524,True,,,,,,,17.0,5.0,9.5,4.0,12.0,0.6153846153846154,0.38461538461538464
sw_linucb,hybrid,z72_a0p5_hybrid_corr5_bsstablehie5_top10,8,3142,ETHUSDT,val_second,,-1.9684357550090348,5.054320736386431,62,0.8366857062032366,True,,,,,,,6.0,4.0,7.919354838709677,4.0,4.75,0.8064516129032258,0.1935483870967742
sw_linucb,hybrid,z72_a0p5_hybrid_corr5_bsstablehie5_top10,8,3142,SOLUSDT,val,2000.0,-9.903380248279836,11.17747256131988,134,0.5708806176919611,True,0.4185,0.268,0.268,0.732,0.732,0.729,7.0,4.0,6.246268656716418,4.0,5.0,0.8656716417910447,0.13432835820895522
sw_linucb,hybrid,z72_a0p5_hybrid_corr5_bsstablehie5_top10,8,3142,SOLUSDT,val_first,,-4.9511884564942825,6.297397202492794,52,0.5348240908187922,True,,,,,,,9.0,4.5,8.346153846153847,4.0,9.25,0.75,0.25
sw_linucb,hybrid,z72_a0p5_hybrid_corr5_bsstablehie5_top10,8,3142,SOLUSDT,val_second,,-5.210156456842007,7.384146879017662,82,0.6001962328775972,True,,,,,,,7.0,4.0,4.914634146341464,4.0,4.0,0.9390243902439024,0.06097560975609756
sw_linucb,hybrid,z72_a0p5_hybrid_corr5_bsstablehie5_top10,9,3142,BTCUSDT,val,2000.0,-3.3132159183012266,5.668921457890496,139,0.7482212372593262,True,0.459,0.2795,0.27949999999999997,0.7205,0.7205,0.719,8.0,4.0,6.575539568345324,4.0,6.0,0.8561151079136691,0.14388489208633093
sw_linucb,hybrid,z72_a0p5_hybrid_corr5_bsstablehie5_top10,9,3142,BTCUSDT,val_first,,-0.7441377438379804,2.8904052331617303,55,0.8477170134653195,True,,,,,,,9.0,4.0,7.054545454545455,4.0,7.0,0.8,0.2
sw_linucb,hybrid,z72_a0p5_hybrid_corr5_bsstablehie5_top10,9,3142,BTCUSDT,val_second,,-2.588338981765026,4.720138870250801,84,0.6808447786656369,True,,,,,,,8.0,4.0,6.261904761904762,4.0,5.0,0.8928571428571429,0.10714285714285714
sw_linucb,hybrid,z72_a0p5_hybrid_corr5_bsstablehie5_top10,9,3142,ETHUSDT,val,2000.0,-6.635489738177924,7.429279340689865,116,0.6065409351453733,True,0.435,0.232,0.23199999999999998,0.768,0.768,0.766,9.0,4.0,7.5,4.0,5.25,0.8275862068965517,0.1724137931034483
sw_linucb,hybrid,z72_a0p5_hybrid_corr5_bsstablehie5_top10,9,3142,ETHUSDT,val_first,,0.24087822411658077,2.495709341614649,56,0.933900138428039,True,,,,,,,12.0,4.0,7.267857142857143,4.0,7.0,0.7857142857142857,0.21428571428571427
sw_linucb,hybrid,z72_a0p5_hybrid_corr5_bsstablehie5_top10,9,3142,ETHUSDT,val_second,,-6.8598440916693315,7.429279340689865,59,0.4696186191257112,True,,,,,,,6.0,4.0,6.9491525423728815,4.0,4.0,0.8813559322033898,0.11864406779661017
sw_linucb,hybrid,z72_a0p5_hybrid_corr5_bsstablehie5_top10,9,3142,SOLUSDT,val,2000.0,-7.056054520962074,10.795735994038724,162,0.6837332948895432,True,0.459,0.324,0.32399999999999995,0.676,0.676,0.673,7.0,4.0,5.666666666666667,4.0,4.0,0.9259259259259259,0.07407407407407407
sw_linucb,hybrid,z72_a0p5_hybrid_corr5_bsstablehie5_top10,9,3142,SOLUSDT,val_first,,2.0201285125497126,1.9431862985448523,81,1.1721655828135096,True,,,,,,,7.5,4.0,6.0246913580246915,4.0,5.0,0.9259259259259259,0.07407407407407407
sw_linucb,hybrid,z72_a0p5_hybrid_corr5_bsstablehie5_top10,9,3142,SOLUSDT,val_second,,-8.896463046893043,10.795735994038724,81,0.4345344634421081,True,,,,,,,7.0,4.0,5.308641975308642,4.0,4.0,0.9259259259259259,0.07407407407407407
sw_linucb,hybrid,z72_a0p5_hybrid_corr5_bsstablehie5_top10,10,3142,BTCUSDT,val,2000.0,-4.8830682522543745,5.800316901763725,129,0.6747087555655483,True,0.468,0.2595,0.25949999999999995,0.7405,0.7405,0.7355,8.0,4.0,7.069767441860465,4.0,6.0,0.8527131782945736,0.14728682170542637
sw_linucb,hybrid,z72_a0p5_hybrid_corr5_bsstablehie5_top10,10,3142,BTCUSDT,val_first,,-2.2508303046403833,4.659022184595529,55,0.6601954337373208,True,,,,,,,8.0,4.0,8.50909090909091,4.0,6.5,0.7636363636363637,0.23636363636363636
sw_linucb,hybrid,z72_a0p5_hybrid_corr5_bsstablehie5_top10,10,3142,BTCUSDT,val_second,,-2.692849418381249,3.9648767215239022,74,0.6883533065605137,True,,,,,,,7.0,4.0,6.0,4.0,5.0,0.918918918918919,0.08108108108108109
sw_linucb,hybrid,z72_a0p5_hybrid_corr5_bsstablehie5_top10,10,3142,ETHUSDT,val,2000.0,-5.6614898518108525,10.643257865740086,101,0.6364871787062294,True,0.416,0.2035,0.20350000000000001,0.7965,0.7965,0.793,8.0,4.0,8.128712871287128,4.0,8.0,0.7920792079207921,0.2079207920792079
sw_linucb,hybrid,z72_a0p5_hybrid_corr5_bsstablehie5_top10,10,3142,ETHUSDT,val_first,,-1.6943826268689177,2.91522557334577,52,0.7237078388841206,True,,,,,,,11.0,4.0,8.326923076923077,4.0,10.25,0.7115384615384616,0.28846153846153844
sw_linucb,hybrid,z72_a0p5_hybrid_corr5_bsstablehie5_top10,10,3142,ETHUSDT,val_second,,-4.035483760693248,9.324625652698249,49,0.5852972525806528,True,,,,,,,6.0,4.0,7.918367346938775,4.0,4.0,0.8775510204081632,0.12244897959183673
sw_linucb,hybrid,z72_a0p5_hybrid_corr5_bsstablehie5_top10,10,3142,SOLUSDT,val,2000.0,-7.795251734395137,10.316820770382352,125,0.6591788854526834,True,0.514,0.2515,0.25149999999999995,0.7485,0.7485,0.7435,8.0,4.0,7.464,4.0,5.0,0.88,0.12
sw_linucb,hybrid,z72_a0p5_hybrid_corr5_bsstablehie5_top10,10,3142,SOLUSDT,val_first,,-0.22344835562683185,3.2191501800708733,84,0.9327796488092777,True,,,,,,,7.0,4.0,6.0476190476190474,4.0,4.0,0.9166666666666666,0.08333333333333333
sw_linucb,hybrid,z72_a0p5_hybrid_corr5_bsstablehie5_top10,10,3142,SOLUSDT,val_second,,-7.588760338958167,9.08038651822114,41,0.4385412299371862,True,,,,,,,10.0,4.0,10.365853658536585,4.0,6.0,0.8048780487804879,0.1951219512195122
sw_linucb,hybrid,z72_a0p5_hybrid_corr5_bsstablehie5_top10,11,3142,BTCUSDT,val,2000.0,-2.4051251805127793,4.8321460399536775,136,0.802184215656071,True,0.547,0.2735,0.27349999999999997,0.7265,0.7265,0.723,7.0,4.0,7.963235294117647,4.0,5.25,0.8455882352941176,0.15441176470588236
sw_linucb,hybrid,z72_a0p5_hybrid_corr5_bsstablehie5_top10,11,3142,BTCUSDT,val_first,,1.5715917903447396,2.372325450996049,48,1.3246174392105454,True,,,,,,,9.0,4.0,10.979166666666666,4.0,7.25,0.7916666666666666,0.20833333333333334
sw_linucb,hybrid,z72_a0p5_hybrid_corr5_bsstablehie5_top10,11,3142,BTCUSDT,val_second,,-3.915186225559919,4.8321460399536775,87,0.5683730731348469,True,,,,,,,7.0,4.0,6.344827586206897,4.0,5.0,0.8735632183908046,0.12643678160919541
sw_linucb,hybrid,z72_a0p5_hybrid_corr5_bsstablehie5_top10,11,3142,ETHUSDT,val,2000.0,-8.144125681307003,10.830124131025032,124,0.582893203070714,True,0.487,0.2495,0.24950000000000006,0.7505,0.7505,0.749,8.0,4.0,7.814516129032258,4.0,4.0,0.7903225806451613,0.20967741935483872
sw_linucb,hybrid,z72_a0p5_hybrid_corr5_bsstablehie5_top10,11,3142,ETHUSDT,val_first,,-2.8217055316656414,5.020284202712411,63,0.6327311249524318,True,,,,,,,12.0,4.0,7.396825396825397,4.0,5.5,0.7619047619047619,0.23809523809523808
sw_linucb,hybrid,z72_a0p5_hybrid_corr5_bsstablehie5_top10,11,3142,ETHUSDT,val_second,,-5.476963944222824,8.65015197330572,60,0.5977550795569536,True,,,,,,,6.0,4.0,7.366666666666666,4.0,4.0,0.8333333333333334,0.16666666666666666
sw_linucb,hybrid,z72_a0p5_hybrid_corr5_bsstablehie5_top10,11,3142,SOLUSDT,val,2000.0,-6.468217952121047,10.695843049094334,183,0.7802752618172295,True,0.5565,0.3675,0.36750000000000005,0.6325,0.6325,0.6275,7.0,4.0,5.852459016393443,4.0,5.0,0.912568306010929,0.08743169398907104
sw_linucb,hybrid,z72_a0p5_hybrid_corr5_bsstablehie5_top10,11,3142,SOLUSDT,val_first,,2.9056234321564345,3.617116431910783,96,1.1498940224967982,True,,,,,,,7.0,4.0,5.9375,4.0,5.0,0.9166666666666666,0.08333333333333333
sw_linucb,hybrid,z72_a0p5_hybrid_corr5_bsstablehie5_top10,11,3142,SOLUSDT,val_second,,-9.109163398108622,10.695843049094334,87,0.5432483086210815,True,,,,,,,7.0,4.0,5.758620689655173,4.0,4.0,0.9080459770114943,0.09195402298850575
sw_linucb,hybrid,z72_a0p5_hybrid_corr5_bsstablehie5_top10,12,3142,BTCUSDT,val,2000.0,-9.212067247048383,9.831096785344162,159,0.48333661137122785,True,0.5225,0.3195,0.3195,0.6805,0.6805,0.6755,7.0,4.0,6.364779874213837,4.0,4.0,0.8616352201257862,0.13836477987421383
sw_linucb,hybrid,z72_a0p5_hybrid_corr5_bsstablehie5_top10,12,3142,BTCUSDT,val_first,,-2.862792808747283,4.8140825792055475,78,0.6373740632757232,True,,,,,,,7.0,4.0,6.32051282051282,4.0,4.0,0.8333333333333334,0.16666666666666666
sw_linucb,hybrid,z72_a0p5_hybrid_corr5_bsstablehie5_top10,12,3142,BTCUSDT,val_second,,-6.5363979693178305,7.119730988923434,81,0.3611510026551957,True,,,,,,,7.0,4.0,6.407407407407407,4.0,4.0,0.8888888888888888,0.1111111111111111
sw_linucb,hybrid,z72_a0p5_hybrid_corr5_bsstablehie5_top10,12,3142,ETHUSDT,val,2000.0,-4.210221140734771,9.246398812973855,127,0.7284138519272864,True,0.4605,0.2555,0.25549999999999995,0.7445,0.7445,0.743,7.0,4.0,7.21259842519685,4.0,5.0,0.8503937007874016,0.14960629921259844
sw_linucb,hybrid,z72_a0p5_hybrid_corr5_bsstablehie5_top10,12,3142,ETHUSDT,val_first,,-3.6635561048332765,4.459458140914507,68,0.565496651081623,True,,,,,,,7.0,4.0,6.779411764705882,4.0,4.25,0.8382352941176471,0.16176470588235295
sw_linucb,hybrid,z72_a0p5_hybrid_corr5_bsstablehie5_top10,12,3142,ETHUSDT,val_second,,-0.567454032760828,5.975266201719432,58,0.8731645039924334,True,,,,,,,6.5,4.0,7.775862068965517,4.0,5.0,0.8620689655172413,0.13793103448275862
sw_linucb,hybrid,z72_a0p5_hybrid_corr5_bsstablehie5_top10,12,3142,SOLUSDT,val,2000.0,-1.7741273498537602,10.723785418787934,124,0.8736955459011208,True,0.54,0.2495,0.24950000000000006,0.7505,0.7505,0.7455,7.0,4.0,8.056451612903226,4.0,5.25,0.8387096774193549,0.16129032258064516
sw_linucb,hybrid,z72_a0p5_hybrid_corr5_bsstablehie5_top10,12,3142,SOLUSDT,val_first,,3.852918172687292,2.195606356076063,61,1.3519069919321742,True,,,,,,,8.0,4.0,9.426229508196721,4.0,7.0,0.7868852459016393,0.21311475409836064
sw_linucb,hybrid,z72_a0p5_hybrid_corr5_bsstablehie5_top10,12,3142,SOLUSDT,val_second,,-5.418283493184417,9.415958535671177,63,0.6269615020268512,True,,,,,,,7.0,4.0,6.73015873015873,4.0,5.0,0.8888888888888888,0.1111111111111111
sw_linucb,hybrid,z72_a0p5_hybrid_corr5_bsstablehie5_top10,13,3142,BTCUSDT,val,2000.0,-4.626160803405943,5.884851171077743,119,0.6682092809594009,True,0.4865,0.2395,0.23950000000000005,0.7605,0.7605,0.7555,9.0,4.0,7.949579831932773,4.0,6.0,0.865546218487395,0.13445378151260504
sw_linucb,hybrid,z72_a0p5_hybrid_corr5_bsstablehie5_top10,13,3142,BTCUSDT,val_first,,-0.2450435049307642,3.177705561681232,57,0.9286435395636705,True,,,,,,,9.0,4.0,8.508771929824562,4.0,6.0,0.8245614035087719,0.17543859649122806
sw_linucb,hybrid,z72_a0p5_hybrid_corr5_bsstablehie5_top10,13,3142,BTCUSDT,val_second,,-4.391879313477254,5.27934794604763,62,0.49003631723350094,True,,,,,,,8.0,4.0,7.435483870967742,4.0,5.0,0.9032258064516129,0.0967741935483871
sw_linucb,hybrid,z72_a0p5_hybrid_corr5_bsstablehie5_top10,13,3142,ETHUSDT,val,2000.0,-5.716704272032292,9.613830255389866,116,0.6634010826844284,True,0.4255,0.2335,0.23350000000000004,0.7665,0.7665,0.763,7.0,4.0,7.241379310344827,4.0,5.0,0.8620689655172413,0.13793103448275862
sw_linucb,hybrid,z72_a0p5_hybrid_corr5_bsstablehie5_top10,13,3142,ETHUSDT,val_first,,-4.386780499789578,5.167631482347379,63,0.5384976944679132,True,,,,,,,7.0,4.0,5.841269841269841,4.0,4.5,0.8888888888888888,0.1111111111111111
sw_linucb,hybrid,z72_a0p5_hybrid_corr5_bsstablehie5_top10,13,3142,ETHUSDT,val_second,,-1.3909413145948735,5.70759498424872,52,0.796334581135631,True,,,,,,,7.5,4.0,8.384615384615385,4.0,4.25,0.8461538461538461,0.15384615384615385
sw_linucb,hybrid,z72_a0p5_hybrid_corr5_bsstablehie5_top10,13,3142,SOLUSDT,val,2000.0,-8.789545613080751,9.749983241673643,143,0.6418772859543875,True,0.4455,0.2875,0.2875,0.7125,0.7125,0.7075,7.0,4.0,5.734265734265734,4.0,4.0,0.916083916083916,0.08391608391608392
sw_linucb,hybrid,z72_a0p5_hybrid_corr5_bsstablehie5_top10,13,3142,SOLUSDT,val_first,,-2.384513804155075,3.3695633638938793,75,0.7647838253552189,True,,,,,,,7.0,4.0,6.013333333333334,4.0,4.0,0.8933333333333333,0.10666666666666667
sw_linucb,hybrid,z72_a0p5_hybrid_corr5_bsstablehie5_top10,13,3142,SOLUSDT,val_second,,-6.561491479000903,7.531274737655147,68,0.5172065530578095,True,,,,,,,7.0,4.0,5.426470588235294,4.0,4.0,0.9411764705882353,0.058823529411764705
sw_linucb,hybrid,z72_a0p5_hybrid_corr5_bsstablehie5_top10,14,3142,BTCUSDT,val,2000.0,-2.6998908062479954,3.9052433287311894,98,0.7794454857209184,True,0.432,0.1975,0.1975,0.8025,0.8025,0.7975,9.0,4.0,8.591836734693878,4.0,7.75,0.8061224489795918,0.19387755102040816
sw_linucb,hybrid,z72_a0p5_hybrid_corr5_bsstablehie5_top10,14,3142,BTCUSDT,val_first,,1.1469401131531276,1.58944701562721,38,1.1814699937423214,True,,,,,,,11.0,4.0,11.710526315789474,4.0,10.0,0.7105263157894737,0.2894736842105263
sw_linucb,hybrid,z72_a0p5_hybrid_corr5_bsstablehie5_top10,14,3142,BTCUSDT,val_second,,-3.8032103740337386,3.8463207728942406,60,0.517732769581556,True,,,,,,,9.0,4.0,6.616666666666666,4.0,5.25,0.8666666666666667,0.13333333333333333
sw_linucb,hybrid,z72_a0p5_hybrid_corr5_bsstablehie5_top10,14,3142,ETHUSDT,val,2000.0,-2.879432506756119,8.818476711361512,88,0.7749466331882078,True,0.429,0.1775,0.1775,0.8225,0.8225,0.8195,12.0,4.0,9.670454545454545,4.0,10.25,0.7045454545454546,0.29545454545454547
sw_linucb,hybrid,z72_a0p5_hybrid_corr5_bsstablehie5_top10,14,3142,ETHUSDT,val_first,,-2.0203176410961365,2.572525664603975,44,0.6503424370067891,True,,,,,,,13.0,7.0,9.795454545454545,4.0,11.75,0.6363636363636364,0.36363636363636365
sw_linucb,hybrid,z72_a0p5_hybrid_corr5_bsstablehie5_top10,14,3142,ETHUSDT,val_second,,-0.876829608931573,7.366744037511641,43,0.9583466223571938,True,,,,,,,9.0,4.0,8.953488372093023,4.0,6.0,0.7906976744186046,0.20930232558139536
sw_linucb,hybrid,z72_a0p5_hybrid_corr5_bsstablehie5_top10,14,3142,SOLUSDT,val,2000.0,-8.8044274273938,12.120596366984381,104,0.5870285817404618,True,0.4665,0.2095,0.20950000000000002,0.7905,0.7905,0.7855,9.0,4.0,8.567307692307692,4.0,5.25,0.8461538461538461,0.15384615384615385
sw_linucb,hybrid,z72_a0p5_hybrid_corr5_bsstablehie5_top10,14,3142,SOLUSDT,val_first,,-0.5242553017882012,3.8422697802579786,59,0.8800681595109445,True,,,,,,,7.5,4.0,6.898305084745763,4.0,4.0,0.864406779661017,0.13559322033898305
sw_linucb,hybrid,z72_a0p5_hybrid_corr5_bsstablehie5_top10,14,3142,SOLUSDT,val_second,,-8.323810141583643,11.325761278997915,45,0.4197744171516913,True,,,,,,,9.0,4.0,10.755555555555556,4.0,8.0,0.8222222222222222,0.17777777777777778
sw_linucb,hybrid,z72_a0p5_hybrid_corr5_bsstablehie5_top10,15,3142,BTCUSDT,val,2000.0,-3.358113136616636,6.002756994535052,122,0.7508425628080301,True,0.513,0.2455,0.24550000000000005,0.7545,0.7545,0.7495,8.0,4.0,8.188524590163935,4.0,5.0,0.8688524590163934,0.13114754098360656
sw_linucb,hybrid,z72_a0p5_hybrid_corr5_bsstablehie5_top10,15,3142,BTCUSDT,val_first,,-1.668920251317696,3.8408247037345578,66,0.7005466064895377,True,,,,,,,8.0,4.0,6.318181818181818,4.0,4.75,0.8636363636363636,0.13636363636363635
sw_linucb,hybrid,z72_a0p5_hybrid_corr5_bsstablehie5_top10,15,3142,BTCUSDT,val_second,,-1.717862642835033,4.511403132591907,55,0.7661156595875456,True,,,,,,,9.0,4.0,9.836363636363636,4.0,5.0,0.8909090909090909,0.10909090909090909
sw_linucb,hybrid,z72_a0p5_hybrid_corr5_bsstablehie5_top10,15,3142,ETHUSDT,val,2000.0,-4.788260307506997,7.340292657381509,110,0.6849805385408775,True,0.4375,0.2215,0.22150000000000003,0.7785,0.7785,0.777,10.0,4.0,7.909090909090909,4.0,6.0,0.7909090909090909,0.20909090909090908
sw_linucb,hybrid,z72_a0p5_hybrid_corr5_bsstablehie5_top10,15,3142,ETHUSDT,val_first,,-1.303601323694703,3.274682912701543,54,0.7249758161154811,True,,,,,,,10.0,4.0,7.388888888888889,4.0,5.75,0.8148148148148148,0.18518518518518517
sw_linucb,hybrid,z72_a0p5_hybrid_corr5_bsstablehie5_top10,15,3142,ETHUSDT,val_second,,-3.530685040738857,6.531428333464728,55,0.7318693591253824,True,,,,,,,7.0,4.0,7.636363636363637,4.0,7.0,0.7818181818181819,0.21818181818181817
sw_linucb,hybrid,z72_a0p5_hybrid_corr5_bsstablehie5_top10,15,3142,SOLUSDT,val,2000.0,-6.085265505883031,8.865504966270644,162,0.7463173342904169,True,0.515,0.3255,0.3255,0.6745,0.6745,0.6715,7.0,4.0,6.327160493827161,4.0,4.0,0.8765432098765432,0.12345679012345678
sw_linucb,hybrid,z72_a0p5_hybrid_corr5_bsstablehie5_top10,15,3142,SOLUSDT,val_first,,1.3468791365174537,2.2928079818274383,81,1.066455577657742,True,,,,,,,6.0,4.0,6.950617283950617,4.0,4.0,0.8518518518518519,0.14814814814814814
sw_linucb,hybrid,z72_a0p5_hybrid_corr5_bsstablehie5_top10,15,3142,SOLUSDT,val_second,,-7.333372971839768,7.999951963224139,81,0.5437558697269246,True,,,,,,,8.0,4.0,5.703703703703703,4.0,4.0,0.9012345679012346,0.09876543209876543
