interval_minutes,interval_label,symbol,z_window,use_calendar_scaled_indicators,feature,target,horizon_bars,horizon_hours,corr_method,raw_corr,abs_corr,n_rows,n_features
30,30m,BTCUSDT,192,True,dist_ema_72_z,target_log_ret_horizon_1,1,0.5,spearman,-0.030281866135817372,0.030281866135817372,45073,54
30,30m,BTCUSDT,192,True,dist_ema_72_z,target_log_ret_horizon_3,3,1.5,spearman,-0.03874812142507871,0.03874812142507871,45073,54
30,30m,BTCUSDT,192,True,dist_ema_72_z,target_log_ret_horizon_5,5,2.5,spearman,-0.03732344586034948,0.03732344586034948,45073,54
30,30m,BTCUSDT,192,True,dist_ema_72_z,target_log_ret_horizon_10,10,5.0,spearman,-0.03376230314624638,0.03376230314624638,45073,54
30,30m,BTCUSDT,192,True,dist_ema_72_z,target_log_ret_horizon_24,24,12.0,spearman,-0.018924008360766142,0.018924008360766142,45073,54
30,30m,BTCUSDT,192,True,ema_slope_72_z,target_log_ret_horizon_1,1,0.5,spearman,-0.014187851271743244,0.014187851271743244,45073,54
30,30m,BTCUSDT,192,True,ema_slope_72_z,target_log_ret_horizon_3,3,1.5,spearman,-0.02369778196105352,0.02369778196105352,45073,54
30,30m,BTCUSDT,192,True,ema_slope_72_z,target_log_ret_horizon_5,5,2.5,spearman,-0.025772665302625695,0.025772665302625695,45073,54
30,30m,BTCUSDT,192,True,ema_slope_72_z,target_log_ret_horizon_10,10,5.0,spearman,-0.024705786581148997,0.024705786581148997,45073,54
30,30m,BTCUSDT,192,True,ema_slope_72_z,target_log_ret_horizon_24,24,12.0,spearman,-0.01610623253405133,0.01610623253405133,45073,54
30,30m,BTCUSDT,192,True,dist_ema_168_z,target_log_ret_horizon_1,1,0.5,spearman,-0.021526875281757677,0.021526875281757677,45073,54
30,30m,BTCUSDT,192,True,dist_ema_168_z,target_log_ret_horizon_3,3,1.5,spearman,-0.0300464576506252,0.0300464576506252,45073,54
30,30m,BTCUSDT,192,True,dist_ema_168_z,target_log_ret_horizon_5,5,2.5,spearman,-0.030996434002538466,0.030996434002538466,45073,54
30,30m,BTCUSDT,192,True,dist_ema_168_z,target_log_ret_horizon_10,10,5.0,spearman,-0.029075010754662185,0.029075010754662185,45073,54
30,30m,BTCUSDT,192,True,dist_ema_168_z,target_log_ret_horizon_24,24,12.0,spearman,-0.014881057156402902,0.014881057156402902,45073,54
30,30m,BTCUSDT,192,True,ema_slope_168_z,target_log_ret_horizon_1,1,0.5,spearman,-0.009115400352034236,0.009115400352034236,45073,54
30,30m,BTCUSDT,192,True,ema_slope_168_z,target_log_ret_horizon_3,3,1.5,spearman,-0.01837442054764009,0.01837442054764009,45073,54
30,30m,BTCUSDT,192,True,ema_slope_168_z,target_log_ret_horizon_5,5,2.5,spearman,-0.02175105719666306,0.02175105719666306,45073,54
30,30m,BTCUSDT,192,True,ema_slope_168_z,target_log_ret_horizon_10,10,5.0,spearman,-0.021474311485562537,0.021474311485562537,45073,54
30,30m,BTCUSDT,192,True,ema_slope_168_z,target_log_ret_horizon_24,24,12.0,spearman,-0.012564296268396516,0.012564296268396516,45073,54
30,30m,BTCUSDT,192,True,dist_ema_400_z,target_log_ret_horizon_1,1,0.5,spearman,-0.015115104305589665,0.015115104305589665,45073,54
30,30m,BTCUSDT,192,True,dist_ema_400_z,target_log_ret_horizon_3,3,1.5,spearman,-0.022021115852567847,0.022021115852567847,45073,54
30,30m,BTCUSDT,192,True,dist_ema_400_z,target_log_ret_horizon_5,5,2.5,spearman,-0.02355326857348317,0.02355326857348317,45073,54
30,30m,BTCUSDT,192,True,dist_ema_400_z,target_log_ret_horizon_10,10,5.0,spearman,-0.02166840399201224,0.02166840399201224,45073,54
30,30m,BTCUSDT,192,True,dist_ema_400_z,target_log_ret_horizon_24,24,12.0,spearman,-0.009447746249067433,0.009447746249067433,45073,54
30,30m,BTCUSDT,192,True,ema_slope_400_z,target_log_ret_horizon_1,1,0.5,spearman,-0.005200139484037262,0.005200139484037262,45073,54
30,30m,BTCUSDT,192,True,ema_slope_400_z,target_log_ret_horizon_3,3,1.5,spearman,-0.012805175824868014,0.012805175824868014,45073,54
30,30m,BTCUSDT,192,True,ema_slope_400_z,target_log_ret_horizon_5,5,2.5,spearman,-0.016104965275070597,0.016104965275070597,45073,54
30,30m,BTCUSDT,192,True,ema_slope_400_z,target_log_ret_horizon_10,10,5.0,spearman,-0.01564498263938066,0.01564498263938066,45073,54
30,30m,BTCUSDT,192,True,ema_slope_400_z,target_log_ret_horizon_24,24,12.0,spearman,-0.008280727113772441,0.008280727113772441,45073,54
30,30m,BTCUSDT,192,True,dist_ema_800_z,target_log_ret_horizon_1,1,0.5,spearman,-0.012568493317320108,0.012568493317320108,45073,54
30,30m,BTCUSDT,192,True,dist_ema_800_z,target_log_ret_horizon_3,3,1.5,spearman,-0.01887030559701949,0.01887030559701949,45073,54
30,30m,BTCUSDT,192,True,dist_ema_800_z,target_log_ret_horizon_5,5,2.5,spearman,-0.02051035967959857,0.02051035967959857,45073,54
30,30m,BTCUSDT,192,True,dist_ema_800_z,target_log_ret_horizon_10,10,5.0,spearman,-0.018126622455663068,0.018126622455663068,45073,54
30,30m,BTCUSDT,192,True,dist_ema_800_z,target_log_ret_horizon_24,24,12.0,spearman,-0.006630846090951259,0.006630846090951259,45073,54
30,30m,BTCUSDT,192,True,ema_slope_800_z,target_log_ret_horizon_1,1,0.5,spearman,-0.00334739458428698,0.00334739458428698,45073,54
30,30m,BTCUSDT,192,True,ema_slope_800_z,target_log_ret_horizon_3,3,1.5,spearman,-0.010009301201835477,0.010009301201835477,45073,54
30,30m,BTCUSDT,192,True,ema_slope_800_z,target_log_ret_horizon_5,5,2.5,spearman,-0.013246688964894041,0.013246688964894041,45073,54
30,30m,BTCUSDT,192,True,ema_slope_800_z,target_log_ret_horizon_10,10,5.0,spearman,-0.01248224430552445,0.01248224430552445,45073,54
30,30m,BTCUSDT,192,True,ema_slope_800_z,target_log_ret_horizon_24,24,12.0,spearman,-0.005320831554472586,0.005320831554472586,45073,54
30,30m,BTCUSDT,192,True,dist_ema_1600_z,target_log_ret_horizon_1,1,0.5,spearman,-0.011762482735581004,0.011762482735581004,45073,54
30,30m,BTCUSDT,192,True,dist_ema_1600_z,target_log_ret_horizon_3,3,1.5,spearman,-0.01808689485751357,0.01808689485751357,45073,54
30,30m,BTCUSDT,192,True,dist_ema_1600_z,target_log_ret_horizon_5,5,2.5,spearman,-0.0198664378039118,0.0198664378039118,45073,54
30,30m,BTCUSDT,192,True,dist_ema_1600_z,target_log_ret_horizon_10,10,5.0,spearman,-0.017480653068706897,0.017480653068706897,45073,54
30,30m,BTCUSDT,192,True,dist_ema_1600_z,target_log_ret_horizon_24,24,12.0,spearman,-0.0069929842728799554,0.0069929842728799554,45073,54
30,30m,BTCUSDT,192,True,ema_slope_1600_z,target_log_ret_horizon_1,1,0.5,spearman,-0.0024663372729681245,0.0024663372729681245,45073,54
30,30m,BTCUSDT,192,True,ema_slope_1600_z,target_log_ret_horizon_3,3,1.5,spearman,-0.009042272264899275,0.009042272264899275,45073,54
30,30m,BTCUSDT,192,True,ema_slope_1600_z,target_log_ret_horizon_5,5,2.5,spearman,-0.012371281875236674,0.012371281875236674,45073,54
30,30m,BTCUSDT,192,True,ema_slope_1600_z,target_log_ret_horizon_10,10,5.0,spearman,-0.011509674470252454,0.011509674470252454,45073,54
30,30m,BTCUSDT,192,True,ema_slope_1600_z,target_log_ret_horizon_24,24,12.0,spearman,-0.0053022719584423506,0.0053022719584423506,45073,54
30,30m,BTCUSDT,192,True,ema_spread_72_168_z,target_log_ret_horizon_1,1,0.5,spearman,0.0026978835312630057,0.0026978835312630057,45073,54
30,30m,BTCUSDT,192,True,ema_spread_72_168_z,target_log_ret_horizon_3,3,1.5,spearman,-0.003896567488195254,0.003896567488195254,45073,54
30,30m,BTCUSDT,192,True,ema_spread_72_168_z,target_log_ret_horizon_5,5,2.5,spearman,-0.007372827407109278,0.007372827407109278,45073,54
30,30m,BTCUSDT,192,True,ema_spread_72_168_z,target_log_ret_horizon_10,10,5.0,spearman,-0.007779298924802462,0.007779298924802462,45073,54
30,30m,BTCUSDT,192,True,ema_spread_72_168_z,target_log_ret_horizon_24,24,12.0,spearman,-0.004773244991583849,0.004773244991583849,45073,54
30,30m,BTCUSDT,192,True,ema_spread_168_400_z,target_log_ret_horizon_1,1,0.5,spearman,0.006108163117288221,0.006108163117288221,45073,54
30,30m,BTCUSDT,192,True,ema_spread_168_400_z,target_log_ret_horizon_3,3,1.5,spearman,0.004166714926866502,0.004166714926866502,45073,54
30,30m,BTCUSDT,192,True,ema_spread_168_400_z,target_log_ret_horizon_5,5,2.5,spearman,0.0007827315167349704,0.0007827315167349704,45073,54
30,30m,BTCUSDT,192,True,ema_spread_168_400_z,target_log_ret_horizon_10,10,5.0,spearman,-0.0018550785576434401,0.0018550785576434401,45073,54
30,30m,BTCUSDT,192,True,ema_spread_168_400_z,target_log_ret_horizon_24,24,12.0,spearman,-0.002079734884866884,0.002079734884866884,45073,54
30,30m,BTCUSDT,192,True,ema_spread_400_800_z,target_log_ret_horizon_1,1,0.5,spearman,0.006906113809147063,0.006906113809147063,45073,54
30,30m,BTCUSDT,192,True,ema_spread_400_800_z,target_log_ret_horizon_3,3,1.5,spearman,0.005225330709145074,0.005225330709145074,45073,54
30,30m,BTCUSDT,192,True,ema_spread_400_800_z,target_log_ret_horizon_5,5,2.5,spearman,0.0027934974462759253,0.0027934974462759253,45073,54
30,30m,BTCUSDT,192,True,ema_spread_400_800_z,target_log_ret_horizon_10,10,5.0,spearman,0.003921232307212157,0.003921232307212157,45073,54
30,30m,BTCUSDT,192,True,ema_spread_400_800_z,target_log_ret_horizon_24,24,12.0,spearman,0.007146080555214941,0.007146080555214941,45073,54
30,30m,BTCUSDT,192,True,ema_spread_800_1600_z,target_log_ret_horizon_1,1,0.5,spearman,0.008677046249195013,0.008677046249195013,45073,54
30,30m,BTCUSDT,192,True,ema_spread_800_1600_z,target_log_ret_horizon_3,3,1.5,spearman,0.008258014892639923,0.008258014892639923,45073,54
30,30m,BTCUSDT,192,True,ema_spread_800_1600_z,target_log_ret_horizon_5,5,2.5,spearman,0.006383566646652734,0.006383566646652734,45073,54
30,30m,BTCUSDT,192,True,ema_spread_800_1600_z,target_log_ret_horizon_10,10,5.0,spearman,0.0049278960428233804,0.0049278960428233804,45073,54
30,30m,BTCUSDT,192,True,ema_spread_800_1600_z,target_log_ret_horizon_24,24,12.0,spearman,-0.00013676096011318726,0.00013676096011318726,45073,54
30,30m,BTCUSDT,192,True,MOM_pct_112_z,target_log_ret_horizon_1,1,0.5,spearman,-0.01330220353353512,0.01330220353353512,45073,54
30,30m,BTCUSDT,192,True,MOM_pct_112_z,target_log_ret_horizon_3,3,1.5,spearman,-0.023428430504304446,0.023428430504304446,45073,54
30,30m,BTCUSDT,192,True,MOM_pct_112_z,target_log_ret_horizon_5,5,2.5,spearman,-0.026252385742058265,0.026252385742058265,45073,54
30,30m,BTCUSDT,192,True,MOM_pct_112_z,target_log_ret_horizon_10,10,5.0,spearman,-0.026520829070237804,0.026520829070237804,45073,54
30,30m,BTCUSDT,192,True,MOM_pct_112_z,target_log_ret_horizon_24,24,12.0,spearman,-0.019664800536442043,0.019664800536442043,45073,54
30,30m,BTCUSDT,192,True,ADX_112_scaled,target_log_ret_horizon_1,1,0.5,spearman,0.0028645670593367,0.0028645670593367,45073,54
30,30m,BTCUSDT,192,True,ADX_112_scaled,target_log_ret_horizon_3,3,1.5,spearman,0.005956032595833581,0.005956032595833581,45073,54
30,30m,BTCUSDT,192,True,ADX_112_scaled,target_log_ret_horizon_5,5,2.5,spearman,0.008272856348985657,0.008272856348985657,45073,54
30,30m,BTCUSDT,192,True,ADX_112_scaled,target_log_ret_horizon_10,10,5.0,spearman,0.011220373045950785,0.011220373045950785,45073,54
30,30m,BTCUSDT,192,True,ADX_112_scaled,target_log_ret_horizon_24,24,12.0,spearman,0.015996772780500147,0.015996772780500147,45073,54
30,30m,BTCUSDT,192,True,RSI_112_bounded,target_log_ret_horizon_1,1,0.5,spearman,-0.008014740730373334,0.008014740730373334,45073,54
30,30m,BTCUSDT,192,True,RSI_112_bounded,target_log_ret_horizon_3,3,1.5,spearman,-0.011229873807446488,0.011229873807446488,45073,54
30,30m,BTCUSDT,192,True,RSI_112_bounded,target_log_ret_horizon_5,5,2.5,spearman,-0.012770571608613135,0.012770571608613135,45073,54
30,30m,BTCUSDT,192,True,RSI_112_bounded,target_log_ret_horizon_10,10,5.0,spearman,-0.014597705031369548,0.014597705031369548,45073,54
30,30m,BTCUSDT,192,True,RSI_112_bounded,target_log_ret_horizon_24,24,12.0,spearman,-0.010004377750922517,0.010004377750922517,45073,54
30,30m,BTCUSDT,192,True,MOM_pct_240_z,target_log_ret_horizon_1,1,0.5,spearman,-0.004294726467097385,0.004294726467097385,45073,54
30,30m,BTCUSDT,192,True,MOM_pct_240_z,target_log_ret_horizon_3,3,1.5,spearman,-0.007624145892171947,0.007624145892171947,45073,54
30,30m,BTCUSDT,192,True,MOM_pct_240_z,target_log_ret_horizon_5,5,2.5,spearman,-0.006589159900987453,0.006589159900987453,45073,54
30,30m,BTCUSDT,192,True,MOM_pct_240_z,target_log_ret_horizon_10,10,5.0,spearman,-0.0022300158998582345,0.0022300158998582345,45073,54
30,30m,BTCUSDT,192,True,MOM_pct_240_z,target_log_ret_horizon_24,24,12.0,spearman,0.014802258911892654,0.014802258911892654,45073,54
30,30m,BTCUSDT,192,True,ADX_240_scaled,target_log_ret_horizon_1,1,0.5,spearman,0.0035673798158758424,0.0035673798158758424,45073,54
30,30m,BTCUSDT,192,True,ADX_240_scaled,target_log_ret_horizon_3,3,1.5,spearman,0.008009048174239983,0.008009048174239983,45073,54
30,30m,BTCUSDT,192,True,ADX_240_scaled,target_log_ret_horizon_5,5,2.5,spearman,0.011304858471601164,0.011304858471601164,45073,54
30,30m,BTCUSDT,192,True,ADX_240_scaled,target_log_ret_horizon_10,10,5.0,spearman,0.014132555895414232,0.014132555895414232,45073,54
30,30m,BTCUSDT,192,True,ADX_240_scaled,target_log_ret_horizon_24,24,12.0,spearman,0.023584902973249524,0.023584902973249524,45073,54
30,30m,BTCUSDT,192,True,RSI_240_bounded,target_log_ret_horizon_1,1,0.5,spearman,-0.0007583021231371016,0.0007583021231371016,45073,54
30,30m,BTCUSDT,192,True,RSI_240_bounded,target_log_ret_horizon_3,3,1.5,spearman,0.00038702431158997265,0.00038702431158997265,45073,54
30,30m,BTCUSDT,192,True,RSI_240_bounded,target_log_ret_horizon_5,5,2.5,spearman,-5.427411160645435e-05,5.427411160645435e-05,45073,54
30,30m,BTCUSDT,192,True,RSI_240_bounded,target_log_ret_horizon_10,10,5.0,spearman,-0.0016466692124907617,0.0016466692124907617,45073,54
30,30m,BTCUSDT,192,True,RSI_240_bounded,target_log_ret_horizon_24,24,12.0,spearman,-0.0019246780494904117,0.0019246780494904117,45073,54
30,30m,BTCUSDT,192,True,MOM_pct_576_z,target_log_ret_horizon_1,1,0.5,spearman,-0.011926062263683842,0.011926062263683842,45073,54
30,30m,BTCUSDT,192,True,MOM_pct_576_z,target_log_ret_horizon_3,3,1.5,spearman,-0.021115519552542268,0.021115519552542268,45073,54
30,30m,BTCUSDT,192,True,MOM_pct_576_z,target_log_ret_horizon_5,5,2.5,spearman,-0.0240727458509026,0.0240727458509026,45073,54
30,30m,BTCUSDT,192,True,MOM_pct_576_z,target_log_ret_horizon_10,10,5.0,spearman,-0.026281154284753683,0.026281154284753683,45073,54
30,30m,BTCUSDT,192,True,MOM_pct_576_z,target_log_ret_horizon_24,24,12.0,spearman,-0.02160966149309664,0.02160966149309664,45073,54
30,30m,BTCUSDT,192,True,ADX_576_scaled,target_log_ret_horizon_1,1,0.5,spearman,0.0026995981182653247,0.0026995981182653247,45073,54
30,30m,BTCUSDT,192,True,ADX_576_scaled,target_log_ret_horizon_3,3,1.5,spearman,0.00834624410771577,0.00834624410771577,45073,54
30,30m,BTCUSDT,192,True,ADX_576_scaled,target_log_ret_horizon_5,5,2.5,spearman,0.011897634797826807,0.011897634797826807,45073,54
30,30m,BTCUSDT,192,True,ADX_576_scaled,target_log_ret_horizon_10,10,5.0,spearman,0.017716139051169387,0.017716139051169387,45073,54
30,30m,BTCUSDT,192,True,ADX_576_scaled,target_log_ret_horizon_24,24,12.0,spearman,0.031913856065387596,0.031913856065387596,45073,54
30,30m,BTCUSDT,192,True,RSI_576_bounded,target_log_ret_horizon_1,1,0.5,spearman,0.003689659068103535,0.003689659068103535,45073,54
30,30m,BTCUSDT,192,True,RSI_576_bounded,target_log_ret_horizon_3,3,1.5,spearman,0.008598060198478986,0.008598060198478986,45073,54
30,30m,BTCUSDT,192,True,RSI_576_bounded,target_log_ret_horizon_5,5,2.5,spearman,0.010037844778901302,0.010037844778901302,45073,54
30,30m,BTCUSDT,192,True,RSI_576_bounded,target_log_ret_horizon_10,10,5.0,spearman,0.008505444073709,0.008505444073709,45073,54
30,30m,BTCUSDT,192,True,RSI_576_bounded,target_log_ret_horizon_24,24,12.0,spearman,0.0066158003912675685,0.0066158003912675685,45073,54
30,30m,BTCUSDT,192,True,MACD_hist_pct_z,target_log_ret_horizon_1,1,0.5,spearman,-0.03679124652633737,0.03679124652633737,45073,54
30,30m,BTCUSDT,192,True,MACD_hist_pct_z,target_log_ret_horizon_3,3,1.5,spearman,-0.0407541371400792,0.0407541371400792,45073,54
30,30m,BTCUSDT,192,True,MACD_hist_pct_z,target_log_ret_horizon_5,5,2.5,spearman,-0.037668833838732686,0.037668833838732686,45073,54
30,30m,BTCUSDT,192,True,MACD_hist_pct_z,target_log_ret_horizon_10,10,5.0,spearman,-0.027778341514065878,0.027778341514065878,45073,54
30,30m,BTCUSDT,192,True,MACD_hist_pct_z,target_log_ret_horizon_24,24,12.0,spearman,0.012208406622776643,0.012208406622776643,45073,54
30,30m,BTCUSDT,192,True,NATR_14_z,target_log_ret_horizon_1,1,0.5,spearman,0.0076654008554303136,0.0076654008554303136,45073,54
30,30m,BTCUSDT,192,True,NATR_14_z,target_log_ret_horizon_3,3,1.5,spearman,0.01667917699658921,0.01667917699658921,45073,54
30,30m,BTCUSDT,192,True,NATR_14_z,target_log_ret_horizon_5,5,2.5,spearman,0.01667258584011545,0.01667258584011545,45073,54
30,30m,BTCUSDT,192,True,NATR_14_z,target_log_ret_horizon_10,10,5.0,spearman,0.019653873375814864,0.019653873375814864,45073,54
30,30m,BTCUSDT,192,True,NATR_14_z,target_log_ret_horizon_24,24,12.0,spearman,0.02504569262605509,0.02504569262605509,45073,54
30,30m,BTCUSDT,192,True,bb_width_20_sqrt_z,target_log_ret_horizon_1,1,0.5,spearman,0.00805499173284695,0.00805499173284695,45073,54
30,30m,BTCUSDT,192,True,bb_width_20_sqrt_z,target_log_ret_horizon_3,3,1.5,spearman,0.01620224461765225,0.01620224461765225,45073,54
30,30m,BTCUSDT,192,True,bb_width_20_sqrt_z,target_log_ret_horizon_5,5,2.5,spearman,0.0165458158108238,0.0165458158108238,45073,54
30,30m,BTCUSDT,192,True,bb_width_20_sqrt_z,target_log_ret_horizon_10,10,5.0,spearman,0.014408524730254847,0.014408524730254847,45073,54
30,30m,BTCUSDT,192,True,bb_width_20_sqrt_z,target_log_ret_horizon_24,24,12.0,spearman,0.024096599256759853,0.024096599256759853,45073,54
30,30m,BTCUSDT,192,True,bb_pos_20_norm,target_log_ret_horizon_1,1,0.5,spearman,-0.06482821112203566,0.06482821112203566,45073,54
30,30m,BTCUSDT,192,True,bb_pos_20_norm,target_log_ret_horizon_3,3,1.5,spearman,-0.07468899707223364,0.07468899707223364,45073,54
30,30m,BTCUSDT,192,True,bb_pos_20_norm,target_log_ret_horizon_5,5,2.5,spearman,-0.0708858262627826,0.0708858262627826,45073,54
30,30m,BTCUSDT,192,True,bb_pos_20_norm,target_log_ret_horizon_10,10,5.0,spearman,-0.06116694098748305,0.06116694098748305,45073,54
30,30m,BTCUSDT,192,True,bb_pos_20_norm,target_log_ret_horizon_24,24,12.0,spearman,-0.017305909623251587,0.017305909623251587,45073,54
30,30m,BTCUSDT,192,True,volatility_192_sqrt_z,target_log_ret_horizon_1,1,0.5,spearman,-0.000441547852198023,0.000441547852198023,45073,54
30,30m,BTCUSDT,192,True,volatility_192_sqrt_z,target_log_ret_horizon_3,3,1.5,spearman,0.003971837546848296,0.003971837546848296,45073,54
30,30m,BTCUSDT,192,True,volatility_192_sqrt_z,target_log_ret_horizon_5,5,2.5,spearman,0.0023790229804074585,0.0023790229804074585,45073,54
30,30m,BTCUSDT,192,True,volatility_192_sqrt_z,target_log_ret_horizon_10,10,5.0,spearman,0.0042061266691893594,0.0042061266691893594,45073,54
30,30m,BTCUSDT,192,True,volatility_192_sqrt_z,target_log_ret_horizon_24,24,12.0,spearman,-0.00034257618394397597,0.00034257618394397597,45073,54
30,30m,BTCUSDT,192,True,volatility_576_sqrt_z,target_log_ret_horizon_1,1,0.5,spearman,-0.0010418493458592161,0.0010418493458592161,45073,54
30,30m,BTCUSDT,192,True,volatility_576_sqrt_z,target_log_ret_horizon_3,3,1.5,spearman,0.001564545739347515,0.001564545739347515,45073,54
30,30m,BTCUSDT,192,True,volatility_576_sqrt_z,target_log_ret_horizon_5,5,2.5,spearman,0.003222302223453364,0.003222302223453364,45073,54
30,30m,BTCUSDT,192,True,volatility_576_sqrt_z,target_log_ret_horizon_10,10,5.0,spearman,0.004687335262538024,0.004687335262538024,45073,54
30,30m,BTCUSDT,192,True,volatility_576_sqrt_z,target_log_ret_horizon_24,24,12.0,spearman,0.007202892333291002,0.007202892333291002,45073,54
30,30m,BTCUSDT,192,True,volatility_1344_sqrt_z,target_log_ret_horizon_1,1,0.5,spearman,0.0053950069904496875,0.0053950069904496875,45073,54
30,30m,BTCUSDT,192,True,volatility_1344_sqrt_z,target_log_ret_horizon_3,3,1.5,spearman,0.015941137911030766,0.015941137911030766,45073,54
30,30m,BTCUSDT,192,True,volatility_1344_sqrt_z,target_log_ret_horizon_5,5,2.5,spearman,0.020400052014795923,0.020400052014795923,45073,54
30,30m,BTCUSDT,192,True,volatility_1344_sqrt_z,target_log_ret_horizon_10,10,5.0,spearman,0.027163314836656086,0.027163314836656086,45073,54
30,30m,BTCUSDT,192,True,volatility_1344_sqrt_z,target_log_ret_horizon_24,24,12.0,spearman,0.04410437855926824,0.04410437855926824,45073,54
30,30m,BTCUSDT,192,True,log_ret_48_z,target_log_ret_horizon_1,1,0.5,spearman,-0.01864814470871493,0.01864814470871493,45073,54
30,30m,BTCUSDT,192,True,log_ret_48_z,target_log_ret_horizon_3,3,1.5,spearman,-0.02768897874209317,0.02768897874209317,45073,54
30,30m,BTCUSDT,192,True,log_ret_48_z,target_log_ret_horizon_5,5,2.5,spearman,-0.02844269170046273,0.02844269170046273,45073,54
30,30m,BTCUSDT,192,True,log_ret_48_z,target_log_ret_horizon_10,10,5.0,spearman,-0.029899838046374604,0.029899838046374604,45073,54
30,30m,BTCUSDT,192,True,log_ret_48_z,target_log_ret_horizon_24,24,12.0,spearman,-0.03610441747236961,0.03610441747236961,45073,54
30,30m,BTCUSDT,192,True,log_ret_192_z,target_log_ret_horizon_1,1,0.5,spearman,-0.0030391953433358296,0.0030391953433358296,45073,54
30,30m,BTCUSDT,192,True,log_ret_192_z,target_log_ret_horizon_3,3,1.5,spearman,-0.003376510279297327,0.003376510279297327,45073,54
30,30m,BTCUSDT,192,True,log_ret_192_z,target_log_ret_horizon_5,5,2.5,spearman,-0.0006854596101709652,0.0006854596101709652,45073,54
30,30m,BTCUSDT,192,True,log_ret_192_z,target_log_ret_horizon_10,10,5.0,spearman,0.007789874727999491,0.007789874727999491,45073,54
30,30m,BTCUSDT,192,True,log_ret_192_z,target_log_ret_horizon_24,24,12.0,spearman,0.02351165104643946,0.02351165104643946,45073,54
30,30m,BTCUSDT,192,True,log_ret_576_z,target_log_ret_horizon_1,1,0.5,spearman,-0.01196364003621077,0.01196364003621077,45073,54
30,30m,BTCUSDT,192,True,log_ret_576_z,target_log_ret_horizon_3,3,1.5,spearman,-0.021189426410878696,0.021189426410878696,45073,54
30,30m,BTCUSDT,192,True,log_ret_576_z,target_log_ret_horizon_5,5,2.5,spearman,-0.02416472697808176,0.02416472697808176,45073,54
30,30m,BTCUSDT,192,True,log_ret_576_z,target_log_ret_horizon_10,10,5.0,spearman,-0.026395414398571973,0.026395414398571973,45073,54
30,30m,BTCUSDT,192,True,log_ret_576_z,target_log_ret_horizon_24,24,12.0,spearman,-0.02174062604611944,0.02174062604611944,45073,54
30,30m,BTCUSDT,192,True,log_ret_1344_z,target_log_ret_horizon_1,1,0.5,spearman,-0.0057683771045917214,0.0057683771045917214,45073,54
30,30m,BTCUSDT,192,True,log_ret_1344_z,target_log_ret_horizon_3,3,1.5,spearman,-0.009918605297666075,0.009918605297666075,45073,54
30,30m,BTCUSDT,192,True,log_ret_1344_z,target_log_ret_horizon_5,5,2.5,spearman,-0.008621975312724149,0.008621975312724149,45073,54
30,30m,BTCUSDT,192,True,log_ret_1344_z,target_log_ret_horizon_10,10,5.0,spearman,-0.004917809843243349,0.004917809843243349,45073,54
30,30m,BTCUSDT,192,True,log_ret_1344_z,target_log_ret_horizon_24,24,12.0,spearman,0.0065700093127443486,0.0065700093127443486,45073,54
30,30m,BTCUSDT,192,True,ret_accel_48_192_z,target_log_ret_horizon_1,1,0.5,spearman,-0.010000162926239332,0.010000162926239332,45073,54
30,30m,BTCUSDT,192,True,ret_accel_48_192_z,target_log_ret_horizon_3,3,1.5,spearman,-0.014438260005750922,0.014438260005750922,45073,54
30,30m,BTCUSDT,192,True,ret_accel_48_192_z,target_log_ret_horizon_5,5,2.5,spearman,-0.016272058051988437,0.016272058051988437,45073,54
30,30m,BTCUSDT,192,True,ret_accel_48_192_z,target_log_ret_horizon_10,10,5.0,spearman,-0.022796048058576796,0.022796048058576796,45073,54
30,30m,BTCUSDT,192,True,ret_accel_48_192_z,target_log_ret_horizon_24,24,12.0,spearman,-0.042286444973198715,0.042286444973198715,45073,54
30,30m,BTCUSDT,192,True,ret_accel_192_576_z,target_log_ret_horizon_1,1,0.5,spearman,0.004246395303004757,0.004246395303004757,45073,54
30,30m,BTCUSDT,192,True,ret_accel_192_576_z,target_log_ret_horizon_3,3,1.5,spearman,0.010264240433515202,0.010264240433515202,45073,54
30,30m,BTCUSDT,192,True,ret_accel_192_576_z,target_log_ret_horizon_5,5,2.5,spearman,0.01376310127698793,0.01376310127698793,45073,54
30,30m,BTCUSDT,192,True,ret_accel_192_576_z,target_log_ret_horizon_10,10,5.0,spearman,0.02273391946011013,0.02273391946011013,45073,54
30,30m,BTCUSDT,192,True,ret_accel_192_576_z,target_log_ret_horizon_24,24,12.0,spearman,0.028202897859906456,0.028202897859906456,45073,54
30,30m,BTCUSDT,192,True,ret_accel_576_1344_z,target_log_ret_horizon_1,1,0.5,spearman,-0.0028943488934560645,0.0028943488934560645,45073,54
30,30m,BTCUSDT,192,True,ret_accel_576_1344_z,target_log_ret_horizon_3,3,1.5,spearman,-0.007954125193656522,0.007954125193656522,45073,54
30,30m,BTCUSDT,192,True,ret_accel_576_1344_z,target_log_ret_horizon_5,5,2.5,spearman,-0.00958851558629158,0.00958851558629158,45073,54
30,30m,BTCUSDT,192,True,ret_accel_576_1344_z,target_log_ret_horizon_10,10,5.0,spearman,-0.01425178418037144,0.01425178418037144,45073,54
30,30m,BTCUSDT,192,True,ret_accel_576_1344_z,target_log_ret_horizon_24,24,12.0,spearman,-0.01718546391628026,0.01718546391628026,45073,54
30,30m,BTCUSDT,192,True,vol_ratio_192_log1p_z,target_log_ret_horizon_1,1,0.5,spearman,0.00660077101509186,0.00660077101509186,45073,54
30,30m,BTCUSDT,192,True,vol_ratio_192_log1p_z,target_log_ret_horizon_3,3,1.5,spearman,0.0023736507827372155,0.0023736507827372155,45073,54
30,30m,BTCUSDT,192,True,vol_ratio_192_log1p_z,target_log_ret_horizon_5,5,2.5,spearman,0.00034178851035654705,0.00034178851035654705,45073,54
30,30m,BTCUSDT,192,True,vol_ratio_192_log1p_z,target_log_ret_horizon_10,10,5.0,spearman,0.0026182404606855483,0.0026182404606855483,45073,54
30,30m,BTCUSDT,192,True,vol_ratio_192_log1p_z,target_log_ret_horizon_24,24,12.0,spearman,0.00027490386173340654,0.00027490386173340654,45073,54
30,30m,BTCUSDT,192,True,vol_ratio_576_log1p_z,target_log_ret_horizon_1,1,0.5,spearman,0.0053790836137063425,0.0053790836137063425,45073,54
30,30m,BTCUSDT,192,True,vol_ratio_576_log1p_z,target_log_ret_horizon_3,3,1.5,spearman,0.0013778477638910667,0.0013778477638910667,45073,54
30,30m,BTCUSDT,192,True,vol_ratio_576_log1p_z,target_log_ret_horizon_5,5,2.5,spearman,-0.0005315172914854953,0.0005315172914854953,45073,54
30,30m,BTCUSDT,192,True,vol_ratio_576_log1p_z,target_log_ret_horizon_10,10,5.0,spearman,0.0015679652419909663,0.0015679652419909663,45073,54
30,30m,BTCUSDT,192,True,vol_ratio_576_log1p_z,target_log_ret_horizon_24,24,12.0,spearman,-0.0028240757801163362,0.0028240757801163362,45073,54
30,30m,BTCUSDT,192,True,vol_ratio_1344_log1p_z,target_log_ret_horizon_1,1,0.5,spearman,0.005947123099411241,0.005947123099411241,45073,54
30,30m,BTCUSDT,192,True,vol_ratio_1344_log1p_z,target_log_ret_horizon_3,3,1.5,spearman,0.002650048717406251,0.002650048717406251,45073,54
30,30m,BTCUSDT,192,True,vol_ratio_1344_log1p_z,target_log_ret_horizon_5,5,2.5,spearman,0.0010827080736339025,0.0010827080736339025,45073,54
30,30m,BTCUSDT,192,True,vol_ratio_1344_log1p_z,target_log_ret_horizon_10,10,5.0,spearman,0.003451975826728648,0.003451975826728648,45073,54
30,30m,BTCUSDT,192,True,vol_ratio_1344_log1p_z,target_log_ret_horizon_24,24,12.0,spearman,-0.0006609005663790694,0.0006609005663790694,45073,54
30,30m,BTCUSDT,192,True,range_sqrt_z,target_log_ret_horizon_1,1,0.5,spearman,0.010689040130172932,0.010689040130172932,45073,54
30,30m,BTCUSDT,192,True,range_sqrt_z,target_log_ret_horizon_3,3,1.5,spearman,0.00939592781665629,0.00939592781665629,45073,54
30,30m,BTCUSDT,192,True,range_sqrt_z,target_log_ret_horizon_5,5,2.5,spearman,0.007467355482571935,0.007467355482571935,45073,54
30,30m,BTCUSDT,192,True,range_sqrt_z,target_log_ret_horizon_10,10,5.0,spearman,0.012474343146914231,0.012474343146914231,45073,54
30,30m,BTCUSDT,192,True,range_sqrt_z,target_log_ret_horizon_24,24,12.0,spearman,0.009183453364972645,0.009183453364972645,45073,54
30,30m,BTCUSDT,192,True,body_sqrt_z,target_log_ret_horizon_1,1,0.5,spearman,0.01030405340948153,0.01030405340948153,45073,54
30,30m,BTCUSDT,192,True,body_sqrt_z,target_log_ret_horizon_3,3,1.5,spearman,0.01417689893799928,0.01417689893799928,45073,54
30,30m,BTCUSDT,192,True,body_sqrt_z,target_log_ret_horizon_5,5,2.5,spearman,0.01028182916970267,0.01028182916970267,45073,54
30,30m,BTCUSDT,192,True,body_sqrt_z,target_log_ret_horizon_10,10,5.0,spearman,0.013825405368386147,0.013825405368386147,45073,54
30,30m,BTCUSDT,192,True,body_sqrt_z,target_log_ret_horizon_24,24,12.0,spearman,0.007878923976482878,0.007878923976482878,45073,54
30,30m,BTCUSDT,192,True,vol_expansion_192_log1p_z,target_log_ret_horizon_1,1,0.5,spearman,0.00996614832432833,0.00996614832432833,45073,54
30,30m,BTCUSDT,192,True,vol_expansion_192_log1p_z,target_log_ret_horizon_3,3,1.5,spearman,0.007005137406189148,0.007005137406189148,45073,54
30,30m,BTCUSDT,192,True,vol_expansion_192_log1p_z,target_log_ret_horizon_5,5,2.5,spearman,0.005080134446105427,0.005080134446105427,45073,54
30,30m,BTCUSDT,192,True,vol_expansion_192_log1p_z,target_log_ret_horizon_10,10,5.0,spearman,0.009013597056064254,0.009013597056064254,45073,54
30,30m,BTCUSDT,192,True,vol_expansion_192_log1p_z,target_log_ret_horizon_24,24,12.0,spearman,0.006091508889839389,0.006091508889839389,45073,54
30,30m,BTCUSDT,192,True,vol_expansion_576_log1p_z,target_log_ret_horizon_1,1,0.5,spearman,0.010143613544102963,0.010143613544102963,45073,54
30,30m,BTCUSDT,192,True,vol_expansion_576_log1p_z,target_log_ret_horizon_3,3,1.5,spearman,0.008360744400785242,0.008360744400785242,45073,54
30,30m,BTCUSDT,192,True,vol_expansion_576_log1p_z,target_log_ret_horizon_5,5,2.5,spearman,0.006218853032251795,0.006218853032251795,45073,54
30,30m,BTCUSDT,192,True,vol_expansion_576_log1p_z,target_log_ret_horizon_10,10,5.0,spearman,0.01069895107641875,0.01069895107641875,45073,54
30,30m,BTCUSDT,192,True,vol_expansion_576_log1p_z,target_log_ret_horizon_24,24,12.0,spearman,0.007151028536320834,0.007151028536320834,45073,54
30,30m,BTCUSDT,192,True,vol_expansion_1344_log1p_z,target_log_ret_horizon_1,1,0.5,spearman,0.010312369053536363,0.010312369053536363,45073,54
30,30m,BTCUSDT,192,True,vol_expansion_1344_log1p_z,target_log_ret_horizon_3,3,1.5,spearman,0.008836303857232603,0.008836303857232603,45073,54
30,30m,BTCUSDT,192,True,vol_expansion_1344_log1p_z,target_log_ret_horizon_5,5,2.5,spearman,0.006953725818743773,0.006953725818743773,45073,54
30,30m,BTCUSDT,192,True,vol_expansion_1344_log1p_z,target_log_ret_horizon_10,10,5.0,spearman,0.011581066175348114,0.011581066175348114,45073,54
30,30m,BTCUSDT,192,True,vol_expansion_1344_log1p_z,target_log_ret_horizon_24,24,12.0,spearman,0.00810581992909501,0.00810581992909501,45073,54
30,30m,BTCUSDT,192,True,dist_to_high_192_sqrt_z,target_log_ret_horizon_1,1,0.5,spearman,0.022077085916243896,0.022077085916243896,45073,54
30,30m,BTCUSDT,192,True,dist_to_high_192_sqrt_z,target_log_ret_horizon_3,3,1.5,spearman,0.03313864324663274,0.03313864324663274,45073,54
30,30m,BTCUSDT,192,True,dist_to_high_192_sqrt_z,target_log_ret_horizon_5,5,2.5,spearman,0.03256328816861748,0.03256328816861748,45073,54
30,30m,BTCUSDT,192,True,dist_to_high_192_sqrt_z,target_log_ret_horizon_10,10,5.0,spearman,0.030531603720458933,0.030531603720458933,45073,54
30,30m,BTCUSDT,192,True,dist_to_high_192_sqrt_z,target_log_ret_horizon_24,24,12.0,spearman,0.014711458319966692,0.014711458319966692,45073,54
30,30m,BTCUSDT,192,True,dist_to_low_192_sqrt_z,target_log_ret_horizon_1,1,0.5,spearman,-0.018846434173319864,0.018846434173319864,45073,54
30,30m,BTCUSDT,192,True,dist_to_low_192_sqrt_z,target_log_ret_horizon_3,3,1.5,spearman,-0.021925098792429383,0.021925098792429383,45073,54
30,30m,BTCUSDT,192,True,dist_to_low_192_sqrt_z,target_log_ret_horizon_5,5,2.5,spearman,-0.01965112336740387,0.01965112336740387,45073,54
30,30m,BTCUSDT,192,True,dist_to_low_192_sqrt_z,target_log_ret_horizon_10,10,5.0,spearman,-0.012140280665831437,0.012140280665831437,45073,54
30,30m,BTCUSDT,192,True,dist_to_low_192_sqrt_z,target_log_ret_horizon_24,24,12.0,spearman,0.011188940750401095,0.011188940750401095,45073,54
30,30m,BTCUSDT,192,True,price_pos_in_range_192_norm,target_log_ret_horizon_1,1,0.5,spearman,-0.01589209827457604,0.01589209827457604,45073,54
30,30m,BTCUSDT,192,True,price_pos_in_range_192_norm,target_log_ret_horizon_3,3,1.5,spearman,-0.022417320716754268,0.022417320716754268,45073,54
30,30m,BTCUSDT,192,True,price_pos_in_range_192_norm,target_log_ret_horizon_5,5,2.5,spearman,-0.024610658014873544,0.024610658014873544,45073,54
30,30m,BTCUSDT,192,True,price_pos_in_range_192_norm,target_log_ret_horizon_10,10,5.0,spearman,-0.025397358606340997,0.025397358606340997,45073,54
30,30m,BTCUSDT,192,True,price_pos_in_range_192_norm,target_log_ret_horizon_24,24,12.0,spearman,-0.017464888859767113,0.017464888859767113,45073,54
30,30m,BTCUSDT,192,True,dist_to_high_576_sqrt_z,target_log_ret_horizon_1,1,0.5,spearman,0.022383610411862997,0.022383610411862997,45073,54
30,30m,BTCUSDT,192,True,dist_to_high_576_sqrt_z,target_log_ret_horizon_3,3,1.5,spearman,0.03248362229742965,0.03248362229742965,45073,54
30,30m,BTCUSDT,192,True,dist_to_high_576_sqrt_z,target_log_ret_horizon_5,5,2.5,spearman,0.03432701236327588,0.03432701236327588,45073,54
30,30m,BTCUSDT,192,True,dist_to_high_576_sqrt_z,target_log_ret_horizon_10,10,5.0,spearman,0.036280872422444065,0.036280872422444065,45073,54
30,30m,BTCUSDT,192,True,dist_to_high_576_sqrt_z,target_log_ret_horizon_24,24,12.0,spearman,0.031696581596654366,0.031696581596654366,45073,54
30,30m,BTCUSDT,192,True,dist_to_low_576_sqrt_z,target_log_ret_horizon_1,1,0.5,spearman,-0.017518782944895943,0.017518782944895943,45073,54
30,30m,BTCUSDT,192,True,dist_to_low_576_sqrt_z,target_log_ret_horizon_3,3,1.5,spearman,-0.02228013966089903,0.02228013966089903,45073,54
30,30m,BTCUSDT,192,True,dist_to_low_576_sqrt_z,target_log_ret_horizon_5,5,2.5,spearman,-0.022935334708295466,0.022935334708295466,45073,54
30,30m,BTCUSDT,192,True,dist_to_low_576_sqrt_z,target_log_ret_horizon_10,10,5.0,spearman,-0.019743421908774057,0.019743421908774057,45073,54
30,30m,BTCUSDT,192,True,dist_to_low_576_sqrt_z,target_log_ret_horizon_24,24,12.0,spearman,-0.005738646579450823,0.005738646579450823,45073,54
30,30m,BTCUSDT,192,True,price_pos_in_range_576_norm,target_log_ret_horizon_1,1,0.5,spearman,-0.004973312943685062,0.004973312943685062,45073,54
30,30m,BTCUSDT,192,True,price_pos_in_range_576_norm,target_log_ret_horizon_3,3,1.5,spearman,-0.006228842448309951,0.006228842448309951,45073,54
30,30m,BTCUSDT,192,True,price_pos_in_range_576_norm,target_log_ret_horizon_5,5,2.5,spearman,-0.007046799984954876,0.007046799984954876,45073,54
30,30m,BTCUSDT,192,True,price_pos_in_range_576_norm,target_log_ret_horizon_10,10,5.0,spearman,-0.008606202880284948,0.008606202880284948,45073,54
30,30m,BTCUSDT,192,True,price_pos_in_range_576_norm,target_log_ret_horizon_24,24,12.0,spearman,-0.009382978275432843,0.009382978275432843,45073,54
30,30m,BTCUSDT,192,True,dist_to_high_1344_sqrt_z,target_log_ret_horizon_1,1,0.5,spearman,0.018033439829022342,0.018033439829022342,45073,54
30,30m,BTCUSDT,192,True,dist_to_high_1344_sqrt_z,target_log_ret_horizon_3,3,1.5,spearman,0.027603538817792705,0.027603538817792705,45073,54
30,30m,BTCUSDT,192,True,dist_to_high_1344_sqrt_z,target_log_ret_horizon_5,5,2.5,spearman,0.02917406944314182,0.02917406944314182,45073,54
30,30m,BTCUSDT,192,True,dist_to_high_1344_sqrt_z,target_log_ret_horizon_10,10,5.0,spearman,0.02917819910677345,0.02917819910677345,45073,54
30,30m,BTCUSDT,192,True,dist_to_high_1344_sqrt_z,target_log_ret_horizon_24,24,12.0,spearman,0.017339065920636235,0.017339065920636235,45073,54
30,30m,BTCUSDT,192,True,dist_to_low_1344_sqrt_z,target_log_ret_horizon_1,1,0.5,spearman,-0.01617669830182923,0.01617669830182923,45073,54
30,30m,BTCUSDT,192,True,dist_to_low_1344_sqrt_z,target_log_ret_horizon_3,3,1.5,spearman,-0.022055670677593946,0.022055670677593946,45073,54
30,30m,BTCUSDT,192,True,dist_to_low_1344_sqrt_z,target_log_ret_horizon_5,5,2.5,spearman,-0.02291313199263504,0.02291313199263504,45073,54
30,30m,BTCUSDT,192,True,dist_to_low_1344_sqrt_z,target_log_ret_horizon_10,10,5.0,spearman,-0.02326224845213895,0.02326224845213895,45073,54
30,30m,BTCUSDT,192,True,dist_to_low_1344_sqrt_z,target_log_ret_horizon_24,24,12.0,spearman,-0.011594870985848429,0.011594870985848429,45073,54
30,30m,BTCUSDT,192,True,price_pos_in_range_1344_norm,target_log_ret_horizon_1,1,0.5,spearman,-0.0016655880458595572,0.0016655880458595572,45073,54
30,30m,BTCUSDT,192,True,price_pos_in_range_1344_norm,target_log_ret_horizon_3,3,1.5,spearman,-0.000559370369632933,0.000559370369632933,45073,54
30,30m,BTCUSDT,192,True,price_pos_in_range_1344_norm,target_log_ret_horizon_5,5,2.5,spearman,-0.0007131338016629197,0.0007131338016629197,45073,54
30,30m,BTCUSDT,192,True,price_pos_in_range_1344_norm,target_log_ret_horizon_10,10,5.0,spearman,-0.004436023908881867,0.004436023908881867,45073,54
30,30m,BTCUSDT,192,True,price_pos_in_range_1344_norm,target_log_ret_horizon_24,24,12.0,spearman,-0.008681166495407712,0.008681166495407712,45073,54
30,30m,ETHUSDT,192,True,dist_ema_72_z,target_log_ret_horizon_1,1,0.5,spearman,-0.03046388149934763,0.03046388149934763,45073,54
30,30m,ETHUSDT,192,True,dist_ema_72_z,target_log_ret_horizon_3,3,1.5,spearman,-0.033494195587362496,0.033494195587362496,45073,54
30,30m,ETHUSDT,192,True,dist_ema_72_z,target_log_ret_horizon_5,5,2.5,spearman,-0.027000455566060972,0.027000455566060972,45073,54
30,30m,ETHUSDT,192,True,dist_ema_72_z,target_log_ret_horizon_10,10,5.0,spearman,-0.010695792744863987,0.010695792744863987,45073,54
30,30m,ETHUSDT,192,True,dist_ema_72_z,target_log_ret_horizon_24,24,12.0,spearman,0.006192337901343793,0.006192337901343793,45073,54
30,30m,ETHUSDT,192,True,ema_slope_72_z,target_log_ret_horizon_1,1,0.5,spearman,-0.015611715166852985,0.015611715166852985,45073,54
30,30m,ETHUSDT,192,True,ema_slope_72_z,target_log_ret_horizon_3,3,1.5,spearman,-0.02180882111992998,0.02180882111992998,45073,54
30,30m,ETHUSDT,192,True,ema_slope_72_z,target_log_ret_horizon_5,5,2.5,spearman,-0.01877094563527155,0.01877094563527155,45073,54
30,30m,ETHUSDT,192,True,ema_slope_72_z,target_log_ret_horizon_10,10,5.0,spearman,-0.0063918059588502045,0.0063918059588502045,45073,54
30,30m,ETHUSDT,192,True,ema_slope_72_z,target_log_ret_horizon_24,24,12.0,spearman,0.005000161627637302,0.005000161627637302,45073,54
30,30m,ETHUSDT,192,True,dist_ema_168_z,target_log_ret_horizon_1,1,0.5,spearman,-0.022453110219922398,0.022453110219922398,45073,54
30,30m,ETHUSDT,192,True,dist_ema_168_z,target_log_ret_horizon_3,3,1.5,spearman,-0.028470791538878867,0.028470791538878867,45073,54
30,30m,ETHUSDT,192,True,dist_ema_168_z,target_log_ret_horizon_5,5,2.5,spearman,-0.024166771838391582,0.024166771838391582,45073,54
30,30m,ETHUSDT,192,True,dist_ema_168_z,target_log_ret_horizon_10,10,5.0,spearman,-0.009853994204480505,0.009853994204480505,45073,54
30,30m,ETHUSDT,192,True,dist_ema_168_z,target_log_ret_horizon_24,24,12.0,spearman,0.0063003146780497635,0.0063003146780497635,45073,54
30,30m,ETHUSDT,192,True,ema_slope_168_z,target_log_ret_horizon_1,1,0.5,spearman,-0.011247541785968351,0.011247541785968351,45073,54
30,30m,ETHUSDT,192,True,ema_slope_168_z,target_log_ret_horizon_3,3,1.5,spearman,-0.019287624916898425,0.019287624916898425,45073,54
30,30m,ETHUSDT,192,True,ema_slope_168_z,target_log_ret_horizon_5,5,2.5,spearman,-0.01708542418071038,0.01708542418071038,45073,54
30,30m,ETHUSDT,192,True,ema_slope_168_z,target_log_ret_horizon_10,10,5.0,spearman,-0.005968721312243682,0.005968721312243682,45073,54
30,30m,ETHUSDT,192,True,ema_slope_168_z,target_log_ret_horizon_24,24,12.0,spearman,0.0051725201830854165,0.0051725201830854165,45073,54
30,30m,ETHUSDT,192,True,dist_ema_400_z,target_log_ret_horizon_1,1,0.5,spearman,-0.01728857648402114,0.01728857648402114,45073,54
30,30m,ETHUSDT,192,True,dist_ema_400_z,target_log_ret_horizon_3,3,1.5,spearman,-0.023244104613723362,0.023244104613723362,45073,54
30,30m,ETHUSDT,192,True,dist_ema_400_z,target_log_ret_horizon_5,5,2.5,spearman,-0.01924757206634254,0.01924757206634254,45073,54
30,30m,ETHUSDT,192,True,dist_ema_400_z,target_log_ret_horizon_10,10,5.0,spearman,-0.005085506427987608,0.005085506427987608,45073,54
30,30m,ETHUSDT,192,True,dist_ema_400_z,target_log_ret_horizon_24,24,12.0,spearman,0.010275756208678825,0.010275756208678825,45073,54
30,30m,ETHUSDT,192,True,ema_slope_400_z,target_log_ret_horizon_1,1,0.5,spearman,-0.007293566070635349,0.007293566070635349,45073,54
30,30m,ETHUSDT,192,True,ema_slope_400_z,target_log_ret_horizon_3,3,1.5,spearman,-0.014795037929372323,0.014795037929372323,45073,54
30,30m,ETHUSDT,192,True,ema_slope_400_z,target_log_ret_horizon_5,5,2.5,spearman,-0.012511479756658155,0.012511479756658155,45073,54
30,30m,ETHUSDT,192,True,ema_slope_400_z,target_log_ret_horizon_10,10,5.0,spearman,-0.0013361953999799143,0.0013361953999799143,45073,54
30,30m,ETHUSDT,192,True,ema_slope_400_z,target_log_ret_horizon_24,24,12.0,spearman,0.00902685388910379,0.00902685388910379,45073,54
30,30m,ETHUSDT,192,True,dist_ema_800_z,target_log_ret_horizon_1,1,0.5,spearman,-0.016218991981774986,0.016218991981774986,45073,54
30,30m,ETHUSDT,192,True,dist_ema_800_z,target_log_ret_horizon_3,3,1.5,spearman,-0.022561686833110387,0.022561686833110387,45073,54
30,30m,ETHUSDT,192,True,dist_ema_800_z,target_log_ret_horizon_5,5,2.5,spearman,-0.01986552282280429,0.01986552282280429,45073,54
30,30m,ETHUSDT,192,True,dist_ema_800_z,target_log_ret_horizon_10,10,5.0,spearman,-0.007829007412476966,0.007829007412476966,45073,54
30,30m,ETHUSDT,192,True,dist_ema_800_z,target_log_ret_horizon_24,24,12.0,spearman,0.005342026057359068,0.005342026057359068,45073,54
30,30m,ETHUSDT,192,True,ema_slope_800_z,target_log_ret_horizon_1,1,0.5,spearman,-0.006423218047357616,0.006423218047357616,45073,54
30,30m,ETHUSDT,192,True,ema_slope_800_z,target_log_ret_horizon_3,3,1.5,spearman,-0.014191303764982685,0.014191303764982685,45073,54
30,30m,ETHUSDT,192,True,ema_slope_800_z,target_log_ret_horizon_5,5,2.5,spearman,-0.013390215963213301,0.013390215963213301,45073,54
30,30m,ETHUSDT,192,True,ema_slope_800_z,target_log_ret_horizon_10,10,5.0,spearman,-0.004590661968437061,0.004590661968437061,45073,54
30,30m,ETHUSDT,192,True,ema_slope_800_z,target_log_ret_horizon_24,24,12.0,spearman,0.004364820665923262,0.004364820665923262,45073,54
30,30m,ETHUSDT,192,True,dist_ema_1600_z,target_log_ret_horizon_1,1,0.5,spearman,-0.016378995034869153,0.016378995034869153,45073,54
30,30m,ETHUSDT,192,True,dist_ema_1600_z,target_log_ret_horizon_3,3,1.5,spearman,-0.0235371316713745,0.0235371316713745,45073,54
30,30m,ETHUSDT,192,True,dist_ema_1600_z,target_log_ret_horizon_5,5,2.5,spearman,-0.022291564690443307,0.022291564690443307,45073,54
30,30m,ETHUSDT,192,True,dist_ema_1600_z,target_log_ret_horizon_10,10,5.0,spearman,-0.012194733685685974,0.012194733685685974,45073,54
30,30m,ETHUSDT,192,True,dist_ema_1600_z,target_log_ret_horizon_24,24,12.0,spearman,-0.0007637652644278086,0.0007637652644278086,45073,54
30,30m,ETHUSDT,192,True,ema_slope_1600_z,target_log_ret_horizon_1,1,0.5,spearman,-0.006569383537988325,0.006569383537988325,45073,54
30,30m,ETHUSDT,192,True,ema_slope_1600_z,target_log_ret_horizon_3,3,1.5,spearman,-0.015161837882737153,0.015161837882737153,45073,54
30,30m,ETHUSDT,192,True,ema_slope_1600_z,target_log_ret_horizon_5,5,2.5,spearman,-0.015837020800752784,0.015837020800752784,45073,54
30,30m,ETHUSDT,192,True,ema_slope_1600_z,target_log_ret_horizon_10,10,5.0,spearman,-0.009135620372743935,0.009135620372743935,45073,54
30,30m,ETHUSDT,192,True,ema_slope_1600_z,target_log_ret_horizon_24,24,12.0,spearman,-0.0015686555958663894,0.0015686555958663894,45073,54
30,30m,ETHUSDT,192,True,ema_spread_72_168_z,target_log_ret_horizon_1,1,0.5,spearman,0.0009096704099339055,0.0009096704099339055,45073,54
30,30m,ETHUSDT,192,True,ema_spread_72_168_z,target_log_ret_horizon_3,3,1.5,spearman,-0.006652166687726175,0.006652166687726175,45073,54
30,30m,ETHUSDT,192,True,ema_spread_72_168_z,target_log_ret_horizon_5,5,2.5,spearman,-0.005944686796894881,0.005944686796894881,45073,54
30,30m,ETHUSDT,192,True,ema_spread_72_168_z,target_log_ret_horizon_10,10,5.0,spearman,-0.0006399171997939683,0.0006399171997939683,45073,54
30,30m,ETHUSDT,192,True,ema_spread_72_168_z,target_log_ret_horizon_24,24,12.0,spearman,0.0015452971016194589,0.0015452971016194589,45073,54
30,30m,ETHUSDT,192,True,ema_spread_168_400_z,target_log_ret_horizon_1,1,0.5,spearman,0.004189131222276616,0.004189131222276616,45073,54
30,30m,ETHUSDT,192,True,ema_spread_168_400_z,target_log_ret_horizon_3,3,1.5,spearman,-0.001195936683608627,0.001195936683608627,45073,54
30,30m,ETHUSDT,192,True,ema_spread_168_400_z,target_log_ret_horizon_5,5,2.5,spearman,-0.0005215639705535711,0.0005215639705535711,45073,54
30,30m,ETHUSDT,192,True,ema_spread_168_400_z,target_log_ret_horizon_10,10,5.0,spearman,0.0016722993968406783,0.0016722993968406783,45073,54
30,30m,ETHUSDT,192,True,ema_spread_168_400_z,target_log_ret_horizon_24,24,12.0,spearman,0.0043590681230564615,0.0043590681230564615,45073,54
30,30m,ETHUSDT,192,True,ema_spread_400_800_z,target_log_ret_horizon_1,1,0.5,spearman,0.0022165047465087817,0.0022165047465087817,45073,54
30,30m,ETHUSDT,192,True,ema_spread_400_800_z,target_log_ret_horizon_3,3,1.5,spearman,-0.005157879870658341,0.005157879870658341,45073,54
30,30m,ETHUSDT,192,True,ema_spread_400_800_z,target_log_ret_horizon_5,5,2.5,spearman,-0.00952876848743474,0.00952876848743474,45073,54
30,30m,ETHUSDT,192,True,ema_spread_400_800_z,target_log_ret_horizon_10,10,5.0,spearman,-0.013878023820523866,0.013878023820523866,45073,54
30,30m,ETHUSDT,192,True,ema_spread_400_800_z,target_log_ret_horizon_24,24,12.0,spearman,-0.022088442028770396,0.022088442028770396,45073,54
30,30m,ETHUSDT,192,True,ema_spread_800_1600_z,target_log_ret_horizon_1,1,0.5,spearman,0.007155158688736907,0.007155158688736907,45073,54
30,30m,ETHUSDT,192,True,ema_spread_800_1600_z,target_log_ret_horizon_3,3,1.5,spearman,0.0034418310752427025,0.0034418310752427025,45073,54
30,30m,ETHUSDT,192,True,ema_spread_800_1600_z,target_log_ret_horizon_5,5,2.5,spearman,0.0007430590183202995,0.0007430590183202995,45073,54
30,30m,ETHUSDT,192,True,ema_spread_800_1600_z,target_log_ret_horizon_10,10,5.0,spearman,-0.002328481927491881,0.002328481927491881,45073,54
30,30m,ETHUSDT,192,True,ema_spread_800_1600_z,target_log_ret_horizon_24,24,12.0,spearman,-0.005982475094819079,0.005982475094819079,45073,54
30,30m,ETHUSDT,192,True,MOM_pct_112_z,target_log_ret_horizon_1,1,0.5,spearman,-0.015855051539984052,0.015855051539984052,45073,54
30,30m,ETHUSDT,192,True,MOM_pct_112_z,target_log_ret_horizon_3,3,1.5,spearman,-0.024674390147568826,0.024674390147568826,45073,54
30,30m,ETHUSDT,192,True,MOM_pct_112_z,target_log_ret_horizon_5,5,2.5,spearman,-0.02330638435402965,0.02330638435402965,45073,54
30,30m,ETHUSDT,192,True,MOM_pct_112_z,target_log_ret_horizon_10,10,5.0,spearman,-0.014782638637465992,0.014782638637465992,45073,54
30,30m,ETHUSDT,192,True,MOM_pct_112_z,target_log_ret_horizon_24,24,12.0,spearman,-0.008367476964210295,0.008367476964210295,45073,54
30,30m,ETHUSDT,192,True,ADX_112_scaled,target_log_ret_horizon_1,1,0.5,spearman,0.0012636417997547856,0.0012636417997547856,45073,54
30,30m,ETHUSDT,192,True,ADX_112_scaled,target_log_ret_horizon_3,3,1.5,spearman,0.005592730501861152,0.005592730501861152,45073,54
30,30m,ETHUSDT,192,True,ADX_112_scaled,target_log_ret_horizon_5,5,2.5,spearman,0.006208118416609425,0.006208118416609425,45073,54
30,30m,ETHUSDT,192,True,ADX_112_scaled,target_log_ret_horizon_10,10,5.0,spearman,0.009766659399546677,0.009766659399546677,45073,54
30,30m,ETHUSDT,192,True,ADX_112_scaled,target_log_ret_horizon_24,24,12.0,spearman,0.01376698279472551,0.01376698279472551,45073,54
30,30m,ETHUSDT,192,True,RSI_112_bounded,target_log_ret_horizon_1,1,0.5,spearman,-0.012360788843475221,0.012360788843475221,45073,54
30,30m,ETHUSDT,192,True,RSI_112_bounded,target_log_ret_horizon_3,3,1.5,spearman,-0.018431327910933423,0.018431327910933423,45073,54
30,30m,ETHUSDT,192,True,RSI_112_bounded,target_log_ret_horizon_5,5,2.5,spearman,-0.019259844085857836,0.019259844085857836,45073,54
30,30m,ETHUSDT,192,True,RSI_112_bounded,target_log_ret_horizon_10,10,5.0,spearman,-0.016766994702777316,0.016766994702777316,45073,54
30,30m,ETHUSDT,192,True,RSI_112_bounded,target_log_ret_horizon_24,24,12.0,spearman,-0.011998747616900696,0.011998747616900696,45073,54
30,30m,ETHUSDT,192,True,MOM_pct_240_z,target_log_ret_horizon_1,1,0.5,spearman,-0.009624268332929238,0.009624268332929238,45073,54
30,30m,ETHUSDT,192,True,MOM_pct_240_z,target_log_ret_horizon_3,3,1.5,spearman,-0.015579975053417251,0.015579975053417251,45073,54
30,30m,ETHUSDT,192,True,MOM_pct_240_z,target_log_ret_horizon_5,5,2.5,spearman,-0.01512070208912017,0.01512070208912017,45073,54
30,30m,ETHUSDT,192,True,MOM_pct_240_z,target_log_ret_horizon_10,10,5.0,spearman,-0.007984461104516748,0.007984461104516748,45073,54
30,30m,ETHUSDT,192,True,MOM_pct_240_z,target_log_ret_horizon_24,24,12.0,spearman,0.0036644857431977775,0.0036644857431977775,45073,54
30,30m,ETHUSDT,192,True,ADX_240_scaled,target_log_ret_horizon_1,1,0.5,spearman,0.0031662113457931874,0.0031662113457931874,45073,54
30,30m,ETHUSDT,192,True,ADX_240_scaled,target_log_ret_horizon_3,3,1.5,spearman,0.009157813663755869,0.009157813663755869,45073,54
30,30m,ETHUSDT,192,True,ADX_240_scaled,target_log_ret_horizon_5,5,2.5,spearman,0.013842800818361308,0.013842800818361308,45073,54
30,30m,ETHUSDT,192,True,ADX_240_scaled,target_log_ret_horizon_10,10,5.0,spearman,0.021181799336785437,0.021181799336785437,45073,54
30,30m,ETHUSDT,192,True,ADX_240_scaled,target_log_ret_horizon_24,24,12.0,spearman,0.03088408807413398,0.03088408807413398,45073,54
30,30m,ETHUSDT,192,True,RSI_240_bounded,target_log_ret_horizon_1,1,0.5,spearman,-0.00436709315637526,0.00436709315637526,45073,54
30,30m,ETHUSDT,192,True,RSI_240_bounded,target_log_ret_horizon_3,3,1.5,spearman,-0.008207405968629483,0.008207405968629483,45073,54
30,30m,ETHUSDT,192,True,RSI_240_bounded,target_log_ret_horizon_5,5,2.5,spearman,-0.009756429674466065,0.009756429674466065,45073,54
30,30m,ETHUSDT,192,True,RSI_240_bounded,target_log_ret_horizon_10,10,5.0,spearman,-0.011818753055680972,0.011818753055680972,45073,54
30,30m,ETHUSDT,192,True,RSI_240_bounded,target_log_ret_horizon_24,24,12.0,spearman,-0.013027567634908366,0.013027567634908366,45073,54
30,30m,ETHUSDT,192,True,MOM_pct_576_z,target_log_ret_horizon_1,1,0.5,spearman,-0.015747410395594248,0.015747410395594248,45073,54
30,30m,ETHUSDT,192,True,MOM_pct_576_z,target_log_ret_horizon_3,3,1.5,spearman,-0.024187639293956335,0.024187639293956335,45073,54
30,30m,ETHUSDT,192,True,MOM_pct_576_z,target_log_ret_horizon_5,5,2.5,spearman,-0.026906324116608617,0.026906324116608617,45073,54
30,30m,ETHUSDT,192,True,MOM_pct_576_z,target_log_ret_horizon_10,10,5.0,spearman,-0.026191372607929406,0.026191372607929406,45073,54
30,30m,ETHUSDT,192,True,MOM_pct_576_z,target_log_ret_horizon_24,24,12.0,spearman,-0.025024026803024815,0.025024026803024815,45073,54
30,30m,ETHUSDT,192,True,ADX_576_scaled,target_log_ret_horizon_1,1,0.5,spearman,-7.842613436272772e-05,7.842613436272772e-05,45073,54
30,30m,ETHUSDT,192,True,ADX_576_scaled,target_log_ret_horizon_3,3,1.5,spearman,0.0012300656160331872,0.0012300656160331872,45073,54
30,30m,ETHUSDT,192,True,ADX_576_scaled,target_log_ret_horizon_5,5,2.5,spearman,0.001968130113920098,0.001968130113920098,45073,54
30,30m,ETHUSDT,192,True,ADX_576_scaled,target_log_ret_horizon_10,10,5.0,spearman,0.005941861953514497,0.005941861953514497,45073,54
30,30m,ETHUSDT,192,True,ADX_576_scaled,target_log_ret_horizon_24,24,12.0,spearman,0.008371279782437454,0.008371279782437454,45073,54
30,30m,ETHUSDT,192,True,RSI_576_bounded,target_log_ret_horizon_1,1,0.5,spearman,-1.3898084401721541e-05,1.3898084401721541e-05,45073,54
30,30m,ETHUSDT,192,True,RSI_576_bounded,target_log_ret_horizon_3,3,1.5,spearman,-0.002020069696353044,0.002020069696353044,45073,54
30,30m,ETHUSDT,192,True,RSI_576_bounded,target_log_ret_horizon_5,5,2.5,spearman,-0.003214224831749262,0.003214224831749262,45073,54
30,30m,ETHUSDT,192,True,RSI_576_bounded,target_log_ret_horizon_10,10,5.0,spearman,-0.00821998433088343,0.00821998433088343,45073,54
30,30m,ETHUSDT,192,True,RSI_576_bounded,target_log_ret_horizon_24,24,12.0,spearman,-0.012768170755501383,0.012768170755501383,45073,54
30,30m,ETHUSDT,192,True,MACD_hist_pct_z,target_log_ret_horizon_1,1,0.5,spearman,-0.0389827641524636,0.0389827641524636,45073,54
30,30m,ETHUSDT,192,True,MACD_hist_pct_z,target_log_ret_horizon_3,3,1.5,spearman,-0.037858072270388045,0.037858072270388045,45073,54
30,30m,ETHUSDT,192,True,MACD_hist_pct_z,target_log_ret_horizon_5,5,2.5,spearman,-0.0313356509245535,0.0313356509245535,45073,54
30,30m,ETHUSDT,192,True,MACD_hist_pct_z,target_log_ret_horizon_10,10,5.0,spearman,-0.01705226763448436,0.01705226763448436,45073,54
30,30m,ETHUSDT,192,True,MACD_hist_pct_z,target_log_ret_horizon_24,24,12.0,spearman,0.016707066470547715,0.016707066470547715,45073,54
30,30m,ETHUSDT,192,True,NATR_14_z,target_log_ret_horizon_1,1,0.5,spearman,0.012994743637340855,0.012994743637340855,45073,54
30,30m,ETHUSDT,192,True,NATR_14_z,target_log_ret_horizon_3,3,1.5,spearman,0.018393261030035357,0.018393261030035357,45073,54
30,30m,ETHUSDT,192,True,NATR_14_z,target_log_ret_horizon_5,5,2.5,spearman,0.019015674587302713,0.019015674587302713,45073,54
30,30m,ETHUSDT,192,True,NATR_14_z,target_log_ret_horizon_10,10,5.0,spearman,0.024860795419559562,0.024860795419559562,45073,54
30,30m,ETHUSDT,192,True,NATR_14_z,target_log_ret_horizon_24,24,12.0,spearman,0.027580513745162266,0.027580513745162266,45073,54
30,30m,ETHUSDT,192,True,bb_width_20_sqrt_z,target_log_ret_horizon_1,1,0.5,spearman,0.009622259594852214,0.009622259594852214,45073,54
30,30m,ETHUSDT,192,True,bb_width_20_sqrt_z,target_log_ret_horizon_3,3,1.5,spearman,0.014178964172755135,0.014178964172755135,45073,54
30,30m,ETHUSDT,192,True,bb_width_20_sqrt_z,target_log_ret_horizon_5,5,2.5,spearman,0.01247272195892531,0.01247272195892531,45073,54
30,30m,ETHUSDT,192,True,bb_width_20_sqrt_z,target_log_ret_horizon_10,10,5.0,spearman,0.014983390743364411,0.014983390743364411,45073,54
30,30m,ETHUSDT,192,True,bb_width_20_sqrt_z,target_log_ret_horizon_24,24,12.0,spearman,0.029871345928820358,0.029871345928820358,45073,54
30,30m,ETHUSDT,192,True,bb_pos_20_norm,target_log_ret_horizon_1,1,0.5,spearman,-0.06140187063549073,0.06140187063549073,45073,54
30,30m,ETHUSDT,192,True,bb_pos_20_norm,target_log_ret_horizon_3,3,1.5,spearman,-0.06180073037380335,0.06180073037380335,45073,54
30,30m,ETHUSDT,192,True,bb_pos_20_norm,target_log_ret_horizon_5,5,2.5,spearman,-0.05231414324965426,0.05231414324965426,45073,54
30,30m,ETHUSDT,192,True,bb_pos_20_norm,target_log_ret_horizon_10,10,5.0,spearman,-0.0366206268289649,0.0366206268289649,45073,54
30,30m,ETHUSDT,192,True,bb_pos_20_norm,target_log_ret_horizon_24,24,12.0,spearman,-0.009135288572824682,0.009135288572824682,45073,54
30,30m,ETHUSDT,192,True,volatility_192_sqrt_z,target_log_ret_horizon_1,1,0.5,spearman,0.0008447036044142111,0.0008447036044142111,45073,54
30,30m,ETHUSDT,192,True,volatility_192_sqrt_z,target_log_ret_horizon_3,3,1.5,spearman,0.005580221388664151,0.005580221388664151,45073,54
30,30m,ETHUSDT,192,True,volatility_192_sqrt_z,target_log_ret_horizon_5,5,2.5,spearman,0.0019815683491043222,0.0019815683491043222,45073,54
30,30m,ETHUSDT,192,True,volatility_192_sqrt_z,target_log_ret_horizon_10,10,5.0,spearman,0.008648005363742639,0.008648005363742639,45073,54
30,30m,ETHUSDT,192,True,volatility_192_sqrt_z,target_log_ret_horizon_24,24,12.0,spearman,0.011986711398421748,0.011986711398421748,45073,54
30,30m,ETHUSDT,192,True,volatility_576_sqrt_z,target_log_ret_horizon_1,1,0.5,spearman,0.0026875311824679383,0.0026875311824679383,45073,54
30,30m,ETHUSDT,192,True,volatility_576_sqrt_z,target_log_ret_horizon_3,3,1.5,spearman,0.00655731000135328,0.00655731000135328,45073,54
30,30m,ETHUSDT,192,True,volatility_576_sqrt_z,target_log_ret_horizon_5,5,2.5,spearman,0.008133189275503348,0.008133189275503348,45073,54
30,30m,ETHUSDT,192,True,volatility_576_sqrt_z,target_log_ret_horizon_10,10,5.0,spearman,0.014982441379107697,0.014982441379107697,45073,54
30,30m,ETHUSDT,192,True,volatility_576_sqrt_z,target_log_ret_horizon_24,24,12.0,spearman,0.020707737882321203,0.020707737882321203,45073,54
30,30m,ETHUSDT,192,True,volatility_1344_sqrt_z,target_log_ret_horizon_1,1,0.5,spearman,0.003396156038951753,0.003396156038951753,45073,54
30,30m,ETHUSDT,192,True,volatility_1344_sqrt_z,target_log_ret_horizon_3,3,1.5,spearman,0.01001708560091309,0.01001708560091309,45073,54
30,30m,ETHUSDT,192,True,volatility_1344_sqrt_z,target_log_ret_horizon_5,5,2.5,spearman,0.012540614505494397,0.012540614505494397,45073,54
30,30m,ETHUSDT,192,True,volatility_1344_sqrt_z,target_log_ret_horizon_10,10,5.0,spearman,0.01776786725736703,0.01776786725736703,45073,54
30,30m,ETHUSDT,192,True,volatility_1344_sqrt_z,target_log_ret_horizon_24,24,12.0,spearman,0.025203186770059154,0.025203186770059154,45073,54
30,30m,ETHUSDT,192,True,log_ret_48_z,target_log_ret_horizon_1,1,0.5,spearman,-0.021043203643772806,0.021043203643772806,45073,54
30,30m,ETHUSDT,192,True,log_ret_48_z,target_log_ret_horizon_3,3,1.5,spearman,-0.02609412858742682,0.02609412858742682,45073,54
30,30m,ETHUSDT,192,True,log_ret_48_z,target_log_ret_horizon_5,5,2.5,spearman,-0.024305203802540427,0.024305203802540427,45073,54
30,30m,ETHUSDT,192,True,log_ret_48_z,target_log_ret_horizon_10,10,5.0,spearman,-0.01837065512651662,0.01837065512651662,45073,54
30,30m,ETHUSDT,192,True,log_ret_48_z,target_log_ret_horizon_24,24,12.0,spearman,-0.0194700743126331,0.0194700743126331,45073,54
30,30m,ETHUSDT,192,True,log_ret_192_z,target_log_ret_horizon_1,1,0.5,spearman,-0.005896800626363507,0.005896800626363507,45073,54
30,30m,ETHUSDT,192,True,log_ret_192_z,target_log_ret_horizon_3,3,1.5,spearman,-0.007173522599016636,0.007173522599016636,45073,54
30,30m,ETHUSDT,192,True,log_ret_192_z,target_log_ret_horizon_5,5,2.5,spearman,-0.0026842851320284184,0.0026842851320284184,45073,54
30,30m,ETHUSDT,192,True,log_ret_192_z,target_log_ret_horizon_10,10,5.0,spearman,0.010066869462033307,0.010066869462033307,45073,54
30,30m,ETHUSDT,192,True,log_ret_192_z,target_log_ret_horizon_24,24,12.0,spearman,0.021235900532941124,0.021235900532941124,45073,54
30,30m,ETHUSDT,192,True,log_ret_576_z,target_log_ret_horizon_1,1,0.5,spearman,-0.015792636449607544,0.015792636449607544,45073,54
30,30m,ETHUSDT,192,True,log_ret_576_z,target_log_ret_horizon_3,3,1.5,spearman,-0.024310521712313755,0.024310521712313755,45073,54
30,30m,ETHUSDT,192,True,log_ret_576_z,target_log_ret_horizon_5,5,2.5,spearman,-0.027049230158064055,0.027049230158064055,45073,54
30,30m,ETHUSDT,192,True,log_ret_576_z,target_log_ret_horizon_10,10,5.0,spearman,-0.026426856068537084,0.026426856068537084,45073,54
30,30m,ETHUSDT,192,True,log_ret_576_z,target_log_ret_horizon_24,24,12.0,spearman,-0.025446768890997576,0.025446768890997576,45073,54
30,30m,ETHUSDT,192,True,log_ret_1344_z,target_log_ret_horizon_1,1,0.5,spearman,-0.012892543324488522,0.012892543324488522,45073,54
30,30m,ETHUSDT,192,True,log_ret_1344_z,target_log_ret_horizon_3,3,1.5,spearman,-0.022490824899617925,0.022490824899617925,45073,54
30,30m,ETHUSDT,192,True,log_ret_1344_z,target_log_ret_horizon_5,5,2.5,spearman,-0.02196671640433468,0.02196671640433468,45073,54
30,30m,ETHUSDT,192,True,log_ret_1344_z,target_log_ret_horizon_10,10,5.0,spearman,-0.01727509801680962,0.01727509801680962,45073,54
30,30m,ETHUSDT,192,True,log_ret_1344_z,target_log_ret_horizon_24,24,12.0,spearman,-0.01581683673916649,0.01581683673916649,45073,54
30,30m,ETHUSDT,192,True,ret_accel_48_192_z,target_log_ret_horizon_1,1,0.5,spearman,-0.008680556192919022,0.008680556192919022,45073,54
30,30m,ETHUSDT,192,True,ret_accel_48_192_z,target_log_ret_horizon_3,3,1.5,spearman,-0.00850836937579026,0.00850836937579026,45073,54
30,30m,ETHUSDT,192,True,ret_accel_48_192_z,target_log_ret_horizon_5,5,2.5,spearman,-0.011377118692108383,0.011377118692108383,45073,54
30,30m,ETHUSDT,192,True,ret_accel_48_192_z,target_log_ret_horizon_10,10,5.0,spearman,-0.01745924354132089,0.01745924354132089,45073,54
30,30m,ETHUSDT,192,True,ret_accel_48_192_z,target_log_ret_horizon_24,24,12.0,spearman,-0.024934781980592506,0.024934781980592506,45073,54
30,30m,ETHUSDT,192,True,ret_accel_192_576_z,target_log_ret_horizon_1,1,0.5,spearman,0.0019580876476497306,0.0019580876476497306,45073,54
30,30m,ETHUSDT,192,True,ret_accel_192_576_z,target_log_ret_horizon_3,3,1.5,spearman,0.00471175498901727,0.00471175498901727,45073,54
30,30m,ETHUSDT,192,True,ret_accel_192_576_z,target_log_ret_horizon_5,5,2.5,spearman,0.008361206063284282,0.008361206063284282,45073,54
30,30m,ETHUSDT,192,True,ret_accel_192_576_z,target_log_ret_horizon_10,10,5.0,spearman,0.01617899387293452,0.01617899387293452,45073,54
30,30m,ETHUSDT,192,True,ret_accel_192_576_z,target_log_ret_horizon_24,24,12.0,spearman,0.017872366786588708,0.017872366786588708,45073,54
30,30m,ETHUSDT,192,True,ret_accel_576_1344_z,target_log_ret_horizon_1,1,0.5,spearman,-0.0017044803062164135,0.0017044803062164135,45073,54
30,30m,ETHUSDT,192,True,ret_accel_576_1344_z,target_log_ret_horizon_3,3,1.5,spearman,-0.0016056507850725208,0.0016056507850725208,45073,54
30,30m,ETHUSDT,192,True,ret_accel_576_1344_z,target_log_ret_horizon_5,5,2.5,spearman,-0.00290879618348048,0.00290879618348048,45073,54
30,30m,ETHUSDT,192,True,ret_accel_576_1344_z,target_log_ret_horizon_10,10,5.0,spearman,-0.00713818675884513,0.00713818675884513,45073,54
30,30m,ETHUSDT,192,True,ret_accel_576_1344_z,target_log_ret_horizon_24,24,12.0,spearman,-0.006688072120847059,0.006688072120847059,45073,54
30,30m,ETHUSDT,192,True,vol_ratio_192_log1p_z,target_log_ret_horizon_1,1,0.5,spearman,0.003714967434206216,0.003714967434206216,45073,54
30,30m,ETHUSDT,192,True,vol_ratio_192_log1p_z,target_log_ret_horizon_3,3,1.5,spearman,-0.0007958399222184111,0.0007958399222184111,45073,54
30,30m,ETHUSDT,192,True,vol_ratio_192_log1p_z,target_log_ret_horizon_5,5,2.5,spearman,-0.001811223248856235,0.001811223248856235,45073,54
30,30m,ETHUSDT,192,True,vol_ratio_192_log1p_z,target_log_ret_horizon_10,10,5.0,spearman,0.004151828021764667,0.004151828021764667,45073,54
30,30m,ETHUSDT,192,True,vol_ratio_192_log1p_z,target_log_ret_horizon_24,24,12.0,spearman,0.004856142798954187,0.004856142798954187,45073,54
30,30m,ETHUSDT,192,True,vol_ratio_576_log1p_z,target_log_ret_horizon_1,1,0.5,spearman,0.0027333245766682788,0.0027333245766682788,45073,54
30,30m,ETHUSDT,192,True,vol_ratio_576_log1p_z,target_log_ret_horizon_3,3,1.5,spearman,-0.0013306435124528263,0.0013306435124528263,45073,54
30,30m,ETHUSDT,192,True,vol_ratio_576_log1p_z,target_log_ret_horizon_5,5,2.5,spearman,-0.0024315698359364305,0.0024315698359364305,45073,54
30,30m,ETHUSDT,192,True,vol_ratio_576_log1p_z,target_log_ret_horizon_10,10,5.0,spearman,0.00463244391042248,0.00463244391042248,45073,54
30,30m,ETHUSDT,192,True,vol_ratio_576_log1p_z,target_log_ret_horizon_24,24,12.0,spearman,0.00707402920992048,0.00707402920992048,45073,54
30,30m,ETHUSDT,192,True,vol_ratio_1344_log1p_z,target_log_ret_horizon_1,1,0.5,spearman,0.0033246323310215176,0.0033246323310215176,45073,54
30,30m,ETHUSDT,192,True,vol_ratio_1344_log1p_z,target_log_ret_horizon_3,3,1.5,spearman,-8.466289623178243e-05,8.466289623178243e-05,45073,54
30,30m,ETHUSDT,192,True,vol_ratio_1344_log1p_z,target_log_ret_horizon_5,5,2.5,spearman,-0.0005760664434957898,0.0005760664434957898,45073,54
30,30m,ETHUSDT,192,True,vol_ratio_1344_log1p_z,target_log_ret_horizon_10,10,5.0,spearman,0.007822161179840364,0.007822161179840364,45073,54
30,30m,ETHUSDT,192,True,vol_ratio_1344_log1p_z,target_log_ret_horizon_24,24,12.0,spearman,0.011633708107756635,0.011633708107756635,45073,54
30,30m,ETHUSDT,192,True,range_sqrt_z,target_log_ret_horizon_1,1,0.5,spearman,0.014245092056656946,0.014245092056656946,45073,54
30,30m,ETHUSDT,192,True,range_sqrt_z,target_log_ret_horizon_3,3,1.5,spearman,0.01183443654435219,0.01183443654435219,45073,54
30,30m,ETHUSDT,192,True,range_sqrt_z,target_log_ret_horizon_5,5,2.5,spearman,0.008264315021250123,0.008264315021250123,45073,54
30,30m,ETHUSDT,192,True,range_sqrt_z,target_log_ret_horizon_10,10,5.0,spearman,0.01693417043113403,0.01693417043113403,45073,54
30,30m,ETHUSDT,192,True,range_sqrt_z,target_log_ret_horizon_24,24,12.0,spearman,0.01532217481336109,0.01532217481336109,45073,54
30,30m,ETHUSDT,192,True,body_sqrt_z,target_log_ret_horizon_1,1,0.5,spearman,0.0163274451220136,0.0163274451220136,45073,54
30,30m,ETHUSDT,192,True,body_sqrt_z,target_log_ret_horizon_3,3,1.5,spearman,0.011176357924279717,0.011176357924279717,45073,54
30,30m,ETHUSDT,192,True,body_sqrt_z,target_log_ret_horizon_5,5,2.5,spearman,0.005229180708205878,0.005229180708205878,45073,54
30,30m,ETHUSDT,192,True,body_sqrt_z,target_log_ret_horizon_10,10,5.0,spearman,0.013714198704542163,0.013714198704542163,45073,54
30,30m,ETHUSDT,192,True,body_sqrt_z,target_log_ret_horizon_24,24,12.0,spearman,0.012123602649461194,0.012123602649461194,45073,54
30,30m,ETHUSDT,192,True,vol_expansion_192_log1p_z,target_log_ret_horizon_1,1,0.5,spearman,0.013505313054541388,0.013505313054541388,45073,54
30,30m,ETHUSDT,192,True,vol_expansion_192_log1p_z,target_log_ret_horizon_3,3,1.5,spearman,0.008007933327574176,0.008007933327574176,45073,54
30,30m,ETHUSDT,192,True,vol_expansion_192_log1p_z,target_log_ret_horizon_5,5,2.5,spearman,0.0043656407210330385,0.0043656407210330385,45073,54
30,30m,ETHUSDT,192,True,vol_expansion_192_log1p_z,target_log_ret_horizon_10,10,5.0,spearman,0.010218683991766482,0.010218683991766482,45073,54
30,30m,ETHUSDT,192,True,vol_expansion_192_log1p_z,target_log_ret_horizon_24,24,12.0,spearman,0.005632297912722414,0.005632297912722414,45073,54
30,30m,ETHUSDT,192,True,vol_expansion_576_log1p_z,target_log_ret_horizon_1,1,0.5,spearman,0.013044528294374476,0.013044528294374476,45073,54
30,30m,ETHUSDT,192,True,vol_expansion_576_log1p_z,target_log_ret_horizon_3,3,1.5,spearman,0.009876522510662273,0.009876522510662273,45073,54
30,30m,ETHUSDT,192,True,vol_expansion_576_log1p_z,target_log_ret_horizon_5,5,2.5,spearman,0.005997485853566098,0.005997485853566098,45073,54
30,30m,ETHUSDT,192,True,vol_expansion_576_log1p_z,target_log_ret_horizon_10,10,5.0,spearman,0.013561144844973231,0.013561144844973231,45073,54
30,30m,ETHUSDT,192,True,vol_expansion_576_log1p_z,target_log_ret_horizon_24,24,12.0,spearman,0.011533169297790302,0.011533169297790302,45073,54
30,30m,ETHUSDT,192,True,vol_expansion_1344_log1p_z,target_log_ret_horizon_1,1,0.5,spearman,0.013953932157738012,0.013953932157738012,45073,54
30,30m,ETHUSDT,192,True,vol_expansion_1344_log1p_z,target_log_ret_horizon_3,3,1.5,spearman,0.011144961857085056,0.011144961857085056,45073,54
30,30m,ETHUSDT,192,True,vol_expansion_1344_log1p_z,target_log_ret_horizon_5,5,2.5,spearman,0.007641364795853463,0.007641364795853463,45073,54
30,30m,ETHUSDT,192,True,vol_expansion_1344_log1p_z,target_log_ret_horizon_10,10,5.0,spearman,0.016088498257129474,0.016088498257129474,45073,54
30,30m,ETHUSDT,192,True,vol_expansion_1344_log1p_z,target_log_ret_horizon_24,24,12.0,spearman,0.01465018118875293,0.01465018118875293,45073,54
30,30m,ETHUSDT,192,True,dist_to_high_192_sqrt_z,target_log_ret_horizon_1,1,0.5,spearman,0.024456470760147803,0.024456470760147803,45073,54
30,30m,ETHUSDT,192,True,dist_to_high_192_sqrt_z,target_log_ret_horizon_3,3,1.5,spearman,0.03093869875117242,0.03093869875117242,45073,54
30,30m,ETHUSDT,192,True,dist_to_high_192_sqrt_z,target_log_ret_horizon_5,5,2.5,spearman,0.02761316216210833,0.02761316216210833,45073,54
30,30m,ETHUSDT,192,True,dist_to_high_192_sqrt_z,target_log_ret_horizon_10,10,5.0,spearman,0.01767724432184095,0.01767724432184095,45073,54
30,30m,ETHUSDT,192,True,dist_to_high_192_sqrt_z,target_log_ret_horizon_24,24,12.0,spearman,-0.00249220474883184,0.00249220474883184,45073,54
30,30m,ETHUSDT,192,True,dist_to_low_192_sqrt_z,target_log_ret_horizon_1,1,0.5,spearman,-0.020916958174851476,0.020916958174851476,45073,54
30,30m,ETHUSDT,192,True,dist_to_low_192_sqrt_z,target_log_ret_horizon_3,3,1.5,spearman,-0.022694767762006657,0.022694767762006657,45073,54
30,30m,ETHUSDT,192,True,dist_to_low_192_sqrt_z,target_log_ret_horizon_5,5,2.5,spearman,-0.017626325256653332,0.017626325256653332,45073,54
30,30m,ETHUSDT,192,True,dist_to_low_192_sqrt_z,target_log_ret_horizon_10,10,5.0,spearman,-0.003281378551790637,0.003281378551790637,45073,54
30,30m,ETHUSDT,192,True,dist_to_low_192_sqrt_z,target_log_ret_horizon_24,24,12.0,spearman,0.015442719644264727,0.015442719644264727,45073,54
30,30m,ETHUSDT,192,True,price_pos_in_range_192_norm,target_log_ret_horizon_1,1,0.5,spearman,-0.01832642433235022,0.01832642433235022,45073,54
30,30m,ETHUSDT,192,True,price_pos_in_range_192_norm,target_log_ret_horizon_3,3,1.5,spearman,-0.024795671387294355,0.024795671387294355,45073,54
30,30m,ETHUSDT,192,True,price_pos_in_range_192_norm,target_log_ret_horizon_5,5,2.5,spearman,-0.024789766332505424,0.024789766332505424,45073,54
30,30m,ETHUSDT,192,True,price_pos_in_range_192_norm,target_log_ret_horizon_10,10,5.0,spearman,-0.018396108945904065,0.018396108945904065,45073,54
30,30m,ETHUSDT,192,True,price_pos_in_range_192_norm,target_log_ret_horizon_24,24,12.0,spearman,-0.009656672748950957,0.009656672748950957,45073,54
30,30m,ETHUSDT,192,True,dist_to_high_576_sqrt_z,target_log_ret_horizon_1,1,0.5,spearman,0.025794898902093164,0.025794898902093164,45073,54
30,30m,ETHUSDT,192,True,dist_to_high_576_sqrt_z,target_log_ret_horizon_3,3,1.5,spearman,0.033750538390866114,0.033750538390866114,45073,54
30,30m,ETHUSDT,192,True,dist_to_high_576_sqrt_z,target_log_ret_horizon_5,5,2.5,spearman,0.03264766323431927,0.03264766323431927,45073,54
30,30m,ETHUSDT,192,True,dist_to_high_576_sqrt_z,target_log_ret_horizon_10,10,5.0,spearman,0.027915925632790935,0.027915925632790935,45073,54
30,30m,ETHUSDT,192,True,dist_to_high_576_sqrt_z,target_log_ret_horizon_24,24,12.0,spearman,0.018959445227934864,0.018959445227934864,45073,54
30,30m,ETHUSDT,192,True,dist_to_low_576_sqrt_z,target_log_ret_horizon_1,1,0.5,spearman,-0.01974530142126845,0.01974530142126845,45073,54
30,30m,ETHUSDT,192,True,dist_to_low_576_sqrt_z,target_log_ret_horizon_3,3,1.5,spearman,-0.023185059621487446,0.023185059621487446,45073,54
30,30m,ETHUSDT,192,True,dist_to_low_576_sqrt_z,target_log_ret_horizon_5,5,2.5,spearman,-0.021095050609026,0.021095050609026,45073,54
30,30m,ETHUSDT,192,True,dist_to_low_576_sqrt_z,target_log_ret_horizon_10,10,5.0,spearman,-0.009020018390967803,0.009020018390967803,45073,54
30,30m,ETHUSDT,192,True,dist_to_low_576_sqrt_z,target_log_ret_horizon_24,24,12.0,spearman,0.005648219306433416,0.005648219306433416,45073,54
30,30m,ETHUSDT,192,True,price_pos_in_range_576_norm,target_log_ret_horizon_1,1,0.5,spearman,-0.00881236017253238,0.00881236017253238,45073,54
30,30m,ETHUSDT,192,True,price_pos_in_range_576_norm,target_log_ret_horizon_3,3,1.5,spearman,-0.014443271380696145,0.014443271380696145,45073,54
30,30m,ETHUSDT,192,True,price_pos_in_range_576_norm,target_log_ret_horizon_5,5,2.5,spearman,-0.017148261661497965,0.017148261661497965,45073,54
30,30m,ETHUSDT,192,True,price_pos_in_range_576_norm,target_log_ret_horizon_10,10,5.0,spearman,-0.021381413836820743,0.021381413836820743,45073,54
30,30m,ETHUSDT,192,True,price_pos_in_range_576_norm,target_log_ret_horizon_24,24,12.0,spearman,-0.02241419257047517,0.02241419257047517,45073,54
30,30m,ETHUSDT,192,True,dist_to_high_1344_sqrt_z,target_log_ret_horizon_1,1,0.5,spearman,0.024988252386916748,0.024988252386916748,45073,54
30,30m,ETHUSDT,192,True,dist_to_high_1344_sqrt_z,target_log_ret_horizon_3,3,1.5,spearman,0.035203314554483105,0.035203314554483105,45073,54
30,30m,ETHUSDT,192,True,dist_to_high_1344_sqrt_z,target_log_ret_horizon_5,5,2.5,spearman,0.036612907231926894,0.036612907231926894,45073,54
30,30m,ETHUSDT,192,True,dist_to_high_1344_sqrt_z,target_log_ret_horizon_10,10,5.0,spearman,0.032223066551686476,0.032223066551686476,45073,54
30,30m,ETHUSDT,192,True,dist_to_high_1344_sqrt_z,target_log_ret_horizon_24,24,12.0,spearman,0.02996179010522025,0.02996179010522025,45073,54
30,30m,ETHUSDT,192,True,dist_to_low_1344_sqrt_z,target_log_ret_horizon_1,1,0.5,spearman,-0.019791738270754634,0.019791738270754634,45073,54
30,30m,ETHUSDT,192,True,dist_to_low_1344_sqrt_z,target_log_ret_horizon_3,3,1.5,spearman,-0.027539288611384934,0.027539288611384934,45073,54
30,30m,ETHUSDT,192,True,dist_to_low_1344_sqrt_z,target_log_ret_horizon_5,5,2.5,spearman,-0.026646785950496715,0.026646785950496715,45073,54
30,30m,ETHUSDT,192,True,dist_to_low_1344_sqrt_z,target_log_ret_horizon_10,10,5.0,spearman,-0.019162792701300564,0.019162792701300564,45073,54
30,30m,ETHUSDT,192,True,dist_to_low_1344_sqrt_z,target_log_ret_horizon_24,24,12.0,spearman,-0.013356922537220988,0.013356922537220988,45073,54
30,30m,ETHUSDT,192,True,price_pos_in_range_1344_norm,target_log_ret_horizon_1,1,0.5,spearman,-0.004850807114970937,0.004850807114970937,45073,54
30,30m,ETHUSDT,192,True,price_pos_in_range_1344_norm,target_log_ret_horizon_3,3,1.5,spearman,-0.010110812930447766,0.010110812930447766,45073,54
30,30m,ETHUSDT,192,True,price_pos_in_range_1344_norm,target_log_ret_horizon_5,5,2.5,spearman,-0.01248199671502484,0.01248199671502484,45073,54
30,30m,ETHUSDT,192,True,price_pos_in_range_1344_norm,target_log_ret_horizon_10,10,5.0,spearman,-0.01949955923006372,0.01949955923006372,45073,54
30,30m,ETHUSDT,192,True,price_pos_in_range_1344_norm,target_log_ret_horizon_24,24,12.0,spearman,-0.025443132049462594,0.025443132049462594,45073,54
30,30m,SOLUSDT,192,True,dist_ema_72_z,target_log_ret_horizon_1,1,0.5,spearman,-0.026112058196449277,0.026112058196449277,45073,54
30,30m,SOLUSDT,192,True,dist_ema_72_z,target_log_ret_horizon_3,3,1.5,spearman,-0.02755307251269244,0.02755307251269244,45073,54
30,30m,SOLUSDT,192,True,dist_ema_72_z,target_log_ret_horizon_5,5,2.5,spearman,-0.021099966861062674,0.021099966861062674,45073,54
30,30m,SOLUSDT,192,True,dist_ema_72_z,target_log_ret_horizon_10,10,5.0,spearman,-0.013469103976640364,0.013469103976640364,45073,54
30,30m,SOLUSDT,192,True,dist_ema_72_z,target_log_ret_horizon_24,24,12.0,spearman,0.004518195035768055,0.004518195035768055,45073,54
30,30m,SOLUSDT,192,True,ema_slope_72_z,target_log_ret_horizon_1,1,0.5,spearman,-0.012827200223233547,0.012827200223233547,45073,54
30,30m,SOLUSDT,192,True,ema_slope_72_z,target_log_ret_horizon_3,3,1.5,spearman,-0.01780167184063638,0.01780167184063638,45073,54
30,30m,SOLUSDT,192,True,ema_slope_72_z,target_log_ret_horizon_5,5,2.5,spearman,-0.014813288408341965,0.014813288408341965,45073,54
30,30m,SOLUSDT,192,True,ema_slope_72_z,target_log_ret_horizon_10,10,5.0,spearman,-0.00785380155013725,0.00785380155013725,45073,54
30,30m,SOLUSDT,192,True,ema_slope_72_z,target_log_ret_horizon_24,24,12.0,spearman,0.007576354661691401,0.007576354661691401,45073,54
30,30m,SOLUSDT,192,True,dist_ema_168_z,target_log_ret_horizon_1,1,0.5,spearman,-0.01731874202991264,0.01731874202991264,45073,54
30,30m,SOLUSDT,192,True,dist_ema_168_z,target_log_ret_horizon_3,3,1.5,spearman,-0.01895742414743574,0.01895742414743574,45073,54
30,30m,SOLUSDT,192,True,dist_ema_168_z,target_log_ret_horizon_5,5,2.5,spearman,-0.012973005291142745,0.012973005291142745,45073,54
30,30m,SOLUSDT,192,True,dist_ema_168_z,target_log_ret_horizon_10,10,5.0,spearman,-0.004910402789592689,0.004910402789592689,45073,54
30,30m,SOLUSDT,192,True,dist_ema_168_z,target_log_ret_horizon_24,24,12.0,spearman,0.01393448805159349,0.01393448805159349,45073,54
30,30m,SOLUSDT,192,True,ema_slope_168_z,target_log_ret_horizon_1,1,0.5,spearman,-0.006970362535381099,0.006970362535381099,45073,54
30,30m,SOLUSDT,192,True,ema_slope_168_z,target_log_ret_horizon_3,3,1.5,spearman,-0.010974450257630618,0.010974450257630618,45073,54
30,30m,SOLUSDT,192,True,ema_slope_168_z,target_log_ret_horizon_5,5,2.5,spearman,-0.007263827820837485,0.007263827820837485,45073,54
30,30m,SOLUSDT,192,True,ema_slope_168_z,target_log_ret_horizon_10,10,5.0,spearman,0.0002547061300131288,0.0002547061300131288,45073,54
30,30m,SOLUSDT,192,True,ema_slope_168_z,target_log_ret_horizon_24,24,12.0,spearman,0.015253265337850447,0.015253265337850447,45073,54
30,30m,SOLUSDT,192,True,dist_ema_400_z,target_log_ret_horizon_1,1,0.5,spearman,-0.013422723029768076,0.013422723029768076,45073,54
30,30m,SOLUSDT,192,True,dist_ema_400_z,target_log_ret_horizon_3,3,1.5,spearman,-0.01583058132461428,0.01583058132461428,45073,54
30,30m,SOLUSDT,192,True,dist_ema_400_z,target_log_ret_horizon_5,5,2.5,spearman,-0.010214138637088963,0.010214138637088963,45073,54
30,30m,SOLUSDT,192,True,dist_ema_400_z,target_log_ret_horizon_10,10,5.0,spearman,-0.002155959781838312,0.002155959781838312,45073,54
30,30m,SOLUSDT,192,True,dist_ema_400_z,target_log_ret_horizon_24,24,12.0,spearman,0.01606650986706103,0.01606650986706103,45073,54
30,30m,SOLUSDT,192,True,ema_slope_400_z,target_log_ret_horizon_1,1,0.5,spearman,-0.0045593927830458346,0.0045593927830458346,45073,54
30,30m,SOLUSDT,192,True,ema_slope_400_z,target_log_ret_horizon_3,3,1.5,spearman,-0.009127904774802312,0.009127904774802312,45073,54
30,30m,SOLUSDT,192,True,ema_slope_400_z,target_log_ret_horizon_5,5,2.5,spearman,-0.005599859197731243,0.005599859197731243,45073,54
30,30m,SOLUSDT,192,True,ema_slope_400_z,target_log_ret_horizon_10,10,5.0,spearman,0.002003771535746317,0.002003771535746317,45073,54
30,30m,SOLUSDT,192,True,ema_slope_400_z,target_log_ret_horizon_24,24,12.0,spearman,0.01604719264930839,0.01604719264930839,45073,54
30,30m,SOLUSDT,192,True,dist_ema_800_z,target_log_ret_horizon_1,1,0.5,spearman,-0.013344885436841218,0.013344885436841218,45073,54
30,30m,SOLUSDT,192,True,dist_ema_800_z,target_log_ret_horizon_3,3,1.5,spearman,-0.01628985399367193,0.01628985399367193,45073,54
30,30m,SOLUSDT,192,True,dist_ema_800_z,target_log_ret_horizon_5,5,2.5,spearman,-0.010911450444892088,0.010911450444892088,45073,54
30,30m,SOLUSDT,192,True,dist_ema_800_z,target_log_ret_horizon_10,10,5.0,spearman,-0.0034975973526200394,0.0034975973526200394,45073,54
30,30m,SOLUSDT,192,True,dist_ema_800_z,target_log_ret_horizon_24,24,12.0,spearman,0.01471024544809103,0.01471024544809103,45073,54
30,30m,SOLUSDT,192,True,ema_slope_800_z,target_log_ret_horizon_1,1,0.5,spearman,-0.004833431746578167,0.004833431746578167,45073,54
30,30m,SOLUSDT,192,True,ema_slope_800_z,target_log_ret_horizon_3,3,1.5,spearman,-0.00980681669934056,0.00980681669934056,45073,54
30,30m,SOLUSDT,192,True,ema_slope_800_z,target_log_ret_horizon_5,5,2.5,spearman,-0.006606187560240167,0.006606187560240167,45073,54
30,30m,SOLUSDT,192,True,ema_slope_800_z,target_log_ret_horizon_10,10,5.0,spearman,0.00021354882993080307,0.00021354882993080307,45073,54
30,30m,SOLUSDT,192,True,ema_slope_800_z,target_log_ret_horizon_24,24,12.0,spearman,0.015076529833311871,0.015076529833311871,45073,54
30,30m,SOLUSDT,192,True,dist_ema_1600_z,target_log_ret_horizon_1,1,0.5,spearman,-0.012666366420053681,0.012666366420053681,45073,54
30,30m,SOLUSDT,192,True,dist_ema_1600_z,target_log_ret_horizon_3,3,1.5,spearman,-0.015136896616372948,0.015136896616372948,45073,54
30,30m,SOLUSDT,192,True,dist_ema_1600_z,target_log_ret_horizon_5,5,2.5,spearman,-0.00959146252029338,0.00959146252029338,45073,54
30,30m,SOLUSDT,192,True,dist_ema_1600_z,target_log_ret_horizon_10,10,5.0,spearman,-0.0022943448789977646,0.0022943448789977646,45073,54
30,30m,SOLUSDT,192,True,dist_ema_1600_z,target_log_ret_horizon_24,24,12.0,spearman,0.01685705187725034,0.01685705187725034,45073,54
30,30m,SOLUSDT,192,True,ema_slope_1600_z,target_log_ret_horizon_1,1,0.5,spearman,-0.004510353763006761,0.004510353763006761,45073,54
30,30m,SOLUSDT,192,True,ema_slope_1600_z,target_log_ret_horizon_3,3,1.5,spearman,-0.009083239705591238,0.009083239705591238,45073,54
30,30m,SOLUSDT,192,True,ema_slope_1600_z,target_log_ret_horizon_5,5,2.5,spearman,-0.00562692404186493,0.00562692404186493,45073,54
30,30m,SOLUSDT,192,True,ema_slope_1600_z,target_log_ret_horizon_10,10,5.0,spearman,0.0010279001964663046,0.0010279001964663046,45073,54
30,30m,SOLUSDT,192,True,ema_slope_1600_z,target_log_ret_horizon_24,24,12.0,spearman,0.017347399547822683,0.017347399547822683,45073,54
30,30m,SOLUSDT,192,True,ema_spread_72_168_z,target_log_ret_horizon_1,1,0.5,spearman,0.003844962277203713,0.003844962277203713,45073,54
30,30m,SOLUSDT,192,True,ema_spread_72_168_z,target_log_ret_horizon_3,3,1.5,spearman,0.00041842145211857574,0.00041842145211857574,45073,54
30,30m,SOLUSDT,192,True,ema_spread_72_168_z,target_log_ret_horizon_5,5,2.5,spearman,0.0032974325816210624,0.0032974325816210624,45073,54
30,30m,SOLUSDT,192,True,ema_spread_72_168_z,target_log_ret_horizon_10,10,5.0,spearman,0.005403202707120761,0.005403202707120761,45073,54
30,30m,SOLUSDT,192,True,ema_spread_72_168_z,target_log_ret_horizon_24,24,12.0,spearman,0.012580067874187499,0.012580067874187499,45073,54
30,30m,SOLUSDT,192,True,ema_spread_168_400_z,target_log_ret_horizon_1,1,0.5,spearman,0.003873814310234212,0.003873814310234212,45073,54
30,30m,SOLUSDT,192,True,ema_spread_168_400_z,target_log_ret_horizon_3,3,1.5,spearman,-0.0002500960911310651,0.0002500960911310651,45073,54
30,30m,SOLUSDT,192,True,ema_spread_168_400_z,target_log_ret_horizon_5,5,2.5,spearman,0.0016939367358804092,0.0016939367358804092,45073,54
30,30m,SOLUSDT,192,True,ema_spread_168_400_z,target_log_ret_horizon_10,10,5.0,spearman,0.004431325186256783,0.004431325186256783,45073,54
30,30m,SOLUSDT,192,True,ema_spread_168_400_z,target_log_ret_horizon_24,24,12.0,spearman,0.01525555971615229,0.01525555971615229,45073,54
30,30m,SOLUSDT,192,True,ema_spread_400_800_z,target_log_ret_horizon_1,1,0.5,spearman,0.0028222164124417173,0.0028222164124417173,45073,54
30,30m,SOLUSDT,192,True,ema_spread_400_800_z,target_log_ret_horizon_3,3,1.5,spearman,0.0004838603619928281,0.0004838603619928281,45073,54
30,30m,SOLUSDT,192,True,ema_spread_400_800_z,target_log_ret_horizon_5,5,2.5,spearman,0.0018319473064643476,0.0018319473064643476,45073,54
30,30m,SOLUSDT,192,True,ema_spread_400_800_z,target_log_ret_horizon_10,10,5.0,spearman,0.003743249490133195,0.003743249490133195,45073,54
30,30m,SOLUSDT,192,True,ema_spread_400_800_z,target_log_ret_horizon_24,24,12.0,spearman,0.005025357197187169,0.005025357197187169,45073,54
30,30m,SOLUSDT,192,True,ema_spread_800_1600_z,target_log_ret_horizon_1,1,0.5,spearman,0.004263032325091489,0.004263032325091489,45073,54
30,30m,SOLUSDT,192,True,ema_spread_800_1600_z,target_log_ret_horizon_3,3,1.5,spearman,0.0031489896393206793,0.0031489896393206793,45073,54
30,30m,SOLUSDT,192,True,ema_spread_800_1600_z,target_log_ret_horizon_5,5,2.5,spearman,0.004606690470715043,0.004606690470715043,45073,54
30,30m,SOLUSDT,192,True,ema_spread_800_1600_z,target_log_ret_horizon_10,10,5.0,spearman,0.0065788925517121,0.0065788925517121,45073,54
30,30m,SOLUSDT,192,True,ema_spread_800_1600_z,target_log_ret_horizon_24,24,12.0,spearman,0.005381225267245308,0.005381225267245308,45073,54
30,30m,SOLUSDT,192,True,MOM_pct_112_z,target_log_ret_horizon_1,1,0.5,spearman,-0.010530990982094314,0.010530990982094314,45073,54
30,30m,SOLUSDT,192,True,MOM_pct_112_z,target_log_ret_horizon_3,3,1.5,spearman,-0.013274532832647288,0.013274532832647288,45073,54
30,30m,SOLUSDT,192,True,MOM_pct_112_z,target_log_ret_horizon_5,5,2.5,spearman,-0.00909003556726464,0.00909003556726464,45073,54
30,30m,SOLUSDT,192,True,MOM_pct_112_z,target_log_ret_horizon_10,10,5.0,spearman,-0.005119958715180968,0.005119958715180968,45073,54
30,30m,SOLUSDT,192,True,MOM_pct_112_z,target_log_ret_horizon_24,24,12.0,spearman,0.008190044116429302,0.008190044116429302,45073,54
30,30m,SOLUSDT,192,True,ADX_112_scaled,target_log_ret_horizon_1,1,0.5,spearman,-0.007475063750295037,0.007475063750295037,45073,54
30,30m,SOLUSDT,192,True,ADX_112_scaled,target_log_ret_horizon_3,3,1.5,spearman,-0.010259626575739695,0.010259626575739695,45073,54
30,30m,SOLUSDT,192,True,ADX_112_scaled,target_log_ret_horizon_5,5,2.5,spearman,-0.011751360340146134,0.011751360340146134,45073,54
30,30m,SOLUSDT,192,True,ADX_112_scaled,target_log_ret_horizon_10,10,5.0,spearman,-0.015512580756393128,0.015512580756393128,45073,54
30,30m,SOLUSDT,192,True,ADX_112_scaled,target_log_ret_horizon_24,24,12.0,spearman,-0.020145229663200474,0.020145229663200474,45073,54
30,30m,SOLUSDT,192,True,RSI_112_bounded,target_log_ret_horizon_1,1,0.5,spearman,-0.009287646711649335,0.009287646711649335,45073,54
30,30m,SOLUSDT,192,True,RSI_112_bounded,target_log_ret_horizon_3,3,1.5,spearman,-0.011360386961641189,0.011360386961641189,45073,54
30,30m,SOLUSDT,192,True,RSI_112_bounded,target_log_ret_horizon_5,5,2.5,spearman,-0.005954687854301686,0.005954687854301686,45073,54
30,30m,SOLUSDT,192,True,RSI_112_bounded,target_log_ret_horizon_10,10,5.0,spearman,-0.0001536515211676798,0.0001536515211676798,45073,54
30,30m,SOLUSDT,192,True,RSI_112_bounded,target_log_ret_horizon_24,24,12.0,spearman,0.015228276000558384,0.015228276000558384,45073,54
30,30m,SOLUSDT,192,True,MOM_pct_240_z,target_log_ret_horizon_1,1,0.5,spearman,-0.006975117344480533,0.006975117344480533,45073,54
30,30m,SOLUSDT,192,True,MOM_pct_240_z,target_log_ret_horizon_3,3,1.5,spearman,-0.010591945026960696,0.010591945026960696,45073,54
30,30m,SOLUSDT,192,True,MOM_pct_240_z,target_log_ret_horizon_5,5,2.5,spearman,-0.006352969453275582,0.006352969453275582,45073,54
30,30m,SOLUSDT,192,True,MOM_pct_240_z,target_log_ret_horizon_10,10,5.0,spearman,-0.0022727199419661005,0.0022727199419661005,45073,54
30,30m,SOLUSDT,192,True,MOM_pct_240_z,target_log_ret_horizon_24,24,12.0,spearman,0.017675513310201143,0.017675513310201143,45073,54
30,30m,SOLUSDT,192,True,ADX_240_scaled,target_log_ret_horizon_1,1,0.5,spearman,-0.004181659350860101,0.004181659350860101,45073,54
30,30m,SOLUSDT,192,True,ADX_240_scaled,target_log_ret_horizon_3,3,1.5,spearman,-0.0048874438871297915,0.0048874438871297915,45073,54
30,30m,SOLUSDT,192,True,ADX_240_scaled,target_log_ret_horizon_5,5,2.5,spearman,-0.006511070193200063,0.006511070193200063,45073,54
30,30m,SOLUSDT,192,True,ADX_240_scaled,target_log_ret_horizon_10,10,5.0,spearman,-0.00880816702168371,0.00880816702168371,45073,54
30,30m,SOLUSDT,192,True,ADX_240_scaled,target_log_ret_horizon_24,24,12.0,spearman,-0.011249083130976034,0.011249083130976034,45073,54
30,30m,SOLUSDT,192,True,RSI_240_bounded,target_log_ret_horizon_1,1,0.5,spearman,-0.0028235752622713496,0.0028235752622713496,45073,54
30,30m,SOLUSDT,192,True,RSI_240_bounded,target_log_ret_horizon_3,3,1.5,spearman,-0.003488613294300938,0.003488613294300938,45073,54
30,30m,SOLUSDT,192,True,RSI_240_bounded,target_log_ret_horizon_5,5,2.5,spearman,0.0017076973450056657,0.0017076973450056657,45073,54
30,30m,SOLUSDT,192,True,RSI_240_bounded,target_log_ret_horizon_10,10,5.0,spearman,0.005962883752760753,0.005962883752760753,45073,54
30,30m,SOLUSDT,192,True,RSI_240_bounded,target_log_ret_horizon_24,24,12.0,spearman,0.0167219191736665,0.0167219191736665,45073,54
30,30m,SOLUSDT,192,True,MOM_pct_576_z,target_log_ret_horizon_1,1,0.5,spearman,-0.012264089694413656,0.012264089694413656,45073,54
30,30m,SOLUSDT,192,True,MOM_pct_576_z,target_log_ret_horizon_3,3,1.5,spearman,-0.019106451389218328,0.019106451389218328,45073,54
30,30m,SOLUSDT,192,True,MOM_pct_576_z,target_log_ret_horizon_5,5,2.5,spearman,-0.01907969753564339,0.01907969753564339,45073,54
30,30m,SOLUSDT,192,True,MOM_pct_576_z,target_log_ret_horizon_10,10,5.0,spearman,-0.01870921322884426,0.01870921322884426,45073,54
30,30m,SOLUSDT,192,True,MOM_pct_576_z,target_log_ret_horizon_24,24,12.0,spearman,-0.005880225149171894,0.005880225149171894,45073,54
30,30m,SOLUSDT,192,True,ADX_576_scaled,target_log_ret_horizon_1,1,0.5,spearman,-0.00419182252194057,0.00419182252194057,45073,54
30,30m,SOLUSDT,192,True,ADX_576_scaled,target_log_ret_horizon_3,3,1.5,spearman,-0.003015643549909651,0.003015643549909651,45073,54
30,30m,SOLUSDT,192,True,ADX_576_scaled,target_log_ret_horizon_5,5,2.5,spearman,-0.005356214179143901,0.005356214179143901,45073,54
30,30m,SOLUSDT,192,True,ADX_576_scaled,target_log_ret_horizon_10,10,5.0,spearman,-0.00367923518580434,0.00367923518580434,45073,54
30,30m,SOLUSDT,192,True,ADX_576_scaled,target_log_ret_horizon_24,24,12.0,spearman,-0.00022152435078930729,0.00022152435078930729,45073,54
30,30m,SOLUSDT,192,True,RSI_576_bounded,target_log_ret_horizon_1,1,0.5,spearman,0.0033339507603678364,0.0033339507603678364,45073,54
30,30m,SOLUSDT,192,True,RSI_576_bounded,target_log_ret_horizon_3,3,1.5,spearman,0.004499046540616007,0.004499046540616007,45073,54
30,30m,SOLUSDT,192,True,RSI_576_bounded,target_log_ret_horizon_5,5,2.5,spearman,0.00973367132805634,0.00973367132805634,45073,54
30,30m,SOLUSDT,192,True,RSI_576_bounded,target_log_ret_horizon_10,10,5.0,spearman,0.011553787152178438,0.011553787152178438,45073,54
30,30m,SOLUSDT,192,True,RSI_576_bounded,target_log_ret_horizon_24,24,12.0,spearman,0.01726303406487989,0.01726303406487989,45073,54
30,30m,SOLUSDT,192,True,MACD_hist_pct_z,target_log_ret_horizon_1,1,0.5,spearman,-0.0330273865398767,0.0330273865398767,45073,54
30,30m,SOLUSDT,192,True,MACD_hist_pct_z,target_log_ret_horizon_3,3,1.5,spearman,-0.03290328030147652,0.03290328030147652,45073,54
30,30m,SOLUSDT,192,True,MACD_hist_pct_z,target_log_ret_horizon_5,5,2.5,spearman,-0.03189887828941949,0.03189887828941949,45073,54
30,30m,SOLUSDT,192,True,MACD_hist_pct_z,target_log_ret_horizon_10,10,5.0,spearman,-0.025393655531426165,0.025393655531426165,45073,54
30,30m,SOLUSDT,192,True,MACD_hist_pct_z,target_log_ret_horizon_24,24,12.0,spearman,-0.008343076569756924,0.008343076569756924,45073,54
30,30m,SOLUSDT,192,True,NATR_14_z,target_log_ret_horizon_1,1,0.5,spearman,0.008728927342923489,0.008728927342923489,45073,54
30,30m,SOLUSDT,192,True,NATR_14_z,target_log_ret_horizon_3,3,1.5,spearman,0.015576921264291613,0.015576921264291613,45073,54
30,30m,SOLUSDT,192,True,NATR_14_z,target_log_ret_horizon_5,5,2.5,spearman,0.019259526721295595,0.019259526721295595,45073,54
30,30m,SOLUSDT,192,True,NATR_14_z,target_log_ret_horizon_10,10,5.0,spearman,0.029113366198412576,0.029113366198412576,45073,54
30,30m,SOLUSDT,192,True,NATR_14_z,target_log_ret_horizon_24,24,12.0,spearman,0.046887308291670544,0.046887308291670544,45073,54
30,30m,SOLUSDT,192,True,bb_width_20_sqrt_z,target_log_ret_horizon_1,1,0.5,spearman,0.007871046698796822,0.007871046698796822,45073,54
30,30m,SOLUSDT,192,True,bb_width_20_sqrt_z,target_log_ret_horizon_3,3,1.5,spearman,0.012449429198003547,0.012449429198003547,45073,54
30,30m,SOLUSDT,192,True,bb_width_20_sqrt_z,target_log_ret_horizon_5,5,2.5,spearman,0.015018523394970496,0.015018523394970496,45073,54
30,30m,SOLUSDT,192,True,bb_width_20_sqrt_z,target_log_ret_horizon_10,10,5.0,spearman,0.01987635640832237,0.01987635640832237,45073,54
30,30m,SOLUSDT,192,True,bb_width_20_sqrt_z,target_log_ret_horizon_24,24,12.0,spearman,0.03732843129940957,0.03732843129940957,45073,54
30,30m,SOLUSDT,192,True,bb_pos_20_norm,target_log_ret_horizon_1,1,0.5,spearman,-0.04371547756982702,0.04371547756982702,45073,54
30,30m,SOLUSDT,192,True,bb_pos_20_norm,target_log_ret_horizon_3,3,1.5,spearman,-0.042989340690501705,0.042989340690501705,45073,54
30,30m,SOLUSDT,192,True,bb_pos_20_norm,target_log_ret_horizon_5,5,2.5,spearman,-0.036704969938266385,0.036704969938266385,45073,54
30,30m,SOLUSDT,192,True,bb_pos_20_norm,target_log_ret_horizon_10,10,5.0,spearman,-0.03213155322786774,0.03213155322786774,45073,54
30,30m,SOLUSDT,192,True,bb_pos_20_norm,target_log_ret_horizon_24,24,12.0,spearman,-0.013934894552858424,0.013934894552858424,45073,54
30,30m,SOLUSDT,192,True,volatility_192_sqrt_z,target_log_ret_horizon_1,1,0.5,spearman,0.0006066118307986674,0.0006066118307986674,45073,54
30,30m,SOLUSDT,192,True,volatility_192_sqrt_z,target_log_ret_horizon_3,3,1.5,spearman,0.005944286999022177,0.005944286999022177,45073,54
30,30m,SOLUSDT,192,True,volatility_192_sqrt_z,target_log_ret_horizon_5,5,2.5,spearman,0.009275222258945068,0.009275222258945068,45073,54
30,30m,SOLUSDT,192,True,volatility_192_sqrt_z,target_log_ret_horizon_10,10,5.0,spearman,0.017136673519625115,0.017136673519625115,45073,54
30,30m,SOLUSDT,192,True,volatility_192_sqrt_z,target_log_ret_horizon_24,24,12.0,spearman,0.02609300432270423,0.02609300432270423,45073,54
30,30m,SOLUSDT,192,True,volatility_576_sqrt_z,target_log_ret_horizon_1,1,0.5,spearman,0.0008357138025907758,0.0008357138025907758,45073,54
30,30m,SOLUSDT,192,True,volatility_576_sqrt_z,target_log_ret_horizon_3,3,1.5,spearman,0.003912080107157469,0.003912080107157469,45073,54
30,30m,SOLUSDT,192,True,volatility_576_sqrt_z,target_log_ret_horizon_5,5,2.5,spearman,0.005581025386382396,0.005581025386382396,45073,54
30,30m,SOLUSDT,192,True,volatility_576_sqrt_z,target_log_ret_horizon_10,10,5.0,spearman,0.010475789414540205,0.010475789414540205,45073,54
30,30m,SOLUSDT,192,True,volatility_576_sqrt_z,target_log_ret_horizon_24,24,12.0,spearman,0.016879129641599395,0.016879129641599395,45073,54
30,30m,SOLUSDT,192,True,volatility_1344_sqrt_z,target_log_ret_horizon_1,1,0.5,spearman,0.004215485469782728,0.004215485469782728,45073,54
30,30m,SOLUSDT,192,True,volatility_1344_sqrt_z,target_log_ret_horizon_3,3,1.5,spearman,0.010516684969681245,0.010516684969681245,45073,54
30,30m,SOLUSDT,192,True,volatility_1344_sqrt_z,target_log_ret_horizon_5,5,2.5,spearman,0.015257778992443374,0.015257778992443374,45073,54
30,30m,SOLUSDT,192,True,volatility_1344_sqrt_z,target_log_ret_horizon_10,10,5.0,spearman,0.027729301662436107,0.027729301662436107,45073,54
30,30m,SOLUSDT,192,True,volatility_1344_sqrt_z,target_log_ret_horizon_24,24,12.0,spearman,0.045961131064659475,0.045961131064659475,45073,54
30,30m,SOLUSDT,192,True,log_ret_48_z,target_log_ret_horizon_1,1,0.5,spearman,-0.014275113911091156,0.014275113911091156,45073,54
30,30m,SOLUSDT,192,True,log_ret_48_z,target_log_ret_horizon_3,3,1.5,spearman,-0.020126812845030758,0.020126812845030758,45073,54
30,30m,SOLUSDT,192,True,log_ret_48_z,target_log_ret_horizon_5,5,2.5,spearman,-0.016292648296377964,0.016292648296377964,45073,54
30,30m,SOLUSDT,192,True,log_ret_48_z,target_log_ret_horizon_10,10,5.0,spearman,-0.014788533571644304,0.014788533571644304,45073,54
30,30m,SOLUSDT,192,True,log_ret_48_z,target_log_ret_horizon_24,24,12.0,spearman,-0.014113297195600026,0.014113297195600026,45073,54
30,30m,SOLUSDT,192,True,log_ret_192_z,target_log_ret_horizon_1,1,0.5,spearman,-0.004249261024102166,0.004249261024102166,45073,54
30,30m,SOLUSDT,192,True,log_ret_192_z,target_log_ret_horizon_3,3,1.5,spearman,-0.0023628040926893055,0.0023628040926893055,45073,54
30,30m,SOLUSDT,192,True,log_ret_192_z,target_log_ret_horizon_5,5,2.5,spearman,0.0060734135038783155,0.0060734135038783155,45073,54
30,30m,SOLUSDT,192,True,log_ret_192_z,target_log_ret_horizon_10,10,5.0,spearman,0.016756591438500158,0.016756591438500158,45073,54
30,30m,SOLUSDT,192,True,log_ret_192_z,target_log_ret_horizon_24,24,12.0,spearman,0.035818371157538276,0.035818371157538276,45073,54
30,30m,SOLUSDT,192,True,log_ret_576_z,target_log_ret_horizon_1,1,0.5,spearman,-0.01226905975392984,0.01226905975392984,45073,54
30,30m,SOLUSDT,192,True,log_ret_576_z,target_log_ret_horizon_3,3,1.5,spearman,-0.019181034050332686,0.019181034050332686,45073,54
30,30m,SOLUSDT,192,True,log_ret_576_z,target_log_ret_horizon_5,5,2.5,spearman,-0.019127862523556666,0.019127862523556666,45073,54
30,30m,SOLUSDT,192,True,log_ret_576_z,target_log_ret_horizon_10,10,5.0,spearman,-0.01870010123932847,0.01870010123932847,45073,54
30,30m,SOLUSDT,192,True,log_ret_576_z,target_log_ret_horizon_24,24,12.0,spearman,-0.0058466795703662556,0.0058466795703662556,45073,54
30,30m,SOLUSDT,192,True,log_ret_1344_z,target_log_ret_horizon_1,1,0.5,spearman,-0.01053763936372173,0.01053763936372173,45073,54
30,30m,SOLUSDT,192,True,log_ret_1344_z,target_log_ret_horizon_3,3,1.5,spearman,-0.01525062844798795,0.01525062844798795,45073,54
30,30m,SOLUSDT,192,True,log_ret_1344_z,target_log_ret_horizon_5,5,2.5,spearman,-0.011416541692281493,0.011416541692281493,45073,54
30,30m,SOLUSDT,192,True,log_ret_1344_z,target_log_ret_horizon_10,10,5.0,spearman,-0.007605054747349142,0.007605054747349142,45073,54
30,30m,SOLUSDT,192,True,log_ret_1344_z,target_log_ret_horizon_24,24,12.0,spearman,0.004439390747062043,0.004439390747062043,45073,54
30,30m,SOLUSDT,192,True,ret_accel_48_192_z,target_log_ret_horizon_1,1,0.5,spearman,-0.006539985256925432,0.006539985256925432,45073,54
30,30m,SOLUSDT,192,True,ret_accel_48_192_z,target_log_ret_horizon_3,3,1.5,spearman,-0.010909463894732565,0.010909463894732565,45073,54
30,30m,SOLUSDT,192,True,ret_accel_48_192_z,target_log_ret_horizon_5,5,2.5,spearman,-0.016560388022735198,0.016560388022735198,45073,54
30,30m,SOLUSDT,192,True,ret_accel_48_192_z,target_log_ret_horizon_10,10,5.0,spearman,-0.022482148482520357,0.022482148482520357,45073,54
30,30m,SOLUSDT,192,True,ret_accel_48_192_z,target_log_ret_horizon_24,24,12.0,spearman,-0.035445475807147735,0.035445475807147735,45073,54
30,30m,SOLUSDT,192,True,ret_accel_192_576_z,target_log_ret_horizon_1,1,0.5,spearman,0.0017920273163401798,0.0017920273163401798,45073,54
30,30m,SOLUSDT,192,True,ret_accel_192_576_z,target_log_ret_horizon_3,3,1.5,spearman,0.00954079057800667,0.00954079057800667,45073,54
30,30m,SOLUSDT,192,True,ret_accel_192_576_z,target_log_ret_horizon_5,5,2.5,spearman,0.013805907445075774,0.013805907445075774,45073,54
30,30m,SOLUSDT,192,True,ret_accel_192_576_z,target_log_ret_horizon_10,10,5.0,spearman,0.02059792036752354,0.02059792036752354,45073,54
30,30m,SOLUSDT,192,True,ret_accel_192_576_z,target_log_ret_horizon_24,24,12.0,spearman,0.023047934687366746,0.023047934687366746,45073,54
30,30m,SOLUSDT,192,True,ret_accel_576_1344_z,target_log_ret_horizon_1,1,0.5,spearman,-0.0002517022677396041,0.0002517022677396041,45073,54
30,30m,SOLUSDT,192,True,ret_accel_576_1344_z,target_log_ret_horizon_3,3,1.5,spearman,-0.0023217268038144513,0.0023217268038144513,45073,54
30,30m,SOLUSDT,192,True,ret_accel_576_1344_z,target_log_ret_horizon_5,5,2.5,spearman,-0.007045063679392078,0.007045063679392078,45073,54
30,30m,SOLUSDT,192,True,ret_accel_576_1344_z,target_log_ret_horizon_10,10,5.0,spearman,-0.011632803932959812,0.011632803932959812,45073,54
30,30m,SOLUSDT,192,True,ret_accel_576_1344_z,target_log_ret_horizon_24,24,12.0,spearman,-0.006435258169043942,0.006435258169043942,45073,54
30,30m,SOLUSDT,192,True,vol_ratio_192_log1p_z,target_log_ret_horizon_1,1,0.5,spearman,0.0010106437033610947,0.0010106437033610947,45073,54
30,30m,SOLUSDT,192,True,vol_ratio_192_log1p_z,target_log_ret_horizon_3,3,1.5,spearman,-0.0007724385836207697,0.0007724385836207697,45073,54
30,30m,SOLUSDT,192,True,vol_ratio_192_log1p_z,target_log_ret_horizon_5,5,2.5,spearman,-0.0008794959934690129,0.0008794959934690129,45073,54
30,30m,SOLUSDT,192,True,vol_ratio_192_log1p_z,target_log_ret_horizon_10,10,5.0,spearman,0.006762027616985707,0.006762027616985707,45073,54
30,30m,SOLUSDT,192,True,vol_ratio_192_log1p_z,target_log_ret_horizon_24,24,12.0,spearman,0.023761525658320966,0.023761525658320966,45073,54
30,30m,SOLUSDT,192,True,vol_ratio_576_log1p_z,target_log_ret_horizon_1,1,0.5,spearman,0.00045622714675353984,0.00045622714675353984,45073,54
30,30m,SOLUSDT,192,True,vol_ratio_576_log1p_z,target_log_ret_horizon_3,3,1.5,spearman,-0.0021856683602146628,0.0021856683602146628,45073,54
30,30m,SOLUSDT,192,True,vol_ratio_576_log1p_z,target_log_ret_horizon_5,5,2.5,spearman,-0.0015137909984098603,0.0015137909984098603,45073,54
30,30m,SOLUSDT,192,True,vol_ratio_576_log1p_z,target_log_ret_horizon_10,10,5.0,spearman,0.007497756445958681,0.007497756445958681,45073,54
30,30m,SOLUSDT,192,True,vol_ratio_576_log1p_z,target_log_ret_horizon_24,24,12.0,spearman,0.025557935284615373,0.025557935284615373,45073,54
30,30m,SOLUSDT,192,True,vol_ratio_1344_log1p_z,target_log_ret_horizon_1,1,0.5,spearman,0.0003990557346710799,0.0003990557346710799,45073,54
30,30m,SOLUSDT,192,True,vol_ratio_1344_log1p_z,target_log_ret_horizon_3,3,1.5,spearman,-0.002736963166131046,0.002736963166131046,45073,54
30,30m,SOLUSDT,192,True,vol_ratio_1344_log1p_z,target_log_ret_horizon_5,5,2.5,spearman,-0.002207158351100565,0.002207158351100565,45073,54
30,30m,SOLUSDT,192,True,vol_ratio_1344_log1p_z,target_log_ret_horizon_10,10,5.0,spearman,0.006723129883085074,0.006723129883085074,45073,54
30,30m,SOLUSDT,192,True,vol_ratio_1344_log1p_z,target_log_ret_horizon_24,24,12.0,spearman,0.024193756449866793,0.024193756449866793,45073,54
30,30m,SOLUSDT,192,True,range_sqrt_z,target_log_ret_horizon_1,1,0.5,spearman,0.004846923060511666,0.004846923060511666,45073,54
30,30m,SOLUSDT,192,True,range_sqrt_z,target_log_ret_horizon_3,3,1.5,spearman,0.006647076509852395,0.006647076509852395,45073,54
30,30m,SOLUSDT,192,True,range_sqrt_z,target_log_ret_horizon_5,5,2.5,spearman,0.005337550046550671,0.005337550046550671,45073,54
30,30m,SOLUSDT,192,True,range_sqrt_z,target_log_ret_horizon_10,10,5.0,spearman,0.01288540638667006,0.01288540638667006,45073,54
30,30m,SOLUSDT,192,True,range_sqrt_z,target_log_ret_horizon_24,24,12.0,spearman,0.024552082512518128,0.024552082512518128,45073,54
30,30m,SOLUSDT,192,True,body_sqrt_z,target_log_ret_horizon_1,1,0.5,spearman,0.0023595839893330367,0.0023595839893330367,45073,54
30,30m,SOLUSDT,192,True,body_sqrt_z,target_log_ret_horizon_3,3,1.5,spearman,0.006012341965410661,0.006012341965410661,45073,54
30,30m,SOLUSDT,192,True,body_sqrt_z,target_log_ret_horizon_5,5,2.5,spearman,0.004081913702799094,0.004081913702799094,45073,54
30,30m,SOLUSDT,192,True,body_sqrt_z,target_log_ret_horizon_10,10,5.0,spearman,0.010957837789786557,0.010957837789786557,45073,54
30,30m,SOLUSDT,192,True,body_sqrt_z,target_log_ret_horizon_24,24,12.0,spearman,0.0155361461770468,0.0155361461770468,45073,54
30,30m,SOLUSDT,192,True,vol_expansion_192_log1p_z,target_log_ret_horizon_1,1,0.5,spearman,0.0050600429317014355,0.0050600429317014355,45073,54
30,30m,SOLUSDT,192,True,vol_expansion_192_log1p_z,target_log_ret_horizon_3,3,1.5,spearman,0.005723008323867432,0.005723008323867432,45073,54
30,30m,SOLUSDT,192,True,vol_expansion_192_log1p_z,target_log_ret_horizon_5,5,2.5,spearman,0.004348731257003217,0.004348731257003217,45073,54
30,30m,SOLUSDT,192,True,vol_expansion_192_log1p_z,target_log_ret_horizon_10,10,5.0,spearman,0.0098144146688787,0.0098144146688787,45073,54
30,30m,SOLUSDT,192,True,vol_expansion_192_log1p_z,target_log_ret_horizon_24,24,12.0,spearman,0.01938165656419038,0.01938165656419038,45073,54
30,30m,SOLUSDT,192,True,vol_expansion_576_log1p_z,target_log_ret_horizon_1,1,0.5,spearman,0.004359338183413809,0.004359338183413809,45073,54
30,30m,SOLUSDT,192,True,vol_expansion_576_log1p_z,target_log_ret_horizon_3,3,1.5,spearman,0.005014057091569172,0.005014057091569172,45073,54
30,30m,SOLUSDT,192,True,vol_expansion_576_log1p_z,target_log_ret_horizon_5,5,2.5,spearman,0.003944790492619068,0.003944790492619068,45073,54
30,30m,SOLUSDT,192,True,vol_expansion_576_log1p_z,target_log_ret_horizon_10,10,5.0,spearman,0.010658995017509392,0.010658995017509392,45073,54
30,30m,SOLUSDT,192,True,vol_expansion_576_log1p_z,target_log_ret_horizon_24,24,12.0,spearman,0.02156367531969598,0.02156367531969598,45073,54
30,30m,SOLUSDT,192,True,vol_expansion_1344_log1p_z,target_log_ret_horizon_1,1,0.5,spearman,0.004790483375407131,0.004790483375407131,45073,54
30,30m,SOLUSDT,192,True,vol_expansion_1344_log1p_z,target_log_ret_horizon_3,3,1.5,spearman,0.0056128218149905425,0.0056128218149905425,45073,54
30,30m,SOLUSDT,192,True,vol_expansion_1344_log1p_z,target_log_ret_horizon_5,5,2.5,spearman,0.004429310591455759,0.004429310591455759,45073,54
30,30m,SOLUSDT,192,True,vol_expansion_1344_log1p_z,target_log_ret_horizon_10,10,5.0,spearman,0.011295096230158992,0.011295096230158992,45073,54
30,30m,SOLUSDT,192,True,vol_expansion_1344_log1p_z,target_log_ret_horizon_24,24,12.0,spearman,0.022269419175923025,0.022269419175923025,45073,54
30,30m,SOLUSDT,192,True,dist_to_high_192_sqrt_z,target_log_ret_horizon_1,1,0.5,spearman,0.016963556238390163,0.016963556238390163,45073,54
30,30m,SOLUSDT,192,True,dist_to_high_192_sqrt_z,target_log_ret_horizon_3,3,1.5,spearman,0.01879282068672197,0.01879282068672197,45073,54
30,30m,SOLUSDT,192,True,dist_to_high_192_sqrt_z,target_log_ret_horizon_5,5,2.5,spearman,0.012922161074096203,0.012922161074096203,45073,54
30,30m,SOLUSDT,192,True,dist_to_high_192_sqrt_z,target_log_ret_horizon_10,10,5.0,spearman,0.005794550193079093,0.005794550193079093,45073,54
30,30m,SOLUSDT,192,True,dist_to_high_192_sqrt_z,target_log_ret_horizon_24,24,12.0,spearman,-0.010494868769302692,0.010494868769302692,45073,54
30,30m,SOLUSDT,192,True,dist_to_low_192_sqrt_z,target_log_ret_horizon_1,1,0.5,spearman,-0.018272028630194833,0.018272028630194833,45073,54
30,30m,SOLUSDT,192,True,dist_to_low_192_sqrt_z,target_log_ret_horizon_3,3,1.5,spearman,-0.017135574883744578,0.017135574883744578,45073,54
30,30m,SOLUSDT,192,True,dist_to_low_192_sqrt_z,target_log_ret_horizon_5,5,2.5,spearman,-0.01289700049977942,0.01289700049977942,45073,54
30,30m,SOLUSDT,192,True,dist_to_low_192_sqrt_z,target_log_ret_horizon_10,10,5.0,spearman,-0.0032282299716577052,0.0032282299716577052,45073,54
30,30m,SOLUSDT,192,True,dist_to_low_192_sqrt_z,target_log_ret_horizon_24,24,12.0,spearman,0.01462088272311981,0.01462088272311981,45073,54
30,30m,SOLUSDT,192,True,price_pos_in_range_192_norm,target_log_ret_horizon_1,1,0.5,spearman,-0.015199591928162918,0.015199591928162918,45073,54
30,30m,SOLUSDT,192,True,price_pos_in_range_192_norm,target_log_ret_horizon_3,3,1.5,spearman,-0.017779157472361248,0.017779157472361248,45073,54
30,30m,SOLUSDT,192,True,price_pos_in_range_192_norm,target_log_ret_horizon_5,5,2.5,spearman,-0.012072479715938158,0.012072479715938158,45073,54
30,30m,SOLUSDT,192,True,price_pos_in_range_192_norm,target_log_ret_horizon_10,10,5.0,spearman,-0.002969824266744136,0.002969824266744136,45073,54
30,30m,SOLUSDT,192,True,price_pos_in_range_192_norm,target_log_ret_horizon_24,24,12.0,spearman,0.012554463280501138,0.012554463280501138,45073,54
30,30m,SOLUSDT,192,True,dist_to_high_576_sqrt_z,target_log_ret_horizon_1,1,0.5,spearman,0.01609605884616221,0.01609605884616221,45073,54
30,30m,SOLUSDT,192,True,dist_to_high_576_sqrt_z,target_log_ret_horizon_3,3,1.5,spearman,0.018020818080858106,0.018020818080858106,45073,54
30,30m,SOLUSDT,192,True,dist_to_high_576_sqrt_z,target_log_ret_horizon_5,5,2.5,spearman,0.014541309113778336,0.014541309113778336,45073,54
30,30m,SOLUSDT,192,True,dist_to_high_576_sqrt_z,target_log_ret_horizon_10,10,5.0,spearman,0.006698578313927638,0.006698578313927638,45073,54
30,30m,SOLUSDT,192,True,dist_to_high_576_sqrt_z,target_log_ret_horizon_24,24,12.0,spearman,-0.008544955994091328,0.008544955994091328,45073,54
30,30m,SOLUSDT,192,True,dist_to_low_576_sqrt_z,target_log_ret_horizon_1,1,0.5,spearman,-0.016869728364380245,0.016869728364380245,45073,54
30,30m,SOLUSDT,192,True,dist_to_low_576_sqrt_z,target_log_ret_horizon_3,3,1.5,spearman,-0.01649289444702876,0.01649289444702876,45073,54
30,30m,SOLUSDT,192,True,dist_to_low_576_sqrt_z,target_log_ret_horizon_5,5,2.5,spearman,-0.01176752413780135,0.01176752413780135,45073,54
30,30m,SOLUSDT,192,True,dist_to_low_576_sqrt_z,target_log_ret_horizon_10,10,5.0,spearman,-0.0037681184296380417,0.0037681184296380417,45073,54
30,30m,SOLUSDT,192,True,dist_to_low_576_sqrt_z,target_log_ret_horizon_24,24,12.0,spearman,0.01770784730322638,0.01770784730322638,45073,54
30,30m,SOLUSDT,192,True,price_pos_in_range_576_norm,target_log_ret_horizon_1,1,0.5,spearman,-0.00640782803610387,0.00640782803610387,45073,54
30,30m,SOLUSDT,192,True,price_pos_in_range_576_norm,target_log_ret_horizon_3,3,1.5,spearman,-0.007146630266401493,0.007146630266401493,45073,54
30,30m,SOLUSDT,192,True,price_pos_in_range_576_norm,target_log_ret_horizon_5,5,2.5,spearman,-0.0033332776901502208,0.0033332776901502208,45073,54
30,30m,SOLUSDT,192,True,price_pos_in_range_576_norm,target_log_ret_horizon_10,10,5.0,spearman,0.0007446497245660264,0.0007446497245660264,45073,54
30,30m,SOLUSDT,192,True,price_pos_in_range_576_norm,target_log_ret_horizon_24,24,12.0,spearman,0.011279598027643707,0.011279598027643707,45073,54
30,30m,SOLUSDT,192,True,dist_to_high_1344_sqrt_z,target_log_ret_horizon_1,1,0.5,spearman,0.0161021387699428,0.0161021387699428,45073,54
30,30m,SOLUSDT,192,True,dist_to_high_1344_sqrt_z,target_log_ret_horizon_3,3,1.5,spearman,0.019472398322313105,0.019472398322313105,45073,54
30,30m,SOLUSDT,192,True,dist_to_high_1344_sqrt_z,target_log_ret_horizon_5,5,2.5,spearman,0.015300687080038957,0.015300687080038957,45073,54
30,30m,SOLUSDT,192,True,dist_to_high_1344_sqrt_z,target_log_ret_horizon_10,10,5.0,spearman,0.009009120476178087,0.009009120476178087,45073,54
30,30m,SOLUSDT,192,True,dist_to_high_1344_sqrt_z,target_log_ret_horizon_24,24,12.0,spearman,-0.004314968243058906,0.004314968243058906,45073,54
30,30m,SOLUSDT,192,True,dist_to_low_1344_sqrt_z,target_log_ret_horizon_1,1,0.5,spearman,-0.01518998780770221,0.01518998780770221,45073,54
30,30m,SOLUSDT,192,True,dist_to_low_1344_sqrt_z,target_log_ret_horizon_3,3,1.5,spearman,-0.015438579479657941,0.015438579479657941,45073,54
30,30m,SOLUSDT,192,True,dist_to_low_1344_sqrt_z,target_log_ret_horizon_5,5,2.5,spearman,-0.011784063022845551,0.011784063022845551,45073,54
30,30m,SOLUSDT,192,True,dist_to_low_1344_sqrt_z,target_log_ret_horizon_10,10,5.0,spearman,-0.00399907312725754,0.00399907312725754,45073,54
30,30m,SOLUSDT,192,True,dist_to_low_1344_sqrt_z,target_log_ret_horizon_24,24,12.0,spearman,0.014095378683619682,0.014095378683619682,45073,54
30,30m,SOLUSDT,192,True,price_pos_in_range_1344_norm,target_log_ret_horizon_1,1,0.5,spearman,0.0014115853914140406,0.0014115853914140406,45073,54
30,30m,SOLUSDT,192,True,price_pos_in_range_1344_norm,target_log_ret_horizon_3,3,1.5,spearman,0.002785603900724644,0.002785603900724644,45073,54
30,30m,SOLUSDT,192,True,price_pos_in_range_1344_norm,target_log_ret_horizon_5,5,2.5,spearman,0.007571342858543845,0.007571342858543845,45073,54
30,30m,SOLUSDT,192,True,price_pos_in_range_1344_norm,target_log_ret_horizon_10,10,5.0,spearman,0.01030006248935116,0.01030006248935116,45073,54
30,30m,SOLUSDT,192,True,price_pos_in_range_1344_norm,target_log_ret_horizon_24,24,12.0,spearman,0.018588521541445094,0.018588521541445094,45073,54
60,60m,BTCUSDT,96,True,dist_ema_36_z,target_log_ret_horizon_1,1,1.0,spearman,-0.04477518633848511,0.04477518633848511,22537,54
60,60m,BTCUSDT,96,True,dist_ema_36_z,target_log_ret_horizon_3,3,3.0,spearman,-0.036450546219119355,0.036450546219119355,22537,54
60,60m,BTCUSDT,96,True,dist_ema_36_z,target_log_ret_horizon_5,5,5.0,spearman,-0.033229382592502035,0.033229382592502035,22537,54
60,60m,BTCUSDT,96,True,dist_ema_36_z,target_log_ret_horizon_10,10,10.0,spearman,-0.02171974745739822,0.02171974745739822,22537,54
60,60m,BTCUSDT,96,True,dist_ema_36_z,target_log_ret_horizon_24,24,24.0,spearman,-0.04057947149065952,0.04057947149065952,22537,54
60,60m,BTCUSDT,96,True,ema_slope_36_z,target_log_ret_horizon_1,1,1.0,spearman,-0.01985611747733763,0.01985611747733763,22537,54
60,60m,BTCUSDT,96,True,ema_slope_36_z,target_log_ret_horizon_3,3,3.0,spearman,-0.018824706757941803,0.018824706757941803,22537,54
60,60m,BTCUSDT,96,True,ema_slope_36_z,target_log_ret_horizon_5,5,5.0,spearman,-0.018958795973697016,0.018958795973697016,22537,54
60,60m,BTCUSDT,96,True,ema_slope_36_z,target_log_ret_horizon_10,10,10.0,spearman,-0.01644235472621442,0.01644235472621442,22537,54
60,60m,BTCUSDT,96,True,ema_slope_36_z,target_log_ret_horizon_24,24,24.0,spearman,-0.03833182313364978,0.03833182313364978,22537,54
60,60m,BTCUSDT,96,True,dist_ema_84_z,target_log_ret_horizon_1,1,1.0,spearman,-0.03531106492224057,0.03531106492224057,22537,54
60,60m,BTCUSDT,96,True,dist_ema_84_z,target_log_ret_horizon_3,3,3.0,spearman,-0.03092247914171347,0.03092247914171347,22537,54
60,60m,BTCUSDT,96,True,dist_ema_84_z,target_log_ret_horizon_5,5,5.0,spearman,-0.028384056791801855,0.028384056791801855,22537,54
60,60m,BTCUSDT,96,True,dist_ema_84_z,target_log_ret_horizon_10,10,10.0,spearman,-0.01799895614638582,0.01799895614638582,22537,54
60,60m,BTCUSDT,96,True,dist_ema_84_z,target_log_ret_horizon_24,24,24.0,spearman,-0.026218942518373287,0.026218942518373287,22537,54
60,60m,BTCUSDT,96,True,ema_slope_84_z,target_log_ret_horizon_1,1,1.0,spearman,-0.015435656493673082,0.015435656493673082,22537,54
60,60m,BTCUSDT,96,True,ema_slope_84_z,target_log_ret_horizon_3,3,3.0,spearman,-0.016785023410460648,0.016785023410460648,22537,54
60,60m,BTCUSDT,96,True,ema_slope_84_z,target_log_ret_horizon_5,5,5.0,spearman,-0.016476975665167003,0.016476975665167003,22537,54
60,60m,BTCUSDT,96,True,ema_slope_84_z,target_log_ret_horizon_10,10,10.0,spearman,-0.013925605178812011,0.013925605178812011,22537,54
60,60m,BTCUSDT,96,True,ema_slope_84_z,target_log_ret_horizon_24,24,24.0,spearman,-0.02138005161003021,0.02138005161003021,22537,54
60,60m,BTCUSDT,96,True,dist_ema_200_z,target_log_ret_horizon_1,1,1.0,spearman,-0.02753187771191991,0.02753187771191991,22537,54
60,60m,BTCUSDT,96,True,dist_ema_200_z,target_log_ret_horizon_3,3,3.0,spearman,-0.023744437509624232,0.023744437509624232,22537,54
60,60m,BTCUSDT,96,True,dist_ema_200_z,target_log_ret_horizon_5,5,5.0,spearman,-0.021210182963744557,0.021210182963744557,22537,54
60,60m,BTCUSDT,96,True,dist_ema_200_z,target_log_ret_horizon_10,10,10.0,spearman,-0.012315412852640846,0.012315412852640846,22537,54
60,60m,BTCUSDT,96,True,dist_ema_200_z,target_log_ret_horizon_24,24,24.0,spearman,-0.019732988478968667,0.019732988478968667,22537,54
60,60m,BTCUSDT,96,True,ema_slope_200_z,target_log_ret_horizon_1,1,1.0,spearman,-0.011007955113617835,0.011007955113617835,22537,54
60,60m,BTCUSDT,96,True,ema_slope_200_z,target_log_ret_horizon_3,3,3.0,spearman,-0.01231066303160595,0.01231066303160595,22537,54
60,60m,BTCUSDT,96,True,ema_slope_200_z,target_log_ret_horizon_5,5,5.0,spearman,-0.012116239050625213,0.012116239050625213,22537,54
60,60m,BTCUSDT,96,True,ema_slope_200_z,target_log_ret_horizon_10,10,10.0,spearman,-0.010045011603719324,0.010045011603719324,22537,54
60,60m,BTCUSDT,96,True,ema_slope_200_z,target_log_ret_horizon_24,24,24.0,spearman,-0.016116688597194163,0.016116688597194163,22537,54
60,60m,BTCUSDT,96,True,dist_ema_400_z,target_log_ret_horizon_1,1,1.0,spearman,-0.023925929117783074,0.023925929117783074,22537,54
60,60m,BTCUSDT,96,True,dist_ema_400_z,target_log_ret_horizon_3,3,3.0,spearman,-0.02102068862641274,0.02102068862641274,22537,54
60,60m,BTCUSDT,96,True,dist_ema_400_z,target_log_ret_horizon_5,5,5.0,spearman,-0.018075205343341713,0.018075205343341713,22537,54
60,60m,BTCUSDT,96,True,dist_ema_400_z,target_log_ret_horizon_10,10,10.0,spearman,-0.009230448063822607,0.009230448063822607,22537,54
60,60m,BTCUSDT,96,True,dist_ema_400_z,target_log_ret_horizon_24,24,24.0,spearman,-0.01847329214578083,0.01847329214578083,22537,54
60,60m,BTCUSDT,96,True,ema_slope_400_z,target_log_ret_horizon_1,1,1.0,spearman,-0.007862089235975539,0.007862089235975539,22537,54
60,60m,BTCUSDT,96,True,ema_slope_400_z,target_log_ret_horizon_3,3,3.0,spearman,-0.009828371855897593,0.009828371855897593,22537,54
60,60m,BTCUSDT,96,True,ema_slope_400_z,target_log_ret_horizon_5,5,5.0,spearman,-0.009262850231861583,0.009262850231861583,22537,54
60,60m,BTCUSDT,96,True,ema_slope_400_z,target_log_ret_horizon_10,10,10.0,spearman,-0.006247668121017692,0.006247668121017692,22537,54
60,60m,BTCUSDT,96,True,ema_slope_400_z,target_log_ret_horizon_24,24,24.0,spearman,-0.015201200465889015,0.015201200465889015,22537,54
60,60m,BTCUSDT,96,True,dist_ema_800_z,target_log_ret_horizon_1,1,1.0,spearman,-0.022286297812552865,0.022286297812552865,22537,54
60,60m,BTCUSDT,96,True,dist_ema_800_z,target_log_ret_horizon_3,3,3.0,spearman,-0.02029457339166884,0.02029457339166884,22537,54
60,60m,BTCUSDT,96,True,dist_ema_800_z,target_log_ret_horizon_5,5,5.0,spearman,-0.01751391964644376,0.01751391964644376,22537,54
60,60m,BTCUSDT,96,True,dist_ema_800_z,target_log_ret_horizon_10,10,10.0,spearman,-0.008952669851528,0.008952669851528,22537,54
60,60m,BTCUSDT,96,True,dist_ema_800_z,target_log_ret_horizon_24,24,24.0,spearman,-0.020495161092241705,0.020495161092241705,22537,54
60,60m,BTCUSDT,96,True,ema_slope_800_z,target_log_ret_horizon_1,1,1.0,spearman,-0.006056525925944743,0.006056525925944743,22537,54
60,60m,BTCUSDT,96,True,ema_slope_800_z,target_log_ret_horizon_3,3,3.0,spearman,-0.008661596211105052,0.008661596211105052,22537,54
60,60m,BTCUSDT,96,True,ema_slope_800_z,target_log_ret_horizon_5,5,5.0,spearman,-0.007954436503620882,0.007954436503620882,22537,54
60,60m,BTCUSDT,96,True,ema_slope_800_z,target_log_ret_horizon_10,10,10.0,spearman,-0.005236728911733663,0.005236728911733663,22537,54
60,60m,BTCUSDT,96,True,ema_slope_800_z,target_log_ret_horizon_24,24,24.0,spearman,-0.017274930626889586,0.017274930626889586,22537,54
60,60m,BTCUSDT,96,True,ema_spread_36_84_z,target_log_ret_horizon_1,1,1.0,spearman,-0.005499268241527624,0.005499268241527624,22537,54
60,60m,BTCUSDT,96,True,ema_spread_36_84_z,target_log_ret_horizon_3,3,3.0,spearman,-0.008990024564243063,0.008990024564243063,22537,54
60,60m,BTCUSDT,96,True,ema_spread_36_84_z,target_log_ret_horizon_5,5,5.0,spearman,-0.008306470476936514,0.008306470476936514,22537,54
60,60m,BTCUSDT,96,True,ema_spread_36_84_z,target_log_ret_horizon_10,10,10.0,spearman,-0.0073806502779058475,0.0073806502779058475,22537,54
60,60m,BTCUSDT,96,True,ema_spread_36_84_z,target_log_ret_horizon_24,24,24.0,spearman,0.0019489050922299228,0.0019489050922299228,22537,54
60,60m,BTCUSDT,96,True,ema_spread_84_200_z,target_log_ret_horizon_1,1,1.0,spearman,0.002165968894014087,0.002165968894014087,22537,54
60,60m,BTCUSDT,96,True,ema_spread_84_200_z,target_log_ret_horizon_3,3,3.0,spearman,-0.0014171822589032833,0.0014171822589032833,22537,54
60,60m,BTCUSDT,96,True,ema_spread_84_200_z,target_log_ret_horizon_5,5,5.0,spearman,-0.00278764815849405,0.00278764815849405,22537,54
60,60m,BTCUSDT,96,True,ema_spread_84_200_z,target_log_ret_horizon_10,10,10.0,spearman,-0.0030801301367196806,0.0030801301367196806,22537,54
60,60m,BTCUSDT,96,True,ema_spread_84_200_z,target_log_ret_horizon_24,24,24.0,spearman,0.0019777634555667154,0.0019777634555667154,22537,54
60,60m,BTCUSDT,96,True,ema_spread_200_400_z,target_log_ret_horizon_1,1,1.0,spearman,0.0055663334639789504,0.0055663334639789504,22537,54
60,60m,BTCUSDT,96,True,ema_spread_200_400_z,target_log_ret_horizon_3,3,3.0,spearman,0.0010289501068916494,0.0010289501068916494,22537,54
60,60m,BTCUSDT,96,True,ema_spread_200_400_z,target_log_ret_horizon_5,5,5.0,spearman,0.0027318652583534523,0.0027318652583534523,22537,54
60,60m,BTCUSDT,96,True,ema_spread_200_400_z,target_log_ret_horizon_10,10,10.0,spearman,0.006016240662212792,0.006016240662212792,22537,54
60,60m,BTCUSDT,96,True,ema_spread_200_400_z,target_log_ret_horizon_24,24,24.0,spearman,0.008517222716549684,0.008517222716549684,22537,54
60,60m,BTCUSDT,96,True,ema_spread_400_800_z,target_log_ret_horizon_1,1,1.0,spearman,0.0096331583524882,0.0096331583524882,22537,54
60,60m,BTCUSDT,96,True,ema_spread_400_800_z,target_log_ret_horizon_3,3,3.0,spearman,0.005674205379872102,0.005674205379872102,22537,54
60,60m,BTCUSDT,96,True,ema_spread_400_800_z,target_log_ret_horizon_5,5,5.0,spearman,0.003991143597564364,0.003991143597564364,22537,54
60,60m,BTCUSDT,96,True,ema_spread_400_800_z,target_log_ret_horizon_10,10,10.0,spearman,0.0006821594585126766,0.0006821594585126766,22537,54
60,60m,BTCUSDT,96,True,ema_spread_400_800_z,target_log_ret_horizon_24,24,24.0,spearman,-0.0026729908108773038,0.0026729908108773038,22537,54
60,60m,BTCUSDT,96,True,MOM_pct_56_z,target_log_ret_horizon_1,1,1.0,spearman,-0.02468090117616989,0.02468090117616989,22537,54
60,60m,BTCUSDT,96,True,MOM_pct_56_z,target_log_ret_horizon_3,3,3.0,spearman,-0.025562309655693033,0.025562309655693033,22537,54
60,60m,BTCUSDT,96,True,MOM_pct_56_z,target_log_ret_horizon_5,5,5.0,spearman,-0.025379726480589733,0.025379726480589733,22537,54
60,60m,BTCUSDT,96,True,MOM_pct_56_z,target_log_ret_horizon_10,10,10.0,spearman,-0.023176065931971572,0.023176065931971572,22537,54
60,60m,BTCUSDT,96,True,MOM_pct_56_z,target_log_ret_horizon_24,24,24.0,spearman,-0.0176498175200738,0.0176498175200738,22537,54
60,60m,BTCUSDT,96,True,ADX_56_scaled,target_log_ret_horizon_1,1,1.0,spearman,0.007945955193539855,0.007945955193539855,22537,54
60,60m,BTCUSDT,96,True,ADX_56_scaled,target_log_ret_horizon_3,3,3.0,spearman,0.011780786656387118,0.011780786656387118,22537,54
60,60m,BTCUSDT,96,True,ADX_56_scaled,target_log_ret_horizon_5,5,5.0,spearman,0.01554838252126747,0.01554838252126747,22537,54
60,60m,BTCUSDT,96,True,ADX_56_scaled,target_log_ret_horizon_10,10,10.0,spearman,0.019769603010148736,0.019769603010148736,22537,54
60,60m,BTCUSDT,96,True,ADX_56_scaled,target_log_ret_horizon_24,24,24.0,spearman,0.022440854868411075,0.022440854868411075,22537,54
60,60m,BTCUSDT,96,True,RSI_56_bounded,target_log_ret_horizon_1,1,1.0,spearman,-0.01280226975696412,0.01280226975696412,22537,54
60,60m,BTCUSDT,96,True,RSI_56_bounded,target_log_ret_horizon_3,3,3.0,spearman,-0.013463754316027867,0.013463754316027867,22537,54
60,60m,BTCUSDT,96,True,RSI_56_bounded,target_log_ret_horizon_5,5,5.0,spearman,-0.015411956561063303,0.015411956561063303,22537,54
60,60m,BTCUSDT,96,True,RSI_56_bounded,target_log_ret_horizon_10,10,10.0,spearman,-0.010564556783675176,0.010564556783675176,22537,54
60,60m,BTCUSDT,96,True,RSI_56_bounded,target_log_ret_horizon_24,24,24.0,spearman,-0.02364971669024482,0.02364971669024482,22537,54
60,60m,BTCUSDT,96,True,MOM_pct_120_z,target_log_ret_horizon_1,1,1.0,spearman,-0.01183900002861531,0.01183900002861531,22537,54
60,60m,BTCUSDT,96,True,MOM_pct_120_z,target_log_ret_horizon_3,3,3.0,spearman,-0.005122445804162421,0.005122445804162421,22537,54
60,60m,BTCUSDT,96,True,MOM_pct_120_z,target_log_ret_horizon_5,5,5.0,spearman,-0.001331449548817111,0.001331449548817111,22537,54
60,60m,BTCUSDT,96,True,MOM_pct_120_z,target_log_ret_horizon_10,10,10.0,spearman,0.010554659226378521,0.010554659226378521,22537,54
60,60m,BTCUSDT,96,True,MOM_pct_120_z,target_log_ret_horizon_24,24,24.0,spearman,0.011943769896632189,0.011943769896632189,22537,54
60,60m,BTCUSDT,96,True,ADX_120_scaled,target_log_ret_horizon_1,1,1.0,spearman,0.007999151213159026,0.007999151213159026,22537,54
60,60m,BTCUSDT,96,True,ADX_120_scaled,target_log_ret_horizon_3,3,3.0,spearman,0.011939145624025706,0.011939145624025706,22537,54
60,60m,BTCUSDT,96,True,ADX_120_scaled,target_log_ret_horizon_5,5,5.0,spearman,0.01558116333610191,0.01558116333610191,22537,54
60,60m,BTCUSDT,96,True,ADX_120_scaled,target_log_ret_horizon_10,10,10.0,spearman,0.022264580153842767,0.022264580153842767,22537,54
60,60m,BTCUSDT,96,True,ADX_120_scaled,target_log_ret_horizon_24,24,24.0,spearman,0.03220071580490422,0.03220071580490422,22537,54
60,60m,BTCUSDT,96,True,RSI_120_bounded,target_log_ret_horizon_1,1,1.0,spearman,-0.00022817634746083549,0.00022817634746083549,22537,54
60,60m,BTCUSDT,96,True,RSI_120_bounded,target_log_ret_horizon_3,3,3.0,spearman,-0.0003464341572772695,0.0003464341572772695,22537,54
60,60m,BTCUSDT,96,True,RSI_120_bounded,target_log_ret_horizon_5,5,5.0,spearman,-0.0027574842427255607,0.0027574842427255607,22537,54
60,60m,BTCUSDT,96,True,RSI_120_bounded,target_log_ret_horizon_10,10,10.0,spearman,-0.0014270465884767766,0.0014270465884767766,22537,54
60,60m,BTCUSDT,96,True,RSI_120_bounded,target_log_ret_horizon_24,24,24.0,spearman,-0.011534998254911511,0.011534998254911511,22537,54
60,60m,BTCUSDT,96,True,MOM_pct_288_z,target_log_ret_horizon_1,1,1.0,spearman,-0.021126104382706706,0.021126104382706706,22537,54
60,60m,BTCUSDT,96,True,MOM_pct_288_z,target_log_ret_horizon_3,3,3.0,spearman,-0.02597873684916584,0.02597873684916584,22537,54
60,60m,BTCUSDT,96,True,MOM_pct_288_z,target_log_ret_horizon_5,5,5.0,spearman,-0.026278474226289556,0.026278474226289556,22537,54
60,60m,BTCUSDT,96,True,MOM_pct_288_z,target_log_ret_horizon_10,10,10.0,spearman,-0.022978318030562318,0.022978318030562318,22537,54
60,60m,BTCUSDT,96,True,MOM_pct_288_z,target_log_ret_horizon_24,24,24.0,spearman,-0.03373641264649212,0.03373641264649212,22537,54
60,60m,BTCUSDT,96,True,ADX_288_scaled,target_log_ret_horizon_1,1,1.0,spearman,0.011801347727388084,0.011801347727388084,22537,54
60,60m,BTCUSDT,96,True,ADX_288_scaled,target_log_ret_horizon_3,3,3.0,spearman,0.014660451014358856,0.014660451014358856,22537,54
60,60m,BTCUSDT,96,True,ADX_288_scaled,target_log_ret_horizon_5,5,5.0,spearman,0.02280725012608012,0.02280725012608012,22537,54
60,60m,BTCUSDT,96,True,ADX_288_scaled,target_log_ret_horizon_10,10,10.0,spearman,0.03208085381317077,0.03208085381317077,22537,54
60,60m,BTCUSDT,96,True,ADX_288_scaled,target_log_ret_horizon_24,24,24.0,spearman,0.04981926544416631,0.04981926544416631,22537,54
60,60m,BTCUSDT,96,True,RSI_288_bounded,target_log_ret_horizon_1,1,1.0,spearman,0.0074683118222137424,0.0074683118222137424,22537,54
60,60m,BTCUSDT,96,True,RSI_288_bounded,target_log_ret_horizon_3,3,3.0,spearman,0.01016911734134272,0.01016911734134272,22537,54
60,60m,BTCUSDT,96,True,RSI_288_bounded,target_log_ret_horizon_5,5,5.0,spearman,0.007217458409597624,0.007217458409597624,22537,54
60,60m,BTCUSDT,96,True,RSI_288_bounded,target_log_ret_horizon_10,10,10.0,spearman,0.0076557515356857255,0.0076557515356857255,22537,54
60,60m,BTCUSDT,96,True,RSI_288_bounded,target_log_ret_horizon_24,24,24.0,spearman,0.002450082369056793,0.002450082369056793,22537,54
60,60m,BTCUSDT,96,True,MACD_hist_pct_z,target_log_ret_horizon_1,1,1.0,spearman,-0.025903395626079496,0.025903395626079496,22537,54
60,60m,BTCUSDT,96,True,MACD_hist_pct_z,target_log_ret_horizon_3,3,3.0,spearman,-0.006398809272406824,0.006398809272406824,22537,54
60,60m,BTCUSDT,96,True,MACD_hist_pct_z,target_log_ret_horizon_5,5,5.0,spearman,0.0005545223752325599,0.0005545223752325599,22537,54
60,60m,BTCUSDT,96,True,MACD_hist_pct_z,target_log_ret_horizon_10,10,10.0,spearman,0.027644276056506552,0.027644276056506552,22537,54
60,60m,BTCUSDT,96,True,MACD_hist_pct_z,target_log_ret_horizon_24,24,24.0,spearman,-0.016664413285639855,0.016664413285639855,22537,54
60,60m,BTCUSDT,96,True,NATR_14_z,target_log_ret_horizon_1,1,1.0,spearman,0.015768853131205247,0.015768853131205247,22537,54
60,60m,BTCUSDT,96,True,NATR_14_z,target_log_ret_horizon_3,3,3.0,spearman,0.017746210710820408,0.017746210710820408,22537,54
60,60m,BTCUSDT,96,True,NATR_14_z,target_log_ret_horizon_5,5,5.0,spearman,0.02202960358651125,0.02202960358651125,22537,54
60,60m,BTCUSDT,96,True,NATR_14_z,target_log_ret_horizon_10,10,10.0,spearman,0.024130907879710305,0.024130907879710305,22537,54
60,60m,BTCUSDT,96,True,NATR_14_z,target_log_ret_horizon_24,24,24.0,spearman,0.03187709183290667,0.03187709183290667,22537,54
60,60m,BTCUSDT,96,True,bb_width_20_sqrt_z,target_log_ret_horizon_1,1,1.0,spearman,0.007708038063568779,0.007708038063568779,22537,54
60,60m,BTCUSDT,96,True,bb_width_20_sqrt_z,target_log_ret_horizon_3,3,3.0,spearman,0.00966294952187575,0.00966294952187575,22537,54
60,60m,BTCUSDT,96,True,bb_width_20_sqrt_z,target_log_ret_horizon_5,5,5.0,spearman,0.014066182052837708,0.014066182052837708,22537,54
60,60m,BTCUSDT,96,True,bb_width_20_sqrt_z,target_log_ret_horizon_10,10,10.0,spearman,0.021601299677142995,0.021601299677142995,22537,54
60,60m,BTCUSDT,96,True,bb_width_20_sqrt_z,target_log_ret_horizon_24,24,24.0,spearman,0.020556940794441318,0.020556940794441318,22537,54
60,60m,BTCUSDT,96,True,bb_pos_20_norm,target_log_ret_horizon_1,1,1.0,spearman,-0.059031317676948844,0.059031317676948844,22537,54
60,60m,BTCUSDT,96,True,bb_pos_20_norm,target_log_ret_horizon_3,3,3.0,spearman,-0.048267721699433726,0.048267721699433726,22537,54
60,60m,BTCUSDT,96,True,bb_pos_20_norm,target_log_ret_horizon_5,5,5.0,spearman,-0.042706151897190195,0.042706151897190195,22537,54
60,60m,BTCUSDT,96,True,bb_pos_20_norm,target_log_ret_horizon_10,10,10.0,spearman,-0.02418949813500906,0.02418949813500906,22537,54
60,60m,BTCUSDT,96,True,bb_pos_20_norm,target_log_ret_horizon_24,24,24.0,spearman,-0.04696783909318571,0.04696783909318571,22537,54
60,60m,BTCUSDT,96,True,volatility_96_sqrt_z,target_log_ret_horizon_1,1,1.0,spearman,0.004142581724063757,0.004142581724063757,22537,54
60,60m,BTCUSDT,96,True,volatility_96_sqrt_z,target_log_ret_horizon_3,3,3.0,spearman,0.0010941015669102183,0.0010941015669102183,22537,54
60,60m,BTCUSDT,96,True,volatility_96_sqrt_z,target_log_ret_horizon_5,5,5.0,spearman,0.00475219756647488,0.00475219756647488,22537,54
60,60m,BTCUSDT,96,True,volatility_96_sqrt_z,target_log_ret_horizon_10,10,10.0,spearman,0.003117244158938301,0.003117244158938301,22537,54
60,60m,BTCUSDT,96,True,volatility_96_sqrt_z,target_log_ret_horizon_24,24,24.0,spearman,-0.015684009235501964,0.015684009235501964,22537,54
60,60m,BTCUSDT,96,True,volatility_288_sqrt_z,target_log_ret_horizon_1,1,1.0,spearman,-6.736876784824786e-05,6.736876784824786e-05,22537,54
60,60m,BTCUSDT,96,True,volatility_288_sqrt_z,target_log_ret_horizon_3,3,3.0,spearman,0.0021899574916196428,0.0021899574916196428,22537,54
60,60m,BTCUSDT,96,True,volatility_288_sqrt_z,target_log_ret_horizon_5,5,5.0,spearman,0.0019954688243564046,0.0019954688243564046,22537,54
60,60m,BTCUSDT,96,True,volatility_288_sqrt_z,target_log_ret_horizon_10,10,10.0,spearman,0.004644077984164013,0.004644077984164013,22537,54
60,60m,BTCUSDT,96,True,volatility_288_sqrt_z,target_log_ret_horizon_24,24,24.0,spearman,-0.009336684627948354,0.009336684627948354,22537,54
60,60m,BTCUSDT,96,True,volatility_672_sqrt_z,target_log_ret_horizon_1,1,1.0,spearman,0.008925552883008255,0.008925552883008255,22537,54
60,60m,BTCUSDT,96,True,volatility_672_sqrt_z,target_log_ret_horizon_3,3,3.0,spearman,0.017560271982852343,0.017560271982852343,22537,54
60,60m,BTCUSDT,96,True,volatility_672_sqrt_z,target_log_ret_horizon_5,5,5.0,spearman,0.02309964348156052,0.02309964348156052,22537,54
60,60m,BTCUSDT,96,True,volatility_672_sqrt_z,target_log_ret_horizon_10,10,10.0,spearman,0.03414060072776026,0.03414060072776026,22537,54
60,60m,BTCUSDT,96,True,volatility_672_sqrt_z,target_log_ret_horizon_24,24,24.0,spearman,0.0549525827726121,0.0549525827726121,22537,54
60,60m,BTCUSDT,96,True,log_ret_24_z,target_log_ret_horizon_1,1,1.0,spearman,-0.030729130151089214,0.030729130151089214,22537,54
60,60m,BTCUSDT,96,True,log_ret_24_z,target_log_ret_horizon_3,3,3.0,spearman,-0.0281364395780914,0.0281364395780914,22537,54
60,60m,BTCUSDT,96,True,log_ret_24_z,target_log_ret_horizon_5,5,5.0,spearman,-0.029165117729547937,0.029165117729547937,22537,54
60,60m,BTCUSDT,96,True,log_ret_24_z,target_log_ret_horizon_10,10,10.0,spearman,-0.03464171975134357,0.03464171975134357,22537,54
60,60m,BTCUSDT,96,True,log_ret_24_z,target_log_ret_horizon_24,24,24.0,spearman,-0.04636147149286302,0.04636147149286302,22537,54
60,60m,BTCUSDT,96,True,log_ret_96_z,target_log_ret_horizon_1,1,1.0,spearman,-0.008170784298380323,0.008170784298380323,22537,54
60,60m,BTCUSDT,96,True,log_ret_96_z,target_log_ret_horizon_3,3,3.0,spearman,0.0015006038553518875,0.0015006038553518875,22537,54
60,60m,BTCUSDT,96,True,log_ret_96_z,target_log_ret_horizon_5,5,5.0,spearman,0.008635067823123538,0.008635067823123538,22537,54
60,60m,BTCUSDT,96,True,log_ret_96_z,target_log_ret_horizon_10,10,10.0,spearman,0.02019772626290299,0.02019772626290299,22537,54
60,60m,BTCUSDT,96,True,log_ret_96_z,target_log_ret_horizon_24,24,24.0,spearman,0.014201309927801413,0.014201309927801413,22537,54
60,60m,BTCUSDT,96,True,log_ret_288_z,target_log_ret_horizon_1,1,1.0,spearman,-0.02121047549291008,0.02121047549291008,22537,54
60,60m,BTCUSDT,96,True,log_ret_288_z,target_log_ret_horizon_3,3,3.0,spearman,-0.02607356223247578,0.02607356223247578,22537,54
60,60m,BTCUSDT,96,True,log_ret_288_z,target_log_ret_horizon_5,5,5.0,spearman,-0.026404412230639687,0.026404412230639687,22537,54
60,60m,BTCUSDT,96,True,log_ret_288_z,target_log_ret_horizon_10,10,10.0,spearman,-0.023096431539524672,0.023096431539524672,22537,54
60,60m,BTCUSDT,96,True,log_ret_288_z,target_log_ret_horizon_24,24,24.0,spearman,-0.03381626237974546,0.03381626237974546,22537,54
60,60m,BTCUSDT,96,True,log_ret_672_z,target_log_ret_horizon_1,1,1.0,spearman,-0.01261312193284638,0.01261312193284638,22537,54
60,60m,BTCUSDT,96,True,log_ret_672_z,target_log_ret_horizon_3,3,3.0,spearman,-0.008062253172861371,0.008062253172861371,22537,54
60,60m,BTCUSDT,96,True,log_ret_672_z,target_log_ret_horizon_5,5,5.0,spearman,-0.004432223543356819,0.004432223543356819,22537,54
60,60m,BTCUSDT,96,True,log_ret_672_z,target_log_ret_horizon_10,10,10.0,spearman,0.0045568522759933,0.0045568522759933,22537,54
60,60m,BTCUSDT,96,True,log_ret_672_z,target_log_ret_horizon_24,24,24.0,spearman,-0.0005143975990283049,0.0005143975990283049,22537,54
60,60m,BTCUSDT,96,True,ret_accel_24_96_z,target_log_ret_horizon_1,1,1.0,spearman,-0.0115906843019015,0.0115906843019015,22537,54
60,60m,BTCUSDT,96,True,ret_accel_24_96_z,target_log_ret_horizon_3,3,3.0,spearman,-0.016919723041380046,0.016919723041380046,22537,54
60,60m,BTCUSDT,96,True,ret_accel_24_96_z,target_log_ret_horizon_5,5,5.0,spearman,-0.022186188623772207,0.022186188623772207,22537,54
60,60m,BTCUSDT,96,True,ret_accel_24_96_z,target_log_ret_horizon_10,10,10.0,spearman,-0.03608883522563182,0.03608883522563182,22537,54
60,60m,BTCUSDT,96,True,ret_accel_24_96_z,target_log_ret_horizon_24,24,24.0,spearman,-0.051058597715230324,0.051058597715230324,22537,54
60,60m,BTCUSDT,96,True,ret_accel_96_288_z,target_log_ret_horizon_1,1,1.0,spearman,0.004201480240814673,0.004201480240814673,22537,54
60,60m,BTCUSDT,96,True,ret_accel_96_288_z,target_log_ret_horizon_3,3,3.0,spearman,0.016256912254225816,0.016256912254225816,22537,54
60,60m,BTCUSDT,96,True,ret_accel_96_288_z,target_log_ret_horizon_5,5,5.0,spearman,0.02256080038726015,0.02256080038726015,22537,54
60,60m,BTCUSDT,96,True,ret_accel_96_288_z,target_log_ret_horizon_10,10,10.0,spearman,0.0260750472222206,0.0260750472222206,22537,54
60,60m,BTCUSDT,96,True,ret_accel_96_288_z,target_log_ret_horizon_24,24,24.0,spearman,0.03231131541650895,0.03231131541650895,22537,54
60,60m,BTCUSDT,96,True,ret_accel_288_672_z,target_log_ret_horizon_1,1,1.0,spearman,-0.0051327107469793425,0.0051327107469793425,22537,54
60,60m,BTCUSDT,96,True,ret_accel_288_672_z,target_log_ret_horizon_3,3,3.0,spearman,-0.01025824334361383,0.01025824334361383,22537,54
60,60m,BTCUSDT,96,True,ret_accel_288_672_z,target_log_ret_horizon_5,5,5.0,spearman,-0.014492953502239064,0.014492953502239064,22537,54
60,60m,BTCUSDT,96,True,ret_accel_288_672_z,target_log_ret_horizon_10,10,10.0,spearman,-0.016172892943094506,0.016172892943094506,22537,54
60,60m,BTCUSDT,96,True,ret_accel_288_672_z,target_log_ret_horizon_24,24,24.0,spearman,-0.024272669293030798,0.024272669293030798,22537,54
60,60m,BTCUSDT,96,True,vol_ratio_96_log1p_z,target_log_ret_horizon_1,1,1.0,spearman,0.0026439674640744834,0.0026439674640744834,22537,54
60,60m,BTCUSDT,96,True,vol_ratio_96_log1p_z,target_log_ret_horizon_3,3,3.0,spearman,0.004402728766146697,0.004402728766146697,22537,54
60,60m,BTCUSDT,96,True,vol_ratio_96_log1p_z,target_log_ret_horizon_5,5,5.0,spearman,0.0023155259814427215,0.0023155259814427215,22537,54
60,60m,BTCUSDT,96,True,vol_ratio_96_log1p_z,target_log_ret_horizon_10,10,10.0,spearman,-0.0015161625960129076,0.0015161625960129076,22537,54
60,60m,BTCUSDT,96,True,vol_ratio_96_log1p_z,target_log_ret_horizon_24,24,24.0,spearman,0.004927500629757251,0.004927500629757251,22537,54
60,60m,BTCUSDT,96,True,vol_ratio_288_log1p_z,target_log_ret_horizon_1,1,1.0,spearman,0.0031166178668294627,0.0031166178668294627,22537,54
60,60m,BTCUSDT,96,True,vol_ratio_288_log1p_z,target_log_ret_horizon_3,3,3.0,spearman,0.0029733205886921053,0.0029733205886921053,22537,54
60,60m,BTCUSDT,96,True,vol_ratio_288_log1p_z,target_log_ret_horizon_5,5,5.0,spearman,0.0008470847373737633,0.0008470847373737633,22537,54
60,60m,BTCUSDT,96,True,vol_ratio_288_log1p_z,target_log_ret_horizon_10,10,10.0,spearman,-0.004166312112767803,0.004166312112767803,22537,54
60,60m,BTCUSDT,96,True,vol_ratio_288_log1p_z,target_log_ret_horizon_24,24,24.0,spearman,-0.00020030517830842197,0.00020030517830842197,22537,54
60,60m,BTCUSDT,96,True,vol_ratio_672_log1p_z,target_log_ret_horizon_1,1,1.0,spearman,0.00429188993991327,0.00429188993991327,22537,54
60,60m,BTCUSDT,96,True,vol_ratio_672_log1p_z,target_log_ret_horizon_3,3,3.0,spearman,0.004504135718883063,0.004504135718883063,22537,54
60,60m,BTCUSDT,96,True,vol_ratio_672_log1p_z,target_log_ret_horizon_5,5,5.0,spearman,0.0027058826806676288,0.0027058826806676288,22537,54
60,60m,BTCUSDT,96,True,vol_ratio_672_log1p_z,target_log_ret_horizon_10,10,10.0,spearman,-0.001913468442027125,0.001913468442027125,22537,54
60,60m,BTCUSDT,96,True,vol_ratio_672_log1p_z,target_log_ret_horizon_24,24,24.0,spearman,0.001586780919793551,0.001586780919793551,22537,54
60,60m,BTCUSDT,96,True,range_sqrt_z,target_log_ret_horizon_1,1,1.0,spearman,0.010092321815105384,0.010092321815105384,22537,54
60,60m,BTCUSDT,96,True,range_sqrt_z,target_log_ret_horizon_3,3,3.0,spearman,0.01348682967321102,0.01348682967321102,22537,54
60,60m,BTCUSDT,96,True,range_sqrt_z,target_log_ret_horizon_5,5,5.0,spearman,0.014744739042147762,0.014744739042147762,22537,54
60,60m,BTCUSDT,96,True,range_sqrt_z,target_log_ret_horizon_10,10,10.0,spearman,0.008761466620606312,0.008761466620606312,22537,54
60,60m,BTCUSDT,96,True,range_sqrt_z,target_log_ret_horizon_24,24,24.0,spearman,0.021004177169113104,0.021004177169113104,22537,54
60,60m,BTCUSDT,96,True,body_sqrt_z,target_log_ret_horizon_1,1,1.0,spearman,0.021453527830862438,0.021453527830862438,22537,54
60,60m,BTCUSDT,96,True,body_sqrt_z,target_log_ret_horizon_3,3,3.0,spearman,0.028096132065331878,0.028096132065331878,22537,54
60,60m,BTCUSDT,96,True,body_sqrt_z,target_log_ret_horizon_5,5,5.0,spearman,0.02351484946137111,0.02351484946137111,22537,54
60,60m,BTCUSDT,96,True,body_sqrt_z,target_log_ret_horizon_10,10,10.0,spearman,0.018707294940982222,0.018707294940982222,22537,54
60,60m,BTCUSDT,96,True,body_sqrt_z,target_log_ret_horizon_24,24,24.0,spearman,0.020428781265907463,0.020428781265907463,22537,54
60,60m,BTCUSDT,96,True,vol_expansion_96_log1p_z,target_log_ret_horizon_1,1,1.0,spearman,0.007092509469919469,0.007092509469919469,22537,54
60,60m,BTCUSDT,96,True,vol_expansion_96_log1p_z,target_log_ret_horizon_3,3,3.0,spearman,0.011237550222773195,0.011237550222773195,22537,54
60,60m,BTCUSDT,96,True,vol_expansion_96_log1p_z,target_log_ret_horizon_5,5,5.0,spearman,0.011471670689589914,0.011471670689589914,22537,54
60,60m,BTCUSDT,96,True,vol_expansion_96_log1p_z,target_log_ret_horizon_10,10,10.0,spearman,0.005177416974633395,0.005177416974633395,22537,54
60,60m,BTCUSDT,96,True,vol_expansion_96_log1p_z,target_log_ret_horizon_24,24,24.0,spearman,0.02047621468126861,0.02047621468126861,22537,54
60,60m,BTCUSDT,96,True,vol_expansion_288_log1p_z,target_log_ret_horizon_1,1,1.0,spearman,0.008824196602926021,0.008824196602926021,22537,54
60,60m,BTCUSDT,96,True,vol_expansion_288_log1p_z,target_log_ret_horizon_3,3,3.0,spearman,0.012046671984146927,0.012046671984146927,22537,54
60,60m,BTCUSDT,96,True,vol_expansion_288_log1p_z,target_log_ret_horizon_5,5,5.0,spearman,0.012814093853598612,0.012814093853598612,22537,54
60,60m,BTCUSDT,96,True,vol_expansion_288_log1p_z,target_log_ret_horizon_10,10,10.0,spearman,0.006285409260634262,0.006285409260634262,22537,54
60,60m,BTCUSDT,96,True,vol_expansion_288_log1p_z,target_log_ret_horizon_24,24,24.0,spearman,0.018434975039987384,0.018434975039987384,22537,54
60,60m,BTCUSDT,96,True,vol_expansion_672_log1p_z,target_log_ret_horizon_1,1,1.0,spearman,0.00954936233094284,0.00954936233094284,22537,54
60,60m,BTCUSDT,96,True,vol_expansion_672_log1p_z,target_log_ret_horizon_3,3,3.0,spearman,0.012865892203865343,0.012865892203865343,22537,54
60,60m,BTCUSDT,96,True,vol_expansion_672_log1p_z,target_log_ret_horizon_5,5,5.0,spearman,0.013827512935691316,0.013827512935691316,22537,54
60,60m,BTCUSDT,96,True,vol_expansion_672_log1p_z,target_log_ret_horizon_10,10,10.0,spearman,0.007626981814949682,0.007626981814949682,22537,54
60,60m,BTCUSDT,96,True,vol_expansion_672_log1p_z,target_log_ret_horizon_24,24,24.0,spearman,0.0194095032399557,0.0194095032399557,22537,54
60,60m,BTCUSDT,96,True,dist_to_high_96_sqrt_z,target_log_ret_horizon_1,1,1.0,spearman,0.0367377123676423,0.0367377123676423,22537,54
60,60m,BTCUSDT,96,True,dist_to_high_96_sqrt_z,target_log_ret_horizon_3,3,3.0,spearman,0.03193372070353743,0.03193372070353743,22537,54
60,60m,BTCUSDT,96,True,dist_to_high_96_sqrt_z,target_log_ret_horizon_5,5,5.0,spearman,0.02974018863359823,0.02974018863359823,22537,54
60,60m,BTCUSDT,96,True,dist_to_high_96_sqrt_z,target_log_ret_horizon_10,10,10.0,spearman,0.01822345726687882,0.01822345726687882,22537,54
60,60m,BTCUSDT,96,True,dist_to_high_96_sqrt_z,target_log_ret_horizon_24,24,24.0,spearman,0.023785929617738878,0.023785929617738878,22537,54
60,60m,BTCUSDT,96,True,dist_to_low_96_sqrt_z,target_log_ret_horizon_1,1,1.0,spearman,-0.02495334529719822,0.02495334529719822,22537,54
60,60m,BTCUSDT,96,True,dist_to_low_96_sqrt_z,target_log_ret_horizon_3,3,3.0,spearman,-0.01829082050000351,0.01829082050000351,22537,54
60,60m,BTCUSDT,96,True,dist_to_low_96_sqrt_z,target_log_ret_horizon_5,5,5.0,spearman,-0.011533740643629014,0.011533740643629014,22537,54
60,60m,BTCUSDT,96,True,dist_to_low_96_sqrt_z,target_log_ret_horizon_10,10,10.0,spearman,0.005467531271428167,0.005467531271428167,22537,54
60,60m,BTCUSDT,96,True,dist_to_low_96_sqrt_z,target_log_ret_horizon_24,24,24.0,spearman,0.0023672274259816137,0.0023672274259816137,22537,54
60,60m,BTCUSDT,96,True,price_pos_in_range_96_norm,target_log_ret_horizon_1,1,1.0,spearman,-0.024855525060854717,0.024855525060854717,22537,54
60,60m,BTCUSDT,96,True,price_pos_in_range_96_norm,target_log_ret_horizon_3,3,3.0,spearman,-0.025009533516149637,0.025009533516149637,22537,54
60,60m,BTCUSDT,96,True,price_pos_in_range_96_norm,target_log_ret_horizon_5,5,5.0,spearman,-0.026090181386074742,0.026090181386074742,22537,54
60,60m,BTCUSDT,96,True,price_pos_in_range_96_norm,target_log_ret_horizon_10,10,10.0,spearman,-0.01876127946108248,0.01876127946108248,22537,54
60,60m,BTCUSDT,96,True,price_pos_in_range_96_norm,target_log_ret_horizon_24,24,24.0,spearman,-0.03068473700481049,0.03068473700481049,22537,54
60,60m,BTCUSDT,96,True,dist_to_high_288_sqrt_z,target_log_ret_horizon_1,1,1.0,spearman,0.03509666044761386,0.03509666044761386,22537,54
60,60m,BTCUSDT,96,True,dist_to_high_288_sqrt_z,target_log_ret_horizon_3,3,3.0,spearman,0.035286929207037354,0.035286929207037354,22537,54
60,60m,BTCUSDT,96,True,dist_to_high_288_sqrt_z,target_log_ret_horizon_5,5,5.0,spearman,0.03554210138572608,0.03554210138572608,22537,54
60,60m,BTCUSDT,96,True,dist_to_high_288_sqrt_z,target_log_ret_horizon_10,10,10.0,spearman,0.033777279469805604,0.033777279469805604,22537,54
60,60m,BTCUSDT,96,True,dist_to_high_288_sqrt_z,target_log_ret_horizon_24,24,24.0,spearman,0.035441379663843815,0.035441379663843815,22537,54
60,60m,BTCUSDT,96,True,dist_to_low_288_sqrt_z,target_log_ret_horizon_1,1,1.0,spearman,-0.025618856778258006,0.025618856778258006,22537,54
60,60m,BTCUSDT,96,True,dist_to_low_288_sqrt_z,target_log_ret_horizon_3,3,3.0,spearman,-0.02229698688080713,0.02229698688080713,22537,54
60,60m,BTCUSDT,96,True,dist_to_low_288_sqrt_z,target_log_ret_horizon_5,5,5.0,spearman,-0.019242524347165266,0.019242524347165266,22537,54
60,60m,BTCUSDT,96,True,dist_to_low_288_sqrt_z,target_log_ret_horizon_10,10,10.0,spearman,-0.007937143728269576,0.007937143728269576,22537,54
60,60m,BTCUSDT,96,True,dist_to_low_288_sqrt_z,target_log_ret_horizon_24,24,24.0,spearman,-0.01582141300038484,0.01582141300038484,22537,54
60,60m,BTCUSDT,96,True,price_pos_in_range_288_norm,target_log_ret_horizon_1,1,1.0,spearman,-0.005893028513491968,0.005893028513491968,22537,54
60,60m,BTCUSDT,96,True,price_pos_in_range_288_norm,target_log_ret_horizon_3,3,3.0,spearman,-0.007453113248053911,0.007453113248053911,22537,54
60,60m,BTCUSDT,96,True,price_pos_in_range_288_norm,target_log_ret_horizon_5,5,5.0,spearman,-0.009525270825164774,0.009525270825164774,22537,54
60,60m,BTCUSDT,96,True,price_pos_in_range_288_norm,target_log_ret_horizon_10,10,10.0,spearman,-0.009152654184443115,0.009152654184443115,22537,54
60,60m,BTCUSDT,96,True,price_pos_in_range_288_norm,target_log_ret_horizon_24,24,24.0,spearman,-0.016340305129170517,0.016340305129170517,22537,54
60,60m,BTCUSDT,96,True,dist_to_high_672_sqrt_z,target_log_ret_horizon_1,1,1.0,spearman,0.0310593091977016,0.0310593091977016,22537,54
60,60m,BTCUSDT,96,True,dist_to_high_672_sqrt_z,target_log_ret_horizon_3,3,3.0,spearman,0.02976490290402988,0.02976490290402988,22537,54
60,60m,BTCUSDT,96,True,dist_to_high_672_sqrt_z,target_log_ret_horizon_5,5,5.0,spearman,0.02955018990276633,0.02955018990276633,22537,54
60,60m,BTCUSDT,96,True,dist_to_high_672_sqrt_z,target_log_ret_horizon_10,10,10.0,spearman,0.020932565821606783,0.020932565821606783,22537,54
60,60m,BTCUSDT,96,True,dist_to_high_672_sqrt_z,target_log_ret_horizon_24,24,24.0,spearman,0.023104349454258277,0.023104349454258277,22537,54
60,60m,BTCUSDT,96,True,dist_to_low_672_sqrt_z,target_log_ret_horizon_1,1,1.0,spearman,-0.02386701427374313,0.02386701427374313,22537,54
60,60m,BTCUSDT,96,True,dist_to_low_672_sqrt_z,target_log_ret_horizon_3,3,3.0,spearman,-0.023543204166463966,0.023543204166463966,22537,54
60,60m,BTCUSDT,96,True,dist_to_low_672_sqrt_z,target_log_ret_horizon_5,5,5.0,spearman,-0.02312635889022186,0.02312635889022186,22537,54
60,60m,BTCUSDT,96,True,dist_to_low_672_sqrt_z,target_log_ret_horizon_10,10,10.0,spearman,-0.01437868658364399,0.01437868658364399,22537,54
60,60m,BTCUSDT,96,True,dist_to_low_672_sqrt_z,target_log_ret_horizon_24,24,24.0,spearman,-0.024850885518254505,0.024850885518254505,22537,54
60,60m,BTCUSDT,96,True,price_pos_in_range_672_norm,target_log_ret_horizon_1,1,1.0,spearman,-0.0012160734522021614,0.0012160734522021614,22537,54
60,60m,BTCUSDT,96,True,price_pos_in_range_672_norm,target_log_ret_horizon_3,3,3.0,spearman,-0.0016724828155016867,0.0016724828155016867,22537,54
60,60m,BTCUSDT,96,True,price_pos_in_range_672_norm,target_log_ret_horizon_5,5,5.0,spearman,-0.005615124862038895,0.005615124862038895,22537,54
60,60m,BTCUSDT,96,True,price_pos_in_range_672_norm,target_log_ret_horizon_10,10,10.0,spearman,-0.006941503379951449,0.006941503379951449,22537,54
60,60m,BTCUSDT,96,True,price_pos_in_range_672_norm,target_log_ret_horizon_24,24,24.0,spearman,-0.01279386590957362,0.01279386590957362,22537,54
60,60m,ETHUSDT,96,True,dist_ema_36_z,target_log_ret_horizon_1,1,1.0,spearman,-0.04051434295898245,0.04051434295898245,22537,54
60,60m,ETHUSDT,96,True,dist_ema_36_z,target_log_ret_horizon_3,3,3.0,spearman,-0.02561872705557186,0.02561872705557186,22537,54
60,60m,ETHUSDT,96,True,dist_ema_36_z,target_log_ret_horizon_5,5,5.0,spearman,-0.010812596064381874,0.010812596064381874,22537,54
60,60m,ETHUSDT,96,True,dist_ema_36_z,target_log_ret_horizon_10,10,10.0,spearman,0.00475922628210739,0.00475922628210739,22537,54
60,60m,ETHUSDT,96,True,dist_ema_36_z,target_log_ret_horizon_24,24,24.0,spearman,-0.01857396912380359,0.01857396912380359,22537,54
60,60m,ETHUSDT,96,True,ema_slope_36_z,target_log_ret_horizon_1,1,1.0,spearman,-0.019888868147785507,0.019888868147785507,22537,54
60,60m,ETHUSDT,96,True,ema_slope_36_z,target_log_ret_horizon_3,3,3.0,spearman,-0.013875076002469643,0.013875076002469643,22537,54
60,60m,ETHUSDT,96,True,ema_slope_36_z,target_log_ret_horizon_5,5,5.0,spearman,-0.0054122172362797314,0.0054122172362797314,22537,54
60,60m,ETHUSDT,96,True,ema_slope_36_z,target_log_ret_horizon_10,10,10.0,spearman,0.0009501053133162422,0.0009501053133162422,22537,54
60,60m,ETHUSDT,96,True,ema_slope_36_z,target_log_ret_horizon_24,24,24.0,spearman,-0.0231037570143966,0.0231037570143966,22537,54
60,60m,ETHUSDT,96,True,dist_ema_84_z,target_log_ret_horizon_1,1,1.0,spearman,-0.03327777379974531,0.03327777379974531,22537,54
60,60m,ETHUSDT,96,True,dist_ema_84_z,target_log_ret_horizon_3,3,3.0,spearman,-0.02394515573796845,0.02394515573796845,22537,54
60,60m,ETHUSDT,96,True,dist_ema_84_z,target_log_ret_horizon_5,5,5.0,spearman,-0.010313660926417122,0.010313660926417122,22537,54
60,60m,ETHUSDT,96,True,dist_ema_84_z,target_log_ret_horizon_10,10,10.0,spearman,0.0038559053769633956,0.0038559053769633956,22537,54
60,60m,ETHUSDT,96,True,dist_ema_84_z,target_log_ret_horizon_24,24,24.0,spearman,-0.01019697925736952,0.01019697925736952,22537,54
60,60m,ETHUSDT,96,True,ema_slope_84_z,target_log_ret_horizon_1,1,1.0,spearman,-0.01653809824316388,0.01653809824316388,22537,54
60,60m,ETHUSDT,96,True,ema_slope_84_z,target_log_ret_horizon_3,3,3.0,spearman,-0.013832295099775706,0.013832295099775706,22537,54
60,60m,ETHUSDT,96,True,ema_slope_84_z,target_log_ret_horizon_5,5,5.0,spearman,-0.005355935230876137,0.005355935230876137,22537,54
60,60m,ETHUSDT,96,True,ema_slope_84_z,target_log_ret_horizon_10,10,10.0,spearman,0.0009136364485202862,0.0009136364485202862,22537,54
60,60m,ETHUSDT,96,True,ema_slope_84_z,target_log_ret_horizon_24,24,24.0,spearman,-0.011648832788603144,0.011648832788603144,22537,54
60,60m,ETHUSDT,96,True,dist_ema_200_z,target_log_ret_horizon_1,1,1.0,spearman,-0.026593686182517867,0.026593686182517867,22537,54
60,60m,ETHUSDT,96,True,dist_ema_200_z,target_log_ret_horizon_3,3,3.0,spearman,-0.018843353503695977,0.018843353503695977,22537,54
60,60m,ETHUSDT,96,True,dist_ema_200_z,target_log_ret_horizon_5,5,5.0,spearman,-0.005591554926234752,0.005591554926234752,22537,54
60,60m,ETHUSDT,96,True,dist_ema_200_z,target_log_ret_horizon_10,10,10.0,spearman,0.008158494434708216,0.008158494434708216,22537,54
60,60m,ETHUSDT,96,True,dist_ema_200_z,target_log_ret_horizon_24,24,24.0,spearman,-0.005848220141827043,0.005848220141827043,22537,54
60,60m,ETHUSDT,96,True,ema_slope_200_z,target_log_ret_horizon_1,1,1.0,spearman,-0.011232171067331272,0.011232171067331272,22537,54
60,60m,ETHUSDT,96,True,ema_slope_200_z,target_log_ret_horizon_3,3,3.0,spearman,-0.00940309547712258,0.00940309547712258,22537,54
60,60m,ETHUSDT,96,True,ema_slope_200_z,target_log_ret_horizon_5,5,5.0,spearman,-0.0009543655462589381,0.0009543655462589381,22537,54
60,60m,ETHUSDT,96,True,ema_slope_200_z,target_log_ret_horizon_10,10,10.0,spearman,0.005402180764617466,0.005402180764617466,22537,54
60,60m,ETHUSDT,96,True,ema_slope_200_z,target_log_ret_horizon_24,24,24.0,spearman,-0.007551111261754218,0.007551111261754218,22537,54
60,60m,ETHUSDT,96,True,dist_ema_400_z,target_log_ret_horizon_1,1,1.0,spearman,-0.02439558466103016,0.02439558466103016,22537,54
60,60m,ETHUSDT,96,True,dist_ema_400_z,target_log_ret_horizon_3,3,3.0,spearman,-0.019538336776389255,0.019538336776389255,22537,54
60,60m,ETHUSDT,96,True,dist_ema_400_z,target_log_ret_horizon_5,5,5.0,spearman,-0.008334265030608743,0.008334265030608743,22537,54
60,60m,ETHUSDT,96,True,dist_ema_400_z,target_log_ret_horizon_10,10,10.0,spearman,0.003659597772356861,0.003659597772356861,22537,54
60,60m,ETHUSDT,96,True,dist_ema_400_z,target_log_ret_horizon_24,24,24.0,spearman,-0.010855884665809612,0.010855884665809612,22537,54
60,60m,ETHUSDT,96,True,ema_slope_400_z,target_log_ret_horizon_1,1,1.0,spearman,-0.009392985649357777,0.009392985649357777,22537,54
60,60m,ETHUSDT,96,True,ema_slope_400_z,target_log_ret_horizon_3,3,3.0,spearman,-0.010723717216141274,0.010723717216141274,22537,54
60,60m,ETHUSDT,96,True,ema_slope_400_z,target_log_ret_horizon_5,5,5.0,spearman,-0.004109336635544345,0.004109336635544345,22537,54
60,60m,ETHUSDT,96,True,ema_slope_400_z,target_log_ret_horizon_10,10,10.0,spearman,0.0014353687374918322,0.0014353687374918322,22537,54
60,60m,ETHUSDT,96,True,ema_slope_400_z,target_log_ret_horizon_24,24,24.0,spearman,-0.01254230541086498,0.01254230541086498,22537,54
60,60m,ETHUSDT,96,True,dist_ema_800_z,target_log_ret_horizon_1,1,1.0,spearman,-0.023987940677710366,0.023987940677710366,22537,54
60,60m,ETHUSDT,96,True,dist_ema_800_z,target_log_ret_horizon_3,3,3.0,spearman,-0.021934310546242876,0.021934310546242876,22537,54
60,60m,ETHUSDT,96,True,dist_ema_800_z,target_log_ret_horizon_5,5,5.0,spearman,-0.012619846461261372,0.012619846461261372,22537,54
60,60m,ETHUSDT,96,True,dist_ema_800_z,target_log_ret_horizon_10,10,10.0,spearman,-0.00214803306530999,0.00214803306530999,22537,54
60,60m,ETHUSDT,96,True,dist_ema_800_z,target_log_ret_horizon_24,24,24.0,spearman,-0.018039002102628196,0.018039002102628196,22537,54
60,60m,ETHUSDT,96,True,ema_slope_800_z,target_log_ret_horizon_1,1,1.0,spearman,-0.009188868029879555,0.009188868029879555,22537,54
60,60m,ETHUSDT,96,True,ema_slope_800_z,target_log_ret_horizon_3,3,3.0,spearman,-0.013238323494190147,0.013238323494190147,22537,54
60,60m,ETHUSDT,96,True,ema_slope_800_z,target_log_ret_horizon_5,5,5.0,spearman,-0.008313880882394159,0.008313880882394159,22537,54
60,60m,ETHUSDT,96,True,ema_slope_800_z,target_log_ret_horizon_10,10,10.0,spearman,-0.0038622897552724527,0.0038622897552724527,22537,54
60,60m,ETHUSDT,96,True,ema_slope_800_z,target_log_ret_horizon_24,24,24.0,spearman,-0.020313064373277637,0.020313064373277637,22537,54
60,60m,ETHUSDT,96,True,ema_spread_36_84_z,target_log_ret_horizon_1,1,1.0,spearman,-0.007158433876089486,0.007158433876089486,22537,54
60,60m,ETHUSDT,96,True,ema_spread_36_84_z,target_log_ret_horizon_3,3,3.0,spearman,-0.007248261748353557,0.007248261748353557,22537,54
60,60m,ETHUSDT,96,True,ema_spread_36_84_z,target_log_ret_horizon_5,5,5.0,spearman,-0.001064184228813166,0.001064184228813166,22537,54
60,60m,ETHUSDT,96,True,ema_spread_36_84_z,target_log_ret_horizon_10,10,10.0,spearman,0.00029559479210154884,0.00029559479210154884,22537,54
60,60m,ETHUSDT,96,True,ema_spread_36_84_z,target_log_ret_horizon_24,24,24.0,spearman,0.002184682588265402,0.002184682588265402,22537,54
60,60m,ETHUSDT,96,True,ema_spread_84_200_z,target_log_ret_horizon_1,1,1.0,spearman,0.0013037800991266512,0.0013037800991266512,22537,54
60,60m,ETHUSDT,96,True,ema_spread_84_200_z,target_log_ret_horizon_3,3,3.0,spearman,-0.0009926087871276888,0.0009926087871276888,22537,54
60,60m,ETHUSDT,96,True,ema_spread_84_200_z,target_log_ret_horizon_5,5,5.0,spearman,0.0017764546491678007,0.0017764546491678007,22537,54
60,60m,ETHUSDT,96,True,ema_spread_84_200_z,target_log_ret_horizon_10,10,10.0,spearman,0.0039856577430458645,0.0039856577430458645,22537,54
60,60m,ETHUSDT,96,True,ema_spread_84_200_z,target_log_ret_horizon_24,24,24.0,spearman,0.006456916508767054,0.006456916508767054,22537,54
60,60m,ETHUSDT,96,True,ema_spread_200_400_z,target_log_ret_horizon_1,1,1.0,spearman,-0.00012175293995262749,0.00012175293995262749,22537,54
60,60m,ETHUSDT,96,True,ema_spread_200_400_z,target_log_ret_horizon_3,3,3.0,spearman,-0.010299789092141999,0.010299789092141999,22537,54
60,60m,ETHUSDT,96,True,ema_spread_200_400_z,target_log_ret_horizon_5,5,5.0,spearman,-0.014088119369222465,0.014088119369222465,22537,54
60,60m,ETHUSDT,96,True,ema_spread_200_400_z,target_log_ret_horizon_10,10,10.0,spearman,-0.019456364252772338,0.019456364252772338,22537,54
60,60m,ETHUSDT,96,True,ema_spread_200_400_z,target_log_ret_horizon_24,24,24.0,spearman,-0.029464244691313018,0.029464244691313018,22537,54
60,60m,ETHUSDT,96,True,ema_spread_400_800_z,target_log_ret_horizon_1,1,1.0,spearman,0.007347219506347688,0.007347219506347688,22537,54
60,60m,ETHUSDT,96,True,ema_spread_400_800_z,target_log_ret_horizon_3,3,3.0,spearman,0.0006079802927885231,0.0006079802927885231,22537,54
60,60m,ETHUSDT,96,True,ema_spread_400_800_z,target_log_ret_horizon_5,5,5.0,spearman,-0.00238391949092326,0.00238391949092326,22537,54
60,60m,ETHUSDT,96,True,ema_spread_400_800_z,target_log_ret_horizon_10,10,10.0,spearman,-0.0044048606163817824,0.0044048606163817824,22537,54
60,60m,ETHUSDT,96,True,ema_spread_400_800_z,target_log_ret_horizon_24,24,24.0,spearman,-0.006769258996941942,0.006769258996941942,22537,54
60,60m,ETHUSDT,96,True,MOM_pct_56_z,target_log_ret_horizon_1,1,1.0,spearman,-0.026140569541579145,0.026140569541579145,22537,54
60,60m,ETHUSDT,96,True,MOM_pct_56_z,target_log_ret_horizon_3,3,3.0,spearman,-0.023361368326358805,0.023361368326358805,22537,54
60,60m,ETHUSDT,96,True,MOM_pct_56_z,target_log_ret_horizon_5,5,5.0,spearman,-0.014917212766362382,0.014917212766362382,22537,54
60,60m,ETHUSDT,96,True,MOM_pct_56_z,target_log_ret_horizon_10,10,10.0,spearman,-0.01005027638438902,0.01005027638438902,22537,54
60,60m,ETHUSDT,96,True,MOM_pct_56_z,target_log_ret_horizon_24,24,24.0,spearman,-0.012944620860328304,0.012944620860328304,22537,54
60,60m,ETHUSDT,96,True,ADX_56_scaled,target_log_ret_horizon_1,1,1.0,spearman,0.006184087614428099,0.006184087614428099,22537,54
60,60m,ETHUSDT,96,True,ADX_56_scaled,target_log_ret_horizon_3,3,3.0,spearman,0.013466917052623087,0.013466917052623087,22537,54
60,60m,ETHUSDT,96,True,ADX_56_scaled,target_log_ret_horizon_5,5,5.0,spearman,0.01927065641736352,0.01927065641736352,22537,54
60,60m,ETHUSDT,96,True,ADX_56_scaled,target_log_ret_horizon_10,10,10.0,spearman,0.024814567534087412,0.024814567534087412,22537,54
60,60m,ETHUSDT,96,True,ADX_56_scaled,target_log_ret_horizon_24,24,24.0,spearman,0.044002644388444825,0.044002644388444825,22537,54
60,60m,ETHUSDT,96,True,RSI_56_bounded,target_log_ret_horizon_1,1,1.0,spearman,-0.01665145992433211,0.01665145992433211,22537,54
60,60m,ETHUSDT,96,True,RSI_56_bounded,target_log_ret_horizon_3,3,3.0,spearman,-0.01883325838557899,0.01883325838557899,22537,54
60,60m,ETHUSDT,96,True,RSI_56_bounded,target_log_ret_horizon_5,5,5.0,spearman,-0.016839070292310646,0.016839070292310646,22537,54
60,60m,ETHUSDT,96,True,RSI_56_bounded,target_log_ret_horizon_10,10,10.0,spearman,-0.013164992004310377,0.013164992004310377,22537,54
60,60m,ETHUSDT,96,True,RSI_56_bounded,target_log_ret_horizon_24,24,24.0,spearman,-0.026867216867474075,0.026867216867474075,22537,54
60,60m,ETHUSDT,96,True,MOM_pct_120_z,target_log_ret_horizon_1,1,1.0,spearman,-0.014648895735189722,0.014648895735189722,22537,54
60,60m,ETHUSDT,96,True,MOM_pct_120_z,target_log_ret_horizon_3,3,3.0,spearman,-0.013877339021930894,0.013877339021930894,22537,54
60,60m,ETHUSDT,96,True,MOM_pct_120_z,target_log_ret_horizon_5,5,5.0,spearman,-0.007017823118582842,0.007017823118582842,22537,54
60,60m,ETHUSDT,96,True,MOM_pct_120_z,target_log_ret_horizon_10,10,10.0,spearman,0.0012209879641927447,0.0012209879641927447,22537,54
60,60m,ETHUSDT,96,True,MOM_pct_120_z,target_log_ret_horizon_24,24,24.0,spearman,-0.003561363075721814,0.003561363075721814,22537,54
60,60m,ETHUSDT,96,True,ADX_120_scaled,target_log_ret_horizon_1,1,1.0,spearman,0.00725609199646848,0.00725609199646848,22537,54
60,60m,ETHUSDT,96,True,ADX_120_scaled,target_log_ret_horizon_3,3,3.0,spearman,0.022223535663605947,0.022223535663605947,22537,54
60,60m,ETHUSDT,96,True,ADX_120_scaled,target_log_ret_horizon_5,5,5.0,spearman,0.029510963531164013,0.029510963531164013,22537,54
60,60m,ETHUSDT,96,True,ADX_120_scaled,target_log_ret_horizon_10,10,10.0,spearman,0.037640192922239156,0.037640192922239156,22537,54
60,60m,ETHUSDT,96,True,ADX_120_scaled,target_log_ret_horizon_24,24,24.0,spearman,0.05631011815672269,0.05631011815672269,22537,54
60,60m,ETHUSDT,96,True,RSI_120_bounded,target_log_ret_horizon_1,1,1.0,spearman,-0.005152550274079627,0.005152550274079627,22537,54
60,60m,ETHUSDT,96,True,RSI_120_bounded,target_log_ret_horizon_3,3,3.0,spearman,-0.009692534961581744,0.009692534961581744,22537,54
60,60m,ETHUSDT,96,True,RSI_120_bounded,target_log_ret_horizon_5,5,5.0,spearman,-0.012281338490707948,0.012281338490707948,22537,54
60,60m,ETHUSDT,96,True,RSI_120_bounded,target_log_ret_horizon_10,10,10.0,spearman,-0.013476387836959182,0.013476387836959182,22537,54
60,60m,ETHUSDT,96,True,RSI_120_bounded,target_log_ret_horizon_24,24,24.0,spearman,-0.02515466792631476,0.02515466792631476,22537,54
60,60m,ETHUSDT,96,True,MOM_pct_288_z,target_log_ret_horizon_1,1,1.0,spearman,-0.02216772212289215,0.02216772212289215,22537,54
60,60m,ETHUSDT,96,True,MOM_pct_288_z,target_log_ret_horizon_3,3,3.0,spearman,-0.027802849822566464,0.027802849822566464,22537,54
60,60m,ETHUSDT,96,True,MOM_pct_288_z,target_log_ret_horizon_5,5,5.0,spearman,-0.026084933735848793,0.026084933735848793,22537,54
60,60m,ETHUSDT,96,True,MOM_pct_288_z,target_log_ret_horizon_10,10,10.0,spearman,-0.024753503955470796,0.024753503955470796,22537,54
60,60m,ETHUSDT,96,True,MOM_pct_288_z,target_log_ret_horizon_24,24,24.0,spearman,-0.03847979640993162,0.03847979640993162,22537,54
60,60m,ETHUSDT,96,True,ADX_288_scaled,target_log_ret_horizon_1,1,1.0,spearman,0.000558179706764035,0.000558179706764035,22537,54
60,60m,ETHUSDT,96,True,ADX_288_scaled,target_log_ret_horizon_3,3,3.0,spearman,0.00609400717349936,0.00609400717349936,22537,54
60,60m,ETHUSDT,96,True,ADX_288_scaled,target_log_ret_horizon_5,5,5.0,spearman,0.008588833048033899,0.008588833048033899,22537,54
60,60m,ETHUSDT,96,True,ADX_288_scaled,target_log_ret_horizon_10,10,10.0,spearman,0.009155553843837944,0.009155553843837944,22537,54
60,60m,ETHUSDT,96,True,ADX_288_scaled,target_log_ret_horizon_24,24,24.0,spearman,0.008298864255354204,0.008298864255354204,22537,54
60,60m,ETHUSDT,96,True,RSI_288_bounded,target_log_ret_horizon_1,1,1.0,spearman,0.00050078884215182,0.00050078884215182,22537,54
60,60m,ETHUSDT,96,True,RSI_288_bounded,target_log_ret_horizon_3,3,3.0,spearman,-0.003472769580403669,0.003472769580403669,22537,54
60,60m,ETHUSDT,96,True,RSI_288_bounded,target_log_ret_horizon_5,5,5.0,spearman,-0.009058030168482544,0.009058030168482544,22537,54
60,60m,ETHUSDT,96,True,RSI_288_bounded,target_log_ret_horizon_10,10,10.0,spearman,-0.013441770640975,0.013441770640975,22537,54
60,60m,ETHUSDT,96,True,RSI_288_bounded,target_log_ret_horizon_24,24,24.0,spearman,-0.020416010685359608,0.020416010685359608,22537,54
60,60m,ETHUSDT,96,True,MACD_hist_pct_z,target_log_ret_horizon_1,1,1.0,spearman,-0.0228079951048978,0.0228079951048978,22537,54
60,60m,ETHUSDT,96,True,MACD_hist_pct_z,target_log_ret_horizon_3,3,3.0,spearman,-0.0008721691743009263,0.0008721691743009263,22537,54
60,60m,ETHUSDT,96,True,MACD_hist_pct_z,target_log_ret_horizon_5,5,5.0,spearman,0.013228352163682497,0.013228352163682497,22537,54
60,60m,ETHUSDT,96,True,MACD_hist_pct_z,target_log_ret_horizon_10,10,10.0,spearman,0.042749729324452666,0.042749729324452666,22537,54
60,60m,ETHUSDT,96,True,MACD_hist_pct_z,target_log_ret_horizon_24,24,24.0,spearman,-0.005493948378459152,0.005493948378459152,22537,54
60,60m,ETHUSDT,96,True,NATR_14_z,target_log_ret_horizon_1,1,1.0,spearman,0.01661736648266663,0.01661736648266663,22537,54
60,60m,ETHUSDT,96,True,NATR_14_z,target_log_ret_horizon_3,3,3.0,spearman,0.024139829026091436,0.024139829026091436,22537,54
60,60m,ETHUSDT,96,True,NATR_14_z,target_log_ret_horizon_5,5,5.0,spearman,0.027407126401431392,0.027407126401431392,22537,54
60,60m,ETHUSDT,96,True,NATR_14_z,target_log_ret_horizon_10,10,10.0,spearman,0.026703374253243102,0.026703374253243102,22537,54
60,60m,ETHUSDT,96,True,NATR_14_z,target_log_ret_horizon_24,24,24.0,spearman,0.03722002951214782,0.03722002951214782,22537,54
60,60m,ETHUSDT,96,True,bb_width_20_sqrt_z,target_log_ret_horizon_1,1,1.0,spearman,0.00802761390858401,0.00802761390858401,22537,54
60,60m,ETHUSDT,96,True,bb_width_20_sqrt_z,target_log_ret_horizon_3,3,3.0,spearman,0.016723858061340812,0.016723858061340812,22537,54
60,60m,ETHUSDT,96,True,bb_width_20_sqrt_z,target_log_ret_horizon_5,5,5.0,spearman,0.020363662816026855,0.020363662816026855,22537,54
60,60m,ETHUSDT,96,True,bb_width_20_sqrt_z,target_log_ret_horizon_10,10,10.0,spearman,0.023864448322678172,0.023864448322678172,22537,54
60,60m,ETHUSDT,96,True,bb_width_20_sqrt_z,target_log_ret_horizon_24,24,24.0,spearman,0.02123235967857057,0.02123235967857057,22537,54
60,60m,ETHUSDT,96,True,bb_pos_20_norm,target_log_ret_horizon_1,1,1.0,spearman,-0.052351551927588065,0.052351551927588065,22537,54
60,60m,ETHUSDT,96,True,bb_pos_20_norm,target_log_ret_horizon_3,3,3.0,spearman,-0.037670049470240656,0.037670049470240656,22537,54
60,60m,ETHUSDT,96,True,bb_pos_20_norm,target_log_ret_horizon_5,5,5.0,spearman,-0.026501954867621087,0.026501954867621087,22537,54
60,60m,ETHUSDT,96,True,bb_pos_20_norm,target_log_ret_horizon_10,10,10.0,spearman,-0.012107268087498133,0.012107268087498133,22537,54
60,60m,ETHUSDT,96,True,bb_pos_20_norm,target_log_ret_horizon_24,24,24.0,spearman,-0.03972552298264659,0.03972552298264659,22537,54
60,60m,ETHUSDT,96,True,volatility_96_sqrt_z,target_log_ret_horizon_1,1,1.0,spearman,0.00787899330895714,0.00787899330895714,22537,54
60,60m,ETHUSDT,96,True,volatility_96_sqrt_z,target_log_ret_horizon_3,3,3.0,spearman,0.010381951200400386,0.010381951200400386,22537,54
60,60m,ETHUSDT,96,True,volatility_96_sqrt_z,target_log_ret_horizon_5,5,5.0,spearman,0.018533193548010904,0.018533193548010904,22537,54
60,60m,ETHUSDT,96,True,volatility_96_sqrt_z,target_log_ret_horizon_10,10,10.0,spearman,0.023788904000750937,0.023788904000750937,22537,54
60,60m,ETHUSDT,96,True,volatility_96_sqrt_z,target_log_ret_horizon_24,24,24.0,spearman,0.016738966570305932,0.016738966570305932,22537,54
60,60m,ETHUSDT,96,True,volatility_288_sqrt_z,target_log_ret_horizon_1,1,1.0,spearman,0.003824539796164941,0.003824539796164941,22537,54
60,60m,ETHUSDT,96,True,volatility_288_sqrt_z,target_log_ret_horizon_3,3,3.0,spearman,0.010142696646344465,0.010142696646344465,22537,54
60,60m,ETHUSDT,96,True,volatility_288_sqrt_z,target_log_ret_horizon_5,5,5.0,spearman,0.014810815887237197,0.014810815887237197,22537,54
60,60m,ETHUSDT,96,True,volatility_288_sqrt_z,target_log_ret_horizon_10,10,10.0,spearman,0.01900118839111116,0.01900118839111116,22537,54
60,60m,ETHUSDT,96,True,volatility_288_sqrt_z,target_log_ret_horizon_24,24,24.0,spearman,0.014107095066286504,0.014107095066286504,22537,54
60,60m,ETHUSDT,96,True,volatility_672_sqrt_z,target_log_ret_horizon_1,1,1.0,spearman,0.008213763174180674,0.008213763174180674,22537,54
60,60m,ETHUSDT,96,True,volatility_672_sqrt_z,target_log_ret_horizon_3,3,3.0,spearman,0.015578703079069204,0.015578703079069204,22537,54
60,60m,ETHUSDT,96,True,volatility_672_sqrt_z,target_log_ret_horizon_5,5,5.0,spearman,0.01930047556833415,0.01930047556833415,22537,54
60,60m,ETHUSDT,96,True,volatility_672_sqrt_z,target_log_ret_horizon_10,10,10.0,spearman,0.02340990702392903,0.02340990702392903,22537,54
60,60m,ETHUSDT,96,True,volatility_672_sqrt_z,target_log_ret_horizon_24,24,24.0,spearman,0.02224951634925777,0.02224951634925777,22537,54
60,60m,ETHUSDT,96,True,log_ret_24_z,target_log_ret_horizon_1,1,1.0,spearman,-0.03018171810951492,0.03018171810951492,22537,54
60,60m,ETHUSDT,96,True,log_ret_24_z,target_log_ret_horizon_3,3,3.0,spearman,-0.024898464101814705,0.024898464101814705,22537,54
60,60m,ETHUSDT,96,True,log_ret_24_z,target_log_ret_horizon_5,5,5.0,spearman,-0.018454458174768984,0.018454458174768984,22537,54
60,60m,ETHUSDT,96,True,log_ret_24_z,target_log_ret_horizon_10,10,10.0,spearman,-0.01656346110258123,0.01656346110258123,22537,54
60,60m,ETHUSDT,96,True,log_ret_24_z,target_log_ret_horizon_24,24,24.0,spearman,-0.029314452693268215,0.029314452693268215,22537,54
60,60m,ETHUSDT,96,True,log_ret_96_z,target_log_ret_horizon_1,1,1.0,spearman,-0.010983660999663775,0.010983660999663775,22537,54
60,60m,ETHUSDT,96,True,log_ret_96_z,target_log_ret_horizon_3,3,3.0,spearman,-0.002024387466263578,0.002024387466263578,22537,54
60,60m,ETHUSDT,96,True,log_ret_96_z,target_log_ret_horizon_5,5,5.0,spearman,0.009310466129262706,0.009310466129262706,22537,54
60,60m,ETHUSDT,96,True,log_ret_96_z,target_log_ret_horizon_10,10,10.0,spearman,0.019860498035034996,0.019860498035034996,22537,54
60,60m,ETHUSDT,96,True,log_ret_96_z,target_log_ret_horizon_24,24,24.0,spearman,0.0022880328501887564,0.0022880328501887564,22537,54
60,60m,ETHUSDT,96,True,log_ret_288_z,target_log_ret_horizon_1,1,1.0,spearman,-0.022266430343700037,0.022266430343700037,22537,54
60,60m,ETHUSDT,96,True,log_ret_288_z,target_log_ret_horizon_3,3,3.0,spearman,-0.027955229498362936,0.027955229498362936,22537,54
60,60m,ETHUSDT,96,True,log_ret_288_z,target_log_ret_horizon_5,5,5.0,spearman,-0.026306123898271076,0.026306123898271076,22537,54
60,60m,ETHUSDT,96,True,log_ret_288_z,target_log_ret_horizon_10,10,10.0,spearman,-0.02511232856539145,0.02511232856539145,22537,54
60,60m,ETHUSDT,96,True,log_ret_288_z,target_log_ret_horizon_24,24,24.0,spearman,-0.03881748280716002,0.03881748280716002,22537,54
60,60m,ETHUSDT,96,True,log_ret_672_z,target_log_ret_horizon_1,1,1.0,spearman,-0.022007672378712866,0.022007672378712866,22537,54
60,60m,ETHUSDT,96,True,log_ret_672_z,target_log_ret_horizon_3,3,3.0,spearman,-0.022504560655536923,0.022504560655536923,22537,54
60,60m,ETHUSDT,96,True,log_ret_672_z,target_log_ret_horizon_5,5,5.0,spearman,-0.01767411667324854,0.01767411667324854,22537,54
60,60m,ETHUSDT,96,True,log_ret_672_z,target_log_ret_horizon_10,10,10.0,spearman,-0.015168099438286708,0.015168099438286708,22537,54
60,60m,ETHUSDT,96,True,log_ret_672_z,target_log_ret_horizon_24,24,24.0,spearman,-0.022175781457766604,0.022175781457766604,22537,54
60,60m,ETHUSDT,96,True,ret_accel_24_96_z,target_log_ret_horizon_1,1,1.0,spearman,-0.009518251328354497,0.009518251328354497,22537,54
60,60m,ETHUSDT,96,True,ret_accel_24_96_z,target_log_ret_horizon_3,3,3.0,spearman,-0.012497941125306056,0.012497941125306056,22537,54
60,60m,ETHUSDT,96,True,ret_accel_24_96_z,target_log_ret_horizon_5,5,5.0,spearman,-0.016875805658879577,0.016875805658879577,22537,54
60,60m,ETHUSDT,96,True,ret_accel_24_96_z,target_log_ret_horizon_10,10,10.0,spearman,-0.02208772716946537,0.02208772716946537,22537,54
60,60m,ETHUSDT,96,True,ret_accel_24_96_z,target_log_ret_horizon_24,24,24.0,spearman,-0.017425921279364095,0.017425921279364095,22537,54
60,60m,ETHUSDT,96,True,ret_accel_96_288_z,target_log_ret_horizon_1,1,1.0,spearman,0.0007593065845384994,0.0007593065845384994,22537,54
60,60m,ETHUSDT,96,True,ret_accel_96_288_z,target_log_ret_horizon_3,3,3.0,spearman,0.009331975533835378,0.009331975533835378,22537,54
60,60m,ETHUSDT,96,True,ret_accel_96_288_z,target_log_ret_horizon_5,5,5.0,spearman,0.015047676109805784,0.015047676109805784,22537,54
60,60m,ETHUSDT,96,True,ret_accel_96_288_z,target_log_ret_horizon_10,10,10.0,spearman,0.01763994409205869,0.01763994409205869,22537,54
60,60m,ETHUSDT,96,True,ret_accel_96_288_z,target_log_ret_horizon_24,24,24.0,spearman,0.017262284499784213,0.017262284499784213,22537,54
60,60m,ETHUSDT,96,True,ret_accel_288_672_z,target_log_ret_horizon_1,1,1.0,spearman,-0.00046761004886841,0.00046761004886841,22537,54
60,60m,ETHUSDT,96,True,ret_accel_288_672_z,target_log_ret_horizon_3,3,3.0,spearman,-0.004467334674838216,0.004467334674838216,22537,54
60,60m,ETHUSDT,96,True,ret_accel_288_672_z,target_log_ret_horizon_5,5,5.0,spearman,-0.006918211119299474,0.006918211119299474,22537,54
60,60m,ETHUSDT,96,True,ret_accel_288_672_z,target_log_ret_horizon_10,10,10.0,spearman,-0.006356691121460255,0.006356691121460255,22537,54
60,60m,ETHUSDT,96,True,ret_accel_288_672_z,target_log_ret_horizon_24,24,24.0,spearman,-0.016533380149699805,0.016533380149699805,22537,54
60,60m,ETHUSDT,96,True,vol_ratio_96_log1p_z,target_log_ret_horizon_1,1,1.0,spearman,0.0013393677794000796,0.0013393677794000796,22537,54
60,60m,ETHUSDT,96,True,vol_ratio_96_log1p_z,target_log_ret_horizon_3,3,3.0,spearman,0.006360551172977574,0.006360551172977574,22537,54
60,60m,ETHUSDT,96,True,vol_ratio_96_log1p_z,target_log_ret_horizon_5,5,5.0,spearman,0.006385825919809752,0.006385825919809752,22537,54
60,60m,ETHUSDT,96,True,vol_ratio_96_log1p_z,target_log_ret_horizon_10,10,10.0,spearman,0.0014363964043366127,0.0014363964043366127,22537,54
60,60m,ETHUSDT,96,True,vol_ratio_96_log1p_z,target_log_ret_horizon_24,24,24.0,spearman,0.018661247129453197,0.018661247129453197,22537,54
60,60m,ETHUSDT,96,True,vol_ratio_288_log1p_z,target_log_ret_horizon_1,1,1.0,spearman,0.0011988243948148844,0.0011988243948148844,22537,54
60,60m,ETHUSDT,96,True,vol_ratio_288_log1p_z,target_log_ret_horizon_3,3,3.0,spearman,0.005742673681474986,0.005742673681474986,22537,54
60,60m,ETHUSDT,96,True,vol_ratio_288_log1p_z,target_log_ret_horizon_5,5,5.0,spearman,0.007015469923165989,0.007015469923165989,22537,54
60,60m,ETHUSDT,96,True,vol_ratio_288_log1p_z,target_log_ret_horizon_10,10,10.0,spearman,0.004082017903290885,0.004082017903290885,22537,54
60,60m,ETHUSDT,96,True,vol_ratio_288_log1p_z,target_log_ret_horizon_24,24,24.0,spearman,0.021237471815130173,0.021237471815130173,22537,54
60,60m,ETHUSDT,96,True,vol_ratio_672_log1p_z,target_log_ret_horizon_1,1,1.0,spearman,0.002432910747617808,0.002432910747617808,22537,54
60,60m,ETHUSDT,96,True,vol_ratio_672_log1p_z,target_log_ret_horizon_3,3,3.0,spearman,0.007976446500303158,0.007976446500303158,22537,54
60,60m,ETHUSDT,96,True,vol_ratio_672_log1p_z,target_log_ret_horizon_5,5,5.0,spearman,0.010625146530363705,0.010625146530363705,22537,54
60,60m,ETHUSDT,96,True,vol_ratio_672_log1p_z,target_log_ret_horizon_10,10,10.0,spearman,0.009047651295642911,0.009047651295642911,22537,54
60,60m,ETHUSDT,96,True,vol_ratio_672_log1p_z,target_log_ret_horizon_24,24,24.0,spearman,0.027181085170562214,0.027181085170562214,22537,54
60,60m,ETHUSDT,96,True,range_sqrt_z,target_log_ret_horizon_1,1,1.0,spearman,0.0093945954547072,0.0093945954547072,22537,54
60,60m,ETHUSDT,96,True,range_sqrt_z,target_log_ret_horizon_3,3,3.0,spearman,0.013602831432159769,0.013602831432159769,22537,54
60,60m,ETHUSDT,96,True,range_sqrt_z,target_log_ret_horizon_5,5,5.0,spearman,0.019135715850112978,0.019135715850112978,22537,54
60,60m,ETHUSDT,96,True,range_sqrt_z,target_log_ret_horizon_10,10,10.0,spearman,0.01447436937621134,0.01447436937621134,22537,54
60,60m,ETHUSDT,96,True,range_sqrt_z,target_log_ret_horizon_24,24,24.0,spearman,0.03472747637871339,0.03472747637871339,22537,54
60,60m,ETHUSDT,96,True,body_sqrt_z,target_log_ret_horizon_1,1,1.0,spearman,0.010876823526978033,0.010876823526978033,22537,54
60,60m,ETHUSDT,96,True,body_sqrt_z,target_log_ret_horizon_3,3,3.0,spearman,0.023219666869748936,0.023219666869748936,22537,54
60,60m,ETHUSDT,96,True,body_sqrt_z,target_log_ret_horizon_5,5,5.0,spearman,0.023572154329408325,0.023572154329408325,22537,54
60,60m,ETHUSDT,96,True,body_sqrt_z,target_log_ret_horizon_10,10,10.0,spearman,0.01858357630785557,0.01858357630785557,22537,54
60,60m,ETHUSDT,96,True,body_sqrt_z,target_log_ret_horizon_24,24,24.0,spearman,0.025574485651488225,0.025574485651488225,22537,54
60,60m,ETHUSDT,96,True,vol_expansion_96_log1p_z,target_log_ret_horizon_1,1,1.0,spearman,0.006446883616749944,0.006446883616749944,22537,54
60,60m,ETHUSDT,96,True,vol_expansion_96_log1p_z,target_log_ret_horizon_3,3,3.0,spearman,0.009381304332668566,0.009381304332668566,22537,54
60,60m,ETHUSDT,96,True,vol_expansion_96_log1p_z,target_log_ret_horizon_5,5,5.0,spearman,0.012169962991619784,0.012169962991619784,22537,54
60,60m,ETHUSDT,96,True,vol_expansion_96_log1p_z,target_log_ret_horizon_10,10,10.0,spearman,0.004989359094469629,0.004989359094469629,22537,54
60,60m,ETHUSDT,96,True,vol_expansion_96_log1p_z,target_log_ret_horizon_24,24,24.0,spearman,0.024639909699163545,0.024639909699163545,22537,54
60,60m,ETHUSDT,96,True,vol_expansion_288_log1p_z,target_log_ret_horizon_1,1,1.0,spearman,0.007637977157986467,0.007637977157986467,22537,54
60,60m,ETHUSDT,96,True,vol_expansion_288_log1p_z,target_log_ret_horizon_3,3,3.0,spearman,0.011219333786488437,0.011219333786488437,22537,54
60,60m,ETHUSDT,96,True,vol_expansion_288_log1p_z,target_log_ret_horizon_5,5,5.0,spearman,0.01560125696712089,0.01560125696712089,22537,54
60,60m,ETHUSDT,96,True,vol_expansion_288_log1p_z,target_log_ret_horizon_10,10,10.0,spearman,0.010517708772275394,0.010517708772275394,22537,54
60,60m,ETHUSDT,96,True,vol_expansion_288_log1p_z,target_log_ret_horizon_24,24,24.0,spearman,0.03023481326077163,0.03023481326077163,22537,54
60,60m,ETHUSDT,96,True,vol_expansion_672_log1p_z,target_log_ret_horizon_1,1,1.0,spearman,0.00855723840201842,0.00855723840201842,22537,54
60,60m,ETHUSDT,96,True,vol_expansion_672_log1p_z,target_log_ret_horizon_3,3,3.0,spearman,0.012870058275343207,0.012870058275343207,22537,54
60,60m,ETHUSDT,96,True,vol_expansion_672_log1p_z,target_log_ret_horizon_5,5,5.0,spearman,0.018181868993750547,0.018181868993750547,22537,54
60,60m,ETHUSDT,96,True,vol_expansion_672_log1p_z,target_log_ret_horizon_10,10,10.0,spearman,0.013647661399307464,0.013647661399307464,22537,54
60,60m,ETHUSDT,96,True,vol_expansion_672_log1p_z,target_log_ret_horizon_24,24,24.0,spearman,0.03445508367646439,0.03445508367646439,22537,54
60,60m,ETHUSDT,96,True,dist_to_high_96_sqrt_z,target_log_ret_horizon_1,1,1.0,spearman,0.03599702809776088,0.03599702809776088,22537,54
60,60m,ETHUSDT,96,True,dist_to_high_96_sqrt_z,target_log_ret_horizon_3,3,3.0,spearman,0.027337644113640133,0.027337644113640133,22537,54
60,60m,ETHUSDT,96,True,dist_to_high_96_sqrt_z,target_log_ret_horizon_5,5,5.0,spearman,0.01809646059879232,0.01809646059879232,22537,54
60,60m,ETHUSDT,96,True,dist_to_high_96_sqrt_z,target_log_ret_horizon_10,10,10.0,spearman,0.0008186893179330007,0.0008186893179330007,22537,54
60,60m,ETHUSDT,96,True,dist_to_high_96_sqrt_z,target_log_ret_horizon_24,24,24.0,spearman,0.008116953847325093,0.008116953847325093,22537,54
60,60m,ETHUSDT,96,True,dist_to_low_96_sqrt_z,target_log_ret_horizon_1,1,1.0,spearman,-0.028308256860107763,0.028308256860107763,22537,54
60,60m,ETHUSDT,96,True,dist_to_low_96_sqrt_z,target_log_ret_horizon_3,3,3.0,spearman,-0.01692628783693465,0.01692628783693465,22537,54
60,60m,ETHUSDT,96,True,dist_to_low_96_sqrt_z,target_log_ret_horizon_5,5,5.0,spearman,-0.0034827020057968832,0.0034827020057968832,22537,54
60,60m,ETHUSDT,96,True,dist_to_low_96_sqrt_z,target_log_ret_horizon_10,10,10.0,spearman,0.013099035011851473,0.013099035011851473,22537,54
60,60m,ETHUSDT,96,True,dist_to_low_96_sqrt_z,target_log_ret_horizon_24,24,24.0,spearman,0.003085120930407638,0.003085120930407638,22537,54
60,60m,ETHUSDT,96,True,price_pos_in_range_96_norm,target_log_ret_horizon_1,1,1.0,spearman,-0.02490571291330826,0.02490571291330826,22537,54
60,60m,ETHUSDT,96,True,price_pos_in_range_96_norm,target_log_ret_horizon_3,3,3.0,spearman,-0.023994603736342032,0.023994603736342032,22537,54
60,60m,ETHUSDT,96,True,price_pos_in_range_96_norm,target_log_ret_horizon_5,5,5.0,spearman,-0.018973979854616022,0.018973979854616022,22537,54
60,60m,ETHUSDT,96,True,price_pos_in_range_96_norm,target_log_ret_horizon_10,10,10.0,spearman,-0.0099524175779108,0.0099524175779108,22537,54
60,60m,ETHUSDT,96,True,price_pos_in_range_96_norm,target_log_ret_horizon_24,24,24.0,spearman,-0.0281467460211151,0.0281467460211151,22537,54
60,60m,ETHUSDT,96,True,dist_to_high_288_sqrt_z,target_log_ret_horizon_1,1,1.0,spearman,0.03492074714254131,0.03492074714254131,22537,54
60,60m,ETHUSDT,96,True,dist_to_high_288_sqrt_z,target_log_ret_horizon_3,3,3.0,spearman,0.033251399111949936,0.033251399111949936,22537,54
60,60m,ETHUSDT,96,True,dist_to_high_288_sqrt_z,target_log_ret_horizon_5,5,5.0,spearman,0.028178447154902607,0.028178447154902607,22537,54
60,60m,ETHUSDT,96,True,dist_to_high_288_sqrt_z,target_log_ret_horizon_10,10,10.0,spearman,0.02078415577336835,0.02078415577336835,22537,54
60,60m,ETHUSDT,96,True,dist_to_high_288_sqrt_z,target_log_ret_horizon_24,24,24.0,spearman,0.02999343608526756,0.02999343608526756,22537,54
60,60m,ETHUSDT,96,True,dist_to_low_288_sqrt_z,target_log_ret_horizon_1,1,1.0,spearman,-0.02614374029484152,0.02614374029484152,22537,54
60,60m,ETHUSDT,96,True,dist_to_low_288_sqrt_z,target_log_ret_horizon_3,3,3.0,spearman,-0.01944594611019804,0.01944594611019804,22537,54
60,60m,ETHUSDT,96,True,dist_to_low_288_sqrt_z,target_log_ret_horizon_5,5,5.0,spearman,-0.00800725881696173,0.00800725881696173,22537,54
60,60m,ETHUSDT,96,True,dist_to_low_288_sqrt_z,target_log_ret_horizon_10,10,10.0,spearman,0.005755265129656253,0.005755265129656253,22537,54
60,60m,ETHUSDT,96,True,dist_to_low_288_sqrt_z,target_log_ret_horizon_24,24,24.0,spearman,-0.0025296960189658754,0.0025296960189658754,22537,54
60,60m,ETHUSDT,96,True,price_pos_in_range_288_norm,target_log_ret_horizon_1,1,1.0,spearman,-0.01004600824176833,0.01004600824176833,22537,54
60,60m,ETHUSDT,96,True,price_pos_in_range_288_norm,target_log_ret_horizon_3,3,3.0,spearman,-0.017663662294993603,0.017663662294993603,22537,54
60,60m,ETHUSDT,96,True,price_pos_in_range_288_norm,target_log_ret_horizon_5,5,5.0,spearman,-0.021726475167004194,0.021726475167004194,22537,54
60,60m,ETHUSDT,96,True,price_pos_in_range_288_norm,target_log_ret_horizon_10,10,10.0,spearman,-0.023134089839635257,0.023134089839635257,22537,54
60,60m,ETHUSDT,96,True,price_pos_in_range_288_norm,target_log_ret_horizon_24,24,24.0,spearman,-0.030137189517906292,0.030137189517906292,22537,54
60,60m,ETHUSDT,96,True,dist_to_high_672_sqrt_z,target_log_ret_horizon_1,1,1.0,spearman,0.034657585287028385,0.034657585287028385,22537,54
60,60m,ETHUSDT,96,True,dist_to_high_672_sqrt_z,target_log_ret_horizon_3,3,3.0,spearman,0.03734942701452253,0.03734942701452253,22537,54
60,60m,ETHUSDT,96,True,dist_to_high_672_sqrt_z,target_log_ret_horizon_5,5,5.0,spearman,0.03245219429091732,0.03245219429091732,22537,54
60,60m,ETHUSDT,96,True,dist_to_high_672_sqrt_z,target_log_ret_horizon_10,10,10.0,spearman,0.028672445591765038,0.028672445591765038,22537,54
60,60m,ETHUSDT,96,True,dist_to_high_672_sqrt_z,target_log_ret_horizon_24,24,24.0,spearman,0.05473466245309659,0.05473466245309659,22537,54
60,60m,ETHUSDT,96,True,dist_to_low_672_sqrt_z,target_log_ret_horizon_1,1,1.0,spearman,-0.027720963890023948,0.027720963890023948,22537,54
60,60m,ETHUSDT,96,True,dist_to_low_672_sqrt_z,target_log_ret_horizon_3,3,3.0,spearman,-0.026253018573394276,0.026253018573394276,22537,54
60,60m,ETHUSDT,96,True,dist_to_low_672_sqrt_z,target_log_ret_horizon_5,5,5.0,spearman,-0.01843043950331912,0.01843043950331912,22537,54
60,60m,ETHUSDT,96,True,dist_to_low_672_sqrt_z,target_log_ret_horizon_10,10,10.0,spearman,-0.0121176789968989,0.0121176789968989,22537,54
60,60m,ETHUSDT,96,True,dist_to_low_672_sqrt_z,target_log_ret_horizon_24,24,24.0,spearman,-0.0361656250119828,0.0361656250119828,22537,54
60,60m,ETHUSDT,96,True,price_pos_in_range_672_norm,target_log_ret_horizon_1,1,1.0,spearman,-0.007265179051442328,0.007265179051442328,22537,54
60,60m,ETHUSDT,96,True,price_pos_in_range_672_norm,target_log_ret_horizon_3,3,3.0,spearman,-0.013442164546224301,0.013442164546224301,22537,54
60,60m,ETHUSDT,96,True,price_pos_in_range_672_norm,target_log_ret_horizon_5,5,5.0,spearman,-0.020780284199203653,0.020780284199203653,22537,54
60,60m,ETHUSDT,96,True,price_pos_in_range_672_norm,target_log_ret_horizon_10,10,10.0,spearman,-0.02591279618799371,0.02591279618799371,22537,54
60,60m,ETHUSDT,96,True,price_pos_in_range_672_norm,target_log_ret_horizon_24,24,24.0,spearman,-0.03146332784577816,0.03146332784577816,22537,54
60,60m,SOLUSDT,96,True,dist_ema_36_z,target_log_ret_horizon_1,1,1.0,spearman,-0.029976333438686404,0.029976333438686404,22537,54
60,60m,SOLUSDT,96,True,dist_ema_36_z,target_log_ret_horizon_3,3,3.0,spearman,-0.0241263822762681,0.0241263822762681,22537,54
60,60m,SOLUSDT,96,True,dist_ema_36_z,target_log_ret_horizon_5,5,5.0,spearman,-0.015336518862750158,0.015336518862750158,22537,54
60,60m,SOLUSDT,96,True,dist_ema_36_z,target_log_ret_horizon_10,10,10.0,spearman,0.0011502906528796514,0.0011502906528796514,22537,54
60,60m,SOLUSDT,96,True,dist_ema_36_z,target_log_ret_horizon_24,24,24.0,spearman,-0.005062045666518778,0.005062045666518778,22537,54
60,60m,SOLUSDT,96,True,ema_slope_36_z,target_log_ret_horizon_1,1,1.0,spearman,-0.013248896992576009,0.013248896992576009,22537,54
60,60m,SOLUSDT,96,True,ema_slope_36_z,target_log_ret_horizon_3,3,3.0,spearman,-0.011260438177691835,0.011260438177691835,22537,54
60,60m,SOLUSDT,96,True,ema_slope_36_z,target_log_ret_horizon_5,5,5.0,spearman,-0.004328316747316895,0.004328316747316895,22537,54
60,60m,SOLUSDT,96,True,ema_slope_36_z,target_log_ret_horizon_10,10,10.0,spearman,0.006566666113760118,0.006566666113760118,22537,54
60,60m,SOLUSDT,96,True,ema_slope_36_z,target_log_ret_horizon_24,24,24.0,spearman,-0.005065554606137205,0.005065554606137205,22537,54
60,60m,SOLUSDT,96,True,dist_ema_84_z,target_log_ret_horizon_1,1,1.0,spearman,-0.021223742356944745,0.021223742356944745,22537,54
60,60m,SOLUSDT,96,True,dist_ema_84_z,target_log_ret_horizon_3,3,3.0,spearman,-0.014871366445546002,0.014871366445546002,22537,54
60,60m,SOLUSDT,96,True,dist_ema_84_z,target_log_ret_horizon_5,5,5.0,spearman,-0.0061507884939622035,0.0061507884939622035,22537,54
60,60m,SOLUSDT,96,True,dist_ema_84_z,target_log_ret_horizon_10,10,10.0,spearman,0.009847756244495251,0.009847756244495251,22537,54
60,60m,SOLUSDT,96,True,dist_ema_84_z,target_log_ret_horizon_24,24,24.0,spearman,0.007749802758323722,0.007749802758323722,22537,54
60,60m,SOLUSDT,96,True,ema_slope_84_z,target_log_ret_horizon_1,1,1.0,spearman,-0.007795084469635977,0.007795084469635977,22537,54
60,60m,SOLUSDT,96,True,ema_slope_84_z,target_log_ret_horizon_3,3,3.0,spearman,-0.0036265773379635644,0.0036265773379635644,22537,54
60,60m,SOLUSDT,96,True,ema_slope_84_z,target_log_ret_horizon_5,5,5.0,spearman,0.003297271786067239,0.003297271786067239,22537,54
60,60m,SOLUSDT,96,True,ema_slope_84_z,target_log_ret_horizon_10,10,10.0,spearman,0.012055900630868678,0.012055900630868678,22537,54
60,60m,SOLUSDT,96,True,ema_slope_84_z,target_log_ret_horizon_24,24,24.0,spearman,0.007103070806355009,0.007103070806355009,22537,54
60,60m,SOLUSDT,96,True,dist_ema_200_z,target_log_ret_horizon_1,1,1.0,spearman,-0.017229251034428263,0.017229251034428263,22537,54
60,60m,SOLUSDT,96,True,dist_ema_200_z,target_log_ret_horizon_3,3,3.0,spearman,-0.01128026930972006,0.01128026930972006,22537,54
60,60m,SOLUSDT,96,True,dist_ema_200_z,target_log_ret_horizon_5,5,5.0,spearman,-0.0030378350819597107,0.0030378350819597107,22537,54
60,60m,SOLUSDT,96,True,dist_ema_200_z,target_log_ret_horizon_10,10,10.0,spearman,0.011888865782933203,0.011888865782933203,22537,54
60,60m,SOLUSDT,96,True,dist_ema_200_z,target_log_ret_horizon_24,24,24.0,spearman,0.010300163630231429,0.010300163630231429,22537,54
60,60m,SOLUSDT,96,True,ema_slope_200_z,target_log_ret_horizon_1,1,1.0,spearman,-0.005898175729100439,0.005898175729100439,22537,54
60,60m,SOLUSDT,96,True,ema_slope_200_z,target_log_ret_horizon_3,3,3.0,spearman,-0.002141202221689523,0.002141202221689523,22537,54
60,60m,SOLUSDT,96,True,ema_slope_200_z,target_log_ret_horizon_5,5,5.0,spearman,0.004156661165858096,0.004156661165858096,22537,54
60,60m,SOLUSDT,96,True,ema_slope_200_z,target_log_ret_horizon_10,10,10.0,spearman,0.011918752718976812,0.011918752718976812,22537,54
60,60m,SOLUSDT,96,True,ema_slope_200_z,target_log_ret_horizon_24,24,24.0,spearman,0.007887996974844963,0.007887996974844963,22537,54
60,60m,SOLUSDT,96,True,dist_ema_400_z,target_log_ret_horizon_1,1,1.0,spearman,-0.01690789404579893,0.01690789404579893,22537,54
60,60m,SOLUSDT,96,True,dist_ema_400_z,target_log_ret_horizon_3,3,3.0,spearman,-0.011994569911453621,0.011994569911453621,22537,54
60,60m,SOLUSDT,96,True,dist_ema_400_z,target_log_ret_horizon_5,5,5.0,spearman,-0.004236229870142027,0.004236229870142027,22537,54
60,60m,SOLUSDT,96,True,dist_ema_400_z,target_log_ret_horizon_10,10,10.0,spearman,0.010560552853391551,0.010560552853391551,22537,54
60,60m,SOLUSDT,96,True,dist_ema_400_z,target_log_ret_horizon_24,24,24.0,spearman,0.011308812870736,0.011308812870736,22537,54
60,60m,SOLUSDT,96,True,ema_slope_400_z,target_log_ret_horizon_1,1,1.0,spearman,-0.005834513694025011,0.005834513694025011,22537,54
60,60m,SOLUSDT,96,True,ema_slope_400_z,target_log_ret_horizon_3,3,3.0,spearman,-0.00321216263622492,0.00321216263622492,22537,54
60,60m,SOLUSDT,96,True,ema_slope_400_z,target_log_ret_horizon_5,5,5.0,spearman,0.002523260168899473,0.002523260168899473,22537,54
60,60m,SOLUSDT,96,True,ema_slope_400_z,target_log_ret_horizon_10,10,10.0,spearman,0.0115092281897611,0.0115092281897611,22537,54
60,60m,SOLUSDT,96,True,ema_slope_400_z,target_log_ret_horizon_24,24,24.0,spearman,0.010042132389179568,0.010042132389179568,22537,54
60,60m,SOLUSDT,96,True,dist_ema_800_z,target_log_ret_horizon_1,1,1.0,spearman,-0.01584258859332474,0.01584258859332474,22537,54
60,60m,SOLUSDT,96,True,dist_ema_800_z,target_log_ret_horizon_3,3,3.0,spearman,-0.010700256595013936,0.010700256595013936,22537,54
60,60m,SOLUSDT,96,True,dist_ema_800_z,target_log_ret_horizon_5,5,5.0,spearman,-0.002813064762731475,0.002813064762731475,22537,54
60,60m,SOLUSDT,96,True,dist_ema_800_z,target_log_ret_horizon_10,10,10.0,spearman,0.012716038782462752,0.012716038782462752,22537,54
60,60m,SOLUSDT,96,True,dist_ema_800_z,target_log_ret_horizon_24,24,24.0,spearman,0.015652201570118655,0.015652201570118655,22537,54
60,60m,SOLUSDT,96,True,ema_slope_800_z,target_log_ret_horizon_1,1,1.0,spearman,-0.005200582374071026,0.005200582374071026,22537,54
60,60m,SOLUSDT,96,True,ema_slope_800_z,target_log_ret_horizon_3,3,3.0,spearman,-0.002101880406306665,0.002101880406306665,22537,54
60,60m,SOLUSDT,96,True,ema_slope_800_z,target_log_ret_horizon_5,5,5.0,spearman,0.003860156965163573,0.003860156965163573,22537,54
60,60m,SOLUSDT,96,True,ema_slope_800_z,target_log_ret_horizon_10,10,10.0,spearman,0.014192657398094445,0.014192657398094445,22537,54
60,60m,SOLUSDT,96,True,ema_slope_800_z,target_log_ret_horizon_24,24,24.0,spearman,0.014778391338491816,0.014778391338491816,22537,54
60,60m,SOLUSDT,96,True,ema_spread_36_84_z,target_log_ret_horizon_1,1,1.0,spearman,-0.0003345486749213857,0.0003345486749213857,22537,54
60,60m,SOLUSDT,96,True,ema_spread_36_84_z,target_log_ret_horizon_3,3,3.0,spearman,0.002236480417189009,0.002236480417189009,22537,54
60,60m,SOLUSDT,96,True,ema_spread_36_84_z,target_log_ret_horizon_5,5,5.0,spearman,0.00523250940396636,0.00523250940396636,22537,54
60,60m,SOLUSDT,96,True,ema_spread_36_84_z,target_log_ret_horizon_10,10,10.0,spearman,0.009409203794482488,0.009409203794482488,22537,54
60,60m,SOLUSDT,96,True,ema_spread_36_84_z,target_log_ret_horizon_24,24,24.0,spearman,0.016723794291193153,0.016723794291193153,22537,54
60,60m,SOLUSDT,96,True,ema_spread_84_200_z,target_log_ret_horizon_1,1,1.0,spearman,0.001921471716302508,0.001921471716302508,22537,54
60,60m,SOLUSDT,96,True,ema_spread_84_200_z,target_log_ret_horizon_3,3,3.0,spearman,0.001437981871967188,0.001437981871967188,22537,54
60,60m,SOLUSDT,96,True,ema_spread_84_200_z,target_log_ret_horizon_5,5,5.0,spearman,0.003858264986678326,0.003858264986678326,22537,54
60,60m,SOLUSDT,96,True,ema_spread_84_200_z,target_log_ret_horizon_10,10,10.0,spearman,0.012028012665496446,0.012028012665496446,22537,54
60,60m,SOLUSDT,96,True,ema_spread_84_200_z,target_log_ret_horizon_24,24,24.0,spearman,0.021904154887846843,0.021904154887846843,22537,54
60,60m,SOLUSDT,96,True,ema_spread_200_400_z,target_log_ret_horizon_1,1,1.0,spearman,0.00251670575652938,0.00251670575652938,22537,54
60,60m,SOLUSDT,96,True,ema_spread_200_400_z,target_log_ret_horizon_3,3,3.0,spearman,0.0025981890111483816,0.0025981890111483816,22537,54
60,60m,SOLUSDT,96,True,ema_spread_200_400_z,target_log_ret_horizon_5,5,5.0,spearman,0.003697077603047569,0.003697077603047569,22537,54
60,60m,SOLUSDT,96,True,ema_spread_200_400_z,target_log_ret_horizon_10,10,10.0,spearman,0.005829770524934357,0.005829770524934357,22537,54
60,60m,SOLUSDT,96,True,ema_spread_200_400_z,target_log_ret_horizon_24,24,24.0,spearman,0.006775376687502174,0.006775376687502174,22537,54
60,60m,SOLUSDT,96,True,ema_spread_400_800_z,target_log_ret_horizon_1,1,1.0,spearman,0.005350063876555326,0.005350063876555326,22537,54
60,60m,SOLUSDT,96,True,ema_spread_400_800_z,target_log_ret_horizon_3,3,3.0,spearman,0.006059384314843089,0.006059384314843089,22537,54
60,60m,SOLUSDT,96,True,ema_spread_400_800_z,target_log_ret_horizon_5,5,5.0,spearman,0.0065521037571960655,0.0065521037571960655,22537,54
60,60m,SOLUSDT,96,True,ema_spread_400_800_z,target_log_ret_horizon_10,10,10.0,spearman,0.006586264478611026,0.006586264478611026,22537,54
60,60m,SOLUSDT,96,True,ema_spread_400_800_z,target_log_ret_horizon_24,24,24.0,spearman,0.009877428415576237,0.009877428415576237,22537,54
60,60m,SOLUSDT,96,True,MOM_pct_56_z,target_log_ret_horizon_1,1,1.0,spearman,-0.014110194196668126,0.014110194196668126,22537,54
60,60m,SOLUSDT,96,True,MOM_pct_56_z,target_log_ret_horizon_3,3,3.0,spearman,-0.011180351666372993,0.011180351666372993,22537,54
60,60m,SOLUSDT,96,True,MOM_pct_56_z,target_log_ret_horizon_5,5,5.0,spearman,-0.006117389357969694,0.006117389357969694,22537,54
60,60m,SOLUSDT,96,True,MOM_pct_56_z,target_log_ret_horizon_10,10,10.0,spearman,0.0035841055832942946,0.0035841055832942946,22537,54
60,60m,SOLUSDT,96,True,MOM_pct_56_z,target_log_ret_horizon_24,24,24.0,spearman,0.0156567506165963,0.0156567506165963,22537,54
60,60m,SOLUSDT,96,True,ADX_56_scaled,target_log_ret_horizon_1,1,1.0,spearman,-0.00889801162710708,0.00889801162710708,22537,54
60,60m,SOLUSDT,96,True,ADX_56_scaled,target_log_ret_horizon_3,3,3.0,spearman,-0.0075678675117131534,0.0075678675117131534,22537,54
60,60m,SOLUSDT,96,True,ADX_56_scaled,target_log_ret_horizon_5,5,5.0,spearman,-0.007292378085346649,0.007292378085346649,22537,54
60,60m,SOLUSDT,96,True,ADX_56_scaled,target_log_ret_horizon_10,10,10.0,spearman,-0.012578440013242426,0.012578440013242426,22537,54
60,60m,SOLUSDT,96,True,ADX_56_scaled,target_log_ret_horizon_24,24,24.0,spearman,-0.011026073988686423,0.011026073988686423,22537,54
60,60m,SOLUSDT,96,True,RSI_56_bounded,target_log_ret_horizon_1,1,1.0,spearman,-0.010557038983561667,0.010557038983561667,22537,54
60,60m,SOLUSDT,96,True,RSI_56_bounded,target_log_ret_horizon_3,3,3.0,spearman,-0.00705396724662745,0.00705396724662745,22537,54
60,60m,SOLUSDT,96,True,RSI_56_bounded,target_log_ret_horizon_5,5,5.0,spearman,-0.0014899746238892344,0.0014899746238892344,22537,54
60,60m,SOLUSDT,96,True,RSI_56_bounded,target_log_ret_horizon_10,10,10.0,spearman,0.010742758816930991,0.010742758816930991,22537,54
60,60m,SOLUSDT,96,True,RSI_56_bounded,target_log_ret_horizon_24,24,24.0,spearman,0.01804141469344163,0.01804141469344163,22537,54
60,60m,SOLUSDT,96,True,MOM_pct_120_z,target_log_ret_horizon_1,1,1.0,spearman,-0.009788198061712983,0.009788198061712983,22537,54
60,60m,SOLUSDT,96,True,MOM_pct_120_z,target_log_ret_horizon_3,3,3.0,spearman,-0.007237517375862709,0.007237517375862709,22537,54
60,60m,SOLUSDT,96,True,MOM_pct_120_z,target_log_ret_horizon_5,5,5.0,spearman,-0.0025435886513226033,0.0025435886513226033,22537,54
60,60m,SOLUSDT,96,True,MOM_pct_120_z,target_log_ret_horizon_10,10,10.0,spearman,0.010950328597365432,0.010950328597365432,22537,54
60,60m,SOLUSDT,96,True,MOM_pct_120_z,target_log_ret_horizon_24,24,24.0,spearman,0.02421948950735462,0.02421948950735462,22537,54
60,60m,SOLUSDT,96,True,ADX_120_scaled,target_log_ret_horizon_1,1,1.0,spearman,-0.005074766067428569,0.005074766067428569,22537,54
60,60m,SOLUSDT,96,True,ADX_120_scaled,target_log_ret_horizon_3,3,3.0,spearman,-0.007239787350320053,0.007239787350320053,22537,54
60,60m,SOLUSDT,96,True,ADX_120_scaled,target_log_ret_horizon_5,5,5.0,spearman,-0.007733651011017282,0.007733651011017282,22537,54
60,60m,SOLUSDT,96,True,ADX_120_scaled,target_log_ret_horizon_10,10,10.0,spearman,-0.013315547398035641,0.013315547398035641,22537,54
60,60m,SOLUSDT,96,True,ADX_120_scaled,target_log_ret_horizon_24,24,24.0,spearman,-0.015013561228561833,0.015013561228561833,22537,54
60,60m,SOLUSDT,96,True,RSI_120_bounded,target_log_ret_horizon_1,1,1.0,spearman,-0.0024481451015224863,0.0024481451015224863,22537,54
60,60m,SOLUSDT,96,True,RSI_120_bounded,target_log_ret_horizon_3,3,3.0,spearman,0.0015308314220783782,0.0015308314220783782,22537,54
60,60m,SOLUSDT,96,True,RSI_120_bounded,target_log_ret_horizon_5,5,5.0,spearman,0.0050413745967963705,0.0050413745967963705,22537,54
60,60m,SOLUSDT,96,True,RSI_120_bounded,target_log_ret_horizon_10,10,10.0,spearman,0.014369224243085644,0.014369224243085644,22537,54
60,60m,SOLUSDT,96,True,RSI_120_bounded,target_log_ret_horizon_24,24,24.0,spearman,0.022577540975595084,0.022577540975595084,22537,54
60,60m,SOLUSDT,96,True,MOM_pct_288_z,target_log_ret_horizon_1,1,1.0,spearman,-0.015979691155617398,0.015979691155617398,22537,54
60,60m,SOLUSDT,96,True,MOM_pct_288_z,target_log_ret_horizon_3,3,3.0,spearman,-0.01957003571222552,0.01957003571222552,22537,54
60,60m,SOLUSDT,96,True,MOM_pct_288_z,target_log_ret_horizon_5,5,5.0,spearman,-0.01831634844296324,0.01831634844296324,22537,54
60,60m,SOLUSDT,96,True,MOM_pct_288_z,target_log_ret_horizon_10,10,10.0,spearman,-0.009290406939684278,0.009290406939684278,22537,54
60,60m,SOLUSDT,96,True,MOM_pct_288_z,target_log_ret_horizon_24,24,24.0,spearman,-0.009990065086002142,0.009990065086002142,22537,54
60,60m,SOLUSDT,96,True,ADX_288_scaled,target_log_ret_horizon_1,1,1.0,spearman,-0.0019444541632128057,0.0019444541632128057,22537,54
60,60m,SOLUSDT,96,True,ADX_288_scaled,target_log_ret_horizon_3,3,3.0,spearman,-0.0034840307740574825,0.0034840307740574825,22537,54
60,60m,SOLUSDT,96,True,ADX_288_scaled,target_log_ret_horizon_5,5,5.0,spearman,-0.0007639926485039941,0.0007639926485039941,22537,54
60,60m,SOLUSDT,96,True,ADX_288_scaled,target_log_ret_horizon_10,10,10.0,spearman,0.0007636554403389063,0.0007636554403389063,22537,54
60,60m,SOLUSDT,96,True,ADX_288_scaled,target_log_ret_horizon_24,24,24.0,spearman,0.006202965663979855,0.006202965663979855,22537,54
60,60m,SOLUSDT,96,True,RSI_288_bounded,target_log_ret_horizon_1,1,1.0,spearman,0.004644401527606816,0.004644401527606816,22537,54
60,60m,SOLUSDT,96,True,RSI_288_bounded,target_log_ret_horizon_3,3,3.0,spearman,0.009474903283801465,0.009474903283801465,22537,54
60,60m,SOLUSDT,96,True,RSI_288_bounded,target_log_ret_horizon_5,5,5.0,spearman,0.01048830999346587,0.01048830999346587,22537,54
60,60m,SOLUSDT,96,True,RSI_288_bounded,target_log_ret_horizon_10,10,10.0,spearman,0.016204705712026507,0.016204705712026507,22537,54
60,60m,SOLUSDT,96,True,RSI_288_bounded,target_log_ret_horizon_24,24,24.0,spearman,0.023892440992734448,0.023892440992734448,22537,54
60,60m,SOLUSDT,96,True,MACD_hist_pct_z,target_log_ret_horizon_1,1,1.0,spearman,-0.02129758769967011,0.02129758769967011,22537,54
60,60m,SOLUSDT,96,True,MACD_hist_pct_z,target_log_ret_horizon_3,3,3.0,spearman,-0.015107790315281236,0.015107790315281236,22537,54
60,60m,SOLUSDT,96,True,MACD_hist_pct_z,target_log_ret_horizon_5,5,5.0,spearman,-0.005830396957837932,0.005830396957837932,22537,54
60,60m,SOLUSDT,96,True,MACD_hist_pct_z,target_log_ret_horizon_10,10,10.0,spearman,0.015488982884062771,0.015488982884062771,22537,54
60,60m,SOLUSDT,96,True,MACD_hist_pct_z,target_log_ret_horizon_24,24,24.0,spearman,-0.004732414969465057,0.004732414969465057,22537,54
60,60m,SOLUSDT,96,True,NATR_14_z,target_log_ret_horizon_1,1,1.0,spearman,0.013882273575774517,0.013882273575774517,22537,54
60,60m,SOLUSDT,96,True,NATR_14_z,target_log_ret_horizon_3,3,3.0,spearman,0.02739960566282749,0.02739960566282749,22537,54
60,60m,SOLUSDT,96,True,NATR_14_z,target_log_ret_horizon_5,5,5.0,spearman,0.034487877054314456,0.034487877054314456,22537,54
60,60m,SOLUSDT,96,True,NATR_14_z,target_log_ret_horizon_10,10,10.0,spearman,0.04406250481049767,0.04406250481049767,22537,54
60,60m,SOLUSDT,96,True,NATR_14_z,target_log_ret_horizon_24,24,24.0,spearman,0.04941266039521138,0.04941266039521138,22537,54
60,60m,SOLUSDT,96,True,bb_width_20_sqrt_z,target_log_ret_horizon_1,1,1.0,spearman,0.013966806193634938,0.013966806193634938,22537,54
60,60m,SOLUSDT,96,True,bb_width_20_sqrt_z,target_log_ret_horizon_3,3,3.0,spearman,0.023300892109941053,0.023300892109941053,22537,54
60,60m,SOLUSDT,96,True,bb_width_20_sqrt_z,target_log_ret_horizon_5,5,5.0,spearman,0.030982353780330336,0.030982353780330336,22537,54
60,60m,SOLUSDT,96,True,bb_width_20_sqrt_z,target_log_ret_horizon_10,10,10.0,spearman,0.038456098273264294,0.038456098273264294,22537,54
60,60m,SOLUSDT,96,True,bb_width_20_sqrt_z,target_log_ret_horizon_24,24,24.0,spearman,0.03468279435555438,0.03468279435555438,22537,54
60,60m,SOLUSDT,96,True,bb_pos_20_norm,target_log_ret_horizon_1,1,1.0,spearman,-0.035227224533056156,0.035227224533056156,22537,54
60,60m,SOLUSDT,96,True,bb_pos_20_norm,target_log_ret_horizon_3,3,3.0,spearman,-0.030213195779403262,0.030213195779403262,22537,54
60,60m,SOLUSDT,96,True,bb_pos_20_norm,target_log_ret_horizon_5,5,5.0,spearman,-0.01955163910822127,0.01955163910822127,22537,54
60,60m,SOLUSDT,96,True,bb_pos_20_norm,target_log_ret_horizon_10,10,10.0,spearman,-0.0043939853284312245,0.0043939853284312245,22537,54
60,60m,SOLUSDT,96,True,bb_pos_20_norm,target_log_ret_horizon_24,24,24.0,spearman,-0.02071546326822328,0.02071546326822328,22537,54
60,60m,SOLUSDT,96,True,volatility_96_sqrt_z,target_log_ret_horizon_1,1,1.0,spearman,0.0012997658390665522,0.0012997658390665522,22537,54
60,60m,SOLUSDT,96,True,volatility_96_sqrt_z,target_log_ret_horizon_3,3,3.0,spearman,0.013196629624568846,0.013196629624568846,22537,54
60,60m,SOLUSDT,96,True,volatility_96_sqrt_z,target_log_ret_horizon_5,5,5.0,spearman,0.021584092658088933,0.021584092658088933,22537,54
60,60m,SOLUSDT,96,True,volatility_96_sqrt_z,target_log_ret_horizon_10,10,10.0,spearman,0.027051790323557225,0.027051790323557225,22537,54
60,60m,SOLUSDT,96,True,volatility_96_sqrt_z,target_log_ret_horizon_24,24,24.0,spearman,0.029680108164672148,0.029680108164672148,22537,54
60,60m,SOLUSDT,96,True,volatility_288_sqrt_z,target_log_ret_horizon_1,1,1.0,spearman,0.001879873414668026,0.001879873414668026,22537,54
60,60m,SOLUSDT,96,True,volatility_288_sqrt_z,target_log_ret_horizon_3,3,3.0,spearman,0.007697392559529572,0.007697392559529572,22537,54
60,60m,SOLUSDT,96,True,volatility_288_sqrt_z,target_log_ret_horizon_5,5,5.0,spearman,0.013333127022654979,0.013333127022654979,22537,54
60,60m,SOLUSDT,96,True,volatility_288_sqrt_z,target_log_ret_horizon_10,10,10.0,spearman,0.019196866148138567,0.019196866148138567,22537,54
60,60m,SOLUSDT,96,True,volatility_288_sqrt_z,target_log_ret_horizon_24,24,24.0,spearman,0.024198136616516496,0.024198136616516496,22537,54
60,60m,SOLUSDT,96,True,volatility_672_sqrt_z,target_log_ret_horizon_1,1,1.0,spearman,0.007084033867778583,0.007084033867778583,22537,54
60,60m,SOLUSDT,96,True,volatility_672_sqrt_z,target_log_ret_horizon_3,3,3.0,spearman,0.015899363059300006,0.015899363059300006,22537,54
60,60m,SOLUSDT,96,True,volatility_672_sqrt_z,target_log_ret_horizon_5,5,5.0,spearman,0.022122415493885158,0.022122415493885158,22537,54
60,60m,SOLUSDT,96,True,volatility_672_sqrt_z,target_log_ret_horizon_10,10,10.0,spearman,0.029750160861275257,0.029750160861275257,22537,54
60,60m,SOLUSDT,96,True,volatility_672_sqrt_z,target_log_ret_horizon_24,24,24.0,spearman,0.03779666862743245,0.03779666862743245,22537,54
60,60m,SOLUSDT,96,True,log_ret_24_z,target_log_ret_horizon_1,1,1.0,spearman,-0.020139645793052836,0.020139645793052836,22537,54
60,60m,SOLUSDT,96,True,log_ret_24_z,target_log_ret_horizon_3,3,3.0,spearman,-0.01845160950181243,0.01845160950181243,22537,54
60,60m,SOLUSDT,96,True,log_ret_24_z,target_log_ret_horizon_5,5,5.0,spearman,-0.014995690060273622,0.014995690060273622,22537,54
60,60m,SOLUSDT,96,True,log_ret_24_z,target_log_ret_horizon_10,10,10.0,spearman,-0.012246387655779447,0.012246387655779447,22537,54
60,60m,SOLUSDT,96,True,log_ret_24_z,target_log_ret_horizon_24,24,24.0,spearman,-0.015943640665766808,0.015943640665766808,22537,54
60,60m,SOLUSDT,96,True,log_ret_96_z,target_log_ret_horizon_1,1,1.0,spearman,-0.005832123187928643,0.005832123187928643,22537,54
60,60m,SOLUSDT,96,True,log_ret_96_z,target_log_ret_horizon_3,3,3.0,spearman,0.005614759783369946,0.005614759783369946,22537,54
60,60m,SOLUSDT,96,True,log_ret_96_z,target_log_ret_horizon_5,5,5.0,spearman,0.015475962662207519,0.015475962662207519,22537,54
60,60m,SOLUSDT,96,True,log_ret_96_z,target_log_ret_horizon_10,10,10.0,spearman,0.030446067365246045,0.030446067365246045,22537,54
60,60m,SOLUSDT,96,True,log_ret_96_z,target_log_ret_horizon_24,24,24.0,spearman,0.03488815341043338,0.03488815341043338,22537,54
60,60m,SOLUSDT,96,True,log_ret_288_z,target_log_ret_horizon_1,1,1.0,spearman,-0.01603597134973494,0.01603597134973494,22537,54
60,60m,SOLUSDT,96,True,log_ret_288_z,target_log_ret_horizon_3,3,3.0,spearman,-0.01952148826450581,0.01952148826450581,22537,54
60,60m,SOLUSDT,96,True,log_ret_288_z,target_log_ret_horizon_5,5,5.0,spearman,-0.018306969052748968,0.018306969052748968,22537,54
60,60m,SOLUSDT,96,True,log_ret_288_z,target_log_ret_horizon_10,10,10.0,spearman,-0.009202297317342097,0.009202297317342097,22537,54
60,60m,SOLUSDT,96,True,log_ret_288_z,target_log_ret_horizon_24,24,24.0,spearman,-0.009486948670950509,0.009486948670950509,22537,54
60,60m,SOLUSDT,96,True,log_ret_672_z,target_log_ret_horizon_1,1,1.0,spearman,-0.01484568355108275,0.01484568355108275,22537,54
60,60m,SOLUSDT,96,True,log_ret_672_z,target_log_ret_horizon_3,3,3.0,spearman,-0.011988139218922564,0.011988139218922564,22537,54
60,60m,SOLUSDT,96,True,log_ret_672_z,target_log_ret_horizon_5,5,5.0,spearman,-0.008229726774390931,0.008229726774390931,22537,54
60,60m,SOLUSDT,96,True,log_ret_672_z,target_log_ret_horizon_10,10,10.0,spearman,0.001554204702167625,0.001554204702167625,22537,54
60,60m,SOLUSDT,96,True,log_ret_672_z,target_log_ret_horizon_24,24,24.0,spearman,0.0017528346322437979,0.0017528346322437979,22537,54
60,60m,SOLUSDT,96,True,ret_accel_24_96_z,target_log_ret_horizon_1,1,1.0,spearman,-0.008546384515879971,0.008546384515879971,22537,54
60,60m,SOLUSDT,96,True,ret_accel_24_96_z,target_log_ret_horizon_3,3,3.0,spearman,-0.016629763329480508,0.016629763329480508,22537,54
60,60m,SOLUSDT,96,True,ret_accel_24_96_z,target_log_ret_horizon_5,5,5.0,spearman,-0.02130105042472334,0.02130105042472334,22537,54
60,60m,SOLUSDT,96,True,ret_accel_24_96_z,target_log_ret_horizon_10,10,10.0,spearman,-0.02999335343100841,0.02999335343100841,22537,54
60,60m,SOLUSDT,96,True,ret_accel_24_96_z,target_log_ret_horizon_24,24,24.0,spearman,-0.036710939109291574,0.036710939109291574,22537,54
60,60m,SOLUSDT,96,True,ret_accel_96_288_z,target_log_ret_horizon_1,1,1.0,spearman,0.0046972225050543985,0.0046972225050543985,22537,54
60,60m,SOLUSDT,96,True,ret_accel_96_288_z,target_log_ret_horizon_3,3,3.0,spearman,0.013245101381480636,0.013245101381480636,22537,54
60,60m,SOLUSDT,96,True,ret_accel_96_288_z,target_log_ret_horizon_5,5,5.0,spearman,0.020083845700918417,0.020083845700918417,22537,54
60,60m,SOLUSDT,96,True,ret_accel_96_288_z,target_log_ret_horizon_10,10,10.0,spearman,0.02192931407908749,0.02192931407908749,22537,54
60,60m,SOLUSDT,96,True,ret_accel_96_288_z,target_log_ret_horizon_24,24,24.0,spearman,0.028605006095660836,0.028605006095660836,22537,54
60,60m,SOLUSDT,96,True,ret_accel_288_672_z,target_log_ret_horizon_1,1,1.0,spearman,-0.00038375169985935373,0.00038375169985935373,22537,54
60,60m,SOLUSDT,96,True,ret_accel_288_672_z,target_log_ret_horizon_3,3,3.0,spearman,-0.0063527082114897436,0.0063527082114897436,22537,54
60,60m,SOLUSDT,96,True,ret_accel_288_672_z,target_log_ret_horizon_5,5,5.0,spearman,-0.009608840140273196,0.009608840140273196,22537,54
60,60m,SOLUSDT,96,True,ret_accel_288_672_z,target_log_ret_horizon_10,10,10.0,spearman,-0.006817343479207524,0.006817343479207524,22537,54
60,60m,SOLUSDT,96,True,ret_accel_288_672_z,target_log_ret_horizon_24,24,24.0,spearman,-0.009924031487447988,0.009924031487447988,22537,54
60,60m,SOLUSDT,96,True,vol_ratio_96_log1p_z,target_log_ret_horizon_1,1,1.0,spearman,-0.0035137759784329902,0.0035137759784329902,22537,54
60,60m,SOLUSDT,96,True,vol_ratio_96_log1p_z,target_log_ret_horizon_3,3,3.0,spearman,0.00576173413160469,0.00576173413160469,22537,54
60,60m,SOLUSDT,96,True,vol_ratio_96_log1p_z,target_log_ret_horizon_5,5,5.0,spearman,0.0063203629056496026,0.0063203629056496026,22537,54
60,60m,SOLUSDT,96,True,vol_ratio_96_log1p_z,target_log_ret_horizon_10,10,10.0,spearman,0.0178670082316045,0.0178670082316045,22537,54
60,60m,SOLUSDT,96,True,vol_ratio_96_log1p_z,target_log_ret_horizon_24,24,24.0,spearman,0.03234443077035509,0.03234443077035509,22537,54
60,60m,SOLUSDT,96,True,vol_ratio_288_log1p_z,target_log_ret_horizon_1,1,1.0,spearman,-0.004947291464077886,0.004947291464077886,22537,54
60,60m,SOLUSDT,96,True,vol_ratio_288_log1p_z,target_log_ret_horizon_3,3,3.0,spearman,0.004818217765490928,0.004818217765490928,22537,54
60,60m,SOLUSDT,96,True,vol_ratio_288_log1p_z,target_log_ret_horizon_5,5,5.0,spearman,0.007380357919304386,0.007380357919304386,22537,54
60,60m,SOLUSDT,96,True,vol_ratio_288_log1p_z,target_log_ret_horizon_10,10,10.0,spearman,0.020155730424064325,0.020155730424064325,22537,54
60,60m,SOLUSDT,96,True,vol_ratio_288_log1p_z,target_log_ret_horizon_24,24,24.0,spearman,0.03335326260809977,0.03335326260809977,22537,54
60,60m,SOLUSDT,96,True,vol_ratio_672_log1p_z,target_log_ret_horizon_1,1,1.0,spearman,-0.005727301263805927,0.005727301263805927,22537,54
60,60m,SOLUSDT,96,True,vol_ratio_672_log1p_z,target_log_ret_horizon_3,3,3.0,spearman,0.003981852454648199,0.003981852454648199,22537,54
60,60m,SOLUSDT,96,True,vol_ratio_672_log1p_z,target_log_ret_horizon_5,5,5.0,spearman,0.006770610585188762,0.006770610585188762,22537,54
60,60m,SOLUSDT,96,True,vol_ratio_672_log1p_z,target_log_ret_horizon_10,10,10.0,spearman,0.01876374851703093,0.01876374851703093,22537,54
60,60m,SOLUSDT,96,True,vol_ratio_672_log1p_z,target_log_ret_horizon_24,24,24.0,spearman,0.030204127982778644,0.030204127982778644,22537,54
60,60m,SOLUSDT,96,True,range_sqrt_z,target_log_ret_horizon_1,1,1.0,spearman,6.91140747163033e-05,6.91140747163033e-05,22537,54
60,60m,SOLUSDT,96,True,range_sqrt_z,target_log_ret_horizon_3,3,3.0,spearman,0.010806401187113056,0.010806401187113056,22537,54
60,60m,SOLUSDT,96,True,range_sqrt_z,target_log_ret_horizon_5,5,5.0,spearman,0.014388863381369521,0.014388863381369521,22537,54
60,60m,SOLUSDT,96,True,range_sqrt_z,target_log_ret_horizon_10,10,10.0,spearman,0.02310203345854504,0.02310203345854504,22537,54
60,60m,SOLUSDT,96,True,range_sqrt_z,target_log_ret_horizon_24,24,24.0,spearman,0.03503949194469627,0.03503949194469627,22537,54
60,60m,SOLUSDT,96,True,body_sqrt_z,target_log_ret_horizon_1,1,1.0,spearman,0.009194345037537218,0.009194345037537218,22537,54
60,60m,SOLUSDT,96,True,body_sqrt_z,target_log_ret_horizon_3,3,3.0,spearman,0.012790458110444967,0.012790458110444967,22537,54
60,60m,SOLUSDT,96,True,body_sqrt_z,target_log_ret_horizon_5,5,5.0,spearman,0.009892381923273371,0.009892381923273371,22537,54
60,60m,SOLUSDT,96,True,body_sqrt_z,target_log_ret_horizon_10,10,10.0,spearman,0.012524993150813119,0.012524993150813119,22537,54
60,60m,SOLUSDT,96,True,body_sqrt_z,target_log_ret_horizon_24,24,24.0,spearman,0.0201818332181348,0.0201818332181348,22537,54
60,60m,SOLUSDT,96,True,vol_expansion_96_log1p_z,target_log_ret_horizon_1,1,1.0,spearman,0.00044783273828729957,0.00044783273828729957,22537,54
60,60m,SOLUSDT,96,True,vol_expansion_96_log1p_z,target_log_ret_horizon_3,3,3.0,spearman,0.009256609224939767,0.009256609224939767,22537,54
60,60m,SOLUSDT,96,True,vol_expansion_96_log1p_z,target_log_ret_horizon_5,5,5.0,spearman,0.010197784698057894,0.010197784698057894,22537,54
60,60m,SOLUSDT,96,True,vol_expansion_96_log1p_z,target_log_ret_horizon_10,10,10.0,spearman,0.01723142669701164,0.01723142669701164,22537,54
60,60m,SOLUSDT,96,True,vol_expansion_96_log1p_z,target_log_ret_horizon_24,24,24.0,spearman,0.02806496472137602,0.02806496472137602,22537,54
60,60m,SOLUSDT,96,True,vol_expansion_288_log1p_z,target_log_ret_horizon_1,1,1.0,spearman,-0.0005044627023086121,0.0005044627023086121,22537,54
60,60m,SOLUSDT,96,True,vol_expansion_288_log1p_z,target_log_ret_horizon_3,3,3.0,spearman,0.00930096685203088,0.00930096685203088,22537,54
60,60m,SOLUSDT,96,True,vol_expansion_288_log1p_z,target_log_ret_horizon_5,5,5.0,spearman,0.011782104722608598,0.011782104722608598,22537,54
60,60m,SOLUSDT,96,True,vol_expansion_288_log1p_z,target_log_ret_horizon_10,10,10.0,spearman,0.019888500031767762,0.019888500031767762,22537,54
60,60m,SOLUSDT,96,True,vol_expansion_288_log1p_z,target_log_ret_horizon_24,24,24.0,spearman,0.031561096659294297,0.031561096659294297,22537,54
60,60m,SOLUSDT,96,True,vol_expansion_672_log1p_z,target_log_ret_horizon_1,1,1.0,spearman,-0.0005340153275723633,0.0005340153275723633,22537,54
60,60m,SOLUSDT,96,True,vol_expansion_672_log1p_z,target_log_ret_horizon_3,3,3.0,spearman,0.00972045560061869,0.00972045560061869,22537,54
60,60m,SOLUSDT,96,True,vol_expansion_672_log1p_z,target_log_ret_horizon_5,5,5.0,spearman,0.012771258028284601,0.012771258028284601,22537,54
60,60m,SOLUSDT,96,True,vol_expansion_672_log1p_z,target_log_ret_horizon_10,10,10.0,spearman,0.020754914108714256,0.020754914108714256,22537,54
60,60m,SOLUSDT,96,True,vol_expansion_672_log1p_z,target_log_ret_horizon_24,24,24.0,spearman,0.03197276058652915,0.03197276058652915,22537,54
60,60m,SOLUSDT,96,True,dist_to_high_96_sqrt_z,target_log_ret_horizon_1,1,1.0,spearman,0.020689816214180798,0.020689816214180798,22537,54
60,60m,SOLUSDT,96,True,dist_to_high_96_sqrt_z,target_log_ret_horizon_3,3,3.0,spearman,0.015121168073421083,0.015121168073421083,22537,54
60,60m,SOLUSDT,96,True,dist_to_high_96_sqrt_z,target_log_ret_horizon_5,5,5.0,spearman,0.007694969387984109,0.007694969387984109,22537,54
60,60m,SOLUSDT,96,True,dist_to_high_96_sqrt_z,target_log_ret_horizon_10,10,10.0,spearman,-0.006619439116596984,0.006619439116596984,22537,54
60,60m,SOLUSDT,96,True,dist_to_high_96_sqrt_z,target_log_ret_horizon_24,24,24.0,spearman,-0.022344949554185062,0.022344949554185062,22537,54
60,60m,SOLUSDT,96,True,dist_to_low_96_sqrt_z,target_log_ret_horizon_1,1,1.0,spearman,-0.02226399827920184,0.02226399827920184,22537,54
60,60m,SOLUSDT,96,True,dist_to_low_96_sqrt_z,target_log_ret_horizon_3,3,3.0,spearman,-0.014348485196692424,0.014348485196692424,22537,54
60,60m,SOLUSDT,96,True,dist_to_low_96_sqrt_z,target_log_ret_horizon_5,5,5.0,spearman,-0.003053920477185458,0.003053920477185458,22537,54
60,60m,SOLUSDT,96,True,dist_to_low_96_sqrt_z,target_log_ret_horizon_10,10,10.0,spearman,0.009702153649773664,0.009702153649773664,22537,54
60,60m,SOLUSDT,96,True,dist_to_low_96_sqrt_z,target_log_ret_horizon_24,24,24.0,spearman,0.010525054569960295,0.010525054569960295,22537,54
60,60m,SOLUSDT,96,True,price_pos_in_range_96_norm,target_log_ret_horizon_1,1,1.0,spearman,-0.01820251308917845,0.01820251308917845,22537,54
60,60m,SOLUSDT,96,True,price_pos_in_range_96_norm,target_log_ret_horizon_3,3,3.0,spearman,-0.012062534370764372,0.012062534370764372,22537,54
60,60m,SOLUSDT,96,True,price_pos_in_range_96_norm,target_log_ret_horizon_5,5,5.0,spearman,-0.0031835600384781722,0.0031835600384781722,22537,54
60,60m,SOLUSDT,96,True,price_pos_in_range_96_norm,target_log_ret_horizon_10,10,10.0,spearman,0.010333249134814546,0.010333249134814546,22537,54
60,60m,SOLUSDT,96,True,price_pos_in_range_96_norm,target_log_ret_horizon_24,24,24.0,spearman,0.013818051777451261,0.013818051777451261,22537,54
60,60m,SOLUSDT,96,True,dist_to_high_288_sqrt_z,target_log_ret_horizon_1,1,1.0,spearman,0.01787666653883449,0.01787666653883449,22537,54
60,60m,SOLUSDT,96,True,dist_to_high_288_sqrt_z,target_log_ret_horizon_3,3,3.0,spearman,0.0158953642978077,0.0158953642978077,22537,54
60,60m,SOLUSDT,96,True,dist_to_high_288_sqrt_z,target_log_ret_horizon_5,5,5.0,spearman,0.008135123443815138,0.008135123443815138,22537,54
60,60m,SOLUSDT,96,True,dist_to_high_288_sqrt_z,target_log_ret_horizon_10,10,10.0,spearman,-0.005074829769707755,0.005074829769707755,22537,54
60,60m,SOLUSDT,96,True,dist_to_high_288_sqrt_z,target_log_ret_horizon_24,24,24.0,spearman,-0.013965653995863374,0.013965653995863374,22537,54
60,60m,SOLUSDT,96,True,dist_to_low_288_sqrt_z,target_log_ret_horizon_1,1,1.0,spearman,-0.01975204946904264,0.01975204946904264,22537,54
60,60m,SOLUSDT,96,True,dist_to_low_288_sqrt_z,target_log_ret_horizon_3,3,3.0,spearman,-0.012598124174049723,0.012598124174049723,22537,54
60,60m,SOLUSDT,96,True,dist_to_low_288_sqrt_z,target_log_ret_horizon_5,5,5.0,spearman,-0.002950454106049413,0.002950454106049413,22537,54
60,60m,SOLUSDT,96,True,dist_to_low_288_sqrt_z,target_log_ret_horizon_10,10,10.0,spearman,0.013580205154489305,0.013580205154489305,22537,54
60,60m,SOLUSDT,96,True,dist_to_low_288_sqrt_z,target_log_ret_horizon_24,24,24.0,spearman,0.014093517546687622,0.014093517546687622,22537,54
60,60m,SOLUSDT,96,True,price_pos_in_range_288_norm,target_log_ret_horizon_1,1,1.0,spearman,-0.006520684036595437,0.006520684036595437,22537,54
60,60m,SOLUSDT,96,True,price_pos_in_range_288_norm,target_log_ret_horizon_3,3,3.0,spearman,-0.002685281660031985,0.002685281660031985,22537,54
60,60m,SOLUSDT,96,True,price_pos_in_range_288_norm,target_log_ret_horizon_5,5,5.0,spearman,0.00045797222624624023,0.00045797222624624023,22537,54
60,60m,SOLUSDT,96,True,price_pos_in_range_288_norm,target_log_ret_horizon_10,10,10.0,spearman,0.010269179787272356,0.010269179787272356,22537,54
60,60m,SOLUSDT,96,True,price_pos_in_range_288_norm,target_log_ret_horizon_24,24,24.0,spearman,0.020342083391467876,0.020342083391467876,22537,54
60,60m,SOLUSDT,96,True,dist_to_high_672_sqrt_z,target_log_ret_horizon_1,1,1.0,spearman,0.020154861117843988,0.020154861117843988,22537,54
60,60m,SOLUSDT,96,True,dist_to_high_672_sqrt_z,target_log_ret_horizon_3,3,3.0,spearman,0.017167529738010282,0.017167529738010282,22537,54
60,60m,SOLUSDT,96,True,dist_to_high_672_sqrt_z,target_log_ret_horizon_5,5,5.0,spearman,0.010186988675464208,0.010186988675464208,22537,54
60,60m,SOLUSDT,96,True,dist_to_high_672_sqrt_z,target_log_ret_horizon_10,10,10.0,spearman,-0.002747221696757148,0.002747221696757148,22537,54
60,60m,SOLUSDT,96,True,dist_to_high_672_sqrt_z,target_log_ret_horizon_24,24,24.0,spearman,-0.004311018155339535,0.004311018155339535,22537,54
60,60m,SOLUSDT,96,True,dist_to_low_672_sqrt_z,target_log_ret_horizon_1,1,1.0,spearman,-0.017967231477550576,0.017967231477550576,22537,54
60,60m,SOLUSDT,96,True,dist_to_low_672_sqrt_z,target_log_ret_horizon_3,3,3.0,spearman,-0.012454817665664556,0.012454817665664556,22537,54
60,60m,SOLUSDT,96,True,dist_to_low_672_sqrt_z,target_log_ret_horizon_5,5,5.0,spearman,-0.0025356557563836527,0.0025356557563836527,22537,54
60,60m,SOLUSDT,96,True,dist_to_low_672_sqrt_z,target_log_ret_horizon_10,10,10.0,spearman,0.010150843824366868,0.010150843824366868,22537,54
60,60m,SOLUSDT,96,True,dist_to_low_672_sqrt_z,target_log_ret_horizon_24,24,24.0,spearman,0.013510242985561752,0.013510242985561752,22537,54
60,60m,SOLUSDT,96,True,price_pos_in_range_672_norm,target_log_ret_horizon_1,1,1.0,spearman,0.002517795736531834,0.002517795736531834,22537,54
60,60m,SOLUSDT,96,True,price_pos_in_range_672_norm,target_log_ret_horizon_3,3,3.0,spearman,0.007879642930966347,0.007879642930966347,22537,54
60,60m,SOLUSDT,96,True,price_pos_in_range_672_norm,target_log_ret_horizon_5,5,5.0,spearman,0.009827206021849694,0.009827206021849694,22537,54
60,60m,SOLUSDT,96,True,price_pos_in_range_672_norm,target_log_ret_horizon_10,10,10.0,spearman,0.017204837541233833,0.017204837541233833,22537,54
60,60m,SOLUSDT,96,True,price_pos_in_range_672_norm,target_log_ret_horizon_24,24,24.0,spearman,0.03207055450577922,0.03207055450577922,22537,54
240,240m,BTCUSDT,24,True,dist_ema_9_z,target_log_ret_horizon_1,1,4.0,spearman,-0.035433521342431655,0.035433521342431655,5635,54
240,240m,BTCUSDT,24,True,dist_ema_9_z,target_log_ret_horizon_3,3,12.0,spearman,-0.01954347471062691,0.01954347471062691,5635,54
240,240m,BTCUSDT,24,True,dist_ema_9_z,target_log_ret_horizon_5,5,20.0,spearman,-0.02895848666199116,0.02895848666199116,5635,54
240,240m,BTCUSDT,24,True,dist_ema_9_z,target_log_ret_horizon_10,10,40.0,spearman,-0.013601141993997501,0.013601141993997501,5635,54
240,240m,BTCUSDT,24,True,dist_ema_9_z,target_log_ret_horizon_24,24,96.0,spearman,0.033178981429829967,0.033178981429829967,5635,54
240,240m,BTCUSDT,24,True,ema_slope_9_z,target_log_ret_horizon_1,1,4.0,spearman,-0.017301674440164158,0.017301674440164158,5635,54
240,240m,BTCUSDT,24,True,ema_slope_9_z,target_log_ret_horizon_3,3,12.0,spearman,-0.02523132310942281,0.02523132310942281,5635,54
240,240m,BTCUSDT,24,True,ema_slope_9_z,target_log_ret_horizon_5,5,20.0,spearman,-0.020110559967295417,0.020110559967295417,5635,54
240,240m,BTCUSDT,24,True,ema_slope_9_z,target_log_ret_horizon_10,10,40.0,spearman,0.015670680874261714,0.015670680874261714,5635,54
240,240m,BTCUSDT,24,True,ema_slope_9_z,target_log_ret_horizon_24,24,96.0,spearman,0.04546140649745924,0.04546140649745924,5635,54
240,240m,BTCUSDT,24,True,dist_ema_21_z,target_log_ret_horizon_1,1,4.0,spearman,-0.02814318732743703,0.02814318732743703,5635,54
240,240m,BTCUSDT,24,True,dist_ema_21_z,target_log_ret_horizon_3,3,12.0,spearman,-0.014589145036478892,0.014589145036478892,5635,54
240,240m,BTCUSDT,24,True,dist_ema_21_z,target_log_ret_horizon_5,5,20.0,spearman,-0.019555333956536924,0.019555333956536924,5635,54
240,240m,BTCUSDT,24,True,dist_ema_21_z,target_log_ret_horizon_10,10,40.0,spearman,0.004692452308459701,0.004692452308459701,5635,54
240,240m,BTCUSDT,24,True,dist_ema_21_z,target_log_ret_horizon_24,24,96.0,spearman,0.03818712056901869,0.03818712056901869,5635,54
240,240m,BTCUSDT,24,True,ema_slope_21_z,target_log_ret_horizon_1,1,4.0,spearman,-0.009673134168500385,0.009673134168500385,5635,54
240,240m,BTCUSDT,24,True,ema_slope_21_z,target_log_ret_horizon_3,3,12.0,spearman,-0.010503111275857369,0.010503111275857369,5635,54
240,240m,BTCUSDT,24,True,ema_slope_21_z,target_log_ret_horizon_5,5,20.0,spearman,-0.0020744455779278777,0.0020744455779278777,5635,54
240,240m,BTCUSDT,24,True,ema_slope_21_z,target_log_ret_horizon_10,10,40.0,spearman,0.031171700089142707,0.031171700089142707,5635,54
240,240m,BTCUSDT,24,True,ema_slope_21_z,target_log_ret_horizon_24,24,96.0,spearman,0.039745293973978434,0.039745293973978434,5635,54
240,240m,BTCUSDT,24,True,dist_ema_50_z,target_log_ret_horizon_1,1,4.0,spearman,-0.019434086408413948,0.019434086408413948,5635,54
240,240m,BTCUSDT,24,True,dist_ema_50_z,target_log_ret_horizon_3,3,12.0,spearman,-0.008571089601614356,0.008571089601614356,5635,54
240,240m,BTCUSDT,24,True,dist_ema_50_z,target_log_ret_horizon_5,5,20.0,spearman,-0.013966865872855165,0.013966865872855165,5635,54
240,240m,BTCUSDT,24,True,dist_ema_50_z,target_log_ret_horizon_10,10,40.0,spearman,0.007399770112988138,0.007399770112988138,5635,54
240,240m,BTCUSDT,24,True,dist_ema_50_z,target_log_ret_horizon_24,24,96.0,spearman,0.023147659527769992,0.023147659527769992,5635,54
240,240m,BTCUSDT,24,True,ema_slope_50_z,target_log_ret_horizon_1,1,4.0,spearman,-0.007602330675727394,0.007602330675727394,5635,54
240,240m,BTCUSDT,24,True,ema_slope_50_z,target_log_ret_horizon_3,3,12.0,spearman,-0.008132440133662154,0.008132440133662154,5635,54
240,240m,BTCUSDT,24,True,ema_slope_50_z,target_log_ret_horizon_5,5,20.0,spearman,-0.003573176196707356,0.003573176196707356,5635,54
240,240m,BTCUSDT,24,True,ema_slope_50_z,target_log_ret_horizon_10,10,40.0,spearman,0.027655109910040408,0.027655109910040408,5635,54
240,240m,BTCUSDT,24,True,ema_slope_50_z,target_log_ret_horizon_24,24,96.0,spearman,0.017867465675453376,0.017867465675453376,5635,54
240,240m,BTCUSDT,24,True,dist_ema_100_z,target_log_ret_horizon_1,1,4.0,spearman,-0.015735161274815997,0.015735161274815997,5635,54
240,240m,BTCUSDT,24,True,dist_ema_100_z,target_log_ret_horizon_3,3,12.0,spearman,-0.0056419189001948415,0.0056419189001948415,5635,54
240,240m,BTCUSDT,24,True,dist_ema_100_z,target_log_ret_horizon_5,5,20.0,spearman,-0.012762695268883902,0.012762695268883902,5635,54
240,240m,BTCUSDT,24,True,dist_ema_100_z,target_log_ret_horizon_10,10,40.0,spearman,0.005544117133467852,0.005544117133467852,5635,54
240,240m,BTCUSDT,24,True,dist_ema_100_z,target_log_ret_horizon_24,24,96.0,spearman,0.011937418063072497,0.011937418063072497,5635,54
240,240m,BTCUSDT,24,True,ema_slope_100_z,target_log_ret_horizon_1,1,4.0,spearman,-0.004181179149611485,0.004181179149611485,5635,54
240,240m,BTCUSDT,24,True,ema_slope_100_z,target_log_ret_horizon_3,3,12.0,spearman,-0.005961966584573062,0.005961966584573062,5635,54
240,240m,BTCUSDT,24,True,ema_slope_100_z,target_log_ret_horizon_5,5,20.0,spearman,-0.004744512681775848,0.004744512681775848,5635,54
240,240m,BTCUSDT,24,True,ema_slope_100_z,target_log_ret_horizon_10,10,40.0,spearman,0.020830169753457962,0.020830169753457962,5635,54
240,240m,BTCUSDT,24,True,ema_slope_100_z,target_log_ret_horizon_24,24,96.0,spearman,0.005838682864789203,0.005838682864789203,5635,54
240,240m,BTCUSDT,24,True,dist_ema_200_z,target_log_ret_horizon_1,1,4.0,spearman,-0.014736914848097315,0.014736914848097315,5635,54
240,240m,BTCUSDT,24,True,dist_ema_200_z,target_log_ret_horizon_3,3,12.0,spearman,-0.0055012314009397585,0.0055012314009397585,5635,54
240,240m,BTCUSDT,24,True,dist_ema_200_z,target_log_ret_horizon_5,5,20.0,spearman,-0.014820625742387093,0.014820625742387093,5635,54
240,240m,BTCUSDT,24,True,dist_ema_200_z,target_log_ret_horizon_10,10,40.0,spearman,0.0022305715570745104,0.0022305715570745104,5635,54
240,240m,BTCUSDT,24,True,dist_ema_200_z,target_log_ret_horizon_24,24,96.0,spearman,0.005396591693262215,0.005396591693262215,5635,54
240,240m,BTCUSDT,24,True,ema_slope_200_z,target_log_ret_horizon_1,1,4.0,spearman,-0.0023596485249955724,0.0023596485249955724,5635,54
240,240m,BTCUSDT,24,True,ema_slope_200_z,target_log_ret_horizon_3,3,12.0,spearman,-0.007959815415877496,0.007959815415877496,5635,54
240,240m,BTCUSDT,24,True,ema_slope_200_z,target_log_ret_horizon_5,5,20.0,spearman,-0.010801295995311906,0.010801295995311906,5635,54
240,240m,BTCUSDT,24,True,ema_slope_200_z,target_log_ret_horizon_10,10,40.0,spearman,0.015809760289142424,0.015809760289142424,5635,54
240,240m,BTCUSDT,24,True,ema_slope_200_z,target_log_ret_horizon_24,24,96.0,spearman,-0.000989913666446439,0.000989913666446439,5635,54
240,240m,BTCUSDT,24,True,ema_spread_9_21_z,target_log_ret_horizon_1,1,4.0,spearman,-0.004974882700971935,0.004974882700971935,5635,54
240,240m,BTCUSDT,24,True,ema_spread_9_21_z,target_log_ret_horizon_3,3,12.0,spearman,-0.0031614907170022136,0.0031614907170022136,5635,54
240,240m,BTCUSDT,24,True,ema_spread_9_21_z,target_log_ret_horizon_5,5,20.0,spearman,0.0003734125400950764,0.0003734125400950764,5635,54
240,240m,BTCUSDT,24,True,ema_spread_9_21_z,target_log_ret_horizon_10,10,40.0,spearman,0.029197935685420853,0.029197935685420853,5635,54
240,240m,BTCUSDT,24,True,ema_spread_9_21_z,target_log_ret_horizon_24,24,96.0,spearman,0.033060396484872724,0.033060396484872724,5635,54
240,240m,BTCUSDT,24,True,ema_spread_21_50_z,target_log_ret_horizon_1,1,4.0,spearman,0.002743188960319458,0.002743188960319458,5635,54
240,240m,BTCUSDT,24,True,ema_spread_21_50_z,target_log_ret_horizon_3,3,12.0,spearman,-9.67519502343946e-05,9.67519502343946e-05,5635,54
240,240m,BTCUSDT,24,True,ema_spread_21_50_z,target_log_ret_horizon_5,5,20.0,spearman,-6.556945319529943e-05,6.556945319529943e-05,5635,54
240,240m,BTCUSDT,24,True,ema_spread_21_50_z,target_log_ret_horizon_10,10,40.0,spearman,0.016707212053737125,0.016707212053737125,5635,54
240,240m,BTCUSDT,24,True,ema_spread_21_50_z,target_log_ret_horizon_24,24,96.0,spearman,-0.002791831906630863,0.002791831906630863,5635,54
240,240m,BTCUSDT,24,True,ema_spread_50_100_z,target_log_ret_horizon_1,1,4.0,spearman,0.0038450616514693115,0.0038450616514693115,5635,54
240,240m,BTCUSDT,24,True,ema_spread_50_100_z,target_log_ret_horizon_3,3,12.0,spearman,0.0066202948998620205,0.0066202948998620205,5635,54
240,240m,BTCUSDT,24,True,ema_spread_50_100_z,target_log_ret_horizon_5,5,20.0,spearman,0.006203620250012503,0.006203620250012503,5635,54
240,240m,BTCUSDT,24,True,ema_spread_50_100_z,target_log_ret_horizon_10,10,40.0,spearman,0.017563497596537518,0.017563497596537518,5635,54
240,240m,BTCUSDT,24,True,ema_spread_50_100_z,target_log_ret_horizon_24,24,96.0,spearman,-0.00475556463704123,0.00475556463704123,5635,54
240,240m,BTCUSDT,24,True,ema_spread_100_200_z,target_log_ret_horizon_1,1,4.0,spearman,0.004331632607417215,0.004331632607417215,5635,54
240,240m,BTCUSDT,24,True,ema_spread_100_200_z,target_log_ret_horizon_3,3,12.0,spearman,-0.00022929457123607586,0.00022929457123607586,5635,54
240,240m,BTCUSDT,24,True,ema_spread_100_200_z,target_log_ret_horizon_5,5,20.0,spearman,-0.006519392139138786,0.006519392139138786,5635,54
240,240m,BTCUSDT,24,True,ema_spread_100_200_z,target_log_ret_horizon_10,10,40.0,spearman,0.00334106807774598,0.00334106807774598,5635,54
240,240m,BTCUSDT,24,True,ema_spread_100_200_z,target_log_ret_horizon_24,24,96.0,spearman,0.0022704024991599156,0.0022704024991599156,5635,54
240,240m,BTCUSDT,24,True,MOM_pct_14_z,target_log_ret_horizon_1,1,4.0,spearman,-0.019874673074720503,0.019874673074720503,5635,54
240,240m,BTCUSDT,24,True,MOM_pct_14_z,target_log_ret_horizon_3,3,12.0,spearman,-0.01966315664182033,0.01966315664182033,5635,54
240,240m,BTCUSDT,24,True,MOM_pct_14_z,target_log_ret_horizon_5,5,20.0,spearman,-0.008966690072259626,0.008966690072259626,5635,54
240,240m,BTCUSDT,24,True,MOM_pct_14_z,target_log_ret_horizon_10,10,40.0,spearman,0.02503057307188665,0.02503057307188665,5635,54
240,240m,BTCUSDT,24,True,MOM_pct_14_z,target_log_ret_horizon_24,24,96.0,spearman,0.05080108593850573,0.05080108593850573,5635,54
240,240m,BTCUSDT,24,True,ADX_14_scaled,target_log_ret_horizon_1,1,4.0,spearman,0.012005265568594214,0.012005265568594214,5635,54
240,240m,BTCUSDT,24,True,ADX_14_scaled,target_log_ret_horizon_3,3,12.0,spearman,0.01919967683900785,0.01919967683900785,5635,54
240,240m,BTCUSDT,24,True,ADX_14_scaled,target_log_ret_horizon_5,5,20.0,spearman,0.025133987297168935,0.025133987297168935,5635,54
240,240m,BTCUSDT,24,True,ADX_14_scaled,target_log_ret_horizon_10,10,40.0,spearman,0.037932479056231455,0.037932479056231455,5635,54
240,240m,BTCUSDT,24,True,ADX_14_scaled,target_log_ret_horizon_24,24,96.0,spearman,0.01960622975312385,0.01960622975312385,5635,54
240,240m,BTCUSDT,24,True,RSI_14_bounded,target_log_ret_horizon_1,1,4.0,spearman,-0.010212494536597084,0.010212494536597084,5635,54
240,240m,BTCUSDT,24,True,RSI_14_bounded,target_log_ret_horizon_3,3,12.0,spearman,-0.008927245618072187,0.008927245618072187,5635,54
240,240m,BTCUSDT,24,True,RSI_14_bounded,target_log_ret_horizon_5,5,20.0,spearman,-0.021021057632770054,0.021021057632770054,5635,54
240,240m,BTCUSDT,24,True,RSI_14_bounded,target_log_ret_horizon_10,10,40.0,spearman,0.003974155144350595,0.003974155144350595,5635,54
240,240m,BTCUSDT,24,True,RSI_14_bounded,target_log_ret_horizon_24,24,96.0,spearman,0.004665204217819315,0.004665204217819315,5635,54
240,240m,BTCUSDT,24,True,MOM_pct_30_z,target_log_ret_horizon_1,1,4.0,spearman,0.0013131875637734127,0.0013131875637734127,5635,54
240,240m,BTCUSDT,24,True,MOM_pct_30_z,target_log_ret_horizon_3,3,12.0,spearman,0.018699759609981742,0.018699759609981742,5635,54
240,240m,BTCUSDT,24,True,MOM_pct_30_z,target_log_ret_horizon_5,5,20.0,spearman,0.010579923555269228,0.010579923555269228,5635,54
240,240m,BTCUSDT,24,True,MOM_pct_30_z,target_log_ret_horizon_10,10,40.0,spearman,0.04445520752209878,0.04445520752209878,5635,54
240,240m,BTCUSDT,24,True,MOM_pct_30_z,target_log_ret_horizon_24,24,96.0,spearman,0.03093564812885581,0.03093564812885581,5635,54
240,240m,BTCUSDT,24,True,ADX_30_scaled,target_log_ret_horizon_1,1,4.0,spearman,0.007763371062326722,0.007763371062326722,5635,54
240,240m,BTCUSDT,24,True,ADX_30_scaled,target_log_ret_horizon_3,3,12.0,spearman,0.016376139201692737,0.016376139201692737,5635,54
240,240m,BTCUSDT,24,True,ADX_30_scaled,target_log_ret_horizon_5,5,20.0,spearman,0.025627045986795504,0.025627045986795504,5635,54
240,240m,BTCUSDT,24,True,ADX_30_scaled,target_log_ret_horizon_10,10,40.0,spearman,0.02905432166599505,0.02905432166599505,5635,54
240,240m,BTCUSDT,24,True,ADX_30_scaled,target_log_ret_horizon_24,24,96.0,spearman,0.024569325937631382,0.024569325937631382,5635,54
240,240m,BTCUSDT,24,True,RSI_30_bounded,target_log_ret_horizon_1,1,4.0,spearman,0.0036384095027078844,0.0036384095027078844,5635,54
240,240m,BTCUSDT,24,True,RSI_30_bounded,target_log_ret_horizon_3,3,12.0,spearman,-0.0016043759177673384,0.0016043759177673384,5635,54
240,240m,BTCUSDT,24,True,RSI_30_bounded,target_log_ret_horizon_5,5,20.0,spearman,-0.01150576476331232,0.01150576476331232,5635,54
240,240m,BTCUSDT,24,True,RSI_30_bounded,target_log_ret_horizon_10,10,40.0,spearman,0.01055267408302883,0.01055267408302883,5635,54
240,240m,BTCUSDT,24,True,RSI_30_bounded,target_log_ret_horizon_24,24,96.0,spearman,0.004627008910946811,0.004627008910946811,5635,54
240,240m,BTCUSDT,24,True,MOM_pct_72_z,target_log_ret_horizon_1,1,4.0,spearman,-0.020606615949555127,0.020606615949555127,5635,54
240,240m,BTCUSDT,24,True,MOM_pct_72_z,target_log_ret_horizon_3,3,12.0,spearman,-0.021675110387447565,0.021675110387447565,5635,54
240,240m,BTCUSDT,24,True,MOM_pct_72_z,target_log_ret_horizon_5,5,20.0,spearman,-0.028266037899274583,0.028266037899274583,5635,54
240,240m,BTCUSDT,24,True,MOM_pct_72_z,target_log_ret_horizon_10,10,40.0,spearman,-0.02811156128729625,0.02811156128729625,5635,54
240,240m,BTCUSDT,24,True,MOM_pct_72_z,target_log_ret_horizon_24,24,96.0,spearman,-0.004389946128592693,0.004389946128592693,5635,54
240,240m,BTCUSDT,24,True,ADX_72_scaled,target_log_ret_horizon_1,1,4.0,spearman,0.011555953738040577,0.011555953738040577,5635,54
240,240m,BTCUSDT,24,True,ADX_72_scaled,target_log_ret_horizon_3,3,12.0,spearman,0.016268291088745963,0.016268291088745963,5635,54
240,240m,BTCUSDT,24,True,ADX_72_scaled,target_log_ret_horizon_5,5,20.0,spearman,0.02264434080487368,0.02264434080487368,5635,54
240,240m,BTCUSDT,24,True,ADX_72_scaled,target_log_ret_horizon_10,10,40.0,spearman,0.024349580562016256,0.024349580562016256,5635,54
240,240m,BTCUSDT,24,True,ADX_72_scaled,target_log_ret_horizon_24,24,96.0,spearman,0.043494955765497244,0.043494955765497244,5635,54
240,240m,BTCUSDT,24,True,RSI_72_bounded,target_log_ret_horizon_1,1,4.0,spearman,0.01446257077185348,0.01446257077185348,5635,54
240,240m,BTCUSDT,24,True,RSI_72_bounded,target_log_ret_horizon_3,3,12.0,spearman,0.004712594480028833,0.004712594480028833,5635,54
240,240m,BTCUSDT,24,True,RSI_72_bounded,target_log_ret_horizon_5,5,20.0,spearman,0.001593495806324351,0.001593495806324351,5635,54
240,240m,BTCUSDT,24,True,RSI_72_bounded,target_log_ret_horizon_10,10,40.0,spearman,0.023711111752570752,0.023711111752570752,5635,54
240,240m,BTCUSDT,24,True,RSI_72_bounded,target_log_ret_horizon_24,24,96.0,spearman,0.016318155600337326,0.016318155600337326,5635,54
240,240m,BTCUSDT,24,True,MACD_hist_pct_z,target_log_ret_horizon_1,1,4.0,spearman,-0.010161006343847444,0.010161006343847444,5635,54
240,240m,BTCUSDT,24,True,MACD_hist_pct_z,target_log_ret_horizon_3,3,12.0,spearman,-0.013404665164670213,0.013404665164670213,5635,54
240,240m,BTCUSDT,24,True,MACD_hist_pct_z,target_log_ret_horizon_5,5,20.0,spearman,-0.015515289757169181,0.015515289757169181,5635,54
240,240m,BTCUSDT,24,True,MACD_hist_pct_z,target_log_ret_horizon_10,10,40.0,spearman,0.01821477973425628,0.01821477973425628,5635,54
240,240m,BTCUSDT,24,True,MACD_hist_pct_z,target_log_ret_horizon_24,24,96.0,spearman,0.07101905917836625,0.07101905917836625,5635,54
240,240m,BTCUSDT,24,True,NATR_14_z,target_log_ret_horizon_1,1,4.0,spearman,0.01553948807989687,0.01553948807989687,5635,54
240,240m,BTCUSDT,24,True,NATR_14_z,target_log_ret_horizon_3,3,12.0,spearman,0.022590301102994235,0.022590301102994235,5635,54
240,240m,BTCUSDT,24,True,NATR_14_z,target_log_ret_horizon_5,5,20.0,spearman,0.021484417089202984,0.021484417089202984,5635,54
240,240m,BTCUSDT,24,True,NATR_14_z,target_log_ret_horizon_10,10,40.0,spearman,0.009963637688654216,0.009963637688654216,5635,54
240,240m,BTCUSDT,24,True,NATR_14_z,target_log_ret_horizon_24,24,96.0,spearman,0.00442493078398679,0.00442493078398679,5635,54
240,240m,BTCUSDT,24,True,bb_width_20_sqrt_z,target_log_ret_horizon_1,1,4.0,spearman,0.011803656076239325,0.011803656076239325,5635,54
240,240m,BTCUSDT,24,True,bb_width_20_sqrt_z,target_log_ret_horizon_3,3,12.0,spearman,0.01790602014256749,0.01790602014256749,5635,54
240,240m,BTCUSDT,24,True,bb_width_20_sqrt_z,target_log_ret_horizon_5,5,20.0,spearman,0.02640288816763571,0.02640288816763571,5635,54
240,240m,BTCUSDT,24,True,bb_width_20_sqrt_z,target_log_ret_horizon_10,10,40.0,spearman,0.037154081645023276,0.037154081645023276,5635,54
240,240m,BTCUSDT,24,True,bb_width_20_sqrt_z,target_log_ret_horizon_24,24,96.0,spearman,0.0008554473109516781,0.0008554473109516781,5635,54
240,240m,BTCUSDT,24,True,bb_pos_20_norm,target_log_ret_horizon_1,1,4.0,spearman,-0.023103261854674335,0.023103261854674335,5635,54
240,240m,BTCUSDT,24,True,bb_pos_20_norm,target_log_ret_horizon_3,3,12.0,spearman,-0.01707941331916898,0.01707941331916898,5635,54
240,240m,BTCUSDT,24,True,bb_pos_20_norm,target_log_ret_horizon_5,5,20.0,spearman,-0.027582046575272242,0.027582046575272242,5635,54
240,240m,BTCUSDT,24,True,bb_pos_20_norm,target_log_ret_horizon_10,10,40.0,spearman,-0.000106213792528641,0.000106213792528641,5635,54
240,240m,BTCUSDT,24,True,bb_pos_20_norm,target_log_ret_horizon_24,24,96.0,spearman,0.012036093657597608,0.012036093657597608,5635,54
240,240m,BTCUSDT,24,True,volatility_24_sqrt_z,target_log_ret_horizon_1,1,4.0,spearman,0.009022082879705903,0.009022082879705903,5635,54
240,240m,BTCUSDT,24,True,volatility_24_sqrt_z,target_log_ret_horizon_3,3,12.0,spearman,0.012113300602386076,0.012113300602386076,5635,54
240,240m,BTCUSDT,24,True,volatility_24_sqrt_z,target_log_ret_horizon_5,5,20.0,spearman,0.0056837021842495285,0.0056837021842495285,5635,54
240,240m,BTCUSDT,24,True,volatility_24_sqrt_z,target_log_ret_horizon_10,10,40.0,spearman,-0.0036284435449287977,0.0036284435449287977,5635,54
240,240m,BTCUSDT,24,True,volatility_24_sqrt_z,target_log_ret_horizon_24,24,96.0,spearman,0.017924439236418822,0.017924439236418822,5635,54
240,240m,BTCUSDT,24,True,volatility_72_sqrt_z,target_log_ret_horizon_1,1,4.0,spearman,0.018053362757306377,0.018053362757306377,5635,54
240,240m,BTCUSDT,24,True,volatility_72_sqrt_z,target_log_ret_horizon_3,3,12.0,spearman,0.03342605145675273,0.03342605145675273,5635,54
240,240m,BTCUSDT,24,True,volatility_72_sqrt_z,target_log_ret_horizon_5,5,20.0,spearman,0.038333448245953444,0.038333448245953444,5635,54
240,240m,BTCUSDT,24,True,volatility_72_sqrt_z,target_log_ret_horizon_10,10,40.0,spearman,0.025498255171469305,0.025498255171469305,5635,54
240,240m,BTCUSDT,24,True,volatility_72_sqrt_z,target_log_ret_horizon_24,24,96.0,spearman,0.006217688406431525,0.006217688406431525,5635,54
240,240m,BTCUSDT,24,True,volatility_168_sqrt_z,target_log_ret_horizon_1,1,4.0,spearman,0.014677312234755172,0.014677312234755172,5635,54
240,240m,BTCUSDT,24,True,volatility_168_sqrt_z,target_log_ret_horizon_3,3,12.0,spearman,0.026263123943744,0.026263123943744,5635,54
240,240m,BTCUSDT,24,True,volatility_168_sqrt_z,target_log_ret_horizon_5,5,20.0,spearman,0.030525414226168616,0.030525414226168616,5635,54
240,240m,BTCUSDT,24,True,volatility_168_sqrt_z,target_log_ret_horizon_10,10,40.0,spearman,0.025960017875318764,0.025960017875318764,5635,54
240,240m,BTCUSDT,24,True,volatility_168_sqrt_z,target_log_ret_horizon_24,24,96.0,spearman,0.011426302315437396,0.011426302315437396,5635,54
240,240m,BTCUSDT,24,True,log_ret_6_z,target_log_ret_horizon_1,1,4.0,spearman,-0.02797826902541276,0.02797826902541276,5635,54
240,240m,BTCUSDT,24,True,log_ret_6_z,target_log_ret_horizon_3,3,12.0,spearman,-0.03584834234084584,0.03584834234084584,5635,54
240,240m,BTCUSDT,24,True,log_ret_6_z,target_log_ret_horizon_5,5,20.0,spearman,-0.03996103326346675,0.03996103326346675,5635,54
240,240m,BTCUSDT,24,True,log_ret_6_z,target_log_ret_horizon_10,10,40.0,spearman,-0.02195551857074601,0.02195551857074601,5635,54
240,240m,BTCUSDT,24,True,log_ret_6_z,target_log_ret_horizon_24,24,96.0,spearman,0.023845589382852767,0.023845589382852767,5635,54
240,240m,BTCUSDT,24,True,log_ret_24_z,target_log_ret_horizon_1,1,4.0,spearman,0.009240120026909396,0.009240120026909396,5635,54
240,240m,BTCUSDT,24,True,log_ret_24_z,target_log_ret_horizon_3,3,12.0,spearman,0.02369645628572291,0.02369645628572291,5635,54
240,240m,BTCUSDT,24,True,log_ret_24_z,target_log_ret_horizon_5,5,20.0,spearman,0.017630522933985378,0.017630522933985378,5635,54
240,240m,BTCUSDT,24,True,log_ret_24_z,target_log_ret_horizon_10,10,40.0,spearman,0.03404465267287796,0.03404465267287796,5635,54
240,240m,BTCUSDT,24,True,log_ret_24_z,target_log_ret_horizon_24,24,96.0,spearman,0.04719702234396127,0.04719702234396127,5635,54
240,240m,BTCUSDT,24,True,log_ret_72_z,target_log_ret_horizon_1,1,4.0,spearman,-0.020757392017829945,0.020757392017829945,5635,54
240,240m,BTCUSDT,24,True,log_ret_72_z,target_log_ret_horizon_3,3,12.0,spearman,-0.021763297496103572,0.021763297496103572,5635,54
240,240m,BTCUSDT,24,True,log_ret_72_z,target_log_ret_horizon_5,5,20.0,spearman,-0.028379943707838473,0.028379943707838473,5635,54
240,240m,BTCUSDT,24,True,log_ret_72_z,target_log_ret_horizon_10,10,40.0,spearman,-0.028366965450551,0.028366965450551,5635,54
240,240m,BTCUSDT,24,True,log_ret_72_z,target_log_ret_horizon_24,24,96.0,spearman,-0.004530434610054863,0.004530434610054863,5635,54
240,240m,BTCUSDT,24,True,log_ret_168_z,target_log_ret_horizon_1,1,4.0,spearman,0.0001192673661758801,0.0001192673661758801,5635,54
240,240m,BTCUSDT,24,True,log_ret_168_z,target_log_ret_horizon_3,3,12.0,spearman,0.008587365851544362,0.008587365851544362,5635,54
240,240m,BTCUSDT,24,True,log_ret_168_z,target_log_ret_horizon_5,5,20.0,spearman,0.0035700894106726047,0.0035700894106726047,5635,54
240,240m,BTCUSDT,24,True,log_ret_168_z,target_log_ret_horizon_10,10,40.0,spearman,0.009931236151788156,0.009931236151788156,5635,54
240,240m,BTCUSDT,24,True,log_ret_168_z,target_log_ret_horizon_24,24,96.0,spearman,-9.978029631903926e-05,9.978029631903926e-05,5635,54
240,240m,BTCUSDT,24,True,ret_accel_6_24_z,target_log_ret_horizon_1,1,4.0,spearman,-0.025887010821238794,0.025887010821238794,5635,54
240,240m,BTCUSDT,24,True,ret_accel_6_24_z,target_log_ret_horizon_3,3,12.0,spearman,-0.04337943373220226,0.04337943373220226,5635,54
240,240m,BTCUSDT,24,True,ret_accel_6_24_z,target_log_ret_horizon_5,5,20.0,spearman,-0.04612782827700616,0.04612782827700616,5635,54
240,240m,BTCUSDT,24,True,ret_accel_6_24_z,target_log_ret_horizon_10,10,40.0,spearman,-0.06743227834853538,0.06743227834853538,5635,54
240,240m,BTCUSDT,24,True,ret_accel_6_24_z,target_log_ret_horizon_24,24,96.0,spearman,-0.04739968621755498,0.04739968621755498,5635,54
240,240m,BTCUSDT,24,True,ret_accel_24_72_z,target_log_ret_horizon_1,1,4.0,spearman,0.020054239098772728,0.020054239098772728,5635,54
240,240m,BTCUSDT,24,True,ret_accel_24_72_z,target_log_ret_horizon_3,3,12.0,spearman,0.030568112577145357,0.030568112577145357,5635,54
240,240m,BTCUSDT,24,True,ret_accel_24_72_z,target_log_ret_horizon_5,5,20.0,spearman,0.032317367003234905,0.032317367003234905,5635,54
240,240m,BTCUSDT,24,True,ret_accel_24_72_z,target_log_ret_horizon_10,10,40.0,spearman,0.041752414021053064,0.041752414021053064,5635,54
240,240m,BTCUSDT,24,True,ret_accel_24_72_z,target_log_ret_horizon_24,24,96.0,spearman,0.05277282784525317,0.05277282784525317,5635,54
240,240m,BTCUSDT,24,True,ret_accel_72_168_z,target_log_ret_horizon_1,1,4.0,spearman,-0.014744284542170765,0.014744284542170765,5635,54
240,240m,BTCUSDT,24,True,ret_accel_72_168_z,target_log_ret_horizon_3,3,12.0,spearman,-0.018681005717156727,0.018681005717156727,5635,54
240,240m,BTCUSDT,24,True,ret_accel_72_168_z,target_log_ret_horizon_5,5,20.0,spearman,-0.020175744732351775,0.020175744732351775,5635,54
240,240m,BTCUSDT,24,True,ret_accel_72_168_z,target_log_ret_horizon_10,10,40.0,spearman,-0.0320289689021316,0.0320289689021316,5635,54
240,240m,BTCUSDT,24,True,ret_accel_72_168_z,target_log_ret_horizon_24,24,96.0,spearman,-0.013951306854460577,0.013951306854460577,5635,54
240,240m,BTCUSDT,24,True,vol_ratio_24_log1p_z,target_log_ret_horizon_1,1,4.0,spearman,0.00484203684648263,0.00484203684648263,5635,54
240,240m,BTCUSDT,24,True,vol_ratio_24_log1p_z,target_log_ret_horizon_3,3,12.0,spearman,-0.0025674723183071587,0.0025674723183071587,5635,54
240,240m,BTCUSDT,24,True,vol_ratio_24_log1p_z,target_log_ret_horizon_5,5,20.0,spearman,0.004931738161709486,0.004931738161709486,5635,54
240,240m,BTCUSDT,24,True,vol_ratio_24_log1p_z,target_log_ret_horizon_10,10,40.0,spearman,0.004536685848059338,0.004536685848059338,5635,54
240,240m,BTCUSDT,24,True,vol_ratio_24_log1p_z,target_log_ret_horizon_24,24,96.0,spearman,-0.044297969129386626,0.044297969129386626,5635,54
240,240m,BTCUSDT,24,True,vol_ratio_72_log1p_z,target_log_ret_horizon_1,1,4.0,spearman,0.003196176593612905,0.003196176593612905,5635,54
240,240m,BTCUSDT,24,True,vol_ratio_72_log1p_z,target_log_ret_horizon_3,3,12.0,spearman,-0.005223607943300695,0.005223607943300695,5635,54
240,240m,BTCUSDT,24,True,vol_ratio_72_log1p_z,target_log_ret_horizon_5,5,20.0,spearman,0.0002329570917972452,0.0002329570917972452,5635,54
240,240m,BTCUSDT,24,True,vol_ratio_72_log1p_z,target_log_ret_horizon_10,10,40.0,spearman,0.0011198667963395017,0.0011198667963395017,5635,54
240,240m,BTCUSDT,24,True,vol_ratio_72_log1p_z,target_log_ret_horizon_24,24,96.0,spearman,-0.03787534944582957,0.03787534944582957,5635,54
240,240m,BTCUSDT,24,True,vol_ratio_168_log1p_z,target_log_ret_horizon_1,1,4.0,spearman,0.005234833618346281,0.005234833618346281,5635,54
240,240m,BTCUSDT,24,True,vol_ratio_168_log1p_z,target_log_ret_horizon_3,3,12.0,spearman,-0.002265374016602721,0.002265374016602721,5635,54
240,240m,BTCUSDT,24,True,vol_ratio_168_log1p_z,target_log_ret_horizon_5,5,20.0,spearman,0.0017854123518087706,0.0017854123518087706,5635,54
240,240m,BTCUSDT,24,True,vol_ratio_168_log1p_z,target_log_ret_horizon_10,10,40.0,spearman,0.0024110742971902364,0.0024110742971902364,5635,54
240,240m,BTCUSDT,24,True,vol_ratio_168_log1p_z,target_log_ret_horizon_24,24,96.0,spearman,-0.036979759737123426,0.036979759737123426,5635,54
240,240m,BTCUSDT,24,True,range_sqrt_z,target_log_ret_horizon_1,1,4.0,spearman,0.011550988435810587,0.011550988435810587,5635,54
240,240m,BTCUSDT,24,True,range_sqrt_z,target_log_ret_horizon_3,3,12.0,spearman,0.012583320578946193,0.012583320578946193,5635,54
240,240m,BTCUSDT,24,True,range_sqrt_z,target_log_ret_horizon_5,5,20.0,spearman,0.027780218753394585,0.027780218753394585,5635,54
240,240m,BTCUSDT,24,True,range_sqrt_z,target_log_ret_horizon_10,10,40.0,spearman,0.02041189813637025,0.02041189813637025,5635,54
240,240m,BTCUSDT,24,True,range_sqrt_z,target_log_ret_horizon_24,24,96.0,spearman,-0.0084834936736965,0.0084834936736965,5635,54
240,240m,BTCUSDT,24,True,body_sqrt_z,target_log_ret_horizon_1,1,4.0,spearman,0.020321486261333465,0.020321486261333465,5635,54
240,240m,BTCUSDT,24,True,body_sqrt_z,target_log_ret_horizon_3,3,12.0,spearman,0.021238431700110798,0.021238431700110798,5635,54
240,240m,BTCUSDT,24,True,body_sqrt_z,target_log_ret_horizon_5,5,20.0,spearman,0.04550693411565695,0.04550693411565695,5635,54
240,240m,BTCUSDT,24,True,body_sqrt_z,target_log_ret_horizon_10,10,40.0,spearman,0.025747157259985807,0.025747157259985807,5635,54
240,240m,BTCUSDT,24,True,body_sqrt_z,target_log_ret_horizon_24,24,96.0,spearman,-0.0007771792866354488,0.0007771792866354488,5635,54
240,240m,BTCUSDT,24,True,vol_expansion_24_log1p_z,target_log_ret_horizon_1,1,4.0,spearman,0.00937521318085148,0.00937521318085148,5635,54
240,240m,BTCUSDT,24,True,vol_expansion_24_log1p_z,target_log_ret_horizon_3,3,12.0,spearman,0.007790070769640279,0.007790070769640279,5635,54
240,240m,BTCUSDT,24,True,vol_expansion_24_log1p_z,target_log_ret_horizon_5,5,20.0,spearman,0.02534133695832515,0.02534133695832515,5635,54
240,240m,BTCUSDT,24,True,vol_expansion_24_log1p_z,target_log_ret_horizon_10,10,40.0,spearman,0.01803793219662564,0.01803793219662564,5635,54
240,240m,BTCUSDT,24,True,vol_expansion_24_log1p_z,target_log_ret_horizon_24,24,96.0,spearman,-0.022470256378325577,0.022470256378325577,5635,54
240,240m,BTCUSDT,24,True,vol_expansion_72_log1p_z,target_log_ret_horizon_1,1,4.0,spearman,0.00959468310630606,0.00959468310630606,5635,54
240,240m,BTCUSDT,24,True,vol_expansion_72_log1p_z,target_log_ret_horizon_3,3,12.0,spearman,0.009125581295664473,0.009125581295664473,5635,54
240,240m,BTCUSDT,24,True,vol_expansion_72_log1p_z,target_log_ret_horizon_5,5,20.0,spearman,0.024197715644201402,0.024197715644201402,5635,54
240,240m,BTCUSDT,24,True,vol_expansion_72_log1p_z,target_log_ret_horizon_10,10,40.0,spearman,0.019014801487153277,0.019014801487153277,5635,54
240,240m,BTCUSDT,24,True,vol_expansion_72_log1p_z,target_log_ret_horizon_24,24,96.0,spearman,-0.011217633261902787,0.011217633261902787,5635,54
240,240m,BTCUSDT,24,True,vol_expansion_168_log1p_z,target_log_ret_horizon_1,1,4.0,spearman,0.011143777061598229,0.011143777061598229,5635,54
240,240m,BTCUSDT,24,True,vol_expansion_168_log1p_z,target_log_ret_horizon_3,3,12.0,spearman,0.011541190695046059,0.011541190695046059,5635,54
240,240m,BTCUSDT,24,True,vol_expansion_168_log1p_z,target_log_ret_horizon_5,5,20.0,spearman,0.026165826084406905,0.026165826084406905,5635,54
240,240m,BTCUSDT,24,True,vol_expansion_168_log1p_z,target_log_ret_horizon_10,10,40.0,spearman,0.019599945345195876,0.019599945345195876,5635,54
240,240m,BTCUSDT,24,True,vol_expansion_168_log1p_z,target_log_ret_horizon_24,24,96.0,spearman,-0.010659668726743517,0.010659668726743517,5635,54
240,240m,BTCUSDT,24,True,dist_to_high_24_sqrt_z,target_log_ret_horizon_1,1,4.0,spearman,0.023339353523342175,0.023339353523342175,5635,54
240,240m,BTCUSDT,24,True,dist_to_high_24_sqrt_z,target_log_ret_horizon_3,3,12.0,spearman,0.008869777686615597,0.008869777686615597,5635,54
240,240m,BTCUSDT,24,True,dist_to_high_24_sqrt_z,target_log_ret_horizon_5,5,20.0,spearman,0.01577438687951181,0.01577438687951181,5635,54
240,240m,BTCUSDT,24,True,dist_to_high_24_sqrt_z,target_log_ret_horizon_10,10,40.0,spearman,-0.0006552018533177675,0.0006552018533177675,5635,54
240,240m,BTCUSDT,24,True,dist_to_high_24_sqrt_z,target_log_ret_horizon_24,24,96.0,spearman,-0.020049200466143918,0.020049200466143918,5635,54
240,240m,BTCUSDT,24,True,dist_to_low_24_sqrt_z,target_log_ret_horizon_1,1,4.0,spearman,-0.019165258304975064,0.019165258304975064,5635,54
240,240m,BTCUSDT,24,True,dist_to_low_24_sqrt_z,target_log_ret_horizon_3,3,12.0,spearman,0.00712837328710372,0.00712837328710372,5635,54
240,240m,BTCUSDT,24,True,dist_to_low_24_sqrt_z,target_log_ret_horizon_5,5,20.0,spearman,0.0033292960829444766,0.0033292960829444766,5635,54
240,240m,BTCUSDT,24,True,dist_to_low_24_sqrt_z,target_log_ret_horizon_10,10,40.0,spearman,0.029166478313899305,0.029166478313899305,5635,54
240,240m,BTCUSDT,24,True,dist_to_low_24_sqrt_z,target_log_ret_horizon_24,24,96.0,spearman,0.06885055222156297,0.06885055222156297,5635,54
240,240m,BTCUSDT,24,True,price_pos_in_range_24_norm,target_log_ret_horizon_1,1,4.0,spearman,-0.02236459868846878,0.02236459868846878,5635,54
240,240m,BTCUSDT,24,True,price_pos_in_range_24_norm,target_log_ret_horizon_3,3,12.0,spearman,-0.01652403705162341,0.01652403705162341,5635,54
240,240m,BTCUSDT,24,True,price_pos_in_range_24_norm,target_log_ret_horizon_5,5,20.0,spearman,-0.027214415020599028,0.027214415020599028,5635,54
240,240m,BTCUSDT,24,True,price_pos_in_range_24_norm,target_log_ret_horizon_10,10,40.0,spearman,-0.0034108966285954544,0.0034108966285954544,5635,54
240,240m,BTCUSDT,24,True,price_pos_in_range_24_norm,target_log_ret_horizon_24,24,96.0,spearman,-0.006465334118241227,0.006465334118241227,5635,54
240,240m,BTCUSDT,24,True,dist_to_high_72_sqrt_z,target_log_ret_horizon_1,1,4.0,spearman,0.027381796390363207,0.027381796390363207,5635,54
240,240m,BTCUSDT,24,True,dist_to_high_72_sqrt_z,target_log_ret_horizon_3,3,12.0,spearman,0.027337962207423412,0.027337962207423412,5635,54
240,240m,BTCUSDT,24,True,dist_to_high_72_sqrt_z,target_log_ret_horizon_5,5,20.0,spearman,0.03247221855767693,0.03247221855767693,5635,54
240,240m,BTCUSDT,24,True,dist_to_high_72_sqrt_z,target_log_ret_horizon_10,10,40.0,spearman,0.009593611198492244,0.009593611198492244,5635,54
240,240m,BTCUSDT,24,True,dist_to_high_72_sqrt_z,target_log_ret_horizon_24,24,96.0,spearman,0.012644016719786353,0.012644016719786353,5635,54
240,240m,BTCUSDT,24,True,dist_to_low_72_sqrt_z,target_log_ret_horizon_1,1,4.0,spearman,-0.02054526365375532,0.02054526365375532,5635,54
240,240m,BTCUSDT,24,True,dist_to_low_72_sqrt_z,target_log_ret_horizon_3,3,12.0,spearman,-0.008615501592752883,0.008615501592752883,5635,54
240,240m,BTCUSDT,24,True,dist_to_low_72_sqrt_z,target_log_ret_horizon_5,5,20.0,spearman,-0.01649800663278333,0.01649800663278333,5635,54
240,240m,BTCUSDT,24,True,dist_to_low_72_sqrt_z,target_log_ret_horizon_10,10,40.0,spearman,0.005775383989927089,0.005775383989927089,5635,54
240,240m,BTCUSDT,24,True,dist_to_low_72_sqrt_z,target_log_ret_horizon_24,24,96.0,spearman,0.026712014917019893,0.026712014917019893,5635,54
240,240m,BTCUSDT,24,True,price_pos_in_range_72_norm,target_log_ret_horizon_1,1,4.0,spearman,-0.006132275793225479,0.006132275793225479,5635,54
240,240m,BTCUSDT,24,True,price_pos_in_range_72_norm,target_log_ret_horizon_3,3,12.0,spearman,-0.007484726774963862,0.007484726774963862,5635,54
240,240m,BTCUSDT,24,True,price_pos_in_range_72_norm,target_log_ret_horizon_5,5,20.0,spearman,-0.013757161623014868,0.013757161623014868,5635,54
240,240m,BTCUSDT,24,True,price_pos_in_range_72_norm,target_log_ret_horizon_10,10,40.0,spearman,0.006544514122396004,0.006544514122396004,5635,54
240,240m,BTCUSDT,24,True,price_pos_in_range_72_norm,target_log_ret_horizon_24,24,96.0,spearman,-0.0007016453970551694,0.0007016453970551694,5635,54
240,240m,BTCUSDT,24,True,dist_to_high_168_sqrt_z,target_log_ret_horizon_1,1,4.0,spearman,0.02184437886188787,0.02184437886188787,5635,54
240,240m,BTCUSDT,24,True,dist_to_high_168_sqrt_z,target_log_ret_horizon_3,3,12.0,spearman,0.013027824715504708,0.013027824715504708,5635,54
240,240m,BTCUSDT,24,True,dist_to_high_168_sqrt_z,target_log_ret_horizon_5,5,20.0,spearman,0.019296593828443943,0.019296593828443943,5635,54
240,240m,BTCUSDT,24,True,dist_to_high_168_sqrt_z,target_log_ret_horizon_10,10,40.0,spearman,-0.002440617489654508,0.002440617489654508,5635,54
240,240m,BTCUSDT,24,True,dist_to_high_168_sqrt_z,target_log_ret_horizon_24,24,96.0,spearman,-0.0031136655407020698,0.0031136655407020698,5635,54
240,240m,BTCUSDT,24,True,dist_to_low_168_sqrt_z,target_log_ret_horizon_1,1,4.0,spearman,-0.023495236133098948,0.023495236133098948,5635,54
240,240m,BTCUSDT,24,True,dist_to_low_168_sqrt_z,target_log_ret_horizon_3,3,12.0,spearman,-0.010060930321255306,0.010060930321255306,5635,54
240,240m,BTCUSDT,24,True,dist_to_low_168_sqrt_z,target_log_ret_horizon_5,5,20.0,spearman,-0.021417819145021433,0.021417819145021433,5635,54
240,240m,BTCUSDT,24,True,dist_to_low_168_sqrt_z,target_log_ret_horizon_10,10,40.0,spearman,-0.004218267898534642,0.004218267898534642,5635,54
240,240m,BTCUSDT,24,True,dist_to_low_168_sqrt_z,target_log_ret_horizon_24,24,96.0,spearman,-0.0062284316478977515,0.0062284316478977515,5635,54
240,240m,BTCUSDT,24,True,price_pos_in_range_168_norm,target_log_ret_horizon_1,1,4.0,spearman,0.002456271622598717,0.002456271622598717,5635,54
240,240m,BTCUSDT,24,True,price_pos_in_range_168_norm,target_log_ret_horizon_3,3,12.0,spearman,-0.009141262690533131,0.009141262690533131,5635,54
240,240m,BTCUSDT,24,True,price_pos_in_range_168_norm,target_log_ret_horizon_5,5,20.0,spearman,-0.01213926971638996,0.01213926971638996,5635,54
240,240m,BTCUSDT,24,True,price_pos_in_range_168_norm,target_log_ret_horizon_10,10,40.0,spearman,0.014888025977954212,0.014888025977954212,5635,54
240,240m,BTCUSDT,24,True,price_pos_in_range_168_norm,target_log_ret_horizon_24,24,96.0,spearman,0.01542975085192078,0.01542975085192078,5635,54
240,240m,ETHUSDT,24,True,dist_ema_9_z,target_log_ret_horizon_1,1,4.0,spearman,-0.01896597427129357,0.01896597427129357,5635,54
240,240m,ETHUSDT,24,True,dist_ema_9_z,target_log_ret_horizon_3,3,12.0,spearman,0.006619180929015338,0.006619180929015338,5635,54
240,240m,ETHUSDT,24,True,dist_ema_9_z,target_log_ret_horizon_5,5,20.0,spearman,-0.0024591481730889477,0.0024591481730889477,5635,54
240,240m,ETHUSDT,24,True,dist_ema_9_z,target_log_ret_horizon_10,10,40.0,spearman,0.007373039317963996,0.007373039317963996,5635,54
240,240m,ETHUSDT,24,True,dist_ema_9_z,target_log_ret_horizon_24,24,96.0,spearman,0.028205720030469027,0.028205720030469027,5635,54
240,240m,ETHUSDT,24,True,ema_slope_9_z,target_log_ret_horizon_1,1,4.0,spearman,-0.020308781280486597,0.020308781280486597,5635,54
240,240m,ETHUSDT,24,True,ema_slope_9_z,target_log_ret_horizon_3,3,12.0,spearman,-0.02226274792481703,0.02226274792481703,5635,54
240,240m,ETHUSDT,24,True,ema_slope_9_z,target_log_ret_horizon_5,5,20.0,spearman,-0.018519178623938003,0.018519178623938003,5635,54
240,240m,ETHUSDT,24,True,ema_slope_9_z,target_log_ret_horizon_10,10,40.0,spearman,0.013713596773675132,0.013713596773675132,5635,54
240,240m,ETHUSDT,24,True,ema_slope_9_z,target_log_ret_horizon_24,24,96.0,spearman,0.026663747343901763,0.026663747343901763,5635,54
240,240m,ETHUSDT,24,True,dist_ema_21_z,target_log_ret_horizon_1,1,4.0,spearman,-0.01775326001289027,0.01775326001289027,5635,54
240,240m,ETHUSDT,24,True,dist_ema_21_z,target_log_ret_horizon_3,3,12.0,spearman,0.004214051821539562,0.004214051821539562,5635,54
240,240m,ETHUSDT,24,True,dist_ema_21_z,target_log_ret_horizon_5,5,20.0,spearman,0.00011023323347520111,0.00011023323347520111,5635,54
240,240m,ETHUSDT,24,True,dist_ema_21_z,target_log_ret_horizon_10,10,40.0,spearman,0.01759120301422636,0.01759120301422636,5635,54
240,240m,ETHUSDT,24,True,dist_ema_21_z,target_log_ret_horizon_24,24,96.0,spearman,0.03702187656845368,0.03702187656845368,5635,54
240,240m,ETHUSDT,24,True,ema_slope_21_z,target_log_ret_horizon_1,1,4.0,spearman,-0.009905733323403942,0.009905733323403942,5635,54
240,240m,ETHUSDT,24,True,ema_slope_21_z,target_log_ret_horizon_3,3,12.0,spearman,-0.008625234859004306,0.008625234859004306,5635,54
240,240m,ETHUSDT,24,True,ema_slope_21_z,target_log_ret_horizon_5,5,20.0,spearman,-0.0024713101348726755,0.0024713101348726755,5635,54
240,240m,ETHUSDT,24,True,ema_slope_21_z,target_log_ret_horizon_10,10,40.0,spearman,0.025323517072664874,0.025323517072664874,5635,54
240,240m,ETHUSDT,24,True,ema_slope_21_z,target_log_ret_horizon_24,24,96.0,spearman,0.0395136314341926,0.0395136314341926,5635,54
240,240m,ETHUSDT,24,True,dist_ema_50_z,target_log_ret_horizon_1,1,4.0,spearman,-0.011673068719122047,0.011673068719122047,5635,54
240,240m,ETHUSDT,24,True,dist_ema_50_z,target_log_ret_horizon_3,3,12.0,spearman,0.007465052388597403,0.007465052388597403,5635,54
240,240m,ETHUSDT,24,True,dist_ema_50_z,target_log_ret_horizon_5,5,20.0,spearman,0.0028718323162328857,0.0028718323162328857,5635,54
240,240m,ETHUSDT,24,True,dist_ema_50_z,target_log_ret_horizon_10,10,40.0,spearman,0.01926045873411058,0.01926045873411058,5635,54
240,240m,ETHUSDT,24,True,dist_ema_50_z,target_log_ret_horizon_24,24,96.0,spearman,0.03464334686090789,0.03464334686090789,5635,54
240,240m,ETHUSDT,24,True,ema_slope_50_z,target_log_ret_horizon_1,1,4.0,spearman,-0.0059882331399914715,0.0059882331399914715,5635,54
240,240m,ETHUSDT,24,True,ema_slope_50_z,target_log_ret_horizon_3,3,12.0,spearman,-0.009957548097244537,0.009957548097244537,5635,54
240,240m,ETHUSDT,24,True,ema_slope_50_z,target_log_ret_horizon_5,5,20.0,spearman,-0.003487517445081549,0.003487517445081549,5635,54
240,240m,ETHUSDT,24,True,ema_slope_50_z,target_log_ret_horizon_10,10,40.0,spearman,0.0258205198754881,0.0258205198754881,5635,54
240,240m,ETHUSDT,24,True,ema_slope_50_z,target_log_ret_horizon_24,24,96.0,spearman,0.03361660702294533,0.03361660702294533,5635,54
240,240m,ETHUSDT,24,True,dist_ema_100_z,target_log_ret_horizon_1,1,4.0,spearman,-0.013115011848651647,0.013115011848651647,5635,54
240,240m,ETHUSDT,24,True,dist_ema_100_z,target_log_ret_horizon_3,3,12.0,spearman,0.0028006886089510376,0.0028006886089510376,5635,54
240,240m,ETHUSDT,24,True,dist_ema_100_z,target_log_ret_horizon_5,5,20.0,spearman,-0.0032442230888074255,0.0032442230888074255,5635,54
240,240m,ETHUSDT,24,True,dist_ema_100_z,target_log_ret_horizon_10,10,40.0,spearman,0.013464795660299992,0.013464795660299992,5635,54
240,240m,ETHUSDT,24,True,dist_ema_100_z,target_log_ret_horizon_24,24,96.0,spearman,0.021915973054475655,0.021915973054475655,5635,54
240,240m,ETHUSDT,24,True,ema_slope_100_z,target_log_ret_horizon_1,1,4.0,spearman,-0.0070079026818947844,0.0070079026818947844,5635,54
240,240m,ETHUSDT,24,True,ema_slope_100_z,target_log_ret_horizon_3,3,12.0,spearman,-0.012142023269828191,0.012142023269828191,5635,54
240,240m,ETHUSDT,24,True,ema_slope_100_z,target_log_ret_horizon_5,5,20.0,spearman,-0.008316687351787146,0.008316687351787146,5635,54
240,240m,ETHUSDT,24,True,ema_slope_100_z,target_log_ret_horizon_10,10,40.0,spearman,0.017512939038755945,0.017512939038755945,5635,54
240,240m,ETHUSDT,24,True,ema_slope_100_z,target_log_ret_horizon_24,24,96.0,spearman,0.01757911365772903,0.01757911365772903,5635,54
240,240m,ETHUSDT,24,True,dist_ema_200_z,target_log_ret_horizon_1,1,4.0,spearman,-0.01655044114041972,0.01655044114041972,5635,54
240,240m,ETHUSDT,24,True,dist_ema_200_z,target_log_ret_horizon_3,3,12.0,spearman,-0.0030181002365340017,0.0030181002365340017,5635,54
240,240m,ETHUSDT,24,True,dist_ema_200_z,target_log_ret_horizon_5,5,20.0,spearman,-0.011209969390996681,0.011209969390996681,5635,54
240,240m,ETHUSDT,24,True,dist_ema_200_z,target_log_ret_horizon_10,10,40.0,spearman,0.0050219559790180565,0.0050219559790180565,5635,54
240,240m,ETHUSDT,24,True,dist_ema_200_z,target_log_ret_horizon_24,24,96.0,spearman,0.013969478335210428,0.013969478335210428,5635,54
240,240m,ETHUSDT,24,True,ema_slope_200_z,target_log_ret_horizon_1,1,4.0,spearman,-0.010044071917438759,0.010044071917438759,5635,54
240,240m,ETHUSDT,24,True,ema_slope_200_z,target_log_ret_horizon_3,3,12.0,spearman,-0.017595037128924892,0.017595037128924892,5635,54
240,240m,ETHUSDT,24,True,ema_slope_200_z,target_log_ret_horizon_5,5,20.0,spearman,-0.018601538144133047,0.018601538144133047,5635,54
240,240m,ETHUSDT,24,True,ema_slope_200_z,target_log_ret_horizon_10,10,40.0,spearman,0.00521127259481491,0.00521127259481491,5635,54
240,240m,ETHUSDT,24,True,ema_slope_200_z,target_log_ret_horizon_24,24,96.0,spearman,0.007936114053339719,0.007936114053339719,5635,54
240,240m,ETHUSDT,24,True,ema_spread_9_21_z,target_log_ret_horizon_1,1,4.0,spearman,-0.002662797004210046,0.002662797004210046,5635,54
240,240m,ETHUSDT,24,True,ema_spread_9_21_z,target_log_ret_horizon_3,3,12.0,spearman,0.0016337353390311292,0.0016337353390311292,5635,54
240,240m,ETHUSDT,24,True,ema_spread_9_21_z,target_log_ret_horizon_5,5,20.0,spearman,0.0017262400610778637,0.0017262400610778637,5635,54
240,240m,ETHUSDT,24,True,ema_spread_9_21_z,target_log_ret_horizon_10,10,40.0,spearman,0.026894760896033546,0.026894760896033546,5635,54
240,240m,ETHUSDT,24,True,ema_spread_9_21_z,target_log_ret_horizon_24,24,96.0,spearman,0.042644312493544625,0.042644312493544625,5635,54
240,240m,ETHUSDT,24,True,ema_spread_21_50_z,target_log_ret_horizon_1,1,4.0,spearman,0.002114194325513262,0.002114194325513262,5635,54
240,240m,ETHUSDT,24,True,ema_spread_21_50_z,target_log_ret_horizon_3,3,12.0,spearman,-8.522200686878663e-05,8.522200686878663e-05,5635,54
240,240m,ETHUSDT,24,True,ema_spread_21_50_z,target_log_ret_horizon_5,5,20.0,spearman,0.0024165425639904327,0.0024165425639904327,5635,54
240,240m,ETHUSDT,24,True,ema_spread_21_50_z,target_log_ret_horizon_10,10,40.0,spearman,0.025979528917210636,0.025979528917210636,5635,54
240,240m,ETHUSDT,24,True,ema_spread_21_50_z,target_log_ret_horizon_24,24,96.0,spearman,0.02382553534503872,0.02382553534503872,5635,54
240,240m,ETHUSDT,24,True,ema_spread_50_100_z,target_log_ret_horizon_1,1,4.0,spearman,-0.009359122015661615,0.009359122015661615,5635,54
240,240m,ETHUSDT,24,True,ema_spread_50_100_z,target_log_ret_horizon_3,3,12.0,spearman,-0.0246177150778758,0.0246177150778758,5635,54
240,240m,ETHUSDT,24,True,ema_spread_50_100_z,target_log_ret_horizon_5,5,20.0,spearman,-0.03135470927802468,0.03135470927802468,5635,54
240,240m,ETHUSDT,24,True,ema_spread_50_100_z,target_log_ret_horizon_10,10,40.0,spearman,-0.022139002615867934,0.022139002615867934,5635,54
240,240m,ETHUSDT,24,True,ema_spread_50_100_z,target_log_ret_horizon_24,24,96.0,spearman,-0.013454504180118893,0.013454504180118893,5635,54
240,240m,ETHUSDT,24,True,ema_spread_100_200_z,target_log_ret_horizon_1,1,4.0,spearman,-0.0035277531877626112,0.0035277531877626112,5635,54
240,240m,ETHUSDT,24,True,ema_spread_100_200_z,target_log_ret_horizon_3,3,12.0,spearman,-0.008401801913938032,0.008401801913938032,5635,54
240,240m,ETHUSDT,24,True,ema_spread_100_200_z,target_log_ret_horizon_5,5,20.0,spearman,-0.011638734593993281,0.011638734593993281,5635,54
240,240m,ETHUSDT,24,True,ema_spread_100_200_z,target_log_ret_horizon_10,10,40.0,spearman,0.003960275895320991,0.003960275895320991,5635,54
240,240m,ETHUSDT,24,True,ema_spread_100_200_z,target_log_ret_horizon_24,24,96.0,spearman,0.015093938883195846,0.015093938883195846,5635,54
240,240m,ETHUSDT,24,True,MOM_pct_14_z,target_log_ret_horizon_1,1,4.0,spearman,-0.018672873401469888,0.018672873401469888,5635,54
240,240m,ETHUSDT,24,True,MOM_pct_14_z,target_log_ret_horizon_3,3,12.0,spearman,-0.010946459138146993,0.010946459138146993,5635,54
240,240m,ETHUSDT,24,True,MOM_pct_14_z,target_log_ret_horizon_5,5,20.0,spearman,-0.006348636109878593,0.006348636109878593,5635,54
240,240m,ETHUSDT,24,True,MOM_pct_14_z,target_log_ret_horizon_10,10,40.0,spearman,0.030525805251375885,0.030525805251375885,5635,54
240,240m,ETHUSDT,24,True,MOM_pct_14_z,target_log_ret_horizon_24,24,96.0,spearman,0.03058118778245706,0.03058118778245706,5635,54
240,240m,ETHUSDT,24,True,ADX_14_scaled,target_log_ret_horizon_1,1,4.0,spearman,0.014581543852570813,0.014581543852570813,5635,54
240,240m,ETHUSDT,24,True,ADX_14_scaled,target_log_ret_horizon_3,3,12.0,spearman,0.02385570736286979,0.02385570736286979,5635,54
240,240m,ETHUSDT,24,True,ADX_14_scaled,target_log_ret_horizon_5,5,20.0,spearman,0.03319451864324607,0.03319451864324607,5635,54
240,240m,ETHUSDT,24,True,ADX_14_scaled,target_log_ret_horizon_10,10,40.0,spearman,0.05635482061887478,0.05635482061887478,5635,54
240,240m,ETHUSDT,24,True,ADX_14_scaled,target_log_ret_horizon_24,24,96.0,spearman,0.10238150074243209,0.10238150074243209,5635,54
240,240m,ETHUSDT,24,True,RSI_14_bounded,target_log_ret_horizon_1,1,4.0,spearman,-0.016615247307613965,0.016615247307613965,5635,54
240,240m,ETHUSDT,24,True,RSI_14_bounded,target_log_ret_horizon_3,3,12.0,spearman,-0.013753233460239366,0.013753233460239366,5635,54
240,240m,ETHUSDT,24,True,RSI_14_bounded,target_log_ret_horizon_5,5,20.0,spearman,-0.0224783439100032,0.0224783439100032,5635,54
240,240m,ETHUSDT,24,True,RSI_14_bounded,target_log_ret_horizon_10,10,40.0,spearman,-0.003802526954518614,0.003802526954518614,5635,54
240,240m,ETHUSDT,24,True,RSI_14_bounded,target_log_ret_horizon_24,24,96.0,spearman,0.0019776280025061623,0.0019776280025061623,5635,54
240,240m,ETHUSDT,24,True,MOM_pct_30_z,target_log_ret_horizon_1,1,4.0,spearman,-0.012588210689048938,0.012588210689048938,5635,54
240,240m,ETHUSDT,24,True,MOM_pct_30_z,target_log_ret_horizon_3,3,12.0,spearman,0.0012201064096894092,0.0012201064096894092,5635,54
240,240m,ETHUSDT,24,True,MOM_pct_30_z,target_log_ret_horizon_5,5,20.0,spearman,-0.002869311496865951,0.002869311496865951,5635,54
240,240m,ETHUSDT,24,True,MOM_pct_30_z,target_log_ret_horizon_10,10,40.0,spearman,0.026068368633486164,0.026068368633486164,5635,54
240,240m,ETHUSDT,24,True,MOM_pct_30_z,target_log_ret_horizon_24,24,96.0,spearman,0.0348460253781563,0.0348460253781563,5635,54
240,240m,ETHUSDT,24,True,ADX_30_scaled,target_log_ret_horizon_1,1,4.0,spearman,0.020382249069241982,0.020382249069241982,5635,54
240,240m,ETHUSDT,24,True,ADX_30_scaled,target_log_ret_horizon_3,3,12.0,spearman,0.03635876738876426,0.03635876738876426,5635,54
240,240m,ETHUSDT,24,True,ADX_30_scaled,target_log_ret_horizon_5,5,20.0,spearman,0.046476830477815076,0.046476830477815076,5635,54
240,240m,ETHUSDT,24,True,ADX_30_scaled,target_log_ret_horizon_10,10,40.0,spearman,0.05829347471695817,0.05829347471695817,5635,54
240,240m,ETHUSDT,24,True,ADX_30_scaled,target_log_ret_horizon_24,24,96.0,spearman,0.08241074094720502,0.08241074094720502,5635,54
240,240m,ETHUSDT,24,True,RSI_30_bounded,target_log_ret_horizon_1,1,4.0,spearman,-0.009604640883029794,0.009604640883029794,5635,54
240,240m,ETHUSDT,24,True,RSI_30_bounded,target_log_ret_horizon_3,3,12.0,spearman,-0.014374504448995176,0.014374504448995176,5635,54
240,240m,ETHUSDT,24,True,RSI_30_bounded,target_log_ret_horizon_5,5,20.0,spearman,-0.022350810380743682,0.022350810380743682,5635,54
240,240m,ETHUSDT,24,True,RSI_30_bounded,target_log_ret_horizon_10,10,40.0,spearman,-0.006406105947701906,0.006406105947701906,5635,54
240,240m,ETHUSDT,24,True,RSI_30_bounded,target_log_ret_horizon_24,24,96.0,spearman,-0.004606255945574888,0.004606255945574888,5635,54
240,240m,ETHUSDT,24,True,MOM_pct_72_z,target_log_ret_horizon_1,1,4.0,spearman,-0.02228208671229037,0.02228208671229037,5635,54
240,240m,ETHUSDT,24,True,MOM_pct_72_z,target_log_ret_horizon_3,3,12.0,spearman,-0.026746049266422735,0.026746049266422735,5635,54
240,240m,ETHUSDT,24,True,MOM_pct_72_z,target_log_ret_horizon_5,5,20.0,spearman,-0.03322695473113422,0.03322695473113422,5635,54
240,240m,ETHUSDT,24,True,MOM_pct_72_z,target_log_ret_horizon_10,10,40.0,spearman,-0.017481235250139948,0.017481235250139948,5635,54
240,240m,ETHUSDT,24,True,MOM_pct_72_z,target_log_ret_horizon_24,24,96.0,spearman,0.019031362354402996,0.019031362354402996,5635,54
240,240m,ETHUSDT,24,True,ADX_72_scaled,target_log_ret_horizon_1,1,4.0,spearman,-0.0003210651266076856,0.0003210651266076856,5635,54
240,240m,ETHUSDT,24,True,ADX_72_scaled,target_log_ret_horizon_3,3,12.0,spearman,0.005412229621057848,0.005412229621057848,5635,54
240,240m,ETHUSDT,24,True,ADX_72_scaled,target_log_ret_horizon_5,5,20.0,spearman,0.0003260120828855618,0.0003260120828855618,5635,54
240,240m,ETHUSDT,24,True,ADX_72_scaled,target_log_ret_horizon_10,10,40.0,spearman,-0.000698692266081177,0.000698692266081177,5635,54
240,240m,ETHUSDT,24,True,ADX_72_scaled,target_log_ret_horizon_24,24,96.0,spearman,0.006667103209752789,0.006667103209752789,5635,54
240,240m,ETHUSDT,24,True,RSI_72_bounded,target_log_ret_horizon_1,1,4.0,spearman,-0.0046694433642475545,0.0046694433642475545,5635,54
240,240m,ETHUSDT,24,True,RSI_72_bounded,target_log_ret_horizon_3,3,12.0,spearman,-0.013368772743231594,0.013368772743231594,5635,54
240,240m,ETHUSDT,24,True,RSI_72_bounded,target_log_ret_horizon_5,5,20.0,spearman,-0.017628220987165936,0.017628220987165936,5635,54
240,240m,ETHUSDT,24,True,RSI_72_bounded,target_log_ret_horizon_10,10,40.0,spearman,-0.005742838309374913,0.005742838309374913,5635,54
240,240m,ETHUSDT,24,True,RSI_72_bounded,target_log_ret_horizon_24,24,96.0,spearman,-0.007376003120994684,0.007376003120994684,5635,54
240,240m,ETHUSDT,24,True,MACD_hist_pct_z,target_log_ret_horizon_1,1,4.0,spearman,-0.012349643789671677,0.012349643789671677,5635,54
240,240m,ETHUSDT,24,True,MACD_hist_pct_z,target_log_ret_horizon_3,3,12.0,spearman,-0.00883987610755041,0.00883987610755041,5635,54
240,240m,ETHUSDT,24,True,MACD_hist_pct_z,target_log_ret_horizon_5,5,20.0,spearman,-0.013998884885821863,0.013998884885821863,5635,54
240,240m,ETHUSDT,24,True,MACD_hist_pct_z,target_log_ret_horizon_10,10,40.0,spearman,0.015545412439264246,0.015545412439264246,5635,54
240,240m,ETHUSDT,24,True,MACD_hist_pct_z,target_log_ret_horizon_24,24,96.0,spearman,0.030599999706397076,0.030599999706397076,5635,54
240,240m,ETHUSDT,24,True,NATR_14_z,target_log_ret_horizon_1,1,4.0,spearman,0.0250662828850015,0.0250662828850015,5635,54
240,240m,ETHUSDT,24,True,NATR_14_z,target_log_ret_horizon_3,3,12.0,spearman,0.03806543699706352,0.03806543699706352,5635,54
240,240m,ETHUSDT,24,True,NATR_14_z,target_log_ret_horizon_5,5,20.0,spearman,0.0390480667811727,0.0390480667811727,5635,54
240,240m,ETHUSDT,24,True,NATR_14_z,target_log_ret_horizon_10,10,40.0,spearman,0.04446772932260538,0.04446772932260538,5635,54
240,240m,ETHUSDT,24,True,NATR_14_z,target_log_ret_horizon_24,24,96.0,spearman,0.05465771650163597,0.05465771650163597,5635,54
240,240m,ETHUSDT,24,True,bb_width_20_sqrt_z,target_log_ret_horizon_1,1,4.0,spearman,-0.000891185356742244,0.000891185356742244,5635,54
240,240m,ETHUSDT,24,True,bb_width_20_sqrt_z,target_log_ret_horizon_3,3,12.0,spearman,-0.004380382906123829,0.004380382906123829,5635,54
240,240m,ETHUSDT,24,True,bb_width_20_sqrt_z,target_log_ret_horizon_5,5,20.0,spearman,0.004966274605630969,0.004966274605630969,5635,54
240,240m,ETHUSDT,24,True,bb_width_20_sqrt_z,target_log_ret_horizon_10,10,40.0,spearman,0.019485579361245047,0.019485579361245047,5635,54
240,240m,ETHUSDT,24,True,bb_width_20_sqrt_z,target_log_ret_horizon_24,24,96.0,spearman,0.018698837099165092,0.018698837099165092,5635,54
240,240m,ETHUSDT,24,True,bb_pos_20_norm,target_log_ret_horizon_1,1,4.0,spearman,-0.019123585270555816,0.019123585270555816,5635,54
240,240m,ETHUSDT,24,True,bb_pos_20_norm,target_log_ret_horizon_3,3,12.0,spearman,-0.012464451595223747,0.012464451595223747,5635,54
240,240m,ETHUSDT,24,True,bb_pos_20_norm,target_log_ret_horizon_5,5,20.0,spearman,-0.026843232479093936,0.026843232479093936,5635,54
240,240m,ETHUSDT,24,True,bb_pos_20_norm,target_log_ret_horizon_10,10,40.0,spearman,-0.009172875747974464,0.009172875747974464,5635,54
240,240m,ETHUSDT,24,True,bb_pos_20_norm,target_log_ret_horizon_24,24,96.0,spearman,0.008329522417216139,0.008329522417216139,5635,54
240,240m,ETHUSDT,24,True,volatility_24_sqrt_z,target_log_ret_horizon_1,1,4.0,spearman,0.013708432184979847,0.013708432184979847,5635,54
240,240m,ETHUSDT,24,True,volatility_24_sqrt_z,target_log_ret_horizon_3,3,12.0,spearman,0.03074541925385904,0.03074541925385904,5635,54
240,240m,ETHUSDT,24,True,volatility_24_sqrt_z,target_log_ret_horizon_5,5,20.0,spearman,0.022779355595831944,0.022779355595831944,5635,54
240,240m,ETHUSDT,24,True,volatility_24_sqrt_z,target_log_ret_horizon_10,10,40.0,spearman,0.021201756243766235,0.021201756243766235,5635,54
240,240m,ETHUSDT,24,True,volatility_24_sqrt_z,target_log_ret_horizon_24,24,96.0,spearman,0.026486865549070118,0.026486865549070118,5635,54
240,240m,ETHUSDT,24,True,volatility_72_sqrt_z,target_log_ret_horizon_1,1,4.0,spearman,0.027404024946338982,0.027404024946338982,5635,54
240,240m,ETHUSDT,24,True,volatility_72_sqrt_z,target_log_ret_horizon_3,3,12.0,spearman,0.058386026723119676,0.058386026723119676,5635,54
240,240m,ETHUSDT,24,True,volatility_72_sqrt_z,target_log_ret_horizon_5,5,20.0,spearman,0.06063545071560842,0.06063545071560842,5635,54
240,240m,ETHUSDT,24,True,volatility_72_sqrt_z,target_log_ret_horizon_10,10,40.0,spearman,0.049335543582298545,0.049335543582298545,5635,54
240,240m,ETHUSDT,24,True,volatility_72_sqrt_z,target_log_ret_horizon_24,24,96.0,spearman,0.04480119276719525,0.04480119276719525,5635,54
240,240m,ETHUSDT,24,True,volatility_168_sqrt_z,target_log_ret_horizon_1,1,4.0,spearman,0.010706569050369258,0.010706569050369258,5635,54
240,240m,ETHUSDT,24,True,volatility_168_sqrt_z,target_log_ret_horizon_3,3,12.0,spearman,0.019467711487422178,0.019467711487422178,5635,54
240,240m,ETHUSDT,24,True,volatility_168_sqrt_z,target_log_ret_horizon_5,5,20.0,spearman,0.003796528617594086,0.003796528617594086,5635,54
240,240m,ETHUSDT,24,True,volatility_168_sqrt_z,target_log_ret_horizon_10,10,40.0,spearman,-0.0035778069216882073,0.0035778069216882073,5635,54
240,240m,ETHUSDT,24,True,volatility_168_sqrt_z,target_log_ret_horizon_24,24,96.0,spearman,-0.018664256951038953,0.018664256951038953,5635,54
240,240m,ETHUSDT,24,True,log_ret_6_z,target_log_ret_horizon_1,1,4.0,spearman,-0.024841784946902323,0.024841784946902323,5635,54
240,240m,ETHUSDT,24,True,log_ret_6_z,target_log_ret_horizon_3,3,12.0,spearman,-0.017394809023835157,0.017394809023835157,5635,54
240,240m,ETHUSDT,24,True,log_ret_6_z,target_log_ret_horizon_5,5,20.0,spearman,-0.0238432172503129,0.0238432172503129,5635,54
240,240m,ETHUSDT,24,True,log_ret_6_z,target_log_ret_horizon_10,10,40.0,spearman,-0.003279616220043529,0.003279616220043529,5635,54
240,240m,ETHUSDT,24,True,log_ret_6_z,target_log_ret_horizon_24,24,96.0,spearman,0.014807533526285074,0.014807533526285074,5635,54
240,240m,ETHUSDT,24,True,log_ret_24_z,target_log_ret_horizon_1,1,4.0,spearman,0.001459581462890125,0.001459581462890125,5635,54
240,240m,ETHUSDT,24,True,log_ret_24_z,target_log_ret_horizon_3,3,12.0,spearman,0.014468034400088732,0.014468034400088732,5635,54
240,240m,ETHUSDT,24,True,log_ret_24_z,target_log_ret_horizon_5,5,20.0,spearman,0.00561741507775673,0.00561741507775673,5635,54
240,240m,ETHUSDT,24,True,log_ret_24_z,target_log_ret_horizon_10,10,40.0,spearman,0.014691816014824284,0.014691816014824284,5635,54
240,240m,ETHUSDT,24,True,log_ret_24_z,target_log_ret_horizon_24,24,96.0,spearman,0.05109372617954743,0.05109372617954743,5635,54
240,240m,ETHUSDT,24,True,log_ret_72_z,target_log_ret_horizon_1,1,4.0,spearman,-0.0224275541667525,0.0224275541667525,5635,54
240,240m,ETHUSDT,24,True,log_ret_72_z,target_log_ret_horizon_3,3,12.0,spearman,-0.02704812246137913,0.02704812246137913,5635,54
240,240m,ETHUSDT,24,True,log_ret_72_z,target_log_ret_horizon_5,5,20.0,spearman,-0.03346720954768405,0.03346720954768405,5635,54
240,240m,ETHUSDT,24,True,log_ret_72_z,target_log_ret_horizon_10,10,40.0,spearman,-0.018036013793596324,0.018036013793596324,5635,54
240,240m,ETHUSDT,24,True,log_ret_72_z,target_log_ret_horizon_24,24,96.0,spearman,0.018854733079444734,0.018854733079444734,5635,54
240,240m,ETHUSDT,24,True,log_ret_168_z,target_log_ret_horizon_1,1,4.0,spearman,-0.01776954262342933,0.01776954262342933,5635,54
240,240m,ETHUSDT,24,True,log_ret_168_z,target_log_ret_horizon_3,3,12.0,spearman,-0.01472488625920275,0.01472488625920275,5635,54
240,240m,ETHUSDT,24,True,log_ret_168_z,target_log_ret_horizon_5,5,20.0,spearman,-0.017943185196421123,0.017943185196421123,5635,54
240,240m,ETHUSDT,24,True,log_ret_168_z,target_log_ret_horizon_10,10,40.0,spearman,0.0006644321013030721,0.0006644321013030721,5635,54
240,240m,ETHUSDT,24,True,log_ret_168_z,target_log_ret_horizon_24,24,96.0,spearman,0.01622120368698159,0.01622120368698159,5635,54
240,240m,ETHUSDT,24,True,ret_accel_6_24_z,target_log_ret_horizon_1,1,4.0,spearman,-0.017839157003836027,0.017839157003836027,5635,54
240,240m,ETHUSDT,24,True,ret_accel_6_24_z,target_log_ret_horizon_3,3,12.0,spearman,-0.016508484118793177,0.016508484118793177,5635,54
240,240m,ETHUSDT,24,True,ret_accel_6_24_z,target_log_ret_horizon_5,5,20.0,spearman,-0.015058709654204484,0.015058709654204484,5635,54
240,240m,ETHUSDT,24,True,ret_accel_6_24_z,target_log_ret_horizon_10,10,40.0,spearman,-0.02344162211940007,0.02344162211940007,5635,54
240,240m,ETHUSDT,24,True,ret_accel_6_24_z,target_log_ret_horizon_24,24,96.0,spearman,-0.043199470020329325,0.043199470020329325,5635,54
240,240m,ETHUSDT,24,True,ret_accel_24_72_z,target_log_ret_horizon_1,1,4.0,spearman,0.009254383770176665,0.009254383770176665,5635,54
240,240m,ETHUSDT,24,True,ret_accel_24_72_z,target_log_ret_horizon_3,3,12.0,spearman,0.015021141704138971,0.015021141704138971,5635,54
240,240m,ETHUSDT,24,True,ret_accel_24_72_z,target_log_ret_horizon_5,5,20.0,spearman,0.015585426660663832,0.015585426660663832,5635,54
240,240m,ETHUSDT,24,True,ret_accel_24_72_z,target_log_ret_horizon_10,10,40.0,spearman,0.013261540715373823,0.013261540715373823,5635,54
240,240m,ETHUSDT,24,True,ret_accel_24_72_z,target_log_ret_horizon_24,24,96.0,spearman,0.01754584957316295,0.01754584957316295,5635,54
240,240m,ETHUSDT,24,True,ret_accel_72_168_z,target_log_ret_horizon_1,1,4.0,spearman,-0.004857174039151226,0.004857174039151226,5635,54
240,240m,ETHUSDT,24,True,ret_accel_72_168_z,target_log_ret_horizon_3,3,12.0,spearman,-0.008931139098925695,0.008931139098925695,5635,54
240,240m,ETHUSDT,24,True,ret_accel_72_168_z,target_log_ret_horizon_5,5,20.0,spearman,-0.015308155011917535,0.015308155011917535,5635,54
240,240m,ETHUSDT,24,True,ret_accel_72_168_z,target_log_ret_horizon_10,10,40.0,spearman,-0.02840543989695794,0.02840543989695794,5635,54
240,240m,ETHUSDT,24,True,ret_accel_72_168_z,target_log_ret_horizon_24,24,96.0,spearman,-0.0012485299624092512,0.0012485299624092512,5635,54
240,240m,ETHUSDT,24,True,vol_ratio_24_log1p_z,target_log_ret_horizon_1,1,4.0,spearman,0.0066410791676125465,0.0066410791676125465,5635,54
240,240m,ETHUSDT,24,True,vol_ratio_24_log1p_z,target_log_ret_horizon_3,3,12.0,spearman,0.010715787570623981,0.010715787570623981,5635,54
240,240m,ETHUSDT,24,True,vol_ratio_24_log1p_z,target_log_ret_horizon_5,5,20.0,spearman,0.025931670383025646,0.025931670383025646,5635,54
240,240m,ETHUSDT,24,True,vol_ratio_24_log1p_z,target_log_ret_horizon_10,10,40.0,spearman,0.035179506385044246,0.035179506385044246,5635,54
240,240m,ETHUSDT,24,True,vol_ratio_24_log1p_z,target_log_ret_horizon_24,24,96.0,spearman,0.005736967517758651,0.005736967517758651,5635,54
240,240m,ETHUSDT,24,True,vol_ratio_72_log1p_z,target_log_ret_horizon_1,1,4.0,spearman,0.007175489814159689,0.007175489814159689,5635,54
240,240m,ETHUSDT,24,True,vol_ratio_72_log1p_z,target_log_ret_horizon_3,3,12.0,spearman,0.01504731884479212,0.01504731884479212,5635,54
240,240m,ETHUSDT,24,True,vol_ratio_72_log1p_z,target_log_ret_horizon_5,5,20.0,spearman,0.02855069062504854,0.02855069062504854,5635,54
240,240m,ETHUSDT,24,True,vol_ratio_72_log1p_z,target_log_ret_horizon_10,10,40.0,spearman,0.04073956490146291,0.04073956490146291,5635,54
240,240m,ETHUSDT,24,True,vol_ratio_72_log1p_z,target_log_ret_horizon_24,24,96.0,spearman,0.010342546846746684,0.010342546846746684,5635,54
240,240m,ETHUSDT,24,True,vol_ratio_168_log1p_z,target_log_ret_horizon_1,1,4.0,spearman,0.01002896133550204,0.01002896133550204,5635,54
240,240m,ETHUSDT,24,True,vol_ratio_168_log1p_z,target_log_ret_horizon_3,3,12.0,spearman,0.020374822903525002,0.020374822903525002,5635,54
240,240m,ETHUSDT,24,True,vol_ratio_168_log1p_z,target_log_ret_horizon_5,5,20.0,spearman,0.03502402610576424,0.03502402610576424,5635,54
240,240m,ETHUSDT,24,True,vol_ratio_168_log1p_z,target_log_ret_horizon_10,10,40.0,spearman,0.04905293446993984,0.04905293446993984,5635,54
240,240m,ETHUSDT,24,True,vol_ratio_168_log1p_z,target_log_ret_horizon_24,24,96.0,spearman,0.020097028427428602,0.020097028427428602,5635,54
240,240m,ETHUSDT,24,True,range_sqrt_z,target_log_ret_horizon_1,1,4.0,spearman,0.011195222102775727,0.011195222102775727,5635,54
240,240m,ETHUSDT,24,True,range_sqrt_z,target_log_ret_horizon_3,3,12.0,spearman,0.017267577009710915,0.017267577009710915,5635,54
240,240m,ETHUSDT,24,True,range_sqrt_z,target_log_ret_horizon_5,5,20.0,spearman,0.03189105261723716,0.03189105261723716,5635,54
240,240m,ETHUSDT,24,True,range_sqrt_z,target_log_ret_horizon_10,10,40.0,spearman,0.02782789550122272,0.02782789550122272,5635,54
240,240m,ETHUSDT,24,True,range_sqrt_z,target_log_ret_horizon_24,24,96.0,spearman,0.015016272561847554,0.015016272561847554,5635,54
240,240m,ETHUSDT,24,True,body_sqrt_z,target_log_ret_horizon_1,1,4.0,spearman,0.019958102050834956,0.019958102050834956,5635,54
240,240m,ETHUSDT,24,True,body_sqrt_z,target_log_ret_horizon_3,3,12.0,spearman,0.020126687679839304,0.020126687679839304,5635,54
240,240m,ETHUSDT,24,True,body_sqrt_z,target_log_ret_horizon_5,5,20.0,spearman,0.03935416547521082,0.03935416547521082,5635,54
240,240m,ETHUSDT,24,True,body_sqrt_z,target_log_ret_horizon_10,10,40.0,spearman,0.028062060380971705,0.028062060380971705,5635,54
240,240m,ETHUSDT,24,True,body_sqrt_z,target_log_ret_horizon_24,24,96.0,spearman,0.0021515186902086527,0.0021515186902086527,5635,54
240,240m,ETHUSDT,24,True,vol_expansion_24_log1p_z,target_log_ret_horizon_1,1,4.0,spearman,0.008215915110194805,0.008215915110194805,5635,54
240,240m,ETHUSDT,24,True,vol_expansion_24_log1p_z,target_log_ret_horizon_3,3,12.0,spearman,0.006455065919633436,0.006455065919633436,5635,54
240,240m,ETHUSDT,24,True,vol_expansion_24_log1p_z,target_log_ret_horizon_5,5,20.0,spearman,0.021928775164650208,0.021928775164650208,5635,54
240,240m,ETHUSDT,24,True,vol_expansion_24_log1p_z,target_log_ret_horizon_10,10,40.0,spearman,0.01676513162828467,0.01676513162828467,5635,54
240,240m,ETHUSDT,24,True,vol_expansion_24_log1p_z,target_log_ret_horizon_24,24,96.0,spearman,-0.003665465430974035,0.003665465430974035,5635,54
240,240m,ETHUSDT,24,True,vol_expansion_72_log1p_z,target_log_ret_horizon_1,1,4.0,spearman,0.008242724587296604,0.008242724587296604,5635,54
240,240m,ETHUSDT,24,True,vol_expansion_72_log1p_z,target_log_ret_horizon_3,3,12.0,spearman,0.012123855703896732,0.012123855703896732,5635,54
240,240m,ETHUSDT,24,True,vol_expansion_72_log1p_z,target_log_ret_horizon_5,5,20.0,spearman,0.02627687403306806,0.02627687403306806,5635,54
240,240m,ETHUSDT,24,True,vol_expansion_72_log1p_z,target_log_ret_horizon_10,10,40.0,spearman,0.02591536155620689,0.02591536155620689,5635,54
240,240m,ETHUSDT,24,True,vol_expansion_72_log1p_z,target_log_ret_horizon_24,24,96.0,spearman,0.008814019087210061,0.008814019087210061,5635,54
240,240m,ETHUSDT,24,True,vol_expansion_168_log1p_z,target_log_ret_horizon_1,1,4.0,spearman,0.010671643316610963,0.010671643316610963,5635,54
240,240m,ETHUSDT,24,True,vol_expansion_168_log1p_z,target_log_ret_horizon_3,3,12.0,spearman,0.016680847684730445,0.016680847684730445,5635,54
240,240m,ETHUSDT,24,True,vol_expansion_168_log1p_z,target_log_ret_horizon_5,5,20.0,spearman,0.031732702341061084,0.031732702341061084,5635,54
240,240m,ETHUSDT,24,True,vol_expansion_168_log1p_z,target_log_ret_horizon_10,10,40.0,spearman,0.029045204788439388,0.029045204788439388,5635,54
240,240m,ETHUSDT,24,True,vol_expansion_168_log1p_z,target_log_ret_horizon_24,24,96.0,spearman,0.014265813468840172,0.014265813468840172,5635,54
240,240m,ETHUSDT,24,True,dist_to_high_24_sqrt_z,target_log_ret_horizon_1,1,4.0,spearman,0.024110199175762754,0.024110199175762754,5635,54
240,240m,ETHUSDT,24,True,dist_to_high_24_sqrt_z,target_log_ret_horizon_3,3,12.0,spearman,0.0008368269502406852,0.0008368269502406852,5635,54
240,240m,ETHUSDT,24,True,dist_to_high_24_sqrt_z,target_log_ret_horizon_5,5,20.0,spearman,0.0017777490967911468,0.0017777490967911468,5635,54
240,240m,ETHUSDT,24,True,dist_to_high_24_sqrt_z,target_log_ret_horizon_10,10,40.0,spearman,-0.008516346959223505,0.008516346959223505,5635,54
240,240m,ETHUSDT,24,True,dist_to_high_24_sqrt_z,target_log_ret_horizon_24,24,96.0,spearman,-0.014060482420826586,0.014060482420826586,5635,54
240,240m,ETHUSDT,24,True,dist_to_low_24_sqrt_z,target_log_ret_horizon_1,1,4.0,spearman,-0.01638573039766831,0.01638573039766831,5635,54
240,240m,ETHUSDT,24,True,dist_to_low_24_sqrt_z,target_log_ret_horizon_3,3,12.0,spearman,0.013922156706272254,0.013922156706272254,5635,54
240,240m,ETHUSDT,24,True,dist_to_low_24_sqrt_z,target_log_ret_horizon_5,5,20.0,spearman,0.012232417021950834,0.012232417021950834,5635,54
240,240m,ETHUSDT,24,True,dist_to_low_24_sqrt_z,target_log_ret_horizon_10,10,40.0,spearman,0.019894343382249376,0.019894343382249376,5635,54
240,240m,ETHUSDT,24,True,dist_to_low_24_sqrt_z,target_log_ret_horizon_24,24,96.0,spearman,0.053259544305928476,0.053259544305928476,5635,54
240,240m,ETHUSDT,24,True,price_pos_in_range_24_norm,target_log_ret_horizon_1,1,4.0,spearman,-0.02366017271909762,0.02366017271909762,5635,54
240,240m,ETHUSDT,24,True,price_pos_in_range_24_norm,target_log_ret_horizon_3,3,12.0,spearman,-0.012871481547927856,0.012871481547927856,5635,54
240,240m,ETHUSDT,24,True,price_pos_in_range_24_norm,target_log_ret_horizon_5,5,20.0,spearman,-0.02207517626553387,0.02207517626553387,5635,54
240,240m,ETHUSDT,24,True,price_pos_in_range_24_norm,target_log_ret_horizon_10,10,40.0,spearman,-0.008422313375839404,0.008422313375839404,5635,54
240,240m,ETHUSDT,24,True,price_pos_in_range_24_norm,target_log_ret_horizon_24,24,96.0,spearman,0.0018290338116619164,0.0018290338116619164,5635,54
240,240m,ETHUSDT,24,True,dist_to_high_72_sqrt_z,target_log_ret_horizon_1,1,4.0,spearman,0.030399366701701822,0.030399366701701822,5635,54
240,240m,ETHUSDT,24,True,dist_to_high_72_sqrt_z,target_log_ret_horizon_3,3,12.0,spearman,0.02120617963752873,0.02120617963752873,5635,54
240,240m,ETHUSDT,24,True,dist_to_high_72_sqrt_z,target_log_ret_horizon_5,5,20.0,spearman,0.023759224562687496,0.023759224562687496,5635,54
240,240m,ETHUSDT,24,True,dist_to_high_72_sqrt_z,target_log_ret_horizon_10,10,40.0,spearman,0.00965851295341813,0.00965851295341813,5635,54
240,240m,ETHUSDT,24,True,dist_to_high_72_sqrt_z,target_log_ret_horizon_24,24,96.0,spearman,0.018955011183352456,0.018955011183352456,5635,54
240,240m,ETHUSDT,24,True,dist_to_low_72_sqrt_z,target_log_ret_horizon_1,1,4.0,spearman,-0.0172501423232464,0.0172501423232464,5635,54
240,240m,ETHUSDT,24,True,dist_to_low_72_sqrt_z,target_log_ret_horizon_3,3,12.0,spearman,0.004674610864038181,0.004674610864038181,5635,54
240,240m,ETHUSDT,24,True,dist_to_low_72_sqrt_z,target_log_ret_horizon_5,5,20.0,spearman,0.0016575917300829628,0.0016575917300829628,5635,54
240,240m,ETHUSDT,24,True,dist_to_low_72_sqrt_z,target_log_ret_horizon_10,10,40.0,spearman,0.016740805807590894,0.016740805807590894,5635,54
240,240m,ETHUSDT,24,True,dist_to_low_72_sqrt_z,target_log_ret_horizon_24,24,96.0,spearman,0.028622487856893915,0.028622487856893915,5635,54
240,240m,ETHUSDT,24,True,price_pos_in_range_72_norm,target_log_ret_horizon_1,1,4.0,spearman,-0.020688736329150192,0.020688736329150192,5635,54
240,240m,ETHUSDT,24,True,price_pos_in_range_72_norm,target_log_ret_horizon_3,3,12.0,spearman,-0.02332368852233964,0.02332368852233964,5635,54
240,240m,ETHUSDT,24,True,price_pos_in_range_72_norm,target_log_ret_horizon_5,5,20.0,spearman,-0.028662345222880914,0.028662345222880914,5635,54
240,240m,ETHUSDT,24,True,price_pos_in_range_72_norm,target_log_ret_horizon_10,10,40.0,spearman,-0.009757645373866686,0.009757645373866686,5635,54
240,240m,ETHUSDT,24,True,price_pos_in_range_72_norm,target_log_ret_horizon_24,24,96.0,spearman,-0.012006437005194659,0.012006437005194659,5635,54
240,240m,ETHUSDT,24,True,dist_to_high_168_sqrt_z,target_log_ret_horizon_1,1,4.0,spearman,0.032222038042030346,0.032222038042030346,5635,54
240,240m,ETHUSDT,24,True,dist_to_high_168_sqrt_z,target_log_ret_horizon_3,3,12.0,spearman,0.029435132291567467,0.029435132291567467,5635,54
240,240m,ETHUSDT,24,True,dist_to_high_168_sqrt_z,target_log_ret_horizon_5,5,20.0,spearman,0.0442575830611314,0.0442575830611314,5635,54
240,240m,ETHUSDT,24,True,dist_to_high_168_sqrt_z,target_log_ret_horizon_10,10,40.0,spearman,0.036134563324471417,0.036134563324471417,5635,54
240,240m,ETHUSDT,24,True,dist_to_high_168_sqrt_z,target_log_ret_horizon_24,24,96.0,spearman,0.027923036241019376,0.027923036241019376,5635,54
240,240m,ETHUSDT,24,True,dist_to_low_168_sqrt_z,target_log_ret_horizon_1,1,4.0,spearman,-0.0215851982907894,0.0215851982907894,5635,54
240,240m,ETHUSDT,24,True,dist_to_low_168_sqrt_z,target_log_ret_horizon_3,3,12.0,spearman,-0.01041779207714781,0.01041779207714781,5635,54
240,240m,ETHUSDT,24,True,dist_to_low_168_sqrt_z,target_log_ret_horizon_5,5,20.0,spearman,-0.02461996165387385,0.02461996165387385,5635,54
240,240m,ETHUSDT,24,True,dist_to_low_168_sqrt_z,target_log_ret_horizon_10,10,40.0,spearman,-0.017168498205713124,0.017168498205713124,5635,54
240,240m,ETHUSDT,24,True,dist_to_low_168_sqrt_z,target_log_ret_horizon_24,24,96.0,spearman,-0.00040933353983387726,0.00040933353983387726,5635,54
240,240m,ETHUSDT,24,True,price_pos_in_range_168_norm,target_log_ret_horizon_1,1,4.0,spearman,-0.015910180600341967,0.015910180600341967,5635,54
240,240m,ETHUSDT,24,True,price_pos_in_range_168_norm,target_log_ret_horizon_3,3,12.0,spearman,-0.025267637919095438,0.025267637919095438,5635,54
240,240m,ETHUSDT,24,True,price_pos_in_range_168_norm,target_log_ret_horizon_5,5,20.0,spearman,-0.030662458532129986,0.030662458532129986,5635,54
240,240m,ETHUSDT,24,True,price_pos_in_range_168_norm,target_log_ret_horizon_10,10,40.0,spearman,-0.00883824185508653,0.00883824185508653,5635,54
240,240m,ETHUSDT,24,True,price_pos_in_range_168_norm,target_log_ret_horizon_24,24,96.0,spearman,0.001149743810971537,0.001149743810971537,5635,54
240,240m,SOLUSDT,24,True,dist_ema_9_z,target_log_ret_horizon_1,1,4.0,spearman,-0.02719865943942082,0.02719865943942082,5635,54
240,240m,SOLUSDT,24,True,dist_ema_9_z,target_log_ret_horizon_3,3,12.0,spearman,-0.00033335251473719295,0.00033335251473719295,5635,54
240,240m,SOLUSDT,24,True,dist_ema_9_z,target_log_ret_horizon_5,5,20.0,spearman,0.001972273099328361,0.001972273099328361,5635,54
240,240m,SOLUSDT,24,True,dist_ema_9_z,target_log_ret_horizon_10,10,40.0,spearman,0.01704365102356455,0.01704365102356455,5635,54
240,240m,SOLUSDT,24,True,dist_ema_9_z,target_log_ret_horizon_24,24,96.0,spearman,0.02904525286839976,0.02904525286839976,5635,54
240,240m,SOLUSDT,24,True,ema_slope_9_z,target_log_ret_horizon_1,1,4.0,spearman,-0.009465150720372954,0.009465150720372954,5635,54
240,240m,SOLUSDT,24,True,ema_slope_9_z,target_log_ret_horizon_3,3,12.0,spearman,-0.004408034521803327,0.004408034521803327,5635,54
240,240m,SOLUSDT,24,True,ema_slope_9_z,target_log_ret_horizon_5,5,20.0,spearman,0.002961694204704631,0.002961694204704631,5635,54
240,240m,SOLUSDT,24,True,ema_slope_9_z,target_log_ret_horizon_10,10,40.0,spearman,0.027324357948604043,0.027324357948604043,5635,54
240,240m,SOLUSDT,24,True,ema_slope_9_z,target_log_ret_horizon_24,24,96.0,spearman,0.026802672452116642,0.026802672452116642,5635,54
240,240m,SOLUSDT,24,True,dist_ema_21_z,target_log_ret_horizon_1,1,4.0,spearman,-0.016672314868018987,0.016672314868018987,5635,54
240,240m,SOLUSDT,24,True,dist_ema_21_z,target_log_ret_horizon_3,3,12.0,spearman,0.010262391022126121,0.010262391022126121,5635,54
240,240m,SOLUSDT,24,True,dist_ema_21_z,target_log_ret_horizon_5,5,20.0,spearman,0.013356572187253517,0.013356572187253517,5635,54
240,240m,SOLUSDT,24,True,dist_ema_21_z,target_log_ret_horizon_10,10,40.0,spearman,0.028768006788128412,0.028768006788128412,5635,54
240,240m,SOLUSDT,24,True,dist_ema_21_z,target_log_ret_horizon_24,24,96.0,spearman,0.029609495574353478,0.029609495574353478,5635,54
240,240m,SOLUSDT,24,True,ema_slope_21_z,target_log_ret_horizon_1,1,4.0,spearman,-0.0009275462795797413,0.0009275462795797413,5635,54
240,240m,SOLUSDT,24,True,ema_slope_21_z,target_log_ret_horizon_3,3,12.0,spearman,0.0062615247793847695,0.0062615247793847695,5635,54
240,240m,SOLUSDT,24,True,ema_slope_21_z,target_log_ret_horizon_5,5,20.0,spearman,0.014050331896869562,0.014050331896869562,5635,54
240,240m,SOLUSDT,24,True,ema_slope_21_z,target_log_ret_horizon_10,10,40.0,spearman,0.03166072087430298,0.03166072087430298,5635,54
240,240m,SOLUSDT,24,True,ema_slope_21_z,target_log_ret_horizon_24,24,96.0,spearman,0.02190474225179292,0.02190474225179292,5635,54
240,240m,SOLUSDT,24,True,dist_ema_50_z,target_log_ret_horizon_1,1,4.0,spearman,-0.010851030359489245,0.010851030359489245,5635,54
240,240m,SOLUSDT,24,True,dist_ema_50_z,target_log_ret_horizon_3,3,12.0,spearman,0.014663797663550951,0.014663797663550951,5635,54
240,240m,SOLUSDT,24,True,dist_ema_50_z,target_log_ret_horizon_5,5,20.0,spearman,0.015964926307847637,0.015964926307847637,5635,54
240,240m,SOLUSDT,24,True,dist_ema_50_z,target_log_ret_horizon_10,10,40.0,spearman,0.027207265971010936,0.027207265971010936,5635,54
240,240m,SOLUSDT,24,True,dist_ema_50_z,target_log_ret_horizon_24,24,96.0,spearman,0.021624821222661086,0.021624821222661086,5635,54
240,240m,SOLUSDT,24,True,ema_slope_50_z,target_log_ret_horizon_1,1,4.0,spearman,-0.0017130794459117313,0.0017130794459117313,5635,54
240,240m,SOLUSDT,24,True,ema_slope_50_z,target_log_ret_horizon_3,3,12.0,spearman,0.005026613622054791,0.005026613622054791,5635,54
240,240m,SOLUSDT,24,True,ema_slope_50_z,target_log_ret_horizon_5,5,20.0,spearman,0.010289584930876838,0.010289584930876838,5635,54
240,240m,SOLUSDT,24,True,ema_slope_50_z,target_log_ret_horizon_10,10,40.0,spearman,0.02572299418024836,0.02572299418024836,5635,54
240,240m,SOLUSDT,24,True,ema_slope_50_z,target_log_ret_horizon_24,24,96.0,spearman,0.012824973010489524,0.012824973010489524,5635,54
240,240m,SOLUSDT,24,True,dist_ema_100_z,target_log_ret_horizon_1,1,4.0,spearman,-0.011522960515174844,0.011522960515174844,5635,54
240,240m,SOLUSDT,24,True,dist_ema_100_z,target_log_ret_horizon_3,3,12.0,spearman,0.013897548948310419,0.013897548948310419,5635,54
240,240m,SOLUSDT,24,True,dist_ema_100_z,target_log_ret_horizon_5,5,20.0,spearman,0.015096497379258186,0.015096497379258186,5635,54
240,240m,SOLUSDT,24,True,dist_ema_100_z,target_log_ret_horizon_10,10,40.0,spearman,0.02758416705268285,0.02758416705268285,5635,54
240,240m,SOLUSDT,24,True,dist_ema_100_z,target_log_ret_horizon_24,24,96.0,spearman,0.01860783711150419,0.01860783711150419,5635,54
240,240m,SOLUSDT,24,True,ema_slope_100_z,target_log_ret_horizon_1,1,4.0,spearman,-0.0003244928305971747,0.0003244928305971747,5635,54
240,240m,SOLUSDT,24,True,ema_slope_100_z,target_log_ret_horizon_3,3,12.0,spearman,0.007596802740711469,0.007596802740711469,5635,54
240,240m,SOLUSDT,24,True,ema_slope_100_z,target_log_ret_horizon_5,5,20.0,spearman,0.012841973673334488,0.012841973673334488,5635,54
240,240m,SOLUSDT,24,True,ema_slope_100_z,target_log_ret_horizon_10,10,40.0,spearman,0.027444031719719004,0.027444031719719004,5635,54
240,240m,SOLUSDT,24,True,ema_slope_100_z,target_log_ret_horizon_24,24,96.0,spearman,0.01109994405149602,0.01109994405149602,5635,54
240,240m,SOLUSDT,24,True,dist_ema_200_z,target_log_ret_horizon_1,1,4.0,spearman,-0.010345482123982406,0.010345482123982406,5635,54
240,240m,SOLUSDT,24,True,dist_ema_200_z,target_log_ret_horizon_3,3,12.0,spearman,0.016256866613188776,0.016256866613188776,5635,54
240,240m,SOLUSDT,24,True,dist_ema_200_z,target_log_ret_horizon_5,5,20.0,spearman,0.018110274807497013,0.018110274807497013,5635,54
240,240m,SOLUSDT,24,True,dist_ema_200_z,target_log_ret_horizon_10,10,40.0,spearman,0.03072989664202409,0.03072989664202409,5635,54
240,240m,SOLUSDT,24,True,dist_ema_200_z,target_log_ret_horizon_24,24,96.0,spearman,0.019701495795267858,0.019701495795267858,5635,54
240,240m,SOLUSDT,24,True,ema_slope_200_z,target_log_ret_horizon_1,1,4.0,spearman,0.00260733867045727,0.00260733867045727,5635,54
240,240m,SOLUSDT,24,True,ema_slope_200_z,target_log_ret_horizon_3,3,12.0,spearman,0.012723957864297671,0.012723957864297671,5635,54
240,240m,SOLUSDT,24,True,ema_slope_200_z,target_log_ret_horizon_5,5,20.0,spearman,0.01691069782293946,0.01691069782293946,5635,54
240,240m,SOLUSDT,24,True,ema_slope_200_z,target_log_ret_horizon_10,10,40.0,spearman,0.026843990196018956,0.026843990196018956,5635,54
240,240m,SOLUSDT,24,True,ema_slope_200_z,target_log_ret_horizon_24,24,96.0,spearman,0.010783547756018804,0.010783547756018804,5635,54
240,240m,SOLUSDT,24,True,ema_spread_9_21_z,target_log_ret_horizon_1,1,4.0,spearman,0.004495203019967045,0.004495203019967045,5635,54
240,240m,SOLUSDT,24,True,ema_spread_9_21_z,target_log_ret_horizon_3,3,12.0,spearman,0.016513573201607522,0.016513573201607522,5635,54
240,240m,SOLUSDT,24,True,ema_spread_9_21_z,target_log_ret_horizon_5,5,20.0,spearman,0.02087952497872469,0.02087952497872469,5635,54
240,240m,SOLUSDT,24,True,ema_spread_9_21_z,target_log_ret_horizon_10,10,40.0,spearman,0.034274768373250775,0.034274768373250775,5635,54
240,240m,SOLUSDT,24,True,ema_spread_9_21_z,target_log_ret_horizon_24,24,96.0,spearman,0.02251420572116534,0.02251420572116534,5635,54
240,240m,SOLUSDT,24,True,ema_spread_21_50_z,target_log_ret_horizon_1,1,4.0,spearman,0.005267814760062265,0.005267814760062265,5635,54
240,240m,SOLUSDT,24,True,ema_spread_21_50_z,target_log_ret_horizon_3,3,12.0,spearman,0.018152190825368276,0.018152190825368276,5635,54
240,240m,SOLUSDT,24,True,ema_spread_21_50_z,target_log_ret_horizon_5,5,20.0,spearman,0.022423434978219966,0.022423434978219966,5635,54
240,240m,SOLUSDT,24,True,ema_spread_21_50_z,target_log_ret_horizon_10,10,40.0,spearman,0.02964765303970629,0.02964765303970629,5635,54
240,240m,SOLUSDT,24,True,ema_spread_21_50_z,target_log_ret_horizon_24,24,96.0,spearman,0.009311684009645063,0.009311684009645063,5635,54
240,240m,SOLUSDT,24,True,ema_spread_50_100_z,target_log_ret_horizon_1,1,4.0,spearman,0.007294406961094546,0.007294406961094546,5635,54
240,240m,SOLUSDT,24,True,ema_spread_50_100_z,target_log_ret_horizon_3,3,12.0,spearman,0.009170453790681083,0.009170453790681083,5635,54
240,240m,SOLUSDT,24,True,ema_spread_50_100_z,target_log_ret_horizon_5,5,20.0,spearman,0.006546058610904874,0.006546058610904874,5635,54
240,240m,SOLUSDT,24,True,ema_spread_50_100_z,target_log_ret_horizon_10,10,40.0,spearman,0.01706505667879047,0.01706505667879047,5635,54
240,240m,SOLUSDT,24,True,ema_spread_50_100_z,target_log_ret_horizon_24,24,96.0,spearman,0.003272398724413851,0.003272398724413851,5635,54
240,240m,SOLUSDT,24,True,ema_spread_100_200_z,target_log_ret_horizon_1,1,4.0,spearman,0.00827235500009049,0.00827235500009049,5635,54
240,240m,SOLUSDT,24,True,ema_spread_100_200_z,target_log_ret_horizon_3,3,12.0,spearman,0.008609171863680964,0.008609171863680964,5635,54
240,240m,SOLUSDT,24,True,ema_spread_100_200_z,target_log_ret_horizon_5,5,20.0,spearman,0.008507471392669457,0.008507471392669457,5635,54
240,240m,SOLUSDT,24,True,ema_spread_100_200_z,target_log_ret_horizon_10,10,40.0,spearman,0.020539890885782022,0.020539890885782022,5635,54
240,240m,SOLUSDT,24,True,ema_spread_100_200_z,target_log_ret_horizon_24,24,96.0,spearman,0.021197665587837283,0.021197665587837283,5635,54
240,240m,SOLUSDT,24,True,MOM_pct_14_z,target_log_ret_horizon_1,1,4.0,spearman,-0.011314452367683569,0.011314452367683569,5635,54
240,240m,SOLUSDT,24,True,MOM_pct_14_z,target_log_ret_horizon_3,3,12.0,spearman,0.006078698801859006,0.006078698801859006,5635,54
240,240m,SOLUSDT,24,True,MOM_pct_14_z,target_log_ret_horizon_5,5,20.0,spearman,0.01966905923658951,0.01966905923658951,5635,54
240,240m,SOLUSDT,24,True,MOM_pct_14_z,target_log_ret_horizon_10,10,40.0,spearman,0.044777992657464516,0.044777992657464516,5635,54
240,240m,SOLUSDT,24,True,MOM_pct_14_z,target_log_ret_horizon_24,24,96.0,spearman,0.042879075928803266,0.042879075928803266,5635,54
240,240m,SOLUSDT,24,True,ADX_14_scaled,target_log_ret_horizon_1,1,4.0,spearman,-0.017292238837642304,0.017292238837642304,5635,54
240,240m,SOLUSDT,24,True,ADX_14_scaled,target_log_ret_horizon_3,3,12.0,spearman,-0.01754092657721402,0.01754092657721402,5635,54
240,240m,SOLUSDT,24,True,ADX_14_scaled,target_log_ret_horizon_5,5,20.0,spearman,-0.011346981880483456,0.011346981880483456,5635,54
240,240m,SOLUSDT,24,True,ADX_14_scaled,target_log_ret_horizon_10,10,40.0,spearman,-0.01250332119092624,0.01250332119092624,5635,54
240,240m,SOLUSDT,24,True,ADX_14_scaled,target_log_ret_horizon_24,24,96.0,spearman,0.0114203654053714,0.0114203654053714,5635,54
240,240m,SOLUSDT,24,True,RSI_14_bounded,target_log_ret_horizon_1,1,4.0,spearman,-0.006511580728414515,0.006511580728414515,5635,54
240,240m,SOLUSDT,24,True,RSI_14_bounded,target_log_ret_horizon_3,3,12.0,spearman,0.01266070849869856,0.01266070849869856,5635,54
240,240m,SOLUSDT,24,True,RSI_14_bounded,target_log_ret_horizon_5,5,20.0,spearman,0.01628284535276344,0.01628284535276344,5635,54
240,240m,SOLUSDT,24,True,RSI_14_bounded,target_log_ret_horizon_10,10,40.0,spearman,0.04195493987551888,0.04195493987551888,5635,54
240,240m,SOLUSDT,24,True,RSI_14_bounded,target_log_ret_horizon_24,24,96.0,spearman,0.04713324147908002,0.04713324147908002,5635,54
240,240m,SOLUSDT,24,True,MOM_pct_30_z,target_log_ret_horizon_1,1,4.0,spearman,-0.0056773311412890185,0.0056773311412890185,5635,54
240,240m,SOLUSDT,24,True,MOM_pct_30_z,target_log_ret_horizon_3,3,12.0,spearman,0.01955909341952827,0.01955909341952827,5635,54
240,240m,SOLUSDT,24,True,MOM_pct_30_z,target_log_ret_horizon_5,5,20.0,spearman,0.024712109871766714,0.024712109871766714,5635,54
240,240m,SOLUSDT,24,True,MOM_pct_30_z,target_log_ret_horizon_10,10,40.0,spearman,0.04268381246709932,0.04268381246709932,5635,54
240,240m,SOLUSDT,24,True,MOM_pct_30_z,target_log_ret_horizon_24,24,96.0,spearman,0.03319110379837906,0.03319110379837906,5635,54
240,240m,SOLUSDT,24,True,ADX_30_scaled,target_log_ret_horizon_1,1,4.0,spearman,-0.011416252655298957,0.011416252655298957,5635,54
240,240m,SOLUSDT,24,True,ADX_30_scaled,target_log_ret_horizon_3,3,12.0,spearman,-0.0084074758482615,0.0084074758482615,5635,54
240,240m,SOLUSDT,24,True,ADX_30_scaled,target_log_ret_horizon_5,5,20.0,spearman,-0.001842266101563501,0.001842266101563501,5635,54
240,240m,SOLUSDT,24,True,ADX_30_scaled,target_log_ret_horizon_10,10,40.0,spearman,-0.008142313251625377,0.008142313251625377,5635,54
240,240m,SOLUSDT,24,True,ADX_30_scaled,target_log_ret_horizon_24,24,96.0,spearman,0.011504651109966166,0.011504651109966166,5635,54
240,240m,SOLUSDT,24,True,RSI_30_bounded,target_log_ret_horizon_1,1,4.0,spearman,0.0027251369101681084,0.0027251369101681084,5635,54
240,240m,SOLUSDT,24,True,RSI_30_bounded,target_log_ret_horizon_3,3,12.0,spearman,0.015229268274578262,0.015229268274578262,5635,54
240,240m,SOLUSDT,24,True,RSI_30_bounded,target_log_ret_horizon_5,5,20.0,spearman,0.01854587575619804,0.01854587575619804,5635,54
240,240m,SOLUSDT,24,True,RSI_30_bounded,target_log_ret_horizon_10,10,40.0,spearman,0.04379951433770582,0.04379951433770582,5635,54
240,240m,SOLUSDT,24,True,RSI_30_bounded,target_log_ret_horizon_24,24,96.0,spearman,0.05260119529821479,0.05260119529821479,5635,54
240,240m,SOLUSDT,24,True,MOM_pct_72_z,target_log_ret_horizon_1,1,4.0,spearman,-0.019312137426687404,0.019312137426687404,5635,54
240,240m,SOLUSDT,24,True,MOM_pct_72_z,target_log_ret_horizon_3,3,12.0,spearman,-0.0034875746688309488,0.0034875746688309488,5635,54
240,240m,SOLUSDT,24,True,MOM_pct_72_z,target_log_ret_horizon_5,5,20.0,spearman,-0.004779744076285359,0.004779744076285359,5635,54
240,240m,SOLUSDT,24,True,MOM_pct_72_z,target_log_ret_horizon_10,10,40.0,spearman,-0.005292556003675937,0.005292556003675937,5635,54
240,240m,SOLUSDT,24,True,MOM_pct_72_z,target_log_ret_horizon_24,24,96.0,spearman,-0.0020361589271576342,0.0020361589271576342,5635,54
240,240m,SOLUSDT,24,True,ADX_72_scaled,target_log_ret_horizon_1,1,4.0,spearman,0.0008875174152841412,0.0008875174152841412,5635,54
240,240m,SOLUSDT,24,True,ADX_72_scaled,target_log_ret_horizon_3,3,12.0,spearman,0.01147157238951988,0.01147157238951988,5635,54
240,240m,SOLUSDT,24,True,ADX_72_scaled,target_log_ret_horizon_5,5,20.0,spearman,0.020781984827555715,0.020781984827555715,5635,54
240,240m,SOLUSDT,24,True,ADX_72_scaled,target_log_ret_horizon_10,10,40.0,spearman,0.027032661187739466,0.027032661187739466,5635,54
240,240m,SOLUSDT,24,True,ADX_72_scaled,target_log_ret_horizon_24,24,96.0,spearman,0.06860425665750322,0.06860425665750322,5635,54
240,240m,SOLUSDT,24,True,RSI_72_bounded,target_log_ret_horizon_1,1,4.0,spearman,0.010434394224735502,0.010434394224735502,5635,54
240,240m,SOLUSDT,24,True,RSI_72_bounded,target_log_ret_horizon_3,3,12.0,spearman,0.016429872316410642,0.016429872316410642,5635,54
240,240m,SOLUSDT,24,True,RSI_72_bounded,target_log_ret_horizon_5,5,20.0,spearman,0.020212133392436944,0.020212133392436944,5635,54
240,240m,SOLUSDT,24,True,RSI_72_bounded,target_log_ret_horizon_10,10,40.0,spearman,0.04805419768874476,0.04805419768874476,5635,54
240,240m,SOLUSDT,24,True,RSI_72_bounded,target_log_ret_horizon_24,24,96.0,spearman,0.057889135416955936,0.057889135416955936,5635,54
240,240m,SOLUSDT,24,True,MACD_hist_pct_z,target_log_ret_horizon_1,1,4.0,spearman,-0.007706047921565201,0.007706047921565201,5635,54
240,240m,SOLUSDT,24,True,MACD_hist_pct_z,target_log_ret_horizon_3,3,12.0,spearman,0.003958299172561924,0.003958299172561924,5635,54
240,240m,SOLUSDT,24,True,MACD_hist_pct_z,target_log_ret_horizon_5,5,20.0,spearman,0.008606140747457962,0.008606140747457962,5635,54
240,240m,SOLUSDT,24,True,MACD_hist_pct_z,target_log_ret_horizon_10,10,40.0,spearman,0.03493501279056394,0.03493501279056394,5635,54
240,240m,SOLUSDT,24,True,MACD_hist_pct_z,target_log_ret_horizon_24,24,96.0,spearman,0.044976894550793074,0.044976894550793074,5635,54
240,240m,SOLUSDT,24,True,NATR_14_z,target_log_ret_horizon_1,1,4.0,spearman,0.03115452764453838,0.03115452764453838,5635,54
240,240m,SOLUSDT,24,True,NATR_14_z,target_log_ret_horizon_3,3,12.0,spearman,0.047234643013089356,0.047234643013089356,5635,54
240,240m,SOLUSDT,24,True,NATR_14_z,target_log_ret_horizon_5,5,20.0,spearman,0.04911009130330045,0.04911009130330045,5635,54
240,240m,SOLUSDT,24,True,NATR_14_z,target_log_ret_horizon_10,10,40.0,spearman,0.03529588925869185,0.03529588925869185,5635,54
240,240m,SOLUSDT,24,True,NATR_14_z,target_log_ret_horizon_24,24,96.0,spearman,0.0026139097818615076,0.0026139097818615076,5635,54
240,240m,SOLUSDT,24,True,bb_width_20_sqrt_z,target_log_ret_horizon_1,1,4.0,spearman,0.018148273314895404,0.018148273314895404,5635,54
240,240m,SOLUSDT,24,True,bb_width_20_sqrt_z,target_log_ret_horizon_3,3,12.0,spearman,0.025493903841032187,0.025493903841032187,5635,54
240,240m,SOLUSDT,24,True,bb_width_20_sqrt_z,target_log_ret_horizon_5,5,20.0,spearman,0.023104329962686417,0.023104329962686417,5635,54
240,240m,SOLUSDT,24,True,bb_width_20_sqrt_z,target_log_ret_horizon_10,10,40.0,spearman,0.014242243065240627,0.014242243065240627,5635,54
240,240m,SOLUSDT,24,True,bb_width_20_sqrt_z,target_log_ret_horizon_24,24,96.0,spearman,-0.00011275576961969291,0.00011275576961969291,5635,54
240,240m,SOLUSDT,24,True,bb_pos_20_norm,target_log_ret_horizon_1,1,4.0,spearman,-0.011866660714244298,0.011866660714244298,5635,54
240,240m,SOLUSDT,24,True,bb_pos_20_norm,target_log_ret_horizon_3,3,12.0,spearman,0.010360491813711566,0.010360491813711566,5635,54
240,240m,SOLUSDT,24,True,bb_pos_20_norm,target_log_ret_horizon_5,5,20.0,spearman,0.012494822841292616,0.012494822841292616,5635,54
240,240m,SOLUSDT,24,True,bb_pos_20_norm,target_log_ret_horizon_10,10,40.0,spearman,0.04106642169623537,0.04106642169623537,5635,54
240,240m,SOLUSDT,24,True,bb_pos_20_norm,target_log_ret_horizon_24,24,96.0,spearman,0.038539195860384026,0.038539195860384026,5635,54
240,240m,SOLUSDT,24,True,volatility_24_sqrt_z,target_log_ret_horizon_1,1,4.0,spearman,0.0166478775582012,0.0166478775582012,5635,54
240,240m,SOLUSDT,24,True,volatility_24_sqrt_z,target_log_ret_horizon_3,3,12.0,spearman,0.03695195582754668,0.03695195582754668,5635,54
240,240m,SOLUSDT,24,True,volatility_24_sqrt_z,target_log_ret_horizon_5,5,20.0,spearman,0.04069932900474702,0.04069932900474702,5635,54
240,240m,SOLUSDT,24,True,volatility_24_sqrt_z,target_log_ret_horizon_10,10,40.0,spearman,0.03977952502564603,0.03977952502564603,5635,54
240,240m,SOLUSDT,24,True,volatility_24_sqrt_z,target_log_ret_horizon_24,24,96.0,spearman,0.027720320144657126,0.027720320144657126,5635,54
240,240m,SOLUSDT,24,True,volatility_72_sqrt_z,target_log_ret_horizon_1,1,4.0,spearman,0.02392645421916464,0.02392645421916464,5635,54
240,240m,SOLUSDT,24,True,volatility_72_sqrt_z,target_log_ret_horizon_3,3,12.0,spearman,0.05344005192179713,0.05344005192179713,5635,54
240,240m,SOLUSDT,24,True,volatility_72_sqrt_z,target_log_ret_horizon_5,5,20.0,spearman,0.06793165555829114,0.06793165555829114,5635,54
240,240m,SOLUSDT,24,True,volatility_72_sqrt_z,target_log_ret_horizon_10,10,40.0,spearman,0.06238268528349612,0.06238268528349612,5635,54
240,240m,SOLUSDT,24,True,volatility_72_sqrt_z,target_log_ret_horizon_24,24,96.0,spearman,0.05134367317317277,0.05134367317317277,5635,54
240,240m,SOLUSDT,24,True,volatility_168_sqrt_z,target_log_ret_horizon_1,1,4.0,spearman,0.018452346864144428,0.018452346864144428,5635,54
240,240m,SOLUSDT,24,True,volatility_168_sqrt_z,target_log_ret_horizon_3,3,12.0,spearman,0.03425406363389766,0.03425406363389766,5635,54
240,240m,SOLUSDT,24,True,volatility_168_sqrt_z,target_log_ret_horizon_5,5,20.0,spearman,0.04567333005199927,0.04567333005199927,5635,54
240,240m,SOLUSDT,24,True,volatility_168_sqrt_z,target_log_ret_horizon_10,10,40.0,spearman,0.04175182739668513,0.04175182739668513,5635,54
240,240m,SOLUSDT,24,True,volatility_168_sqrt_z,target_log_ret_horizon_24,24,96.0,spearman,0.037754101629407566,0.037754101629407566,5635,54
240,240m,SOLUSDT,24,True,log_ret_6_z,target_log_ret_horizon_1,1,4.0,spearman,-0.024646981453656205,0.024646981453656205,5635,54
240,240m,SOLUSDT,24,True,log_ret_6_z,target_log_ret_horizon_3,3,12.0,spearman,-0.016382214740474292,0.016382214740474292,5635,54
240,240m,SOLUSDT,24,True,log_ret_6_z,target_log_ret_horizon_5,5,20.0,spearman,-0.013066264986499668,0.013066264986499668,5635,54
240,240m,SOLUSDT,24,True,log_ret_6_z,target_log_ret_horizon_10,10,40.0,spearman,0.008514057643462615,0.008514057643462615,5635,54
240,240m,SOLUSDT,24,True,log_ret_6_z,target_log_ret_horizon_24,24,96.0,spearman,0.019842576583130957,0.019842576583130957,5635,54
240,240m,SOLUSDT,24,True,log_ret_24_z,target_log_ret_horizon_1,1,4.0,spearman,0.004579239418191141,0.004579239418191141,5635,54
240,240m,SOLUSDT,24,True,log_ret_24_z,target_log_ret_horizon_3,3,12.0,spearman,0.031542256683326365,0.031542256683326365,5635,54
240,240m,SOLUSDT,24,True,log_ret_24_z,target_log_ret_horizon_5,5,20.0,spearman,0.03771411303673485,0.03771411303673485,5635,54
240,240m,SOLUSDT,24,True,log_ret_24_z,target_log_ret_horizon_10,10,40.0,spearman,0.043169217509398665,0.043169217509398665,5635,54
240,240m,SOLUSDT,24,True,log_ret_24_z,target_log_ret_horizon_24,24,96.0,spearman,0.04097860099186742,0.04097860099186742,5635,54
240,240m,SOLUSDT,24,True,log_ret_72_z,target_log_ret_horizon_1,1,4.0,spearman,-0.019212900014518492,0.019212900014518492,5635,54
240,240m,SOLUSDT,24,True,log_ret_72_z,target_log_ret_horizon_3,3,12.0,spearman,-0.0035711192579463325,0.0035711192579463325,5635,54
240,240m,SOLUSDT,24,True,log_ret_72_z,target_log_ret_horizon_5,5,20.0,spearman,-0.004598925687105935,0.004598925687105935,5635,54
240,240m,SOLUSDT,24,True,log_ret_72_z,target_log_ret_horizon_10,10,40.0,spearman,-0.00472593424408125,0.00472593424408125,5635,54
240,240m,SOLUSDT,24,True,log_ret_72_z,target_log_ret_horizon_24,24,96.0,spearman,-0.0017121760128989989,0.0017121760128989989,5635,54
240,240m,SOLUSDT,24,True,log_ret_168_z,target_log_ret_horizon_1,1,4.0,spearman,-0.009113796942440574,0.009113796942440574,5635,54
240,240m,SOLUSDT,24,True,log_ret_168_z,target_log_ret_horizon_3,3,12.0,spearman,0.0020302412580250275,0.0020302412580250275,5635,54
240,240m,SOLUSDT,24,True,log_ret_168_z,target_log_ret_horizon_5,5,20.0,spearman,0.004172531125756001,0.004172531125756001,5635,54
240,240m,SOLUSDT,24,True,log_ret_168_z,target_log_ret_horizon_10,10,40.0,spearman,0.0036014755170209016,0.0036014755170209016,5635,54
240,240m,SOLUSDT,24,True,log_ret_168_z,target_log_ret_horizon_24,24,96.0,spearman,0.03397898987019419,0.03397898987019419,5635,54
240,240m,SOLUSDT,24,True,ret_accel_6_24_z,target_log_ret_horizon_1,1,4.0,spearman,-0.020886132872842366,0.020886132872842366,5635,54
240,240m,SOLUSDT,24,True,ret_accel_6_24_z,target_log_ret_horizon_3,3,12.0,spearman,-0.03578009173263281,0.03578009173263281,5635,54
240,240m,SOLUSDT,24,True,ret_accel_6_24_z,target_log_ret_horizon_5,5,20.0,spearman,-0.03927145010971737,0.03927145010971737,5635,54
240,240m,SOLUSDT,24,True,ret_accel_6_24_z,target_log_ret_horizon_10,10,40.0,spearman,-0.039549022135805814,0.039549022135805814,5635,54
240,240m,SOLUSDT,24,True,ret_accel_6_24_z,target_log_ret_horizon_24,24,96.0,spearman,-0.018621811921781837,0.018621811921781837,5635,54
240,240m,SOLUSDT,24,True,ret_accel_24_72_z,target_log_ret_horizon_1,1,4.0,spearman,0.01463773192972514,0.01463773192972514,5635,54
240,240m,SOLUSDT,24,True,ret_accel_24_72_z,target_log_ret_horizon_3,3,12.0,spearman,0.021597232446291113,0.021597232446291113,5635,54
240,240m,SOLUSDT,24,True,ret_accel_24_72_z,target_log_ret_horizon_5,5,20.0,spearman,0.028985488134638006,0.028985488134638006,5635,54
240,240m,SOLUSDT,24,True,ret_accel_24_72_z,target_log_ret_horizon_10,10,40.0,spearman,0.04049611079941308,0.04049611079941308,5635,54
240,240m,SOLUSDT,24,True,ret_accel_24_72_z,target_log_ret_horizon_24,24,96.0,spearman,0.046865483399553536,0.046865483399553536,5635,54
240,240m,SOLUSDT,24,True,ret_accel_72_168_z,target_log_ret_horizon_1,1,4.0,spearman,-0.012357996740076753,0.012357996740076753,5635,54
240,240m,SOLUSDT,24,True,ret_accel_72_168_z,target_log_ret_horizon_3,3,12.0,spearman,-0.004539355230489175,0.004539355230489175,5635,54
240,240m,SOLUSDT,24,True,ret_accel_72_168_z,target_log_ret_horizon_5,5,20.0,spearman,-0.00783091074886941,0.00783091074886941,5635,54
240,240m,SOLUSDT,24,True,ret_accel_72_168_z,target_log_ret_horizon_10,10,40.0,spearman,-0.0031595235503532946,0.0031595235503532946,5635,54
240,240m,SOLUSDT,24,True,ret_accel_72_168_z,target_log_ret_horizon_24,24,96.0,spearman,-0.010454689154599184,0.010454689154599184,5635,54
240,240m,SOLUSDT,24,True,vol_ratio_24_log1p_z,target_log_ret_horizon_1,1,4.0,spearman,-0.001972261042454086,0.001972261042454086,5635,54
240,240m,SOLUSDT,24,True,vol_ratio_24_log1p_z,target_log_ret_horizon_3,3,12.0,spearman,0.036271044251120155,0.036271044251120155,5635,54
240,240m,SOLUSDT,24,True,vol_ratio_24_log1p_z,target_log_ret_horizon_5,5,20.0,spearman,0.04259892609929721,0.04259892609929721,5635,54
240,240m,SOLUSDT,24,True,vol_ratio_24_log1p_z,target_log_ret_horizon_10,10,40.0,spearman,0.03824704190660638,0.03824704190660638,5635,54
240,240m,SOLUSDT,24,True,vol_ratio_24_log1p_z,target_log_ret_horizon_24,24,96.0,spearman,0.009480314787055823,0.009480314787055823,5635,54
240,240m,SOLUSDT,24,True,vol_ratio_72_log1p_z,target_log_ret_horizon_1,1,4.0,spearman,-0.0006874655342855968,0.0006874655342855968,5635,54
240,240m,SOLUSDT,24,True,vol_ratio_72_log1p_z,target_log_ret_horizon_3,3,12.0,spearman,0.03879194645844093,0.03879194645844093,5635,54
240,240m,SOLUSDT,24,True,vol_ratio_72_log1p_z,target_log_ret_horizon_5,5,20.0,spearman,0.04564873694784106,0.04564873694784106,5635,54
240,240m,SOLUSDT,24,True,vol_ratio_72_log1p_z,target_log_ret_horizon_10,10,40.0,spearman,0.04504800133183661,0.04504800133183661,5635,54
240,240m,SOLUSDT,24,True,vol_ratio_72_log1p_z,target_log_ret_horizon_24,24,96.0,spearman,-0.0028288881903601286,0.0028288881903601286,5635,54
240,240m,SOLUSDT,24,True,vol_ratio_168_log1p_z,target_log_ret_horizon_1,1,4.0,spearman,-0.0011800876384284468,0.0011800876384284468,5635,54
240,240m,SOLUSDT,24,True,vol_ratio_168_log1p_z,target_log_ret_horizon_3,3,12.0,spearman,0.0382324125148967,0.0382324125148967,5635,54
240,240m,SOLUSDT,24,True,vol_ratio_168_log1p_z,target_log_ret_horizon_5,5,20.0,spearman,0.042726513639914115,0.042726513639914115,5635,54
240,240m,SOLUSDT,24,True,vol_ratio_168_log1p_z,target_log_ret_horizon_10,10,40.0,spearman,0.03887063587940873,0.03887063587940873,5635,54
240,240m,SOLUSDT,24,True,vol_ratio_168_log1p_z,target_log_ret_horizon_24,24,96.0,spearman,-0.009766456107743652,0.009766456107743652,5635,54
240,240m,SOLUSDT,24,True,range_sqrt_z,target_log_ret_horizon_1,1,4.0,spearman,0.011717027979033937,0.011717027979033937,5635,54
240,240m,SOLUSDT,24,True,range_sqrt_z,target_log_ret_horizon_3,3,12.0,spearman,0.03431554857115255,0.03431554857115255,5635,54
240,240m,SOLUSDT,24,True,range_sqrt_z,target_log_ret_horizon_5,5,20.0,spearman,0.0492377028136815,0.0492377028136815,5635,54
240,240m,SOLUSDT,24,True,range_sqrt_z,target_log_ret_horizon_10,10,40.0,spearman,0.0466918139660679,0.0466918139660679,5635,54
240,240m,SOLUSDT,24,True,range_sqrt_z,target_log_ret_horizon_24,24,96.0,spearman,0.014331585267677464,0.014331585267677464,5635,54
240,240m,SOLUSDT,24,True,body_sqrt_z,target_log_ret_horizon_1,1,4.0,spearman,0.015423263138340889,0.015423263138340889,5635,54
240,240m,SOLUSDT,24,True,body_sqrt_z,target_log_ret_horizon_3,3,12.0,spearman,0.031836539113175834,0.031836539113175834,5635,54
240,240m,SOLUSDT,24,True,body_sqrt_z,target_log_ret_horizon_5,5,20.0,spearman,0.04244447972290393,0.04244447972290393,5635,54
240,240m,SOLUSDT,24,True,body_sqrt_z,target_log_ret_horizon_10,10,40.0,spearman,0.03734457926335049,0.03734457926335049,5635,54
240,240m,SOLUSDT,24,True,body_sqrt_z,target_log_ret_horizon_24,24,96.0,spearman,0.006338128342643682,0.006338128342643682,5635,54
240,240m,SOLUSDT,24,True,vol_expansion_24_log1p_z,target_log_ret_horizon_1,1,4.0,spearman,0.013308830903986595,0.013308830903986595,5635,54
240,240m,SOLUSDT,24,True,vol_expansion_24_log1p_z,target_log_ret_horizon_3,3,12.0,spearman,0.02915499955113628,0.02915499955113628,5635,54
240,240m,SOLUSDT,24,True,vol_expansion_24_log1p_z,target_log_ret_horizon_5,5,20.0,spearman,0.041669950054401515,0.041669950054401515,5635,54
240,240m,SOLUSDT,24,True,vol_expansion_24_log1p_z,target_log_ret_horizon_10,10,40.0,spearman,0.037601312703851995,0.037601312703851995,5635,54
240,240m,SOLUSDT,24,True,vol_expansion_24_log1p_z,target_log_ret_horizon_24,24,96.0,spearman,0.004984628816709572,0.004984628816709572,5635,54
240,240m,SOLUSDT,24,True,vol_expansion_72_log1p_z,target_log_ret_horizon_1,1,4.0,spearman,0.010426265308456454,0.010426265308456454,5635,54
240,240m,SOLUSDT,24,True,vol_expansion_72_log1p_z,target_log_ret_horizon_3,3,12.0,spearman,0.029401579940483598,0.029401579940483598,5635,54
240,240m,SOLUSDT,24,True,vol_expansion_72_log1p_z,target_log_ret_horizon_5,5,20.0,spearman,0.04380050940899303,0.04380050940899303,5635,54
240,240m,SOLUSDT,24,True,vol_expansion_72_log1p_z,target_log_ret_horizon_10,10,40.0,spearman,0.043449545133562854,0.043449545133562854,5635,54
240,240m,SOLUSDT,24,True,vol_expansion_72_log1p_z,target_log_ret_horizon_24,24,96.0,spearman,0.0071276754261429,0.0071276754261429,5635,54
240,240m,SOLUSDT,24,True,vol_expansion_168_log1p_z,target_log_ret_horizon_1,1,4.0,spearman,0.010627848004278215,0.010627848004278215,5635,54
240,240m,SOLUSDT,24,True,vol_expansion_168_log1p_z,target_log_ret_horizon_3,3,12.0,spearman,0.03211678681591324,0.03211678681591324,5635,54
240,240m,SOLUSDT,24,True,vol_expansion_168_log1p_z,target_log_ret_horizon_5,5,20.0,spearman,0.04619243563953793,0.04619243563953793,5635,54
240,240m,SOLUSDT,24,True,vol_expansion_168_log1p_z,target_log_ret_horizon_10,10,40.0,spearman,0.04376733918935476,0.04376733918935476,5635,54
240,240m,SOLUSDT,24,True,vol_expansion_168_log1p_z,target_log_ret_horizon_24,24,96.0,spearman,0.008455176704695139,0.008455176704695139,5635,54
240,240m,SOLUSDT,24,True,dist_to_high_24_sqrt_z,target_log_ret_horizon_1,1,4.0,spearman,0.01802072526920293,0.01802072526920293,5635,54
240,240m,SOLUSDT,24,True,dist_to_high_24_sqrt_z,target_log_ret_horizon_3,3,12.0,spearman,-0.008843118101256821,0.008843118101256821,5635,54
240,240m,SOLUSDT,24,True,dist_to_high_24_sqrt_z,target_log_ret_horizon_5,5,20.0,spearman,-0.021562959110728374,0.021562959110728374,5635,54
240,240m,SOLUSDT,24,True,dist_to_high_24_sqrt_z,target_log_ret_horizon_10,10,40.0,spearman,-0.04557014770369908,0.04557014770369908,5635,54
240,240m,SOLUSDT,24,True,dist_to_high_24_sqrt_z,target_log_ret_horizon_24,24,96.0,spearman,-0.042972705680339625,0.042972705680339625,5635,54
240,240m,SOLUSDT,24,True,dist_to_low_24_sqrt_z,target_log_ret_horizon_1,1,4.0,spearman,-0.022222052506428915,0.022222052506428915,5635,54
240,240m,SOLUSDT,24,True,dist_to_low_24_sqrt_z,target_log_ret_horizon_3,3,12.0,spearman,0.006902544534509826,0.006902544534509826,5635,54
240,240m,SOLUSDT,24,True,dist_to_low_24_sqrt_z,target_log_ret_horizon_5,5,20.0,spearman,0.014697353209091608,0.014697353209091608,5635,54
240,240m,SOLUSDT,24,True,dist_to_low_24_sqrt_z,target_log_ret_horizon_10,10,40.0,spearman,0.02472742072180629,0.02472742072180629,5635,54
240,240m,SOLUSDT,24,True,dist_to_low_24_sqrt_z,target_log_ret_horizon_24,24,96.0,spearman,0.03471584152374933,0.03471584152374933,5635,54
240,240m,SOLUSDT,24,True,price_pos_in_range_24_norm,target_log_ret_horizon_1,1,4.0,spearman,-0.014490339711508322,0.014490339711508322,5635,54
240,240m,SOLUSDT,24,True,price_pos_in_range_24_norm,target_log_ret_horizon_3,3,12.0,spearman,0.01055089938657813,0.01055089938657813,5635,54
240,240m,SOLUSDT,24,True,price_pos_in_range_24_norm,target_log_ret_horizon_5,5,20.0,spearman,0.014193846267946592,0.014193846267946592,5635,54
240,240m,SOLUSDT,24,True,price_pos_in_range_24_norm,target_log_ret_horizon_10,10,40.0,spearman,0.03961622926456218,0.03961622926456218,5635,54
240,240m,SOLUSDT,24,True,price_pos_in_range_24_norm,target_log_ret_horizon_24,24,96.0,spearman,0.04277966781459181,0.04277966781459181,5635,54
240,240m,SOLUSDT,24,True,dist_to_high_72_sqrt_z,target_log_ret_horizon_1,1,4.0,spearman,0.017488323476909387,0.017488323476909387,5635,54
240,240m,SOLUSDT,24,True,dist_to_high_72_sqrt_z,target_log_ret_horizon_3,3,12.0,spearman,-0.006773452347890067,0.006773452347890067,5635,54
240,240m,SOLUSDT,24,True,dist_to_high_72_sqrt_z,target_log_ret_horizon_5,5,20.0,spearman,-0.011555923548467512,0.011555923548467512,5635,54
240,240m,SOLUSDT,24,True,dist_to_high_72_sqrt_z,target_log_ret_horizon_10,10,40.0,spearman,-0.03669195851116137,0.03669195851116137,5635,54
240,240m,SOLUSDT,24,True,dist_to_high_72_sqrt_z,target_log_ret_horizon_24,24,96.0,spearman,-0.04078800491639272,0.04078800491639272,5635,54
240,240m,SOLUSDT,24,True,dist_to_low_72_sqrt_z,target_log_ret_horizon_1,1,4.0,spearman,-0.01589717381939605,0.01589717381939605,5635,54
240,240m,SOLUSDT,24,True,dist_to_low_72_sqrt_z,target_log_ret_horizon_3,3,12.0,spearman,0.01595167154985292,0.01595167154985292,5635,54
240,240m,SOLUSDT,24,True,dist_to_low_72_sqrt_z,target_log_ret_horizon_5,5,20.0,spearman,0.022019568909348905,0.022019568909348905,5635,54
240,240m,SOLUSDT,24,True,dist_to_low_72_sqrt_z,target_log_ret_horizon_10,10,40.0,spearman,0.023986230882787014,0.023986230882787014,5635,54
240,240m,SOLUSDT,24,True,dist_to_low_72_sqrt_z,target_log_ret_horizon_24,24,96.0,spearman,0.011284820304645315,0.011284820304645315,5635,54
240,240m,SOLUSDT,24,True,price_pos_in_range_72_norm,target_log_ret_horizon_1,1,4.0,spearman,-0.004768829540965858,0.004768829540965858,5635,54
240,240m,SOLUSDT,24,True,price_pos_in_range_72_norm,target_log_ret_horizon_3,3,12.0,spearman,0.01059563899748078,0.01059563899748078,5635,54
240,240m,SOLUSDT,24,True,price_pos_in_range_72_norm,target_log_ret_horizon_5,5,20.0,spearman,0.017051323951797853,0.017051323951797853,5635,54
240,240m,SOLUSDT,24,True,price_pos_in_range_72_norm,target_log_ret_horizon_10,10,40.0,spearman,0.040594279624961205,0.040594279624961205,5635,54
240,240m,SOLUSDT,24,True,price_pos_in_range_72_norm,target_log_ret_horizon_24,24,96.0,spearman,0.04853456291300325,0.04853456291300325,5635,54
240,240m,SOLUSDT,24,True,dist_to_high_168_sqrt_z,target_log_ret_horizon_1,1,4.0,spearman,0.01688834282700892,0.01688834282700892,5635,54
240,240m,SOLUSDT,24,True,dist_to_high_168_sqrt_z,target_log_ret_horizon_3,3,12.0,spearman,-0.005200649757179012,0.005200649757179012,5635,54
240,240m,SOLUSDT,24,True,dist_to_high_168_sqrt_z,target_log_ret_horizon_5,5,20.0,spearman,-0.006023643512764744,0.006023643512764744,5635,54
240,240m,SOLUSDT,24,True,dist_to_high_168_sqrt_z,target_log_ret_horizon_10,10,40.0,spearman,-0.02069354694711553,0.02069354694711553,5635,54
240,240m,SOLUSDT,24,True,dist_to_high_168_sqrt_z,target_log_ret_horizon_24,24,96.0,spearman,-0.012548338332481748,0.012548338332481748,5635,54
240,240m,SOLUSDT,24,True,dist_to_low_168_sqrt_z,target_log_ret_horizon_1,1,4.0,spearman,-0.013792067074106294,0.013792067074106294,5635,54
240,240m,SOLUSDT,24,True,dist_to_low_168_sqrt_z,target_log_ret_horizon_3,3,12.0,spearman,0.012225736043519017,0.012225736043519017,5635,54
240,240m,SOLUSDT,24,True,dist_to_low_168_sqrt_z,target_log_ret_horizon_5,5,20.0,spearman,0.017689017190903485,0.017689017190903485,5635,54
240,240m,SOLUSDT,24,True,dist_to_low_168_sqrt_z,target_log_ret_horizon_10,10,40.0,spearman,0.027382661575807626,0.027382661575807626,5635,54
240,240m,SOLUSDT,24,True,dist_to_low_168_sqrt_z,target_log_ret_horizon_24,24,96.0,spearman,0.035259551464247155,0.035259551464247155,5635,54
240,240m,SOLUSDT,24,True,price_pos_in_range_168_norm,target_log_ret_horizon_1,1,4.0,spearman,0.007676784842360233,0.007676784842360233,5635,54
240,240m,SOLUSDT,24,True,price_pos_in_range_168_norm,target_log_ret_horizon_3,3,12.0,spearman,0.017808771191828037,0.017808771191828037,5635,54
240,240m,SOLUSDT,24,True,price_pos_in_range_168_norm,target_log_ret_horizon_5,5,20.0,spearman,0.025492618835201868,0.025492618835201868,5635,54
240,240m,SOLUSDT,24,True,price_pos_in_range_168_norm,target_log_ret_horizon_10,10,40.0,spearman,0.06179176153084311,0.06179176153084311,5635,54
240,240m,SOLUSDT,24,True,price_pos_in_range_168_norm,target_log_ret_horizon_24,24,96.0,spearman,0.08829388371928118,0.08829388371928118,5635,54
