trial_number,study_name,bandit_name,method_group,set_name,z_window,n_market_features,feature_list,memory_horizon_bars,objective_score,valid,objective_metric_name,constraints_values,cv_min_symbol_trades,cv_finite_objective,observed_dro_minimax_median,observed_dro_pure_min_median,dro_alpha,observed_median_max_drawdown_abs,observed_median_profit_factor,observed_median_total_trades,observed_median_min_symbol_trades,n_seeds,seeds_used,dro_minimax_median,dro_minimax_mean,dro_minimax_std,dro_minimax_min,dro_minimax_max,dro_pure_min_median,dro_pure_min_mean,dro_pure_min_std,h1_mean_aggregate_median,h2_mean_aggregate_median,full_mean_aggregate_median,median_max_drawdown_abs,median_profit_factor,median_total_trades,median_min_symbol_trades,median_holding_bars_overall,mean_holding_bars_overall,p25_holding_bars_overall,p75_holding_bars_overall,share_trades_closed_before_horizon_overall,share_trades_closed_after_horizon_overall,median_time_between_entries_overall,forced_singleton_ratio_overall,decision_point_ratio_overall,bandit_consulted_ratio_overall,pending_update_queued_ratio_overall,param_bandit_type,param_reward_clip,param_lambda_prior,param_discount_factor,param_noise_std,optuna_param_lambda_prior,optuna_param_one_minus_gamma,optuna_param_noise_std,param_ucb_alpha,optuna_param_ucb_alpha,diagnostic_rank
41,discounted_lints__corr__z48_a0p5_corr_pruned_top10,discounted_lints,corr,z48_a0p5_corr_pruned_top10,48,10,MOM_pct_14_z|MACD_hist_pct_z|dist_to_low_24_sqrt_z|MOM_pct_30_z|range_sqrt_z|bb_width_20_sqrt_z|vol_ratio_72_log1p_z|body_sqrt_z|ret_accel_6_24_z|NATR_14_z,441.3620095863024,-2.1004449023106986,True,dro_minimax_median,"[-44.0, 0.0]",-44.0,0.0,-2.1004449023106986,-3.1782976298454577,0.5,7.990496930022251,0.7804922660928212,406.0,94.0,5,3142|3143|3144|3145|3146,-2.1004449023106986,-2.2227413076933376,0.2389587916047379,-2.486717939866975,-1.987160212166028,-3.1782976298454577,-3.195653430383649,0.4527976977366403,0.8551918091416236,-3.1782976298454577,-2.628936512769468,7.990496930022251,0.7804922660928212,406.0,94.0,4.0,6.622516556291391,4.0,6.0,0.852760736196319,0.147239263803681,9.0,0.302,0.698,1.0,0.995,discounted_lints,0.1,0.5993939882325746,0.9977342861907456,0.0025940445198464,0.5993939882325746,0.0022657138092544,0.0025940445198464,,,1
14,discounted_lints__corr__z48_a0p5_corr_pruned_top10,discounted_lints,corr,z48_a0p5_corr_pruned_top10,48,10,MOM_pct_14_z|MACD_hist_pct_z|dist_to_low_24_sqrt_z|MOM_pct_30_z|range_sqrt_z|bb_width_20_sqrt_z|vol_ratio_72_log1p_z|body_sqrt_z|ret_accel_6_24_z|NATR_14_z,449.1673104242337,-2.238763111301713,True,dro_minimax_median,"[-44.0, 0.0]",-44.0,0.0,-2.238763111301713,-3.3354158100680245,0.5,7.3292510761933105,0.7716024779427723,413.0,94.0,5,3142|3143|3144|3145|3146,-2.238763111301713,-2.4536036528330563,0.317605102499099,-2.868737692843152,-2.209290014093611,-3.3354158100680245,-3.4031800872128857,0.3933376799631585,0.2874638326662682,-3.3354158100680245,-3.0031078644589315,7.3292510761933105,0.7716024779427723,413.0,94.0,4.0,6.369426751592357,4.0,6.0,0.8622754491017964,0.1377245508982036,9.0,0.31,0.69,1.0,0.995,discounted_lints,0.1,0.7890133017610734,0.9977736581073644,0.0028973262654707,0.7890133017610734,0.0022263418926357,0.0028973262654707,,,2
40,discounted_lints__corr__z48_a0p5_corr_pruned_top10,discounted_lints,corr,z48_a0p5_corr_pruned_top10,48,10,MOM_pct_14_z|MACD_hist_pct_z|dist_to_low_24_sqrt_z|MOM_pct_30_z|range_sqrt_z|bb_width_20_sqrt_z|vol_ratio_72_log1p_z|body_sqrt_z|ret_accel_6_24_z|NATR_14_z,447.1080146910394,-2.343976971676416,True,dro_minimax_median,"[-46.0, 0.0]",-46.0,0.0,-2.343976971676416,-3.3249256551030952,0.5,7.765402118081854,0.7522849890647041,410.0,96.0,5,3142|3143|3144|3145|3146,-2.343976971676416,-2.517666177425733,0.31213033468694,-2.9500813285778595,-2.2678591707645985,-3.3249256551030952,-3.5852986284821045,0.4602786279458267,0.7869454019470626,-3.3249256551030952,-2.743790323579668,7.765402118081854,0.7522849890647041,410.0,96.0,4.0,6.61437908496732,4.0,6.0,0.8404907975460123,0.1595092024539877,9.0,0.3055,0.6945,1.0,0.995,discounted_lints,0.1,0.60425844975987,0.9977634039937956,0.0031120036514668,0.60425844975987,0.0022365960062044,0.0031120036514668,,,3
17,discounted_lints__corr__z48_a0p5_corr_pruned_top10,discounted_lints,corr,z48_a0p5_corr_pruned_top10,48,10,MOM_pct_14_z|MACD_hist_pct_z|dist_to_low_24_sqrt_z|MOM_pct_30_z|range_sqrt_z|bb_width_20_sqrt_z|vol_ratio_72_log1p_z|body_sqrt_z|ret_accel_6_24_z|NATR_14_z,346.801718078674,-2.398793444631141,True,dro_minimax_median,"[-56.0, 0.0]",-56.0,0.0,-2.398793444631141,-3.1806690202852543,0.5,8.518537416506,0.7569892428186439,429.0,106.0,5,3142|3143|3144|3145|3146,-2.398793444631141,-2.5788426992793263,0.5978880164652735,-3.40469279282799,-1.94440927452294,-3.1806690202852543,-3.5615179048897176,0.6128614632771483,0.2154313255652777,-3.1806690202852543,-3.309618713572408,8.518537416506,0.7569892428186439,429.0,106.0,4.0,6.3625,4.0,6.0,0.8490566037735849,0.1509433962264151,8.5,0.3195,0.6805,1.0,0.995,discounted_lints,0.1,0.5527612612987765,0.9971165079413674,0.0067858991602957,0.5527612612987765,0.0028834920586326,0.0067858991602957,,,4
16,discounted_lints__corr__z48_a0p5_corr_pruned_top10,discounted_lints,corr,z48_a0p5_corr_pruned_top10,48,10,MOM_pct_14_z|MACD_hist_pct_z|dist_to_low_24_sqrt_z|MOM_pct_30_z|range_sqrt_z|bb_width_20_sqrt_z|vol_ratio_72_log1p_z|body_sqrt_z|ret_accel_6_24_z|NATR_14_z,435.70941343929496,-2.4075105017250467,True,dro_minimax_median,"[-47.0, 0.0]",-47.0,0.0,-2.4075105017250467,-3.472045272615251,0.5,7.720371850722241,0.7489685333531486,407.0,97.0,5,3142|3143|3144|3145|3146,-2.4075105017250467,-2.494604213790189,0.2745692695694926,-2.888350670495196,-2.164199383718097,-3.472045272615251,-3.6262832890540615,0.4664367099712992,0.7860938109455651,-3.472045272615251,-2.685479746907079,7.720371850722241,0.7489685333531486,407.0,97.0,4.0,6.56687898089172,4.0,6.0,0.8471337579617835,0.1528662420382165,9.0,0.304,0.696,1.0,0.995,discounted_lints,0.1,0.603144624246731,0.9977048923682724,0.0028093178008403,0.603144624246731,0.0022951076317274,0.0028093178008403,,,5
39,discounted_lints__corr__z48_a0p5_corr_pruned_top10,discounted_lints,corr,z48_a0p5_corr_pruned_top10,48,10,MOM_pct_14_z|MACD_hist_pct_z|dist_to_low_24_sqrt_z|MOM_pct_30_z|range_sqrt_z|bb_width_20_sqrt_z|vol_ratio_72_log1p_z|body_sqrt_z|ret_accel_6_24_z|NATR_14_z,415.26576752547686,-2.44024211193696,True,dro_minimax_median,"[-43.0, 0.0]",-43.0,0.0,-2.44024211193696,-3.445869087324079,0.5,8.178971579958748,0.7682661466227908,408.0,93.0,5,3142|3143|3144|3145|3146,-2.44024211193696,-2.360142170691417,0.4782370020455024,-2.9299640904656536,-1.7624208416923326,-3.445869087324079,-3.519653143143905,0.675606403613067,1.3859487188430182,-3.445869087324079,-2.6676208426183123,8.178971579958748,0.7682661466227908,408.0,93.0,4.0,6.415584415584416,4.0,6.0,0.8571428571428571,0.1428571428571428,9.0,0.304,0.696,1.0,0.995,discounted_lints,0.1,0.654086499888152,0.9975919035995696,0.0020428023276655,0.654086499888152,0.0024080964004302,0.0020428023276655,,,6
21,discounted_lints__corr__z48_a0p5_corr_pruned_top10,discounted_lints,corr,z48_a0p5_corr_pruned_top10,48,10,MOM_pct_14_z|MACD_hist_pct_z|dist_to_low_24_sqrt_z|MOM_pct_30_z|range_sqrt_z|bb_width_20_sqrt_z|vol_ratio_72_log1p_z|body_sqrt_z|ret_accel_6_24_z|NATR_14_z,407.8409373664503,-2.559553517580598,True,dro_minimax_median,"[-47.0, 0.0]",-47.0,0.0,-2.559553517580598,-3.591317126939934,0.5,7.700592492978298,0.7532044477746751,410.0,97.0,5,3142|3143|3144|3145|3146,-2.559553517580598,-2.7148261872126964,0.3366050410698811,-3.1215934466465214,-2.396833839987337,-3.591317126939934,-3.81289266451164,0.356215836521784,0.5801580172070405,-3.591317126939934,-3.073687766517471,7.700592492978298,0.7532044477746751,410.0,97.0,4.0,6.329032258064516,4.0,6.0,0.8571428571428571,0.1428571428571428,9.0,0.31,0.69,1.0,0.995,discounted_lints,0.1,0.5081409822261863,0.9975480636974372,0.0015178225611478,0.5081409822261863,0.0024519363025627,0.0015178225611478,,,7
48,discounted_lints__corr__z48_a0p5_corr_pruned_top10,discounted_lints,corr,z48_a0p5_corr_pruned_top10,48,10,MOM_pct_14_z|MACD_hist_pct_z|dist_to_low_24_sqrt_z|MOM_pct_30_z|range_sqrt_z|bb_width_20_sqrt_z|vol_ratio_72_log1p_z|body_sqrt_z|ret_accel_6_24_z|NATR_14_z,439.56045396839886,-2.600479600522005,True,dro_minimax_median,"[-45.0, 0.0]",-45.0,0.0,-2.600479600522005,-3.667773395528503,0.5,8.763938322751263,0.7700714445793791,412.0,95.0,5,3142|3143|3144|3145|3146,-2.600479600522005,-2.603494768938956,0.4097883717555577,-3.0551803004768825,-1.9992914861919475,-3.667773395528503,-3.7195078377603137,0.4164941184730521,1.0633333708379156,-3.667773395528503,-3.012076240033135,8.763938322751263,0.7700714445793791,412.0,95.0,4.0,6.516339869281046,4.0,6.0,0.863905325443787,0.136094674556213,9.0,0.304,0.696,1.0,0.995,discounted_lints,0.1,1.0476430142302595,0.9977250000745702,0.002155385904788,1.0476430142302595,0.0022749999254298,0.002155385904788,,,8
13,discounted_lints__corr__z48_a0p5_corr_pruned_top10,discounted_lints,corr,z48_a0p5_corr_pruned_top10,48,10,MOM_pct_14_z|MACD_hist_pct_z|dist_to_low_24_sqrt_z|MOM_pct_30_z|range_sqrt_z|bb_width_20_sqrt_z|vol_ratio_72_log1p_z|body_sqrt_z|ret_accel_6_24_z|NATR_14_z,444.90047048854416,-2.61296353092653,True,dro_minimax_median,"[-43.0, 0.0]",-43.0,0.0,-2.61296353092653,-3.315768814905873,0.5,8.53189706926366,0.778596941960028,403.0,93.0,5,3142|3143|3144|3145|3146,-2.61296353092653,-2.600882182178203,0.4069353367579345,-3.053521207740671,-2.148563813102615,-3.315768814905873,-3.6611357621856486,0.6535012081575289,0.478010228048246,-3.315768814905873,-2.9222556605903933,8.53189706926366,0.778596941960028,403.0,93.0,4.0,6.610738255033557,4.0,6.0,0.8543046357615894,0.1456953642384106,9.0,0.298,0.702,1.0,0.995,discounted_lints,0.1,0.993749507752598,0.9977523062654848,0.0039300971821477,0.993749507752598,0.0022476937345152,0.0039300971821477,,,9
18,discounted_lints__corr__z48_a0p5_corr_pruned_top10,discounted_lints,corr,z48_a0p5_corr_pruned_top10,48,10,MOM_pct_14_z|MACD_hist_pct_z|dist_to_low_24_sqrt_z|MOM_pct_30_z|range_sqrt_z|bb_width_20_sqrt_z|vol_ratio_72_log1p_z|body_sqrt_z|ret_accel_6_24_z|NATR_14_z,358.4180466612352,-2.65049289921552,True,dro_minimax_median,"[-52.0, 0.0]",-52.0,0.0,-2.65049289921552,-3.694559366419796,0.5,8.412203990281263,0.8152971888582181,435.0,102.0,5,3142|3143|3144|3145|3146,-2.65049289921552,-2.5961925986964625,0.5300617612655123,-3.196024024226535,-1.7385635872819256,-3.694559366419796,-3.64280784451058,0.5668256104352937,0.5083743071562452,-3.694559366419796,-3.203475496920568,8.412203990281263,0.8152971888582181,435.0,102.0,4.0,6.198757763975156,4.0,6.0,0.8571428571428571,0.1428571428571428,9.0,0.312,0.688,1.0,0.995,discounted_lints,0.1,0.7750126168297041,0.997209961916496,0.006738105078115,0.7750126168297041,0.0027900380835041,0.006738105078115,,,10
10,discounted_lints__corr__z48_a0p5_corr_pruned_top10,discounted_lints,corr,z48_a0p5_corr_pruned_top10,48,10,MOM_pct_14_z|MACD_hist_pct_z|dist_to_low_24_sqrt_z|MOM_pct_30_z|range_sqrt_z|bb_width_20_sqrt_z|vol_ratio_72_log1p_z|body_sqrt_z|ret_accel_6_24_z|NATR_14_z,351.5237025423119,-2.677575119267055,True,dro_minimax_median,"[-50.0, 0.0]",-50.0,0.0,-2.677575119267055,-3.639290310844749,0.5,8.06363401877549,0.7575622808337844,423.0,100.0,5,3142|3143|3144|3145|3146,-2.677575119267055,-2.719081006761485,0.4245864678512512,-3.3420420601930374,-2.191150227893415,-3.639290310844749,-3.803050966974128,0.6396304923316006,0.4417493713945656,-3.639290310844749,-3.4183253077239875,8.06363401877549,0.7575622808337844,423.0,100.0,4.0,6.259493670886076,4.0,6.0,0.8580246913580247,0.1419753086419753,8.5,0.3179999999999999,0.682,1.0,0.995,discounted_lints,0.1,1.4585413466636183,0.9971552416159488,0.0031904523613835,1.4585413466636183,0.0028447583840513,0.0031904523613835,,,11
37,discounted_lints__corr__z48_a0p5_corr_pruned_top10,discounted_lints,corr,z48_a0p5_corr_pruned_top10,48,10,MOM_pct_14_z|MACD_hist_pct_z|dist_to_low_24_sqrt_z|MOM_pct_30_z|range_sqrt_z|bb_width_20_sqrt_z|vol_ratio_72_log1p_z|body_sqrt_z|ret_accel_6_24_z|NATR_14_z,443.63639287640297,-2.6936224917655567,True,dro_minimax_median,"[-47.0, 0.0]",-47.0,0.0,-2.6936224917655567,-3.701510951713861,0.5,9.042373872729758,0.7403913099714601,404.0,97.0,5,3142|3143|3144|3145|3146,-2.6936224917655567,-2.7488424174720807,0.4615035469142984,-3.4400151125697165,-2.1570198761307817,-3.701510951713861,-3.7996350553547513,0.5920960450686862,0.3300428880793553,-3.701510951713861,-3.517874179359359,9.042373872729758,0.7403913099714601,404.0,97.0,4.0,6.694805194805195,4.0,7.0,0.8375,0.1625,9.0,0.3035,0.6965,1.0,0.995,discounted_lints,0.1,1.0068630215602326,0.9977459017879116,0.0027222096821411,1.0068630215602326,0.0022540982120882,0.0027222096821411,,,12
45,discounted_lints__corr__z48_a0p5_corr_pruned_top10,discounted_lints,corr,z48_a0p5_corr_pruned_top10,48,10,MOM_pct_14_z|MACD_hist_pct_z|dist_to_low_24_sqrt_z|MOM_pct_30_z|range_sqrt_z|bb_width_20_sqrt_z|vol_ratio_72_log1p_z|body_sqrt_z|ret_accel_6_24_z|NATR_14_z,387.5727301661341,-2.69678859685582,True,dro_minimax_median,"[-56.0, 0.0]",-56.0,0.0,-2.69678859685582,-3.7920247763414223,0.5,7.930811254962533,0.7505403245359418,425.0,106.0,5,3142|3143|3144|3145|3146,-2.69678859685582,-2.6750875372426286,0.5434539403186928,-3.4887747960657407,-2.071385053470618,-3.7920247763414223,-3.7790324982367096,0.4766164401686317,0.6668665008231193,-3.7920247763414223,-3.139126297431131,7.930811254962533,0.7505403245359418,425.0,106.0,4.0,6.30625,4.0,6.0,0.8486842105263158,0.1513157894736842,9.0,0.308,0.692,1.0,0.995,discounted_lints,0.1,0.6300812252201025,0.9974198391110456,0.0038208046798026,0.6300812252201025,0.0025801608889545,0.0038208046798026,,,13
44,discounted_lints__corr__z48_a0p5_corr_pruned_top10,discounted_lints,corr,z48_a0p5_corr_pruned_top10,48,10,MOM_pct_14_z|MACD_hist_pct_z|dist_to_low_24_sqrt_z|MOM_pct_30_z|range_sqrt_z|bb_width_20_sqrt_z|vol_ratio_72_log1p_z|body_sqrt_z|ret_accel_6_24_z|NATR_14_z,445.7808791820702,-2.7322381837283167,True,dro_minimax_median,"[-45.0, 0.0]",-45.0,0.0,-2.7322381837283167,-3.91089810428773,0.5,8.022547995829976,0.7486726988461067,407.0,95.0,5,3142|3143|3144|3145|3146,-2.7322381837283167,-2.560553245002884,0.291967590212712,-2.75669855803092,-2.0791710311307057,-3.91089810428773,-3.635735758851785,0.4223827665929631,0.7987298867206801,-3.91089810428773,-3.1062430585422867,8.022547995829976,0.7486726988461067,407.0,95.0,4.0,6.573248407643312,4.0,6.0,0.8545454545454545,0.1454545454545454,9.0,0.296,0.704,1.0,0.995,discounted_lints,0.1,1.2639439740023348,0.997756745417536,0.0037734309407744,1.2639439740023348,0.0022432545824639,0.0037734309407744,,,14
34,discounted_lints__corr__z48_a0p5_corr_pruned_top10,discounted_lints,corr,z48_a0p5_corr_pruned_top10,48,10,MOM_pct_14_z|MACD_hist_pct_z|dist_to_low_24_sqrt_z|MOM_pct_30_z|range_sqrt_z|bb_width_20_sqrt_z|vol_ratio_72_log1p_z|body_sqrt_z|ret_accel_6_24_z|NATR_14_z,441.5457720378468,-2.775250537226404,True,dro_minimax_median,"[-47.0, 0.0]",-47.0,0.0,-2.775250537226404,-3.9186521245855936,0.5,8.947712090817594,0.7654479228727703,412.0,97.0,5,3142|3143|3144|3145|3146,-2.775250537226404,-2.595459195038683,0.3854390770412013,-2.9437582077724325,-2.07423805257966,-3.9186521245855936,-3.68069301709714,0.4595109526273615,0.6619799589109299,-3.9186521245855936,-3.241975225184705,8.947712090817594,0.7654479228727703,412.0,97.0,4.0,6.5131578947368425,4.0,6.0,0.8513513513513513,0.1486486486486486,9.0,0.304,0.696,1.0,0.995,discounted_lints,0.1,0.5300757348293145,0.9977352291351704,0.0010637553126716,0.5300757348293145,0.0022647708648295,0.0010637553126716,,,15
28,discounted_lints__corr__z48_a0p5_corr_pruned_top10,discounted_lints,corr,z48_a0p5_corr_pruned_top10,48,10,MOM_pct_14_z|MACD_hist_pct_z|dist_to_low_24_sqrt_z|MOM_pct_30_z|range_sqrt_z|bb_width_20_sqrt_z|vol_ratio_72_log1p_z|body_sqrt_z|ret_accel_6_24_z|NATR_14_z,435.33965468062047,-2.7768877013496565,True,dro_minimax_median,"[-49.0, 0.0]",-49.0,0.0,-2.7768877013496565,-3.689236667418864,0.5,8.88721915974562,0.704413561181604,416.0,99.0,5,3142|3143|3144|3145|3146,-2.7768877013496565,-2.906412543087862,0.5565988331918743,-3.77673897845202,-2.390440384494151,-3.689236667418864,-4.052029827278342,0.7522393197851895,0.5061328211613573,-3.689236667418864,-3.511787016714836,8.88721915974562,0.704413561181604,416.0,99.0,4.0,6.417721518987341,4.0,6.0,0.8607594936708861,0.1392405063291139,9.0,0.3159999999999999,0.684,1.0,0.995,discounted_lints,0.1,0.5976890536650495,0.9977029430026684,0.0034172408386008,0.5976890536650495,0.0022970569973315,0.0034172408386008,,,16
31,discounted_lints__corr__z48_a0p5_corr_pruned_top10,discounted_lints,corr,z48_a0p5_corr_pruned_top10,48,10,MOM_pct_14_z|MACD_hist_pct_z|dist_to_low_24_sqrt_z|MOM_pct_30_z|range_sqrt_z|bb_width_20_sqrt_z|vol_ratio_72_log1p_z|body_sqrt_z|ret_accel_6_24_z|NATR_14_z,413.67138866864286,-2.784205728093013,True,dro_minimax_median,"[-46.0, 0.0]",-46.0,0.0,-2.784205728093013,-3.7192052945218177,0.5,8.38878302748942,0.7856787446652833,417.0,96.0,5,3142|3143|3144|3145|3146,-2.784205728093013,-2.5623009815315303,0.4689252403600678,-3.012534932151185,-1.8749415471294304,-3.7192052945218177,-3.784160322784699,0.4563688289032322,1.4474304126767572,-3.7192052945218177,-2.8962292128159075,8.38878302748942,0.7856787446652833,417.0,96.0,4.0,6.4480519480519485,4.0,6.0,0.8679245283018868,0.1320754716981132,9.0,0.3095,0.6905,1.0,0.995,discounted_lints,0.1,0.5922147519351249,0.9975826222760572,0.0020499721366792,0.5922147519351249,0.0024173777239426,0.0020499721366792,,,17
42,discounted_lints__corr__z48_a0p5_corr_pruned_top10,discounted_lints,corr,z48_a0p5_corr_pruned_top10,48,10,MOM_pct_14_z|MACD_hist_pct_z|dist_to_low_24_sqrt_z|MOM_pct_30_z|range_sqrt_z|bb_width_20_sqrt_z|vol_ratio_72_log1p_z|body_sqrt_z|ret_accel_6_24_z|NATR_14_z,435.6454433766799,-2.794526708387896,True,dro_minimax_median,"[-54.0, 0.0]",-54.0,0.0,-2.794526708387896,-3.729350396064553,0.5,8.40628745074704,0.7227367658454656,416.0,104.0,5,3142|3143|3144|3145|3146,-2.794526708387896,-2.6150137260271946,0.6840244935135349,-3.4985043121887376,-1.7436824903334056,-3.729350396064553,-3.554107695088604,0.8616328980979687,0.2455006839330679,-3.729350396064553,-3.6507939020234894,8.40628745074704,0.7227367658454656,416.0,104.0,4.0,6.423841059602649,4.0,6.0,0.8543046357615894,0.1456953642384106,9.0,0.302,0.698,1.0,0.995,discounted_lints,0.1,0.6851917229739993,0.99770455535527,0.003291027467225,0.6851917229739993,0.0022954446447299,0.003291027467225,,,18
24,discounted_lints__corr__z48_a0p5_corr_pruned_top10,discounted_lints,corr,z48_a0p5_corr_pruned_top10,48,10,MOM_pct_14_z|MACD_hist_pct_z|dist_to_low_24_sqrt_z|MOM_pct_30_z|range_sqrt_z|bb_width_20_sqrt_z|vol_ratio_72_log1p_z|body_sqrt_z|ret_accel_6_24_z|NATR_14_z,386.99270669434463,-2.7980749171964545,True,dro_minimax_median,"[-50.0, 0.0]",-50.0,0.0,-2.7980749171964545,-3.7310320231169016,0.5,8.539207516312041,0.7485969944231323,414.0,100.0,5,3142|3143|3144|3145|3146,-2.7980749171964545,-2.7811964936756874,0.7496537898700155,-3.949039328421829,-1.9988165710121408,-3.7310320231169016,-3.8796886372914265,0.822759548461386,0.3833241172832606,-3.7310320231169016,-3.474573995676367,8.539207516312041,0.7485969944231323,414.0,100.0,4.0,6.616352201257862,4.0,7.0,0.8364779874213837,0.1635220125786163,9.0,0.309,0.691,1.0,0.995,discounted_lints,0.1,0.5187814785725994,0.9974159719738858,0.0045308335475473,0.5187814785725994,0.0025840280261142,0.0045308335475473,,,19
15,discounted_lints__corr__z48_a0p5_corr_pruned_top10,discounted_lints,corr,z48_a0p5_corr_pruned_top10,48,10,MOM_pct_14_z|MACD_hist_pct_z|dist_to_low_24_sqrt_z|MOM_pct_30_z|range_sqrt_z|bb_width_20_sqrt_z|vol_ratio_72_log1p_z|body_sqrt_z|ret_accel_6_24_z|NATR_14_z,430.8457047892298,-2.8536258690798686,True,dro_minimax_median,"[-46.0, 0.0]",-46.0,0.0,-2.8536258690798686,-4.144470420160558,0.5,8.845492990511927,0.7908239159614301,403.0,96.0,5,3142|3143|3144|3145|3146,-2.8536258690798686,-2.727647983126896,0.4753344428369798,-3.316006522451992,-2.0255839892920204,-4.144470420160558,-4.020733774333327,0.4316255156255482,1.3085803125137443,-4.144470420160558,-2.759017365776506,8.845492990511927,0.7908239159614301,403.0,96.0,4.0,6.635761589403973,4.0,6.0,0.847682119205298,0.152317880794702,9.0,0.294,0.706,1.0,0.995,discounted_lints,0.1,1.2563977855684068,0.9976789834762558,0.0011550455971341,1.2563977855684068,0.0023210165237441,0.0011550455971341,,,20
20,discounted_lints__corr__z48_a0p5_corr_pruned_top10,discounted_lints,corr,z48_a0p5_corr_pruned_top10,48,10,MOM_pct_14_z|MACD_hist_pct_z|dist_to_low_24_sqrt_z|MOM_pct_30_z|range_sqrt_z|bb_width_20_sqrt_z|vol_ratio_72_log1p_z|body_sqrt_z|ret_accel_6_24_z|NATR_14_z,446.04225092195895,-2.9077885017990432,True,dro_minimax_median,"[-52.0, 0.0]",-52.0,0.0,-2.9077885017990432,-4.262003759044223,0.5,9.10958344950349,0.7510839511627555,414.0,102.0,5,3142|3143|3144|3145|3146,-2.9077885017990432,-2.877205303569073,0.4763983332989354,-3.3195874485751675,-2.1075136881522187,-4.262003759044223,-3.9903016535175566,0.78451379413542,0.693728123088011,-4.262003759044223,-3.167396552857286,9.10958344950349,0.7510839511627555,414.0,102.0,4.0,6.782312925170068,4.0,6.0,0.8402777777777778,0.1597222222222222,9.0,0.294,0.706,1.0,0.995,discounted_lints,0.1,2.765605731385763,0.9977580599193618,0.0065669103711143,2.765605731385763,0.0022419400806381,0.0065669103711143,,,21
36,discounted_lints__corr__z48_a0p5_corr_pruned_top10,discounted_lints,corr,z48_a0p5_corr_pruned_top10,48,10,MOM_pct_14_z|MACD_hist_pct_z|dist_to_low_24_sqrt_z|MOM_pct_30_z|range_sqrt_z|bb_width_20_sqrt_z|vol_ratio_72_log1p_z|body_sqrt_z|ret_accel_6_24_z|NATR_14_z,421.8914199308289,-2.9101253260783007,True,dro_minimax_median,"[-45.0, 0.0]",-45.0,0.0,-2.9101253260783007,-4.110123695158178,0.5,8.901070548634438,0.750121007071174,410.0,95.0,5,3142|3143|3144|3145|3146,-2.9101253260783007,-2.9347907933911914,0.176037702295514,-3.225796007945223,-2.7535814802492418,-4.110123695158178,-4.083971106888996,0.2109457768178944,0.6336765016473919,-4.110123695158178,-3.470704285259396,8.901070548634438,0.750121007071174,410.0,95.0,4.0,6.443708609271523,4.0,6.0,0.8606060606060606,0.1393939393939394,9.0,0.3075,0.6925,1.0,0.995,discounted_lints,0.1,1.456523181934939,0.9976297218839768,0.0026600127404841,1.456523181934939,0.0023702781160232,0.0026600127404841,,,22
27,discounted_lints__corr__z48_a0p5_corr_pruned_top10,discounted_lints,corr,z48_a0p5_corr_pruned_top10,48,10,MOM_pct_14_z|MACD_hist_pct_z|dist_to_low_24_sqrt_z|MOM_pct_30_z|range_sqrt_z|bb_width_20_sqrt_z|vol_ratio_72_log1p_z|body_sqrt_z|ret_accel_6_24_z|NATR_14_z,421.4296428868562,-3.035776817825816,True,dro_minimax_median,"[-51.0, 0.0]",-51.0,0.0,-3.035776817825816,-3.9117813515209967,0.5,9.024331301888576,0.7202395193656411,415.0,101.0,5,3142|3143|3144|3145|3146,-3.035776817825816,-2.846299837119976,0.6166417802810972,-3.4857379212153226,-1.8756425994180896,-3.9117813515209967,-3.9283931815863817,0.7775592774816009,0.6036230982089164,-3.9117813515209967,-3.759932636017056,9.024331301888576,0.7202395193656411,415.0,101.0,4.0,6.470967741935484,4.0,6.0,0.85625,0.14375,9.0,0.31,0.69,1.0,0.995,discounted_lints,0.1,0.6814923733305657,0.997627124676969,0.0042187143990616,0.6814923733305657,0.002372875323031,0.0042187143990616,,,23
35,discounted_lints__corr__z48_a0p5_corr_pruned_top10,discounted_lints,corr,z48_a0p5_corr_pruned_top10,48,10,MOM_pct_14_z|MACD_hist_pct_z|dist_to_low_24_sqrt_z|MOM_pct_30_z|range_sqrt_z|bb_width_20_sqrt_z|vol_ratio_72_log1p_z|body_sqrt_z|ret_accel_6_24_z|NATR_14_z,354.1102853925884,-3.0392108293912297,True,dro_minimax_median,"[-48.0, 0.0]",-48.0,0.0,-3.0392108293912297,-4.058647133718903,0.5,9.285646763723376,0.7261945177773733,412.0,98.0,5,3142|3143|3144|3145|3146,-3.0392108293912297,-2.9279684721905013,0.1931263634779637,-3.049123973408131,-2.599309308399967,-4.058647133718903,-3.948483934795258,0.2501601928136771,0.1213597284998554,-4.058647133718903,-3.910836912769808,9.285646763723376,0.7261945177773733,412.0,98.0,4.0,6.420382165605096,4.0,6.0,0.84,0.16,9.0,0.3135,0.6865,1.0,0.995,discounted_lints,0.1,0.5553781003528488,0.9971760210272024,0.0011593502336122,0.5553781003528488,0.0028239789727975,0.0011593502336122,,,24
43,discounted_lints__corr__z48_a0p5_corr_pruned_top10,discounted_lints,corr,z48_a0p5_corr_pruned_top10,48,10,MOM_pct_14_z|MACD_hist_pct_z|dist_to_low_24_sqrt_z|MOM_pct_30_z|range_sqrt_z|bb_width_20_sqrt_z|vol_ratio_72_log1p_z|body_sqrt_z|ret_accel_6_24_z|NATR_14_z,429.76355028436745,-3.0920636526194336,True,dro_minimax_median,"[-52.0, 0.0]",-52.0,0.0,-3.0920636526194336,-4.403858773682105,0.5,8.38624054181233,0.7836540601718404,421.0,102.0,5,3142|3143|3144|3145|3146,-3.0920636526194336,-3.093210258671384,0.9911608899730616,-4.538138895471457,-2.163042996691277,-4.403858773682105,-4.258953051082413,1.2156193540762796,0.7069335371764721,-4.403858773682105,-3.6061715710007007,8.38624054181233,0.7836540601718404,421.0,102.0,4.0,6.526315789473684,4.0,7.0,0.84375,0.15625,9.0,0.3055,0.6945,1.0,0.995,discounted_lints,0.1,1.007586273599054,0.997673139103262,0.0082165857642144,1.007586273599054,0.002326860896738,0.0082165857642144,,,25
7,discounted_lints__corr__z48_a0p5_corr_pruned_top10,discounted_lints,corr,z48_a0p5_corr_pruned_top10,48,10,MOM_pct_14_z|MACD_hist_pct_z|dist_to_low_24_sqrt_z|MOM_pct_30_z|range_sqrt_z|bb_width_20_sqrt_z|vol_ratio_72_log1p_z|body_sqrt_z|ret_accel_6_24_z|NATR_14_z,318.8890416271251,-3.118237546377162,True,dro_minimax_median,"[-52.0, 0.0]",-52.0,0.0,-3.118237546377162,-4.319606323336182,0.5,8.734709078712743,0.7922339097972124,417.0,102.0,5,3142|3143|3144|3145|3146,-3.118237546377162,-3.0777735113095828,0.4415701963172588,-3.4934045497130475,-2.475677318837608,-4.319606323336182,-4.259661420352253,0.6532834792043983,0.4858687844998988,-4.319606323336182,-3.833760713448035,8.734709078712743,0.7922339097972124,417.0,102.0,4.0,6.38562091503268,4.0,6.0,0.8364779874213837,0.1635220125786163,8.0,0.3075,0.6925,1.0,0.995,discounted_lints,0.1,1.4429230661432637,0.996864113000254,0.0029636709284422,1.4429230661432637,0.0031358869997461,0.0029636709284422,,,26
12,discounted_lints__corr__z48_a0p5_corr_pruned_top10,discounted_lints,corr,z48_a0p5_corr_pruned_top10,48,10,MOM_pct_14_z|MACD_hist_pct_z|dist_to_low_24_sqrt_z|MOM_pct_30_z|range_sqrt_z|bb_width_20_sqrt_z|vol_ratio_72_log1p_z|body_sqrt_z|ret_accel_6_24_z|NATR_14_z,276.2534235208599,-3.121925311985681,True,dro_minimax_median,"[-65.0, 0.0]",-65.0,0.0,-3.121925311985681,-4.013801299873432,0.5,8.80824909282827,0.7965443502814675,437.0,115.0,5,3142|3143|3144|3145|3146,-3.121925311985681,-3.016734301445618,0.1935354906487951,-3.1917140643062263,-2.733911527182048,-4.013801299873432,-3.958305847882405,0.2992122279133887,-0.331719306331076,-4.013801299873432,-4.105642547516927,8.80824909282827,0.7965443502814675,437.0,115.0,4.0,6.2578616352201255,4.0,6.0,0.8490566037735849,0.1509433962264151,8.0,0.3179999999999999,0.682,1.0,0.995,discounted_lints,0.1,2.94851607683243,0.9963801353581252,0.0024682176955452,2.94851607683243,0.0036198646418747,0.0024682176955452,,,27
29,discounted_lints__corr__z48_a0p5_corr_pruned_top10,discounted_lints,corr,z48_a0p5_corr_pruned_top10,48,10,MOM_pct_14_z|MACD_hist_pct_z|dist_to_low_24_sqrt_z|MOM_pct_30_z|range_sqrt_z|bb_width_20_sqrt_z|vol_ratio_72_log1p_z|body_sqrt_z|ret_accel_6_24_z|NATR_14_z,322.9527902740556,-3.2294753746889038,True,dro_minimax_median,"[-51.0, 0.0]",-51.0,0.0,-3.2294753746889038,-4.484777096243927,0.5,8.993056780793507,0.7058123175972676,423.0,101.0,5,3142|3143|3144|3145|3146,-3.2294753746889038,-3.2448519895552748,0.3928043813236166,-3.747802816836789,-2.735211521798788,-4.484777096243927,-4.460705984866925,0.5633717936129153,0.5364297899761672,-4.484777096243927,-3.9436495744543074,8.993056780793507,0.7058123175972676,423.0,101.0,4.0,6.135802469135802,4.0,5.5,0.85625,0.14375,8.0,0.3159999999999999,0.684,1.0,0.995,discounted_lints,0.1,0.6154814376884818,0.9969035721934733,0.0040676368861266,0.6154814376884818,0.0030964278065267,0.0040676368861266,,,28
3,discounted_lints__corr__z48_a0p5_corr_pruned_top10,discounted_lints,corr,z48_a0p5_corr_pruned_top10,48,10,MOM_pct_14_z|MACD_hist_pct_z|dist_to_low_24_sqrt_z|MOM_pct_30_z|range_sqrt_z|bb_width_20_sqrt_z|vol_ratio_72_log1p_z|body_sqrt_z|ret_accel_6_24_z|NATR_14_z,445.7148152690879,-3.3200165345420785,True,dro_minimax_median,"[-43.0, 0.0]",-43.0,0.0,-3.3200165345420785,-4.384914220224078,0.5,9.406801331500446,0.7012321518200234,402.0,93.0,5,3142|3143|3144|3145|3146,-3.3200165345420785,-3.2702007996247984,0.420291162932298,-3.657113567523652,-2.640767453200873,-4.384914220224078,-4.372187277731581,0.4704151598420751,-0.1253234774960791,-4.384914220224078,-4.436883444827581,9.406801331500446,0.7012321518200234,402.0,93.0,4.0,6.527027027027027,4.0,6.0,0.8456375838926175,0.1543624161073825,9.0,0.2975,0.7025,1.0,0.995,discounted_lints,0.1,6.892590636575401,0.9977564129220244,0.0017980330440959,6.892590636575401,0.0022435870779755,0.0017980330440959,,,29
46,discounted_lints__corr__z48_a0p5_corr_pruned_top10,discounted_lints,corr,z48_a0p5_corr_pruned_top10,48,10,MOM_pct_14_z|MACD_hist_pct_z|dist_to_low_24_sqrt_z|MOM_pct_30_z|range_sqrt_z|bb_width_20_sqrt_z|vol_ratio_72_log1p_z|body_sqrt_z|ret_accel_6_24_z|NATR_14_z,243.20342301320005,-3.334121469878819,True,dro_minimax_median,"[-69.0, 0.0]",-69.0,0.0,-3.334121469878819,-4.386268757918802,0.5,8.457204763323322,0.791624802120415,440.0,119.0,5,3142|3143|3144|3145|3146,-3.334121469878819,-3.515936976161796,0.4909233914002878,-4.333025983417196,-3.112895118122696,-4.386268757918802,-4.6519737521985,0.6374093367975232,-0.1776796057588699,-4.386268757918802,-4.57310064501926,8.457204763323322,0.791624802120415,440.0,119.0,4.0,6.25,4.0,5.0,0.8543046357615894,0.1456953642384106,8.0,0.3115,0.6885,1.0,0.995,discounted_lints,0.1,1.263653629017729,0.9958882157676467,0.0012762878297298,1.263653629017729,0.0041117842323531,0.0012762878297298,,,30
23,discounted_lints__corr__z48_a0p5_corr_pruned_top10,discounted_lints,corr,z48_a0p5_corr_pruned_top10,48,10,MOM_pct_14_z|MACD_hist_pct_z|dist_to_low_24_sqrt_z|MOM_pct_30_z|range_sqrt_z|bb_width_20_sqrt_z|vol_ratio_72_log1p_z|body_sqrt_z|ret_accel_6_24_z|NATR_14_z,419.63015606497447,-3.408743836480556,True,dro_minimax_median,"[-84.0, 0.0]",-84.0,0.0,-3.408743836480556,-4.584825675940348,0.5,9.927869837022552,0.7615704725057147,467.0,134.0,5,3142|3143|3144|3145|3146,-3.408743836480556,-3.741130147541248,0.7541371425203286,-5.06249713399599,-3.20024252026649,-4.584825675940348,-4.854821185409596,0.9216133161894148,-0.0839093544286314,-4.584825675940348,-4.740787590141193,9.927869837022552,0.7615704725057147,467.0,134.0,4.0,6.449704142011834,4.0,7.0,0.8417721518987342,0.1582278481012658,9.0,0.3255,0.6745,1.0,0.995,discounted_lints,0.1,0.5437859665920957,0.9976169491502296,0.0178622357668909,0.5437859665920957,0.0023830508497705,0.0178622357668909,,,31
1,discounted_lints__corr__z48_a0p5_corr_pruned_top10,discounted_lints,corr,z48_a0p5_corr_pruned_top10,48,10,MOM_pct_14_z|MACD_hist_pct_z|dist_to_low_24_sqrt_z|MOM_pct_30_z|range_sqrt_z|bb_width_20_sqrt_z|vol_ratio_72_log1p_z|body_sqrt_z|ret_accel_6_24_z|NATR_14_z,360.83330673168297,-3.446870938789453,True,dro_minimax_median,"[-74.0, 0.0]",-74.0,0.0,-3.446870938789453,-4.408176044621929,0.5,9.181938419181968,0.7682558206241703,455.0,124.0,5,3142|3143|3144|3145|3146,-3.446870938789453,-3.4170575390428013,0.2473887295419677,-3.7150733079532094,-3.0840605962497376,-4.408176044621929,-4.460942177415776,0.5718061772622075,-0.5629556212920236,-4.408176044621929,-4.901856561566768,9.181938419181968,0.7682558206241703,455.0,124.0,4.0,6.293413173652695,4.0,6.0,0.8666666666666667,0.1333333333333333,8.0,0.3239999999999999,0.676,1.0,0.995,discounted_lints,0.1,3.672477322050449,0.9972286372090824,0.0124967214738945,3.672477322050449,0.0027713627909177,0.0124967214738945,,,32
11,discounted_lints__corr__z48_a0p5_corr_pruned_top10,discounted_lints,corr,z48_a0p5_corr_pruned_top10,48,10,MOM_pct_14_z|MACD_hist_pct_z|dist_to_low_24_sqrt_z|MOM_pct_30_z|range_sqrt_z|bb_width_20_sqrt_z|vol_ratio_72_log1p_z|body_sqrt_z|ret_accel_6_24_z|NATR_14_z,317.2937407212953,-3.4569702108761726,True,dro_minimax_median,"[-59.0, 0.0]",-59.0,0.0,-3.4569702108761726,-4.77290640804537,0.5,9.019696786631847,0.7306409502380118,425.0,109.0,5,3142|3143|3144|3145|3146,-3.4569702108761726,-3.364949297432658,0.2422613905740443,-3.5668035698919063,-3.004566864560988,-4.77290640804537,-4.608209868296686,0.3028789023368645,0.4444287865719339,-4.77290640804537,-4.364474701822116,9.019696786631847,0.7306409502380118,425.0,109.0,4.0,6.153846153846154,4.0,6.0,0.8653846153846154,0.1346153846153846,8.0,0.3155,0.6845,1.0,0.995,discounted_lints,0.1,0.6330431132136766,0.9968483462745696,0.0023244923018536,0.6330431132136766,0.0031516537254303,0.0023244923018536,,,33
30,discounted_lints__corr__z48_a0p5_corr_pruned_top10,discounted_lints,corr,z48_a0p5_corr_pruned_top10,48,10,MOM_pct_14_z|MACD_hist_pct_z|dist_to_low_24_sqrt_z|MOM_pct_30_z|range_sqrt_z|bb_width_20_sqrt_z|vol_ratio_72_log1p_z|body_sqrt_z|ret_accel_6_24_z|NATR_14_z,326.1851770881085,-3.772739044673228,True,dro_minimax_median,"[-63.0, 0.0]",-63.0,0.0,-3.772739044673228,-4.8472019355471705,0.5,9.97455062985363,0.7169721440713431,441.0,113.0,5,3142|3143|3144|3145|3146,-3.772739044673228,-3.684020691800454,0.7639533674571608,-4.769489206866448,-2.659219671819746,-4.8472019355471705,-4.928191211303664,0.873698219877866,0.0668641555862918,-4.8472019355471705,-4.96123778805458,9.97455062985363,0.7169721440713431,441.0,113.0,4.0,6.253164556962025,4.0,5.75,0.8544303797468354,0.1455696202531645,8.0,0.3175,0.6825,1.0,0.995,discounted_lints,0.1,0.6458097488724203,0.9969342567650464,0.0094338790163204,0.6458097488724203,0.0030657432349535,0.0094338790163204,,,34
4,discounted_lints__corr__z48_a0p5_corr_pruned_top10,discounted_lints,corr,z48_a0p5_corr_pruned_top10,48,10,MOM_pct_14_z|MACD_hist_pct_z|dist_to_low_24_sqrt_z|MOM_pct_30_z|range_sqrt_z|bb_width_20_sqrt_z|vol_ratio_72_log1p_z|body_sqrt_z|ret_accel_6_24_z|NATR_14_z,292.68283630105145,-3.7999565079893247,True,dro_minimax_median,"[-85.0, 0.0]",-85.0,0.0,-3.7999565079893247,-5.19015483444291,0.5,9.858740581059257,0.7081921402561165,472.0,135.0,5,3142|3143|3144|3145|3146,-3.7999565079893247,-3.9315914961022576,0.4538730339365295,-4.431786726824643,-3.4131782707505285,-5.19015483444291,-5.1166289499225845,0.692351097565805,-0.1396081843561473,-5.19015483444291,-5.903288887710223,9.858740581059257,0.7081921402561165,472.0,135.0,4.0,6.173913043478261,4.0,6.0,0.86875,0.13125,8.0,0.3235,0.6765,1.0,0.995,discounted_lints,0.1,4.605578395334537,0.9965833322765418,0.0136188343766292,4.605578395334537,0.0034166677234581,0.0136188343766292,,,35
47,discounted_lints__corr__z48_a0p5_corr_pruned_top10,discounted_lints,corr,z48_a0p5_corr_pruned_top10,48,10,MOM_pct_14_z|MACD_hist_pct_z|dist_to_low_24_sqrt_z|MOM_pct_30_z|range_sqrt_z|bb_width_20_sqrt_z|vol_ratio_72_log1p_z|body_sqrt_z|ret_accel_6_24_z|NATR_14_z,353.5815215380356,-3.8248749283620342,True,dro_minimax_median,"[-57.0, 0.0]",-57.0,0.0,-3.8248749283620342,-5.32002824521944,0.5,9.837651865410455,0.7033387043984632,404.0,107.0,5,3142|3143|3144|3145|3146,-3.8248749283620342,-3.744950441356372,1.012819914656931,-5.170856117180838,-2.64934734198699,-5.32002824521944,-5.020859818251351,1.3130046297357916,0.4306388990137466,-5.32002824521944,-4.65590695574943,9.837651865410455,0.7033387043984632,404.0,107.0,4.0,6.707482993197279,4.0,6.0,0.8367346938775511,0.1632653061224489,9.0,0.294,0.706,1.0,0.995,discounted_lints,0.1,22.54030178873006,0.9971717979049072,0.0052162993772649,22.54030178873006,0.0028282020950928,0.0052162993772649,,,36
22,discounted_lints__corr__z48_a0p5_corr_pruned_top10,discounted_lints,corr,z48_a0p5_corr_pruned_top10,48,10,MOM_pct_14_z|MACD_hist_pct_z|dist_to_low_24_sqrt_z|MOM_pct_30_z|range_sqrt_z|bb_width_20_sqrt_z|vol_ratio_72_log1p_z|body_sqrt_z|ret_accel_6_24_z|NATR_14_z,265.4115838132777,-3.860175413646005,True,dro_minimax_median,"[-68.0, 0.0]",-68.0,0.0,-3.860175413646005,-4.690560351219431,0.5,8.663686284263306,0.7803559794640056,448.0,118.0,5,3142|3143|3144|3145|3146,-3.860175413646005,-3.556477039475298,0.5574276649884834,-4.04818229115231,-2.860651155833577,-4.690560351219431,-4.716362282925294,0.7419626284779541,0.107049699204383,-4.690560351219431,-5.029517984839557,8.663686284263306,0.7803559794640056,448.0,118.0,4.0,6.144578313253012,4.0,5.75,0.8580246913580247,0.1419753086419753,8.0,0.3239999999999999,0.676,1.0,0.995,discounted_lints,0.1,0.5414484934972453,0.9962322669356304,0.0060042344597046,0.5414484934972453,0.0037677330643696,0.0060042344597046,,,37
38,discounted_lints__corr__z48_a0p5_corr_pruned_top10,discounted_lints,corr,z48_a0p5_corr_pruned_top10,48,10,MOM_pct_14_z|MACD_hist_pct_z|dist_to_low_24_sqrt_z|MOM_pct_30_z|range_sqrt_z|bb_width_20_sqrt_z|vol_ratio_72_log1p_z|body_sqrt_z|ret_accel_6_24_z|NATR_14_z,202.48682002061696,-4.06856621492048,True,dro_minimax_median,"[-76.0, 0.0]",-76.0,0.0,-4.06856621492048,-5.301133582668608,0.5,8.585945275415396,0.7756067107431578,440.0,126.0,5,3142|3143|3144|3145|3146,-4.06856621492048,-4.059025322453431,0.4659843980259747,-4.607719514096208,-3.33646920207766,-5.301133582668608,-5.3021639324050325,0.5494745638033233,-0.2420425047746496,-5.301133582668608,-5.499307703954,8.585945275415396,0.7756067107431578,440.0,126.0,4.0,6.559440559440559,4.0,6.0,0.8321678321678322,0.1678321678321678,8.0,0.2875,0.7125,1.0,0.995,discounted_lints,0.1,3.345945114778519,0.9950614069602248,0.0052847317410541,3.345945114778519,0.004938593039775,0.0052847317410541,,,38
9,discounted_lints__corr__z48_a0p5_corr_pruned_top10,discounted_lints,corr,z48_a0p5_corr_pruned_top10,48,10,MOM_pct_14_z|MACD_hist_pct_z|dist_to_low_24_sqrt_z|MOM_pct_30_z|range_sqrt_z|bb_width_20_sqrt_z|vol_ratio_72_log1p_z|body_sqrt_z|ret_accel_6_24_z|NATR_14_z,232.681935786024,-4.219361376751818,True,dro_minimax_median,"[-76.0, 0.0]",-76.0,0.0,-4.219361376751818,-5.421105752607269,0.5,9.38020346802112,0.7162637651491032,428.0,126.0,5,3142|3143|3144|3145|3146,-4.219361376751818,-4.246537548438252,0.2783215766657072,-4.55168027878474,-3.879774706431353,-5.421105752607269,-5.377280354843244,0.3710468149532674,-0.9526248844933066,-5.421105752607269,-6.455338559113585,9.38020346802112,0.7162637651491032,428.0,126.0,4.0,6.73943661971831,4.0,5.75,0.8275862068965517,0.1724137931034483,8.5,0.2895,0.7105,1.0,0.995,discounted_lints,0.1,11.424454836885744,0.9957022877748464,0.0068130712398634,11.424454836885744,0.0042977122251535,0.0068130712398634,,,39
5,discounted_lints__corr__z48_a0p5_corr_pruned_top10,discounted_lints,corr,z48_a0p5_corr_pruned_top10,48,10,MOM_pct_14_z|MACD_hist_pct_z|dist_to_low_24_sqrt_z|MOM_pct_30_z|range_sqrt_z|bb_width_20_sqrt_z|vol_ratio_72_log1p_z|body_sqrt_z|ret_accel_6_24_z|NATR_14_z,282.0439479359662,-4.414991111249236,True,dro_minimax_median,"[-88.0, 0.0]",-88.0,0.0,-4.414991111249236,-5.663726428537257,0.5,10.285752367618771,0.7259619135261414,475.0,138.0,5,3142|3143|3144|3145|3146,-4.414991111249236,-4.429296801426338,0.2408291748316897,-4.713855125772787,-4.107157233735508,-5.663726428537257,-5.481526832009322,0.4193024863454201,-1.4344082507782296,-5.663726428537257,-6.875871068387103,10.285752367618771,0.7259619135261414,475.0,138.0,4.0,6.1847133757961785,4.0,6.0,0.8544303797468354,0.1455696202531645,8.0,0.3165,0.6835,1.0,0.995,discounted_lints,0.1,5.884459269971612,0.9964544532605004,0.0132979644593326,5.884459269971612,0.0035455467394997,0.0132979644593326,,,40
6,discounted_lints__corr__z48_a0p5_corr_pruned_top10,discounted_lints,corr,z48_a0p5_corr_pruned_top10,48,10,MOM_pct_14_z|MACD_hist_pct_z|dist_to_low_24_sqrt_z|MOM_pct_30_z|range_sqrt_z|bb_width_20_sqrt_z|vol_ratio_72_log1p_z|body_sqrt_z|ret_accel_6_24_z|NATR_14_z,176.2027273106431,-4.502934302017606,True,dro_minimax_median,"[-76.0, 0.0]",-76.0,0.0,-4.502934302017606,-5.76411865800646,0.5,9.546722075671076,0.744775655262811,443.0,126.0,5,3142|3143|3144|3145|3146,-4.502934302017606,-4.54079676435623,0.4913708755106308,-5.089253871714735,-3.958979136939562,-5.76411865800646,-5.887699404428322,0.6459571155525314,-0.4929558753375011,-5.76411865800646,-6.443204266030956,9.546722075671076,0.744775655262811,443.0,126.0,4.0,6.351351351351352,4.0,5.0,0.8445945945945946,0.1554054054054054,8.5,0.2975,0.7025,1.0,0.995,discounted_lints,0.1,1.650846287730074,0.9943247189458252,0.0018760743185387,1.650846287730074,0.0056752810541746,0.0018760743185387,,,41
0,discounted_lints__corr__z48_a0p5_corr_pruned_top10,discounted_lints,corr,z48_a0p5_corr_pruned_top10,48,10,MOM_pct_14_z|MACD_hist_pct_z|dist_to_low_24_sqrt_z|MOM_pct_30_z|range_sqrt_z|bb_width_20_sqrt_z|vol_ratio_72_log1p_z|body_sqrt_z|ret_accel_6_24_z|NATR_14_z,325.0,-4.557447932469279,True,dro_minimax_median,"[-129.0, 0.0]",-129.0,0.0,-4.557447932469279,-5.425552060035188,0.5,9.687291389195272,0.7037739404202519,558.0,179.0,5,3142|3143|3144|3145|3146,-4.557447932469279,-4.6650278109990975,0.8138601276226234,-5.728290377174888,-3.6162574017112576,-5.425552060035188,-5.817686289666689,1.184844768941203,-1.044203486651459,-5.425552060035188,-7.278245565771627,9.687291389195272,0.7037739404202519,558.0,179.0,4.0,5.85,4.0,5.0,0.8784530386740331,0.1215469613259668,8.0,0.3725,0.6275,1.0,0.995,discounted_lints,0.1,1.0,0.9969230769230768,0.03,1.0,0.003076923076923,0.03,,,42
32,discounted_lints__corr__z48_a0p5_corr_pruned_top10,discounted_lints,corr,z48_a0p5_corr_pruned_top10,48,10,MOM_pct_14_z|MACD_hist_pct_z|dist_to_low_24_sqrt_z|MOM_pct_30_z|range_sqrt_z|bb_width_20_sqrt_z|vol_ratio_72_log1p_z|body_sqrt_z|ret_accel_6_24_z|NATR_14_z,290.7837688727423,-4.713100502316872,True,dro_minimax_median,"[-52.0, 0.0]",-52.0,0.0,-4.713100502316872,-6.523594712608957,0.5,11.297600335870694,0.7020046554699579,391.0,102.0,5,3142|3143|3144|3145|3146,-4.713100502316872,-4.575063756898546,0.4329519611497582,-4.985666379213851,-3.93819086116832,-6.523594712608957,-6.204207857266001,0.6085775068444006,0.5582499623671485,-6.523594712608957,-5.9471335296759404,11.297600335870694,0.7020046554699579,391.0,102.0,4.0,6.875,4.0,6.0,0.8231292517006803,0.1768707482993197,9.0,0.288,0.712,1.0,0.995,discounted_lints,0.1,22.10462607930818,0.9965610185056868,0.0017595204178385,22.10462607930818,0.0034389814943131,0.0017595204178385,,,43
49,discounted_lints__corr__z48_a0p5_corr_pruned_top10,discounted_lints,corr,z48_a0p5_corr_pruned_top10,48,10,MOM_pct_14_z|MACD_hist_pct_z|dist_to_low_24_sqrt_z|MOM_pct_30_z|range_sqrt_z|bb_width_20_sqrt_z|vol_ratio_72_log1p_z|body_sqrt_z|ret_accel_6_24_z|NATR_14_z,235.4949088983738,-4.890328214450594,True,dro_minimax_median,"[-119.0, 0.0]",-119.0,0.0,-4.890328214450594,-6.107368488398767,0.5,10.54561633464759,0.6978060482135612,542.0,169.0,5,3142|3143|3144|3145|3146,-4.890328214450594,-5.308567404537365,1.0522878133074052,-6.867088591759623,-4.297900530114527,-6.107368488398767,-6.560840789488618,1.316440154178371,-1.3638476458695832,-6.107368488398767,-7.2661433950269725,10.54561633464759,0.6978060482135612,542.0,169.0,4.0,6.02808988764045,4.0,6.0,0.8786127167630058,0.1213872832369942,8.0,0.3615,0.6385,1.0,0.995,discounted_lints,0.1,2.958534870817166,0.9957536236996464,0.0259218360557402,2.958534870817166,0.0042463763003536,0.0259218360557402,,,44
2,discounted_lints__corr__z48_a0p5_corr_pruned_top10,discounted_lints,corr,z48_a0p5_corr_pruned_top10,48,10,MOM_pct_14_z|MACD_hist_pct_z|dist_to_low_24_sqrt_z|MOM_pct_30_z|range_sqrt_z|bb_width_20_sqrt_z|vol_ratio_72_log1p_z|body_sqrt_z|ret_accel_6_24_z|NATR_14_z,296.02642818562515,-5.099951894236899,True,dro_minimax_median,"[-104.0, 0.0]",-104.0,0.0,-5.099951894236899,-6.487370077523416,0.5,10.99263709979823,0.6477498552943466,492.0,154.0,5,3142|3143|3144|3145|3146,-5.099951894236899,-5.152161216044006,0.8996580734648648,-6.127381386067384,-4.171146986936281,-6.487370077523416,-6.525564107777155,1.2249654847971363,-0.9376973443773454,-6.487370077523416,-7.347354999867517,10.99263709979823,0.6477498552943466,492.0,154.0,4.0,6.209302325581396,4.0,6.0,0.8641975308641975,0.1358024691358024,8.0,0.3335,0.6665,1.0,0.995,discounted_lints,0.1,24.45058168692544,0.996621923231216,0.0195878751933235,24.45058168692544,0.0033780767687841,0.0195878751933235,,,45
25,discounted_lints__corr__z48_a0p5_corr_pruned_top10,discounted_lints,corr,z48_a0p5_corr_pruned_top10,48,10,MOM_pct_14_z|MACD_hist_pct_z|dist_to_low_24_sqrt_z|MOM_pct_30_z|range_sqrt_z|bb_width_20_sqrt_z|vol_ratio_72_log1p_z|body_sqrt_z|ret_accel_6_24_z|NATR_14_z,194.37805605689408,-5.220519460587246,True,dro_minimax_median,"[-63.0, 0.0]",-63.0,0.0,-5.220519460587246,-6.424000944459896,0.5,11.092692360259717,0.6462081380094016,387.0,113.0,5,3142|3143|3144|3145|3146,-5.220519460587246,-5.080714969681386,0.2739940160977077,-5.359219331950955,-4.692790692449645,-6.424000944459896,-6.568948602531063,0.4632149222245924,-0.6407290975688595,-6.424000944459896,-7.056773829337633,11.092692360259717,0.6462081380094016,387.0,113.0,4.0,7.106870229007634,4.0,7.0,0.8091603053435115,0.1908396946564885,9.0,0.2674999999999999,0.7325,1.0,0.995,discounted_lints,0.1,28.48144686541584,0.994855386352319,0.0016631962948267,28.48144686541584,0.005144613647681,0.0016631962948267,,,46
26,discounted_lints__corr__z48_a0p5_corr_pruned_top10,discounted_lints,corr,z48_a0p5_corr_pruned_top10,48,10,MOM_pct_14_z|MACD_hist_pct_z|dist_to_low_24_sqrt_z|MOM_pct_30_z|range_sqrt_z|bb_width_20_sqrt_z|vol_ratio_72_log1p_z|body_sqrt_z|ret_accel_6_24_z|NATR_14_z,413.2130443408472,-5.543690339231116,True,dro_minimax_median,"[-132.0, 0.0]",-132.0,0.0,-5.543690339231116,-7.122530533046031,0.5,9.855404259629374,0.6829771980881255,560.0,182.0,5,3142|3143|3144|3145|3146,-5.543690339231116,-5.247091958483816,0.8607754592687444,-6.201807344066492,-3.916909989439216,-7.122530533046031,-6.441212169702203,1.289517959853299,-2.0492854461175694,-7.122530533046031,-7.809514411738668,9.855404259629374,0.6829771980881255,560.0,182.0,4.0,6.0625,4.0,6.0,0.8763440860215054,0.1236559139784946,8.0,0.3715,0.6285,1.0,0.995,discounted_lints,0.1,17.0461426848587,0.9975799408714332,0.0360642526478129,17.0461426848587,0.0024200591285669,0.0360642526478129,,,47
8,discounted_lints__corr__z48_a0p5_corr_pruned_top10,discounted_lints,corr,z48_a0p5_corr_pruned_top10,48,10,MOM_pct_14_z|MACD_hist_pct_z|dist_to_low_24_sqrt_z|MOM_pct_30_z|range_sqrt_z|bb_width_20_sqrt_z|vol_ratio_72_log1p_z|body_sqrt_z|ret_accel_6_24_z|NATR_14_z,258.4816879658014,-5.682802607062502,True,dro_minimax_median,"[-110.0, 0.0]",-110.0,0.0,-5.682802607062502,-7.690271481335169,0.5,9.704304505886086,0.6247814909599714,523.0,160.0,5,3142|3143|3144|3145|3146,-5.682802607062502,-5.647273180465619,0.773927523285427,-6.552998541794228,-4.622772928676088,-7.690271481335169,-7.1557167963277735,0.8958767366715499,-1.033777091006786,-7.690271481335169,-7.379916052392147,9.704304505886086,0.6247814909599714,523.0,160.0,4.0,5.971428571428572,4.0,5.0,0.88,0.12,8.0,0.3455,0.6545,1.0,0.995,discounted_lints,0.1,0.7021639484127451,0.9961312539860376,0.0211275264473757,0.7021639484127451,0.0038687460139625,0.0211275264473757,,,48
33,discounted_lints__corr__z48_a0p5_corr_pruned_top10,discounted_lints,corr,z48_a0p5_corr_pruned_top10,48,10,MOM_pct_14_z|MACD_hist_pct_z|dist_to_low_24_sqrt_z|MOM_pct_30_z|range_sqrt_z|bb_width_20_sqrt_z|vol_ratio_72_log1p_z|body_sqrt_z|ret_accel_6_24_z|NATR_14_z,181.45905969087264,-5.845426066214847,True,dro_minimax_median,"[-145.0, 0.0]",-145.0,0.0,-5.845426066214847,-7.944345788742336,0.5,10.876984882301745,0.6792577061916918,613.0,195.0,5,3142|3143|3144|3145|3146,-5.845426066214847,-6.022695004642054,0.9706384200214544,-7.280438186473066,-4.7940227081331575,-7.944345788742336,-7.456216472730491,1.2449861381992102,-2.082750498372928,-7.944345788742336,-8.4901477326537,10.876984882301745,0.6792577061916918,613.0,195.0,4.0,5.753846153846154,4.0,5.75,0.8994974874371859,0.100502512562814,8.0,0.4095,0.5905,1.0,0.995,discounted_lints,0.1,0.7522601365414836,0.9944891150560156,0.0393004055227061,0.7522601365414836,0.0055108849439844,0.0393004055227061,,,49
19,discounted_lints__corr__z48_a0p5_corr_pruned_top10,discounted_lints,corr,z48_a0p5_corr_pruned_top10,48,10,MOM_pct_14_z|MACD_hist_pct_z|dist_to_low_24_sqrt_z|MOM_pct_30_z|range_sqrt_z|bb_width_20_sqrt_z|vol_ratio_72_log1p_z|body_sqrt_z|ret_accel_6_24_z|NATR_14_z,178.53240016580693,-6.359422406888255,True,dro_minimax_median,"[-121.0, 0.0]",-121.0,0.0,-6.359422406888255,-7.7667517794105665,0.5,10.156292141777923,0.6585278831836877,534.0,171.0,5,3142|3143|3144|3145|3146,-6.359422406888255,-5.748838207614111,1.1460413295401597,-6.843994834291729,-4.239722547031702,-7.7667517794105665,-6.907440169912675,1.5051651382173492,-2.357741714256893,-7.7667517794105665,-9.738845164014036,10.156292141777923,0.6585278831836877,534.0,171.0,4.0,6.102409638554217,4.0,6.0,0.8662790697674418,0.1337209302325581,9.0,0.3595,0.6405,1.0,0.995,discounted_lints,0.1,6.077784086762197,0.99439877580164,0.0236285291593621,6.077784086762197,0.0056012241983599,0.0236285291593621,,,50
48,discounted_lints__hybrid__z72_a0p5_hybrid_corr5_bsstablehie5_top10,discounted_lints,hybrid,z72_a0p5_hybrid_corr5_bsstablehie5_top10,72,10,MOM_pct_14_z|vol_expansion_72_log1p_z|MACD_hist_pct_z|vol_ratio_72_log1p_z|ema_spread_9_21_z|ema_spread_100_200_z|ADX_72_scaled|ema_spread_50_100_z|ADX_30_scaled|dist_to_high_168_sqrt_z,448.9138841186714,-0.937278861589244,True,dro_minimax_median,"[-13.0, 0.0]",-13.0,0.0,-0.937278861589244,-1.3538825900761793,0.5,4.978167014066592,0.8606622562107833,244.0,63.0,5,3142|3143|3144|3145|3146,-0.937278861589244,-1.2387086002347378,0.6528149434471421,-2.055259447643886,-0.6328344611443955,-1.3538825900761793,-1.5479611685845025,0.9011820473605632,-0.3644476786171598,-1.3538825900761793,-1.425038294302805,4.978167014066592,0.8606622562107833,244.0,63.0,4.0,7.454545454545454,4.0,6.0,0.8253968253968254,0.1746031746031746,12.0,0.138,0.862,1.0,0.995,discounted_lints,0.1,0.7037482181058047,0.9977724012658614,0.002807663202998,0.7037482181058047,0.0022275987341386,0.002807663202998,,,1
44,discounted_lints__hybrid__z72_a0p5_hybrid_corr5_bsstablehie5_top10,discounted_lints,hybrid,z72_a0p5_hybrid_corr5_bsstablehie5_top10,72,10,MOM_pct_14_z|vol_expansion_72_log1p_z|MACD_hist_pct_z|vol_ratio_72_log1p_z|ema_spread_9_21_z|ema_spread_100_200_z|ADX_72_scaled|ema_spread_50_100_z|ADX_30_scaled|dist_to_high_168_sqrt_z,449.425500531239,-0.9706657293931118,True,dro_minimax_median,"[-4.0, 0.0]",-4.0,0.0,-0.9706657293931118,-1.1403479750590415,0.5,4.563289872611032,0.8313771102600034,225.0,54.0,5,3142|3143|3144|3145|3146,-0.9706657293931118,-1.3156224912422494,0.9696801802823026,-2.5220447709383014,-0.4488418324597833,-1.1403479750590415,-1.6184775270066076,1.157262566514992,-0.6284432776120045,-0.7121132004605069,-1.6123399303492416,4.563289872611032,0.8313771102600034,225.0,54.0,4.0,7.1454545454545455,4.0,7.0,0.8181818181818182,0.1818181818181818,13.0,0.1374999999999999,0.8625,1.0,0.995,discounted_lints,0.1,0.6589189740952492,0.9977749371167904,0.0022048611431712,0.6589189740952492,0.0022250628832096,0.0022048611431712,,,2
35,discounted_lints__hybrid__z72_a0p5_hybrid_corr5_bsstablehie5_top10,discounted_lints,hybrid,z72_a0p5_hybrid_corr5_bsstablehie5_top10,72,10,MOM_pct_14_z|vol_expansion_72_log1p_z|MACD_hist_pct_z|vol_ratio_72_log1p_z|ema_spread_9_21_z|ema_spread_100_200_z|ADX_72_scaled|ema_spread_50_100_z|ADX_30_scaled|dist_to_high_168_sqrt_z,432.9326380692423,-1.0914665836418296,True,dro_minimax_median,"[-3.0, 0.0]",-3.0,0.0,-1.0914665836418296,-1.5084295996554662,0.5,4.133712153373215,0.758008617543331,190.0,53.0,5,3142|3143|3144|3145|3146,-1.0914665836418296,-1.1915170391470056,0.6679824360881952,-2.121726835487577,-0.3668013051938738,-1.5084295996554662,-1.4472538803461932,0.7899029968112764,-0.6831357350966442,-0.9058512165853996,-1.5834847288669316,4.133712153373215,0.758008617543331,190.0,53.0,4.0,7.387096774193548,4.0,7.0,0.8108108108108109,0.1891891891891892,13.0,0.1254999999999999,0.8745,1.0,0.995,discounted_lints,0.1,0.5940850315433923,0.9976901718372176,0.0045428349235131,0.5940850315433923,0.0023098281627823,0.0045428349235131,,,3
37,discounted_lints__hybrid__z72_a0p5_hybrid_corr5_bsstablehie5_top10,discounted_lints,hybrid,z72_a0p5_hybrid_corr5_bsstablehie5_top10,72,10,MOM_pct_14_z|vol_expansion_72_log1p_z|MACD_hist_pct_z|vol_ratio_72_log1p_z|ema_spread_9_21_z|ema_spread_100_200_z|ADX_72_scaled|ema_spread_50_100_z|ADX_30_scaled|dist_to_high_168_sqrt_z,441.2908809567999,-1.165626148002055,True,dro_minimax_median,"[-5.0, 0.0]",-5.0,0.0,-1.165626148002055,-1.5806209223840575,0.5,5.396236190507819,0.7936795291987156,239.0,55.0,5,3142|3143|3144|3145|3146,-1.165626148002055,-1.3153407460622706,0.8116929754643658,-2.617666772110095,-0.3743133868278366,-1.5806209223840575,-1.678963677936577,1.0035886524477535,-0.3909090814927074,-1.5806209223840575,-1.499672225192113,5.396236190507819,0.7936795291987156,239.0,55.0,4.0,7.053333333333334,4.0,7.0,0.8360655737704918,0.1639344262295081,12.0,0.1474999999999999,0.8525,1.0,0.995,discounted_lints,0.1,0.5942508735882632,0.9977339209959838,0.0031779797913139,0.5942508735882632,0.0022660790040161,0.0031779797913139,,,4
38,discounted_lints__hybrid__z72_a0p5_hybrid_corr5_bsstablehie5_top10,discounted_lints,hybrid,z72_a0p5_hybrid_corr5_bsstablehie5_top10,72,10,MOM_pct_14_z|vol_expansion_72_log1p_z|MACD_hist_pct_z|vol_ratio_72_log1p_z|ema_spread_9_21_z|ema_spread_100_200_z|ADX_72_scaled|ema_spread_50_100_z|ADX_30_scaled|dist_to_high_168_sqrt_z,441.8957561098149,-1.2090311137367555,True,dro_minimax_median,"[-10.0, 0.0]",-10.0,0.0,-1.2090311137367555,-1.220178054860488,0.5,4.655235465035378,0.7418783946984082,206.0,60.0,5,3142|3143|3144|3145|3146,-1.2090311137367555,-0.9996663285039984,0.8776028567131978,-2.214116502763209,0.0996313312101519,-1.220178054860488,-1.1931478218327165,0.938604243391934,-1.0223911385811728,-0.8941491509620833,-2.226882278869683,4.655235465035378,0.7418783946984082,206.0,60.0,4.0,7.525,4.0,8.25,0.7837837837837838,0.2162162162162162,12.0,0.144,0.856,1.0,0.995,discounted_lints,0.1,0.6817651895736131,0.9977370228471903,0.0031336495884567,0.6817651895736131,0.0022629771528095,0.0031336495884567,,,5
32,discounted_lints__hybrid__z72_a0p5_hybrid_corr5_bsstablehie5_top10,discounted_lints,hybrid,z72_a0p5_hybrid_corr5_bsstablehie5_top10,72,10,MOM_pct_14_z|vol_expansion_72_log1p_z|MACD_hist_pct_z|vol_ratio_72_log1p_z|ema_spread_9_21_z|ema_spread_100_200_z|ADX_72_scaled|ema_spread_50_100_z|ADX_30_scaled|dist_to_high_168_sqrt_z,406.9902968883173,-1.417579393757367,True,dro_minimax_median,"[-16.0, 0.0]",-16.0,0.0,-1.417579393757367,-1.4182443945213954,0.5,5.30977954784092,0.6900430114053699,254.0,66.0,5,3142|3143|3144|3145|3146,-1.417579393757367,-1.374183789005197,0.6788573752259022,-2.3931789034749507,-0.6129930582380325,-1.4182443945213954,-1.5681906640685397,0.8136422774969395,-0.9636998484087204,-1.4155843914652817,-2.0222643183473963,5.30977954784092,0.6900430114053699,254.0,66.0,4.0,7.4411764705882355,4.0,7.0,0.8,0.2,13.0,0.1594999999999999,0.8405,1.0,0.995,discounted_lints,0.1,0.5449243686921029,0.9975429389652638,0.0059687970526868,0.5449243686921029,0.0024570610347361,0.0059687970526868,,,6
39,discounted_lints__hybrid__z72_a0p5_hybrid_corr5_bsstablehie5_top10,discounted_lints,hybrid,z72_a0p5_hybrid_corr5_bsstablehie5_top10,72,10,MOM_pct_14_z|vol_expansion_72_log1p_z|MACD_hist_pct_z|vol_ratio_72_log1p_z|ema_spread_9_21_z|ema_spread_100_200_z|ADX_72_scaled|ema_spread_50_100_z|ADX_30_scaled|dist_to_high_168_sqrt_z,388.8623822684426,-1.490444826559854,True,dro_minimax_median,"[-10.0, 0.0]",-10.0,0.0,-1.490444826559854,-1.693003987483521,0.5,5.272901328812685,0.7339947194080042,254.0,60.0,5,3142|3143|3144|3145|3146,-1.490444826559854,-1.6777569041810172,0.5023931916088757,-2.297229794307883,-1.1260903921613503,-1.693003987483521,-2.158331256486389,0.695781868312692,-0.3762723489226423,-1.693003987483521,-2.582526402700236,5.272901328812685,0.7339947194080042,254.0,60.0,4.0,7.382978723404255,4.0,7.25,0.8085106382978723,0.1914893617021276,12.5,0.1494999999999999,0.8505,1.0,0.995,discounted_lints,0.1,0.6186536968960049,0.9974283961483584,0.0025470037471001,0.6186536968960049,0.0025716038516414,0.0025470037471001,,,7
31,discounted_lints__hybrid__z72_a0p5_hybrid_corr5_bsstablehie5_top10,discounted_lints,hybrid,z72_a0p5_hybrid_corr5_bsstablehie5_top10,72,10,MOM_pct_14_z|vol_expansion_72_log1p_z|MACD_hist_pct_z|vol_ratio_72_log1p_z|ema_spread_9_21_z|ema_spread_100_200_z|ADX_72_scaled|ema_spread_50_100_z|ADX_30_scaled|dist_to_high_168_sqrt_z,405.85785477707896,-1.570347205315354,True,dro_minimax_median,"[-19.0, 0.0]",-19.0,0.0,-1.570347205315354,-1.9614570630157184,0.5,4.641316848493871,0.7980234629829318,281.0,69.0,5,3142|3143|3144|3145|3146,-1.570347205315354,-1.618083663984051,1.373490215993497,-3.335475562797792,0.192083874920033,-1.9614570630157184,-2.0297836535212546,1.667074954275517,-0.3970176322142619,-1.9614570630157184,-2.3621547910550267,4.641316848493871,0.7980234629829318,281.0,69.0,4.0,7.146341463414634,4.0,7.0,0.8170731707317073,0.1829268292682926,11.0,0.1534999999999999,0.8465,1.0,0.995,discounted_lints,0.1,0.5217751459924794,0.9975360831674694,0.0043889395603247,0.5217751459924794,0.0024639168325305,0.0043889395603247,,,8
45,discounted_lints__hybrid__z72_a0p5_hybrid_corr5_bsstablehie5_top10,discounted_lints,hybrid,z72_a0p5_hybrid_corr5_bsstablehie5_top10,72,10,MOM_pct_14_z|vol_expansion_72_log1p_z|MACD_hist_pct_z|vol_ratio_72_log1p_z|ema_spread_9_21_z|ema_spread_100_200_z|ADX_72_scaled|ema_spread_50_100_z|ADX_30_scaled|dist_to_high_168_sqrt_z,443.2668223966761,-1.615720368571599,True,dro_minimax_median,"[-16.0, 0.0]",-16.0,0.0,-1.615720368571599,-1.955552541893005,0.5,4.548414112183763,0.7480997504382337,275.0,66.0,5,3142|3143|3144|3145|3146,-1.615720368571599,-1.6699384488074742,0.4513672561719406,-2.1650277705730367,-1.020287677072118,-1.955552541893005,-1.9718001974597408,0.6213406834608782,-1.0358582230381883,-1.955552541893005,-2.848328185448945,4.548414112183763,0.7480997504382337,275.0,66.0,4.0,7.316546762589928,4.0,6.0,0.8484848484848485,0.1515151515151515,11.0,0.1554999999999999,0.8445,1.0,0.995,discounted_lints,0.1,0.5116179790645813,0.99774402244997,0.0038335526805205,0.5116179790645813,0.0022559775500299,0.0038335526805205,,,9
27,discounted_lints__hybrid__z72_a0p5_hybrid_corr5_bsstablehie5_top10,discounted_lints,hybrid,z72_a0p5_hybrid_corr5_bsstablehie5_top10,72,10,MOM_pct_14_z|vol_expansion_72_log1p_z|MACD_hist_pct_z|vol_ratio_72_log1p_z|ema_spread_9_21_z|ema_spread_100_200_z|ADX_72_scaled|ema_spread_50_100_z|ADX_30_scaled|dist_to_high_168_sqrt_z,428.2500507020094,-1.7266984061561392,True,dro_minimax_median,"[-13.0, 0.0]",-13.0,0.0,-1.7266984061561392,-2.094831153601388,0.5,4.486726159683341,0.7179105263072479,265.0,63.0,5,3142|3143|3144|3145|3146,-1.7266984061561392,-1.9416033584766692,0.5428434174064798,-2.566003325738979,-1.2909902386680605,-2.094831153601388,-2.411364441083144,0.6556326781529529,-0.622300163820392,-2.094831153601388,-2.9862051970905186,4.486726159683341,0.7179105263072479,265.0,63.0,4.0,7.146496815286624,4.0,7.0,0.8507462686567164,0.1492537313432835,12.0,0.1594999999999999,0.8405,1.0,0.995,discounted_lints,0.1,0.5512469423953156,0.9976649156296404,0.0077245876727283,0.5512469423953156,0.0023350843703596,0.0077245876727283,,,10
16,discounted_lints__hybrid__z72_a0p5_hybrid_corr5_bsstablehie5_top10,discounted_lints,hybrid,z72_a0p5_hybrid_corr5_bsstablehie5_top10,72,10,MOM_pct_14_z|vol_expansion_72_log1p_z|MACD_hist_pct_z|vol_ratio_72_log1p_z|ema_spread_9_21_z|ema_spread_100_200_z|ADX_72_scaled|ema_spread_50_100_z|ADX_30_scaled|dist_to_high_168_sqrt_z,429.2151785952142,-1.7713396877241003,True,dro_minimax_median,"[-16.0, 0.0]",-16.0,0.0,-1.7713396877241003,-2.32562308793628,0.5,5.060672933059829,0.7486251212771942,232.0,66.0,5,3142|3143|3144|3145|3146,-1.7713396877241003,-1.976583832563904,1.1276861171727437,-3.3127380903892254,-0.5318499506268531,-2.32562308793628,-2.6283147245300933,1.6558896510740804,-0.1084894870875633,-2.32562308793628,-2.436244351634109,5.060672933059829,0.7486251212771942,232.0,66.0,4.0,7.337349397590361,4.0,7.0,0.8148148148148148,0.1851851851851851,12.0,0.154,0.846,1.0,0.995,discounted_lints,0.1,0.6096739326410792,0.9976701662712094,0.0071151017314831,0.6096739326410792,0.0023298337287905,0.0071151017314831,,,11
33,discounted_lints__hybrid__z72_a0p5_hybrid_corr5_bsstablehie5_top10,discounted_lints,hybrid,z72_a0p5_hybrid_corr5_bsstablehie5_top10,72,10,MOM_pct_14_z|vol_expansion_72_log1p_z|MACD_hist_pct_z|vol_ratio_72_log1p_z|ema_spread_9_21_z|ema_spread_100_200_z|ADX_72_scaled|ema_spread_50_100_z|ADX_30_scaled|dist_to_high_168_sqrt_z,423.12663142623705,-1.9638209455814848,True,dro_minimax_median,"[-19.0, 0.0]",-19.0,0.0,-1.9638209455814848,-2.7890223002871664,0.5,5.337058163177632,0.7644334340897697,252.0,69.0,5,3142|3143|3144|3145|3146,-1.9638209455814848,-1.9518592764528069,1.102534073984597,-3.3724290051866914,-0.7158457818504169,-2.7890223002871664,-2.5569185831377754,1.3475010579122189,-0.3193037697859428,-2.7890223002871664,-2.2892670042741314,5.337058163177632,0.7644334340897697,252.0,69.0,4.0,6.8375,4.0,6.0,0.8414634146341463,0.1585365853658536,11.0,0.1745,0.8255,1.0,0.995,discounted_lints,0.1,0.5960126636706875,0.9976366413131944,0.0092038414433788,0.5960126636706875,0.0023633586868056,0.0092038414433788,,,12
25,discounted_lints__hybrid__z72_a0p5_hybrid_corr5_bsstablehie5_top10,discounted_lints,hybrid,z72_a0p5_hybrid_corr5_bsstablehie5_top10,72,10,MOM_pct_14_z|vol_expansion_72_log1p_z|MACD_hist_pct_z|vol_ratio_72_log1p_z|ema_spread_9_21_z|ema_spread_100_200_z|ADX_72_scaled|ema_spread_50_100_z|ADX_30_scaled|dist_to_high_168_sqrt_z,395.11707019924296,-2.0118030411309484,True,dro_minimax_median,"[-7.0, 0.0]",-7.0,0.0,-2.0118030411309484,-2.4664507121448778,0.5,5.174918275201335,0.6576617200898012,198.0,57.0,5,3142|3143|3144|3145|3146,-2.0118030411309484,-1.8793298784158283,1.032334348488695,-3.165974318656206,-0.6435403319490801,-2.4664507121448778,-2.2004949504894418,1.2683949407802628,-0.698294135848343,-2.4664507121448778,-3.117859774514405,5.174918275201335,0.6576617200898012,198.0,57.0,4.0,7.443037974683544,4.0,7.5,0.8135593220338984,0.1864406779661017,12.0,0.1414999999999999,0.8585,1.0,0.995,discounted_lints,0.1,0.5141071204279214,0.9974691045378128,0.0052932719967824,0.5141071204279214,0.0025308954621872,0.0052932719967824,,,13
15,discounted_lints__hybrid__z72_a0p5_hybrid_corr5_bsstablehie5_top10,discounted_lints,hybrid,z72_a0p5_hybrid_corr5_bsstablehie5_top10,72,10,MOM_pct_14_z|vol_expansion_72_log1p_z|MACD_hist_pct_z|vol_ratio_72_log1p_z|ema_spread_9_21_z|ema_spread_100_200_z|ADX_72_scaled|ema_spread_50_100_z|ADX_30_scaled|dist_to_high_168_sqrt_z,430.7867190503617,-2.0924309466423674,True,dro_minimax_median,"[-26.0, 0.0]",-26.0,0.0,-2.0924309466423674,-2.4658740758922346,0.5,5.745110140099641,0.6891924625170518,295.0,76.0,5,3142|3143|3144|3145|3146,-2.0924309466423674,-2.563417677402198,1.0486362179877575,-3.87283064903779,-1.5588053761703595,-2.4658740758922346,-3.270775603098369,1.5061418014456018,-0.5688344720284381,-2.4658740758922346,-3.421830611755924,5.745110140099641,0.6891924625170518,295.0,76.0,4.0,7.081632653061225,4.0,7.0,0.8222222222222222,0.1777777777777777,10.0,0.1795,0.8205,1.0,0.995,discounted_lints,0.1,1.493944611856873,0.9976786656696278,0.006057268000743,1.493944611856873,0.0023213343303721,0.006057268000743,,,14
20,discounted_lints__hybrid__z72_a0p5_hybrid_corr5_bsstablehie5_top10,discounted_lints,hybrid,z72_a0p5_hybrid_corr5_bsstablehie5_top10,72,10,MOM_pct_14_z|vol_expansion_72_log1p_z|MACD_hist_pct_z|vol_ratio_72_log1p_z|ema_spread_9_21_z|ema_spread_100_200_z|ADX_72_scaled|ema_spread_50_100_z|ADX_30_scaled|dist_to_high_168_sqrt_z,434.537760619894,-2.331051715852672,True,dro_minimax_median,"[-22.0, 0.0]",-22.0,0.0,-2.331051715852672,-3.1825083456431904,0.5,6.246286783853883,0.7552385794356326,255.0,72.0,5,3142|3143|3144|3145|3146,-2.331051715852672,-2.610291726875454,1.6124878392394562,-4.358560330994065,-0.5638949264908183,-3.1825083456431904,-3.286362596915429,2.0680779596896937,-0.7769936843745643,-3.1825083456431904,-2.9862823070756828,6.246286783853883,0.7552385794356326,255.0,72.0,4.0,7.347222222222222,4.0,7.0,0.8369565217391305,0.1630434782608695,12.0,0.1815,0.8185,1.0,0.995,discounted_lints,0.1,1.067422255000104,0.9976987040238496,0.0046521075367479,1.067422255000104,0.0023012959761504,0.0046521075367479,,,15
23,discounted_lints__hybrid__z72_a0p5_hybrid_corr5_bsstablehie5_top10,discounted_lints,hybrid,z72_a0p5_hybrid_corr5_bsstablehie5_top10,72,10,MOM_pct_14_z|vol_expansion_72_log1p_z|MACD_hist_pct_z|vol_ratio_72_log1p_z|ema_spread_9_21_z|ema_spread_100_200_z|ADX_72_scaled|ema_spread_50_100_z|ADX_30_scaled|dist_to_high_168_sqrt_z,326.4299320671318,-2.409367467169813,True,dro_minimax_median,"[-20.0, 0.0]",-20.0,0.0,-2.409367467169813,-3.2418962725564104,0.5,5.947810257531449,0.6849824388145259,275.0,70.0,5,3142|3143|3144|3145|3146,-2.409367467169813,-2.419722921764014,0.4617606798693052,-2.820527822970087,-1.6882701856518656,-3.2418962725564104,-3.110898480493952,0.7663773792604708,-0.7148910269641965,-3.2418962725564104,-3.2443490911449864,5.947810257531449,0.6849824388145259,275.0,70.0,4.0,7.739726027397261,4.0,7.0,0.8055555555555556,0.1944444444444444,11.0,0.1574999999999999,0.8425,1.0,0.995,discounted_lints,0.1,0.5663995379001547,0.996936555438812,0.00279258057935,0.5663995379001547,0.0030634445611879,0.00279258057935,,,16
28,discounted_lints__hybrid__z72_a0p5_hybrid_corr5_bsstablehie5_top10,discounted_lints,hybrid,z72_a0p5_hybrid_corr5_bsstablehie5_top10,72,10,MOM_pct_14_z|vol_expansion_72_log1p_z|MACD_hist_pct_z|vol_ratio_72_log1p_z|ema_spread_9_21_z|ema_spread_100_200_z|ADX_72_scaled|ema_spread_50_100_z|ADX_30_scaled|dist_to_high_168_sqrt_z,378.3735868835578,-2.515602162947774,True,dro_minimax_median,"[-25.0, 0.0]",-25.0,0.0,-2.515602162947774,-3.252314246727998,0.5,6.882230420580426,0.6938528221875024,302.0,75.0,5,3142|3143|3144|3145|3146,-2.515602162947774,-2.851888608511858,0.5317588159437028,-3.550612305169906,-2.43579619813619,-3.252314246727998,-3.4339775815702955,0.6739198983760847,-1.243077770034129,-3.252314246727998,-4.450950466193745,6.882230420580426,0.6938528221875024,302.0,75.0,4.0,7.333333333333333,4.0,7.0,0.8295454545454546,0.1704545454545454,10.0,0.1755,0.8245,1.0,0.995,discounted_lints,0.1,0.6325485652874959,0.9973571093895944,0.0089986728279533,0.6325485652874959,0.0026428906104054,0.0089986728279533,,,17
17,discounted_lints__hybrid__z72_a0p5_hybrid_corr5_bsstablehie5_top10,discounted_lints,hybrid,z72_a0p5_hybrid_corr5_bsstablehie5_top10,72,10,MOM_pct_14_z|vol_expansion_72_log1p_z|MACD_hist_pct_z|vol_ratio_72_log1p_z|ema_spread_9_21_z|ema_spread_100_200_z|ADX_72_scaled|ema_spread_50_100_z|ADX_30_scaled|dist_to_high_168_sqrt_z,438.2807284059014,-2.685532368485547,True,dro_minimax_median,"[-29.0, 0.0]",-29.0,0.0,-2.685532368485547,-3.0999456299773964,0.5,5.565568560099631,0.7242818433709338,279.0,79.0,5,3142|3143|3144|3145|3146,-2.685532368485547,-1.9650364911155045,1.177971882724245,-2.9051371993771937,-0.357445666555579,-3.0999456299773964,-2.3233298238171654,1.2803399500734458,-1.4198218342795037,-3.0999456299773964,-4.519634765145608,5.565568560099631,0.7242818433709338,279.0,79.0,4.0,7.041666666666667,4.0,6.0,0.8555555555555555,0.1444444444444444,11.5,0.1855,0.8145,1.0,0.995,discounted_lints,0.1,0.7023485064210387,0.9977183573559412,0.0117024505807397,0.7023485064210387,0.0022816426440586,0.0117024505807397,,,18
10,discounted_lints__hybrid__z72_a0p5_hybrid_corr5_bsstablehie5_top10,discounted_lints,hybrid,z72_a0p5_hybrid_corr5_bsstablehie5_top10,72,10,MOM_pct_14_z|vol_expansion_72_log1p_z|MACD_hist_pct_z|vol_ratio_72_log1p_z|ema_spread_9_21_z|ema_spread_100_200_z|ADX_72_scaled|ema_spread_50_100_z|ADX_30_scaled|dist_to_high_168_sqrt_z,432.9320215861868,-2.707175009937981,True,dro_minimax_median,"[-11.0, 0.0]",-11.0,0.0,-2.707175009937981,-3.3168149866152574,0.5,4.898403913018012,0.725051592041258,273.0,61.0,5,3142|3143|3144|3145|3146,-2.707175009937981,-2.473654706270076,1.0294469994349853,-3.4356021730199497,-0.8318851873184707,-3.3168149866152574,-3.1149864835847927,1.2079694506740617,-0.7112002625325556,-3.3168149866152574,-4.159104252447487,4.898403913018012,0.725051592041258,273.0,61.0,4.0,7.881118881118881,4.0,6.0,0.8333333333333334,0.1666666666666666,11.0,0.1434999999999999,0.8565,1.0,0.995,discounted_lints,0.1,1.3810144167509522,0.9976901685480872,0.0012850373192278,1.3810144167509522,0.0023098314519128,0.0012850373192278,,,19
46,discounted_lints__hybrid__z72_a0p5_hybrid_corr5_bsstablehie5_top10,discounted_lints,hybrid,z72_a0p5_hybrid_corr5_bsstablehie5_top10,72,10,MOM_pct_14_z|vol_expansion_72_log1p_z|MACD_hist_pct_z|vol_ratio_72_log1p_z|ema_spread_9_21_z|ema_spread_100_200_z|ADX_72_scaled|ema_spread_50_100_z|ADX_30_scaled|dist_to_high_168_sqrt_z,446.77989427960233,-2.7483893848301086,True,dro_minimax_median,"[-9.0, 0.0]",-9.0,0.0,-2.7483893848301086,-3.366276267453868,0.5,7.281225714217587,0.6039973698232256,268.0,59.0,5,3142|3143|3144|3145|3146,-2.7483893848301086,-3.097517485184492,0.6823744988033923,-3.896300306409061,-2.49135690927732,-3.366276267453868,-3.7339318232244496,0.8175736044811551,-1.053465951300166,-3.366276267453868,-4.255955571003899,7.281225714217587,0.6039973698232256,268.0,59.0,4.0,7.528735632183908,4.0,7.0,0.8045977011494253,0.1954022988505747,12.0,0.1554999999999999,0.8445,1.0,0.995,discounted_lints,0.1,1.8298467889499757,0.9977617614113714,0.0027076270218931,1.8298467889499757,0.0022382385886285,0.0027076270218931,,,20
9,discounted_lints__hybrid__z72_a0p5_hybrid_corr5_bsstablehie5_top10,discounted_lints,hybrid,z72_a0p5_hybrid_corr5_bsstablehie5_top10,72,10,MOM_pct_14_z|vol_expansion_72_log1p_z|MACD_hist_pct_z|vol_ratio_72_log1p_z|ema_spread_9_21_z|ema_spread_100_200_z|ADX_72_scaled|ema_spread_50_100_z|ADX_30_scaled|dist_to_high_168_sqrt_z,314.3758238288057,-2.769391076872824,True,dro_minimax_median,"[-32.0, 0.0]",-32.0,0.0,-2.769391076872824,-3.840162727633423,0.5,6.816386905608263,0.7959199978943055,342.0,82.0,5,3142|3143|3144|3145|3146,-2.769391076872824,-2.870947573664763,0.4928041460496785,-3.706567072492709,-2.4519393052163365,-3.840162727633423,-4.083037540736107,0.6046223983402508,0.9506727343870444,-3.840162727633423,-3.07826095537597,6.816386905608263,0.7959199978943055,342.0,82.0,4.0,7.37012987012987,4.0,7.0,0.8272727272727273,0.1727272727272727,10.0,0.1995,0.8005,1.0,0.995,discounted_lints,0.1,5.916295194021042,0.9968190938227344,0.0024269322997769,5.916295194021042,0.0031809061772655,0.0024269322997769,,,21
18,discounted_lints__hybrid__z72_a0p5_hybrid_corr5_bsstablehie5_top10,discounted_lints,hybrid,z72_a0p5_hybrid_corr5_bsstablehie5_top10,72,10,MOM_pct_14_z|vol_expansion_72_log1p_z|MACD_hist_pct_z|vol_ratio_72_log1p_z|ema_spread_9_21_z|ema_spread_100_200_z|ADX_72_scaled|ema_spread_50_100_z|ADX_30_scaled|dist_to_high_168_sqrt_z,433.3771083752834,-2.7732395367687914,True,dro_minimax_median,"[-56.0, 0.0]",-56.0,0.0,-2.7732395367687914,-3.3934401477469,0.5,5.904014870479224,0.7326057803222947,400.0,106.0,5,3142|3143|3144|3145|3146,-2.7732395367687914,-3.4538324263845923,1.6210248479591385,-5.774479904055733,-1.8500908790981363,-3.3934401477469,-4.343955949200359,2.090696294577347,-0.912637703834466,-3.3934401477469,-4.259391268921542,5.904014870479224,0.7326057803222947,400.0,106.0,4.0,6.5,4.0,5.75,0.8811188811188811,0.1188811188811188,9.0,0.2594999999999999,0.7405,1.0,0.995,discounted_lints,0.1,2.779272572814983,0.9976925407902856,0.0160495047426435,2.779272572814983,0.0023074592097145,0.0160495047426435,,,22
7,discounted_lints__hybrid__z72_a0p5_hybrid_corr5_bsstablehie5_top10,discounted_lints,hybrid,z72_a0p5_hybrid_corr5_bsstablehie5_top10,72,10,MOM_pct_14_z|vol_expansion_72_log1p_z|MACD_hist_pct_z|vol_ratio_72_log1p_z|ema_spread_9_21_z|ema_spread_100_200_z|ADX_72_scaled|ema_spread_50_100_z|ADX_30_scaled|dist_to_high_168_sqrt_z,437.5324177820818,-2.7951867004364743,True,dro_minimax_median,"[-28.0, 0.0]",-28.0,0.0,-2.7951867004364743,-4.210069266566581,0.5,6.743825932837955,0.7187019748106983,321.0,78.0,5,3142|3143|3144|3145|3146,-2.7951867004364743,-2.6971009960470083,0.282310871090748,-2.928021756886062,-2.249597819080124,-4.210069266566581,-4.0410697287562645,0.3378692396694467,1.4082634241844527,-4.210069266566581,-2.720882952546581,6.743825932837955,0.7187019748106983,321.0,78.0,4.0,8.833333333333334,4.0,8.0,0.7941176470588235,0.2058823529411764,10.5,0.2195,0.7805,1.0,0.995,discounted_lints,0.1,20.41239840378092,0.9977144550681086,0.0024423499165259,20.41239840378092,0.0022855449318913,0.0024423499165259,,,23
21,discounted_lints__hybrid__z72_a0p5_hybrid_corr5_bsstablehie5_top10,discounted_lints,hybrid,z72_a0p5_hybrid_corr5_bsstablehie5_top10,72,10,MOM_pct_14_z|vol_expansion_72_log1p_z|MACD_hist_pct_z|vol_ratio_72_log1p_z|ema_spread_9_21_z|ema_spread_100_200_z|ADX_72_scaled|ema_spread_50_100_z|ADX_30_scaled|dist_to_high_168_sqrt_z,406.9850572487721,-2.8556488326706115,True,dro_minimax_median,"[-32.0, 0.0]",-32.0,0.0,-2.8556488326706115,-3.561194958656866,0.5,6.154767652164805,0.7114986382309498,314.0,82.0,5,3142|3143|3144|3145|3146,-2.8556488326706115,-2.8180929722956187,0.5872496718471883,-3.687005795465298,-2.151600833511212,-3.561194958656866,-3.69154447908004,0.7891159249234486,-0.2757018964016811,-3.561194958656866,-3.815045583317304,6.154767652164805,0.7114986382309498,314.0,82.0,4.0,7.6075949367088604,4.0,7.0,0.8222222222222222,0.1777777777777777,11.0,0.1755,0.8245,1.0,0.995,discounted_lints,0.1,1.9407043665369568,0.9975429073323724,0.0059394453788884,1.9407043665369568,0.0024570926676277,0.0059394453788884,,,24
19,discounted_lints__hybrid__z72_a0p5_hybrid_corr5_bsstablehie5_top10,discounted_lints,hybrid,z72_a0p5_hybrid_corr5_bsstablehie5_top10,72,10,MOM_pct_14_z|vol_expansion_72_log1p_z|MACD_hist_pct_z|vol_ratio_72_log1p_z|ema_spread_9_21_z|ema_spread_100_200_z|ADX_72_scaled|ema_spread_50_100_z|ADX_30_scaled|dist_to_high_168_sqrt_z,340.5070186648584,-2.8618075936898704,True,dro_minimax_median,"[-30.0, 0.0]",-30.0,0.0,-2.8618075936898704,-3.590227742693582,0.5,6.48203989084527,0.6871180792811575,322.0,80.0,5,3142|3143|3144|3145|3146,-2.8618075936898704,-2.67209186370915,0.8670869092785052,-3.481802941062277,-1.5121911740601497,-3.590227742693582,-3.3316865106944378,1.0759954347020009,-0.6765471466787373,-3.590227742693582,-4.250890313513897,6.48203989084527,0.6871180792811575,322.0,80.0,4.0,7.024096385542169,4.0,6.0,0.8555555555555555,0.1444444444444444,11.0,0.1775,0.8225,1.0,0.995,discounted_lints,0.1,0.844851331330821,0.9970632029732572,0.0082843247534438,0.844851331330821,0.0029367970267427,0.0082843247534438,,,25
26,discounted_lints__hybrid__z72_a0p5_hybrid_corr5_bsstablehie5_top10,discounted_lints,hybrid,z72_a0p5_hybrid_corr5_bsstablehie5_top10,72,10,MOM_pct_14_z|vol_expansion_72_log1p_z|MACD_hist_pct_z|vol_ratio_72_log1p_z|ema_spread_9_21_z|ema_spread_100_200_z|ADX_72_scaled|ema_spread_50_100_z|ADX_30_scaled|dist_to_high_168_sqrt_z,297.23066421280305,-2.862121654399984,True,dro_minimax_median,"[-32.0, 0.0]",-32.0,0.0,-2.862121654399984,-3.655664407513988,0.5,7.076946765899517,0.7205699757311661,314.0,82.0,5,3142|3143|3144|3145|3146,-2.862121654399984,-2.6656073325291283,0.6263385124580234,-3.3729959992992065,-1.882555205857296,-3.655664407513988,-3.3315258895195923,0.785653745038326,-1.0731500906964768,-3.655664407513988,-4.0053836298431404,7.076946765899517,0.7205699757311661,314.0,82.0,4.0,6.989010989010989,4.0,7.0,0.8241758241758241,0.1758241758241758,11.0,0.1815,0.8185,1.0,0.995,discounted_lints,0.1,0.5336656292404443,0.9966356095773348,0.0085750013986582,0.5336656292404443,0.0033643904226652,0.0085750013986582,,,26
22,discounted_lints__hybrid__z72_a0p5_hybrid_corr5_bsstablehie5_top10,discounted_lints,hybrid,z72_a0p5_hybrid_corr5_bsstablehie5_top10,72,10,MOM_pct_14_z|vol_expansion_72_log1p_z|MACD_hist_pct_z|vol_ratio_72_log1p_z|ema_spread_9_21_z|ema_spread_100_200_z|ADX_72_scaled|ema_spread_50_100_z|ADX_30_scaled|dist_to_high_168_sqrt_z,443.0126238928423,-2.8660762145688032,True,dro_minimax_median,"[-7.0, 0.0]",-7.0,0.0,-2.8660762145688032,-3.3746594636543947,0.5,6.1750481687015135,0.7208583662072054,275.0,57.0,5,3142|3143|3144|3145|3146,-2.8660762145688032,-2.279817581832856,1.28831798749732,-3.4950834293692683,-0.229778541976137,-3.3746594636543947,-2.7795110048008627,1.5701341746249848,-0.8590189400238368,-3.3746594636543947,-4.503394635521156,6.1750481687015135,0.7208583662072054,275.0,57.0,4.0,7.015873015873016,4.0,6.0,0.8333333333333334,0.1666666666666666,12.0,0.1674999999999999,0.8325,1.0,0.995,discounted_lints,0.1,0.9667717245536444,0.9977427279809484,0.0045464104504061,0.9667717245536444,0.0022572720190517,0.0045464104504061,,,27
6,discounted_lints__hybrid__z72_a0p5_hybrid_corr5_bsstablehie5_top10,discounted_lints,hybrid,z72_a0p5_hybrid_corr5_bsstablehie5_top10,72,10,MOM_pct_14_z|vol_expansion_72_log1p_z|MACD_hist_pct_z|vol_ratio_72_log1p_z|ema_spread_9_21_z|ema_spread_100_200_z|ADX_72_scaled|ema_spread_50_100_z|ADX_30_scaled|dist_to_high_168_sqrt_z,184.90362471680731,-2.904732494253154,True,dro_minimax_median,"[-23.0, 0.0]",-23.0,0.0,-2.904732494253154,-3.714477758701233,0.5,6.516548353949214,0.6978958563506312,297.0,73.0,5,3142|3143|3144|3145|3146,-2.904732494253154,-2.920527511246004,0.1577991906560197,-3.148335716336496,-2.7139583381393217,-3.714477758701233,-3.783308467746637,0.2154643371738803,-0.3021243915844869,-3.714477758701233,-4.059336818463244,6.516548353949214,0.6978958563506312,297.0,73.0,4.0,8.03896103896104,4.0,8.0,0.8,0.2,11.0,0.2015,0.7985,1.0,0.995,discounted_lints,0.1,0.9619122909945216,0.9945917771945706,0.0015022510551021,0.9619122909945216,0.0054082228054294,0.0015022510551021,,,28
43,discounted_lints__hybrid__z72_a0p5_hybrid_corr5_bsstablehie5_top10,discounted_lints,hybrid,z72_a0p5_hybrid_corr5_bsstablehie5_top10,72,10,MOM_pct_14_z|vol_expansion_72_log1p_z|MACD_hist_pct_z|vol_ratio_72_log1p_z|ema_spread_9_21_z|ema_spread_100_200_z|ADX_72_scaled|ema_spread_50_100_z|ADX_30_scaled|dist_to_high_168_sqrt_z,378.306260297635,-2.925326875111113,True,dro_minimax_median,"[-29.0, 0.0]",-29.0,0.0,-2.925326875111113,-3.4972609560228776,0.5,7.170929667792736,0.6830014264570843,314.0,79.0,5,3142|3143|3144|3145|3146,-2.925326875111113,-2.7984946123860173,1.1209414102201738,-3.729445743387136,-0.9479989721933728,-3.4972609560228776,-3.479414649753017,1.312716059989513,-1.1094472728057043,-3.4972609560228776,-4.669982596614871,7.170929667792736,0.6830014264570843,314.0,79.0,4.0,7.273809523809524,4.0,7.0,0.8383838383838383,0.1616161616161616,10.5,0.172,0.828,1.0,0.995,discounted_lints,0.1,1.5021874898355436,0.9973566390383992,0.0027243581837127,1.5021874898355436,0.0026433609616009,0.0027243581837127,,,29
8,discounted_lints__hybrid__z72_a0p5_hybrid_corr5_bsstablehie5_top10,discounted_lints,hybrid,z72_a0p5_hybrid_corr5_bsstablehie5_top10,72,10,MOM_pct_14_z|vol_expansion_72_log1p_z|MACD_hist_pct_z|vol_ratio_72_log1p_z|ema_spread_9_21_z|ema_spread_100_200_z|ADX_72_scaled|ema_spread_50_100_z|ADX_30_scaled|dist_to_high_168_sqrt_z,190.93272092818265,-2.961450763434252,True,dro_minimax_median,"[-34.0, 0.0]",-34.0,0.0,-2.961450763434252,-3.8070126931786574,0.5,8.094501157525613,0.6670647165456345,330.0,84.0,5,3142|3143|3144|3145|3146,-2.961450763434252,-3.286469214234186,0.6641756570349013,-4.253784779826239,-2.7164193462839306,-3.8070126931786574,-4.253550866941863,0.9673977153278922,-0.4247649742010344,-3.8070126931786574,-4.466594118336064,8.094501157525613,0.6670647165456345,330.0,84.0,4.0,6.947826086956522,4.0,7.0,0.8476190476190476,0.1523809523809524,9.0,0.2115,0.7885,1.0,0.995,discounted_lints,0.1,2.452159774456762,0.9947625530336618,0.0013954426460853,2.452159774456762,0.0052374469663381,0.0013954426460853,,,30
14,discounted_lints__hybrid__z72_a0p5_hybrid_corr5_bsstablehie5_top10,discounted_lints,hybrid,z72_a0p5_hybrid_corr5_bsstablehie5_top10,72,10,MOM_pct_14_z|vol_expansion_72_log1p_z|MACD_hist_pct_z|vol_ratio_72_log1p_z|ema_spread_9_21_z|ema_spread_100_200_z|ADX_72_scaled|ema_spread_50_100_z|ADX_30_scaled|dist_to_high_168_sqrt_z,325.73852061310754,-3.113672752091669,True,dro_minimax_median,"[-30.0, 0.0]",-30.0,0.0,-3.113672752091669,-4.551258705662675,0.5,6.350069117854673,0.7175276297792645,297.0,80.0,5,3142|3143|3144|3145|3146,-3.113672752091669,-3.113947651775034,0.5087002071926487,-3.656032930695026,-2.430378621652536,-4.551258705662675,-4.262527788328457,0.7165165235680581,0.6630926417575048,-4.551258705662675,-4.178499036712084,6.350069117854673,0.7175276297792645,297.0,80.0,4.0,7.5,4.0,7.0,0.8043478260869565,0.1956521739130435,11.0,0.1755,0.8245,1.0,0.995,discounted_lints,0.1,2.025098209813621,0.996930052982012,0.0015471742527377,2.025098209813621,0.0030699470179879,0.0015471742527377,,,31
12,discounted_lints__hybrid__z72_a0p5_hybrid_corr5_bsstablehie5_top10,discounted_lints,hybrid,z72_a0p5_hybrid_corr5_bsstablehie5_top10,72,10,MOM_pct_14_z|vol_expansion_72_log1p_z|MACD_hist_pct_z|vol_ratio_72_log1p_z|ema_spread_9_21_z|ema_spread_100_200_z|ADX_72_scaled|ema_spread_50_100_z|ADX_30_scaled|dist_to_high_168_sqrt_z,415.3218339517378,-3.2941707462752614,True,dro_minimax_median,"[-30.0, 0.0]",-30.0,0.0,-3.2941707462752614,-4.185484778614391,0.5,7.116324045455757,0.6650749941411512,309.0,80.0,5,3142|3143|3144|3145|3146,-3.2941707462752614,-3.4328807903656804,0.6119757401905501,-4.155105095197358,-2.6369742688271693,-4.185484778614391,-4.460679913610265,0.7955048667021768,-0.4093036519385714,-4.185484778614391,-4.777013621522152,7.116324045455757,0.6650749941411512,309.0,80.0,4.0,7.56687898089172,4.0,6.75,0.8344370860927153,0.1655629139072847,10.0,0.1714999999999999,0.8285,1.0,0.995,discounted_lints,0.1,3.044712788065777,0.997592228680864,0.0017218769596124,3.044712788065777,0.0024077713191361,0.0017218769596124,,,32
4,discounted_lints__hybrid__z72_a0p5_hybrid_corr5_bsstablehie5_top10,discounted_lints,hybrid,z72_a0p5_hybrid_corr5_bsstablehie5_top10,72,10,MOM_pct_14_z|vol_expansion_72_log1p_z|MACD_hist_pct_z|vol_ratio_72_log1p_z|ema_spread_9_21_z|ema_spread_100_200_z|ADX_72_scaled|ema_spread_50_100_z|ADX_30_scaled|dist_to_high_168_sqrt_z,280.31353437652166,-3.389316019670501,True,dro_minimax_median,"[-32.0, 0.0]",-32.0,0.0,-3.389316019670501,-4.576032927853928,0.5,6.625471568677998,0.7312131851294584,327.0,82.0,5,3142|3143|3144|3145|3146,-3.389316019670501,-3.2601439531557084,0.4990507697052965,-3.907171963396154,-2.617975022002903,-4.576032927853928,-4.606249610411945,0.7019607961603672,1.0336938330307393,-4.576032927853928,-3.849900438776588,6.625471568677998,0.7312131851294584,327.0,82.0,4.0,7.310679611650485,4.0,6.0,0.8488372093023255,0.1511627906976744,10.0,0.1995,0.8005,1.0,0.995,discounted_lints,0.1,3.5214433218841976,0.9964325661184208,0.003026159201637,3.5214433218841976,0.0035674338815791,0.003026159201637,,,33
5,discounted_lints__hybrid__z72_a0p5_hybrid_corr5_bsstablehie5_top10,discounted_lints,hybrid,z72_a0p5_hybrid_corr5_bsstablehie5_top10,72,10,MOM_pct_14_z|vol_expansion_72_log1p_z|MACD_hist_pct_z|vol_ratio_72_log1p_z|ema_spread_9_21_z|ema_spread_100_200_z|ADX_72_scaled|ema_spread_50_100_z|ADX_30_scaled|dist_to_high_168_sqrt_z,186.65840629899728,-3.4605019995060218,True,dro_minimax_median,"[-50.0, 0.0]",-50.0,0.0,-3.4605019995060218,-4.048951964073307,0.5,8.166271532440572,0.6446368695484782,347.0,100.0,5,3142|3143|3144|3145|3146,-3.4605019995060218,-3.495558191914668,0.397291274880193,-4.136238323129262,-3.144416535284921,-4.048951964073307,-4.196750765394178,0.5782992748354486,-1.2698792499935958,-4.048951964073307,-5.67028813158104,8.166271532440572,0.6446368695484782,347.0,100.0,4.0,6.890625,4.0,5.25,0.8650793650793651,0.1349206349206349,10.0,0.2315,0.7685,1.0,0.995,discounted_lints,0.1,15.69541975891441,0.994642620068243,0.0012327337848189,15.69541975891441,0.005357379931757,0.0012327337848189,,,34
3,discounted_lints__hybrid__z72_a0p5_hybrid_corr5_bsstablehie5_top10,discounted_lints,hybrid,z72_a0p5_hybrid_corr5_bsstablehie5_top10,72,10,MOM_pct_14_z|vol_expansion_72_log1p_z|MACD_hist_pct_z|vol_ratio_72_log1p_z|ema_spread_9_21_z|ema_spread_100_200_z|ADX_72_scaled|ema_spread_50_100_z|ADX_30_scaled|dist_to_high_168_sqrt_z,191.8111432324568,-3.600142535873876,True,dro_minimax_median,"[-49.0, 0.0]",-49.0,0.0,-3.600142535873876,-4.687430704721147,0.5,7.94157583158449,0.7246497869414114,360.0,99.0,5,3142|3143|3144|3145|3146,-3.600142535873876,-3.567538420495893,0.4642723282947127,-4.19002456876897,-2.9292123841986677,-4.687430704721147,-4.732390233400779,0.6441003435880165,-0.1758279421681829,-4.687430704721147,-5.049894377361611,7.94157583158449,0.7246497869414114,360.0,99.0,4.0,7.081081081081081,4.0,6.0,0.8467153284671532,0.1532846715328467,10.0,0.2295,0.7705,1.0,0.995,discounted_lints,0.1,2.138870492726761,0.9947865385548113,0.0097542382638247,2.138870492726761,0.0052134614451887,0.0097542382638247,,,35
40,discounted_lints__hybrid__z72_a0p5_hybrid_corr5_bsstablehie5_top10,discounted_lints,hybrid,z72_a0p5_hybrid_corr5_bsstablehie5_top10,72,10,MOM_pct_14_z|vol_expansion_72_log1p_z|MACD_hist_pct_z|vol_ratio_72_log1p_z|ema_spread_9_21_z|ema_spread_100_200_z|ADX_72_scaled|ema_spread_50_100_z|ADX_30_scaled|dist_to_high_168_sqrt_z,315.8911994719776,-3.692429913053792,True,dro_minimax_median,"[-60.0, 0.0]",-60.0,0.0,-3.692429913053792,-4.626757765094047,0.5,8.245108866415107,0.7278381303903967,400.0,110.0,5,3142|3143|3144|3145|3146,-3.692429913053792,-3.6284073458611754,0.5151645061098657,-4.189950765959257,-2.8196682556804333,-4.626757765094047,-4.744886422196772,0.5616804294940327,-0.5700379055925131,-4.626757765094047,-5.24516159004047,8.245108866415107,0.7278381303903967,400.0,110.0,4.0,7.054545454545455,4.0,6.0,0.8441558441558441,0.1558441558441558,9.0,0.2714999999999999,0.7285,1.0,0.995,discounted_lints,0.1,6.239527031309404,0.996834353088432,0.0125027597326616,6.239527031309404,0.003165646911568,0.0125027597326616,,,36
41,discounted_lints__hybrid__z72_a0p5_hybrid_corr5_bsstablehie5_top10,discounted_lints,hybrid,z72_a0p5_hybrid_corr5_bsstablehie5_top10,72,10,MOM_pct_14_z|vol_expansion_72_log1p_z|MACD_hist_pct_z|vol_ratio_72_log1p_z|ema_spread_9_21_z|ema_spread_100_200_z|ADX_72_scaled|ema_spread_50_100_z|ADX_30_scaled|dist_to_high_168_sqrt_z,197.5185525342915,-3.711528887850669,True,dro_minimax_median,"[-64.0, 0.0]",-64.0,0.0,-3.711528887850669,-4.189579084969623,0.5,8.222410573019223,0.6292365960819974,367.0,114.0,5,3142|3143|3144|3145|3146,-3.711528887850669,-3.6293896157161583,0.6579998195342425,-4.598549844129318,-2.885619999955379,-4.189579084969623,-4.0931344408771375,0.7721903405339358,-2.3773059205255485,-4.189579084969623,-5.844875357174499,8.222410573019223,0.6292365960819974,367.0,114.0,4.0,6.7844827586206895,4.0,5.5,0.8333333333333334,0.1666666666666666,9.0,0.2295,0.7705,1.0,0.995,discounted_lints,0.1,7.9401652524040385,0.9949371844458692,0.0052339627391312,7.9401652524040385,0.0050628155541307,0.0052339627391312,,,37
49,discounted_lints__hybrid__z72_a0p5_hybrid_corr5_bsstablehie5_top10,discounted_lints,hybrid,z72_a0p5_hybrid_corr5_bsstablehie5_top10,72,10,MOM_pct_14_z|vol_expansion_72_log1p_z|MACD_hist_pct_z|vol_ratio_72_log1p_z|ema_spread_9_21_z|ema_spread_100_200_z|ADX_72_scaled|ema_spread_50_100_z|ADX_30_scaled|dist_to_high_168_sqrt_z,220.25323941142088,-3.786590220450032,True,dro_minimax_median,"[-28.0, 0.0]",-28.0,0.0,-3.786590220450032,-4.956360384667047,0.5,7.005569568080428,0.6640339923533559,311.0,78.0,5,3142|3143|3144|3145|3146,-3.786590220450032,-3.474350363820542,0.5665193760188393,-3.9952954284662696,-2.7820284213467588,-4.956360384667047,-4.681374205633492,0.4513894242182217,-0.0151301378790269,-4.956360384667047,-5.095023888966632,7.005569568080428,0.6640339923533559,311.0,78.0,4.0,7.254901960784314,4.0,7.0,0.8072289156626506,0.1927710843373494,11.0,0.1875,0.8125,1.0,0.995,discounted_lints,0.1,0.8496520315295215,0.9954597716579684,0.0043141426000734,0.8496520315295215,0.0045402283420315,0.0043141426000734,,,38
30,discounted_lints__hybrid__z72_a0p5_hybrid_corr5_bsstablehie5_top10,discounted_lints,hybrid,z72_a0p5_hybrid_corr5_bsstablehie5_top10,72,10,MOM_pct_14_z|vol_expansion_72_log1p_z|MACD_hist_pct_z|vol_ratio_72_log1p_z|ema_spread_9_21_z|ema_spread_100_200_z|ADX_72_scaled|ema_spread_50_100_z|ADX_30_scaled|dist_to_high_168_sqrt_z,427.6036794126902,-4.072541741940924,True,dro_minimax_median,"[-119.0, 0.0]",-119.0,0.0,-4.072541741940924,-5.319969028677478,0.5,8.427657481691075,0.7031596861329125,547.0,169.0,5,3142|3143|3144|3145|3146,-4.072541741940924,-4.042796054072748,0.3377829593890763,-4.46433324877694,-3.643924408629786,-5.319969028677478,-5.066351332690405,0.4938170099035183,-0.8248606921394804,-5.319969028677478,-5.835982950582604,8.427657481691075,0.7031596861329125,547.0,169.0,4.0,5.870967741935484,4.0,6.0,0.9022988505747126,0.0977011494252873,8.0,0.3615,0.6385,1.0,0.995,discounted_lints,0.1,24.43823823755756,0.9976613858857026,0.0357665551636029,24.43823823755756,0.0023386141142973,0.0357665551636029,,,39
1,discounted_lints__hybrid__z72_a0p5_hybrid_corr5_bsstablehie5_top10,discounted_lints,hybrid,z72_a0p5_hybrid_corr5_bsstablehie5_top10,72,10,MOM_pct_14_z|vol_expansion_72_log1p_z|MACD_hist_pct_z|vol_ratio_72_log1p_z|ema_spread_9_21_z|ema_spread_100_200_z|ADX_72_scaled|ema_spread_50_100_z|ADX_30_scaled|dist_to_high_168_sqrt_z,224.38596911740208,-4.354901030473061,True,dro_minimax_median,"[-110.0, 0.0]",-110.0,0.0,-4.354901030473061,-5.6657824074227365,0.5,9.296576996400962,0.7320585505496257,534.0,160.0,5,3142|3143|3144|3145|3146,-4.354901030473061,-4.334672249869882,0.8656002083837411,-5.450329568170199,-3.0319495398770666,-5.6657824074227365,-5.53151113228104,1.0061494420323869,-0.4222568996240368,-5.6657824074227365,-6.059526599956588,9.296576996400962,0.7320585505496257,534.0,160.0,4.0,5.668604651162791,4.0,5.0,0.9181286549707602,0.0818713450292397,8.0,0.354,0.646,1.0,0.995,discounted_lints,0.1,0.7630340364993864,0.9955433933595162,0.0328860034142409,0.7630340364993864,0.0044566066404837,0.0328860034142409,,,40
0,discounted_lints__hybrid__z72_a0p5_hybrid_corr5_bsstablehie5_top10,discounted_lints,hybrid,z72_a0p5_hybrid_corr5_bsstablehie5_top10,72,10,MOM_pct_14_z|vol_expansion_72_log1p_z|MACD_hist_pct_z|vol_ratio_72_log1p_z|ema_spread_9_21_z|ema_spread_100_200_z|ADX_72_scaled|ema_spread_50_100_z|ADX_30_scaled|dist_to_high_168_sqrt_z,325.0,-4.561367779527231,True,dro_minimax_median,"[-98.0, 0.0]",-98.0,0.0,-4.561367779527231,-5.729438812337036,0.5,8.748616366189644,0.6681063920211431,472.0,148.0,5,3142|3143|3144|3145|3146,-4.561367779527231,-4.38462728315526,0.6722249750904646,-5.192759631779133,-3.4019145234824464,-5.729438812337036,-5.466548801120441,0.8634165138438643,-1.4619552662082036,-5.729438812337036,-6.596023776639367,8.748616366189644,0.6681063920211431,472.0,148.0,4.0,5.751592356687898,4.0,5.0,0.90625,0.09375,8.0,0.3275,0.6725,1.0,0.995,discounted_lints,0.1,1.0,0.9969230769230768,0.03,1.0,0.003076923076923,0.03,,,41
2,discounted_lints__hybrid__z72_a0p5_hybrid_corr5_bsstablehie5_top10,discounted_lints,hybrid,z72_a0p5_hybrid_corr5_bsstablehie5_top10,72,10,MOM_pct_14_z|vol_expansion_72_log1p_z|MACD_hist_pct_z|vol_ratio_72_log1p_z|ema_spread_9_21_z|ema_spread_100_200_z|ADX_72_scaled|ema_spread_50_100_z|ADX_30_scaled|dist_to_high_168_sqrt_z,252.2629571825609,-4.64612640212942,True,dro_minimax_median,"[-108.0, 0.0]",-108.0,0.0,-4.64612640212942,-5.633133442881532,0.5,9.85305504803422,0.6682400314794514,517.0,158.0,5,3142|3143|3144|3145|3146,-4.64612640212942,-4.66475203116286,0.8335134622591663,-6.028395552195162,-3.959057452810644,-5.633133442881532,-5.783937949498322,1.1076591075311506,-1.3447342389545147,-5.633133442881532,-6.7413881765604815,9.85305504803422,0.6682400314794514,517.0,158.0,4.0,5.642487046632124,4.0,6.0,0.9119496855345912,0.0880503144654088,8.0,0.3515,0.6485,1.0,0.995,discounted_lints,0.1,2.078420280073592,0.9960358825125628,0.0320061067577963,2.078420280073592,0.0039641174874371,0.0320061067577963,,,42
29,discounted_lints__hybrid__z72_a0p5_hybrid_corr5_bsstablehie5_top10,discounted_lints,hybrid,z72_a0p5_hybrid_corr5_bsstablehie5_top10,72,10,MOM_pct_14_z|vol_expansion_72_log1p_z|MACD_hist_pct_z|vol_ratio_72_log1p_z|ema_spread_9_21_z|ema_spread_100_200_z|ADX_72_scaled|ema_spread_50_100_z|ADX_30_scaled|dist_to_high_168_sqrt_z,325.64687162240574,-4.6994293219380685,True,dro_minimax_median,"[-82.0, 0.0]",-82.0,0.0,-4.6994293219380685,-6.084271090699822,0.5,8.79757737680842,0.6710325077679611,482.0,132.0,5,3142|3143|3144|3145|3146,-4.6994293219380685,-4.584957726145367,0.9722219877147972,-5.71316115113581,-3.472999446661704,-6.084271090699822,-5.725239501549022,1.227005793295274,-1.152316310664836,-6.084271090699822,-6.628401969454419,8.79757737680842,0.6710325077679611,482.0,132.0,4.0,5.837209302325581,4.0,5.25,0.9127906976744186,0.0872093023255814,9.0,0.3295,0.6705,1.0,0.995,discounted_lints,0.1,0.5862513464506215,0.996929188986162,0.0296748006299384,0.5862513464506215,0.003070811013838,0.0296748006299384,,,43
24,discounted_lints__hybrid__z72_a0p5_hybrid_corr5_bsstablehie5_top10,discounted_lints,hybrid,z72_a0p5_hybrid_corr5_bsstablehie5_top10,72,10,MOM_pct_14_z|vol_expansion_72_log1p_z|MACD_hist_pct_z|vol_ratio_72_log1p_z|ema_spread_9_21_z|ema_spread_100_200_z|ADX_72_scaled|ema_spread_50_100_z|ADX_30_scaled|dist_to_high_168_sqrt_z,246.84056899946117,-4.707462178080245,True,dro_minimax_median,"[-128.0, 0.0]",-128.0,0.0,-4.707462178080245,-5.275463620069505,0.5,9.9935940016185,0.6636135025463612,568.0,178.0,5,3142|3143|3144|3145|3146,-4.707462178080245,-4.795241523263424,1.0649985081715307,-6.108563464707521,-3.648218902965015,-5.275463620069505,-5.6043764376314416,1.6841383718606286,-2.739047954321165,-5.275463620069505,-7.469214246750155,9.9935940016185,0.6636135025463612,568.0,178.0,4.0,5.65,4.0,6.0,0.9344262295081968,0.0655737704918032,8.0,0.3725,0.6275,1.0,0.995,discounted_lints,0.1,18.062058947854165,0.9959488020787935,0.039113308564621,18.062058947854165,0.0040511979212063,0.039113308564621,,,44
13,discounted_lints__hybrid__z72_a0p5_hybrid_corr5_bsstablehie5_top10,discounted_lints,hybrid,z72_a0p5_hybrid_corr5_bsstablehie5_top10,72,10,MOM_pct_14_z|vol_expansion_72_log1p_z|MACD_hist_pct_z|vol_ratio_72_log1p_z|ema_spread_9_21_z|ema_spread_100_200_z|ADX_72_scaled|ema_spread_50_100_z|ADX_30_scaled|dist_to_high_168_sqrt_z,268.4451091852264,-4.802962427576782,True,dro_minimax_median,"[-46.0, 0.0]",-46.0,0.0,-4.802962427576782,-6.010080340087261,0.5,8.640440719362186,0.5883501609642156,367.0,96.0,5,3142|3143|3144|3145|3146,-4.802962427576782,-4.755258083116672,0.9293320713437356,-6.023542880411535,-3.696471823899345,-6.010080340087261,-5.914067329598549,0.89145045940884,-1.1816086900453435,-6.010080340087261,-7.107938160076574,8.640440719362186,0.5883501609642156,367.0,96.0,4.0,7.028169014084507,4.0,5.0,0.8591549295774648,0.1408450704225352,8.0,0.2455,0.7545,1.0,0.995,discounted_lints,0.1,21.581037690956325,0.996274843661577,0.004517438533103,21.581037690956325,0.0037251563384229,0.004517438533103,,,45
34,discounted_lints__hybrid__z72_a0p5_hybrid_corr5_bsstablehie5_top10,discounted_lints,hybrid,z72_a0p5_hybrid_corr5_bsstablehie5_top10,72,10,MOM_pct_14_z|vol_expansion_72_log1p_z|MACD_hist_pct_z|vol_ratio_72_log1p_z|ema_spread_9_21_z|ema_spread_100_200_z|ADX_72_scaled|ema_spread_50_100_z|ADX_30_scaled|dist_to_high_168_sqrt_z,178.99305270738515,-4.931822915796924,True,dro_minimax_median,"[-123.0, 0.0]",-123.0,0.0,-4.931822915796924,-5.463987706702553,0.5,9.244591974325688,0.6527935088286709,562.0,173.0,5,3142|3143|3144|3145|3146,-4.931822915796924,-4.72923430216008,0.9982132196155374,-6.185686645184159,-3.701221317520876,-5.463987706702553,-5.783503408842814,1.2357803531514062,-1.952714962542242,-5.463987706702553,-7.785045090684895,9.244591974325688,0.6527935088286709,562.0,173.0,4.0,5.826815642458101,4.0,6.0,0.9132653061224488,0.086734693877551,8.0,0.3615,0.6385,1.0,0.995,discounted_lints,0.1,7.922938442744702,0.9944131909877264,0.0367614666548771,7.922938442744702,0.0055868090122736,0.0367614666548771,,,46
11,discounted_lints__hybrid__z72_a0p5_hybrid_corr5_bsstablehie5_top10,discounted_lints,hybrid,z72_a0p5_hybrid_corr5_bsstablehie5_top10,72,10,MOM_pct_14_z|vol_expansion_72_log1p_z|MACD_hist_pct_z|vol_ratio_72_log1p_z|ema_spread_9_21_z|ema_spread_100_200_z|ADX_72_scaled|ema_spread_50_100_z|ADX_30_scaled|dist_to_high_168_sqrt_z,419.5869601889607,-1.3263303533208315,False,dro_minimax_median,"[3.0, 0.0]",3.0,0.0,-1.3263303533208315,-1.5588292045259469,0.5,4.532380012300063,0.7708287320372725,206.0,47.0,5,3142|3143|3144|3145|3146,-1.3263303533208315,-1.547398483933765,0.6802085565070016,-2.399224063928536,-0.7180210770163795,-1.5588292045259469,-1.909680362001421,0.8918406431073942,-0.628833799705486,-1.5588292045259469,-2.2060620868709635,4.532380012300063,0.7708287320372725,206.0,47.0,4.0,7.464285714285714,4.0,8.0,0.7659574468085106,0.2340425531914893,13.0,0.1394999999999999,0.8605,1.0,0.995,discounted_lints,0.1,0.6101636393391433,0.9976167038185608,0.0015803476220751,0.6101636393391433,0.0023832961814391,0.0015803476220751,,,47
42,discounted_lints__hybrid__z72_a0p5_hybrid_corr5_bsstablehie5_top10,discounted_lints,hybrid,z72_a0p5_hybrid_corr5_bsstablehie5_top10,72,10,MOM_pct_14_z|vol_expansion_72_log1p_z|MACD_hist_pct_z|vol_ratio_72_log1p_z|ema_spread_9_21_z|ema_spread_100_200_z|ADX_72_scaled|ema_spread_50_100_z|ADX_30_scaled|dist_to_high_168_sqrt_z,418.5882073890417,-1.4341390079026073,False,dro_minimax_median,"[6.0, 0.0]",6.0,0.0,-1.4341390079026073,-1.6339037204143942,0.5,4.200167411705957,0.6832783953591218,179.0,44.0,5,3142|3143|3144|3145|3146,-1.4341390079026073,-1.5339951620010488,0.3390845127011084,-1.9274532539938751,-1.164464748933137,-1.6339037204143942,-1.883697067091859,0.4794453271139445,-0.5443161112901737,-1.6339037204143942,-2.356830580546317,4.200167411705957,0.6832783953591218,179.0,44.0,4.0,7.696969696969697,4.0,8.0,0.7971014492753623,0.2028985507246377,16.0,0.1079999999999999,0.892,1.0,0.995,discounted_lints,0.1,0.5883242727393769,0.997611017266259,0.0022409822881077,0.5883242727393769,0.0023889827337409,0.0022409822881077,,,48
47,discounted_lints__hybrid__z72_a0p5_hybrid_corr5_bsstablehie5_top10,discounted_lints,hybrid,z72_a0p5_hybrid_corr5_bsstablehie5_top10,72,10,MOM_pct_14_z|vol_expansion_72_log1p_z|MACD_hist_pct_z|vol_ratio_72_log1p_z|ema_spread_9_21_z|ema_spread_100_200_z|ADX_72_scaled|ema_spread_50_100_z|ADX_30_scaled|dist_to_high_168_sqrt_z,437.9648534816471,-1.7016694883085954,False,dro_minimax_median,"[4.0, 0.0]",4.0,0.0,-1.7016694883085954,-1.9360153226812504,0.5,4.323448417556087,0.7975703702088817,246.0,46.0,5,3142|3143|3144|3145|3146,-1.7016694883085954,-1.851694051865433,1.0834163877885128,-3.6533513049710615,-0.8474975353271057,-1.9360153226812504,-2.1730471745097546,1.3663973424345923,-1.1912501144733154,-1.9360153226812504,-2.379673997142976,4.323448417556087,0.7975703702088817,246.0,46.0,4.0,7.283783783783784,4.0,7.5,0.8169014084507042,0.1830985915492957,12.0,0.1414999999999999,0.8585,1.0,0.995,discounted_lints,0.1,0.5199620095916708,0.9977167117588308,0.0012945092367589,0.5199620095916708,0.0022832882411691,0.0012945092367589,,,49
36,discounted_lints__hybrid__z72_a0p5_hybrid_corr5_bsstablehie5_top10,discounted_lints,hybrid,z72_a0p5_hybrid_corr5_bsstablehie5_top10,72,10,MOM_pct_14_z|vol_expansion_72_log1p_z|MACD_hist_pct_z|vol_ratio_72_log1p_z|ema_spread_9_21_z|ema_spread_100_200_z|ADX_72_scaled|ema_spread_50_100_z|ADX_30_scaled|dist_to_high_168_sqrt_z,413.5257945890908,-1.8077465918217843,False,dro_minimax_median,"[2.0, 0.0]",2.0,0.0,-1.8077465918217843,-2.238341698308496,0.5,4.73379583535305,0.7649025305392821,188.0,48.0,5,3142|3143|3144|3145|3146,-1.8077465918217843,-1.5394209213672725,0.7727526271046086,-2.3128747451160354,-0.4222192479106841,-2.238341698308496,-1.9047657909536635,0.923057972679452,-0.5159612723616499,-2.238341698308496,-2.746705663003061,4.73379583535305,0.7649025305392821,188.0,48.0,4.0,7.745098039215686,4.0,8.75,0.7721518987341772,0.2278481012658227,13.0,0.1235,0.8765,1.0,0.995,discounted_lints,0.1,0.5831172609098784,0.9975817711661888,0.0031011181315453,0.5831172609098784,0.0024182288338111,0.0031011181315453,,,50
22,discounted_linucb__corr__z48_a0p5_corr_pruned_top10,discounted_linucb,corr,z48_a0p5_corr_pruned_top10,48,10,MOM_pct_14_z|MACD_hist_pct_z|dist_to_low_24_sqrt_z|MOM_pct_30_z|range_sqrt_z|bb_width_20_sqrt_z|vol_ratio_72_log1p_z|body_sqrt_z|ret_accel_6_24_z|NATR_14_z,398.7530217367868,-2.0303385681780517,True,dro_minimax_median,"[-44.0, 0.0]",-44.0,0.0,-2.0303385681780517,-2.849746934052907,0.5,7.758730332058505,0.7517538138101527,415.0,94.0,1,3142,-2.0303385681780517,-2.0303385681780517,0.0,-2.0303385681780517,-2.0303385681780517,-2.849746934052907,-2.849746934052907,0.0,0.4278865294465158,-2.849746934052907,-2.401023336737396,7.758730332058505,0.7517538138101527,415.0,94.0,4.0,6.5256410256410255,4.0,6.0,0.8653846153846154,0.1346153846153846,8.0,0.312,0.688,1.0,0.995,discounted_linucb,0.1,0.8138243181666224,0.9974921820137076,,0.8138243181666224,0.0025078179862925,,0.0096311851447343,0.0096311851447343,1
29,discounted_linucb__corr__z48_a0p5_corr_pruned_top10,discounted_linucb,corr,z48_a0p5_corr_pruned_top10,48,10,MOM_pct_14_z|MACD_hist_pct_z|dist_to_low_24_sqrt_z|MOM_pct_30_z|range_sqrt_z|bb_width_20_sqrt_z|vol_ratio_72_log1p_z|body_sqrt_z|ret_accel_6_24_z|NATR_14_z,415.1521848887016,-2.187773748305656,True,dro_minimax_median,"[-53.0, 0.0]",-53.0,0.0,-2.187773748305656,-2.9860106050713764,0.5,8.541136600207523,0.8175593402722205,433.0,103.0,1,3142,-2.187773748305656,-2.187773748305656,0.0,-2.187773748305656,-2.187773748305656,-2.9860106050713764,-2.9860106050713764,0.0,0.2069368219915065,-2.9860106050713764,-2.7779992469384265,8.541136600207523,0.8175593402722205,433.0,103.0,4.0,6.298136645962733,4.0,6.0,0.8757763975155279,0.124223602484472,9.0,0.3219999999999999,0.678,1.0,0.995,discounted_linucb,0.1,0.5252526487104474,0.997591244761802,,0.5252526487104474,0.0024087552381979,,0.0353198857170651,0.0353198857170651,2
20,discounted_linucb__corr__z48_a0p5_corr_pruned_top10,discounted_linucb,corr,z48_a0p5_corr_pruned_top10,48,10,MOM_pct_14_z|MACD_hist_pct_z|dist_to_low_24_sqrt_z|MOM_pct_30_z|range_sqrt_z|bb_width_20_sqrt_z|vol_ratio_72_log1p_z|body_sqrt_z|ret_accel_6_24_z|NATR_14_z,340.51533849190264,-2.289320884777424,True,dro_minimax_median,"[-62.0, 0.0]",-62.0,0.0,-2.289320884777424,-2.943248312651233,0.5,9.40789270503142,0.8178909082983254,444.0,112.0,1,3142,-2.289320884777424,-2.289320884777424,0.0,-2.289320884777424,-2.289320884777424,-2.943248312651233,-2.943248312651233,0.0,-0.3275386011559966,-2.943248312651233,-3.249434456529776,9.40789270503142,0.8178909082983254,444.0,112.0,4.0,6.280487804878049,4.0,6.0,0.8690476190476191,0.1309523809523809,9.0,0.3279999999999999,0.672,1.0,0.995,discounted_linucb,0.1,0.5145829032286845,0.997063274728155,,0.5145829032286845,0.0029367252718449,,0.0230926437131932,0.0230926437131932,3
24,discounted_linucb__corr__z48_a0p5_corr_pruned_top10,discounted_linucb,corr,z48_a0p5_corr_pruned_top10,48,10,MOM_pct_14_z|MACD_hist_pct_z|dist_to_low_24_sqrt_z|MOM_pct_30_z|range_sqrt_z|bb_width_20_sqrt_z|vol_ratio_72_log1p_z|body_sqrt_z|ret_accel_6_24_z|NATR_14_z,422.9039128572756,-2.372604388864929,True,dro_minimax_median,"[-57.0, 0.0]",-57.0,0.0,-2.372604388864929,-2.894225118602119,0.5,8.562929985621338,0.7540876284271691,434.0,107.0,1,3142,-2.372604388864929,-2.372604388864929,0.0,-2.372604388864929,-2.372604388864929,-2.894225118602119,-2.894225118602119,0.0,-0.8077421996533607,-2.894225118602119,-3.629089484238124,8.562929985621338,0.7540876284271691,434.0,107.0,4.0,6.2926829268292686,4.0,6.0,0.8711656441717791,0.1288343558282208,8.0,0.3275,0.6725,1.0,0.995,discounted_linucb,0.1,0.5334465865074969,0.997635396671448,,0.5334465865074969,0.002364603328552,,0.0214665798699422,0.0214665798699422,4
27,discounted_linucb__corr__z48_a0p5_corr_pruned_top10,discounted_linucb,corr,z48_a0p5_corr_pruned_top10,48,10,MOM_pct_14_z|MACD_hist_pct_z|dist_to_low_24_sqrt_z|MOM_pct_30_z|range_sqrt_z|bb_width_20_sqrt_z|vol_ratio_72_log1p_z|body_sqrt_z|ret_accel_6_24_z|NATR_14_z,320.246202903154,-2.401802040032524,True,dro_minimax_median,"[-61.0, 0.0]",-61.0,0.0,-2.401802040032524,-3.2291359921229748,0.5,7.415547302656556,0.8678789881268504,440.0,111.0,1,3142,-2.401802040032524,-2.401802040032524,0.0,-2.401802040032524,-2.401802040032524,-3.2291359921229748,-3.2291359921229748,0.0,0.0801998162388277,-3.2291359921229748,-3.116544440611513,7.415547302656556,0.8678789881268504,440.0,111.0,4.0,6.037037037037037,4.0,5.0,0.8622754491017964,0.1377245508982036,8.0,0.3239999999999999,0.676,1.0,0.995,discounted_linucb,0.1,0.5494654989200185,0.9968774024767988,,0.5494654989200185,0.0031225975232012,,0.0053848373136537,0.0053848373136537,5
10,discounted_linucb__corr__z48_a0p5_corr_pruned_top10,discounted_linucb,corr,z48_a0p5_corr_pruned_top10,48,10,MOM_pct_14_z|MACD_hist_pct_z|dist_to_low_24_sqrt_z|MOM_pct_30_z|range_sqrt_z|bb_width_20_sqrt_z|vol_ratio_72_log1p_z|body_sqrt_z|ret_accel_6_24_z|NATR_14_z,290.0263713832035,-2.424301467988954,True,dro_minimax_median,"[-77.0, 0.0]",-77.0,0.0,-2.424301467988954,-3.4668535805951266,0.5,6.888679115172625,0.8348233755026947,455.0,127.0,1,3142,-2.424301467988954,-2.424301467988954,0.0,-2.424301467988954,-2.424301467988954,-3.4668535805951266,-3.4668535805951266,0.0,0.7033548698295644,-3.4668535805951266,-2.778151070952406,6.888679115172625,0.8348233755026947,455.0,127.0,4.0,6.391025641025641,4.0,5.25,0.8461538461538461,0.1538461538461538,8.0,0.3135,0.6865,1.0,0.995,discounted_linucb,0.1,0.6548627951123617,0.9965520376811572,,0.6548627951123617,0.0034479623188428,,0.0898989773288307,0.0898989773288307,6
36,discounted_linucb__corr__z48_a0p5_corr_pruned_top10,discounted_linucb,corr,z48_a0p5_corr_pruned_top10,48,10,MOM_pct_14_z|MACD_hist_pct_z|dist_to_low_24_sqrt_z|MOM_pct_30_z|range_sqrt_z|bb_width_20_sqrt_z|vol_ratio_72_log1p_z|body_sqrt_z|ret_accel_6_24_z|NATR_14_z,423.4037771051569,-2.460888993275072,True,dro_minimax_median,"[-45.0, 0.0]",-45.0,0.0,-2.460888993275072,-3.525772623061381,0.5,8.799918024855636,0.7449539298048409,403.0,95.0,1,3142,-2.460888993275072,-2.460888993275072,0.0,-2.460888993275072,-2.460888993275072,-3.525772623061381,-3.525772623061381,0.0,0.7337618960838584,-3.525772623061381,-2.7975552732975952,8.799918024855636,0.7449539298048409,403.0,95.0,4.0,6.898648648648648,4.0,6.25,0.8378378378378378,0.1621621621621621,9.0,0.296,0.704,1.0,0.995,discounted_linucb,0.1,0.516928000533978,0.9976381882872252,,0.516928000533978,0.0023618117127746,,0.0095528022301346,0.0095528022301346,7
18,discounted_linucb__corr__z48_a0p5_corr_pruned_top10,discounted_linucb,corr,z48_a0p5_corr_pruned_top10,48,10,MOM_pct_14_z|MACD_hist_pct_z|dist_to_low_24_sqrt_z|MOM_pct_30_z|range_sqrt_z|bb_width_20_sqrt_z|vol_ratio_72_log1p_z|body_sqrt_z|ret_accel_6_24_z|NATR_14_z,324.0709365902382,-2.4839507335210387,True,dro_minimax_median,"[-67.0, 0.0]",-67.0,0.0,-2.4839507335210387,-3.1325795289627494,0.5,7.104429171540194,0.8151444481633956,450.0,117.0,1,3142,-2.4839507335210387,-2.4839507335210387,0.0,-2.4839507335210387,-2.4839507335210387,-3.1325795289627494,-3.1325795289627494,0.0,-0.5380643471959065,-3.1325795289627494,-3.6234882241240087,7.104429171540194,0.8151444481633956,450.0,117.0,4.0,6.114457831325301,4.0,5.75,0.8795180722891566,0.1204819277108433,9.0,0.3319999999999999,0.668,1.0,0.995,discounted_linucb,0.1,0.5758994629448437,0.996914255840028,,0.5758994629448437,0.003085744159972,,0.0208795662331092,0.0208795662331092,8
35,discounted_linucb__corr__z48_a0p5_corr_pruned_top10,discounted_linucb,corr,z48_a0p5_corr_pruned_top10,48,10,MOM_pct_14_z|MACD_hist_pct_z|dist_to_low_24_sqrt_z|MOM_pct_30_z|range_sqrt_z|bb_width_20_sqrt_z|vol_ratio_72_log1p_z|body_sqrt_z|ret_accel_6_24_z|NATR_14_z,423.9866587304209,-2.510117603082808,True,dro_minimax_median,"[-58.0, 0.0]",-58.0,0.0,-2.510117603082808,-3.434371428136433,0.5,8.573706185642994,0.7530450112225171,439.0,108.0,1,3142,-2.510117603082808,-2.510117603082808,0.0,-2.510117603082808,-2.510117603082808,-3.434371428136433,-3.434371428136433,0.0,0.2626438720780684,-3.434371428136433,-3.167843121023195,8.573706185642994,0.7530450112225171,439.0,108.0,4.0,6.487341772151899,4.0,6.0,0.8607594936708861,0.1392405063291139,9.0,0.3159999999999999,0.684,1.0,0.995,discounted_linucb,0.1,0.5122667936143603,0.997641435221112,,0.5122667936143603,0.002358564778888,,0.0300322216642288,0.0300322216642288,9
48,discounted_linucb__corr__z48_a0p5_corr_pruned_top10,discounted_linucb,corr,z48_a0p5_corr_pruned_top10,48,10,MOM_pct_14_z|MACD_hist_pct_z|dist_to_low_24_sqrt_z|MOM_pct_30_z|range_sqrt_z|bb_width_20_sqrt_z|vol_ratio_72_log1p_z|body_sqrt_z|ret_accel_6_24_z|NATR_14_z,370.27265699177207,-2.5923336600129296,True,dro_minimax_median,"[-63.0, 0.0]",-63.0,0.0,-2.5923336600129296,-3.8325532961902327,0.5,7.675732453922357,0.8059494072670038,437.0,113.0,1,3142,-2.5923336600129296,-2.5923336600129296,0.0,-2.5923336600129296,-2.5923336600129296,-3.8325532961902327,-3.8325532961902327,0.0,1.12832524851898,-3.8325532961902327,-2.74191542374372,7.675732453922357,0.8059494072670038,437.0,113.0,4.0,6.217391304347826,4.0,6.0,0.8571428571428571,0.1428571428571428,8.0,0.3219999999999999,0.678,1.0,0.995,discounted_linucb,0.1,1.6203866274654075,0.997299287481489,,1.6203866274654075,0.0027007125185109,,0.0107363506197043,0.0107363506197043,10
45,discounted_linucb__corr__z48_a0p5_corr_pruned_top10,discounted_linucb,corr,z48_a0p5_corr_pruned_top10,48,10,MOM_pct_14_z|MACD_hist_pct_z|dist_to_low_24_sqrt_z|MOM_pct_30_z|range_sqrt_z|bb_width_20_sqrt_z|vol_ratio_72_log1p_z|body_sqrt_z|ret_accel_6_24_z|NATR_14_z,379.5360701888791,-2.6405563227745046,True,dro_minimax_median,"[-57.0, 0.0]",-57.0,0.0,-2.6405563227745046,-3.650708916578138,0.5,8.452461098894837,0.7956339906700941,437.0,107.0,1,3142,-2.6405563227745046,-2.6405563227745046,0.0,-2.6405563227745046,-2.6405563227745046,-3.650708916578138,-3.650708916578138,0.0,0.3899014586363954,-3.650708916578138,-3.2551036813097305,8.452461098894837,0.7956339906700941,437.0,107.0,4.0,6.2407407407407405,4.0,6.0,0.8690476190476191,0.1309523809523809,9.0,0.3239999999999999,0.676,1.0,0.995,discounted_linucb,0.1,0.6615917987312808,0.9973652043150936,,0.6615917987312808,0.0026347956849064,,0.0187420834252527,0.0187420834252527,11
37,discounted_linucb__corr__z48_a0p5_corr_pruned_top10,discounted_linucb,corr,z48_a0p5_corr_pruned_top10,48,10,MOM_pct_14_z|MACD_hist_pct_z|dist_to_low_24_sqrt_z|MOM_pct_30_z|range_sqrt_z|bb_width_20_sqrt_z|vol_ratio_72_log1p_z|body_sqrt_z|ret_accel_6_24_z|NATR_14_z,447.5288025477132,-2.7779780709706734,True,dro_minimax_median,"[-62.0, 0.0]",-62.0,0.0,-2.7779780709706734,-3.712942201546465,0.5,8.63299538063943,0.7265918506824627,434.0,112.0,1,3142,-2.7779780709706734,-2.7779780709706734,0.0,-2.7779780709706734,-2.7779780709706734,-3.712942201546465,-3.712942201546465,0.0,0.0269143207567027,-3.712942201546465,-3.662070108140847,8.63299538063943,0.7265918506824627,434.0,112.0,4.0,6.314814814814815,4.0,5.75,0.8625,0.1375,8.0,0.3215,0.6785,1.0,0.995,discounted_linucb,0.1,1.6129904975934932,0.9977655069476932,,1.6129904975934932,0.0022344930523066,,0.0281897666597799,0.0281897666597799,12
44,discounted_linucb__corr__z48_a0p5_corr_pruned_top10,discounted_linucb,corr,z48_a0p5_corr_pruned_top10,48,10,MOM_pct_14_z|MACD_hist_pct_z|dist_to_low_24_sqrt_z|MOM_pct_30_z|range_sqrt_z|bb_width_20_sqrt_z|vol_ratio_72_log1p_z|body_sqrt_z|ret_accel_6_24_z|NATR_14_z,353.3145087619471,-2.805916224308314,True,dro_minimax_median,"[-49.0, 0.0]",-49.0,0.0,-2.805916224308314,-3.951360503012928,0.5,9.187693788192352,0.7481676080427799,416.0,99.0,1,3142,-2.805916224308314,-2.805916224308314,0.0,-2.805916224308314,-2.805916224308314,-3.951360503012928,-3.951360503012928,0.0,0.6304166118055288,-3.951360503012928,-3.3417343894854183,9.187693788192352,0.7481676080427799,416.0,99.0,4.0,6.612903225806452,4.0,6.5,0.8387096774193549,0.1612903225806451,9.0,0.3115,0.6885,1.0,0.995,discounted_linucb,0.1,0.6229399196575596,0.9971696605285072,,0.6229399196575596,0.0028303394714927,,0.0059423617007646,0.0059423617007646,13
23,discounted_linucb__corr__z48_a0p5_corr_pruned_top10,discounted_linucb,corr,z48_a0p5_corr_pruned_top10,48,10,MOM_pct_14_z|MACD_hist_pct_z|dist_to_low_24_sqrt_z|MOM_pct_30_z|range_sqrt_z|bb_width_20_sqrt_z|vol_ratio_72_log1p_z|body_sqrt_z|ret_accel_6_24_z|NATR_14_z,436.36480994561424,-2.8876036212681635,True,dro_minimax_median,"[-46.0, 0.0]",-46.0,0.0,-2.8876036212681635,-4.034804144163599,0.5,9.1749240808939,0.7102491632823454,408.0,96.0,1,3142,-2.8876036212681635,-2.8876036212681635,0.0,-2.8876036212681635,-2.8876036212681635,-4.034804144163599,-4.034804144163599,0.0,0.5539979474181426,-4.034804144163599,-3.4519504798129894,9.1749240808939,0.7102491632823454,408.0,96.0,4.0,6.936619718309859,4.0,7.0,0.8380281690140845,0.1619718309859155,10.0,0.284,0.716,1.0,0.995,discounted_linucb,0.1,1.108961808313656,0.9977083394966596,,1.108961808313656,0.0022916605033403,,0.006006133755061,0.006006133755061,14
25,discounted_linucb__corr__z48_a0p5_corr_pruned_top10,discounted_linucb,corr,z48_a0p5_corr_pruned_top10,48,10,MOM_pct_14_z|MACD_hist_pct_z|dist_to_low_24_sqrt_z|MOM_pct_30_z|range_sqrt_z|bb_width_20_sqrt_z|vol_ratio_72_log1p_z|body_sqrt_z|ret_accel_6_24_z|NATR_14_z,414.38365218344416,-2.957624094365511,True,dro_minimax_median,"[-48.0, 0.0]",-48.0,0.0,-2.957624094365511,-3.995749720876159,0.5,9.53579482005551,0.7902853521201015,435.0,98.0,1,3142,-2.957624094365511,-2.957624094365511,0.0,-2.957624094365511,-2.957624094365511,-3.995749720876159,-3.995749720876159,0.0,0.1567527851664326,-3.995749720876159,-3.7948790530916674,9.53579482005551,0.7902853521201015,435.0,98.0,4.0,6.2392638036809815,4.0,6.0,0.8650306748466258,0.1349693251533742,9.0,0.3259999999999999,0.674,1.0,0.995,discounted_linucb,0.1,1.221678272304758,0.9975867773867746,,1.221678272304758,0.0024132226132253,,0.0203190813953501,0.0203190813953501,15
33,discounted_linucb__corr__z48_a0p5_corr_pruned_top10,discounted_linucb,corr,z48_a0p5_corr_pruned_top10,48,10,MOM_pct_14_z|MACD_hist_pct_z|dist_to_low_24_sqrt_z|MOM_pct_30_z|range_sqrt_z|bb_width_20_sqrt_z|vol_ratio_72_log1p_z|body_sqrt_z|ret_accel_6_24_z|NATR_14_z,412.6517937476224,-2.979358629276448,True,dro_minimax_median,"[-54.0, 0.0]",-54.0,0.0,-2.979358629276448,-4.191107330441575,0.5,8.90911158799298,0.7476884263667725,430.0,104.0,1,3142,-2.979358629276448,-2.979358629276448,0.0,-2.979358629276448,-2.979358629276448,-4.191107330441575,-4.191107330441575,0.0,0.6558874742189339,-4.191107330441575,-3.5663741027730107,8.90911158799298,0.7476884263667725,430.0,104.0,4.0,6.525316455696203,4.0,6.0,0.8544303797468354,0.1455696202531645,9.0,0.3159999999999999,0.684,1.0,0.995,discounted_linucb,0.1,0.584374982137194,0.997576649332072,,0.584374982137194,0.002423350667928,,0.0298093116848208,0.0298093116848208,16
19,discounted_linucb__corr__z48_a0p5_corr_pruned_top10,discounted_linucb,corr,z48_a0p5_corr_pruned_top10,48,10,MOM_pct_14_z|MACD_hist_pct_z|dist_to_low_24_sqrt_z|MOM_pct_30_z|range_sqrt_z|bb_width_20_sqrt_z|vol_ratio_72_log1p_z|body_sqrt_z|ret_accel_6_24_z|NATR_14_z,283.7027264982482,-3.055947819485608,True,dro_minimax_median,"[-52.0, 0.0]",-52.0,0.0,-3.055947819485608,-4.038961216503068,0.5,8.78199255217298,0.7383280925632598,429.0,102.0,1,3142,-3.055947819485608,-3.055947819485608,0.0,-3.055947819485608,-3.055947819485608,-4.038961216503068,-4.038961216503068,0.0,-0.1069076284332282,-4.038961216503068,-4.116944554806083,8.78199255217298,0.7383280925632598,429.0,102.0,4.0,6.204819277108434,4.0,5.0,0.8571428571428571,0.1428571428571428,8.0,0.3215,0.6785,1.0,0.995,discounted_linucb,0.1,0.8836508813466006,0.996475183681373,,0.8836508813466006,0.003524816318627,,0.0129732184875699,0.0129732184875699,17
41,discounted_linucb__corr__z48_a0p5_corr_pruned_top10,discounted_linucb,corr,z48_a0p5_corr_pruned_top10,48,10,MOM_pct_14_z|MACD_hist_pct_z|dist_to_low_24_sqrt_z|MOM_pct_30_z|range_sqrt_z|bb_width_20_sqrt_z|vol_ratio_72_log1p_z|body_sqrt_z|ret_accel_6_24_z|NATR_14_z,339.0153174208538,-3.058486687930692,True,dro_minimax_median,"[-54.0, 0.0]",-54.0,0.0,-3.058486687930692,-4.070816563249635,0.5,9.341315523175876,0.7139860004695379,423.0,104.0,1,3142,-3.058486687930692,-3.058486687930692,0.0,-3.058486687930692,-3.058486687930692,-4.070816563249635,-4.070816563249635,0.0,-0.0214970619738593,-4.070816563249635,-4.039068568859009,9.341315523175876,0.7139860004695379,423.0,104.0,4.0,6.386075949367089,4.0,6.0,0.8607594936708861,0.1392405063291139,8.5,0.3175,0.6825,1.0,0.995,discounted_linucb,0.1,0.8938288597156927,0.9970502807731292,,0.8938288597156927,0.0029497192268708,,0.005719428936986,0.005719428936986,18
42,discounted_linucb__corr__z48_a0p5_corr_pruned_top10,discounted_linucb,corr,z48_a0p5_corr_pruned_top10,48,10,MOM_pct_14_z|MACD_hist_pct_z|dist_to_low_24_sqrt_z|MOM_pct_30_z|range_sqrt_z|bb_width_20_sqrt_z|vol_ratio_72_log1p_z|body_sqrt_z|ret_accel_6_24_z|NATR_14_z,314.12576983729497,-3.061190661315048,True,dro_minimax_median,"[-58.0, 0.0]",-58.0,0.0,-3.061190661315048,-4.08298400155035,0.5,9.323774825464003,0.7566433179481163,432.0,108.0,1,3142,-3.061190661315048,-3.061190661315048,0.0,-3.061190661315048,-3.061190661315048,-4.08298400155035,-4.08298400155035,0.0,0.0041893593908567,-4.08298400155035,-4.040973391117272,9.323774825464003,0.7566433179481163,432.0,108.0,4.0,6.13125,4.0,5.0,0.8658536585365854,0.1341463414634146,8.0,0.3215,0.6785,1.0,0.995,discounted_linucb,0.1,0.5563776244009538,0.9968165617213832,,0.5563776244009538,0.0031834382786167,,0.0080175064850829,0.0080175064850829,19
0,discounted_linucb__corr__z48_a0p5_corr_pruned_top10,discounted_linucb,corr,z48_a0p5_corr_pruned_top10,48,10,MOM_pct_14_z|MACD_hist_pct_z|dist_to_low_24_sqrt_z|MOM_pct_30_z|range_sqrt_z|bb_width_20_sqrt_z|vol_ratio_72_log1p_z|body_sqrt_z|ret_accel_6_24_z|NATR_14_z,325.0,-3.0694005489383773,True,dro_minimax_median,"[-83.0, 0.0]",-83.0,0.0,-3.0694005489383773,-4.203170393646194,0.5,9.032293059237862,0.7875221633749272,475.0,133.0,1,3142,-3.0694005489383773,-3.0694005489383773,0.0,-3.0694005489383773,-3.0694005489383773,-4.203170393646194,-4.203170393646194,0.0,0.3319089851850735,-4.203170393646194,-3.916932979677616,9.032293059237862,0.7875221633749272,475.0,133.0,4.0,6.2057142857142855,4.0,5.5,0.874251497005988,0.1257485029940119,8.0,0.3335,0.6665,1.0,0.995,discounted_linucb,0.1,1.0,0.9969230769230768,,1.0,0.003076923076923,,0.1,0.1,20
9,discounted_linucb__corr__z48_a0p5_corr_pruned_top10,discounted_linucb,corr,z48_a0p5_corr_pruned_top10,48,10,MOM_pct_14_z|MACD_hist_pct_z|dist_to_low_24_sqrt_z|MOM_pct_30_z|range_sqrt_z|bb_width_20_sqrt_z|vol_ratio_72_log1p_z|body_sqrt_z|ret_accel_6_24_z|NATR_14_z,261.68371800858927,-3.138246210383765,True,dro_minimax_median,"[-56.0, 0.0]",-56.0,0.0,-3.138246210383765,-4.229517609833899,0.5,8.20793525137773,0.8553523893968862,424.0,106.0,1,3142,-3.138246210383765,-3.138246210383765,0.0,-3.138246210383765,-3.138246210383765,-4.229517609833899,-4.229517609833899,0.0,0.1355679879666375,-4.229517609833899,-4.080135742398343,8.20793525137773,0.8553523893968862,424.0,106.0,4.0,6.32484076433121,4.0,5.0,0.8535031847133758,0.1464968152866242,8.0,0.3155,0.6845,1.0,0.995,discounted_linucb,0.1,4.967208533643981,0.9961785929686036,,4.967208533643981,0.0038214070313964,,0.0181756002648399,0.0181756002648399,21
2,discounted_linucb__corr__z48_a0p5_corr_pruned_top10,discounted_linucb,corr,z48_a0p5_corr_pruned_top10,48,10,MOM_pct_14_z|MACD_hist_pct_z|dist_to_low_24_sqrt_z|MOM_pct_30_z|range_sqrt_z|bb_width_20_sqrt_z|vol_ratio_72_log1p_z|body_sqrt_z|ret_accel_6_24_z|NATR_14_z,253.89095707712733,-3.1413969240871937,True,dro_minimax_median,"[-60.0, 0.0]",-60.0,0.0,-3.1413969240871937,-3.974780646242467,0.5,7.444814365693464,0.8055973586483205,425.0,110.0,1,3142,-3.1413969240871937,-3.1413969240871937,0.0,-3.1413969240871937,-3.1413969240871937,-3.974780646242467,-3.974780646242467,0.0,-0.6412457576213745,-3.974780646242467,-4.559338556702323,7.444814365693464,0.8055973586483205,425.0,110.0,4.0,6.469798657718121,4.0,5.75,0.8389261744966443,0.1610738255033557,8.0,0.299,0.701,1.0,0.995,discounted_linucb,0.1,1.391787756481205,0.9960613012313936,,1.391787756481205,0.0039386987686064,,0.005020523174778,0.005020523174778,22
26,discounted_linucb__corr__z48_a0p5_corr_pruned_top10,discounted_linucb,corr,z48_a0p5_corr_pruned_top10,48,10,MOM_pct_14_z|MACD_hist_pct_z|dist_to_low_24_sqrt_z|MOM_pct_30_z|range_sqrt_z|bb_width_20_sqrt_z|vol_ratio_72_log1p_z|body_sqrt_z|ret_accel_6_24_z|NATR_14_z,390.4840693128846,-3.1978859609809858,True,dro_minimax_median,"[-52.0, 0.0]",-52.0,0.0,-3.1978859609809858,-4.377026279637338,0.5,9.777824653158609,0.674866746776553,417.0,102.0,1,3142,-3.1978859609809858,-3.1978859609809858,0.0,-3.1978859609809858,-3.1978859609809858,-4.377026279637338,-4.377026279637338,0.0,0.3395349949880703,-4.377026279637338,-3.987621988642032,9.777824653158609,0.674866746776553,417.0,102.0,4.0,6.656050955414012,4.0,7.0,0.8471337579617835,0.1528662420382165,9.0,0.3155,0.6845,1.0,0.995,discounted_linucb,0.1,0.5546851287239867,0.9974390760633088,,0.5546851287239867,0.0025609239366913,,0.0143550014500795,0.0143550014500795,23
32,discounted_linucb__corr__z48_a0p5_corr_pruned_top10,discounted_linucb,corr,z48_a0p5_corr_pruned_top10,48,10,MOM_pct_14_z|MACD_hist_pct_z|dist_to_low_24_sqrt_z|MOM_pct_30_z|range_sqrt_z|bb_width_20_sqrt_z|vol_ratio_72_log1p_z|body_sqrt_z|ret_accel_6_24_z|NATR_14_z,388.311971116645,-3.249940972722744,True,dro_minimax_median,"[-65.0, 0.0]",-65.0,0.0,-3.249940972722744,-4.186258041592713,0.5,8.765293539573715,0.7972447667923671,452.0,115.0,1,3142,-3.249940972722744,-3.249940972722744,0.0,-3.249940972722744,-3.249940972722744,-4.186258041592713,-4.186258041592713,0.0,-0.4409897661128352,-4.186258041592713,-4.596481290153864,8.765293539573715,0.7972447667923671,452.0,115.0,4.0,6.160714285714286,4.0,5.25,0.8809523809523809,0.119047619047619,8.0,0.3359999999999999,0.664,1.0,0.995,discounted_linucb,0.1,0.6783919639467927,0.9974247510394172,,0.6783919639467927,0.0025752489605828,,0.0413515325693215,0.0413515325693215,24
46,discounted_linucb__corr__z48_a0p5_corr_pruned_top10,discounted_linucb,corr,z48_a0p5_corr_pruned_top10,48,10,MOM_pct_14_z|MACD_hist_pct_z|dist_to_low_24_sqrt_z|MOM_pct_30_z|range_sqrt_z|bb_width_20_sqrt_z|vol_ratio_72_log1p_z|body_sqrt_z|ret_accel_6_24_z|NATR_14_z,367.4623582953729,-3.252134111027911,True,dro_minimax_median,"[-64.0, 0.0]",-64.0,0.0,-3.252134111027911,-4.412462735561173,0.5,9.7886021703234,0.7545427171284192,434.0,114.0,1,3142,-3.252134111027911,-3.252134111027911,0.0,-3.252134111027911,-3.252134111027911,-4.412462735561173,-4.412462735561173,0.0,0.2288517625718763,-4.412462735561173,-4.166713060261455,9.7886021703234,0.7545427171284192,434.0,114.0,4.0,6.31875,4.0,6.0,0.875,0.125,9.0,0.3199999999999999,0.68,1.0,0.995,discounted_linucb,0.1,0.5873366106563163,0.9972786328247636,,0.5873366106563163,0.0027213671752364,,0.0196171305207532,0.0196171305207532,25
8,discounted_linucb__corr__z48_a0p5_corr_pruned_top10,discounted_linucb,corr,z48_a0p5_corr_pruned_top10,48,10,MOM_pct_14_z|MACD_hist_pct_z|dist_to_low_24_sqrt_z|MOM_pct_30_z|range_sqrt_z|bb_width_20_sqrt_z|vol_ratio_72_log1p_z|body_sqrt_z|ret_accel_6_24_z|NATR_14_z,398.7491278665302,-3.2987252301973564,True,dro_minimax_median,"[-60.0, 0.0]",-60.0,0.0,-3.2987252301973564,-4.438667630010348,0.5,8.828695902136852,0.6921129350032998,427.0,110.0,1,3142,-3.2987252301973564,-3.2987252301973564,0.0,-3.2987252301973564,-3.2987252301973564,-4.438667630010348,-4.438667630010348,0.0,0.1211019692416178,-4.438667630010348,-4.295561025833997,8.828695902136852,0.6921129350032998,427.0,110.0,4.0,6.32258064516129,4.0,6.0,0.8641975308641975,0.1358024691358024,8.0,0.3115,0.6885,1.0,0.995,discounted_linucb,0.1,4.95612888468418,0.9974921575243302,,4.95612888468418,0.0025078424756698,,0.0210746356362964,0.0210746356362964,26
34,discounted_linucb__corr__z48_a0p5_corr_pruned_top10,discounted_linucb,corr,z48_a0p5_corr_pruned_top10,48,10,MOM_pct_14_z|MACD_hist_pct_z|dist_to_low_24_sqrt_z|MOM_pct_30_z|range_sqrt_z|bb_width_20_sqrt_z|vol_ratio_72_log1p_z|body_sqrt_z|ret_accel_6_24_z|NATR_14_z,358.10712937995805,-3.325408709330425,True,dro_minimax_median,"[-70.0, 0.0]",-70.0,0.0,-3.325408709330425,-4.704777440285306,0.5,9.509061076633197,0.7648613620575516,439.0,120.0,1,3142,-3.325408709330425,-3.325408709330425,0.0,-3.325408709330425,-3.325408709330425,-4.704777440285306,-4.704777440285306,0.0,0.8126974835342157,-4.704777440285306,-3.910241032665141,9.509061076633197,0.7648613620575516,439.0,120.0,4.0,6.496774193548387,4.0,7.0,0.8387096774193549,0.1612903225806451,9.0,0.31,0.69,1.0,0.995,discounted_linucb,0.1,1.0509258784642244,0.9972075395378712,,1.0509258784642244,0.0027924604621288,,0.0138857305787631,0.0138857305787631,27
17,discounted_linucb__corr__z48_a0p5_corr_pruned_top10,discounted_linucb,corr,z48_a0p5_corr_pruned_top10,48,10,MOM_pct_14_z|MACD_hist_pct_z|dist_to_low_24_sqrt_z|MOM_pct_30_z|range_sqrt_z|bb_width_20_sqrt_z|vol_ratio_72_log1p_z|body_sqrt_z|ret_accel_6_24_z|NATR_14_z,421.8503818257971,-3.32548402875508,True,dro_minimax_median,"[-61.0, 0.0]",-61.0,0.0,-3.32548402875508,-4.410111111976396,0.5,7.910570694720631,0.7482696994513203,433.0,111.0,1,3142,-3.32548402875508,-3.32548402875508,0.0,-3.32548402875508,-3.32548402875508,-4.410111111976396,-4.410111111976396,0.0,-0.0716027790911325,-4.410111111976396,-4.469525179250585,7.910570694720631,0.7482696994513203,433.0,111.0,4.0,6.358490566037736,4.0,6.0,0.8679245283018868,0.1320754716981132,9.0,0.3195,0.6805,1.0,0.995,discounted_linucb,0.1,0.7585828422579715,0.9976294913005128,,0.7585828422579715,0.002370508699487,,0.0581236495910184,0.0581236495910184,28
13,discounted_linucb__corr__z48_a0p5_corr_pruned_top10,discounted_linucb,corr,z48_a0p5_corr_pruned_top10,48,10,MOM_pct_14_z|MACD_hist_pct_z|dist_to_low_24_sqrt_z|MOM_pct_30_z|range_sqrt_z|bb_width_20_sqrt_z|vol_ratio_72_log1p_z|body_sqrt_z|ret_accel_6_24_z|NATR_14_z,308.89811181783824,-3.363827425160687,True,dro_minimax_median,"[-80.0, 0.0]",-80.0,0.0,-3.363827425160687,-4.752351608661054,0.5,8.136643147890865,0.8497162767493879,467.0,130.0,1,3142,-3.363827425160687,-3.363827425160687,0.0,-3.363827425160687,-3.363827425160687,-4.752351608661054,-4.752351608661054,0.0,0.801745125340414,-4.752351608661054,-3.9877011443051664,8.136643147890865,0.8497162767493879,467.0,130.0,4.0,6.254658385093168,4.0,6.0,0.8571428571428571,0.1428571428571428,8.0,0.3235,0.6765,1.0,0.995,discounted_linucb,0.1,0.556935576783574,0.9967626865890664,,0.556935576783574,0.0032373134109337,,0.0729469044477458,0.0729469044477458,29
31,discounted_linucb__corr__z48_a0p5_corr_pruned_top10,discounted_linucb,corr,z48_a0p5_corr_pruned_top10,48,10,MOM_pct_14_z|MACD_hist_pct_z|dist_to_low_24_sqrt_z|MOM_pct_30_z|range_sqrt_z|bb_width_20_sqrt_z|vol_ratio_72_log1p_z|body_sqrt_z|ret_accel_6_24_z|NATR_14_z,424.8210675294353,-3.4611865433059603,True,dro_minimax_median,"[-55.0, 0.0]",-55.0,0.0,-3.4611865433059603,-4.848446763515931,0.5,10.05114785969161,0.7225168860981058,422.0,105.0,1,3142,-3.4611865433059603,-3.4611865433059603,0.0,-3.4611865433059603,-3.4611865433059603,-4.848446763515931,-4.848446763515931,0.0,0.700594117323953,-4.848446763515931,-4.143024158692644,10.05114785969161,0.7225168860981058,422.0,105.0,4.0,6.424050632911392,4.0,6.0,0.8553459119496856,0.1446540880503144,9.0,0.3159999999999999,0.684,1.0,0.995,discounted_linucb,0.1,0.6464607499071021,0.9976460677766864,,0.6464607499071021,0.0023539322233135,,0.0208421780258531,0.0208421780258531,30
43,discounted_linucb__corr__z48_a0p5_corr_pruned_top10,discounted_linucb,corr,z48_a0p5_corr_pruned_top10,48,10,MOM_pct_14_z|MACD_hist_pct_z|dist_to_low_24_sqrt_z|MOM_pct_30_z|range_sqrt_z|bb_width_20_sqrt_z|vol_ratio_72_log1p_z|body_sqrt_z|ret_accel_6_24_z|NATR_14_z,295.458358466524,-3.533105770764905,True,dro_minimax_median,"[-54.0, 0.0]",-54.0,0.0,-3.533105770764905,-4.810986852106603,0.5,8.462667297051896,0.7293649901353124,431.0,104.0,1,3142,-3.533105770764905,-3.533105770764905,0.0,-3.533105770764905,-3.533105770764905,-4.810986852106603,-4.810986852106603,0.0,0.3005374732601873,-4.810986852106603,-4.493911916533829,8.462667297051896,0.7293649901353124,431.0,104.0,4.0,6.006024096385542,4.0,6.0,0.8695652173913043,0.1304347826086956,8.0,0.3235,0.6765,1.0,0.995,discounted_linucb,0.1,0.6260670540291671,0.9966154282952422,,0.6260670540291671,0.0033845717047578,,0.0050473214526847,0.0050473214526847,31
30,discounted_linucb__corr__z48_a0p5_corr_pruned_top10,discounted_linucb,corr,z48_a0p5_corr_pruned_top10,48,10,MOM_pct_14_z|MACD_hist_pct_z|dist_to_low_24_sqrt_z|MOM_pct_30_z|range_sqrt_z|bb_width_20_sqrt_z|vol_ratio_72_log1p_z|body_sqrt_z|ret_accel_6_24_z|NATR_14_z,402.196707030387,-3.535881807888924,True,dro_minimax_median,"[-43.0, 0.0]",-43.0,0.0,-3.535881807888924,-4.9621833976307,0.5,9.303989937317724,0.6709147127210545,410.0,93.0,1,3142,-3.535881807888924,-3.535881807888924,0.0,-3.535881807888924,-3.535881807888924,-4.9621833976307,-4.9621833976307,0.0,0.7430229613364073,-4.9621833976307,-4.201371923037733,9.303989937317724,0.6709147127210545,410.0,93.0,4.0,6.339622641509434,4.0,6.0,0.8616352201257862,0.1383647798742138,9.0,0.3159999999999999,0.684,1.0,0.995,discounted_linucb,0.1,3.2689371007324413,0.9975136544319732,,3.2689371007324413,0.0024863455680268,,0.0050439130640769,0.0050439130640769,32
16,discounted_linucb__corr__z48_a0p5_corr_pruned_top10,discounted_linucb,corr,z48_a0p5_corr_pruned_top10,48,10,MOM_pct_14_z|MACD_hist_pct_z|dist_to_low_24_sqrt_z|MOM_pct_30_z|range_sqrt_z|bb_width_20_sqrt_z|vol_ratio_72_log1p_z|body_sqrt_z|ret_accel_6_24_z|NATR_14_z,277.55576668723114,-3.567150606175085,True,dro_minimax_median,"[-76.0, 0.0]",-76.0,0.0,-3.567150606175085,-4.580389831628695,0.5,7.104222518067315,0.8174428300345963,453.0,126.0,1,3142,-3.567150606175085,-3.567150606175085,0.0,-3.567150606175085,-3.567150606175085,-4.580389831628695,-4.580389831628695,0.0,-0.5274329298142569,-4.580389831628695,-5.062262453924608,7.104222518067315,0.8174428300345963,453.0,126.0,4.0,6.391025641025641,4.0,5.0,0.8461538461538461,0.1538461538461538,8.0,0.3115,0.6885,1.0,0.995,discounted_linucb,0.1,2.2495517619013614,0.996397120434803,,2.2495517619013614,0.0036028795651969,,0.0640992632797501,0.0640992632797501,33
14,discounted_linucb__corr__z48_a0p5_corr_pruned_top10,discounted_linucb,corr,z48_a0p5_corr_pruned_top10,48,10,MOM_pct_14_z|MACD_hist_pct_z|dist_to_low_24_sqrt_z|MOM_pct_30_z|range_sqrt_z|bb_width_20_sqrt_z|vol_ratio_72_log1p_z|body_sqrt_z|ret_accel_6_24_z|NATR_14_z,260.0552433430187,-3.6202290713830982,True,dro_minimax_median,"[-90.0, 0.0]",-90.0,0.0,-3.6202290713830982,-4.867082797203974,0.5,7.879868329271633,0.8168975225115959,484.0,140.0,1,3142,-3.6202290713830982,-3.6202290713830982,0.0,-3.6202290713830982,-3.6202290713830982,-4.867082797203974,-4.867082797203974,0.0,0.1203321060795274,-4.867082797203974,-4.7401591453180645,7.879868329271633,0.8168975225115959,484.0,140.0,4.0,6.339181286549708,4.0,6.0,0.8713450292397661,0.1286549707602339,8.0,0.3435,0.6565,1.0,0.995,discounted_linucb,0.1,0.9331737037217188,0.9961546631894632,,0.9331737037217188,0.0038453368105367,,0.1489074614357201,0.1489074614357201,34
28,discounted_linucb__corr__z48_a0p5_corr_pruned_top10,discounted_linucb,corr,z48_a0p5_corr_pruned_top10,48,10,MOM_pct_14_z|MACD_hist_pct_z|dist_to_low_24_sqrt_z|MOM_pct_30_z|range_sqrt_z|bb_width_20_sqrt_z|vol_ratio_72_log1p_z|body_sqrt_z|ret_accel_6_24_z|NATR_14_z,425.8736715347604,-3.7221500508600105,True,dro_minimax_median,"[-58.0, 0.0]",-58.0,0.0,-3.7221500508600105,-4.948543245556391,0.5,8.407846157243803,0.7201862769659183,425.0,108.0,1,3142,-3.7221500508600105,-3.7221500508600105,0.0,-3.7221500508600105,-3.7221500508600105,-4.948543245556391,-4.948543245556391,0.0,-0.0429704667708678,-4.948543245556391,-4.990756678262753,8.407846157243803,0.7201862769659183,425.0,108.0,4.0,6.546583850931677,4.0,6.25,0.8525641025641025,0.1474358974358974,9.0,0.3135,0.6865,1.0,0.995,discounted_linucb,0.1,20.153753630648733,0.9976518858364825,,20.153753630648733,0.0023481141635175,,0.1254105218881109,0.1254105218881109,35
38,discounted_linucb__corr__z48_a0p5_corr_pruned_top10,discounted_linucb,corr,z48_a0p5_corr_pruned_top10,48,10,MOM_pct_14_z|MACD_hist_pct_z|dist_to_low_24_sqrt_z|MOM_pct_30_z|range_sqrt_z|bb_width_20_sqrt_z|vol_ratio_72_log1p_z|body_sqrt_z|ret_accel_6_24_z|NATR_14_z,350.567230086539,-3.85221061247848,True,dro_minimax_median,"[-75.0, 0.0]",-75.0,0.0,-3.85221061247848,-5.035163023312272,0.5,9.674199432295582,0.7019016690637215,450.0,125.0,1,3142,-3.85221061247848,-3.85221061247848,0.0,-3.85221061247848,-3.85221061247848,-5.035163023312272,-5.035163023312272,0.0,-0.3033533799771041,-5.035163023312272,-5.293607033019561,9.674199432295582,0.7019016690637215,450.0,125.0,4.0,6.314465408805032,4.0,5.0,0.8679245283018868,0.1320754716981132,8.0,0.3179999999999999,0.682,1.0,0.995,discounted_linucb,0.1,1.3955852433820517,0.997147480100313,,1.3955852433820517,0.0028525198996869,,0.0224452432168161,0.0224452432168161,36
47,discounted_linucb__corr__z48_a0p5_corr_pruned_top10,discounted_linucb,corr,z48_a0p5_corr_pruned_top10,48,10,MOM_pct_14_z|MACD_hist_pct_z|dist_to_low_24_sqrt_z|MOM_pct_30_z|range_sqrt_z|bb_width_20_sqrt_z|vol_ratio_72_log1p_z|body_sqrt_z|ret_accel_6_24_z|NATR_14_z,235.027840618,-3.868410048490508,True,dro_minimax_median,"[-71.0, 0.0]",-71.0,0.0,-3.868410048490508,-5.045928288065293,0.5,8.896333199171469,0.7659774935401974,443.0,121.0,1,3142,-3.868410048490508,-3.868410048490508,0.0,-3.868410048490508,-3.868410048490508,-5.045928288065293,-5.045928288065293,0.0,-0.3358553297661511,-5.045928288065293,-5.363437168060474,8.896333199171469,0.7659774935401974,443.0,121.0,4.0,6.3896103896103895,4.0,5.0,0.8506493506493507,0.1493506493506493,8.0,0.3095,0.6905,1.0,0.995,discounted_linucb,0.1,0.544058045257337,0.995745184922048,,0.544058045257337,0.0042548150779521,,0.0058724905299614,0.0058724905299614,37
4,discounted_linucb__corr__z48_a0p5_corr_pruned_top10,discounted_linucb,corr,z48_a0p5_corr_pruned_top10,48,10,MOM_pct_14_z|MACD_hist_pct_z|dist_to_low_24_sqrt_z|MOM_pct_30_z|range_sqrt_z|bb_width_20_sqrt_z|vol_ratio_72_log1p_z|body_sqrt_z|ret_accel_6_24_z|NATR_14_z,180.18572718041744,-3.899669381509693,True,dro_minimax_median,"[-73.0, 0.0]",-73.0,0.0,-3.899669381509693,-5.204721443749367,0.5,10.213348720852355,0.78941214391193,431.0,123.0,1,3142,-3.899669381509693,-3.899669381509693,0.0,-3.899669381509693,-3.899669381509693,-5.204721443749367,-5.204721443749367,0.0,0.0154868052093267,-5.204721443749367,-5.213277729446467,10.213348720852355,0.78941214391193,431.0,123.0,4.0,6.496598639455782,4.0,6.0,0.8367346938775511,0.1632653061224489,9.0,0.2935,0.7065,1.0,0.995,discounted_linucb,0.1,2.825279658780465,0.9944501708562148,,2.825279658780465,0.0055498291437851,,0.0055775872692338,0.0055775872692338,38
3,discounted_linucb__corr__z48_a0p5_corr_pruned_top10,discounted_linucb,corr,z48_a0p5_corr_pruned_top10,48,10,MOM_pct_14_z|MACD_hist_pct_z|dist_to_low_24_sqrt_z|MOM_pct_30_z|range_sqrt_z|bb_width_20_sqrt_z|vol_ratio_72_log1p_z|body_sqrt_z|ret_accel_6_24_z|NATR_14_z,337.36359115290725,-3.9042047397047295,True,dro_minimax_median,"[-56.0, 0.0]",-56.0,0.0,-3.9042047397047295,-5.225877326332117,0.5,10.08471733966,0.7113609329900664,416.0,106.0,1,3142,-3.9042047397047295,-3.9042047397047295,0.0,-3.9042047397047295,-3.9042047397047295,-5.225877326332117,-5.225877326332117,0.0,0.0608130201774341,-5.225877326332117,-5.150831096908514,10.08471733966,0.7113609329900664,416.0,106.0,4.0,6.371794871794871,4.0,6.0,0.8376623376623377,0.1623376623376623,8.0,0.3095,0.6905,1.0,0.995,discounted_linucb,0.1,6.117025522674068,0.9970358389991564,,6.117025522674068,0.0029641610008436,,0.0112904618037001,0.0112904618037001,39
6,discounted_linucb__corr__z48_a0p5_corr_pruned_top10,discounted_linucb,corr,z48_a0p5_corr_pruned_top10,48,10,MOM_pct_14_z|MACD_hist_pct_z|dist_to_low_24_sqrt_z|MOM_pct_30_z|range_sqrt_z|bb_width_20_sqrt_z|vol_ratio_72_log1p_z|body_sqrt_z|ret_accel_6_24_z|NATR_14_z,212.6821852830596,-3.9180732772787312,True,dro_minimax_median,"[-71.0, 0.0]",-71.0,0.0,-3.9180732772787312,-5.088603019792415,0.5,8.857870851628169,0.8055433572874818,438.0,121.0,1,3142,-3.9180732772787312,-3.9180732772787312,0.0,-3.9180732772787312,-3.9180732772787312,-5.088603019792415,-5.088603019792415,0.0,-0.4064840497376802,-5.088603019792415,-5.455574961765405,8.857870851628169,0.8055433572874818,438.0,121.0,4.0,6.308641975308642,4.0,5.0,0.8451612903225807,0.1548387096774193,8.0,0.3115,0.6885,1.0,0.995,discounted_linucb,0.1,2.1146024497025016,0.9952981487440092,,2.1146024497025016,0.0047018512559906,,0.0062350039997831,0.0062350039997831,40
5,discounted_linucb__corr__z48_a0p5_corr_pruned_top10,discounted_linucb,corr,z48_a0p5_corr_pruned_top10,48,10,MOM_pct_14_z|MACD_hist_pct_z|dist_to_low_24_sqrt_z|MOM_pct_30_z|range_sqrt_z|bb_width_20_sqrt_z|vol_ratio_72_log1p_z|body_sqrt_z|ret_accel_6_24_z|NATR_14_z,359.4075303445569,-3.944788764121353,True,dro_minimax_median,"[-70.0, 0.0]",-70.0,0.0,-3.944788764121353,-5.143065098854938,0.5,10.839713710362108,0.7260707851509941,447.0,120.0,1,3142,-3.944788764121353,-3.944788764121353,0.0,-3.944788764121353,-3.944788764121353,-5.143065098854938,-5.143065098854938,0.0,-0.3499597599206002,-5.143065098854938,-5.483976209498638,10.839713710362108,0.7260707851509941,447.0,120.0,4.0,6.31875,4.0,6.0,0.8625,0.1375,8.5,0.3215,0.6785,1.0,0.995,discounted_linucb,0.1,2.068236356427619,0.9972176431611176,,2.068236356427619,0.0027823568388823,,0.049885144697754,0.049885144697754,41
11,discounted_linucb__corr__z48_a0p5_corr_pruned_top10,discounted_linucb,corr,z48_a0p5_corr_pruned_top10,48,10,MOM_pct_14_z|MACD_hist_pct_z|dist_to_low_24_sqrt_z|MOM_pct_30_z|range_sqrt_z|bb_width_20_sqrt_z|vol_ratio_72_log1p_z|body_sqrt_z|ret_accel_6_24_z|NATR_14_z,249.03078302376747,-3.946933909201106,True,dro_minimax_median,"[-79.0, 0.0]",-79.0,0.0,-3.946933909201106,-5.233938224851639,0.5,8.219298438304767,0.802420283214613,462.0,129.0,1,3142,-3.946933909201106,-3.946933909201106,0.0,-3.946933909201106,-3.946933909201106,-5.233938224851639,-5.233938224851639,0.0,-0.0859209622495082,-5.233938224851639,-5.299182275070891,8.219298438304767,0.802420283214613,462.0,129.0,4.0,6.225,4.0,5.0,0.85,0.15,8.0,0.3215,0.6785,1.0,0.995,discounted_linucb,0.1,0.7805761256241336,0.9959844321739753,,0.7805761256241336,0.0040155678260247,,0.0520320224578461,0.0520320224578461,42
49,discounted_linucb__corr__z48_a0p5_corr_pruned_top10,discounted_linucb,corr,z48_a0p5_corr_pruned_top10,48,10,MOM_pct_14_z|MACD_hist_pct_z|dist_to_low_24_sqrt_z|MOM_pct_30_z|range_sqrt_z|bb_width_20_sqrt_z|vol_ratio_72_log1p_z|body_sqrt_z|ret_accel_6_24_z|NATR_14_z,317.47631428650266,-4.060326602499375,True,dro_minimax_median,"[-72.0, 0.0]",-72.0,0.0,-4.060326602499375,-5.2877416531183945,0.5,9.909247779687814,0.7083433381641411,428.0,122.0,1,3142,-4.060326602499375,-4.060326602499375,0.0,-4.060326602499375,-4.060326602499375,-5.2877416531183945,-5.2877416531183945,0.0,-0.3780814506423165,-5.2877416531183945,-5.631659460625755,9.909247779687814,0.7083433381641411,428.0,122.0,4.0,6.928104575163399,4.0,6.0,0.8366013071895425,0.1633986928104575,8.0,0.306,0.694,1.0,0.995,discounted_linucb,0.1,23.969505776980863,0.99685015872051,,23.969505776980863,0.0031498412794901,,0.1699192616353326,0.1699192616353326,43
12,discounted_linucb__corr__z48_a0p5_corr_pruned_top10,discounted_linucb,corr,z48_a0p5_corr_pruned_top10,48,10,MOM_pct_14_z|MACD_hist_pct_z|dist_to_low_24_sqrt_z|MOM_pct_30_z|range_sqrt_z|bb_width_20_sqrt_z|vol_ratio_72_log1p_z|body_sqrt_z|ret_accel_6_24_z|NATR_14_z,392.5271470530881,-4.0778983083180265,True,dro_minimax_median,"[-84.0, 0.0]",-84.0,0.0,-4.0778983083180265,-5.422277222499287,0.5,8.72984578745466,0.771698948201009,460.0,134.0,1,3142,-4.0778983083180265,-4.0778983083180265,0.0,-4.0778983083180265,-4.0778983083180265,-5.422277222499287,-5.422277222499287,0.0,-0.0447615657742465,-5.422277222499287,-5.464482589259923,8.72984578745466,0.771698948201009,460.0,134.0,4.0,6.5120481927710845,4.0,6.0,0.8554216867469879,0.144578313253012,8.0,0.3215,0.6785,1.0,0.995,discounted_linucb,0.1,1.2184063511611911,0.9974524055023772,,1.2184063511611911,0.0025475944976227,,0.197704551610349,0.197704551610349,44
15,discounted_linucb__corr__z48_a0p5_corr_pruned_top10,discounted_linucb,corr,z48_a0p5_corr_pruned_top10,48,10,MOM_pct_14_z|MACD_hist_pct_z|dist_to_low_24_sqrt_z|MOM_pct_30_z|range_sqrt_z|bb_width_20_sqrt_z|vol_ratio_72_log1p_z|body_sqrt_z|ret_accel_6_24_z|NATR_14_z,228.3236128089878,-4.164044527953765,True,dro_minimax_median,"[-77.0, 0.0]",-77.0,0.0,-4.164044527953765,-5.316640127606891,0.5,9.699963509660048,0.7764531051651572,436.0,127.0,1,3142,-4.164044527953765,-4.164044527953765,0.0,-4.164044527953765,-4.164044527953765,-5.316640127606891,-5.316640127606891,0.0,-0.706257728994386,-5.316640127606891,-5.983126588083723,9.699963509660048,0.7764531051651572,436.0,127.0,4.0,6.662420382165605,4.0,6.0,0.8289473684210527,0.1710526315789473,8.0,0.3055,0.6945,1.0,0.995,discounted_linucb,0.1,7.74220122811884,0.9956202515031304,,7.74220122811884,0.0043797484968695,,0.1362519397199668,0.1362519397199668,45
40,discounted_linucb__corr__z48_a0p5_corr_pruned_top10,discounted_linucb,corr,z48_a0p5_corr_pruned_top10,48,10,MOM_pct_14_z|MACD_hist_pct_z|dist_to_low_24_sqrt_z|MOM_pct_30_z|range_sqrt_z|bb_width_20_sqrt_z|vol_ratio_72_log1p_z|body_sqrt_z|ret_accel_6_24_z|NATR_14_z,192.492393221606,-4.241179096763438,True,dro_minimax_median,"[-81.0, 0.0]",-81.0,0.0,-4.241179096763438,-5.739832831761063,0.5,9.759744957342276,0.7631658756002366,445.0,131.0,1,3142,-4.241179096763438,-4.241179096763438,0.0,-4.241179096763438,-4.241179096763438,-5.739832831761063,-5.739832831761063,0.0,0.2547821082294381,-5.739832831761063,-5.51615019813999,9.759744957342276,0.7631658756002366,445.0,131.0,4.0,6.47682119205298,4.0,6.0,0.8344370860927153,0.1655629139072847,8.0,0.3015,0.6985,1.0,0.995,discounted_linucb,0.1,0.5943075074391344,0.9948049895205534,,0.5943075074391344,0.0051950104794466,,0.0287643360257608,0.0287643360257608,46
1,discounted_linucb__corr__z48_a0p5_corr_pruned_top10,discounted_linucb,corr,z48_a0p5_corr_pruned_top10,48,10,MOM_pct_14_z|MACD_hist_pct_z|dist_to_low_24_sqrt_z|MOM_pct_30_z|range_sqrt_z|bb_width_20_sqrt_z|vol_ratio_72_log1p_z|body_sqrt_z|ret_accel_6_24_z|NATR_14_z,326.34798058830177,-4.265050777721877,True,dro_minimax_median,"[-55.0, 0.0]",-55.0,0.0,-4.265050777721877,-6.134349887187796,0.5,9.15280301202962,0.7300708004119024,420.0,105.0,1,3142,-4.265050777721877,-4.265050777721877,0.0,-4.265050777721877,-4.265050777721877,-6.134349887187796,-6.134349887187796,0.0,1.3428465506758804,-6.134349887187796,-4.876391967864187,9.15280301202962,0.7300708004119024,420.0,105.0,4.0,6.415094339622642,4.0,6.0,0.8397435897435898,0.1602564102564102,8.0,0.3135,0.6865,1.0,0.995,discounted_linucb,0.1,10.84929895335476,0.9969357861562456,,10.84929895335476,0.0030642138437545,,0.0474355292596126,0.0474355292596126,47
7,discounted_linucb__corr__z48_a0p5_corr_pruned_top10,discounted_linucb,corr,z48_a0p5_corr_pruned_top10,48,10,MOM_pct_14_z|MACD_hist_pct_z|dist_to_low_24_sqrt_z|MOM_pct_30_z|range_sqrt_z|bb_width_20_sqrt_z|vol_ratio_72_log1p_z|body_sqrt_z|ret_accel_6_24_z|NATR_14_z,243.6442827049245,-4.271370288883047,True,dro_minimax_median,"[-66.0, 0.0]",-66.0,0.0,-4.271370288883047,-5.764526900512038,0.5,10.37831582109482,0.787211102609815,423.0,116.0,1,3142,-4.271370288883047,-4.271370288883047,0.0,-4.271370288883047,-4.271370288883047,-5.764526900512038,-5.764526900512038,0.0,0.2080995460039295,-5.764526900512038,-5.545828894023049,10.37831582109482,0.787211102609815,423.0,116.0,4.0,6.54140127388535,4.0,6.0,0.84,0.16,8.0,0.3015,0.6985,1.0,0.995,discounted_linucb,0.1,10.570638336996952,0.9958956557941846,,10.570638336996952,0.0041043442058153,,0.0237254570213523,0.0237254570213523,48
21,discounted_linucb__corr__z48_a0p5_corr_pruned_top10,discounted_linucb,corr,z48_a0p5_corr_pruned_top10,48,10,MOM_pct_14_z|MACD_hist_pct_z|dist_to_low_24_sqrt_z|MOM_pct_30_z|range_sqrt_z|bb_width_20_sqrt_z|vol_ratio_72_log1p_z|body_sqrt_z|ret_accel_6_24_z|NATR_14_z,303.15808382076443,-4.275071077637085,True,dro_minimax_median,"[-72.0, 0.0]",-72.0,0.0,-4.275071077637085,-5.433018252532037,0.5,11.048938180172474,0.6749539357499932,448.0,122.0,1,3142,-4.275071077637085,-4.275071077637085,0.0,-4.275071077637085,-4.275071077637085,-5.433018252532037,-5.433018252532037,0.0,-0.8012295529522281,-5.433018252532037,-6.167732606062731,11.048938180172474,0.6749539357499932,448.0,122.0,4.0,6.503267973856209,4.0,6.0,0.8366013071895425,0.1633986928104575,9.0,0.3055,0.6945,1.0,0.995,discounted_linucb,0.1,0.5487370346059776,0.9967013909462786,,0.5487370346059776,0.0032986090537213,,0.0224323884071191,0.0224323884071191,49
39,discounted_linucb__corr__z48_a0p5_corr_pruned_top10,discounted_linucb,corr,z48_a0p5_corr_pruned_top10,48,10,MOM_pct_14_z|MACD_hist_pct_z|dist_to_low_24_sqrt_z|MOM_pct_30_z|range_sqrt_z|bb_width_20_sqrt_z|vol_ratio_72_log1p_z|body_sqrt_z|ret_accel_6_24_z|NATR_14_z,179.20368441773022,-5.112898067026546,True,dro_minimax_median,"[-81.0, 0.0]",-81.0,0.0,-5.112898067026546,-6.682377087666069,0.5,10.74906137469478,0.652688377203187,455.0,131.0,1,3142,-5.112898067026546,-5.112898067026546,0.0,-5.112898067026546,-5.112898067026546,-6.682377087666069,-6.682377087666069,0.0,-0.4044610051079774,-6.682377087666069,-7.053965354571353,10.74906137469478,0.652688377203187,455.0,131.0,4.0,6.329192546583851,4.0,6.0,0.8385093167701864,0.1614906832298136,8.0,0.3235,0.6765,1.0,0.995,discounted_linucb,0.1,3.022950966695676,0.9944197575889736,,3.022950966695676,0.0055802424110263,,0.074153000441414,0.074153000441414,50
8,discounted_linucb__hybrid__z72_a0p5_hybrid_corr5_bsstablehie5_top10,discounted_linucb,hybrid,z72_a0p5_hybrid_corr5_bsstablehie5_top10,72,10,MOM_pct_14_z|vol_expansion_72_log1p_z|MACD_hist_pct_z|vol_ratio_72_log1p_z|ema_spread_9_21_z|ema_spread_100_200_z|ADX_72_scaled|ema_spread_50_100_z|ADX_30_scaled|dist_to_high_168_sqrt_z,429.8412289530181,-1.0937349678553463,True,dro_minimax_median,"[-20.0, 0.0]",-20.0,0.0,-1.0937349678553463,-1.570180066291008,0.5,3.899745450854053,0.7977228108972134,226.0,70.0,1,3142,-1.0937349678553463,-1.0937349678553463,0.0,-1.0937349678553463,-1.0937349678553463,-1.570180066291008,-1.570180066291008,0.0,0.3356003274516387,-1.570180066291008,-1.2666332243196723,3.899745450854053,0.7977228108972134,226.0,70.0,4.0,8.657142857142857,4.0,6.0,0.8428571428571429,0.1571428571428571,12.0,0.1454999999999999,0.8545,1.0,0.995,discounted_linucb,0.1,0.6439637565109974,0.9976735596014468,,0.6439637565109974,0.002326440398553,,0.0184998345242005,0.0184998345242005,1
3,discounted_linucb__hybrid__z72_a0p5_hybrid_corr5_bsstablehie5_top10,discounted_linucb,hybrid,z72_a0p5_hybrid_corr5_bsstablehie5_top10,72,10,MOM_pct_14_z|vol_expansion_72_log1p_z|MACD_hist_pct_z|vol_ratio_72_log1p_z|ema_spread_9_21_z|ema_spread_100_200_z|ADX_72_scaled|ema_spread_50_100_z|ADX_30_scaled|dist_to_high_168_sqrt_z,323.63815603101955,-1.963819883548076,True,dro_minimax_median,"[-18.0, 0.0]",-18.0,0.0,-1.963819883548076,-2.5803087080489284,0.5,6.198797877129247,0.7805514541263164,269.0,68.0,1,3142,-1.963819883548076,-1.963819883548076,0.0,-1.963819883548076,-1.963819883548076,-2.5803087080489284,-2.5803087080489284,0.0,-0.1143534100455164,-2.5803087080489284,-2.7100489203785973,6.198797877129247,0.7805514541263164,269.0,68.0,4.0,7.785714285714286,4.0,7.0,0.8088235294117647,0.1911764705882352,11.0,0.1674999999999999,0.8325,1.0,0.995,discounted_linucb,0.1,0.5284870869571748,0.9969101294721746,,0.5284870869571748,0.0030898705278253,,0.0089905550468997,0.0089905550468997,2
41,discounted_linucb__hybrid__z72_a0p5_hybrid_corr5_bsstablehie5_top10,discounted_linucb,hybrid,z72_a0p5_hybrid_corr5_bsstablehie5_top10,72,10,MOM_pct_14_z|vol_expansion_72_log1p_z|MACD_hist_pct_z|vol_ratio_72_log1p_z|ema_spread_9_21_z|ema_spread_100_200_z|ADX_72_scaled|ema_spread_50_100_z|ADX_30_scaled|dist_to_high_168_sqrt_z,443.23693394380354,-2.050895049654508,True,dro_minimax_median,"[-21.0, 0.0]",-21.0,0.0,-2.050895049654508,-2.4064553488205207,0.5,4.9068048057893,0.7061771434473127,224.0,71.0,1,3142,-2.050895049654508,-2.050895049654508,0.0,-2.050895049654508,-2.050895049654508,-2.4064553488205207,-2.4064553488205207,0.0,-0.9842141521564708,-2.4064553488205207,-3.3762612582654783,4.9068048057893,0.7061771434473127,224.0,71.0,4.0,8.52,4.0,7.0,0.8,0.2,13.5,0.1494999999999999,0.8505,1.0,0.995,discounted_linucb,0.1,0.6688590360760703,0.9977438703243832,,0.6688590360760703,0.0022561296756167,,0.0152205590026728,0.0152205590026728,3
45,discounted_linucb__hybrid__z72_a0p5_hybrid_corr5_bsstablehie5_top10,discounted_linucb,hybrid,z72_a0p5_hybrid_corr5_bsstablehie5_top10,72,10,MOM_pct_14_z|vol_expansion_72_log1p_z|MACD_hist_pct_z|vol_ratio_72_log1p_z|ema_spread_9_21_z|ema_spread_100_200_z|ADX_72_scaled|ema_spread_50_100_z|ADX_30_scaled|dist_to_high_168_sqrt_z,426.9173005323699,-2.1547207463998435,True,dro_minimax_median,"[-14.0, 0.0]",-14.0,0.0,-2.1547207463998435,-2.814067018390232,0.5,3.959865772879856,0.8143833643766485,249.0,64.0,1,3142,-2.1547207463998435,-2.1547207463998435,0.0,-2.1547207463998435,-2.1547207463998435,-2.814067018390232,-2.814067018390232,0.0,-0.1766819304286793,-2.814067018390232,-2.9966547120012934,3.959865772879856,0.8143833643766485,249.0,64.0,5.0,8.65625,4.0,9.0,0.765625,0.234375,13.0,0.1534999999999999,0.8465,1.0,0.995,discounted_linucb,0.1,0.5366953412462123,0.9976576259646704,,0.5366953412462123,0.0023423740353295,,0.0125313327325361,0.0125313327325361,4
35,discounted_linucb__hybrid__z72_a0p5_hybrid_corr5_bsstablehie5_top10,discounted_linucb,hybrid,z72_a0p5_hybrid_corr5_bsstablehie5_top10,72,10,MOM_pct_14_z|vol_expansion_72_log1p_z|MACD_hist_pct_z|vol_ratio_72_log1p_z|ema_spread_9_21_z|ema_spread_100_200_z|ADX_72_scaled|ema_spread_50_100_z|ADX_30_scaled|dist_to_high_168_sqrt_z,417.841979326583,-2.2032071262912494,True,dro_minimax_median,"[-23.0, 0.0]",-23.0,0.0,-2.2032071262912494,-3.0970628139296816,0.5,6.462949720257116,0.7797089166004652,274.0,73.0,1,3142,-2.2032071262912494,-2.2032071262912494,0.0,-2.2032071262912494,-2.2032071262912494,-3.0970628139296816,-3.0970628139296816,0.0,0.4783599366240472,-3.0970628139296816,-2.6294698703648938,6.462949720257116,0.7797089166004652,274.0,73.0,5.0,9.647058823529411,4.0,11.0,0.7058823529411765,0.2941176470588235,13.0,0.1694999999999999,0.8305,1.0,0.995,discounted_linucb,0.1,0.6472036365710583,0.997606750758716,,0.6472036365710583,0.0023932492412841,,0.0551983280170387,0.0551983280170387,5
20,discounted_linucb__hybrid__z72_a0p5_hybrid_corr5_bsstablehie5_top10,discounted_linucb,hybrid,z72_a0p5_hybrid_corr5_bsstablehie5_top10,72,10,MOM_pct_14_z|vol_expansion_72_log1p_z|MACD_hist_pct_z|vol_ratio_72_log1p_z|ema_spread_9_21_z|ema_spread_100_200_z|ADX_72_scaled|ema_spread_50_100_z|ADX_30_scaled|dist_to_high_168_sqrt_z,421.5752327759089,-2.332554046969511,True,dro_minimax_median,"[-34.0, 0.0]",-34.0,0.0,-2.332554046969511,-3.4332192764826126,0.5,6.863063462688979,0.8316034541538234,316.0,84.0,1,3142,-2.332554046969511,-2.332554046969511,0.0,-2.332554046969511,-2.332554046969511,-3.4332192764826126,-3.4332192764826126,0.0,0.969441641569794,-3.4332192764826126,-2.5144235037588376,6.863063462688979,0.8316034541538234,316.0,84.0,4.0,8.41747572815534,4.0,8.0,0.7864077669902912,0.2135922330097087,10.0,0.2055,0.7945,1.0,0.995,discounted_linucb,0.1,0.5452918549631313,0.9976279441431714,,0.5452918549631313,0.0023720558568286,,0.0557043896762622,0.0557043896762622,6
33,discounted_linucb__hybrid__z72_a0p5_hybrid_corr5_bsstablehie5_top10,discounted_linucb,hybrid,z72_a0p5_hybrid_corr5_bsstablehie5_top10,72,10,MOM_pct_14_z|vol_expansion_72_log1p_z|MACD_hist_pct_z|vol_ratio_72_log1p_z|ema_spread_9_21_z|ema_spread_100_200_z|ADX_72_scaled|ema_spread_50_100_z|ADX_30_scaled|dist_to_high_168_sqrt_z,426.0504824666386,-2.367448568562891,True,dro_minimax_median,"[-10.0, 0.0]",-10.0,0.0,-2.367448568562891,-2.8862930377497986,0.5,4.956729525580361,0.6908807297028541,256.0,60.0,1,3142,-2.367448568562891,-2.367448568562891,0.0,-2.367448568562891,-2.367448568562891,-2.8862930377497986,-2.8862930377497986,0.0,-0.8109151610021681,-2.8862930377497986,-3.692228713189053,4.956729525580361,0.6908807297028541,256.0,60.0,4.0,9.13157894736842,4.0,10.0,0.7236842105263158,0.2763157894736842,12.0,0.1514999999999999,0.8485,1.0,0.995,discounted_linucb,0.1,0.5923595981050274,0.9976528603037592,,0.5923595981050274,0.0023471396962408,,0.0316313766612798,0.0316313766612798,7
21,discounted_linucb__hybrid__z72_a0p5_hybrid_corr5_bsstablehie5_top10,discounted_linucb,hybrid,z72_a0p5_hybrid_corr5_bsstablehie5_top10,72,10,MOM_pct_14_z|vol_expansion_72_log1p_z|MACD_hist_pct_z|vol_ratio_72_log1p_z|ema_spread_9_21_z|ema_spread_100_200_z|ADX_72_scaled|ema_spread_50_100_z|ADX_30_scaled|dist_to_high_168_sqrt_z,424.2768581222724,-2.439556456910873,True,dro_minimax_median,"[-31.0, 0.0]",-31.0,0.0,-2.439556456910873,-3.333416681907375,0.5,6.077653933117078,0.7387666585281807,328.0,81.0,1,3142,-2.439556456910873,-2.439556456910873,0.0,-2.439556456910873,-2.439556456910873,-3.333416681907375,-3.333416681907375,0.0,0.2420242180786328,-3.333416681907375,-3.115174439685242,6.077653933117078,0.7387666585281807,328.0,81.0,4.0,8.008264462809917,4.0,7.0,0.8099173553719008,0.1900826446280991,10.5,0.2415,0.7585,1.0,0.995,discounted_linucb,0.1,0.8729340111238039,0.9976430484461828,,0.8729340111238039,0.0023569515538172,,0.0577693096850009,0.0577693096850009,8
44,discounted_linucb__hybrid__z72_a0p5_hybrid_corr5_bsstablehie5_top10,discounted_linucb,hybrid,z72_a0p5_hybrid_corr5_bsstablehie5_top10,72,10,MOM_pct_14_z|vol_expansion_72_log1p_z|MACD_hist_pct_z|vol_ratio_72_log1p_z|ema_spread_9_21_z|ema_spread_100_200_z|ADX_72_scaled|ema_spread_50_100_z|ADX_30_scaled|dist_to_high_168_sqrt_z,283.93983539385806,-2.453570412668587,True,dro_minimax_median,"[-23.0, 0.0]",-23.0,0.0,-2.453570412668587,-3.088154284614379,0.5,6.306311244695628,0.776037155400585,311.0,73.0,1,3142,-2.453570412668587,-2.453570412668587,0.0,-2.453570412668587,-2.453570412668587,-3.088154284614379,-3.088154284614379,0.0,-0.5498187968312104,-3.088154284614379,-3.617810815414417,6.306311244695628,0.776037155400585,311.0,73.0,4.0,8.287671232876713,4.0,10.0,0.7411764705882353,0.2588235294117647,13.5,0.1714999999999999,0.8285,1.0,0.995,discounted_linucb,0.1,0.5808664535819484,0.996478127140516,,0.5808664535819484,0.003521872859484,,0.0053927075283004,0.0053927075283004,9
14,discounted_linucb__hybrid__z72_a0p5_hybrid_corr5_bsstablehie5_top10,discounted_linucb,hybrid,z72_a0p5_hybrid_corr5_bsstablehie5_top10,72,10,MOM_pct_14_z|vol_expansion_72_log1p_z|MACD_hist_pct_z|vol_ratio_72_log1p_z|ema_spread_9_21_z|ema_spread_100_200_z|ADX_72_scaled|ema_spread_50_100_z|ADX_30_scaled|dist_to_high_168_sqrt_z,276.63945293652847,-2.500280499973825,True,dro_minimax_median,"[-33.0, 0.0]",-33.0,0.0,-2.500280499973825,-3.5783770667639274,0.5,5.849335472822437,0.7503531878624904,295.0,83.0,1,3142,-2.500280499973825,-2.500280499973825,0.0,-2.500280499973825,-2.500280499973825,-3.5783770667639274,-3.5783770667639274,0.0,0.734009200396483,-3.5783770667639274,-2.86972226857023,5.849335472822437,0.7503531878624904,295.0,83.0,4.0,7.409638554216867,4.0,7.0,0.8076923076923077,0.1923076923076923,10.0,0.2095,0.7905,1.0,0.995,discounted_linucb,0.1,1.5312910748657496,0.9963851866052184,,1.5312910748657496,0.0036148133947815,,0.0066600693286759,0.0066600693286759,10
11,discounted_linucb__hybrid__z72_a0p5_hybrid_corr5_bsstablehie5_top10,discounted_linucb,hybrid,z72_a0p5_hybrid_corr5_bsstablehie5_top10,72,10,MOM_pct_14_z|vol_expansion_72_log1p_z|MACD_hist_pct_z|vol_ratio_72_log1p_z|ema_spread_9_21_z|ema_spread_100_200_z|ADX_72_scaled|ema_spread_50_100_z|ADX_30_scaled|dist_to_high_168_sqrt_z,340.1929586352581,-2.5845145926437434,True,dro_minimax_median,"[-24.0, 0.0]",-24.0,0.0,-2.5845145926437434,-3.44717162002353,0.5,6.459249736600759,0.7426008409197105,283.0,74.0,1,3142,-2.5845145926437434,-2.5845145926437434,0.0,-2.5845145926437434,-2.5845145926437434,-3.44717162002353,-3.44717162002353,0.0,0.003456489495616,-3.44717162002353,-3.464733151036377,6.459249736600759,0.7426008409197105,283.0,74.0,4.0,8.41891891891892,4.0,9.0,0.7582417582417582,0.2417582417582417,13.5,0.1815,0.8185,1.0,0.995,discounted_linucb,0.1,0.5339370112355133,0.9970604917749866,,0.5339370112355133,0.0029395082250134,,0.0060589923729141,0.0060589923729141,11
47,discounted_linucb__hybrid__z72_a0p5_hybrid_corr5_bsstablehie5_top10,discounted_linucb,hybrid,z72_a0p5_hybrid_corr5_bsstablehie5_top10,72,10,MOM_pct_14_z|vol_expansion_72_log1p_z|MACD_hist_pct_z|vol_ratio_72_log1p_z|ema_spread_9_21_z|ema_spread_100_200_z|ADX_72_scaled|ema_spread_50_100_z|ADX_30_scaled|dist_to_high_168_sqrt_z,422.6958154139706,-2.6085829387721318,True,dro_minimax_median,"[-15.0, 0.0]",-15.0,0.0,-2.6085829387721318,-3.0034837516453377,0.5,6.997531835091408,0.688355371732622,289.0,65.0,1,3142,-2.6085829387721318,-2.6085829387721318,0.0,-2.6085829387721318,-2.6085829387721318,-3.0034837516453377,-3.0034837516453377,0.0,-1.4238805001525117,-3.0034837516453377,-4.401454725794966,6.997531835091408,0.688355371732622,289.0,65.0,4.0,8.15,4.0,7.0,0.8,0.2,12.0,0.1594999999999999,0.8405,1.0,0.995,discounted_linucb,0.1,0.6947989064769015,0.9976342325532116,,0.6947989064769015,0.0023657674467882,,0.0141441642233415,0.0141441642233415,12
5,discounted_linucb__hybrid__z72_a0p5_hybrid_corr5_bsstablehie5_top10,discounted_linucb,hybrid,z72_a0p5_hybrid_corr5_bsstablehie5_top10,72,10,MOM_pct_14_z|vol_expansion_72_log1p_z|MACD_hist_pct_z|vol_ratio_72_log1p_z|ema_spread_9_21_z|ema_spread_100_200_z|ADX_72_scaled|ema_spread_50_100_z|ADX_30_scaled|dist_to_high_168_sqrt_z,293.5335378240097,-2.665895896335245,True,dro_minimax_median,"[-45.0, 0.0]",-45.0,0.0,-2.665895896335245,-3.476647821832731,0.5,5.433781056408793,0.693653766923381,329.0,95.0,1,3142,-2.665895896335245,-2.665895896335245,0.0,-2.665895896335245,-2.665895896335245,-3.476647821832731,-3.476647821832731,0.0,-0.2336401198427891,-3.476647821832731,-3.7174566688338366,5.433781056408793,0.693653766923381,329.0,95.0,4.0,7.88421052631579,4.0,8.0,0.7864077669902912,0.2135922330097087,10.0,0.2055,0.7945,1.0,0.995,discounted_linucb,0.1,0.7139044928825661,0.9965932342606808,,0.7139044928825661,0.0034067657393192,,0.0302966813702391,0.0302966813702391,13
12,discounted_linucb__hybrid__z72_a0p5_hybrid_corr5_bsstablehie5_top10,discounted_linucb,hybrid,z72_a0p5_hybrid_corr5_bsstablehie5_top10,72,10,MOM_pct_14_z|vol_expansion_72_log1p_z|MACD_hist_pct_z|vol_ratio_72_log1p_z|ema_spread_9_21_z|ema_spread_100_200_z|ADX_72_scaled|ema_spread_50_100_z|ADX_30_scaled|dist_to_high_168_sqrt_z,400.4848644648741,-2.7222409340698697,True,dro_minimax_median,"[-25.0, 0.0]",-25.0,0.0,-2.7222409340698697,-3.760883705993853,0.5,5.431285544396902,0.7129389172605007,298.0,75.0,1,3142,-2.7222409340698697,-2.7222409340698697,0.0,-2.7222409340698697,-2.7222409340698697,-3.760883705993853,-3.760883705993853,0.0,0.3936873817020792,-3.760883705993853,-3.421285194360483,5.431285544396902,0.7129389172605007,298.0,75.0,4.0,7.130434782608695,4.0,5.0,0.8695652173913043,0.1304347826086956,11.0,0.2175,0.7825,1.0,0.995,discounted_linucb,0.1,0.7530055762169792,0.997503026734016,,0.7530055762169792,0.0024969732659839,,0.0198359388849069,0.0198359388849069,14
34,discounted_linucb__hybrid__z72_a0p5_hybrid_corr5_bsstablehie5_top10,discounted_linucb,hybrid,z72_a0p5_hybrid_corr5_bsstablehie5_top10,72,10,MOM_pct_14_z|vol_expansion_72_log1p_z|MACD_hist_pct_z|vol_ratio_72_log1p_z|ema_spread_9_21_z|ema_spread_100_200_z|ADX_72_scaled|ema_spread_50_100_z|ADX_30_scaled|dist_to_high_168_sqrt_z,410.5400996067173,-2.723526502060196,True,dro_minimax_median,"[-29.0, 0.0]",-29.0,0.0,-2.723526502060196,-3.7176250438038,0.5,6.353150378329053,0.7337336675690592,298.0,79.0,1,3142,-2.723526502060196,-2.723526502060196,0.0,-2.723526502060196,-2.723526502060196,-3.7176250438038,-3.7176250438038,0.0,0.2587691231706139,-3.7176250438038,-3.510179834057699,6.353150378329053,0.7337336675690592,298.0,79.0,4.0,7.195876288659794,4.0,7.0,0.8350515463917526,0.1649484536082474,12.0,0.1935,0.8065,1.0,0.995,discounted_linucb,0.1,0.5892087042849204,0.9975641843489638,,0.5892087042849204,0.0024358156510361,,0.0262443883617557,0.0262443883617557,15
29,discounted_linucb__hybrid__z72_a0p5_hybrid_corr5_bsstablehie5_top10,discounted_linucb,hybrid,z72_a0p5_hybrid_corr5_bsstablehie5_top10,72,10,MOM_pct_14_z|vol_expansion_72_log1p_z|MACD_hist_pct_z|vol_ratio_72_log1p_z|ema_spread_9_21_z|ema_spread_100_200_z|ADX_72_scaled|ema_spread_50_100_z|ADX_30_scaled|dist_to_high_168_sqrt_z,425.6553241677837,-2.7697867296227727,True,dro_minimax_median,"[-27.0, 0.0]",-27.0,0.0,-2.7697867296227727,-3.685049832599388,0.5,5.35172455190045,0.7325268263904398,300.0,77.0,1,3142,-2.7697867296227727,-2.7697867296227727,0.0,-2.7697867296227727,-2.7697867296227727,-3.685049832599388,-3.685049832599388,0.0,-0.0239974206929264,-3.685049832599388,-3.726623286206354,5.35172455190045,0.7325268263904398,300.0,77.0,4.0,7.585365853658536,4.0,7.75,0.8048780487804879,0.1951219512195122,12.5,0.1654999999999999,0.8345,1.0,0.995,discounted_linucb,0.1,1.2539600416048216,0.9976506813301228,,1.2539600416048216,0.0023493186698771,,0.0142228381787007,0.0142228381787007,16
23,discounted_linucb__hybrid__z72_a0p5_hybrid_corr5_bsstablehie5_top10,discounted_linucb,hybrid,z72_a0p5_hybrid_corr5_bsstablehie5_top10,72,10,MOM_pct_14_z|vol_expansion_72_log1p_z|MACD_hist_pct_z|vol_ratio_72_log1p_z|ema_spread_9_21_z|ema_spread_100_200_z|ADX_72_scaled|ema_spread_50_100_z|ADX_30_scaled|dist_to_high_168_sqrt_z,438.5912811532235,-2.8481251818082245,True,dro_minimax_median,"[-23.0, 0.0]",-23.0,0.0,-2.8481251818082245,-3.873307127908225,0.5,5.690598624586862,0.7426101415607979,296.0,73.0,1,3142,-2.8481251818082245,-2.8481251818082245,0.0,-2.8481251818082245,-2.8481251818082245,-3.873307127908225,-3.873307127908225,0.0,0.2274206564917761,-3.873307127908225,-3.6797359963728353,5.690598624586862,0.7426101415607979,296.0,73.0,4.0,8.122222222222222,4.0,8.0,0.8111111111111111,0.1888888888888888,14.0,0.1795,0.8205,1.0,0.995,discounted_linucb,0.1,0.6944094970368744,0.9977199729156252,,0.6944094970368744,0.0022800270843748,,0.0355183817475977,0.0355183817475977,17
22,discounted_linucb__hybrid__z72_a0p5_hybrid_corr5_bsstablehie5_top10,discounted_linucb,hybrid,z72_a0p5_hybrid_corr5_bsstablehie5_top10,72,10,MOM_pct_14_z|vol_expansion_72_log1p_z|MACD_hist_pct_z|vol_ratio_72_log1p_z|ema_spread_9_21_z|ema_spread_100_200_z|ADX_72_scaled|ema_spread_50_100_z|ADX_30_scaled|dist_to_high_168_sqrt_z,262.7890841360591,-2.885039147642321,True,dro_minimax_median,"[-19.0, 0.0]",-19.0,0.0,-2.885039147642321,-3.540961958310799,0.5,6.9042765737799,0.6998110664865257,312.0,69.0,1,3142,-2.885039147642321,-2.885039147642321,0.0,-2.885039147642321,-2.885039147642321,-3.540961958310799,-3.540961958310799,0.0,-0.9172707156368864,-3.540961958310799,-4.45038568618468,6.9042765737799,0.6998110664865257,312.0,69.0,4.0,7.611764705882352,4.0,7.0,0.788235294117647,0.2117647058823529,11.0,0.1694999999999999,0.8305,1.0,0.995,discounted_linucb,0.1,0.5196276263704102,0.9961946669006913,,0.5196276263704102,0.0038053330993088,,0.0150712178740735,0.0150712178740735,18
43,discounted_linucb__hybrid__z72_a0p5_hybrid_corr5_bsstablehie5_top10,discounted_linucb,hybrid,z72_a0p5_hybrid_corr5_bsstablehie5_top10,72,10,MOM_pct_14_z|vol_expansion_72_log1p_z|MACD_hist_pct_z|vol_ratio_72_log1p_z|ema_spread_9_21_z|ema_spread_100_200_z|ADX_72_scaled|ema_spread_50_100_z|ADX_30_scaled|dist_to_high_168_sqrt_z,424.3002567572021,-2.8926912312524484,True,dro_minimax_median,"[-23.0, 0.0]",-23.0,0.0,-2.8926912312524484,-3.855884528728344,0.5,4.268889809892351,0.6819396459228034,282.0,73.0,1,3142,-2.8926912312524484,-2.8926912312524484,0.0,-2.8926912312524484,-2.8926912312524484,-3.855884528728344,-3.855884528728344,0.0,-0.0031113388247609,-3.855884528728344,-3.85452541210036,4.268889809892351,0.6819396459228034,282.0,73.0,4.0,8.315068493150685,4.0,7.0,0.7945205479452054,0.2054794520547945,15.0,0.1474999999999999,0.8525,1.0,0.995,discounted_linucb,0.1,0.5307652331365768,0.997643178423594,,0.5307652331365768,0.002356821576406,,0.0159593338230772,0.0159593338230772,19
49,discounted_linucb__hybrid__z72_a0p5_hybrid_corr5_bsstablehie5_top10,discounted_linucb,hybrid,z72_a0p5_hybrid_corr5_bsstablehie5_top10,72,10,MOM_pct_14_z|vol_expansion_72_log1p_z|MACD_hist_pct_z|vol_ratio_72_log1p_z|ema_spread_9_21_z|ema_spread_100_200_z|ADX_72_scaled|ema_spread_50_100_z|ADX_30_scaled|dist_to_high_168_sqrt_z,279.72857037254033,-2.917584012503683,True,dro_minimax_median,"[-71.0, 0.0]",-71.0,0.0,-2.917584012503683,-4.16356123600579,0.5,8.342736390236883,0.7684176905969619,404.0,121.0,1,3142,-2.917584012503683,-2.917584012503683,0.0,-2.917584012503683,-2.917584012503683,-4.16356123600579,-4.16356123600579,0.0,0.8203476580026366,-4.16356123600579,-3.392310738582076,8.342736390236883,0.7684176905969619,404.0,121.0,4.0,8.214876033057852,4.0,8.0,0.7933884297520661,0.2066115702479339,9.0,0.248,0.752,1.0,0.995,discounted_linucb,0.1,0.7324438882748555,0.9964251059565772,,0.7324438882748555,0.0035748940434229,,0.1896514672254909,0.1896514672254909,20
39,discounted_linucb__hybrid__z72_a0p5_hybrid_corr5_bsstablehie5_top10,discounted_linucb,hybrid,z72_a0p5_hybrid_corr5_bsstablehie5_top10,72,10,MOM_pct_14_z|vol_expansion_72_log1p_z|MACD_hist_pct_z|vol_ratio_72_log1p_z|ema_spread_9_21_z|ema_spread_100_200_z|ADX_72_scaled|ema_spread_50_100_z|ADX_30_scaled|dist_to_high_168_sqrt_z,319.7988229987273,-2.961073901952344,True,dro_minimax_median,"[-36.0, 0.0]",-36.0,0.0,-2.961073901952344,-3.6886218027077553,0.5,7.4815411950798545,0.7163467089436276,338.0,86.0,1,3142,-2.961073901952344,-2.961073901952344,0.0,-2.961073901952344,-2.961073901952344,-3.6886218027077553,-3.6886218027077553,0.0,-0.7784301996861087,-3.6886218027077553,-4.472272266282884,7.4815411950798545,0.7163467089436276,338.0,86.0,4.0,6.848837209302325,4.0,7.0,0.8446601941747572,0.1553398058252427,9.0,0.2075,0.7925,1.0,0.995,discounted_linucb,0.1,0.9716541283054436,0.9968730341449568,,0.9716541283054436,0.0031269658550431,,0.0079291713431965,0.0079291713431965,21
0,discounted_linucb__hybrid__z72_a0p5_hybrid_corr5_bsstablehie5_top10,discounted_linucb,hybrid,z72_a0p5_hybrid_corr5_bsstablehie5_top10,72,10,MOM_pct_14_z|vol_expansion_72_log1p_z|MACD_hist_pct_z|vol_ratio_72_log1p_z|ema_spread_9_21_z|ema_spread_100_200_z|ADX_72_scaled|ema_spread_50_100_z|ADX_30_scaled|dist_to_high_168_sqrt_z,325.0,-2.98220116926996,True,dro_minimax_median,"[-47.0, 0.0]",-47.0,0.0,-2.98220116926996,-4.219477082474458,0.5,7.370575126785117,0.7466850899777523,388.0,97.0,1,3142,-2.98220116926996,-2.98220116926996,0.0,-2.98220116926996,-2.98220116926996,-4.219477082474458,-4.219477082474458,0.0,0.7296265703435334,-4.219477082474458,-3.540402806877648,7.370575126785117,0.7466850899777523,388.0,97.0,4.0,7.316546762589928,4.0,7.0,0.8273381294964028,0.1726618705035971,9.0,0.2774999999999999,0.7225,1.0,0.995,discounted_linucb,0.1,1.0,0.9969230769230768,,1.0,0.003076923076923,,0.1,0.1,22
15,discounted_linucb__hybrid__z72_a0p5_hybrid_corr5_bsstablehie5_top10,discounted_linucb,hybrid,z72_a0p5_hybrid_corr5_bsstablehie5_top10,72,10,MOM_pct_14_z|vol_expansion_72_log1p_z|MACD_hist_pct_z|vol_ratio_72_log1p_z|ema_spread_9_21_z|ema_spread_100_200_z|ADX_72_scaled|ema_spread_50_100_z|ADX_30_scaled|dist_to_high_168_sqrt_z,247.69822248276344,-3.0370770074678197,True,dro_minimax_median,"[-65.0, 0.0]",-65.0,0.0,-3.0370770074678197,-3.476573062816668,0.5,7.202306699541417,0.6283514851659876,378.0,115.0,1,3142,-3.0370770074678197,-3.0370770074678197,0.0,-3.0370770074678197,-3.0370770074678197,-3.476573062816668,-3.476573062816668,0.0,-1.718588841421272,-3.476573062816668,-5.134848003956738,7.202306699541417,0.6283514851659876,378.0,115.0,4.0,7.686567164179104,4.0,6.0,0.835820895522388,0.1641791044776119,8.0,0.2594999999999999,0.7405,1.0,0.995,discounted_linucb,0.1,26.63570491506108,0.9959628293252304,,26.63570491506108,0.0040371706747697,,0.0751991843822069,0.0751991843822069,23
40,discounted_linucb__hybrid__z72_a0p5_hybrid_corr5_bsstablehie5_top10,discounted_linucb,hybrid,z72_a0p5_hybrid_corr5_bsstablehie5_top10,72,10,MOM_pct_14_z|vol_expansion_72_log1p_z|MACD_hist_pct_z|vol_ratio_72_log1p_z|ema_spread_9_21_z|ema_spread_100_200_z|ADX_72_scaled|ema_spread_50_100_z|ADX_30_scaled|dist_to_high_168_sqrt_z,325.11090949543154,-3.0408905125483825,True,dro_minimax_median,"[-51.0, 0.0]",-51.0,0.0,-3.0408905125483825,-3.823720813848915,0.5,8.35715917531813,0.639150783078021,354.0,101.0,1,3142,-3.0408905125483825,-3.0408905125483825,0.0,-3.0408905125483825,-3.0408905125483825,-3.823720813848915,-3.823720813848915,0.0,-0.692399608646784,-3.823720813848915,-4.484853082940983,8.35715917531813,0.639150783078021,354.0,101.0,4.0,7.643410852713178,4.0,7.0,0.8294573643410853,0.1705426356589147,9.5,0.2475,0.7525,1.0,0.995,discounted_linucb,0.1,0.6150386192576726,0.9969241265955916,,0.6150386192576726,0.0030758734044083,,0.0570663329627661,0.0570663329627661,24
9,discounted_linucb__hybrid__z72_a0p5_hybrid_corr5_bsstablehie5_top10,discounted_linucb,hybrid,z72_a0p5_hybrid_corr5_bsstablehie5_top10,72,10,MOM_pct_14_z|vol_expansion_72_log1p_z|MACD_hist_pct_z|vol_ratio_72_log1p_z|ema_spread_9_21_z|ema_spread_100_200_z|ADX_72_scaled|ema_spread_50_100_z|ADX_30_scaled|dist_to_high_168_sqrt_z,188.7986696908553,-3.083696914979964,True,dro_minimax_median,"[-73.0, 0.0]",-73.0,0.0,-3.083696914979964,-3.705283936543073,0.5,7.336574065107316,0.7133116187060576,413.0,123.0,1,3142,-3.083696914979964,-3.083696914979964,0.0,-3.083696914979964,-3.083696914979964,-3.705283936543073,-3.705283936543073,0.0,-1.218935850290637,-3.705283936543073,-4.878980978102853,7.336574065107316,0.7133116187060576,413.0,123.0,4.0,7.0979020979020975,4.0,5.5,0.8251748251748252,0.1748251748251748,8.0,0.2875,0.7125,1.0,0.995,discounted_linucb,0.1,7.557556219121746,0.9947033525096473,,7.557556219121746,0.0052966474903527,,0.0874029982142577,0.0874029982142577,25
13,discounted_linucb__hybrid__z72_a0p5_hybrid_corr5_bsstablehie5_top10,discounted_linucb,hybrid,z72_a0p5_hybrid_corr5_bsstablehie5_top10,72,10,MOM_pct_14_z|vol_expansion_72_log1p_z|MACD_hist_pct_z|vol_ratio_72_log1p_z|ema_spread_9_21_z|ema_spread_100_200_z|ADX_72_scaled|ema_spread_50_100_z|ADX_30_scaled|dist_to_high_168_sqrt_z,211.99986448139063,-3.0969084277894794,True,dro_minimax_median,"[-19.0, 0.0]",-19.0,0.0,-3.0969084277894794,-3.9068747903879526,0.5,8.039770566561122,0.6737047247901827,282.0,69.0,1,3142,-3.0969084277894794,-3.0969084277894794,0.0,-3.0969084277894794,-3.0969084277894794,-3.9068747903879526,-3.9068747903879526,0.0,-0.6670093399940588,-3.9068747903879526,-4.5513573671172844,8.039770566561122,0.6737047247901827,282.0,69.0,4.0,8.256410256410257,4.0,11.0,0.7051282051282052,0.2948717948717949,14.5,0.1574999999999999,0.8425,1.0,0.995,discounted_linucb,0.1,0.65305419119359,0.9952830158526456,,0.65305419119359,0.0047169841473543,,0.0076310198341092,0.0076310198341092,26
27,discounted_linucb__hybrid__z72_a0p5_hybrid_corr5_bsstablehie5_top10,discounted_linucb,hybrid,z72_a0p5_hybrid_corr5_bsstablehie5_top10,72,10,MOM_pct_14_z|vol_expansion_72_log1p_z|MACD_hist_pct_z|vol_ratio_72_log1p_z|ema_spread_9_21_z|ema_spread_100_200_z|ADX_72_scaled|ema_spread_50_100_z|ADX_30_scaled|dist_to_high_168_sqrt_z,356.6680412706108,-3.120814590719678,True,dro_minimax_median,"[-50.0, 0.0]",-50.0,0.0,-3.120814590719678,-4.0717666296567705,0.5,7.255287467166127,0.7126316365988603,343.0,100.0,1,3142,-3.120814590719678,-3.120814590719678,0.0,-3.120814590719678,-3.120814590719678,-4.0717666296567705,-4.0717666296567705,0.0,-0.2679584739083991,-4.0717666296567705,-4.334775562566999,7.255287467166127,0.7126316365988603,343.0,100.0,4.0,8.32,4.0,7.5,0.8018018018018018,0.1981981981981982,9.0,0.2215,0.7785,1.0,0.995,discounted_linucb,0.1,0.5468554228175478,0.9971962724878922,,0.5468554228175478,0.0028037275121077,,0.0667427047275631,0.0667427047275631,27
1,discounted_linucb__hybrid__z72_a0p5_hybrid_corr5_bsstablehie5_top10,discounted_linucb,hybrid,z72_a0p5_hybrid_corr5_bsstablehie5_top10,72,10,MOM_pct_14_z|vol_expansion_72_log1p_z|MACD_hist_pct_z|vol_ratio_72_log1p_z|ema_spread_9_21_z|ema_spread_100_200_z|ADX_72_scaled|ema_spread_50_100_z|ADX_30_scaled|dist_to_high_168_sqrt_z,351.1911804273633,-3.191261824736858,True,dro_minimax_median,"[-40.0, 0.0]",-40.0,0.0,-3.191261824736858,-4.087947957253987,0.5,7.20057467326204,0.6626094210797383,342.0,90.0,1,3142,-3.191261824736858,-3.191261824736858,0.0,-3.191261824736858,-3.191261824736858,-4.087947957253987,-4.087947957253987,0.0,-0.5012034271854704,-4.087947957253987,-4.564468218325749,7.20057467326204,0.6626094210797383,342.0,90.0,4.0,7.625850340136054,4.0,6.5,0.8299319727891157,0.1700680272108843,9.0,0.2095,0.7905,1.0,0.995,discounted_linucb,0.1,7.81704884789038,0.9971525480828332,,7.81704884789038,0.0028474519171668,,0.0070215784892256,0.0070215784892256,28
42,discounted_linucb__hybrid__z72_a0p5_hybrid_corr5_bsstablehie5_top10,discounted_linucb,hybrid,z72_a0p5_hybrid_corr5_bsstablehie5_top10,72,10,MOM_pct_14_z|vol_expansion_72_log1p_z|MACD_hist_pct_z|vol_ratio_72_log1p_z|ema_spread_9_21_z|ema_spread_100_200_z|ADX_72_scaled|ema_spread_50_100_z|ADX_30_scaled|dist_to_high_168_sqrt_z,431.5298306927624,-3.232776784742195,True,dro_minimax_median,"[-26.0, 0.0]",-26.0,0.0,-3.232776784742195,-4.07230885865908,0.5,6.837288596848556,0.6888439072106844,309.0,76.0,1,3142,-3.232776784742195,-3.232776784742195,0.0,-3.232776784742195,-3.232776784742195,-4.07230885865908,-4.07230885865908,0.0,-0.7141805629915399,-4.07230885865908,-4.780426463010438,6.837288596848556,0.6888439072106844,309.0,76.0,4.0,7.427586206896552,4.0,7.0,0.7954545454545454,0.2045454545454545,11.0,0.1755,0.8245,1.0,0.995,discounted_linucb,0.1,1.1883662621306796,0.9976826631002668,,1.1883662621306796,0.0023173368997332,,0.0149751051289495,0.0149751051289495,29
4,discounted_linucb__hybrid__z72_a0p5_hybrid_corr5_bsstablehie5_top10,discounted_linucb,hybrid,z72_a0p5_hybrid_corr5_bsstablehie5_top10,72,10,MOM_pct_14_z|vol_expansion_72_log1p_z|MACD_hist_pct_z|vol_ratio_72_log1p_z|ema_spread_9_21_z|ema_spread_100_200_z|ADX_72_scaled|ema_spread_50_100_z|ADX_30_scaled|dist_to_high_168_sqrt_z,441.8929642347728,-3.2390206085769173,True,dro_minimax_median,"[-53.0, 0.0]",-53.0,0.0,-3.2390206085769173,-4.755024123449817,0.5,5.869716366316736,0.672624331478006,379.0,103.0,1,3142,-3.2390206085769173,-3.2390206085769173,0.0,-3.2390206085769173,-3.2390206085769173,-4.755024123449817,-4.755024123449817,0.0,1.3089899360417825,-4.755024123449817,-3.4787673506901893,5.869716366316736,0.672624331478006,379.0,103.0,4.0,7.93006993006993,4.0,7.0,0.8195488721804511,0.1804511278195488,10.0,0.2674999999999999,0.7325,1.0,0.995,discounted_linucb,0.1,28.74072224229912,0.9977370085497248,,28.74072224229912,0.002262991450275,,0.1055518481333876,0.1055518481333876,30
17,discounted_linucb__hybrid__z72_a0p5_hybrid_corr5_bsstablehie5_top10,discounted_linucb,hybrid,z72_a0p5_hybrid_corr5_bsstablehie5_top10,72,10,MOM_pct_14_z|vol_expansion_72_log1p_z|MACD_hist_pct_z|vol_ratio_72_log1p_z|ema_spread_9_21_z|ema_spread_100_200_z|ADX_72_scaled|ema_spread_50_100_z|ADX_30_scaled|dist_to_high_168_sqrt_z,194.17681947917853,-3.2706617145087336,True,dro_minimax_median,"[-50.0, 0.0]",-50.0,0.0,-3.2706617145087336,-4.361042645681683,0.5,7.263642224325972,0.6855755312068517,346.0,100.0,1,3142,-3.2706617145087336,-3.2706617145087336,0.0,-3.2706617145087336,-3.2706617145087336,-4.361042645681683,-4.361042645681683,0.0,0.0004810790101135,-4.361042645681683,-4.377848232811137,7.263642224325972,0.6855755312068517,346.0,100.0,4.0,8.451923076923077,4.0,7.0,0.7692307692307693,0.2307692307692307,10.0,0.2095,0.7905,1.0,0.995,discounted_linucb,0.1,0.5411355757992977,0.9948500546940556,,0.5411355757992977,0.0051499453059443,,0.0558512941425342,0.0558512941425342,31
16,discounted_linucb__hybrid__z72_a0p5_hybrid_corr5_bsstablehie5_top10,discounted_linucb,hybrid,z72_a0p5_hybrid_corr5_bsstablehie5_top10,72,10,MOM_pct_14_z|vol_expansion_72_log1p_z|MACD_hist_pct_z|vol_ratio_72_log1p_z|ema_spread_9_21_z|ema_spread_100_200_z|ADX_72_scaled|ema_spread_50_100_z|ADX_30_scaled|dist_to_high_168_sqrt_z,390.42201149510015,-3.3054319562241177,True,dro_minimax_median,"[-34.0, 0.0]",-34.0,0.0,-3.3054319562241177,-4.277017677794518,0.5,6.445502944467718,0.6840281860043875,316.0,84.0,1,3142,-3.3054319562241177,-3.3054319562241177,0.0,-3.3054319562241177,-3.3054319562241177,-4.277017677794518,-4.277017677794518,0.0,-0.3906747915129164,-4.277017677794518,-4.672116077373437,6.445502944467718,0.6840281860043875,316.0,84.0,4.0,7.17687074829932,4.0,7.0,0.8095238095238095,0.1904761904761904,10.0,0.1694999999999999,0.8305,1.0,0.995,discounted_linucb,0.1,2.162150699489961,0.9974386690028808,,2.162150699489961,0.0025613309971191,,0.0067245490934263,0.0067245490934263,32
19,discounted_linucb__hybrid__z72_a0p5_hybrid_corr5_bsstablehie5_top10,discounted_linucb,hybrid,z72_a0p5_hybrid_corr5_bsstablehie5_top10,72,10,MOM_pct_14_z|vol_expansion_72_log1p_z|MACD_hist_pct_z|vol_ratio_72_log1p_z|ema_spread_9_21_z|ema_spread_100_200_z|ADX_72_scaled|ema_spread_50_100_z|ADX_30_scaled|dist_to_high_168_sqrt_z,411.2354281063373,-3.3913986507265963,True,dro_minimax_median,"[-24.0, 0.0]",-24.0,0.0,-3.3913986507265963,-4.290495265744313,0.5,8.893539454545207,0.6589174952400649,309.0,74.0,1,3142,-3.3913986507265963,-3.3913986507265963,0.0,-3.3913986507265963,-3.3913986507265963,-4.290495265744313,-4.290495265744313,0.0,-0.6941088056734471,-4.290495265744313,-4.991251957541006,8.893539454545207,0.6589174952400649,309.0,74.0,4.0,7.333333333333333,4.0,7.0,0.7931034482758621,0.2068965517241379,10.0,0.1735,0.8265,1.0,0.995,discounted_linucb,0.1,0.6010733465547539,0.9975683028949992,,0.6010733465547539,0.0024316971050009,,0.0080758483570418,0.0080758483570418,33
32,discounted_linucb__hybrid__z72_a0p5_hybrid_corr5_bsstablehie5_top10,discounted_linucb,hybrid,z72_a0p5_hybrid_corr5_bsstablehie5_top10,72,10,MOM_pct_14_z|vol_expansion_72_log1p_z|MACD_hist_pct_z|vol_ratio_72_log1p_z|ema_spread_9_21_z|ema_spread_100_200_z|ADX_72_scaled|ema_spread_50_100_z|ADX_30_scaled|dist_to_high_168_sqrt_z,433.8346874060814,-3.4732685125737035,True,dro_minimax_median,"[-30.0, 0.0]",-30.0,0.0,-3.4732685125737035,-4.725299387480837,0.5,7.634545822177907,0.7355063947683314,344.0,80.0,1,3142,-3.4732685125737035,-3.4732685125737035,0.0,-3.4732685125737035,-3.4732685125737035,-4.725299387480837,-4.725299387480837,0.0,0.2828241121476986,-4.725299387480837,-4.458669725053188,7.634545822177907,0.7355063947683314,344.0,80.0,4.0,7.224137931034483,4.0,7.0,0.8275862068965517,0.1724137931034483,11.0,0.2335,0.7665,1.0,0.995,discounted_linucb,0.1,0.9833736128703928,0.9976949745397744,,0.9833736128703928,0.0023050254602255,,0.0515763884343002,0.0515763884343002,34
30,discounted_linucb__hybrid__z72_a0p5_hybrid_corr5_bsstablehie5_top10,discounted_linucb,hybrid,z72_a0p5_hybrid_corr5_bsstablehie5_top10,72,10,MOM_pct_14_z|vol_expansion_72_log1p_z|MACD_hist_pct_z|vol_ratio_72_log1p_z|ema_spread_9_21_z|ema_spread_100_200_z|ADX_72_scaled|ema_spread_50_100_z|ADX_30_scaled|dist_to_high_168_sqrt_z,337.7507898265623,-3.614334152562269,True,dro_minimax_median,"[-37.0, 0.0]",-37.0,0.0,-3.614334152562269,-4.845818948286351,0.5,6.167029550399006,0.6899152555164816,318.0,87.0,1,3142,-3.614334152562269,-3.614334152562269,0.0,-3.614334152562269,-3.614334152562269,-4.845818948286351,-4.845818948286351,0.0,0.0801202346099779,-4.845818948286351,-4.784584477865479,6.167029550399006,0.6899152555164816,318.0,87.0,4.0,8.091954022988507,4.0,7.0,0.8275862068965517,0.1724137931034483,9.5,0.1735,0.8265,1.0,0.995,discounted_linucb,0.1,2.660276105837805,0.99703923712358,,2.660276105837805,0.0029607628764199,,0.0244380990145951,0.0244380990145951,35
28,discounted_linucb__hybrid__z72_a0p5_hybrid_corr5_bsstablehie5_top10,discounted_linucb,hybrid,z72_a0p5_hybrid_corr5_bsstablehie5_top10,72,10,MOM_pct_14_z|vol_expansion_72_log1p_z|MACD_hist_pct_z|vol_ratio_72_log1p_z|ema_spread_9_21_z|ema_spread_100_200_z|ADX_72_scaled|ema_spread_50_100_z|ADX_30_scaled|dist_to_high_168_sqrt_z,205.9012272755436,-3.6300936540008486,True,dro_minimax_median,"[-39.0, 0.0]",-39.0,0.0,-3.6300936540008486,-4.539823668164922,0.5,8.085575047980365,0.6886664359402146,341.0,89.0,1,3142,-3.6300936540008486,-3.6300936540008486,0.0,-3.6300936540008486,-3.6300936540008486,-4.539823668164922,-4.539823668164922,0.0,-0.90090361150863,-4.539823668164922,-5.374768749045999,8.085575047980365,0.6886664359402146,341.0,89.0,4.0,6.964601769911504,4.0,6.0,0.8495575221238938,0.1504424778761062,9.0,0.2275,0.7725,1.0,0.995,discounted_linucb,0.1,2.9623436627479585,0.9951433023822546,,2.9623436627479585,0.0048566976177454,,0.005524439819084,0.005524439819084,36
31,discounted_linucb__hybrid__z72_a0p5_hybrid_corr5_bsstablehie5_top10,discounted_linucb,hybrid,z72_a0p5_hybrid_corr5_bsstablehie5_top10,72,10,MOM_pct_14_z|vol_expansion_72_log1p_z|MACD_hist_pct_z|vol_ratio_72_log1p_z|ema_spread_9_21_z|ema_spread_100_200_z|ADX_72_scaled|ema_spread_50_100_z|ADX_30_scaled|dist_to_high_168_sqrt_z,370.7285361553293,-3.6950345442081423,True,dro_minimax_median,"[-41.0, 0.0]",-41.0,0.0,-3.6950345442081423,-5.0272348831178295,0.5,8.35227847404828,0.7378103449290948,372.0,91.0,1,3142,-3.6950345442081423,-3.6950345442081423,0.0,-3.6950345442081423,-3.6950345442081423,-5.0272348831178295,-5.0272348831178295,0.0,0.3015664725209199,-5.0272348831178295,-4.740243068593871,8.35227847404828,0.7378103449290948,372.0,91.0,4.0,7.515384615384615,4.0,7.0,0.8153846153846154,0.1846153846153846,10.0,0.2594999999999999,0.7405,1.0,0.995,discounted_linucb,0.1,1.5841646050631235,0.9973026085060228,,1.5841646050631235,0.0026973914939771,,0.0745893767536243,0.0745893767536243,37
25,discounted_linucb__hybrid__z72_a0p5_hybrid_corr5_bsstablehie5_top10,discounted_linucb,hybrid,z72_a0p5_hybrid_corr5_bsstablehie5_top10,72,10,MOM_pct_14_z|vol_expansion_72_log1p_z|MACD_hist_pct_z|vol_ratio_72_log1p_z|ema_spread_9_21_z|ema_spread_100_200_z|ADX_72_scaled|ema_spread_50_100_z|ADX_30_scaled|dist_to_high_168_sqrt_z,341.9883570005902,-3.7783278433147736,True,dro_minimax_median,"[-37.0, 0.0]",-37.0,0.0,-3.7783278433147736,-4.81017697842601,0.5,8.302630729346882,0.5849667417046922,361.0,87.0,1,3142,-3.7783278433147736,-3.7783278433147736,0.0,-3.7783278433147736,-3.7783278433147736,-4.81017697842601,-4.81017697842601,0.0,-0.6827804379810639,-4.81017697842601,-5.442591425719139,8.302630729346882,0.5849667417046922,361.0,87.0,4.0,7.330645161290323,4.0,6.0,0.8709677419354839,0.1290322580645161,9.0,0.2495,0.7505,1.0,0.995,discounted_linucb,0.1,13.735026722913489,0.9970759238449796,,13.735026722913489,0.0029240761550203,,0.0311884372202956,0.0311884372202956,38
24,discounted_linucb__hybrid__z72_a0p5_hybrid_corr5_bsstablehie5_top10,discounted_linucb,hybrid,z72_a0p5_hybrid_corr5_bsstablehie5_top10,72,10,MOM_pct_14_z|vol_expansion_72_log1p_z|MACD_hist_pct_z|vol_ratio_72_log1p_z|ema_spread_9_21_z|ema_spread_100_200_z|ADX_72_scaled|ema_spread_50_100_z|ADX_30_scaled|dist_to_high_168_sqrt_z,326.4304653018285,-3.791849939752432,True,dro_minimax_median,"[-35.0, 0.0]",-35.0,0.0,-3.791849939752432,-4.608414759691629,0.5,8.14901852961183,0.609658169831863,321.0,85.0,1,3142,-3.791849939752432,-3.791849939752432,0.0,-3.791849939752432,-3.791849939752432,-4.608414759691629,-4.608414759691629,0.0,-1.3421554799348403,-4.608414759691629,-5.923233428560645,8.14901852961183,0.609658169831863,321.0,85.0,4.0,7.552941176470588,4.0,7.0,0.788235294117647,0.2117647058823529,10.0,0.2235,0.7765,1.0,0.995,discounted_linucb,0.1,0.6674026389612889,0.9969365604430476,,0.6674026389612889,0.0030634395569524,,0.0179189465927404,0.0179189465927404,39
36,discounted_linucb__hybrid__z72_a0p5_hybrid_corr5_bsstablehie5_top10,discounted_linucb,hybrid,z72_a0p5_hybrid_corr5_bsstablehie5_top10,72,10,MOM_pct_14_z|vol_expansion_72_log1p_z|MACD_hist_pct_z|vol_ratio_72_log1p_z|ema_spread_9_21_z|ema_spread_100_200_z|ADX_72_scaled|ema_spread_50_100_z|ADX_30_scaled|dist_to_high_168_sqrt_z,429.52015246267007,-3.888478500633668,True,dro_minimax_median,"[-41.0, 0.0]",-41.0,0.0,-3.888478500633668,-4.716504352106902,0.5,8.505298485107815,0.5816196415968358,378.0,91.0,1,3142,-3.888478500633668,-3.888478500633668,0.0,-3.888478500633668,-3.888478500633668,-4.716504352106902,-4.716504352106902,0.0,-1.4044009462139648,-4.716504352106902,-6.031046098216737,8.505298485107815,0.5816196415968358,378.0,91.0,4.0,8.007874015748031,4.0,8.0,0.7874015748031497,0.2125984251968504,11.0,0.2534999999999999,0.7465,1.0,0.995,discounted_linucb,0.1,0.5522737267099072,0.99767182053213,,0.5522737267099072,0.00232817946787,,0.0941581454640443,0.0941581454640443,40
6,discounted_linucb__hybrid__z72_a0p5_hybrid_corr5_bsstablehie5_top10,discounted_linucb,hybrid,z72_a0p5_hybrid_corr5_bsstablehie5_top10,72,10,MOM_pct_14_z|vol_expansion_72_log1p_z|MACD_hist_pct_z|vol_ratio_72_log1p_z|ema_spread_9_21_z|ema_spread_100_200_z|ADX_72_scaled|ema_spread_50_100_z|ADX_30_scaled|dist_to_high_168_sqrt_z,222.92616159695012,-3.934222992535109,True,dro_minimax_median,"[-83.0, 0.0]",-83.0,0.0,-3.934222992535109,-5.333840542013967,0.5,9.573686789013856,0.7351758302464412,430.0,133.0,1,3142,-3.934222992535109,-3.934222992535109,0.0,-3.934222992535109,-3.934222992535109,-5.333840542013967,-5.333840542013967,0.0,0.2646296559014678,-5.333840542013967,-5.10870260976064,9.573686789013856,0.7351758302464412,430.0,133.0,4.0,7.413533834586466,4.0,7.0,0.8120300751879699,0.18796992481203,8.0,0.2855,0.7145,1.0,0.995,discounted_linucb,0.1,2.17612266083751,0.9955142097596962,,2.17612266083751,0.0044857902403038,,0.1818666064523106,0.1818666064523106,41
38,discounted_linucb__hybrid__z72_a0p5_hybrid_corr5_bsstablehie5_top10,discounted_linucb,hybrid,z72_a0p5_hybrid_corr5_bsstablehie5_top10,72,10,MOM_pct_14_z|vol_expansion_72_log1p_z|MACD_hist_pct_z|vol_ratio_72_log1p_z|ema_spread_9_21_z|ema_spread_100_200_z|ADX_72_scaled|ema_spread_50_100_z|ADX_30_scaled|dist_to_high_168_sqrt_z,237.41840647386928,-3.9963855645391178,True,dro_minimax_median,"[-59.0, 0.0]",-59.0,0.0,-3.9963855645391178,-4.613424333360642,0.5,8.85176623474868,0.6267290510310195,372.0,109.0,1,3142,-3.9963855645391178,-3.9963855645391178,0.0,-3.9963855645391178,-3.9963855645391178,-4.613424333360642,-4.613424333360642,0.0,-2.1452692580745447,-4.613424333360642,-6.661206421881716,8.85176623474868,0.6267290510310195,372.0,109.0,4.0,6.612903225806452,4.0,5.0,0.8705035971223022,0.1294964028776978,10.0,0.2495,0.7505,1.0,0.995,discounted_linucb,0.1,7.68503308526443,0.9957880266536536,,7.68503308526443,0.0042119733463465,,0.0155508261699878,0.0155508261699878,42
18,discounted_linucb__hybrid__z72_a0p5_hybrid_corr5_bsstablehie5_top10,discounted_linucb,hybrid,z72_a0p5_hybrid_corr5_bsstablehie5_top10,72,10,MOM_pct_14_z|vol_expansion_72_log1p_z|MACD_hist_pct_z|vol_ratio_72_log1p_z|ema_spread_9_21_z|ema_spread_100_200_z|ADX_72_scaled|ema_spread_50_100_z|ADX_30_scaled|dist_to_high_168_sqrt_z,447.63820579185005,-4.073718263641808,True,dro_minimax_median,"[-52.0, 0.0]",-52.0,0.0,-4.073718263641808,-5.425177181685966,0.5,8.991627149053228,0.6904123466002399,380.0,102.0,1,3142,-4.073718263641808,-4.073718263641808,0.0,-4.073718263641808,-4.073718263641808,-5.425177181685966,-5.425177181685966,0.0,-0.0193415095093333,-5.425177181685966,-5.441018526245808,8.991627149053228,0.6904123466002399,380.0,102.0,4.0,8.299212598425196,4.0,8.0,0.7874015748031497,0.2125984251968504,10.0,0.2534999999999999,0.7465,1.0,0.995,discounted_linucb,0.1,0.634627316800196,0.9977660530601248,,0.634627316800196,0.0022339469398753,,0.1939875993054834,0.1939875993054834,43
26,discounted_linucb__hybrid__z72_a0p5_hybrid_corr5_bsstablehie5_top10,discounted_linucb,hybrid,z72_a0p5_hybrid_corr5_bsstablehie5_top10,72,10,MOM_pct_14_z|vol_expansion_72_log1p_z|MACD_hist_pct_z|vol_ratio_72_log1p_z|ema_spread_9_21_z|ema_spread_100_200_z|ADX_72_scaled|ema_spread_50_100_z|ADX_30_scaled|dist_to_high_168_sqrt_z,345.32558277818765,-4.113848037991197,True,dro_minimax_median,"[-64.0, 0.0]",-64.0,0.0,-4.113848037991197,-5.367048227756359,0.5,7.7130071772474995,0.5736932591103909,396.0,114.0,1,3142,-4.113848037991197,-4.113848037991197,0.0,-4.113848037991197,-4.113848037991197,-5.367048227756359,-5.367048227756359,0.0,-0.3542474686957083,-5.367048227756359,-5.697538650181985,7.7130071772474995,0.5736932591103909,396.0,114.0,4.0,8.135338345864662,4.0,7.0,0.7969924812030075,0.2030075187969924,9.0,0.2654999999999999,0.7345,1.0,0.995,discounted_linucb,0.1,8.523882714900125,0.9971041821114008,,8.523882714900125,0.0028958178885991,,0.1624354234060607,0.1624354234060607,44
10,discounted_linucb__hybrid__z72_a0p5_hybrid_corr5_bsstablehie5_top10,discounted_linucb,hybrid,z72_a0p5_hybrid_corr5_bsstablehie5_top10,72,10,MOM_pct_14_z|vol_expansion_72_log1p_z|MACD_hist_pct_z|vol_ratio_72_log1p_z|ema_spread_9_21_z|ema_spread_100_200_z|ADX_72_scaled|ema_spread_50_100_z|ADX_30_scaled|dist_to_high_168_sqrt_z,431.4527420093573,-4.169063096413348,True,dro_minimax_median,"[-28.0, 0.0]",-28.0,0.0,-4.169063096413348,-5.112684754335328,0.5,8.559775935509995,0.6308887702097542,357.0,78.0,1,3142,-4.169063096413348,-4.169063096413348,0.0,-4.169063096413348,-4.169063096413348,-5.112684754335328,-5.112684754335328,0.0,-1.338198122647409,-5.112684754335328,-6.392340816035383,8.559775935509995,0.6308887702097542,357.0,78.0,4.0,7.6068376068376065,4.0,6.0,0.8290598290598291,0.1709401709401709,11.0,0.2335,0.7665,1.0,0.995,discounted_linucb,0.1,2.5261334080919204,0.9976822490561936,,2.5261334080919204,0.0023177509438062,,0.0252618654078765,0.0252618654078765,45
37,discounted_linucb__hybrid__z72_a0p5_hybrid_corr5_bsstablehie5_top10,discounted_linucb,hybrid,z72_a0p5_hybrid_corr5_bsstablehie5_top10,72,10,MOM_pct_14_z|vol_expansion_72_log1p_z|MACD_hist_pct_z|vol_ratio_72_log1p_z|ema_spread_9_21_z|ema_spread_100_200_z|ADX_72_scaled|ema_spread_50_100_z|ADX_30_scaled|dist_to_high_168_sqrt_z,342.3142660723843,-4.38256614336454,True,dro_minimax_median,"[-41.0, 0.0]",-41.0,0.0,-4.38256614336454,-6.005918364586897,0.5,9.182542616868572,0.58779842474929,335.0,91.0,1,3142,-4.38256614336454,-4.38256614336454,0.0,-4.38256614336454,-4.38256614336454,-6.005918364586897,-6.005918364586897,0.0,0.4874905203025322,-6.005918364586897,-5.556410041584488,9.182542616868572,0.58779842474929,335.0,91.0,4.0,8.311111111111112,4.0,6.5,0.8074074074074075,0.1925925925925926,9.0,0.2195,0.7805,1.0,0.995,discounted_linucb,0.1,29.71201700244752,0.997078707786638,,29.71201700244752,0.002921292213362,,0.0074026682783705,0.0074026682783705,46
48,discounted_linucb__hybrid__z72_a0p5_hybrid_corr5_bsstablehie5_top10,discounted_linucb,hybrid,z72_a0p5_hybrid_corr5_bsstablehie5_top10,72,10,MOM_pct_14_z|vol_expansion_72_log1p_z|MACD_hist_pct_z|vol_ratio_72_log1p_z|ema_spread_9_21_z|ema_spread_100_200_z|ADX_72_scaled|ema_spread_50_100_z|ADX_30_scaled|dist_to_high_168_sqrt_z,445.0618573173632,-4.528797321884062,True,dro_minimax_median,"[-47.0, 0.0]",-47.0,0.0,-4.528797321884062,-5.93681947225411,0.5,9.487132190626005,0.7008457195432856,381.0,97.0,1,3142,-4.528797321884062,-4.528797321884062,0.0,-4.528797321884062,-4.528797321884062,-5.93681947225411,-5.93681947225411,0.0,-0.3047308707739134,-5.93681947225411,-6.236653748664911,9.487132190626005,0.7008457195432856,381.0,97.0,4.0,7.567567567567567,4.0,7.0,0.8455882352941176,0.1544117647058823,9.0,0.2714999999999999,0.7285,1.0,0.995,discounted_linucb,0.1,4.472571542794919,0.9977531213166018,,4.472571542794919,0.0022468786833982,,0.1040432721658981,0.1040432721658981,47
7,discounted_linucb__hybrid__z72_a0p5_hybrid_corr5_bsstablehie5_top10,discounted_linucb,hybrid,z72_a0p5_hybrid_corr5_bsstablehie5_top10,72,10,MOM_pct_14_z|vol_expansion_72_log1p_z|MACD_hist_pct_z|vol_ratio_72_log1p_z|ema_spread_9_21_z|ema_spread_100_200_z|ADX_72_scaled|ema_spread_50_100_z|ADX_30_scaled|dist_to_high_168_sqrt_z,219.98288294825304,-4.626983542904888,True,dro_minimax_median,"[-45.0, 0.0]",-45.0,0.0,-4.626983542904888,-5.4584937159464175,0.5,9.900278856023192,0.5887062309508901,357.0,95.0,1,3142,-4.626983542904888,-4.626983542904888,0.0,-4.626983542904888,-4.626983542904888,-5.4584937159464175,-5.4584937159464175,0.0,-2.1324530237803008,-5.4584937159464175,-7.476578436937554,9.900278856023192,0.5887062309508901,357.0,95.0,4.0,7.0,4.0,5.75,0.8731343283582089,0.126865671641791,8.5,0.2574999999999999,0.7425,1.0,0.995,discounted_linucb,0.1,23.022867216257907,0.9954541917689332,,23.022867216257907,0.0045458082310669,,0.0079753859160057,0.0079753859160057,48
2,discounted_linucb__hybrid__z72_a0p5_hybrid_corr5_bsstablehie5_top10,discounted_linucb,hybrid,z72_a0p5_hybrid_corr5_bsstablehie5_top10,72,10,MOM_pct_14_z|vol_expansion_72_log1p_z|MACD_hist_pct_z|vol_ratio_72_log1p_z|ema_spread_9_21_z|ema_spread_100_200_z|ADX_72_scaled|ema_spread_50_100_z|ADX_30_scaled|dist_to_high_168_sqrt_z,266.993584168878,-4.716258040785591,True,dro_minimax_median,"[-60.0, 0.0]",-60.0,0.0,-4.716258040785591,-6.718911950210053,0.5,9.449152899301705,0.6580967054557726,391.0,110.0,1,3142,-4.716258040785591,-4.716258040785591,0.0,-4.716258040785591,-4.716258040785591,-6.718911950210053,-6.718911950210053,0.0,1.2917036874877958,-6.718911950210053,-5.524835777342666,9.449152899301705,0.6580967054557726,391.0,110.0,4.0,7.946564885496183,4.0,7.0,0.8091603053435115,0.1908396946564885,9.0,0.2614999999999999,0.7385,1.0,0.995,discounted_linucb,0.1,2.590090864414888,0.9962545916482868,,2.590090864414888,0.0037454083517133,,0.099493174995722,0.099493174995722,49
46,discounted_linucb__hybrid__z72_a0p5_hybrid_corr5_bsstablehie5_top10,discounted_linucb,hybrid,z72_a0p5_hybrid_corr5_bsstablehie5_top10,72,10,MOM_pct_14_z|vol_expansion_72_log1p_z|MACD_hist_pct_z|vol_ratio_72_log1p_z|ema_spread_9_21_z|ema_spread_100_200_z|ADX_72_scaled|ema_spread_50_100_z|ADX_30_scaled|dist_to_high_168_sqrt_z,431.1088064174768,-2.468941495561628,False,dro_minimax_median,"[3.0, 0.0]",3.0,0.0,-2.468941495561628,-2.8987318432558418,0.5,4.824875008900276,0.62433419417065,167.0,47.0,1,3142,-2.468941495561628,-2.468941495561628,0.0,-2.468941495561628,-2.468941495561628,-2.8987318432558418,-2.8987318432558418,0.0,-1.179570452478984,-2.8987318432558418,-4.03269872250683,4.824875008900276,0.62433419417065,167.0,47.0,4.0,8.257142857142858,4.0,10.0,0.723404255319149,0.2765957446808511,17.0,0.0999999999999999,0.9,1.0,0.995,discounted_linucb,0.1,0.8056435814242976,0.997680399970694,,0.8056435814242976,0.0023196000293058,,0.0065266878677082,0.0065266878677082,50
