bandit_name,method_group,set_name,trial_number,seed,symbol,mode,n_decisions,return_pct,drawdown_abs,trades,profit_factor,is_active,executed_action_1_ratio,constraint_applied_ratio,forced_singleton_ratio,decision_point_ratio,bandit_consulted_ratio,pending_update_queued_ratio,median_time_between_entries,median_holding_bars,mean_holding_bars,p25_holding_bars,p75_holding_bars,share_trades_closed_before_horizon,share_trades_closed_after_horizon
discounted_lints,corr,z48_a0p5_corr_pruned_top10,0,3142,BTCUSDT,val,2000.0,-9.019952263313701,11.070881961378875,187,0.5626451359753936,True,0.6055,0.179,0.37549999999999994,0.6245,1.0,0.995,9.0,5.0,6.454545454545454,4.0,7.0,0.8609625668449198,0.13903743315508021
discounted_lints,corr,z48_a0p5_corr_pruned_top10,0,3142,BTCUSDT,val_first,,-4.371115371910594,5.732422925695579,100,0.5919369392788807,True,,,,,,,8.0,4.5,6.11,4.0,6.25,0.88,0.12
discounted_lints,corr,z48_a0p5_corr_pruned_top10,0,3142,BTCUSDT,val_second,,-4.861331290731785,6.79623237949134,87,0.5316488674446614,True,,,,,,,9.0,5.0,6.850574712643678,4.0,7.0,0.8390804597701149,0.16091954022988506
discounted_lints,corr,z48_a0p5_corr_pruned_top10,0,3142,ETHUSDT,val,2000.0,-7.283554125590442,9.687291389195273,200,0.7037739404202519,True,0.548,0.2225,0.4,0.6,1.0,0.995,8.0,4.0,5.48,4.0,5.0,0.92,0.08
discounted_lints,corr,z48_a0p5_corr_pruned_top10,0,3142,ETHUSDT,val_first,,-1.3153835042765682,4.344686189391167,100,0.8356718662364241,True,,,,,,,8.0,4.0,5.56,4.0,6.0,0.9,0.1
discounted_lints,corr,z48_a0p5_corr_pruned_top10,0,3142,ETHUSDT,val_second,,-6.047721350340874,8.483498423770552,99,0.6061452756288228,True,,,,,,,7.0,4.0,5.262626262626263,4.0,5.0,0.9494949494949495,0.050505050505050504
discounted_lints,corr,z48_a0p5_corr_pruned_top10,0,3142,SOLUSDT,val,2000.0,-5.5312303084107395,8.423259357304103,178,0.781248756919828,True,0.5305,0.1945,0.35750000000000004,0.6425,1.0,0.995,8.0,4.0,5.938202247191011,4.0,5.0,0.8707865168539326,0.12921348314606743
discounted_lints,corr,z48_a0p5_corr_pruned_top10,0,3142,SOLUSDT,val_first,,-0.17290777312749528,5.19528012588183,92,0.9419476969821741,True,,,,,,,9.0,4.0,6.141304347826087,4.0,6.0,0.8586956521739131,0.14130434782608695
discounted_lints,corr,z48_a0p5_corr_pruned_top10,0,3142,SOLUSDT,val_second,,-5.367603539032906,7.426919575502611,86,0.6663664742445049,True,,,,,,,7.5,4.0,5.72093023255814,4.0,5.0,0.8837209302325582,0.11627906976744186
discounted_lints,corr,z48_a0p5_corr_pruned_top10,0,3143,BTCUSDT,val,2000.0,-2.9883906616752776,5.264972686957792,186,0.8279830246638877,True,0.6315,0.167,0.37350000000000005,0.6265,1.0,0.995,8.5,5.0,6.768817204301075,4.0,7.0,0.8333333333333334,0.16666666666666666
discounted_lints,corr,z48_a0p5_corr_pruned_top10,0,3143,BTCUSDT,val_first,,-0.04151446634687028,2.376923923772556,102,0.9728094545218124,True,,,,,,,8.0,4.0,6.147058823529412,4.0,6.0,0.8823529411764706,0.11764705882352941
discounted_lints,corr,z48_a0p5_corr_pruned_top10,0,3143,BTCUSDT,val_second,,-2.948100083345384,4.870972354007197,83,0.7125528783843498,True,,,,,,,11.0,5.0,7.554216867469879,4.0,9.0,0.7710843373493976,0.2289156626506024
discounted_lints,corr,z48_a0p5_corr_pruned_top10,0,3143,ETHUSDT,val,2000.0,-10.209925602051628,11.171467708148853,186,0.6215241739174131,True,0.5605,0.2055,0.372,0.628,1.0,0.995,8.0,4.0,6.026881720430108,4.0,6.0,0.8763440860215054,0.12365591397849462
discounted_lints,corr,z48_a0p5_corr_pruned_top10,0,3143,ETHUSDT,val_first,,-2.079580877242959,5.641048414879579,96,0.7894012636993986,True,,,,,,,9.0,4.0,5.9375,4.0,6.0,0.8645833333333334,0.13541666666666666
discounted_lints,corr,z48_a0p5_corr_pruned_top10,0,3143,ETHUSDT,val_second,,-8.303012586798808,9.472173673637718,89,0.47461971353287025,True,,,,,,,8.0,4.0,5.955056179775281,4.0,6.0,0.898876404494382,0.10112359550561797
discounted_lints,corr,z48_a0p5_corr_pruned_top10,0,3143,SOLUSDT,val,2000.0,-2.641259016815456,7.124791116303508,186,0.8674391961961021,True,0.536,0.221,0.37250000000000005,0.6275,1.0,0.995,8.0,4.0,5.752688172043011,4.0,6.0,0.8817204301075269,0.11827956989247312
discounted_lints,corr,z48_a0p5_corr_pruned_top10,0,3143,SOLUSDT,val_first,,-0.20920889008259058,4.294439960000707,95,0.9305743111000413,True,,,,,,,9.0,4.0,6.08421052631579,4.0,6.0,0.8526315789473684,0.14736842105263157
discounted_lints,corr,z48_a0p5_corr_pruned_top10,0,3143,SOLUSDT,val_second,,-2.4371488588100343,7.110114635158404,91,0.814416889604261,True,,,,,,,8.0,4.0,5.406593406593407,4.0,5.0,0.9120879120879121,0.08791208791208792
discounted_lints,corr,z48_a0p5_corr_pruned_top10,0,3144,BTCUSDT,val,2000.0,-6.191210878736031,6.88377700666325,181,0.6818909736601739,True,0.634,0.172,0.36350000000000005,0.6365,1.0,0.995,9.0,5.0,6.9502762430939224,4.0,7.0,0.850828729281768,0.14917127071823205
discounted_lints,corr,z48_a0p5_corr_pruned_top10,0,3144,BTCUSDT,val_first,,-0.9227298750081769,3.894432576977247,98,0.8759521370224068,True,,,,,,,8.0,4.0,6.3979591836734695,4.0,6.0,0.8877551020408163,0.11224489795918367
discounted_lints,corr,z48_a0p5_corr_pruned_top10,0,3144,BTCUSDT,val_second,,-5.317547604088569,6.096969208803838,83,0.4990283474726676,True,,,,,,,10.0,5.0,7.602409638554217,4.0,8.0,0.8072289156626506,0.1927710843373494
discounted_lints,corr,z48_a0p5_corr_pruned_top10,0,3144,ETHUSDT,val,2000.0,-9.611756418000382,11.206584634239992,195,0.6310931040498481,True,0.562,0.2285,0.39,0.61,1.0,0.995,8.0,4.0,5.764102564102564,4.0,5.0,0.8974358974358975,0.10256410256410256
discounted_lints,corr,z48_a0p5_corr_pruned_top10,0,3144,ETHUSDT,val_first,,-1.4806369891873228,5.480410696333471,105,0.8356608718363229,True,,,,,,,8.0,4.0,5.390476190476191,4.0,5.0,0.9047619047619048,0.09523809523809523
discounted_lints,corr,z48_a0p5_corr_pruned_top10,0,3144,ETHUSDT,val_second,,-8.25332115466546,9.87211787390997,89,0.4780219520079217,True,,,,,,,8.0,4.0,6.056179775280899,4.0,5.0,0.898876404494382,0.10112359550561797
discounted_lints,corr,z48_a0p5_corr_pruned_top10,0,3144,SOLUSDT,val,2000.0,-6.712324720583385,7.894675773319393,187,0.7480253414157476,True,0.5345,0.227,0.37549999999999994,0.6245,1.0,0.995,8.0,4.0,5.695187165775401,4.0,5.0,0.893048128342246,0.10695187165775401
discounted_lints,corr,z48_a0p5_corr_pruned_top10,0,3144,SOLUSDT,val_first,,-0.7292435957588772,3.5870835494069886,92,0.8828452839736123,True,,,,,,,8.0,4.0,6.0978260869565215,4.0,5.25,0.8695652173913043,0.13043478260869565
discounted_lints,corr,z48_a0p5_corr_pruned_top10,0,3144,SOLUSDT,val_second,,-6.027032876087657,7.798503551754732,95,0.6529893108607407,True,,,,,,,8.0,4.0,5.3052631578947365,4.0,5.0,0.9157894736842105,0.08421052631578947
discounted_lints,corr,z48_a0p5_corr_pruned_top10,0,3145,BTCUSDT,val,2000.0,-4.31182433502848,5.594939742134841,175,0.7439886899305602,True,0.635,0.154,0.35,0.65,1.0,0.995,9.0,5.0,7.257142857142857,4.0,8.0,0.8114285714285714,0.18857142857142858
discounted_lints,corr,z48_a0p5_corr_pruned_top10,0,3145,BTCUSDT,val_first,,-1.272959858451117,4.272511066329276,90,0.8476113307178456,True,,,,,,,8.5,5.0,6.988888888888889,4.0,7.75,0.8222222222222222,0.17777777777777778
discounted_lints,corr,z48_a0p5_corr_pruned_top10,0,3145,BTCUSDT,val_second,,-3.0780467764661257,4.730708785893,85,0.6149580944910296,True,,,,,,,9.0,5.0,7.541176470588235,4.0,9.0,0.8,0.2
discounted_lints,corr,z48_a0p5_corr_pruned_top10,0,3145,ETHUSDT,val,2000.0,-8.710575905253448,10.18539189712645,196,0.6404100834048214,True,0.551,0.214,0.39149999999999996,0.6085,1.0,0.995,8.0,4.0,5.622448979591836,4.0,6.0,0.9183673469387755,0.08163265306122448
discounted_lints,corr,z48_a0p5_corr_pruned_top10,0,3145,ETHUSDT,val_first,,-3.3460732581418684,5.366204083183213,101,0.695254203752396,True,,,,,,,8.0,4.0,5.663366336633663,4.0,6.0,0.900990099009901,0.09900990099009901
discounted_lints,corr,z48_a0p5_corr_pruned_top10,0,3145,ETHUSDT,val_second,,-5.550216973014466,7.409000057530923,95,0.5970342842310875,True,,,,,,,8.0,4.0,5.578947368421052,4.0,5.0,0.9368421052631579,0.06315789473684211
discounted_lints,corr,z48_a0p5_corr_pruned_top10,0,3145,SOLUSDT,val,2000.0,-7.418974602182715,10.825768866308994,180,0.7215303480266558,True,0.5275,0.197,0.36050000000000004,0.6395,1.0,0.995,8.5,4.0,5.85,4.0,6.0,0.8888888888888888,0.1111111111111111
discounted_lints,corr,z48_a0p5_corr_pruned_top10,0,3145,SOLUSDT,val_first,,-0.8928629860596393,5.7090736143045495,97,0.890219434758849,True,,,,,,,9.0,4.0,5.711340206185567,4.0,7.0,0.8969072164948454,0.10309278350515463
discounted_lints,corr,z48_a0p5_corr_pruned_top10,0,3145,SOLUSDT,val_second,,-6.584905802702301,9.275227978810175,83,0.5826073169825042,True,,,,,,,8.0,4.0,6.0120481927710845,4.0,5.0,0.8795180722891566,0.12048192771084337
discounted_lints,corr,z48_a0p5_corr_pruned_top10,0,3146,BTCUSDT,val,2000.0,-6.243306610338517,7.624239726815829,179,0.6861151059543507,True,0.6325,0.1515,0.35950000000000004,0.6405,1.0,0.995,9.0,5.0,7.044692737430168,4.0,8.0,0.8547486033519553,0.1452513966480447
discounted_lints,corr,z48_a0p5_corr_pruned_top10,0,3146,BTCUSDT,val_first,,-1.2926269797034151,3.844570622175192,94,0.8404731082439962,True,,,,,,,9.0,5.0,6.5212765957446805,4.0,7.75,0.8936170212765957,0.10638297872340426
discounted_lints,corr,z48_a0p5_corr_pruned_top10,0,3146,BTCUSDT,val_second,,-5.015511485263746,6.545464071162543,85,0.5621053773429537,True,,,,,,,9.0,5.0,7.623529411764705,4.0,8.0,0.8117647058823529,0.18823529411764706
discounted_lints,corr,z48_a0p5_corr_pruned_top10,0,3146,ETHUSDT,val,2000.0,-11.441305588431415,13.803241335545158,193,0.5724587750387403,True,0.534,0.2345,0.38749999999999996,0.6125,1.0,0.995,8.0,4.0,5.512953367875648,4.0,5.0,0.9222797927461139,0.07772020725388601
discounted_lints,corr,z48_a0p5_corr_pruned_top10,0,3146,ETHUSDT,val_first,,-3.336484709679466,7.046671974445385,99,0.7035152507083944,True,,,,,,,8.0,4.0,5.525252525252525,4.0,5.0,0.9292929292929293,0.0707070707070707
discounted_lints,corr,z48_a0p5_corr_pruned_top10,0,3146,ETHUSDT,val_second,,-8.38457080151681,11.04533756240781,94,0.4760205279903376,True,,,,,,,8.0,4.0,5.5,4.0,5.0,0.9148936170212766,0.0851063829787234
discounted_lints,corr,z48_a0p5_corr_pruned_top10,0,3146,SOLUSDT,val,2000.0,-6.036854274495895,9.94206203546496,181,0.7569505869566621,True,0.521,0.199,0.36150000000000004,0.6385,1.0,0.995,8.0,4.0,5.7569060773480665,4.0,5.0,0.8784530386740331,0.12154696132596685
discounted_lints,corr,z48_a0p5_corr_pruned_top10,0,3146,SOLUSDT,val_first,,3.357543510032146,3.248071118794338,92,1.2128772446606153,True,,,,,,,8.0,4.0,6.065217391304348,4.0,6.0,0.8586956521739131,0.14130434782608695
discounted_lints,corr,z48_a0p5_corr_pruned_top10,0,3146,SOLUSDT,val_second,,-9.089223162135418,9.866614314002586,89,0.4787449858131298,True,,,,,,,8.0,4.0,5.438202247191011,4.0,5.0,0.898876404494382,0.10112359550561797
discounted_lints,corr,z48_a0p5_corr_pruned_top10,1,3142,BTCUSDT,val,2000.0,-0.23120536451037843,4.224148277195317,124,0.9537180706063002,True,0.61,0.107,0.24950000000000006,0.7505,1.0,0.995,11.5,5.0,9.798387096774194,4.0,11.0,0.7016129032258065,0.29838709677419356
discounted_lints,corr,z48_a0p5_corr_pruned_top10,1,3142,BTCUSDT,val_first,,0.8654960800842604,3.439083656089381,69,1.0449853969475045,True,,,,,,,10.0,4.0,8.898550724637682,4.0,11.0,0.6956521739130435,0.30434782608695654
discounted_lints,corr,z48_a0p5_corr_pruned_top10,1,3142,BTCUSDT,val_second,,-1.0872909837511546,4.224148277195317,55,0.8350681597889766,True,,,,,,,12.0,6.0,10.927272727272728,4.0,11.0,0.7090909090909091,0.2909090909090909
discounted_lints,corr,z48_a0p5_corr_pruned_top10,1,3142,ETHUSDT,val,2000.0,-7.636852470035437,9.09260287139123,169,0.6590408619126085,True,0.515,0.2065,0.33799999999999997,0.662,1.0,0.995,8.0,4.0,6.094674556213017,4.0,5.0,0.893491124260355,0.10650887573964497
discounted_lints,corr,z48_a0p5_corr_pruned_top10,1,3142,ETHUSDT,val_first,,-1.4896311563170173,5.054323856316845,85,0.8122770239781898,True,,,,,,,9.0,4.0,6.070588235294117,4.0,5.0,0.8823529411764706,0.11764705882352941
discounted_lints,corr,z48_a0p5_corr_pruned_top10,1,3142,ETHUSDT,val_second,,-6.240176933529584,7.717940562316528,83,0.5347746998138315,True,,,,,,,8.0,4.0,5.963855421686747,4.0,5.0,0.9156626506024096,0.08433734939759036
discounted_lints,corr,z48_a0p5_corr_pruned_top10,1,3142,SOLUSDT,val,2000.0,-6.837511850154487,9.538862466427789,158,0.7144927982227114,True,0.494,0.2055,0.3175,0.6825,1.0,0.995,8.0,4.0,6.227848101265823,4.0,5.0,0.8670886075949367,0.13291139240506328
discounted_lints,corr,z48_a0p5_corr_pruned_top10,1,3142,SOLUSDT,val_first,,-0.16637933934563476,5.784136917194904,87,0.928837388678391,True,,,,,,,8.0,4.0,5.9655172413793105,4.0,5.0,0.8735632183908046,0.12643678160919541
discounted_lints,corr,z48_a0p5_corr_pruned_top10,1,3142,SOLUSDT,val_second,,-6.682250394869249,9.402457556283462,71,0.5443782323472109,True,,,,,,,8.0,4.0,6.549295774647887,4.0,5.0,0.8591549295774648,0.14084507042253522
discounted_lints,corr,z48_a0p5_corr_pruned_top10,1,3143,BTCUSDT,val,2000.0,-1.422521569125701,3.7814599086538614,128,0.8954494453549563,True,0.605,0.107,0.25749999999999995,0.7425,1.0,0.995,12.0,5.0,9.40625,4.0,11.25,0.703125,0.296875
discounted_lints,corr,z48_a0p5_corr_pruned_top10,1,3143,BTCUSDT,val_first,,-0.4185132529828217,3.554099445033876,76,0.9167779753340788,True,,,,,,,10.0,4.0,7.9868421052631575,4.0,10.0,0.7368421052631579,0.2631578947368421
discounted_lints,corr,z48_a0p5_corr_pruned_top10,1,3143,BTCUSDT,val_second,,-1.0082278834554148,3.7814599086538614,52,0.8669691112390979,True,,,,,,,14.5,6.0,11.48076923076923,4.0,13.75,0.6538461538461539,0.34615384615384615
discounted_lints,corr,z48_a0p5_corr_pruned_top10,1,3143,ETHUSDT,val,2000.0,-6.712945881150578,9.700772381303457,171,0.6899133452524642,True,0.5055,0.217,0.34199999999999997,0.658,1.0,0.995,8.0,4.0,5.912280701754386,4.0,5.0,0.9064327485380117,0.0935672514619883
discounted_lints,corr,z48_a0p5_corr_pruned_top10,1,3143,ETHUSDT,val_first,,-2.870575169771461,6.109092729735421,84,0.7145915828457993,True,,,,,,,9.0,4.0,6.142857142857143,4.0,6.0,0.8928571428571429,0.10714285714285714
discounted_lints,corr,z48_a0p5_corr_pruned_top10,1,3143,ETHUSDT,val_second,,-3.9559286159628337,7.146188113292995,87,0.6693398831082629,True,,,,,,,7.0,4.0,5.689655172413793,4.0,5.0,0.9195402298850575,0.08045977011494253
discounted_lints,corr,z48_a0p5_corr_pruned_top10,1,3143,SOLUSDT,val,2000.0,-5.430546188690178,9.548068143333776,162,0.7682558206241703,True,0.524,0.185,0.32399999999999995,0.676,1.0,0.995,8.0,4.0,6.469135802469136,4.0,6.0,0.8333333333333334,0.16666666666666666
discounted_lints,corr,z48_a0p5_corr_pruned_top10,1,3143,SOLUSDT,val_first,,1.410490464052816,4.761516270740884,82,1.041139953719361,True,,,,,,,10.0,4.0,6.926829268292683,4.0,7.75,0.7926829268292683,0.2073170731707317
discounted_lints,corr,z48_a0p5_corr_pruned_top10,1,3143,SOLUSDT,val_second,,-6.745886566013548,9.548068143333776,80,0.5810720674775752,True,,,,,,,8.0,4.0,6.0,4.0,5.0,0.875,0.125
discounted_lints,corr,z48_a0p5_corr_pruned_top10,1,3144,BTCUSDT,val,2000.0,-3.3402617593293216,4.657623297925717,123,0.7818249468688461,True,0.614,0.106,0.24750000000000005,0.7525,1.0,0.995,11.0,5.0,9.78048780487805,4.0,11.0,0.7235772357723578,0.2764227642276423
discounted_lints,corr,z48_a0p5_corr_pruned_top10,1,3144,BTCUSDT,val_first,,-1.3262671881895893,4.644577209179501,74,0.8246865723677993,True,,,,,,,9.0,4.0,8.0,4.0,8.75,0.7567567567567568,0.24324324324324326
discounted_lints,corr,z48_a0p5_corr_pruned_top10,1,3144,BTCUSDT,val_second,,-2.041064540429216,4.259187573469858,49,0.7131003346292859,True,,,,,,,13.0,7.0,12.46938775510204,4.0,13.0,0.673469387755102,0.32653061224489793
discounted_lints,corr,z48_a0p5_corr_pruned_top10,1,3144,ETHUSDT,val,2000.0,-6.709789561552437,9.181938419181968,170,0.6935512649350271,True,0.505,0.2045,0.3415,0.6585,1.0,0.995,8.0,4.0,5.91764705882353,4.0,5.0,0.9,0.1
discounted_lints,corr,z48_a0p5_corr_pruned_top10,1,3144,ETHUSDT,val_first,,-2.338680857285058,4.720300417217594,87,0.7510991254695915,True,,,,,,,9.0,4.0,5.735632183908046,4.0,6.0,0.896551724137931,0.10344827586206896
discounted_lints,corr,z48_a0p5_corr_pruned_top10,1,3144,ETHUSDT,val_second,,-4.475782984130872,7.053570330472758,82,0.6304199361631079,True,,,,,,,7.0,4.0,5.951219512195122,4.0,5.0,0.9146341463414634,0.08536585365853659
discounted_lints,corr,z48_a0p5_corr_pruned_top10,1,3144,SOLUSDT,val,2000.0,-5.08092630897834,9.878157258408626,167,0.7842780949891621,True,0.51,0.1935,0.3355,0.6645,1.0,0.995,8.0,4.0,6.083832335329341,4.0,6.0,0.8802395209580839,0.11976047904191617
discounted_lints,corr,z48_a0p5_corr_pruned_top10,1,3144,SOLUSDT,val_first,,0.43232665338990284,4.855308949927794,82,0.9651317051703621,True,,,,,,,10.0,4.0,6.560975609756097,4.0,7.0,0.8536585365853658,0.14634146341463414
discounted_lints,corr,z48_a0p5_corr_pruned_top10,1,3144,SOLUSDT,val_second,,-5.489520302955297,9.878157258408626,85,0.656531621242985,True,,,,,,,7.0,4.0,5.623529411764705,4.0,5.0,0.9058823529411765,0.09411764705882353
discounted_lints,corr,z48_a0p5_corr_pruned_top10,1,3145,BTCUSDT,val,2000.0,1.855589999242424,3.4324274461025928,123,1.1439980609433762,True,0.6,0.0985,0.24750000000000005,0.7525,1.0,0.995,12.0,5.0,9.544715447154472,4.0,10.0,0.7317073170731707,0.2682926829268293
discounted_lints,corr,z48_a0p5_corr_pruned_top10,1,3145,BTCUSDT,val_first,,2.7154293052833234,1.716253176978777,70,1.3805416412935536,True,,,,,,,11.0,4.5,8.32857142857143,4.0,11.5,0.7142857142857143,0.2857142857142857
discounted_lints,corr,z48_a0p5_corr_pruned_top10,1,3145,BTCUSDT,val_second,,-0.8371082240092087,3.4324274461025928,53,0.9023139501951689,True,,,,,,,12.0,5.0,11.150943396226415,4.0,9.0,0.7547169811320755,0.24528301886792453
discounted_lints,corr,z48_a0p5_corr_pruned_top10,1,3145,ETHUSDT,val,2000.0,-10.692322434821078,12.307482499123957,167,0.5770690779339466,True,0.5275,0.1985,0.3355,0.6645,1.0,0.995,8.0,4.0,6.293413173652695,4.0,6.0,0.874251497005988,0.12574850299401197
discounted_lints,corr,z48_a0p5_corr_pruned_top10,1,3145,ETHUSDT,val_first,,-2.60871985292801,6.071782512972746,85,0.7299137496820058,True,,,,,,,9.0,4.0,6.258823529411765,4.0,7.0,0.8588235294117647,0.1411764705882353
discounted_lints,corr,z48_a0p5_corr_pruned_top10,1,3145,ETHUSDT,val_second,,-8.30012971354921,10.192232852895533,81,0.4536959435379389,True,,,,,,,8.0,4.0,6.160493827160494,4.0,5.0,0.9012345679012346,0.09876543209876543
discounted_lints,corr,z48_a0p5_corr_pruned_top10,1,3145,SOLUSDT,val,2000.0,-3.842033809999923,10.47932319601963,165,0.8219756127764161,True,0.503,0.1915,0.3315,0.6685,1.0,0.995,8.0,4.0,6.072727272727272,4.0,5.0,0.8666666666666667,0.13333333333333333
discounted_lints,corr,z48_a0p5_corr_pruned_top10,1,3145,SOLUSDT,val_first,,3.2028368190271994,3.457489920125034,85,1.1947219620658047,True,,,,,,,9.0,4.0,6.152941176470589,4.0,6.0,0.8588235294117647,0.1411764705882353
discounted_lints,corr,z48_a0p5_corr_pruned_top10,1,3145,SOLUSDT,val_second,,-6.826237384715261,10.47932319601963,80,0.5912426851174621,True,,,,,,,8.0,4.0,5.9875,4.0,5.0,0.875,0.125
discounted_lints,corr,z48_a0p5_corr_pruned_top10,1,3146,BTCUSDT,val,2000.0,-0.2835848051095935,3.605961000698832,124,0.9694352147850048,True,0.6115,0.098,0.24950000000000006,0.7505,1.0,0.995,11.0,5.0,9.64516129032258,4.0,11.0,0.7096774193548387,0.2903225806451613
discounted_lints,corr,z48_a0p5_corr_pruned_top10,1,3146,BTCUSDT,val_first,,0.7229809127812459,3.391574147171428,70,1.0328960470056912,True,,,,,,,10.0,5.0,8.028571428571428,4.0,10.0,0.7285714285714285,0.2714285714285714
discounted_lints,corr,z48_a0p5_corr_pruned_top10,1,3146,BTCUSDT,val_second,,-0.9993406755529399,3.605961000698832,53,0.8583536119135082,True,,,,,,,12.0,6.0,11.11320754716981,4.0,11.0,0.6981132075471698,0.3018867924528302
discounted_lints,corr,z48_a0p5_corr_pruned_top10,1,3146,ETHUSDT,val,2000.0,-6.858158316858121,8.885096710931006,160,0.6821799146933922,True,0.521,0.203,0.3215,0.6785,1.0,0.995,8.0,4.0,6.4875,4.0,6.0,0.85625,0.14375
discounted_lints,corr,z48_a0p5_corr_pruned_top10,1,3146,ETHUSDT,val_first,,-1.3939597545863158,4.7911960153230515,82,0.8376564822224691,True,,,,,,,10.0,4.5,6.7682926829268295,4.0,7.0,0.8292682926829268,0.17073170731707318
discounted_lints,corr,z48_a0p5_corr_pruned_top10,1,3146,ETHUSDT,val_second,,-5.541444062323508,7.597036588935657,78,0.5484237012870672,True,,,,,,,8.0,4.0,6.1923076923076925,4.0,5.0,0.8846153846153846,0.11538461538461539
discounted_lints,corr,z48_a0p5_corr_pruned_top10,1,3146,SOLUSDT,val,2000.0,-7.6335983946066115,9.947628493468974,157,0.6889382880054333,True,0.4965,0.182,0.31399999999999995,0.686,1.0,0.995,8.0,4.0,6.32484076433121,4.0,5.0,0.8662420382165605,0.1337579617834395
discounted_lints,corr,z48_a0p5_corr_pruned_top10,1,3146,SOLUSDT,val_first,,-1.0178880220710007,6.55103040030709,86,0.8687445912900575,True,,,,,,,8.0,4.0,6.1976744186046515,4.0,5.75,0.8604651162790697,0.13953488372093023
discounted_lints,corr,z48_a0p5_corr_pruned_top10,1,3146,SOLUSDT,val_second,,-6.683743395989339,8.321291668760011,71,0.5369987926973208,True,,,,,,,8.0,4.0,6.47887323943662,4.0,5.0,0.8732394366197183,0.1267605633802817
discounted_lints,corr,z48_a0p5_corr_pruned_top10,2,3142,BTCUSDT,val,2000.0,-1.1924802798876644,4.903069456669762,155,0.9132466275028706,True,0.5895,0.151,0.3115,0.6885,1.0,0.995,9.0,5.0,7.425806451612903,4.0,7.0,0.7935483870967742,0.2064516129032258
discounted_lints,corr,z48_a0p5_corr_pruned_top10,2,3142,BTCUSDT,val_first,,1.1417871864414675,3.0951545879693176,84,1.0880890064791737,True,,,,,,,9.0,4.5,6.940476190476191,4.0,7.0,0.8214285714285714,0.17857142857142858
discounted_lints,corr,z48_a0p5_corr_pruned_top10,2,3142,BTCUSDT,val_second,,-2.307915977425068,4.903069456669762,71,0.7469051324807786,True,,,,,,,10.0,5.0,8.0,4.0,9.0,0.7605633802816901,0.23943661971830985
discounted_lints,corr,z48_a0p5_corr_pruned_top10,2,3142,ETHUSDT,val,2000.0,-11.738058322733702,13.380526357909172,172,0.5275090022610763,True,0.5385,0.187,0.3435,0.6565,1.0,0.995,8.0,4.0,6.261627906976744,4.0,6.0,0.872093023255814,0.12790697674418605
discounted_lints,corr,z48_a0p5_corr_pruned_top10,2,3142,ETHUSDT,val_first,,-3.281357405424956,5.664661345222511,84,0.6658019529831956,True,,,,,,,9.0,4.0,6.428571428571429,4.0,6.0,0.8452380952380952,0.15476190476190477
discounted_lints,corr,z48_a0p5_corr_pruned_top10,2,3142,ETHUSDT,val_second,,-8.74361001193692,10.441801788738825,87,0.41641210947620144,True,,,,,,,7.0,4.0,5.942528735632184,4.0,5.0,0.9080459770114943,0.09195402298850575
discounted_lints,corr,z48_a0p5_corr_pruned_top10,2,3142,SOLUSDT,val,2000.0,-4.23249341918186,8.93058634216376,162,0.8053972349007632,True,0.53,0.177,0.3255,0.6745,1.0,0.995,9.0,4.0,6.518518518518518,4.0,6.75,0.8641975308641975,0.13580246913580246
discounted_lints,corr,z48_a0p5_corr_pruned_top10,2,3142,SOLUSDT,val_first,,1.11999294753935,5.47718639721454,85,1.0299719785313024,True,,,,,,,9.5,4.0,6.635294117647059,4.0,8.0,0.8235294117647058,0.17647058823529413
discounted_lints,corr,z48_a0p5_corr_pruned_top10,2,3142,SOLUSDT,val_second,,-5.293202867901758,8.93058634216376,77,0.6093177101995306,True,,,,,,,8.0,4.0,6.3896103896103895,4.0,5.0,0.9090909090909091,0.09090909090909091
discounted_lints,corr,z48_a0p5_corr_pruned_top10,2,3143,BTCUSDT,val,2000.0,-1.3099631156288205,3.8210344553750497,154,0.8972498678776659,True,0.5945,0.137,0.3095,0.6905,1.0,0.995,9.5,4.0,7.688311688311688,4.0,8.75,0.7662337662337663,0.23376623376623376
discounted_lints,corr,z48_a0p5_corr_pruned_top10,2,3143,BTCUSDT,val_first,,0.2999956038904683,3.5909458664052596,81,0.9962101245752712,True,,,,,,,8.0,4.0,7.444444444444445,4.0,7.0,0.7901234567901234,0.20987654320987653
discounted_lints,corr,z48_a0p5_corr_pruned_top10,2,3143,BTCUSDT,val_second,,-1.6051433600031362,3.8210344553750497,73,0.7848116611487417,True,,,,,,,11.0,4.0,7.958904109589041,4.0,10.0,0.7397260273972602,0.2602739726027397
discounted_lints,corr,z48_a0p5_corr_pruned_top10,2,3143,ETHUSDT,val,2000.0,-10.292412354218715,12.846796681476691,173,0.6009922765083757,True,0.5365,0.193,0.346,0.654,1.0,0.995,8.0,4.0,6.202312138728324,4.0,6.0,0.9017341040462428,0.09826589595375723
discounted_lints,corr,z48_a0p5_corr_pruned_top10,2,3143,ETHUSDT,val_first,,-2.986987986122469,5.63824406984298,82,0.719808929446497,True,,,,,,,10.0,4.0,6.7560975609756095,4.0,7.75,0.8658536585365854,0.13414634146341464
discounted_lints,corr,z48_a0p5_corr_pruned_top10,2,3143,ETHUSDT,val_second,,-7.530355172408432,10.31995833757058,91,0.5152326522967665,True,,,,,,,7.5,4.0,5.7032967032967035,4.0,5.0,0.9340659340659341,0.06593406593406594
discounted_lints,corr,z48_a0p5_corr_pruned_top10,2,3143,SOLUSDT,val,2000.0,-10.439689529755015,12.752855869182888,168,0.5951562573132118,True,0.5215,0.192,0.3365,0.6635,1.0,0.995,8.0,4.0,6.196428571428571,4.0,6.0,0.8571428571428571,0.14285714285714285
discounted_lints,corr,z48_a0p5_corr_pruned_top10,2,3143,SOLUSDT,val_first,,-0.1260996509000356,3.134114652544484,86,0.9413016375229994,True,,,,,,,9.0,4.0,6.395348837209302,4.0,7.0,0.8372093023255814,0.16279069767441862
discounted_lints,corr,z48_a0p5_corr_pruned_top10,2,3143,SOLUSDT,val_second,,-10.326611700158683,12.752855869182888,82,0.4076043869743236,True,,,,,,,7.5,4.0,5.987804878048781,4.0,5.0,0.8780487804878049,0.12195121951219512
discounted_lints,corr,z48_a0p5_corr_pruned_top10,2,3144,BTCUSDT,val,2000.0,-4.690953779432538,6.113553562471175,150,0.7214091367191885,True,0.6165,0.129,0.3015,0.6985,1.0,0.995,9.0,5.0,8.04,4.0,7.0,0.8,0.2
discounted_lints,corr,z48_a0p5_corr_pruned_top10,2,3144,BTCUSDT,val_first,,-1.4558666541111043,4.213507338539602,83,0.8124279898964697,True,,,,,,,8.5,4.0,7.469879518072289,4.0,7.0,0.7831325301204819,0.21686746987951808
discounted_lints,corr,z48_a0p5_corr_pruned_top10,2,3144,BTCUSDT,val_second,,-3.2828815024089852,5.08605443791208,67,0.6157214156384071,True,,,,,,,10.0,5.0,8.746268656716419,4.0,7.0,0.8208955223880597,0.1791044776119403
discounted_lints,corr,z48_a0p5_corr_pruned_top10,2,3144,ETHUSDT,val,2000.0,-7.830754805953566,10.28998679601505,172,0.6650601040879265,True,0.534,0.2105,0.344,0.656,1.0,0.995,8.0,4.0,6.209302325581396,4.0,5.0,0.872093023255814,0.12790697674418605
discounted_lints,corr,z48_a0p5_corr_pruned_top10,2,3144,ETHUSDT,val_first,,-2.3468933548638105,5.525780861595586,92,0.7826519436543639,True,,,,,,,9.0,4.0,5.978260869565218,4.0,5.0,0.8586956521739131,0.14130434782608695
discounted_lints,corr,z48_a0p5_corr_pruned_top10,2,3144,ETHUSDT,val_second,,-5.615654882355847,8.21260381607315,80,0.5531287651098409,True,,,,,,,8.0,4.0,6.475,4.0,5.25,0.8875,0.1125
discounted_lints,corr,z48_a0p5_corr_pruned_top10,2,3144,SOLUSDT,val,2000.0,-8.423050164833256,10.389026427799186,170,0.682668837224698,True,0.5165,0.1945,0.34099999999999997,0.659,1.0,0.995,8.0,4.0,6.0588235294117645,4.0,5.75,0.8823529411764706,0.11764705882352941
discounted_lints,corr,z48_a0p5_corr_pruned_top10,2,3144,SOLUSDT,val_first,,-1.8569848982068593,5.297259143055655,85,0.8181626754497252,True,,,,,,,9.0,4.0,6.588235294117647,4.0,7.0,0.8470588235294118,0.15294117647058825
discounted_lints,corr,z48_a0p5_corr_pruned_top10,2,3144,SOLUSDT,val_second,,-6.6903031864428915,9.638289188269011,85,0.5684558128992726,True,,,,,,,7.0,4.0,5.529411764705882,4.0,5.0,0.9176470588235294,0.08235294117647059
discounted_lints,corr,z48_a0p5_corr_pruned_top10,2,3145,BTCUSDT,val,2000.0,-4.0394376957511025,6.401473892154074,155,0.7653416772836026,True,0.5965,0.14,0.3115,0.6885,1.0,0.995,10.0,5.0,7.548387096774194,4.0,8.0,0.8,0.2
discounted_lints,corr,z48_a0p5_corr_pruned_top10,2,3145,BTCUSDT,val_first,,0.4705293061680438,2.7130373942849006,80,1.0310692156325836,True,,,,,,,9.0,4.0,7.2375,4.0,7.0,0.825,0.175
discounted_lints,corr,z48_a0p5_corr_pruned_top10,2,3145,BTCUSDT,val_second,,-4.488845667544695,6.209459736160183,75,0.5551779992038506,True,,,,,,,10.0,5.0,7.88,4.0,8.0,0.7733333333333333,0.22666666666666666
discounted_lints,corr,z48_a0p5_corr_pruned_top10,2,3145,ETHUSDT,val,2000.0,-10.878568354662676,13.959800833961722,174,0.5577522762096966,True,0.5185,0.214,0.348,0.652,1.0,0.995,8.0,4.0,5.959770114942529,4.0,6.0,0.896551724137931,0.10344827586206896
discounted_lints,corr,z48_a0p5_corr_pruned_top10,2,3145,ETHUSDT,val_first,,-1.3406809737226077,4.224698786489,89,0.8390412921252552,True,,,,,,,9.0,4.0,5.876404494382022,4.0,6.0,0.9101123595505618,0.0898876404494382
discounted_lints,corr,z48_a0p5_corr_pruned_top10,2,3145,ETHUSDT,val_second,,-9.667497683011273,12.79060101446483,85,0.389160416683602,True,,,,,,,8.0,4.0,6.047058823529412,4.0,5.0,0.8823529411764706,0.11764705882352941
discounted_lints,corr,z48_a0p5_corr_pruned_top10,2,3145,SOLUSDT,val,2000.0,-10.676116522103907,12.698258205384771,154,0.6238661293225746,True,0.4945,0.1645,0.3095,0.6905,1.0,0.995,9.0,4.0,6.396103896103896,4.0,5.0,0.8506493506493507,0.14935064935064934
discounted_lints,corr,z48_a0p5_corr_pruned_top10,2,3145,SOLUSDT,val_first,,-1.0761249003175433,6.223858563162321,80,0.8627089393128637,True,,,,,,,9.0,4.0,6.3875,4.0,6.0,0.85,0.15
discounted_lints,corr,z48_a0p5_corr_pruned_top10,2,3145,SOLUSDT,val_second,,-9.704423337756197,12.284520741565375,74,0.4294921269808087,True,,,,,,,8.5,4.0,6.405405405405405,4.0,5.0,0.8513513513513513,0.14864864864864866
discounted_lints,corr,z48_a0p5_corr_pruned_top10,2,3146,BTCUSDT,val,2000.0,-5.08891131829623,6.238523955267117,157,0.7062470607406394,True,0.5885,0.1345,0.3155,0.6845,1.0,0.995,10.0,5.0,7.401273885350318,4.0,7.0,0.802547770700637,0.19745222929936307
discounted_lints,corr,z48_a0p5_corr_pruned_top10,2,3146,BTCUSDT,val_first,,-1.7966355258599687,3.9544072449552825,88,0.7861676327933597,True,,,,,,,9.0,4.0,6.545454545454546,4.0,7.0,0.8181818181818182,0.18181818181818182
discounted_lints,corr,z48_a0p5_corr_pruned_top10,2,3146,BTCUSDT,val_second,,-3.3525081447725924,4.702739867627425,69,0.6094387768818442,True,,,,,,,12.0,5.0,8.492753623188406,4.0,8.0,0.782608695652174,0.21739130434782608
discounted_lints,corr,z48_a0p5_corr_pruned_top10,2,3146,ETHUSDT,val,2000.0,-12.04056267131941,14.236429922827654,172,0.5612485725149049,True,0.51,0.2075,0.344,0.656,1.0,0.995,8.0,4.0,5.930232558139535,4.0,6.0,0.877906976744186,0.12209302325581395
discounted_lints,corr,z48_a0p5_corr_pruned_top10,2,3146,ETHUSDT,val_first,,-1.9217033018284146,5.259805097029058,85,0.804842226674637,True,,,,,,,9.0,4.0,6.070588235294117,4.0,6.0,0.8352941176470589,0.16470588235294117
discounted_lints,corr,z48_a0p5_corr_pruned_top10,2,3146,ETHUSDT,val_second,,-10.317123879741718,12.556015994952363,87,0.40256558819882793,True,,,,,,,8.0,4.0,5.793103448275862,4.0,5.0,0.9195402298850575,0.08045977011494253
discounted_lints,corr,z48_a0p5_corr_pruned_top10,2,3146,SOLUSDT,val,2000.0,-9.250776815559792,10.99263709979823,166,0.6477498552943466,True,0.5155,0.1875,0.3335,0.6665,1.0,0.995,8.0,4.0,6.186746987951807,4.0,5.0,0.8674698795180723,0.13253012048192772
discounted_lints,corr,z48_a0p5_corr_pruned_top10,2,3146,SOLUSDT,val_first,,-0.32225850534990386,5.491336797073054,84,0.922007132909802,True,,,,,,,9.0,4.0,6.642857142857143,4.0,7.0,0.8214285714285714,0.17857142857142858
discounted_lints,corr,z48_a0p5_corr_pruned_top10,2,3146,SOLUSDT,val_second,,-8.957384242789146,10.662290457196333,82,0.4563315450584247,True,,,,,,,7.0,4.0,5.719512195121951,4.0,5.0,0.9146341463414634,0.08536585365853659
discounted_lints,corr,z48_a0p5_corr_pruned_top10,3,3142,BTCUSDT,val,2000.0,2.8939203350525577,2.4547377035822326,93,1.2404839371883385,True,0.593,0.0615,0.1875,0.8125,1.0,0.995,16.0,8.0,12.505376344086022,4.0,17.0,0.6021505376344086,0.3978494623655914
discounted_lints,corr,z48_a0p5_corr_pruned_top10,3,3142,BTCUSDT,val_first,,2.219288971401512,2.0718338595001495,53,1.2738961353833245,True,,,,,,,14.0,8.0,11.18867924528302,4.0,17.0,0.5849056603773585,0.41509433962264153
discounted_lints,corr,z48_a0p5_corr_pruned_top10,3,3142,BTCUSDT,val_second,,0.6599844025913626,2.4547377035822326,40,1.1933768836081426,True,,,,,,,20.0,7.5,14.25,4.0,20.25,0.625,0.375
discounted_lints,corr,z48_a0p5_corr_pruned_top10,3,3142,ETHUSDT,val,2000.0,-5.754757418348266,7.730806504185061,148,0.7012321518200234,True,0.4845,0.1785,0.2975,0.7025,1.0,0.995,9.0,4.0,6.52027027027027,4.0,6.0,0.8648648648648649,0.13513513513513514
discounted_lints,corr,z48_a0p5_corr_pruned_top10,3,3142,ETHUSDT,val_first,,-0.4877425003933289,3.834945757979158,73,0.8824665875649663,True,,,,,,,9.0,4.0,6.410958904109589,4.0,6.0,0.863013698630137,0.136986301369863
discounted_lints,corr,z48_a0p5_corr_pruned_top10,3,3142,ETHUSDT,val_second,,-5.292830300805662,7.324867423817139,74,0.5721666956011919,True,,,,,,,8.0,4.0,6.445945945945946,4.0,5.0,0.8783783783783784,0.12162162162162163
discounted_lints,corr,z48_a0p5_corr_pruned_top10,3,3142,SOLUSDT,val,2000.0,-10.449813251187035,13.078128019605783,161,0.6088799586644055,True,0.515,0.1775,0.32299999999999995,0.677,1.0,0.995,8.0,4.0,6.37888198757764,4.0,6.0,0.8571428571428571,0.14285714285714285
discounted_lints,corr,z48_a0p5_corr_pruned_top10,3,3142,SOLUSDT,val_first,,-2.1075169034964203,6.946726948702652,83,0.786086359976532,True,,,,,,,9.0,4.0,6.518072289156627,4.0,7.0,0.8433734939759037,0.1566265060240964
discounted_lints,corr,z48_a0p5_corr_pruned_top10,3,3142,SOLUSDT,val_second,,-8.521896762457937,11.703507306549344,78,0.4826610858822139,True,,,,,,,7.0,4.0,6.230769230769231,4.0,5.0,0.8717948717948718,0.1282051282051282
discounted_lints,corr,z48_a0p5_corr_pruned_top10,3,3143,BTCUSDT,val,2000.0,2.0852587484986085,2.627502789194669,93,1.1765485756309186,True,0.606,0.0625,0.1875,0.8125,1.0,0.995,17.0,7.0,12.78494623655914,4.0,18.0,0.5698924731182796,0.43010752688172044
discounted_lints,corr,z48_a0p5_corr_pruned_top10,3,3143,BTCUSDT,val_first,,1.9189719861781862,2.0376538090955965,55,1.2573684030872534,True,,,,,,,12.5,7.0,10.781818181818181,4.0,16.0,0.5818181818181818,0.41818181818181815
discounted_lints,corr,z48_a0p5_corr_pruned_top10,3,3143,BTCUSDT,val_second,,0.16315584731660948,2.627502789194669,38,1.0784743087987954,True,,,,,,,23.5,8.0,15.68421052631579,4.25,23.75,0.5526315789473685,0.4473684210526316
discounted_lints,corr,z48_a0p5_corr_pruned_top10,3,3143,ETHUSDT,val,2000.0,-6.504133906057453,9.247459105602584,148,0.6744409512122712,True,0.4935,0.1685,0.29600000000000004,0.704,1.0,0.995,9.0,4.0,6.668918918918919,4.0,6.0,0.8513513513513513,0.14864864864864866
discounted_lints,corr,z48_a0p5_corr_pruned_top10,3,3143,ETHUSDT,val_first,,-1.2723363664498888,5.012365997192669,72,0.8074960783760893,True,,,,,,,10.0,4.0,6.666666666666667,4.0,7.0,0.8472222222222222,0.1527777777777778
discounted_lints,corr,z48_a0p5_corr_pruned_top10,3,3143,ETHUSDT,val_second,,-5.299221461399661,8.077900808788673,75,0.5712352446147778,True,,,,,,,8.0,4.0,6.493333333333333,4.0,5.5,0.8666666666666667,0.13333333333333333
discounted_lints,corr,z48_a0p5_corr_pruned_top10,3,3143,SOLUSDT,val,2000.0,-5.363497188038846,9.779164106475102,168,0.7622860978100802,True,0.498,0.2035,0.3365,0.6635,1.0,0.995,8.0,4.0,5.916666666666667,4.0,5.0,0.875,0.125
discounted_lints,corr,z48_a0p5_corr_pruned_top10,3,3143,SOLUSDT,val_first,,0.4584298079323368,4.648775015128681,88,0.9696551366573819,True,,,,,,,9.0,4.0,6.068181818181818,4.0,6.0,0.875,0.125
discounted_lints,corr,z48_a0p5_corr_pruned_top10,3,3143,SOLUSDT,val_second,,-5.795359341273986,9.779164106475102,80,0.6161487231678593,True,,,,,,,7.5,4.0,5.75,4.0,5.0,0.875,0.125
discounted_lints,corr,z48_a0p5_corr_pruned_top10,3,3144,BTCUSDT,val,2000.0,2.455147001009639,2.665923051738539,92,1.1982643013754357,True,0.605,0.056,0.1855,0.8145,1.0,0.995,16.5,7.0,12.902173913043478,4.0,17.25,0.6195652173913043,0.3804347826086957
discounted_lints,corr,z48_a0p5_corr_pruned_top10,3,3144,BTCUSDT,val_first,,2.0368537457547964,2.406411690099741,54,1.2461671959981955,True,,,,,,,11.0,7.0,11.11111111111111,4.0,14.75,0.6481481481481481,0.35185185185185186
discounted_lints,corr,z48_a0p5_corr_pruned_top10,3,3144,BTCUSDT,val_second,,0.40994330959782666,2.665923051738539,38,1.1351194676562057,True,,,,,,,23.5,8.0,15.447368421052632,4.25,22.5,0.5789473684210527,0.42105263157894735
discounted_lints,corr,z48_a0p5_corr_pruned_top10,3,3144,ETHUSDT,val,2000.0,-7.232216108867595,9.406801331500446,148,0.6368692186370043,True,0.483,0.1785,0.29600000000000004,0.704,1.0,0.995,9.0,4.0,6.527027027027027,4.0,6.0,0.8445945945945946,0.1554054054054054
discounted_lints,corr,z48_a0p5_corr_pruned_top10,3,3144,ETHUSDT,val_first,,-0.924322507756481,4.729872544700853,71,0.8613256818131233,True,,,,,,,10.0,4.0,6.859154929577465,4.0,6.5,0.8169014084507042,0.18309859154929578
discounted_lints,corr,z48_a0p5_corr_pruned_top10,3,3144,ETHUSDT,val_second,,-6.366742838175332,8.561615765290176,77,0.48061076679079506,True,,,,,,,8.0,4.0,6.220779220779221,4.0,5.0,0.8701298701298701,0.12987012987012986
discounted_lints,corr,z48_a0p5_corr_pruned_top10,3,3144,SOLUSDT,val,2000.0,-6.80412234753115,10.048048444969716,155,0.7195471934175112,True,0.4835,0.183,0.3115,0.6885,1.0,0.995,8.0,4.0,6.212903225806452,4.0,5.5,0.8580645161290322,0.14193548387096774
discounted_lints,corr,z48_a0p5_corr_pruned_top10,3,3144,SOLUSDT,val_first,,0.03207211087827844,4.100073356589872,84,0.9408892947207051,True,,,,,,,9.0,4.0,6.2023809523809526,4.0,6.0,0.8571428571428571,0.14285714285714285
discounted_lints,corr,z48_a0p5_corr_pruned_top10,3,3144,SOLUSDT,val_second,,-6.834002649502269,10.048048444969716,71,0.5667126045228027,True,,,,,,,8.0,4.0,6.225352112676056,4.0,5.0,0.8591549295774648,0.14084507042253522
discounted_lints,corr,z48_a0p5_corr_pruned_top10,3,3145,BTCUSDT,val,2000.0,1.4598992941262656,2.8766302215156414,98,1.111965859930748,True,0.579,0.0655,0.1975,0.8025,1.0,0.995,15.0,7.0,11.581632653061224,4.0,16.0,0.6224489795918368,0.37755102040816324
discounted_lints,corr,z48_a0p5_corr_pruned_top10,3,3145,BTCUSDT,val_first,,1.1968763513106717,2.515651024774168,57,1.1157248434261071,True,,,,,,,13.0,7.0,9.964912280701755,4.0,15.0,0.6140350877192983,0.38596491228070173
discounted_lints,corr,z48_a0p5_corr_pruned_top10,3,3145,BTCUSDT,val_second,,0.25991211616305243,2.8766302215156414,41,1.1062574152037812,True,,,,,,,19.0,7.0,13.829268292682928,4.0,21.0,0.6341463414634146,0.36585365853658536
discounted_lints,corr,z48_a0p5_corr_pruned_top10,3,3145,ETHUSDT,val,2000.0,-7.6394368774090555,9.782444543961633,151,0.629844302972127,True,0.5,0.1775,0.30200000000000005,0.698,1.0,0.995,9.0,4.0,6.622516556291391,4.0,6.0,0.8410596026490066,0.15894039735099338
discounted_lints,corr,z48_a0p5_corr_pruned_top10,3,3145,ETHUSDT,val_first,,-1.0172164883511248,4.422243735176535,74,0.8337100181421376,True,,,,,,,10.0,4.0,6.527027027027027,4.0,6.0,0.8378378378378378,0.16216216216216217
discounted_lints,corr,z48_a0p5_corr_pruned_top10,3,3145,ETHUSDT,val_second,,-6.690274969160259,8.900821066857079,76,0.48423225854540586,True,,,,,,,8.0,4.0,6.5394736842105265,4.0,6.0,0.8552631578947368,0.14473684210526316
discounted_lints,corr,z48_a0p5_corr_pruned_top10,3,3145,SOLUSDT,val,2000.0,-8.643976218938832,11.689942170467182,153,0.6593710102612276,True,0.512,0.1645,0.30700000000000005,0.693,1.0,0.995,9.0,4.0,6.673202614379085,4.0,6.0,0.8496732026143791,0.1503267973856209
discounted_lints,corr,z48_a0p5_corr_pruned_top10,3,3145,SOLUSDT,val_first,,-0.6583836975402324,5.48132948765393,79,0.8809844825642059,True,,,,,,,10.0,4.0,6.949367088607595,4.0,8.0,0.8354430379746836,0.16455696202531644
discounted_lints,corr,z48_a0p5_corr_pruned_top10,3,3145,SOLUSDT,val_second,,-8.038516805570506,11.635771117677585,74,0.49893010805691523,True,,,,,,,8.0,4.0,6.378378378378378,4.0,5.0,0.8648648648648649,0.13513513513513514
discounted_lints,corr,z48_a0p5_corr_pruned_top10,3,3146,BTCUSDT,val,2000.0,2.4603521382601024,3.032807295545481,98,1.2062395413313065,True,0.5935,0.0695,0.1975,0.8025,1.0,0.995,15.0,7.0,11.877551020408163,4.0,16.75,0.6224489795918368,0.37755102040816324
discounted_lints,corr,z48_a0p5_corr_pruned_top10,3,3146,BTCUSDT,val_first,,2.4460842149192974,2.391108145135379,58,1.3302857203333198,True,,,,,,,13.0,6.5,10.206896551724139,4.0,14.0,0.6206896551724138,0.3793103448275862
discounted_lints,corr,z48_a0p5_corr_pruned_top10,3,3146,BTCUSDT,val_second,,0.013927251051271128,3.032807295545481,40,1.051288907849429,True,,,,,,,18.5,7.0,14.3,4.0,21.5,0.625,0.375
discounted_lints,corr,z48_a0p5_corr_pruned_top10,3,3146,ETHUSDT,val,2000.0,-6.595396519707464,9.708794658254972,149,0.6723140308823639,True,0.486,0.1745,0.29800000000000004,0.702,1.0,0.995,9.0,4.0,6.523489932885906,4.0,5.0,0.8456375838926175,0.15436241610738255
discounted_lints,corr,z48_a0p5_corr_pruned_top10,3,3146,ETHUSDT,val_first,,-0.9880941506417273,3.969274062259842,71,0.8251809414011081,True,,,,,,,10.0,4.0,6.676056338028169,4.0,5.5,0.8169014084507042,0.18309859154929578
discounted_lints,corr,z48_a0p5_corr_pruned_top10,3,3146,ETHUSDT,val_second,,-5.663260716945462,8.853268304538542,77,0.5716837385800639,True,,,,,,,8.0,4.0,6.207792207792208,4.0,5.0,0.8831168831168831,0.11688311688311688
discounted_lints,corr,z48_a0p5_corr_pruned_top10,3,3146,SOLUSDT,val,2000.0,-10.705271634633684,13.49611083320732,159,0.6194932139122821,True,0.4935,0.1875,0.31899999999999995,0.681,1.0,0.995,8.0,4.0,6.188679245283019,4.0,5.5,0.8616352201257862,0.13836477987421383
discounted_lints,corr,z48_a0p5_corr_pruned_top10,3,3146,SOLUSDT,val_first,,-2.316585053312603,6.5166361930783845,85,0.7819690639125063,True,,,,,,,9.0,4.0,6.270588235294118,4.0,6.0,0.8470588235294118,0.15294117647058825
discounted_lints,corr,z48_a0p5_corr_pruned_top10,3,3146,SOLUSDT,val_second,,-8.587626247402769,11.85207505632022,74,0.49998496303921547,True,,,,,,,8.0,4.0,6.094594594594595,4.0,5.0,0.8783783783783784,0.12162162162162163
discounted_lints,corr,z48_a0p5_corr_pruned_top10,4,3142,BTCUSDT,val,2000.0,-0.9694472100201468,3.767560181783136,140,0.9279585176672541,True,0.579,0.132,0.2815,0.7185,1.0,0.995,10.0,4.0,8.228571428571428,4.0,9.25,0.75,0.25
discounted_lints,corr,z48_a0p5_corr_pruned_top10,4,3142,BTCUSDT,val_first,,0.8754870375869972,2.9682391423483945,76,1.0827443586767354,True,,,,,,,9.0,4.0,7.723684210526316,4.0,10.0,0.7236842105263158,0.27631578947368424
discounted_lints,corr,z48_a0p5_corr_pruned_top10,4,3142,BTCUSDT,val_second,,-1.828922270203981,3.767560181783136,64,0.7682612811795152,True,,,,,,,11.5,5.0,8.828125,4.0,9.0,0.78125,0.21875
discounted_lints,corr,z48_a0p5_corr_pruned_top10,4,3142,ETHUSDT,val,2000.0,-8.15415045251805,10.409270031337925,178,0.6578715871250812,True,0.5105,0.2325,0.35750000000000004,0.6425,1.0,0.995,8.0,4.0,5.713483146067416,4.0,5.0,0.9157303370786517,0.08426966292134831
discounted_lints,corr,z48_a0p5_corr_pruned_top10,4,3142,ETHUSDT,val_first,,-0.7909995493891375,4.391734122754887,87,0.8650941381470215,True,,,,,,,9.0,4.0,5.655172413793103,4.0,5.0,0.896551724137931,0.10344827586206896
discounted_lints,corr,z48_a0p5_corr_pruned_top10,4,3142,ETHUSDT,val_second,,-7.4218577646032236,9.694957552502547,90,0.5198214581276294,True,,,,,,,7.0,4.0,5.622222222222222,4.0,5.0,0.9444444444444444,0.05555555555555555
discounted_lints,corr,z48_a0p5_corr_pruned_top10,4,3142,SOLUSDT,val,2000.0,-5.357186745664477,10.370531467719069,159,0.753026776576793,True,0.476,0.195,0.3195,0.6805,1.0,0.995,8.0,4.0,5.962264150943396,4.0,6.0,0.8742138364779874,0.12578616352201258
discounted_lints,corr,z48_a0p5_corr_pruned_top10,4,3142,SOLUSDT,val_first,,1.0274279259164354,3.834739592480252,83,1.0301087957308275,True,,,,,,,10.0,4.0,6.144578313253012,4.0,6.0,0.8554216867469879,0.14457831325301204
discounted_lints,corr,z48_a0p5_corr_pruned_top10,4,3142,SOLUSDT,val_second,,-6.319684468521524,10.370531467719069,76,0.5567012542786168,True,,,,,,,7.0,4.0,5.7631578947368425,4.0,5.0,0.8947368421052632,0.10526315789473684
discounted_lints,corr,z48_a0p5_corr_pruned_top10,4,3143,BTCUSDT,val,2000.0,-0.9034406473549139,4.550448169353216,129,0.9251784328107491,True,0.602,0.104,0.25949999999999995,0.7405,1.0,0.995,12.0,5.0,9.286821705426357,4.0,11.0,0.7131782945736435,0.2868217054263566
discounted_lints,corr,z48_a0p5_corr_pruned_top10,4,3143,BTCUSDT,val_first,,0.30666982115814534,4.550448169353216,72,1.005756234764998,True,,,,,,,10.0,5.0,8.458333333333334,4.0,8.5,0.75,0.25
discounted_lints,corr,z48_a0p5_corr_pruned_top10,4,3143,BTCUSDT,val_second,,-1.2064107707599248,3.265552779378156,56,0.8042204790184057,True,,,,,,,14.0,6.0,10.321428571428571,4.0,12.5,0.6785714285714286,0.32142857142857145
discounted_lints,corr,z48_a0p5_corr_pruned_top10,4,3143,ETHUSDT,val,2000.0,-10.371610557445576,12.78170418640956,182,0.5872378724912727,True,0.519,0.2335,0.364,0.636,1.0,0.995,8.0,4.0,5.7032967032967035,4.0,5.0,0.9120879120879121,0.08791208791208792
discounted_lints,corr,z48_a0p5_corr_pruned_top10,4,3143,ETHUSDT,val_first,,-3.881163244680441,6.387650717254023,92,0.6481983938657252,True,,,,,,,9.0,4.0,5.782608695652174,4.0,6.0,0.8804347826086957,0.11956521739130435
discounted_lints,corr,z48_a0p5_corr_pruned_top10,4,3143,ETHUSDT,val_second,,-6.752523783956366,9.259934100520173,90,0.5415982037992579,True,,,,,,,7.0,4.0,5.622222222222222,4.0,5.0,0.9444444444444444,0.05555555555555555
discounted_lints,corr,z48_a0p5_corr_pruned_top10,4,3143,SOLUSDT,val,2000.0,-7.147251077730676,9.598458405567168,165,0.7064236142646995,True,0.482,0.2025,0.32999999999999996,0.67,1.0,0.995,8.0,4.0,5.842424242424243,4.0,6.0,0.8727272727272727,0.12727272727272726
discounted_lints,corr,z48_a0p5_corr_pruned_top10,4,3143,SOLUSDT,val_first,,-2.826861461669461,6.251211529013734,82,0.757986469103831,True,,,,,,,10.0,4.0,6.353658536585366,4.0,6.75,0.8292682926829268,0.17073170731707318
discounted_lints,corr,z48_a0p5_corr_pruned_top10,4,3143,SOLUSDT,val_second,,-4.4460739676088545,8.881655869328341,83,0.6549644867921919,True,,,,,,,7.0,4.0,5.337349397590361,4.0,5.0,0.9156626506024096,0.08433734939759036
discounted_lints,corr,z48_a0p5_corr_pruned_top10,4,3144,BTCUSDT,val,2000.0,1.1276687699917964,3.4368077304664846,133,1.0509991899596793,True,0.6215,0.115,0.26749999999999996,0.7325,1.0,0.995,11.0,5.0,9.308270676691729,4.0,10.0,0.7293233082706767,0.2706766917293233
discounted_lints,corr,z48_a0p5_corr_pruned_top10,4,3144,BTCUSDT,val_first,,1.7040204679160231,3.4368077304664846,77,1.1494346143595984,True,,,,,,,9.5,4.0,8.155844155844155,4.0,8.0,0.7662337662337663,0.23376623376623376
discounted_lints,corr,z48_a0p5_corr_pruned_top10,4,3144,BTCUSDT,val_second,,-0.5666950974726137,2.9581875010153302,56,0.9084298350633373,True,,,,,,,13.5,6.0,10.892857142857142,4.75,11.5,0.6785714285714286,0.32142857142857145
discounted_lints,corr,z48_a0p5_corr_pruned_top10,4,3144,ETHUSDT,val,2000.0,-7.120493569912767,10.891841221434584,171,0.6933152688619512,True,0.537,0.1925,0.34199999999999997,0.658,1.0,0.995,9.0,4.0,6.280701754385965,4.0,6.0,0.8830409356725146,0.11695906432748537
discounted_lints,corr,z48_a0p5_corr_pruned_top10,4,3144,ETHUSDT,val_first,,0.38570220560643076,3.6267064116935366,87,0.9680423912190094,True,,,,,,,9.0,4.0,6.114942528735632,4.0,7.0,0.8735632183908046,0.12643678160919541
discounted_lints,corr,z48_a0p5_corr_pruned_top10,4,3144,ETHUSDT,val_second,,-7.477355450625101,10.486311467352294,83,0.5202514032330345,True,,,,,,,7.0,4.0,6.289156626506024,4.0,5.0,0.9036144578313253,0.0963855421686747
discounted_lints,corr,z48_a0p5_corr_pruned_top10,4,3144,SOLUSDT,val,2000.0,-6.48178494705679,9.858740581059255,166,0.7243196383655759,True,0.4935,0.203,0.3315,0.6685,1.0,0.995,8.0,4.0,5.945783132530121,4.0,5.0,0.8614457831325302,0.13855421686746988
discounted_lints,corr,z48_a0p5_corr_pruned_top10,4,3144,SOLUSDT,val_first,,-0.29201420002644696,4.6469133822882425,83,0.9234261978348727,True,,,,,,,10.0,4.0,6.457831325301205,4.0,7.0,0.8192771084337349,0.18072289156626506
discounted_lints,corr,z48_a0p5_corr_pruned_top10,4,3144,SOLUSDT,val_second,,-6.207898692736402,8.983765621511196,83,0.5837239479821187,True,,,,,,,7.0,4.0,5.433734939759036,4.0,4.5,0.9036144578313253,0.0963855421686747
discounted_lints,corr,z48_a0p5_corr_pruned_top10,4,3145,BTCUSDT,val,2000.0,-0.6995976250111391,3.4385565826935083,139,0.9424256123555532,True,0.598,0.1295,0.27949999999999997,0.7205,1.0,0.995,11.0,5.0,8.56115107913669,4.0,8.0,0.7913669064748201,0.20863309352517986
discounted_lints,corr,z48_a0p5_corr_pruned_top10,4,3145,BTCUSDT,val_first,,0.6259531416831443,3.4385565826935083,74,1.0383796199093154,True,,,,,,,10.0,4.0,7.675675675675675,4.0,8.0,0.7837837837837838,0.21621621621621623
discounted_lints,corr,z48_a0p5_corr_pruned_top10,4,3145,BTCUSDT,val_second,,-1.3173050543212161,3.3891543013957137,64,0.8520059160765465,True,,,,,,,12.0,5.0,9.078125,4.0,8.0,0.8125,0.1875
discounted_lints,corr,z48_a0p5_corr_pruned_top10,4,3145,ETHUSDT,val,2000.0,-10.64707259396167,13.901215673733757,173,0.5750490281629876,True,0.5125,0.2255,0.346,0.654,1.0,0.995,8.0,4.0,5.92485549132948,4.0,5.0,0.8901734104046243,0.10982658959537572
discounted_lints,corr,z48_a0p5_corr_pruned_top10,4,3145,ETHUSDT,val_first,,-4.067446466492431,6.518932156779888,86,0.638123687749786,True,,,,,,,9.0,4.0,5.988372093023256,4.0,5.0,0.872093023255814,0.12790697674418605
discounted_lints,corr,z48_a0p5_corr_pruned_top10,4,3145,ETHUSDT,val_second,,-6.8585958416827575,10.250711406119938,86,0.5101713177931722,True,,,,,,,8.0,4.0,5.6976744186046515,4.0,5.0,0.9186046511627907,0.08139534883720931
discounted_lints,corr,z48_a0p5_corr_pruned_top10,4,3145,SOLUSDT,val,2000.0,-7.420473493305179,10.302491945692616,160,0.6968059101541726,True,0.5065,0.1795,0.3215,0.6785,1.0,0.995,8.0,4.0,6.30625,4.0,6.0,0.86875,0.13125
discounted_lints,corr,z48_a0p5_corr_pruned_top10,4,3145,SOLUSDT,val_first,,1.7048618558400008,4.110460198614929,83,1.0852775619021304,True,,,,,,,9.0,5.0,6.469879518072289,4.0,7.0,0.8554216867469879,0.14457831325301204
discounted_lints,corr,z48_a0p5_corr_pruned_top10,4,3145,SOLUSDT,val_second,,-8.972368854971503,10.302491945692616,77,0.452919672569423,True,,,,,,,7.0,4.0,6.12987012987013,4.0,4.0,0.8831168831168831,0.11688311688311688
discounted_lints,corr,z48_a0p5_corr_pruned_top10,4,3146,BTCUSDT,val,2000.0,-4.442476777176996,5.15181721662713,135,0.7081921402561165,True,0.6045,0.109,0.26949999999999996,0.7305,1.0,0.995,11.0,5.0,8.955555555555556,4.0,9.0,0.7555555555555555,0.24444444444444444
discounted_lints,corr,z48_a0p5_corr_pruned_top10,4,3146,BTCUSDT,val_first,,-0.24548680556406577,3.8324422459838914,72,0.9319153192495356,True,,,,,,,10.0,4.5,8.36111111111111,4.0,9.25,0.75,0.25
discounted_lints,corr,z48_a0p5_corr_pruned_top10,4,3146,BTCUSDT,val_second,,-4.207318383111536,5.047190146889246,63,0.527274887263687,True,,,,,,,11.5,5.0,9.634920634920634,4.0,8.5,0.7619047619047619,0.23809523809523808
discounted_lints,corr,z48_a0p5_corr_pruned_top10,4,3146,ETHUSDT,val,2000.0,-10.319264700539787,13.57808880026321,166,0.5740415428880626,True,0.5045,0.2035,0.33199999999999996,0.668,1.0,0.995,8.0,4.0,6.078313253012048,4.0,5.0,0.9096385542168675,0.09036144578313253
discounted_lints,corr,z48_a0p5_corr_pruned_top10,4,3146,ETHUSDT,val_first,,-2.8538898580037997,6.070787171635894,88,0.7247914336357139,True,,,,,,,8.0,4.0,5.613636363636363,4.0,5.0,0.9318181818181818,0.06818181818181818
discounted_lints,corr,z48_a0p5_corr_pruned_top10,4,3146,ETHUSDT,val_second,,-7.684687355596664,11.039246889642962,77,0.4385628719786771,True,,,,,,,8.0,4.0,6.441558441558442,4.0,5.0,0.8961038961038961,0.1038961038961039
discounted_lints,corr,z48_a0p5_corr_pruned_top10,4,3146,SOLUSDT,val,2000.0,-2.9481251854138857,7.243315499308823,161,0.8461856653878465,True,0.499,0.1905,0.3235,0.6765,1.0,0.995,8.0,4.0,6.173913043478261,4.0,5.0,0.8633540372670807,0.13664596273291926
discounted_lints,corr,z48_a0p5_corr_pruned_top10,4,3146,SOLUSDT,val_first,,2.6805521104994234,3.230825420913952,81,1.1319224383867932,True,,,,,,,10.0,4.0,6.777777777777778,4.0,8.0,0.8271604938271605,0.1728395061728395
discounted_lints,corr,z48_a0p5_corr_pruned_top10,4,3146,SOLUSDT,val_second,,-5.4817364926671,7.243315499308823,80,0.6281998715550358,True,,,,,,,7.0,4.0,5.5625,4.0,4.25,0.9,0.1
discounted_lints,corr,z48_a0p5_corr_pruned_top10,5,3142,BTCUSDT,val,2000.0,-2.925919938371213,5.164775684135758,141,0.803597232331078,True,0.5775,0.1375,0.2835,0.7165,1.0,0.995,10.0,4.0,8.035460992907801,4.0,8.0,0.8085106382978723,0.19148936170212766
discounted_lints,corr,z48_a0p5_corr_pruned_top10,5,3142,BTCUSDT,val_first,,-1.9403948785181369,5.073416612982884,84,0.7510710549771192,True,,,,,,,9.0,4.0,6.714285714285714,4.0,7.0,0.8452380952380952,0.15476190476190477
discounted_lints,corr,z48_a0p5_corr_pruned_top10,5,3142,BTCUSDT,val_second,,-1.0050265434295325,4.340019521234584,57,0.8719465915434191,True,,,,,,,12.0,5.0,9.982456140350877,4.0,9.0,0.7543859649122807,0.24561403508771928
discounted_lints,corr,z48_a0p5_corr_pruned_top10,5,3142,ETHUSDT,val,2000.0,-11.60307617229941,14.141020078473531,178,0.5439107514744043,True,0.5225,0.2335,0.35750000000000004,0.6425,1.0,0.995,8.0,4.0,5.848314606741573,4.0,5.0,0.898876404494382,0.10112359550561797
discounted_lints,corr,z48_a0p5_corr_pruned_top10,5,3142,ETHUSDT,val_first,,-4.296893322788331,7.082288820985094,89,0.6143105960442544,True,,,,,,,9.0,4.0,5.853932584269663,4.0,5.0,0.8764044943820225,0.12359550561797752
discounted_lints,corr,z48_a0p5_corr_pruned_top10,5,3142,ETHUSDT,val_second,,-7.6342170104816365,10.286109926282327,88,0.4787451020494194,True,,,,,,,7.0,4.0,5.693181818181818,4.0,5.0,0.9318181818181818,0.06818181818181818
discounted_lints,corr,z48_a0p5_corr_pruned_top10,5,3142,SOLUSDT,val,2000.0,-6.230509315125343,8.980363229825928,157,0.7413956278940054,True,0.4875,0.1885,0.3155,0.6845,1.0,0.995,8.0,4.0,6.1847133757961785,4.0,6.0,0.8662420382165605,0.1337579617834395
discounted_lints,corr,z48_a0p5_corr_pruned_top10,5,3142,SOLUSDT,val_first,,0.4456600226326879,5.112366002349855,82,0.9654271440348247,True,,,,,,,9.0,4.0,6.512195121951219,4.0,6.75,0.8170731707317073,0.18292682926829268
discounted_lints,corr,z48_a0p5_corr_pruned_top10,5,3142,SOLUSDT,val_second,,-6.646548328970859,8.980363229825928,75,0.5639660648324093,True,,,,,,,8.0,4.0,5.826666666666667,4.0,5.0,0.92,0.08
discounted_lints,corr,z48_a0p5_corr_pruned_top10,5,3143,BTCUSDT,val,2000.0,-3.4850345470285093,5.567416822136706,136,0.7681547422201919,True,0.5855,0.1125,0.27349999999999997,0.7265,1.0,0.995,11.0,5.0,8.566176470588236,4.0,9.0,0.7573529411764706,0.2426470588235294
discounted_lints,corr,z48_a0p5_corr_pruned_top10,5,3143,BTCUSDT,val_first,,-0.611330225814799,3.606121755005065,77,0.889371772383237,True,,,,,,,10.0,5.0,7.532467532467533,4.0,8.0,0.7792207792207793,0.22077922077922077
discounted_lints,corr,z48_a0p5_corr_pruned_top10,5,3143,BTCUSDT,val_second,,-2.891380202333804,5.567416822136706,59,0.6514280919340224,True,,,,,,,13.0,5.0,9.915254237288135,4.0,10.5,0.7288135593220338,0.2711864406779661
discounted_lints,corr,z48_a0p5_corr_pruned_top10,5,3143,ETHUSDT,val,2000.0,-12.352609724920748,16.487970119689155,176,0.529466640720085,True,0.5275,0.2185,0.352,0.648,1.0,0.995,8.0,4.0,5.994318181818182,4.0,5.0,0.8806818181818182,0.11931818181818182
discounted_lints,corr,z48_a0p5_corr_pruned_top10,5,3143,ETHUSDT,val_first,,-4.978207163293192,6.842647955035785,89,0.5629752691349903,True,,,,,,,8.0,4.0,5.910112359550562,4.0,5.0,0.8764044943820225,0.12359550561797752
discounted_lints,corr,z48_a0p5_corr_pruned_top10,5,3143,ETHUSDT,val_second,,-7.760748709825272,12.11276130747746,86,0.4972554255106876,True,,,,,,,7.0,4.0,5.930232558139535,4.0,5.0,0.8953488372093024,0.10465116279069768
discounted_lints,corr,z48_a0p5_corr_pruned_top10,5,3143,SOLUSDT,val,2000.0,-5.134277742684534,9.620462513766126,144,0.7495269491205374,True,0.503,0.1705,0.28800000000000003,0.712,1.0,0.995,9.0,4.0,6.986111111111111,4.0,7.0,0.8263888888888888,0.1736111111111111
discounted_lints,corr,z48_a0p5_corr_pruned_top10,5,3143,SOLUSDT,val_first,,1.2863126367733013,4.1931788522547535,76,1.0393308016469562,True,,,,,,,12.0,4.0,7.065789473684211,4.0,8.0,0.8026315789473685,0.19736842105263158
discounted_lints,corr,z48_a0p5_corr_pruned_top10,5,3143,SOLUSDT,val_second,,-6.339050373452693,9.620462513766126,68,0.5435691653601434,True,,,,,,,7.0,4.0,6.897058823529412,4.0,5.0,0.8529411764705882,0.14705882352941177
discounted_lints,corr,z48_a0p5_corr_pruned_top10,5,3144,BTCUSDT,val,2000.0,-3.854488942233214,5.378614765338252,131,0.7543232836386067,True,0.6295,0.096,0.26349999999999996,0.7365,1.0,0.995,11.0,5.0,9.572519083969466,4.0,11.0,0.7175572519083969,0.2824427480916031
discounted_lints,corr,z48_a0p5_corr_pruned_top10,5,3144,BTCUSDT,val_first,,-0.2757518899648814,3.9987612121302307,73,0.9265507888996561,True,,,,,,,9.5,5.0,8.575342465753424,4.0,9.0,0.7808219178082192,0.2191780821917808
discounted_lints,corr,z48_a0p5_corr_pruned_top10,5,3144,BTCUSDT,val_second,,-3.5886327749692137,5.378614765338252,58,0.596636287257732,True,,,,,,,13.0,6.5,10.827586206896552,4.0,13.75,0.6379310344827587,0.3620689655172414
discounted_lints,corr,z48_a0p5_corr_pruned_top10,5,3144,ETHUSDT,val,2000.0,-7.296375352071149,10.285752367618773,170,0.6853764528711143,True,0.5125,0.223,0.3415,0.6585,1.0,0.995,8.0,4.0,6.0058823529411764,4.0,5.0,0.8764705882352941,0.12352941176470589
discounted_lints,corr,z48_a0p5_corr_pruned_top10,5,3144,ETHUSDT,val_first,,-2.383910584335913,7.133700588147985,83,0.7562470204186926,True,,,,,,,9.0,4.0,6.180722891566265,4.0,5.5,0.8433734939759037,0.1566265060240964
discounted_lints,corr,z48_a0p5_corr_pruned_top10,5,3144,ETHUSDT,val_second,,-5.032433482166265,8.094814933259254,86,0.6080375380863194,True,,,,,,,7.5,4.0,5.686046511627907,4.0,4.0,0.9186046511627907,0.08139534883720931
discounted_lints,corr,z48_a0p5_corr_pruned_top10,5,3144,SOLUSDT,val,2000.0,-7.964436706678802,10.939994555952593,162,0.6945016304725748,True,0.487,0.213,0.3245,0.6755,1.0,0.995,8.0,4.0,6.0,4.0,5.0,0.8395061728395061,0.16049382716049382
discounted_lints,corr,z48_a0p5_corr_pruned_top10,5,3144,SOLUSDT,val_first,,-1.7297569212615826,5.078986937686702,81,0.8165882935589737,True,,,,,,,11.0,4.0,6.345679012345679,4.0,6.0,0.7901234567901234,0.20987654320987653
discounted_lints,corr,z48_a0p5_corr_pruned_top10,5,3144,SOLUSDT,val_second,,-6.34442287928576,10.379571131819198,81,0.5984768829826662,True,,,,,,,7.0,4.0,5.654320987654321,4.0,5.0,0.8888888888888888,0.1111111111111111
discounted_lints,corr,z48_a0p5_corr_pruned_top10,5,3145,BTCUSDT,val,2000.0,-2.856729529494917,4.908800304775074,138,0.8155544751211671,True,0.5965,0.1215,0.27749999999999997,0.7225,1.0,0.995,11.0,5.0,8.456521739130435,4.0,10.0,0.7391304347826086,0.2608695652173913
discounted_lints,corr,z48_a0p5_corr_pruned_top10,5,3145,BTCUSDT,val_first,,0.019726493726901495,3.64821477360574,76,0.9635530432830033,True,,,,,,,11.0,5.0,7.881578947368421,4.0,10.0,0.7368421052631579,0.2631578947368421
discounted_lints,corr,z48_a0p5_corr_pruned_top10,5,3145,BTCUSDT,val_second,,-2.8758887112155906,4.908800304775074,62,0.6649318224999233,True,,,,,,,12.0,6.0,9.161290322580646,4.0,9.75,0.7419354838709677,0.25806451612903225
discounted_lints,corr,z48_a0p5_corr_pruned_top10,5,3145,ETHUSDT,val,2000.0,-8.335322104014065,11.206615874162296,180,0.6467298880998585,True,0.5305,0.226,0.36,0.64,1.0,0.995,8.0,4.0,5.894444444444445,4.0,5.0,0.9,0.1
discounted_lints,corr,z48_a0p5_corr_pruned_top10,5,3145,ETHUSDT,val_first,,-2.866303758516875,6.054404873186825,92,0.7214928995348427,True,,,,,,,9.0,4.0,5.75,4.0,5.0,0.8913043478260869,0.10869565217391304
discounted_lints,corr,z48_a0p5_corr_pruned_top10,5,3145,ETHUSDT,val_second,,-5.630402792354072,8.664652286385877,88,0.5905929715950068,True,,,,,,,8.0,4.0,6.045454545454546,4.0,5.0,0.9090909090909091,0.09090909090909091
discounted_lints,corr,z48_a0p5_corr_pruned_top10,5,3145,SOLUSDT,val,2000.0,-9.435561571652329,11.884270725468193,158,0.6298395018332551,True,0.497,0.1825,0.3165,0.6835,1.0,0.995,8.5,4.0,6.2784810126582276,4.0,6.0,0.8544303797468354,0.14556962025316456
discounted_lints,corr,z48_a0p5_corr_pruned_top10,5,3145,SOLUSDT,val_first,,-0.061605080419269154,4.650868112038198,85,0.9445106603038306,True,,,,,,,9.0,4.0,6.317647058823529,4.0,7.0,0.8352941176470589,0.16470588235294117
discounted_lints,corr,z48_a0p5_corr_pruned_top10,5,3145,SOLUSDT,val_second,,-9.37973488445174,11.524321780290503,73,0.4271452545797558,True,,,,,,,8.0,4.0,6.232876712328767,4.0,5.0,0.8767123287671232,0.1232876712328767
discounted_lints,corr,z48_a0p5_corr_pruned_top10,5,3146,BTCUSDT,val,2000.0,-2.368096881261661,4.105917852572949,143,0.8440653271879587,True,0.5975,0.1255,0.2875,0.7125,1.0,0.995,10.0,5.0,8.314685314685315,4.0,9.0,0.7552447552447552,0.24475524475524477
discounted_lints,corr,z48_a0p5_corr_pruned_top10,5,3146,BTCUSDT,val_first,,-0.2074794013839254,3.919911433180001,78,0.9403508139255634,True,,,,,,,9.0,4.0,7.730769230769231,4.0,8.0,0.7692307692307693,0.23076923076923078
discounted_lints,corr,z48_a0p5_corr_pruned_top10,5,3146,BTCUSDT,val_second,,-2.1651096363906275,4.105917852572949,65,0.7378058280472495,True,,,,,,,12.0,5.0,9.015384615384615,4.0,10.0,0.7384615384615385,0.26153846153846155
discounted_lints,corr,z48_a0p5_corr_pruned_top10,5,3146,ETHUSDT,val,2000.0,-9.734860743948037,12.278331108593953,170,0.5780202742689984,True,0.5005,0.2215,0.33999999999999997,0.66,1.0,0.995,8.0,4.0,5.8882352941176475,4.0,5.0,0.8941176470588236,0.10588235294117647
discounted_lints,corr,z48_a0p5_corr_pruned_top10,5,3146,ETHUSDT,val_first,,-2.9228754703920834,5.671120529240692,86,0.7024700884882666,True,,,,,,,9.0,4.0,5.965116279069767,4.0,5.75,0.872093023255814,0.12790697674418605
discounted_lints,corr,z48_a0p5_corr_pruned_top10,5,3146,ETHUSDT,val_second,,-7.01708595775139,10.18945572799308,84,0.4838665316849792,True,,,,,,,7.0,4.0,5.809523809523809,4.0,5.0,0.9166666666666666,0.08333333333333333
discounted_lints,corr,z48_a0p5_corr_pruned_top10,5,3146,SOLUSDT,val,2000.0,-6.591949499634575,11.491910200868228,162,0.7259619135261414,True,0.5,0.2015,0.3235,0.6765,1.0,0.995,8.0,4.0,6.172839506172839,4.0,5.0,0.8580246913580247,0.1419753086419753
discounted_lints,corr,z48_a0p5_corr_pruned_top10,5,3146,SOLUSDT,val_first,,1.433708898395336,4.729354152425024,87,1.038493177208775,True,,,,,,,8.0,4.0,6.2988505747126435,4.0,6.5,0.8390804597701149,0.16091954022988506
discounted_lints,corr,z48_a0p5_corr_pruned_top10,5,3146,SOLUSDT,val_second,,-7.91222019306137,11.491910200868228,75,0.5062953043372723,True,,,,,,,7.0,4.0,6.026666666666666,4.0,4.5,0.88,0.12
discounted_lints,corr,z48_a0p5_corr_pruned_top10,6,3142,BTCUSDT,val,2000.0,-4.81808145568281,6.260795052192902,129,0.6859222801737304,True,0.561,0.1165,0.25949999999999995,0.7405,1.0,0.995,10.0,5.0,8.65891472868217,4.0,10.0,0.7286821705426356,0.2713178294573643
discounted_lints,corr,z48_a0p5_corr_pruned_top10,6,3142,BTCUSDT,val_first,,-1.7176939810566116,4.552732322473885,72,0.7737765052541482,True,,,,,,,10.0,4.0,7.944444444444445,4.0,10.0,0.7222222222222222,0.2777777777777778
discounted_lints,corr,z48_a0p5_corr_pruned_top10,6,3142,BTCUSDT,val_second,,-3.1545733919070007,4.6747264259024535,57,0.5826614923534965,True,,,,,,,11.0,5.0,9.56140350877193,4.0,10.0,0.7368421052631579,0.2631578947368421
discounted_lints,corr,z48_a0p5_corr_pruned_top10,6,3142,ETHUSDT,val,2000.0,-11.714071087120725,14.523468566048914,161,0.5369115051767782,True,0.495,0.2125,0.32199999999999995,0.678,1.0,0.995,7.0,4.0,6.149068322981367,4.0,5.0,0.8819875776397516,0.11801242236024845
discounted_lints,corr,z48_a0p5_corr_pruned_top10,6,3142,ETHUSDT,val_first,,-3.628133754328544,5.816032144125838,81,0.6522338373127542,True,,,,,,,7.0,4.0,6.08641975308642,4.0,5.0,0.8888888888888888,0.1111111111111111
discounted_lints,corr,z48_a0p5_corr_pruned_top10,6,3142,ETHUSDT,val_second,,-8.390350470312036,11.305513980549032,79,0.443665457640373,True,,,,,,,7.5,4.0,6.050632911392405,4.0,5.0,0.8860759493670886,0.11392405063291139
discounted_lints,corr,z48_a0p5_corr_pruned_top10,6,3142,SOLUSDT,val,2000.0,-6.056465946248412,9.764335624079523,154,0.7343049592403453,True,0.4875,0.21,0.3095,0.6905,1.0,0.995,8.5,4.0,6.305194805194805,4.0,5.0,0.8441558441558441,0.15584415584415584
discounted_lints,corr,z48_a0p5_corr_pruned_top10,6,3142,SOLUSDT,val_first,,1.6478741035611977,4.318708140432747,83,1.0702477451831929,True,,,,,,,9.0,4.0,6.421686746987952,4.0,6.0,0.8072289156626506,0.1927710843373494
discounted_lints,corr,z48_a0p5_corr_pruned_top10,6,3142,SOLUSDT,val_second,,-7.579440414031923,9.764335624079523,71,0.4750439526153265,True,,,,,,,8.0,4.0,6.169014084507042,4.0,4.0,0.8873239436619719,0.11267605633802817
discounted_lints,corr,z48_a0p5_corr_pruned_top10,6,3143,BTCUSDT,val,2000.0,-3.6025804114623305,5.258963384297488,126,0.744775655262811,True,0.58,0.1195,0.25349999999999995,0.7465,1.0,0.995,10.0,4.0,9.166666666666666,4.0,11.0,0.7380952380952381,0.2619047619047619
discounted_lints,corr,z48_a0p5_corr_pruned_top10,6,3143,BTCUSDT,val_first,,-0.4630307469288941,4.031984144337342,72,0.8909350550211165,True,,,,,,,9.0,4.0,8.23611111111111,4.0,8.0,0.7638888888888888,0.2361111111111111
discounted_lints,corr,z48_a0p5_corr_pruned_top10,6,3143,BTCUSDT,val_second,,-3.1541543690678187,4.8153462577957935,54,0.5880591997655514,True,,,,,,,11.5,5.0,10.407407407407407,4.0,11.0,0.7037037037037037,0.2962962962962963
discounted_lints,corr,z48_a0p5_corr_pruned_top10,6,3143,ETHUSDT,val,2000.0,-11.036035782321473,13.890327662958812,168,0.5619582684144631,True,0.499,0.2285,0.33599999999999997,0.664,1.0,0.995,8.0,4.0,5.940476190476191,4.0,5.0,0.8869047619047619,0.1130952380952381
discounted_lints,corr,z48_a0p5_corr_pruned_top10,6,3143,ETHUSDT,val_first,,-3.7538998005238633,5.844230162085262,87,0.6704764192387321,True,,,,,,,8.5,4.0,5.931034482758621,4.0,5.0,0.896551724137931,0.10344827586206896
discounted_lints,corr,z48_a0p5_corr_pruned_top10,6,3143,ETHUSDT,val_second,,-7.566162126782194,10.531780343750652,81,0.47579322379896727,True,,,,,,,7.0,4.0,5.950617283950617,4.0,4.0,0.8765432098765432,0.12345679012345678
discounted_lints,corr,z48_a0p5_corr_pruned_top10,6,3143,SOLUSDT,val,2000.0,-2.011152161319274,8.50207091029761,149,0.8620791235519331,True,0.477,0.1895,0.2975,0.7025,1.0,0.995,9.0,4.0,6.402684563758389,4.0,6.0,0.8456375838926175,0.15436241610738255
discounted_lints,corr,z48_a0p5_corr_pruned_top10,6,3143,SOLUSDT,val_first,,2.738062921440254,3.479958781516379,77,1.1925697147049916,True,,,,,,,9.5,4.0,6.688311688311688,4.0,8.0,0.8181818181818182,0.18181818181818182
discounted_lints,corr,z48_a0p5_corr_pruned_top10,6,3143,SOLUSDT,val_second,,-4.622644176570734,8.50207091029761,72,0.642402065565843,True,,,,,,,8.0,4.0,6.097222222222222,4.0,5.0,0.875,0.125
discounted_lints,corr,z48_a0p5_corr_pruned_top10,6,3144,BTCUSDT,val,2000.0,-4.495377508826703,5.783780435570673,125,0.7160217257291565,True,0.578,0.121,0.25149999999999995,0.7485,1.0,0.995,10.0,5.0,9.2,4.0,10.0,0.744,0.256
discounted_lints,corr,z48_a0p5_corr_pruned_top10,6,3144,BTCUSDT,val_first,,-0.9743580575047317,4.1610870679734235,71,0.846146791127845,True,,,,,,,9.0,4.0,8.309859154929578,4.0,8.5,0.7605633802816901,0.23943661971830985
discounted_lints,corr,z48_a0p5_corr_pruned_top10,6,3144,BTCUSDT,val_second,,-3.5556643534476184,5.059197804500204,54,0.556833803943789,True,,,,,,,11.0,5.0,10.37037037037037,4.0,10.75,0.7222222222222222,0.2777777777777778
discounted_lints,corr,z48_a0p5_corr_pruned_top10,6,3144,ETHUSDT,val,2000.0,-9.60620977337281,12.497205850932936,165,0.6096346963897952,True,0.5055,0.2205,0.32999999999999996,0.67,1.0,0.995,8.0,4.0,6.127272727272727,4.0,5.0,0.8606060606060606,0.1393939393939394
discounted_lints,corr,z48_a0p5_corr_pruned_top10,6,3144,ETHUSDT,val_first,,-1.4649946854408125,4.167284208005196,80,0.8163572474057098,True,,,,,,,8.0,4.0,6.225,4.0,5.0,0.85,0.15
discounted_lints,corr,z48_a0p5_corr_pruned_top10,6,3144,ETHUSDT,val_second,,-8.262256709625483,11.196235419355126,84,0.4555177178276211,True,,,,,,,7.0,4.0,5.880952380952381,4.0,4.25,0.8809523809523809,0.11904761904761904
discounted_lints,corr,z48_a0p5_corr_pruned_top10,6,3144,SOLUSDT,val,2000.0,-5.534271686813918,9.942136599799644,147,0.7264016417336709,True,0.4755,0.1885,0.2935,0.7065,1.0,0.995,8.5,4.0,6.469387755102041,4.0,5.0,0.8435374149659864,0.1564625850340136
discounted_lints,corr,z48_a0p5_corr_pruned_top10,6,3144,SOLUSDT,val_first,,2.9912375365790167,4.380704516155398,78,1.179083875742808,True,,,,,,,10.0,4.0,6.6923076923076925,4.0,7.0,0.8076923076923077,0.19230769230769232
discounted_lints,corr,z48_a0p5_corr_pruned_top10,6,3144,SOLUSDT,val_second,,-8.277897641889155,9.942136599799644,69,0.40135049114427,True,,,,,,,7.0,4.0,6.217391304347826,4.0,4.0,0.8840579710144928,0.11594202898550725
discounted_lints,corr,z48_a0p5_corr_pruned_top10,6,3145,BTCUSDT,val,2000.0,-1.866526949139058,4.341204599587534,131,0.8604605945558352,True,0.565,0.125,0.26349999999999996,0.7365,1.0,0.995,11.0,5.0,8.580152671755725,4.0,11.0,0.732824427480916,0.26717557251908397
discounted_lints,corr,z48_a0p5_corr_pruned_top10,6,3145,BTCUSDT,val_first,,0.4438352361200604,3.0364773717609594,79,1.012404359568618,True,,,,,,,9.5,4.0,7.215189873417722,4.0,9.0,0.759493670886076,0.24050632911392406
discounted_lints,corr,z48_a0p5_corr_pruned_top10,6,3145,BTCUSDT,val_second,,-2.300153294453544,4.250261326569726,52,0.6874362679635032,True,,,,,,,13.5,5.5,10.653846153846153,4.0,11.25,0.6923076923076923,0.3076923076923077
discounted_lints,corr,z48_a0p5_corr_pruned_top10,6,3145,ETHUSDT,val,2000.0,-10.549927594870779,13.013795582679165,168,0.5738742685853178,True,0.51,0.228,0.33599999999999997,0.664,1.0,0.995,7.0,4.0,6.071428571428571,4.0,5.0,0.8809523809523809,0.11904761904761904
discounted_lints,corr,z48_a0p5_corr_pruned_top10,6,3145,ETHUSDT,val_first,,-2.272907112158673,4.6876059705607815,85,0.7745441792022041,True,,,,,,,7.5,4.0,6.117647058823529,4.0,5.0,0.8941176470588236,0.10588235294117647
discounted_lints,corr,z48_a0p5_corr_pruned_top10,6,3145,ETHUSDT,val_second,,-8.469524916914706,10.990696799758004,83,0.42615423952464326,True,,,,,,,7.0,4.0,6.024096385542169,4.0,4.0,0.8674698795180723,0.13253012048192772
discounted_lints,corr,z48_a0p5_corr_pruned_top10,6,3145,SOLUSDT,val,2000.0,-4.642702949237343,7.3634554451015415,155,0.7717866199509943,True,0.47,0.212,0.3095,0.6905,1.0,0.995,8.0,4.0,6.064516129032258,4.0,5.0,0.8580645161290322,0.14193548387096774
discounted_lints,corr,z48_a0p5_corr_pruned_top10,6,3145,SOLUSDT,val_first,,1.1108193802954025,5.122353728144413,88,1.0362970616083604,True,,,,,,,8.0,4.0,5.875,4.0,6.0,0.8522727272727273,0.14772727272727273
discounted_lints,corr,z48_a0p5_corr_pruned_top10,6,3145,SOLUSDT,val_second,,-5.690313227403243,7.3634554451015415,67,0.5646597840472474,True,,,,,,,8.0,4.0,6.313432835820896,4.0,4.0,0.8656716417910447,0.13432835820895522
discounted_lints,corr,z48_a0p5_corr_pruned_top10,6,3146,BTCUSDT,val,2000.0,-3.0088850039965642,4.521820430918999,124,0.7786426647905162,True,0.5745,0.117,0.24950000000000006,0.7505,1.0,0.995,10.0,5.0,9.225806451612904,4.0,9.25,0.75,0.25
discounted_lints,corr,z48_a0p5_corr_pruned_top10,6,3146,BTCUSDT,val_first,,-0.2663642768127916,3.734378764489621,73,0.9110201363440377,True,,,,,,,9.0,4.0,8.027397260273972,4.0,7.0,0.8082191780821918,0.1917808219178082
discounted_lints,corr,z48_a0p5_corr_pruned_top10,6,3146,BTCUSDT,val_second,,-2.7498453328180017,4.21056808298419,51,0.6425798482533484,True,,,,,,,13.0,5.0,10.941176470588236,4.0,11.0,0.6666666666666666,0.3333333333333333
discounted_lints,corr,z48_a0p5_corr_pruned_top10,6,3146,ETHUSDT,val,2000.0,-11.055978857110249,13.67401962908874,157,0.5529966914702578,True,0.4945,0.213,0.31399999999999995,0.686,1.0,0.995,8.0,4.0,6.2993630573248405,4.0,5.0,0.8598726114649682,0.14012738853503184
discounted_lints,corr,z48_a0p5_corr_pruned_top10,6,3146,ETHUSDT,val_first,,-4.4357741328509555,6.327841264385226,83,0.6336813655545501,True,,,,,,,7.5,4.0,6.048192771084337,4.0,5.0,0.8795180722891566,0.12048192771084337
discounted_lints,corr,z48_a0p5_corr_pruned_top10,6,3146,ETHUSDT,val_second,,-6.927492651342703,9.667054185193313,74,0.48090381671911014,True,,,,,,,9.0,4.0,6.581081081081081,4.0,4.75,0.8378378378378378,0.16216216216216217
discounted_lints,corr,z48_a0p5_corr_pruned_top10,6,3146,SOLUSDT,val,2000.0,-5.264748936986052,9.546722075671077,148,0.7481713519031121,True,0.47,0.201,0.2955,0.7045,1.0,0.995,8.0,4.0,6.351351351351352,4.0,5.0,0.8445945945945946,0.1554054054054054
discounted_lints,corr,z48_a0p5_corr_pruned_top10,6,3146,SOLUSDT,val_first,,2.5439947075106106,3.9739393257707367,80,1.1651014271395839,True,,,,,,,9.0,4.0,6.4,4.0,6.0,0.8125,0.1875
discounted_lints,corr,z48_a0p5_corr_pruned_top10,6,3146,SOLUSDT,val_second,,-7.615017989858675,9.546722075671077,68,0.502190000230025,True,,,,,,,7.0,4.0,6.294117647058823,4.0,4.0,0.8823529411764706,0.11764705882352941
discounted_lints,corr,z48_a0p5_corr_pruned_top10,7,3142,BTCUSDT,val,2000.0,0.3684735866444466,3.3894845828136733,113,1.0202525727527119,True,0.5945,0.0815,0.22750000000000004,0.7725,1.0,0.995,12.0,5.0,10.31858407079646,4.0,13.0,0.6637168141592921,0.336283185840708
discounted_lints,corr,z48_a0p5_corr_pruned_top10,7,3142,BTCUSDT,val_first,,1.4319645656512447,3.216751557136499,60,1.1479801208694405,True,,,,,,,11.0,5.5,10.066666666666666,4.0,14.25,0.65,0.35
discounted_lints,corr,z48_a0p5_corr_pruned_top10,7,3142,BTCUSDT,val_second,,-1.0484771576305674,3.3894845828136733,53,0.8718489406526093,True,,,,,,,12.0,5.0,10.60377358490566,4.0,11.0,0.6792452830188679,0.32075471698113206
discounted_lints,corr,z48_a0p5_corr_pruned_top10,7,3142,ETHUSDT,val,2000.0,-9.209083860819955,10.729701925874968,168,0.6027122883678105,True,0.5045,0.2165,0.3375,0.6625,1.0,0.995,8.0,4.0,5.982142857142857,4.0,6.0,0.8869047619047619,0.1130952380952381
discounted_lints,corr,z48_a0p5_corr_pruned_top10,7,3142,ETHUSDT,val_first,,-1.7097924118793517,5.469528655514955,81,0.7758572034995984,True,,,,,,,9.0,4.0,5.962962962962963,4.0,6.0,0.8888888888888888,0.1111111111111111
discounted_lints,corr,z48_a0p5_corr_pruned_top10,7,3142,ETHUSDT,val_second,,-7.629744236949776,9.176813983131504,86,0.47634874119909415,True,,,,,,,7.5,4.0,5.837209302325581,4.0,5.0,0.8953488372093024,0.10465116279069768
discounted_lints,corr,z48_a0p5_corr_pruned_top10,7,3142,SOLUSDT,val,2000.0,-4.3262399932255,8.747060655873485,151,0.7922339097972124,True,0.503,0.184,0.3035,0.6965,1.0,0.995,9.0,4.0,6.635761589403973,4.0,6.0,0.8344370860927153,0.16556291390728478
discounted_lints,corr,z48_a0p5_corr_pruned_top10,7,3142,SOLUSDT,val_first,,1.4254581834408864,4.679368346444179,82,1.0441297424559874,True,,,,,,,10.0,4.0,6.7317073170731705,4.0,8.0,0.8170731707317073,0.18292682926829268
discounted_lints,corr,z48_a0p5_corr_pruned_top10,7,3142,SOLUSDT,val_second,,-5.670862404450472,8.747060655873485,69,0.5946150750192997,True,,,,,,,8.0,4.0,6.521739130434782,4.0,5.0,0.855072463768116,0.14492753623188406
discounted_lints,corr,z48_a0p5_corr_pruned_top10,7,3143,BTCUSDT,val,2000.0,4.070736299079147,2.238997183367064,101,1.3412494911739674,True,0.5945,0.079,0.20350000000000001,0.7965,1.0,0.995,15.0,6.0,11.712871287128714,4.0,14.0,0.6336633663366337,0.36633663366336633
discounted_lints,corr,z48_a0p5_corr_pruned_top10,7,3143,BTCUSDT,val_first,,3.522010827916877,2.0518658056284167,59,1.5127589621932442,True,,,,,,,11.0,6.0,10.135593220338983,4.0,12.5,0.6610169491525424,0.3389830508474576
discounted_lints,corr,z48_a0p5_corr_pruned_top10,7,3143,BTCUSDT,val_second,,0.5300568128206118,2.238997183367064,42,1.1393550171780313,True,,,,,,,19.5,8.0,13.928571428571429,5.0,19.0,0.5952380952380952,0.40476190476190477
discounted_lints,corr,z48_a0p5_corr_pruned_top10,7,3143,ETHUSDT,val,2000.0,-10.041919309460779,12.247309819742224,163,0.5614722574052693,True,0.4865,0.2125,0.32599999999999996,0.674,1.0,0.995,8.0,4.0,5.969325153374233,4.0,6.0,0.8895705521472392,0.11042944785276074
discounted_lints,corr,z48_a0p5_corr_pruned_top10,7,3143,ETHUSDT,val_first,,-3.081543729275482,6.061052650394927,81,0.684754541350761,True,,,,,,,9.0,4.0,6.098765432098766,4.0,6.0,0.8641975308641975,0.13580246913580246
discounted_lints,corr,z48_a0p5_corr_pruned_top10,7,3143,ETHUSDT,val_second,,-7.181682259509714,9.788264259790935,82,0.4699658764657757,True,,,,,,,7.0,4.0,5.841463414634147,4.0,5.0,0.9146341463414634,0.08536585365853659
discounted_lints,corr,z48_a0p5_corr_pruned_top10,7,3143,SOLUSDT,val,2000.0,-3.4273631314230224,8.734709078712743,153,0.8230302282012565,True,0.4905,0.1965,0.3075,0.6925,1.0,0.995,8.0,4.0,6.38562091503268,4.0,6.0,0.869281045751634,0.13071895424836602
discounted_lints,corr,z48_a0p5_corr_pruned_top10,7,3143,SOLUSDT,val_first,,2.1357201998313924,4.047818066367603,80,1.10088592701292,True,,,,,,,10.0,4.0,6.6875,4.0,7.25,0.85,0.15
discounted_lints,corr,z48_a0p5_corr_pruned_top10,7,3143,SOLUSDT,val_second,,-5.446755865988995,8.734709078712743,73,0.6335123338111422,True,,,,,,,6.0,4.0,6.054794520547945,4.0,4.0,0.8904109589041096,0.1095890410958904
discounted_lints,corr,z48_a0p5_corr_pruned_top10,7,3144,BTCUSDT,val,2000.0,0.34440837442397676,2.9875456674362977,116,1.0118170712037506,True,0.591,0.1,0.23350000000000004,0.7665,1.0,0.995,12.0,6.0,9.991379310344827,4.0,10.0,0.7068965517241379,0.29310344827586204
discounted_lints,corr,z48_a0p5_corr_pruned_top10,7,3144,BTCUSDT,val_first,,1.9451473962609933,2.0722163434609864,69,1.205660624976228,True,,,,,,,10.0,4.0,8.44927536231884,4.0,9.0,0.7536231884057971,0.2463768115942029
discounted_lints,corr,z48_a0p5_corr_pruned_top10,7,3144,BTCUSDT,val_second,,-1.5701963876857628,2.9875456674362977,47,0.7943336612508075,True,,,,,,,15.0,8.0,12.25531914893617,5.0,12.0,0.6382978723404256,0.3617021276595745
discounted_lints,corr,z48_a0p5_corr_pruned_top10,7,3144,ETHUSDT,val,2000.0,-6.748247345998992,8.36770038826814,165,0.6969097885495458,True,0.4925,0.204,0.3315,0.6685,1.0,0.995,8.0,4.0,5.945454545454545,4.0,5.0,0.896969696969697,0.10303030303030303
discounted_lints,corr,z48_a0p5_corr_pruned_top10,7,3144,ETHUSDT,val_first,,-0.9007699368767108,4.247684057872658,83,0.8632992959895437,True,,,,,,,8.0,4.0,5.855421686746988,4.0,5.5,0.891566265060241,0.10843373493975904
discounted_lints,corr,z48_a0p5_corr_pruned_top10,7,3144,ETHUSDT,val_second,,-5.9006284967073945,8.204127441729959,81,0.5598200728501864,True,,,,,,,8.0,4.0,5.8765432098765435,4.0,5.0,0.9135802469135802,0.08641975308641975
discounted_lints,corr,z48_a0p5_corr_pruned_top10,7,3144,SOLUSDT,val,2000.0,-5.0974431687690895,8.981721418547462,159,0.7651514972424487,True,0.502,0.1985,0.31799999999999995,0.682,1.0,0.995,8.0,4.0,6.314465408805032,4.0,6.0,0.8364779874213837,0.16352201257861634
discounted_lints,corr,z48_a0p5_corr_pruned_top10,7,3144,SOLUSDT,val_first,,0.41322889411541386,5.243307836760669,83,0.966307971659942,True,,,,,,,9.5,4.0,6.72289156626506,4.0,7.0,0.8072289156626506,0.1927710843373494
discounted_lints,corr,z48_a0p5_corr_pruned_top10,7,3144,SOLUSDT,val_second,,-5.487994085615389,8.913703602728773,76,0.6082415177288113,True,,,,,,,7.0,4.0,5.868421052631579,4.0,4.0,0.868421052631579,0.13157894736842105
discounted_lints,corr,z48_a0p5_corr_pruned_top10,7,3145,BTCUSDT,val,2000.0,2.9918276013995104,2.5417841921974826,102,1.2275293347064744,True,0.606,0.068,0.20550000000000002,0.7945,1.0,0.995,14.0,7.0,11.656862745098039,4.0,14.75,0.6470588235294118,0.35294117647058826
discounted_lints,corr,z48_a0p5_corr_pruned_top10,7,3145,BTCUSDT,val_first,,2.626325300356358,2.5417841921974826,59,1.3268886104410285,True,,,,,,,11.0,6.0,10.23728813559322,4.0,13.5,0.6779661016949152,0.3220338983050847
discounted_lints,corr,z48_a0p5_corr_pruned_top10,7,3145,BTCUSDT,val_second,,0.3561486782006851,1.9825684057133253,43,1.1073094358552276,True,,,,,,,23.0,8.0,13.604651162790697,4.0,20.0,0.6046511627906976,0.3953488372093023
discounted_lints,corr,z48_a0p5_corr_pruned_top10,7,3145,ETHUSDT,val,2000.0,-8.674031772565593,11.188576235529679,160,0.6184363510089782,True,0.483,0.212,0.3215,0.6785,1.0,0.995,8.0,4.0,6.0125,4.0,5.0,0.89375,0.10625
discounted_lints,corr,z48_a0p5_corr_pruned_top10,7,3145,ETHUSDT,val_first,,-1.6935140442967067,5.054095610947051,77,0.7891644381632489,True,,,,,,,9.0,4.0,5.974025974025974,4.0,5.0,0.8831168831168831,0.11688311688311688
discounted_lints,corr,z48_a0p5_corr_pruned_top10,7,3145,ETHUSDT,val_second,,-7.100770270045354,9.65863248891985,82,0.4799761687727154,True,,,,,,,7.5,4.0,5.890243902439025,4.0,5.0,0.9146341463414634,0.08536585365853659
discounted_lints,corr,z48_a0p5_corr_pruned_top10,7,3145,SOLUSDT,val,2000.0,-6.849213894300544,9.4780803569542,150,0.7071006674488037,True,0.4895,0.1895,0.3015,0.6985,1.0,0.995,9.0,4.0,6.5,4.0,6.0,0.8333333333333334,0.16666666666666666
discounted_lints,corr,z48_a0p5_corr_pruned_top10,7,3145,SOLUSDT,val_first,,1.1759988658096576,4.7384057022993975,82,1.0165518152756035,True,,,,,,,10.0,4.0,6.634146341463414,4.0,7.75,0.8170731707317073,0.18292682926829268
discounted_lints,corr,z48_a0p5_corr_pruned_top10,7,3145,SOLUSDT,val_second,,-7.93193331429729,9.21664202704796,68,0.4503325956544723,True,,,,,,,8.0,4.0,6.338235294117647,4.0,5.25,0.8529411764705882,0.14705882352941177
discounted_lints,corr,z48_a0p5_corr_pruned_top10,7,3146,BTCUSDT,val,2000.0,2.6082250217205782,2.552289340617808,98,1.1980622773485177,True,0.6145,0.0745,0.1975,0.8025,1.0,0.995,14.5,7.0,12.306122448979592,4.0,14.0,0.6224489795918368,0.37755102040816324
discounted_lints,corr,z48_a0p5_corr_pruned_top10,7,3146,BTCUSDT,val_first,,2.5149104251606325,2.5441491344027956,57,1.2441708578710902,True,,,,,,,11.0,5.0,9.578947368421053,4.0,12.0,0.6842105263157895,0.3157894736842105
discounted_lints,corr,z48_a0p5_corr_pruned_top10,7,3146,BTCUSDT,val_second,,0.09102538954863792,2.552289340617808,40,1.0089188049835691,True,,,,,,,17.5,8.0,14.5,4.0,20.5,0.55,0.45
discounted_lints,corr,z48_a0p5_corr_pruned_top10,7,3146,ETHUSDT,val,2000.0,-8.806322691096014,10.960001007167087,160,0.617139664362941,True,0.49,0.21,0.3215,0.6785,1.0,0.995,8.0,4.0,6.1,4.0,6.0,0.88125,0.11875
discounted_lints,corr,z48_a0p5_corr_pruned_top10,7,3146,ETHUSDT,val_first,,-3.6100883754777824,6.72511332185336,79,0.6432451277854233,True,,,,,,,9.0,4.0,5.974683544303797,4.0,5.5,0.8734177215189873,0.12658227848101267
discounted_lints,corr,z48_a0p5_corr_pruned_top10,7,3146,ETHUSDT,val_second,,-5.3908487185460485,7.897591775554025,80,0.5823907555515438,True,,,,,,,8.0,4.0,6.05,4.0,6.0,0.9,0.1
discounted_lints,corr,z48_a0p5_corr_pruned_top10,7,3146,SOLUSDT,val,2000.0,-3.72611120822558,7.86265248719703,158,0.8211855078762879,True,0.488,0.202,0.3175,0.6825,1.0,0.995,7.0,4.0,6.151898734177215,4.0,5.0,0.8607594936708861,0.13924050632911392
discounted_lints,corr,z48_a0p5_corr_pruned_top10,7,3146,SOLUSDT,val_first,,0.8232970765389869,4.8354483393749925,80,1.0031664045393038,True,,,,,,,10.0,4.0,6.55,4.0,8.0,0.825,0.175
discounted_lints,corr,z48_a0p5_corr_pruned_top10,7,3146,SOLUSDT,val_second,,-4.512258988426964,7.86265248719703,78,0.6856528763158285,True,,,,,,,6.0,4.0,5.743589743589744,4.0,4.0,0.8974358974358975,0.10256410256410256
discounted_lints,corr,z48_a0p5_corr_pruned_top10,8,3142,BTCUSDT,val,2000.0,-7.29032208753101,7.613863765161688,172,0.6493259406334657,True,0.6005,0.166,0.34550000000000003,0.6545,1.0,0.995,9.0,4.0,6.9476744186046515,4.0,8.0,0.8081395348837209,0.19186046511627908
discounted_lints,corr,z48_a0p5_corr_pruned_top10,8,3142,BTCUSDT,val_first,,-3.0998879026362447,5.178243817522876,92,0.7077454420249252,True,,,,,,,8.0,4.0,6.760869565217392,4.0,7.0,0.8152173913043478,0.18478260869565216
discounted_lints,corr,z48_a0p5_corr_pruned_top10,8,3142,BTCUSDT,val_second,,-4.324488480141575,4.7673524334757245,80,0.5802961598350912,True,,,,,,,9.5,4.5,7.1625,4.0,8.25,0.8,0.2
discounted_lints,corr,z48_a0p5_corr_pruned_top10,8,3142,ETHUSDT,val,2000.0,-12.565871699190833,16.59310007901158,199,0.5460367609840038,True,0.5365,0.24,0.398,0.602,1.0,0.995,7.0,4.0,5.391959798994975,4.0,5.0,0.9396984924623115,0.06030150753768844
discounted_lints,corr,z48_a0p5_corr_pruned_top10,8,3142,ETHUSDT,val_first,,-3.312679770534488,5.538979807346578,101,0.70424432097379,True,,,,,,,8.0,4.0,5.306930693069307,4.0,6.0,0.9405940594059405,0.0594059405940594
discounted_lints,corr,z48_a0p5_corr_pruned_top10,8,3142,ETHUSDT,val_second,,-9.57022276209123,13.778509526904081,97,0.4250597446004023,True,,,,,,,7.0,4.0,5.34020618556701,4.0,5.0,0.9484536082474226,0.05154639175257732
discounted_lints,corr,z48_a0p5_corr_pruned_top10,8,3142,SOLUSDT,val,2000.0,-11.156435602456183,13.563826785191345,160,0.60492385339541,True,0.5025,0.1935,0.3215,0.6785,1.0,0.995,9.0,4.0,6.25625,4.0,6.0,0.85625,0.14375
discounted_lints,corr,z48_a0p5_corr_pruned_top10,8,3142,SOLUSDT,val_first,,-1.711738992250611,5.102592579087295,85,0.8290214809156247,True,,,,,,,9.5,4.0,6.482352941176471,4.0,7.0,0.8470588235294118,0.15294117647058825
discounted_lints,corr,z48_a0p5_corr_pruned_top10,8,3142,SOLUSDT,val_second,,-9.609180703136989,10.674323749651627,75,0.43513487776439713,True,,,,,,,8.0,4.0,6.0,4.0,6.0,0.8666666666666667,0.13333333333333333
discounted_lints,corr,z48_a0p5_corr_pruned_top10,8,3143,BTCUSDT,val,2000.0,-3.8509826470378816,5.4035790808167565,160,0.7612937783977948,True,0.6055,0.158,0.3205,0.6795,1.0,0.995,9.0,4.0,7.55625,4.0,9.0,0.79375,0.20625
discounted_lints,corr,z48_a0p5_corr_pruned_top10,8,3143,BTCUSDT,val_first,,-1.0898053820612819,4.482059480452783,90,0.8560838082977053,True,,,,,,,8.0,4.0,6.855555555555555,4.0,6.75,0.8,0.2
discounted_lints,corr,z48_a0p5_corr_pruned_top10,8,3143,BTCUSDT,val_second,,-2.7916002750193902,4.604118884774544,69,0.6620573575641151,True,,,,,,,10.0,5.0,8.521739130434783,4.0,9.0,0.782608695652174,0.21739130434782608
discounted_lints,corr,z48_a0p5_corr_pruned_top10,8,3143,ETHUSDT,val,2000.0,-9.631380786004362,9.90959273987646,187,0.6152652399754155,True,0.5285,0.229,0.374,0.626,1.0,0.995,8.0,4.0,5.652406417112299,4.0,5.0,0.9090909090909091,0.09090909090909091
discounted_lints,corr,z48_a0p5_corr_pruned_top10,8,3143,ETHUSDT,val_first,,-3.122763723119215,5.333637804065516,96,0.7284309018271432,True,,,,,,,8.0,4.0,5.75,4.0,5.0,0.8958333333333334,0.10416666666666667
discounted_lints,corr,z48_a0p5_corr_pruned_top10,8,3143,ETHUSDT,val_second,,-6.718417363066731,7.230675974633205,91,0.5153534162166845,True,,,,,,,7.5,4.0,5.549450549450549,4.0,5.0,0.9230769230769231,0.07692307692307693
discounted_lints,corr,z48_a0p5_corr_pruned_top10,8,3143,SOLUSDT,val,2000.0,-6.924372524189537,9.919312248469915,177,0.7268479123021331,True,0.5075,0.2185,0.35350000000000004,0.6465,1.0,0.995,8.0,4.0,5.734463276836158,4.0,5.0,0.8870056497175142,0.11299435028248588
discounted_lints,corr,z48_a0p5_corr_pruned_top10,8,3143,SOLUSDT,val_first,,1.111237832160139,3.651595770982241,89,1.0155378870760827,True,,,,,,,8.5,4.0,6.01123595505618,4.0,6.0,0.8651685393258427,0.1348314606741573
discounted_lints,corr,z48_a0p5_corr_pruned_top10,8,3143,SOLUSDT,val_second,,-7.947296985611441,9.919312248469915,88,0.510572025916341,True,,,,,,,7.0,4.0,5.454545454545454,4.0,4.0,0.9090909090909091,0.09090909090909091
discounted_lints,corr,z48_a0p5_corr_pruned_top10,8,3144,BTCUSDT,val,2000.0,-8.299248699707906,8.70451610602302,168,0.6017540591130456,True,0.6265,0.149,0.3375,0.6625,1.0,0.995,10.0,5.0,7.428571428571429,4.0,8.0,0.8214285714285714,0.17857142857142858
discounted_lints,corr,z48_a0p5_corr_pruned_top10,8,3144,BTCUSDT,val_first,,-4.308638116491581,6.607415017664541,91,0.611855119951037,True,,,,,,,8.5,4.0,6.934065934065934,4.0,8.0,0.8461538461538461,0.15384615384615385
discounted_lints,corr,z48_a0p5_corr_pruned_top10,8,3144,BTCUSDT,val_second,,-4.1702934357589765,5.176584893061742,77,0.5898494509622749,True,,,,,,,11.0,5.0,8.012987012987013,4.0,8.0,0.7922077922077922,0.2077922077922078
discounted_lints,corr,z48_a0p5_corr_pruned_top10,8,3144,ETHUSDT,val,2000.0,-12.069671472591747,14.306915114526031,183,0.5628654199839466,True,0.5405,0.2205,0.36750000000000005,0.6325,1.0,0.995,8.0,4.0,5.885245901639344,4.0,5.5,0.907103825136612,0.09289617486338798
discounted_lints,corr,z48_a0p5_corr_pruned_top10,8,3144,ETHUSDT,val_first,,-1.68274928819947,5.024579348533765,95,0.8076403937700439,True,,,,,,,8.0,4.0,5.757894736842105,4.0,5.0,0.8947368421052632,0.10526315789473684
discounted_lints,corr,z48_a0p5_corr_pruned_top10,8,3144,ETHUSDT,val_second,,-10.564699591569827,12.840234785787551,87,0.39190751275738195,True,,,,,,,8.0,4.0,5.862068965517241,4.0,5.5,0.9310344827586207,0.06896551724137931
discounted_lints,corr,z48_a0p5_corr_pruned_top10,8,3144,SOLUSDT,val,2000.0,-7.0432122710674445,9.3439982476063,172,0.7193313231201364,True,0.5225,0.208,0.34550000000000003,0.6545,1.0,0.995,8.0,4.0,6.0523255813953485,4.0,6.0,0.8837209302325582,0.11627906976744186
discounted_lints,corr,z48_a0p5_corr_pruned_top10,8,3144,SOLUSDT,val_first,,1.7619679833898338,3.9801065530493784,82,1.0641995054582003,True,,,,,,,9.0,4.0,6.7682926829268295,4.0,6.0,0.8414634146341463,0.15853658536585366
discounted_lints,corr,z48_a0p5_corr_pruned_top10,8,3144,SOLUSDT,val_second,,-8.65272206203256,9.157341200520076,90,0.49314387460609765,True,,,,,,,7.5,4.0,5.4,4.0,5.0,0.9222222222222223,0.07777777777777778
discounted_lints,corr,z48_a0p5_corr_pruned_top10,8,3145,BTCUSDT,val,2000.0,-4.450243043523361,6.820229969674574,160,0.7424659983789834,True,0.603,0.148,0.3215,0.6785,1.0,0.995,10.0,5.0,7.475,4.0,9.0,0.8,0.2
discounted_lints,corr,z48_a0p5_corr_pruned_top10,8,3145,BTCUSDT,val_first,,1.097698575370254,2.082496067349804,87,1.0921930115105782,True,,,,,,,9.0,4.0,6.689655172413793,4.0,7.0,0.8275862068965517,0.1724137931034483
discounted_lints,corr,z48_a0p5_corr_pruned_top10,8,3145,BTCUSDT,val_second,,-5.4877031792741615,6.682328570828044,73,0.45395780780183337,True,,,,,,,11.0,6.0,8.41095890410959,4.0,9.0,0.7671232876712328,0.2328767123287671
discounted_lints,corr,z48_a0p5_corr_pruned_top10,8,3145,ETHUSDT,val,2000.0,-12.728292677141074,14.130869471757245,185,0.5377707566422208,True,0.5255,0.23,0.37,0.63,1.0,0.995,7.0,4.0,5.681081081081081,4.0,5.0,0.8972972972972973,0.10270270270270271
discounted_lints,corr,z48_a0p5_corr_pruned_top10,8,3145,ETHUSDT,val_first,,-3.0969174616007122,5.679350945268569,92,0.70652643868829,True,,,,,,,9.0,4.0,5.836956521739131,4.0,6.0,0.8913043478260869,0.10869565217391304
discounted_lints,corr,z48_a0p5_corr_pruned_top10,8,3145,ETHUSDT,val_second,,-9.939183525687934,11.430836478111761,92,0.41540034948224774,True,,,,,,,7.0,4.0,5.380434782608695,4.0,4.25,0.9130434782608695,0.08695652173913043
discounted_lints,corr,z48_a0p5_corr_pruned_top10,8,3145,SOLUSDT,val,2000.0,-4.856592909244939,9.704304505886086,170,0.7912763869145161,True,0.495,0.212,0.3415,0.6585,1.0,0.995,8.0,4.0,5.8,4.0,5.0,0.8705882352941177,0.12941176470588237
discounted_lints,corr,z48_a0p5_corr_pruned_top10,8,3145,SOLUSDT,val_first,,3.0180309334969513,3.10152416034567,92,1.1717329922633948,True,,,,,,,9.0,4.0,5.913043478260869,4.0,6.0,0.8695652173913043,0.13043478260869565
discounted_lints,corr,z48_a0p5_corr_pruned_top10,8,3145,SOLUSDT,val_second,,-7.64392773904341,8.996214714121752,78,0.49743625329487534,True,,,,,,,7.5,4.0,5.666666666666667,4.0,5.0,0.8717948717948718,0.1282051282051282
discounted_lints,corr,z48_a0p5_corr_pruned_top10,8,3146,BTCUSDT,val,2000.0,-7.488354600458946,8.675934373167815,153,0.6247814909599714,True,0.6195,0.1135,0.3075,0.6925,1.0,0.995,10.0,5.0,8.026143790849673,4.0,8.0,0.7908496732026143,0.20915032679738563
discounted_lints,corr,z48_a0p5_corr_pruned_top10,8,3146,BTCUSDT,val_first,,-1.7382878088326503,4.490440352613668,79,0.797243892233192,True,,,,,,,9.0,5.0,7.7594936708860756,4.0,7.0,0.7974683544303798,0.20253164556962025
discounted_lints,corr,z48_a0p5_corr_pruned_top10,8,3146,BTCUSDT,val_second,,-5.851787703881639,7.139888658728943,74,0.4630487841807968,True,,,,,,,11.0,5.0,8.31081081081081,4.0,8.75,0.7837837837837838,0.21621621621621623
discounted_lints,corr,z48_a0p5_corr_pruned_top10,8,3146,ETHUSDT,val,2000.0,-11.008617237993645,13.23706677779618,192,0.5879451132112629,True,0.5305,0.2615,0.38549999999999995,0.6145,1.0,0.995,8.0,4.0,5.505208333333333,4.0,5.0,0.9375,0.0625
discounted_lints,corr,z48_a0p5_corr_pruned_top10,8,3146,ETHUSDT,val_first,,-3.974176190360712,6.619950172676525,99,0.6758228186939114,True,,,,,,,8.0,4.0,5.595959595959596,4.0,6.0,0.9292929292929293,0.0707070707070707
discounted_lints,corr,z48_a0p5_corr_pruned_top10,8,3146,ETHUSDT,val_second,,-7.325572193556962,9.646249539913532,93,0.5142202274688145,True,,,,,,,8.0,4.0,5.408602150537634,4.0,5.0,0.946236559139785,0.053763440860215055
discounted_lints,corr,z48_a0p5_corr_pruned_top10,8,3146,SOLUSDT,val,2000.0,-3.6427763187238504,8.640176187206372,175,0.8230215277876858,True,0.5235,0.211,0.35050000000000003,0.6495,1.0,0.995,8.0,4.0,5.9714285714285715,4.0,5.0,0.88,0.12
discounted_lints,corr,z48_a0p5_corr_pruned_top10,8,3146,SOLUSDT,val_first,,3.3195743184824877,4.475704790880308,91,1.2070956550405356,True,,,,,,,8.0,4.0,6.131868131868132,4.0,7.0,0.8901098901098901,0.10989010989010989
discounted_lints,corr,z48_a0p5_corr_pruned_top10,8,3146,SOLUSDT,val_second,,-6.738655945043758,8.640176187206372,84,0.5830306109650436,True,,,,,,,8.0,4.0,5.7976190476190474,4.0,5.0,0.8690476190476191,0.13095238095238096
discounted_lints,corr,z48_a0p5_corr_pruned_top10,9,3142,BTCUSDT,val,2000.0,-3.527550601072338,5.5631693777247975,127,0.7636465145681569,True,0.5925,0.115,0.25549999999999995,0.7445,1.0,0.995,11.0,4.0,9.11023622047244,4.0,10.5,0.7165354330708661,0.28346456692913385
discounted_lints,corr,z48_a0p5_corr_pruned_top10,9,3142,BTCUSDT,val_first,,-0.05399844253766162,3.6814638397343336,67,0.952256009636051,True,,,,,,,9.5,4.0,8.776119402985074,4.0,12.0,0.7014925373134329,0.29850746268656714
discounted_lints,corr,z48_a0p5_corr_pruned_top10,9,3142,BTCUSDT,val_second,,-3.475428835977601,5.5631693777247975,60,0.5830164690385365,True,,,,,,,12.0,4.5,9.483333333333333,4.0,10.0,0.7333333333333333,0.26666666666666666
discounted_lints,corr,z48_a0p5_corr_pruned_top10,9,3142,ETHUSDT,val,2000.0,-9.447501301974427,11.604962668024932,158,0.5919315978178551,True,0.499,0.198,0.3175,0.6825,1.0,0.995,8.0,4.0,6.291139240506329,4.0,5.0,0.8860759493670886,0.11392405063291139
discounted_lints,corr,z48_a0p5_corr_pruned_top10,9,3142,ETHUSDT,val_first,,-1.8197511566033775,4.7743440334263365,77,0.7684738523826147,True,,,,,,,9.0,4.0,6.467532467532467,4.0,5.0,0.8701298701298701,0.12987012987012986
discounted_lints,corr,z48_a0p5_corr_pruned_top10,9,3142,ETHUSDT,val_second,,-7.769128959468996,9.966578437817542,80,0.4572521265033382,True,,,,,,,8.0,4.0,5.95,4.0,5.0,0.9125,0.0875
discounted_lints,corr,z48_a0p5_corr_pruned_top10,9,3142,SOLUSDT,val,2000.0,-3.5604746834694945,7.920995703737188,146,0.8189416123009912,True,0.4735,0.1855,0.2935,0.7065,1.0,0.995,8.0,4.0,6.458904109589041,4.0,5.75,0.815068493150685,0.18493150684931506
discounted_lints,corr,z48_a0p5_corr_pruned_top10,9,3142,SOLUSDT,val_first,,1.5353397898904664,3.800285380255608,74,1.0783541568755206,True,,,,,,,11.0,4.0,6.8108108108108105,4.0,8.5,0.7702702702702703,0.22972972972972974
discounted_lints,corr,z48_a0p5_corr_pruned_top10,9,3142,SOLUSDT,val_second,,-5.018759462375211,7.920995703737188,72,0.6467805146766589,True,,,,,,,7.0,4.0,6.097222222222222,4.0,5.0,0.8611111111111112,0.1388888888888889
discounted_lints,corr,z48_a0p5_corr_pruned_top10,9,3143,BTCUSDT,val,2000.0,-1.7037601960839366,4.269636152382528,117,0.8682279506737436,True,0.5895,0.0935,0.23550000000000004,0.7645,1.0,0.995,11.0,5.0,10.025641025641026,4.0,12.0,0.7008547008547008,0.29914529914529914
discounted_lints,corr,z48_a0p5_corr_pruned_top10,9,3143,BTCUSDT,val_first,,-0.5034173310788259,3.831391882988866,66,0.8990133135285171,True,,,,,,,10.0,5.0,9.106060606060606,4.0,11.0,0.7272727272727273,0.2727272727272727
discounted_lints,corr,z48_a0p5_corr_pruned_top10,9,3143,BTCUSDT,val_second,,-1.2064161731054623,4.001506392450982,51,0.8290561629779396,True,,,,,,,14.0,5.0,11.215686274509803,4.0,12.0,0.6666666666666666,0.3333333333333333
discounted_lints,corr,z48_a0p5_corr_pruned_top10,9,3143,ETHUSDT,val,2000.0,-9.84530743786165,11.890848626417549,150,0.5769292967828901,True,0.486,0.192,0.2995,0.7005,1.0,0.995,8.0,4.0,6.48,4.0,6.0,0.8666666666666667,0.13333333333333333
discounted_lints,corr,z48_a0p5_corr_pruned_top10,9,3143,ETHUSDT,val_first,,-4.23693372052607,7.446055044882794,74,0.6383924982629706,True,,,,,,,10.0,4.0,6.783783783783784,4.0,6.0,0.8378378378378378,0.16216216216216217
discounted_lints,corr,z48_a0p5_corr_pruned_top10,9,3143,ETHUSDT,val_second,,-5.856510171644002,8.152908001233062,76,0.5150538387029302,True,,,,,,,8.0,4.0,6.184210526315789,4.0,4.0,0.8947368421052632,0.10526315789473684
discounted_lints,corr,z48_a0p5_corr_pruned_top10,9,3143,SOLUSDT,val,2000.0,-5.762323710883521,9.38020346802112,142,0.7409351356141315,True,0.4805,0.1715,0.2855,0.7145,1.0,0.995,9.5,4.0,6.73943661971831,4.0,6.75,0.8098591549295775,0.19014084507042253
discounted_lints,corr,z48_a0p5_corr_pruned_top10,9,3143,SOLUSDT,val_first,,1.882476398124977,3.328495323012959,76,1.0960929478905306,True,,,,,,,10.0,4.0,6.894736842105263,4.0,7.5,0.7763157894736842,0.2236842105263158
discounted_lints,corr,z48_a0p5_corr_pruned_top10,9,3143,SOLUSDT,val_second,,-7.50354759648264,9.38020346802112,66,0.5153075955343107,True,,,,,,,8.0,4.0,6.5606060606060606,4.0,5.0,0.8484848484848485,0.15151515151515152
discounted_lints,corr,z48_a0p5_corr_pruned_top10,9,3144,BTCUSDT,val,2000.0,-3.585899958487204,5.433156131877281,125,0.7544872222326654,True,0.595,0.0985,0.25149999999999995,0.7485,1.0,0.995,11.0,5.0,9.464,4.0,11.0,0.72,0.28
discounted_lints,corr,z48_a0p5_corr_pruned_top10,9,3144,BTCUSDT,val_first,,-1.8829588612536696,4.98277417436126,69,0.7668845490332923,True,,,,,,,10.5,4.0,8.971014492753623,4.0,11.0,0.7101449275362319,0.2898550724637681
discounted_lints,corr,z48_a0p5_corr_pruned_top10,9,3144,BTCUSDT,val_second,,-1.7356221482723089,3.9621084658300276,56,0.7357279174141934,True,,,,,,,12.5,5.0,10.071428571428571,4.0,11.25,0.7321428571428571,0.26785714285714285
discounted_lints,corr,z48_a0p5_corr_pruned_top10,9,3144,ETHUSDT,val,2000.0,-9.562696866554067,11.664481909478342,158,0.5850042557841002,True,0.495,0.1985,0.31599999999999995,0.684,1.0,0.995,8.0,4.0,6.265822784810126,4.0,5.0,0.8734177215189873,0.12658227848101267
discounted_lints,corr,z48_a0p5_corr_pruned_top10,9,3144,ETHUSDT,val_first,,-3.1298731810181835,5.802710562584679,79,0.6926489119854283,True,,,,,,,9.0,4.0,6.1645569620253164,4.0,5.0,0.8607594936708861,0.13924050632911392
discounted_lints,corr,z48_a0p5_corr_pruned_top10,9,3144,ETHUSDT,val_second,,-6.64066817787562,8.810361882160578,78,0.47557050175753274,True,,,,,,,8.0,4.0,6.1923076923076925,4.0,5.0,0.8974358974358975,0.10256410256410256
discounted_lints,corr,z48_a0p5_corr_pruned_top10,9,3144,SOLUSDT,val,2000.0,-6.935751967950299,11.060878031499922,145,0.6956588296421383,True,0.497,0.17,0.2895,0.7105,1.0,0.995,8.5,4.0,6.855172413793103,4.0,5.0,0.8275862068965517,0.1724137931034483
discounted_lints,corr,z48_a0p5_corr_pruned_top10,9,3144,SOLUSDT,val_first,,2.117134461680936,4.421522125481414,78,1.0955550847414346,True,,,,,,,10.0,4.0,6.743589743589744,4.0,7.0,0.8076923076923077,0.19230769230769232
discounted_lints,corr,z48_a0p5_corr_pruned_top10,9,3144,SOLUSDT,val_second,,-8.865198262127393,11.060878031499922,67,0.41544685371511925,True,,,,,,,8.0,4.0,6.985074626865671,4.0,5.0,0.8507462686567164,0.14925373134328357
discounted_lints,corr,z48_a0p5_corr_pruned_top10,9,3145,BTCUSDT,val,2000.0,-2.889403302939453,4.606644706574315,126,0.7999407125626097,True,0.5725,0.121,0.25349999999999995,0.7465,1.0,0.995,11.0,4.0,9.03968253968254,4.0,11.0,0.7063492063492064,0.29365079365079366
discounted_lints,corr,z48_a0p5_corr_pruned_top10,9,3145,BTCUSDT,val_first,,-0.3037870510823937,3.678525443243741,68,0.9247450037381276,True,,,,,,,11.0,4.0,8.720588235294118,4.0,11.0,0.7058823529411765,0.29411764705882354
discounted_lints,corr,z48_a0p5_corr_pruned_top10,9,3145,BTCUSDT,val_second,,-2.593494953696873,4.606644706574315,58,0.6679189631276173,True,,,,,,,12.5,4.0,9.413793103448276,4.0,10.75,0.7068965517241379,0.29310344827586204
discounted_lints,corr,z48_a0p5_corr_pruned_top10,9,3145,ETHUSDT,val,2000.0,-9.641781151995389,13.16044592600434,159,0.5742514443309853,True,0.505,0.197,0.31799999999999995,0.682,1.0,0.995,8.0,4.0,6.352201257861635,4.0,5.0,0.8616352201257862,0.13836477987421383
discounted_lints,corr,z48_a0p5_corr_pruned_top10,9,3145,ETHUSDT,val_first,,-3.9309965943069236,6.680559246599094,75,0.5919753749541214,True,,,,,,,9.0,4.0,6.586666666666667,4.0,6.0,0.84,0.16
discounted_lints,corr,z48_a0p5_corr_pruned_top10,9,3145,ETHUSDT,val_second,,-5.944461121941902,9.607104273500266,83,0.5520468788516382,True,,,,,,,7.0,4.0,5.9879518072289155,4.0,5.0,0.891566265060241,0.10843373493975904
discounted_lints,corr,z48_a0p5_corr_pruned_top10,9,3145,SOLUSDT,val,2000.0,-6.834831222405913,9.403887921904674,142,0.7001532566265055,True,0.4855,0.174,0.28500000000000003,0.715,1.0,0.995,9.0,4.0,6.816901408450704,4.0,6.0,0.8450704225352113,0.15492957746478872
discounted_lints,corr,z48_a0p5_corr_pruned_top10,9,3145,SOLUSDT,val_first,,0.15592000730373368,5.250048700506326,73,0.9560882404175683,True,,,,,,,10.5,4.0,6.958904109589041,4.0,8.0,0.8082191780821918,0.1917808219178082
discounted_lints,corr,z48_a0p5_corr_pruned_top10,9,3145,SOLUSDT,val_second,,-6.979868218673301,9.403887921904674,69,0.5134224370195222,True,,,,,,,8.0,4.0,6.666666666666667,4.0,5.0,0.8840579710144928,0.11594202898550725
discounted_lints,corr,z48_a0p5_corr_pruned_top10,9,3146,BTCUSDT,val,2000.0,-1.9355037204033199,3.929591909621266,128,0.8478241617961331,True,0.5835,0.121,0.25749999999999995,0.7425,1.0,0.995,11.0,5.0,8.890625,4.0,9.0,0.7578125,0.2421875
discounted_lints,corr,z48_a0p5_corr_pruned_top10,9,3146,BTCUSDT,val_first,,-0.4733773810159825,3.929591909621266,70,0.9057465867957152,True,,,,,,,10.0,4.5,8.557142857142857,4.0,9.0,0.7571428571428571,0.24285714285714285
discounted_lints,corr,z48_a0p5_corr_pruned_top10,9,3146,BTCUSDT,val_second,,-1.4690806348214736,3.4602121576186584,58,0.7635178445430348,True,,,,,,,12.0,5.0,9.293103448275861,4.0,8.75,0.7586206896551724,0.2413793103448276
discounted_lints,corr,z48_a0p5_corr_pruned_top10,9,3146,ETHUSDT,val,2000.0,-11.487735197271876,13.203614959664478,159,0.5115017124469818,True,0.4915,0.1945,0.31799999999999995,0.682,1.0,0.995,8.0,4.0,6.182389937106918,4.0,5.0,0.8742138364779874,0.12578616352201258
discounted_lints,corr,z48_a0p5_corr_pruned_top10,9,3146,ETHUSDT,val_first,,-2.3080590808493007,5.091356407556735,77,0.7356951946222319,True,,,,,,,9.0,4.0,6.402597402597403,4.0,6.0,0.8311688311688312,0.16883116883116883
discounted_lints,corr,z48_a0p5_corr_pruned_top10,9,3146,ETHUSDT,val_second,,-9.396554137479585,11.152973086932827,81,0.333186744902776,True,,,,,,,8.0,4.0,5.802469135802469,4.0,5.0,0.9259259259259259,0.07407407407407407
discounted_lints,corr,z48_a0p5_corr_pruned_top10,9,3146,SOLUSDT,val,2000.0,-6.075361414368386,9.37515215957796,148,0.7162637651491032,True,0.483,0.183,0.2965,0.7035,1.0,0.995,8.0,4.0,6.513513513513513,4.0,5.0,0.8445945945945946,0.1554054054054054
discounted_lints,corr,z48_a0p5_corr_pruned_top10,9,3146,SOLUSDT,val_first,,0.13764520492314247,3.4240621693514273,81,0.952854474456388,True,,,,,,,9.0,4.0,6.37037037037037,4.0,6.0,0.8271604938271605,0.1728395061728395
discounted_lints,corr,z48_a0p5_corr_pruned_top10,9,3146,SOLUSDT,val_second,,-6.204466468706293,9.37515215957796,67,0.5479132157486601,True,,,,,,,7.0,4.0,6.686567164179104,4.0,5.0,0.8656716417910447,0.13432835820895522
discounted_lints,corr,z48_a0p5_corr_pruned_top10,10,3142,BTCUSDT,val,2000.0,2.9708629174144408,2.580465780602459,97,1.2445851276314335,True,0.6115,0.0715,0.1955,0.8045,1.0,0.995,14.0,7.0,12.371134020618557,4.0,15.0,0.6082474226804123,0.3917525773195876
discounted_lints,corr,z48_a0p5_corr_pruned_top10,10,3142,BTCUSDT,val_first,,2.122651352767524,2.580465780602459,60,1.237439476431813,True,,,,,,,11.0,5.0,10.133333333333333,4.0,13.0,0.6666666666666666,0.3333333333333333
discounted_lints,corr,z48_a0p5_corr_pruned_top10,10,3142,BTCUSDT,val_second,,0.8305812211209629,2.377707025673248,37,1.2558941124152383,True,,,,,,,23.0,9.0,16.0,5.0,23.0,0.5135135135135135,0.4864864864864865
discounted_lints,corr,z48_a0p5_corr_pruned_top10,10,3142,ETHUSDT,val,2000.0,-7.547780018087313,9.998613139955326,166,0.6507906349677451,True,0.5005,0.2085,0.3335,0.6665,1.0,0.995,8.0,4.0,6.006024096385542,4.0,5.0,0.891566265060241,0.10843373493975904
discounted_lints,corr,z48_a0p5_corr_pruned_top10,10,3142,ETHUSDT,val_first,,-1.0333030447753466,4.385708466957883,83,0.8377930858292215,True,,,,,,,9.0,4.0,5.951807228915663,4.0,6.0,0.8795180722891566,0.12048192771084337
discounted_lints,corr,z48_a0p5_corr_pruned_top10,10,3142,ETHUSDT,val_second,,-6.58249408511562,9.27217771763954,82,0.505525132660562,True,,,,,,,7.0,4.0,5.890243902439025,4.0,5.0,0.9146341463414634,0.08536585365853659
discounted_lints,corr,z48_a0p5_corr_pruned_top10,10,3142,SOLUSDT,val,2000.0,-5.877274678857891,9.102237455573237,160,0.7509613136586203,True,0.519,0.191,0.3215,0.6785,1.0,0.995,9.0,4.0,6.4625,4.0,6.0,0.85,0.15
discounted_lints,corr,z48_a0p5_corr_pruned_top10,10,3142,SOLUSDT,val_first,,0.23589980619151962,4.698257884615087,83,0.9505220498161105,True,,,,,,,10.0,4.0,6.710843373493976,4.0,8.0,0.8313253012048193,0.1686746987951807
discounted_lints,corr,z48_a0p5_corr_pruned_top10,10,3142,SOLUSDT,val_second,,-6.098787457257693,9.102237455573237,77,0.5959241056071402,True,,,,,,,8.0,4.0,6.194805194805195,4.0,5.0,0.8701298701298701,0.12987012987012986
discounted_lints,corr,z48_a0p5_corr_pruned_top10,10,3143,BTCUSDT,val,2000.0,1.1297403883784307,2.7417513908963076,114,1.0860980341344695,True,0.592,0.0975,0.22950000000000004,0.7705,1.0,0.995,12.5,5.0,10.18421052631579,4.0,12.0,0.6666666666666666,0.3333333333333333
discounted_lints,corr,z48_a0p5_corr_pruned_top10,10,3143,BTCUSDT,val_first,,0.9687812719502142,2.7417513908963076,71,1.0839866660612754,True,,,,,,,11.0,4.0,8.253521126760564,4.0,10.5,0.7183098591549296,0.28169014084507044
discounted_lints,corr,z48_a0p5_corr_pruned_top10,10,3143,BTCUSDT,val_second,,0.15941473631801983,2.693465672801887,43,1.089402092365014,True,,,,,,,18.0,8.0,13.372093023255815,4.0,18.0,0.5813953488372093,0.4186046511627907
discounted_lints,corr,z48_a0p5_corr_pruned_top10,10,3143,ETHUSDT,val,2000.0,-5.473678542702065,8.350433936300018,165,0.7263924211992945,True,0.4895,0.208,0.32999999999999996,0.67,1.0,0.995,8.0,4.0,5.933333333333334,4.0,5.0,0.9030303030303031,0.09696969696969697
discounted_lints,corr,z48_a0p5_corr_pruned_top10,10,3143,ETHUSDT,val_first,,-0.22528203135029345,4.01443694292225,83,0.9138792357376696,True,,,,,,,9.0,4.0,5.807228915662651,4.0,5.5,0.9036144578313253,0.0963855421686747
discounted_lints,corr,z48_a0p5_corr_pruned_top10,10,3143,ETHUSDT,val_second,,-5.2602469024276015,8.350433936300018,81,0.5735312254731865,True,,,,,,,8.0,4.0,5.888888888888889,4.0,5.0,0.9135802469135802,0.08641975308641975
discounted_lints,corr,z48_a0p5_corr_pruned_top10,10,3143,SOLUSDT,val,2000.0,-5.471890219296127,8.036482715094163,159,0.7575622808337844,True,0.491,0.199,0.3185,0.6815,1.0,0.995,8.0,4.0,6.163522012578617,4.0,5.5,0.8679245283018868,0.1320754716981132
discounted_lints,corr,z48_a0p5_corr_pruned_top10,10,3143,SOLUSDT,val_first,,-0.31756536865789053,5.275018296927525,85,0.9102192312386618,True,,,,,,,9.0,4.0,6.294117647058823,4.0,7.0,0.8588235294117647,0.1411764705882353
discounted_lints,corr,z48_a0p5_corr_pruned_top10,10,3143,SOLUSDT,val_second,,-5.170745347162309,7.706344312245972,74,0.6380300973813842,True,,,,,,,7.0,4.0,6.013513513513513,4.0,4.75,0.8783783783783784,0.12162162162162163
discounted_lints,corr,z48_a0p5_corr_pruned_top10,10,3144,BTCUSDT,val,2000.0,2.793333255484609,2.4629063103308035,94,1.2357651516824615,True,0.6135,0.064,0.1895,0.8105,1.0,0.995,15.0,7.0,12.808510638297872,4.0,17.0,0.5851063829787234,0.4148936170212766
discounted_lints,corr,z48_a0p5_corr_pruned_top10,10,3144,BTCUSDT,val_first,,2.2675638760058847,2.161592165049797,57,1.282757401676669,True,,,,,,,12.0,6.0,10.0,4.0,14.0,0.6491228070175439,0.3508771929824561
discounted_lints,corr,z48_a0p5_corr_pruned_top10,10,3144,BTCUSDT,val_second,,0.5141115712076427,2.4629063103308035,36,1.0939260602838907,True,,,,,,,20.0,9.5,16.333333333333332,5.75,21.75,0.5,0.5
discounted_lints,corr,z48_a0p5_corr_pruned_top10,10,3144,ETHUSDT,val,2000.0,-5.0681160799281315,7.864840576635002,162,0.7391571810892495,True,0.4955,0.2005,0.32399999999999995,0.676,1.0,0.995,8.0,4.0,6.117283950617284,4.0,6.0,0.9074074074074074,0.09259259259259259
discounted_lints,corr,z48_a0p5_corr_pruned_top10,10,3144,ETHUSDT,val_first,,-0.20427418041757406,4.007713075627006,82,0.918332315519442,True,,,,,,,9.0,4.0,5.975609756097561,4.0,6.0,0.9146341463414634,0.08536585365853659
discounted_lints,corr,z48_a0p5_corr_pruned_top10,10,3144,ETHUSDT,val_second,,-4.873797810042236,7.864840576635002,79,0.5900500683547102,True,,,,,,,8.0,4.0,6.0886075949367084,4.0,5.0,0.9113924050632911,0.08860759493670886
discounted_lints,corr,z48_a0p5_corr_pruned_top10,10,3144,SOLUSDT,val,2000.0,-4.961312928529882,8.595895513101748,153,0.7598653741023467,True,0.494,0.1805,0.30600000000000005,0.694,1.0,0.995,9.0,4.0,6.457516339869281,4.0,6.0,0.8366013071895425,0.16339869281045752
discounted_lints,corr,z48_a0p5_corr_pruned_top10,10,3144,SOLUSDT,val_first,,0.21359189224354758,5.249806453321915,81,0.9517692879806825,True,,,,,,,10.0,4.0,6.814814814814815,4.0,7.0,0.8148148148148148,0.18518518518518517
discounted_lints,corr,z48_a0p5_corr_pruned_top10,10,3144,SOLUSDT,val_second,,-5.163875202016355,8.595895513101748,72,0.6054476313370972,True,,,,,,,8.0,4.0,6.055555555555555,4.0,4.25,0.8611111111111112,0.1388888888888889
discounted_lints,corr,z48_a0p5_corr_pruned_top10,10,3145,BTCUSDT,val,2000.0,2.5020256816772557,2.716325451470214,111,1.205187124975573,True,0.584,0.087,0.22350000000000003,0.7765,1.0,0.995,12.0,6.0,10.315315315315315,4.0,13.0,0.6486486486486487,0.35135135135135137
discounted_lints,corr,z48_a0p5_corr_pruned_top10,10,3145,BTCUSDT,val_first,,2.9233735168028074,2.4597814888059455,62,1.3872174824774897,True,,,,,,,12.0,6.5,9.419354838709678,4.0,13.0,0.6129032258064516,0.3870967741935484
discounted_lints,corr,z48_a0p5_corr_pruned_top10,10,3145,BTCUSDT,val_second,,-0.4093801249691609,2.716325451470214,49,0.9738704306213034,True,,,,,,,13.0,6.0,11.448979591836734,4.0,12.0,0.6938775510204082,0.30612244897959184
discounted_lints,corr,z48_a0p5_corr_pruned_top10,10,3145,ETHUSDT,val,2000.0,-6.734332405481269,8.822707363049542,163,0.6677589475939858,True,0.4975,0.2,0.32599999999999996,0.674,1.0,0.995,8.5,4.0,6.104294478527607,4.0,6.0,0.8773006134969326,0.12269938650306748
discounted_lints,corr,z48_a0p5_corr_pruned_top10,10,3145,ETHUSDT,val_first,,-1.158999075262146,5.391753292494372,82,0.8327366395306273,True,,,,,,,9.0,4.0,6.121951219512195,4.0,6.0,0.8536585365853658,0.14634146341463414
discounted_lints,corr,z48_a0p5_corr_pruned_top10,10,3145,ETHUSDT,val_second,,-5.640709096485619,8.290800530831488,80,0.527208177867458,True,,,,,,,8.0,4.0,5.925,4.0,5.0,0.9125,0.0875
discounted_lints,corr,z48_a0p5_corr_pruned_top10,10,3145,SOLUSDT,val,2000.0,-6.987677361932354,10.480615928235448,158,0.714864872680862,True,0.4965,0.1945,0.3175,0.6825,1.0,0.995,8.0,4.0,6.2594936708860756,4.0,6.0,0.8607594936708861,0.13924050632911392
discounted_lints,corr,z48_a0p5_corr_pruned_top10,10,3145,SOLUSDT,val_first,,1.5772837262503447,4.5014885114549985,84,1.0497890796148255,True,,,,,,,9.0,4.0,6.5,4.0,7.0,0.8690476190476191,0.13095238095238096
discounted_lints,corr,z48_a0p5_corr_pruned_top10,10,3145,SOLUSDT,val_second,,-8.431965075247705,9.892473040599914,74,0.4553296132922455,True,,,,,,,7.0,4.0,5.986486486486487,4.0,5.0,0.8513513513513513,0.14864864864864866
discounted_lints,corr,z48_a0p5_corr_pruned_top10,10,3146,BTCUSDT,val,2000.0,0.9008903742824037,3.0504036227086417,100,1.0665799770061344,True,0.607,0.075,0.2015,0.7985,1.0,0.995,15.0,7.0,11.91,4.0,15.25,0.59,0.41
discounted_lints,corr,z48_a0p5_corr_pruned_top10,10,3146,BTCUSDT,val_first,,1.8548437389938721,2.696012112644175,61,1.2062378108725544,True,,,,,,,12.0,5.0,9.147540983606557,4.0,13.0,0.639344262295082,0.36065573770491804
discounted_lints,corr,z48_a0p5_corr_pruned_top10,10,3146,BTCUSDT,val_second,,-0.9365812461074707,3.0504036227086417,38,0.8528756427277124,True,,,,,,,20.5,8.5,15.473684210526315,5.0,21.0,0.5263157894736842,0.47368421052631576
discounted_lints,corr,z48_a0p5_corr_pruned_top10,10,3146,ETHUSDT,val,2000.0,-7.047375374758669,9.347728801302912,159,0.6599562961176507,True,0.485,0.206,0.31799999999999995,0.682,1.0,0.995,8.5,4.0,6.10062893081761,4.0,5.0,0.8742138364779874,0.12578616352201258
discounted_lints,corr,z48_a0p5_corr_pruned_top10,10,3146,ETHUSDT,val_first,,-2.2859604074042195,5.5332472489716515,80,0.7557566650916268,True,,,,,,,9.0,4.0,6.275,4.0,6.0,0.8375,0.1625
discounted_lints,corr,z48_a0p5_corr_pruned_top10,10,3146,ETHUSDT,val_second,,-4.872805368815447,7.826925550479558,79,0.5787029573282556,True,,,,,,,8.0,4.0,5.924050632911392,4.0,5.0,0.9113924050632911,0.08860759493670886
discounted_lints,corr,z48_a0p5_corr_pruned_top10,10,3146,SOLUSDT,val,2000.0,-4.108490922695696,8.06363401877549,162,0.8039796474349621,True,0.479,0.2085,0.3245,0.6755,1.0,0.995,8.0,4.0,5.901234567901234,4.0,5.0,0.8580246913580247,0.1419753086419753
discounted_lints,corr,z48_a0p5_corr_pruned_top10,10,3146,SOLUSDT,val_first,,1.053828034808424,4.381584427004615,86,1.0142687578208696,True,,,,,,,9.0,4.0,6.058139534883721,4.0,5.0,0.8372093023255814,0.16279069767441862
discounted_lints,corr,z48_a0p5_corr_pruned_top10,10,3146,SOLUSDT,val_second,,-5.108484317611328,7.478403728833483,76,0.63271173672173,True,,,,,,,7.0,4.0,5.723684210526316,4.0,4.25,0.881578947368421,0.11842105263157894
discounted_lints,corr,z48_a0p5_corr_pruned_top10,11,3142,BTCUSDT,val,2000.0,2.8323951516848522,2.501316972467016,102,1.2293664927436254,True,0.6135,0.0755,0.20550000000000002,0.7945,1.0,0.995,15.0,7.5,11.803921568627452,4.0,14.0,0.5980392156862745,0.4019607843137255
discounted_lints,corr,z48_a0p5_corr_pruned_top10,11,3142,BTCUSDT,val_first,,2.4910674607962813,2.501316972467016,59,1.2898778251579521,True,,,,,,,13.0,5.0,10.457627118644067,4.0,14.0,0.5932203389830508,0.4067796610169492
discounted_lints,corr,z48_a0p5_corr_pruned_top10,11,3142,BTCUSDT,val_second,,0.3330316478742379,2.2871581240950345,43,1.1386629101631127,True,,,,,,,16.0,8.0,13.651162790697674,4.5,16.0,0.6046511627906976,0.3953488372093023
discounted_lints,corr,z48_a0p5_corr_pruned_top10,11,3142,ETHUSDT,val,2000.0,-5.750220316883925,8.54245583882266,162,0.7107341599430472,True,0.485,0.2095,0.32399999999999995,0.676,1.0,0.995,8.0,4.0,5.987654320987654,4.0,5.0,0.8703703703703703,0.12962962962962962
discounted_lints,corr,z48_a0p5_corr_pruned_top10,11,3142,ETHUSDT,val_first,,0.3398240205204184,4.266538509728745,81,0.993746682222518,True,,,,,,,8.5,4.0,6.08641975308642,4.0,5.0,0.8518518518518519,0.14814814814814814
discounted_lints,corr,z48_a0p5_corr_pruned_top10,11,3142,ETHUSDT,val_second,,-6.069418993757525,8.54245583882266,81,0.5189356088467432,True,,,,,,,8.0,4.0,5.888888888888889,4.0,5.0,0.8888888888888888,0.1111111111111111
discounted_lints,corr,z48_a0p5_corr_pruned_top10,11,3142,SOLUSDT,val,2000.0,-7.326676236052332,9.49572178682141,156,0.6977160763580963,True,0.481,0.202,0.3125,0.6875,1.0,0.995,8.0,4.0,6.153846153846154,4.0,6.0,0.8589743589743589,0.14102564102564102
discounted_lints,corr,z48_a0p5_corr_pruned_top10,11,3142,SOLUSDT,val_first,,-0.1700324598193692,5.214527670488578,83,0.918867768725044,True,,,,,,,9.0,4.0,6.313253012048193,4.0,6.0,0.8554216867469879,0.14457831325301204
discounted_lints,corr,z48_a0p5_corr_pruned_top10,11,3142,SOLUSDT,val_second,,-7.168833119526441,8.355429969871796,73,0.5268499520599388,True,,,,,,,7.0,4.0,5.972602739726027,4.0,5.0,0.863013698630137,0.136986301369863
discounted_lints,corr,z48_a0p5_corr_pruned_top10,11,3143,BTCUSDT,val,2000.0,1.2895774770493862,3.4499568565089955,92,1.0995051712975907,True,0.639,0.066,0.1855,0.8145,1.0,0.995,14.5,7.0,13.641304347826088,4.0,16.25,0.6086956521739131,0.391304347826087
discounted_lints,corr,z48_a0p5_corr_pruned_top10,11,3143,BTCUSDT,val_first,,2.108452277068884,2.5484836272558153,54,1.2229731605409349,True,,,,,,,11.5,5.0,10.38888888888889,4.0,12.75,0.6666666666666666,0.3333333333333333
discounted_lints,corr,z48_a0p5_corr_pruned_top10,11,3143,BTCUSDT,val_second,,-0.8019657352140719,3.4499568565089955,37,0.8512655310940243,True,,,,,,,22.0,8.0,16.594594594594593,5.0,29.0,0.5405405405405406,0.4594594594594595
discounted_lints,corr,z48_a0p5_corr_pruned_top10,11,3143,ETHUSDT,val,2000.0,-9.59726055640967,10.710109169149218,168,0.5875115332390527,True,0.483,0.232,0.3375,0.6625,1.0,0.995,8.0,4.0,5.726190476190476,4.0,5.0,0.8988095238095238,0.10119047619047619
discounted_lints,corr,z48_a0p5_corr_pruned_top10,11,3143,ETHUSDT,val_first,,-2.429418373442005,5.605649729842299,83,0.7421239281991462,True,,,,,,,9.0,4.0,5.975903614457831,4.0,5.0,0.8674698795180723,0.13253012048192772
discounted_lints,corr,z48_a0p5_corr_pruned_top10,11,3143,ETHUSDT,val_second,,-7.346314907091445,8.486872433948156,85,0.47358063668168343,True,,,,,,,7.0,4.0,5.482352941176471,4.0,4.0,0.9294117647058824,0.07058823529411765
discounted_lints,corr,z48_a0p5_corr_pruned_top10,11,3143,SOLUSDT,val,2000.0,-5.017684551843415,8.590109905264388,165,0.7784407303013786,True,0.48,0.2225,0.3315,0.6685,1.0,0.995,7.0,4.0,5.793939393939394,4.0,5.0,0.8727272727272727,0.12727272727272726
discounted_lints,corr,z48_a0p5_corr_pruned_top10,11,3143,SOLUSDT,val_first,,1.6542524560889227,4.573146558156904,89,1.0611356917829855,True,,,,,,,8.0,4.0,5.887640449438202,4.0,5.0,0.8651685393258427,0.1348314606741573
discounted_lints,corr,z48_a0p5_corr_pruned_top10,11,3143,SOLUSDT,val_second,,-6.5633624238340404,8.536053095116324,76,0.5573642188834622,True,,,,,,,7.0,4.0,5.684210526315789,4.0,4.0,0.881578947368421,0.11842105263157894
discounted_lints,corr,z48_a0p5_corr_pruned_top10,11,3144,BTCUSDT,val,2000.0,1.7004948480580095,3.2713862609563438,117,1.125600006133322,True,0.5825,0.0975,0.23550000000000004,0.7645,1.0,0.995,12.0,5.0,9.760683760683762,4.0,11.0,0.7094017094017094,0.2905982905982906
discounted_lints,corr,z48_a0p5_corr_pruned_top10,11,3144,BTCUSDT,val_first,,2.498038039677475,2.304283303668031,70,1.3045281726044717,True,,,,,,,11.0,4.0,8.357142857142858,4.0,10.5,0.7428571428571429,0.2571428571428571
discounted_lints,corr,z48_a0p5_corr_pruned_top10,11,3144,BTCUSDT,val_second,,-0.7781058124358808,3.2713862609563438,47,0.9118744481283508,True,,,,,,,16.0,6.0,11.851063829787234,4.0,14.5,0.6595744680851063,0.3404255319148936
discounted_lints,corr,z48_a0p5_corr_pruned_top10,11,3144,ETHUSDT,val,2000.0,-9.890963086024751,11.489720099949064,171,0.5821025461905126,True,0.5,0.2255,0.3435,0.6565,1.0,0.995,8.0,4.0,5.824561403508772,4.0,5.0,0.8947368421052632,0.10526315789473684
discounted_lints,corr,z48_a0p5_corr_pruned_top10,11,3144,ETHUSDT,val_first,,-3.3799729672491785,6.662659373548929,83,0.66273112712459,True,,,,,,,9.0,4.0,5.963855421686747,4.0,5.5,0.8674698795180723,0.13253012048192772
discounted_lints,corr,z48_a0p5_corr_pruned_top10,11,3144,ETHUSDT,val_second,,-6.738758328610883,8.61437554341129,87,0.5081525364354178,True,,,,,,,7.0,4.0,5.540229885057471,4.0,4.5,0.9310344827586207,0.06896551724137931
discounted_lints,corr,z48_a0p5_corr_pruned_top10,11,3144,SOLUSDT,val,2000.0,-5.778819701543714,9.4059088491242,157,0.7465211319797559,True,0.494,0.1955,0.3155,0.6845,1.0,0.995,8.0,4.0,6.267515923566879,4.0,6.0,0.8598726114649682,0.14012738853503184
discounted_lints,corr,z48_a0p5_corr_pruned_top10,11,3144,SOLUSDT,val_first,,1.0976992969738752,4.7795430627858515,84,1.0207707971652338,True,,,,,,,9.0,4.0,6.535714285714286,4.0,7.0,0.8333333333333334,0.16666666666666666
discounted_lints,corr,z48_a0p5_corr_pruned_top10,11,3144,SOLUSDT,val_second,,-6.801855083089348,9.4059088491242,73,0.528316518859934,True,,,,,,,8.0,4.0,5.958904109589041,4.0,5.0,0.8904109589041096,0.1095890410958904
discounted_lints,corr,z48_a0p5_corr_pruned_top10,11,3145,BTCUSDT,val,2000.0,1.5989986078313034,2.817570640336653,110,1.0933108711291026,True,0.603,0.091,0.22150000000000003,0.7785,1.0,0.995,12.5,6.0,10.909090909090908,4.0,14.0,0.6545454545454545,0.34545454545454546
discounted_lints,corr,z48_a0p5_corr_pruned_top10,11,3145,BTCUSDT,val_first,,2.9701355926132322,1.951475952378523,63,1.3948592409195057,True,,,,,,,11.0,5.0,9.619047619047619,4.0,11.5,0.6984126984126984,0.30158730158730157
discounted_lints,corr,z48_a0p5_corr_pruned_top10,11,3145,BTCUSDT,val_second,,-1.331587044040261,2.8025349095752383,47,0.8202809795562187,True,,,,,,,16.0,7.0,12.638297872340425,4.0,15.5,0.5957446808510638,0.40425531914893614
discounted_lints,corr,z48_a0p5_corr_pruned_top10,11,3145,ETHUSDT,val,2000.0,-7.867847493627467,10.239161835614786,159,0.6451091906672434,True,0.501,0.2075,0.3195,0.6805,1.0,0.995,9.0,4.0,6.276729559748428,4.0,6.0,0.8679245283018868,0.1320754716981132
discounted_lints,corr,z48_a0p5_corr_pruned_top10,11,3145,ETHUSDT,val_first,,-1.3102118389250128,4.760763393505485,77,0.8154789656585735,True,,,,,,,10.0,4.0,6.467532467532467,4.0,6.0,0.8311688311688312,0.16883116883116883
discounted_lints,corr,z48_a0p5_corr_pruned_top10,11,3145,ETHUSDT,val_second,,-6.6446952383761415,9.092910707845181,81,0.5122475009614469,True,,,,,,,8.0,4.0,5.925925925925926,4.0,5.0,0.9135802469135802,0.08641975308641975
discounted_lints,corr,z48_a0p5_corr_pruned_top10,11,3145,SOLUSDT,val,2000.0,-6.3599156999229685,9.498662040511318,156,0.7306409502380118,True,0.4875,0.194,0.3135,0.6865,1.0,0.995,8.0,4.0,6.2243589743589745,4.0,6.0,0.8653846153846154,0.1346153846153846
discounted_lints,corr,z48_a0p5_corr_pruned_top10,11,3145,SOLUSDT,val_first,,0.0746897769505761,4.81212948986891,83,0.938972240022047,True,,,,,,,10.0,4.0,6.542168674698795,4.0,7.5,0.8433734939759037,0.1566265060240964
discounted_lints,corr,z48_a0p5_corr_pruned_top10,11,3145,SOLUSDT,val_second,,-6.429803071301221,9.498662040511318,73,0.5650619222744755,True,,,,,,,7.0,4.0,5.863013698630137,4.0,5.0,0.8904109589041096,0.1095890410958904
discounted_lints,corr,z48_a0p5_corr_pruned_top10,11,3146,BTCUSDT,val,2000.0,1.8683358039480513,2.6589119112043424,109,1.1076577377889893,True,0.612,0.0855,0.21950000000000003,0.7805,1.0,0.995,13.0,6.0,11.18348623853211,4.0,13.0,0.6330275229357798,0.3669724770642202
discounted_lints,corr,z48_a0p5_corr_pruned_top10,11,3146,BTCUSDT,val_first,,2.4769689974113884,2.6589119112043424,64,1.27505400089821,True,,,,,,,11.0,5.0,9.625,4.0,12.0,0.671875,0.328125
discounted_lints,corr,z48_a0p5_corr_pruned_top10,11,3146,BTCUSDT,val_second,,-0.5939219313548572,2.313269692433151,45,0.8938536520747092,True,,,,,,,16.0,8.0,13.4,5.0,16.0,0.5777777777777777,0.4222222222222222
discounted_lints,corr,z48_a0p5_corr_pruned_top10,11,3146,ETHUSDT,val,2000.0,-7.295537708326972,9.350522698836695,163,0.6610095452234243,True,0.487,0.206,0.32599999999999996,0.674,1.0,0.995,8.0,4.0,5.975460122699387,4.0,5.0,0.8895705521472392,0.11042944785276074
discounted_lints,corr,z48_a0p5_corr_pruned_top10,11,3146,ETHUSDT,val_first,,-1.8924264224944087,5.081684173505929,83,0.7849444463325284,True,,,,,,,9.0,4.0,5.819277108433735,4.0,5.0,0.8795180722891566,0.12048192771084337
discounted_lints,corr,z48_a0p5_corr_pruned_top10,11,3146,ETHUSDT,val_second,,-5.50733352055035,7.876029392485262,79,0.5415563643604095,True,,,,,,,8.0,4.0,5.974683544303797,4.0,5.0,0.9113924050632911,0.08860759493670886
discounted_lints,corr,z48_a0p5_corr_pruned_top10,11,3146,SOLUSDT,val,2000.0,-7.666222201087425,9.019696786631847,165,0.6975521874828612,True,0.485,0.2155,0.3315,0.6685,1.0,0.995,8.0,4.0,5.8545454545454545,4.0,5.0,0.8727272727272727,0.12727272727272726
discounted_lints,corr,z48_a0p5_corr_pruned_top10,11,3146,SOLUSDT,val_first,,-1.0565796287796747,5.716062402671751,89,0.8621143519897198,True,,,,,,,9.0,4.0,5.955056179775281,4.0,5.0,0.8651685393258427,0.1348314606741573
discounted_lints,corr,z48_a0p5_corr_pruned_top10,11,3146,SOLUSDT,val_second,,-6.680224463142059,7.587978909994009,76,0.5620954041866517,True,,,,,,,7.0,4.0,5.7368421052631575,4.0,5.0,0.881578947368421,0.11842105263157894
discounted_lints,corr,z48_a0p5_corr_pruned_top10,12,3142,BTCUSDT,val,2000.0,-0.353743631123804,3.9001498262416834,111,0.9530724369933534,True,0.5875,0.0885,0.22350000000000003,0.7765,1.0,0.995,12.0,5.0,10.531531531531531,4.0,13.5,0.6486486486486487,0.35135135135135137
discounted_lints,corr,z48_a0p5_corr_pruned_top10,12,3142,BTCUSDT,val_first,,1.8358449899712248,2.5769576535108807,58,1.1911777145519473,True,,,,,,,11.0,5.0,10.206896551724139,4.0,13.75,0.6379310344827587,0.3620689655172414
discounted_lints,corr,z48_a0p5_corr_pruned_top10,12,3142,BTCUSDT,val_second,,-2.150115827399157,3.9001498262416834,53,0.726977693567185,True,,,,,,,14.0,6.0,10.88679245283019,4.0,13.0,0.660377358490566,0.33962264150943394
discounted_lints,corr,z48_a0p5_corr_pruned_top10,12,3142,ETHUSDT,val,2000.0,-8.642031741723466,11.26833651564445,164,0.6132015587731722,True,0.491,0.2245,0.32799999999999996,0.672,1.0,0.995,8.0,4.0,5.987804878048781,4.0,5.0,0.8719512195121951,0.12804878048780488
discounted_lints,corr,z48_a0p5_corr_pruned_top10,12,3142,ETHUSDT,val_first,,-3.4189732351142643,6.497892792220716,84,0.6624365773047631,True,,,,,,,9.0,4.0,5.964285714285714,4.0,5.25,0.8571428571428571,0.14285714285714285
discounted_lints,corr,z48_a0p5_corr_pruned_top10,12,3142,ETHUSDT,val_second,,-5.407955042064405,8.127231137890567,80,0.5742080693835014,True,,,,,,,8.0,4.0,6.0125,4.0,5.0,0.8875,0.1125
discounted_lints,corr,z48_a0p5_corr_pruned_top10,12,3142,SOLUSDT,val,2000.0,-2.030946183015492,7.332922336468528,162,0.88231113270473,True,0.4845,0.213,0.3255,0.6745,1.0,0.995,8.0,4.0,5.95679012345679,4.0,4.0,0.8580246913580247,0.1419753086419753
discounted_lints,corr,z48_a0p5_corr_pruned_top10,12,3142,SOLUSDT,val_first,,1.2919535984027508,4.705892199538164,83,1.0388915865951558,True,,,,,,,9.5,4.0,6.421686746987952,4.0,7.0,0.8192771084337349,0.18072289156626506
discounted_lints,corr,z48_a0p5_corr_pruned_top10,12,3142,SOLUSDT,val_second,,-3.280517023684537,7.332922336468528,79,0.7509769180315259,True,,,,,,,6.0,4.0,5.468354430379747,4.0,4.0,0.8987341772151899,0.10126582278481013
discounted_lints,corr,z48_a0p5_corr_pruned_top10,12,3143,BTCUSDT,val,2000.0,-0.7390614111086213,4.386719556808661,115,0.9315436617465362,True,0.569,0.099,0.23150000000000004,0.7685,1.0,0.995,13.0,5.0,9.843478260869565,4.0,12.0,0.6869565217391305,0.3130434782608696
discounted_lints,corr,z48_a0p5_corr_pruned_top10,12,3143,BTCUSDT,val_first,,1.3191121612681878,2.8014543271613124,65,1.1355782031155206,True,,,,,,,11.5,5.0,8.784615384615385,4.0,10.0,0.7076923076923077,0.2923076923076923
discounted_lints,corr,z48_a0p5_corr_pruned_top10,12,3143,BTCUSDT,val_second,,-2.031377425712977,4.386719556808661,50,0.7370369288422881,True,,,,,,,14.5,5.0,11.22,4.0,13.75,0.66,0.34
discounted_lints,corr,z48_a0p5_corr_pruned_top10,12,3143,ETHUSDT,val,2000.0,-6.84586258603872,10.310694923258168,161,0.6687970434472982,True,0.508,0.2065,0.32199999999999995,0.678,1.0,0.995,8.0,4.0,6.3105590062111805,4.0,5.0,0.8509316770186336,0.14906832298136646
discounted_lints,corr,z48_a0p5_corr_pruned_top10,12,3143,ETHUSDT,val_first,,-2.897754949877962,5.319057915321823,80,0.6865033402715258,True,,,,,,,9.0,4.0,6.1125,4.0,5.0,0.8375,0.1625
discounted_lints,corr,z48_a0p5_corr_pruned_top10,12,3143,ETHUSDT,val_second,,-4.065928273978459,8.173895086508388,80,0.6406510899745901,True,,,,,,,8.0,4.0,6.3375,4.0,5.0,0.875,0.125
discounted_lints,corr,z48_a0p5_corr_pruned_top10,12,3143,SOLUSDT,val,2000.0,-4.732003645403438,8.301695387022512,165,0.7869168121653983,True,0.488,0.212,0.3295,0.6705,1.0,0.995,7.0,4.0,5.915151515151515,4.0,4.0,0.8666666666666667,0.13333333333333333
discounted_lints,corr,z48_a0p5_corr_pruned_top10,12,3143,SOLUSDT,val_first,,0.39339068430956914,5.515019980351276,82,0.9718634120691236,True,,,,,,,9.0,4.0,6.414634146341464,4.0,6.75,0.8292682926829268,0.17073170731707318
discounted_lints,corr,z48_a0p5_corr_pruned_top10,12,3143,SOLUSDT,val_second,,-5.105310513746863,8.301695387022512,83,0.6427377833333384,True,,,,,,,6.0,4.0,5.421686746987952,4.0,4.0,0.9036144578313253,0.0963855421686747
discounted_lints,corr,z48_a0p5_corr_pruned_top10,12,3144,BTCUSDT,val,2000.0,-1.433430536707947,3.6197142005546468,116,0.8825905453793159,True,0.5915,0.101,0.23350000000000004,0.7665,1.0,0.995,11.5,5.0,10.14655172413793,4.0,11.0,0.7068965517241379,0.29310344827586204
discounted_lints,corr,z48_a0p5_corr_pruned_top10,12,3144,BTCUSDT,val_first,,0.4268073544257067,3.493032147806696,69,0.9936822932844617,True,,,,,,,9.0,4.0,8.681159420289855,4.0,9.0,0.7536231884057971,0.2463768115942029
discounted_lints,corr,z48_a0p5_corr_pruned_top10,12,3144,BTCUSDT,val_second,,-1.8523320019210754,3.6118769022518205,47,0.7621649269157279,True,,,,,,,17.0,6.0,12.297872340425531,4.0,16.0,0.6382978723404256,0.3617021276595745
discounted_lints,corr,z48_a0p5_corr_pruned_top10,12,3144,ETHUSDT,val,2000.0,-7.41228682270777,10.029172268530107,162,0.6501897857700746,True,0.5045,0.2065,0.32399999999999995,0.676,1.0,0.995,8.0,4.0,6.228395061728395,4.0,6.0,0.8827160493827161,0.11728395061728394
discounted_lints,corr,z48_a0p5_corr_pruned_top10,12,3144,ETHUSDT,val_first,,-1.4933964708309322,4.420076235502801,82,0.8188045606083508,True,,,,,,,9.0,4.0,6.317073170731708,4.0,6.0,0.8658536585365854,0.13414634146341464
discounted_lints,corr,z48_a0p5_corr_pruned_top10,12,3144,ETHUSDT,val_second,,-6.00862291442642,8.736858013870242,80,0.520281404848035,True,,,,,,,8.0,4.0,6.1375,4.0,5.25,0.9,0.1
discounted_lints,corr,z48_a0p5_corr_pruned_top10,12,3144,SOLUSDT,val,2000.0,-3.215709350093021,8.80824909282827,159,0.8248821621791799,True,0.4975,0.203,0.31799999999999995,0.682,1.0,0.995,8.0,4.0,6.2578616352201255,4.0,5.0,0.8490566037735849,0.1509433962264151
discounted_lints,corr,z48_a0p5_corr_pruned_top10,12,3144,SOLUSDT,val_first,,2.1740136559836865,4.1408439323493145,82,1.1194215949201594,True,,,,,,,10.0,4.0,6.658536585365853,4.0,7.0,0.8048780487804879,0.1951219512195122
discounted_lints,corr,z48_a0p5_corr_pruned_top10,12,3144,SOLUSDT,val_second,,-5.275042854070233,8.80824909282827,77,0.626439874679332,True,,,,,,,6.5,4.0,5.8311688311688314,4.0,4.0,0.8961038961038961,0.1038961038961039
discounted_lints,corr,z48_a0p5_corr_pruned_top10,12,3145,BTCUSDT,val,2000.0,1.8263039336013476,2.8203593635953816,111,1.1365621665474888,True,0.614,0.0945,0.22350000000000003,0.7765,1.0,0.995,12.0,5.0,10.855855855855856,4.0,13.5,0.6486486486486487,0.35135135135135137
discounted_lints,corr,z48_a0p5_corr_pruned_top10,12,3145,BTCUSDT,val_first,,1.6099896333857888,2.8203593635953816,69,1.1594067913791983,True,,,,,,,11.0,4.0,8.985507246376812,4.0,11.0,0.6811594202898551,0.3188405797101449
discounted_lints,corr,z48_a0p5_corr_pruned_top10,12,3145,BTCUSDT,val_second,,0.21288684409479508,2.193243373569198,42,1.1007076708232864,True,,,,,,,17.5,8.0,13.928571428571429,4.0,20.75,0.5952380952380952,0.40476190476190477
discounted_lints,corr,z48_a0p5_corr_pruned_top10,12,3145,ETHUSDT,val,2000.0,-8.35115908774432,10.997522901244594,159,0.6138996378179907,True,0.4965,0.198,0.31799999999999995,0.682,1.0,0.995,8.0,4.0,6.245283018867925,4.0,6.0,0.8427672955974843,0.15723270440251572
discounted_lints,corr,z48_a0p5_corr_pruned_top10,12,3145,ETHUSDT,val_first,,-2.4836367174545737,5.029771560704699,78,0.7015751001042779,True,,,,,,,9.0,4.0,6.230769230769231,4.0,5.75,0.8461538461538461,0.15384615384615385
discounted_lints,corr,z48_a0p5_corr_pruned_top10,12,3145,ETHUSDT,val_second,,-6.016961843920587,8.730725692796582,80,0.539989414296269,True,,,,,,,8.0,4.0,6.0875,4.0,5.25,0.85,0.15
discounted_lints,corr,z48_a0p5_corr_pruned_top10,12,3145,SOLUSDT,val,2000.0,-6.839742545217787,9.91064379898785,154,0.7146597408627098,True,0.495,0.1905,0.30900000000000005,0.691,1.0,0.995,8.0,4.0,6.409090909090909,4.0,5.0,0.8506493506493507,0.14935064935064934
discounted_lints,corr,z48_a0p5_corr_pruned_top10,12,3145,SOLUSDT,val_first,,-0.6424877175048471,5.642489285014318,84,0.8984960156609331,True,,,,,,,9.0,4.0,6.380952380952381,4.0,6.25,0.8333333333333334,0.16666666666666666
discounted_lints,corr,z48_a0p5_corr_pruned_top10,12,3145,SOLUSDT,val_second,,-6.237328899794504,9.25643549529942,70,0.5702858735357583,True,,,,,,,7.0,4.0,6.442857142857143,4.0,4.0,0.8714285714285714,0.12857142857142856
discounted_lints,corr,z48_a0p5_corr_pruned_top10,12,3146,BTCUSDT,val,2000.0,0.009140713900013253,4.167451187250948,116,0.9875978634899486,True,0.587,0.096,0.23350000000000004,0.7665,1.0,0.995,11.0,5.0,9.922413793103448,4.0,12.0,0.6724137931034483,0.3275862068965517
discounted_lints,corr,z48_a0p5_corr_pruned_top10,12,3146,BTCUSDT,val_first,,1.7156417548670477,2.2636615612889655,62,1.1832611680176142,True,,,,,,,12.0,5.0,9.548387096774194,4.0,13.0,0.6290322580645161,0.3709677419354839
discounted_lints,corr,z48_a0p5_corr_pruned_top10,12,3146,BTCUSDT,val_second,,-1.6777174203744138,4.167451187250948,54,0.7927726762602078,True,,,,,,,10.5,5.0,10.351851851851851,4.0,11.0,0.7222222222222222,0.2777777777777778
discounted_lints,corr,z48_a0p5_corr_pruned_top10,12,3146,ETHUSDT,val,2000.0,-8.917296723522483,11.977823550637245,160,0.5947695850172239,True,0.498,0.206,0.31999999999999995,0.68,1.0,0.995,9.0,4.0,6.225,4.0,5.0,0.85625,0.14375
discounted_lints,corr,z48_a0p5_corr_pruned_top10,12,3146,ETHUSDT,val_first,,-4.3001343040232065,6.862471770402678,80,0.584017134779291,True,,,,,,,9.0,4.0,6.075,4.0,5.25,0.875,0.125
discounted_lints,corr,z48_a0p5_corr_pruned_top10,12,3146,ETHUSDT,val_second,,-4.824627898817823,8.022675048473815,79,0.5921426135517888,True,,,,,,,8.0,4.0,6.2025316455696204,4.0,5.0,0.8481012658227848,0.1518987341772152
discounted_lints,corr,z48_a0p5_corr_pruned_top10,12,3146,SOLUSDT,val,2000.0,-4.154157196960151,9.414732574528273,157,0.7965443502814675,True,0.489,0.1995,0.31399999999999995,0.686,1.0,0.995,8.0,4.0,6.229299363057325,4.0,6.0,0.8471337579617835,0.15286624203821655
discounted_lints,corr,z48_a0p5_corr_pruned_top10,12,3146,SOLUSDT,val_first,,1.5893346301629308,4.177198031399742,83,1.06793228515383,True,,,,,,,9.5,4.0,6.469879518072289,4.0,7.0,0.8192771084337349,0.18072289156626506
discounted_lints,corr,z48_a0p5_corr_pruned_top10,12,3146,SOLUSDT,val_second,,-5.653636622419411,9.414732574528273,74,0.5979938739003029,True,,,,,,,8.0,4.0,5.95945945945946,4.0,5.0,0.8783783783783784,0.12162162162162163
discounted_lints,corr,z48_a0p5_corr_pruned_top10,13,3142,BTCUSDT,val,2000.0,3.0161644747861205,2.4726046072316654,96,1.261626069822261,True,0.6015,0.0605,0.1935,0.8065,1.0,0.995,16.5,7.0,12.291666666666666,4.0,16.25,0.5625,0.4375
discounted_lints,corr,z48_a0p5_corr_pruned_top10,13,3142,BTCUSDT,val_first,,1.7123031133918998,2.1994485754840976,56,1.2069178125922484,True,,,,,,,13.0,6.0,10.428571428571429,4.0,15.25,0.5714285714285714,0.42857142857142855
discounted_lints,corr,z48_a0p5_corr_pruned_top10,13,3142,BTCUSDT,val_second,,1.2819111567463404,2.4726046072316654,40,1.3424669415741892,True,,,,,,,20.5,8.0,14.9,4.0,20.25,0.55,0.45
discounted_lints,corr,z48_a0p5_corr_pruned_top10,13,3142,ETHUSDT,val,2000.0,-4.6221431816685365,8.53189706926366,134,0.7371099783057582,True,0.502,0.145,0.268,0.732,1.0,0.995,11.0,4.0,7.492537313432836,4.0,7.0,0.7985074626865671,0.20149253731343283
discounted_lints,corr,z48_a0p5_corr_pruned_top10,13,3142,ETHUSDT,val_first,,0.7051506682384412,2.8916533013907175,63,1.0169479072863508,True,,,,,,,12.0,4.0,7.7936507936507935,4.0,9.0,0.7777777777777778,0.2222222222222222
discounted_lints,corr,z48_a0p5_corr_pruned_top10,13,3142,ETHUSDT,val_second,,-5.28999143991864,8.168998288539875,70,0.5734120400271694,True,,,,,,,9.0,4.0,7.0285714285714285,4.0,6.0,0.8285714285714286,0.17142857142857143
discounted_lints,corr,z48_a0p5_corr_pruned_top10,13,3142,SOLUSDT,val,2000.0,-5.037777180242697,9.810472339933686,159,0.778596941960028,True,0.5205,0.1815,0.3195,0.6805,1.0,0.995,9.0,4.0,6.522012578616352,4.0,7.0,0.8301886792452831,0.16981132075471697
discounted_lints,corr,z48_a0p5_corr_pruned_top10,13,3142,SOLUSDT,val_first,,0.5799079321154199,5.214880562577551,80,0.985927676147799,True,,,,,,,10.0,4.0,7.0125,4.0,8.0,0.7875,0.2125
discounted_lints,corr,z48_a0p5_corr_pruned_top10,13,3142,SOLUSDT,val_second,,-5.5852955404867455,9.810472339933686,79,0.6398261370028735,True,,,,,,,8.0,4.0,6.025316455696203,4.0,5.0,0.8734177215189873,0.12658227848101267
discounted_lints,corr,z48_a0p5_corr_pruned_top10,13,3143,BTCUSDT,val,2000.0,1.8644263270651384,2.9282939637979344,93,1.1639140179783878,True,0.6205,0.0665,0.1875,0.8125,1.0,0.995,15.0,7.0,13.096774193548388,4.0,17.0,0.6129032258064516,0.3870967741935484
discounted_lints,corr,z48_a0p5_corr_pruned_top10,13,3143,BTCUSDT,val_first,,1.9651558633198007,2.636644529301202,57,1.289569036096934,True,,,,,,,12.5,5.0,10.526315789473685,4.0,16.0,0.6666666666666666,0.3333333333333333
discounted_lints,corr,z48_a0p5_corr_pruned_top10,13,3143,BTCUSDT,val_second,,-0.09878819426283325,2.9282939637979344,36,1.0247943565370734,True,,,,,,,18.5,8.5,17.166666666666668,5.0,23.25,0.5277777777777778,0.4722222222222222
discounted_lints,corr,z48_a0p5_corr_pruned_top10,13,3143,ETHUSDT,val,2000.0,-4.781042406817049,8.208187209641215,145,0.7432650814848487,True,0.489,0.1635,0.29000000000000004,0.71,1.0,0.995,9.0,4.0,6.744827586206896,4.0,6.0,0.8482758620689655,0.15172413793103448
discounted_lints,corr,z48_a0p5_corr_pruned_top10,13,3143,ETHUSDT,val_first,,0.2917216982734061,3.9390502800425664,70,0.9647868541621358,True,,,,,,,10.0,4.0,6.814285714285714,4.0,7.0,0.8428571428571429,0.15714285714285714
discounted_lints,corr,z48_a0p5_corr_pruned_top10,13,3143,ETHUSDT,val_second,,-5.058008795932145,7.9885480952373245,74,0.5895866452595877,True,,,,,,,8.0,4.0,6.5,4.0,5.75,0.8648648648648649,0.13513513513513514
discounted_lints,corr,z48_a0p5_corr_pruned_top10,13,3143,SOLUSDT,val,2000.0,-8.473644802876922,11.90346813067813,162,0.6724572495365845,True,0.519,0.183,0.3255,0.6745,1.0,0.995,8.0,4.0,6.382716049382716,4.0,6.0,0.845679012345679,0.15432098765432098
discounted_lints,corr,z48_a0p5_corr_pruned_top10,13,3143,SOLUSDT,val_first,,-1.7999257517326117,6.5497158168468905,84,0.8056528387012479,True,,,,,,,9.0,4.0,6.511904761904762,4.0,6.25,0.8333333333333334,0.16666666666666666
discounted_lints,corr,z48_a0p5_corr_pruned_top10,13,3143,SOLUSDT,val_second,,-6.796042775153044,10.566241766283003,78,0.5750589994080105,True,,,,,,,8.0,4.0,6.243589743589744,4.0,5.0,0.8589743589743589,0.14102564102564102
discounted_lints,corr,z48_a0p5_corr_pruned_top10,13,3144,BTCUSDT,val,2000.0,2.1302690812364355,3.0754873163835628,90,1.19063745282417,True,0.608,0.0615,0.1815,0.8185,1.0,0.995,15.0,7.5,13.255555555555556,4.0,18.5,0.6,0.4
discounted_lints,corr,z48_a0p5_corr_pruned_top10,13,3144,BTCUSDT,val_first,,1.5766536551035104,2.3194657460790524,55,1.1688828518633814,True,,,,,,,12.0,6.0,9.763636363636364,4.0,13.5,0.6727272727272727,0.32727272727272727
discounted_lints,corr,z48_a0p5_corr_pruned_top10,13,3144,BTCUSDT,val_second,,0.5450223119307429,3.0754873163835628,34,1.1533152304015093,True,,,,,,,18.0,9.5,17.970588235294116,5.0,29.75,0.5,0.5
discounted_lints,corr,z48_a0p5_corr_pruned_top10,13,3144,ETHUSDT,val,2000.0,-8.467197515626657,10.334255682912385,164,0.6092872589737286,True,0.496,0.194,0.32799999999999996,0.672,1.0,0.995,8.0,4.0,6.048780487804878,4.0,5.0,0.8902439024390244,0.10975609756097561
discounted_lints,corr,z48_a0p5_corr_pruned_top10,13,3144,ETHUSDT,val_first,,-3.209435695611118,6.040510019838363,86,0.6678643376416359,True,,,,,,,9.0,4.0,5.848837209302325,4.0,5.0,0.8837209302325582,0.11627906976744186
discounted_lints,corr,z48_a0p5_corr_pruned_top10,13,3144,ETHUSDT,val_second,,-5.432101628709196,7.407330321809624,77,0.5503143540568906,True,,,,,,,8.0,4.0,6.103896103896104,4.0,5.0,0.9090909090909091,0.09090909090909091
discounted_lints,corr,z48_a0p5_corr_pruned_top10,13,3144,SOLUSDT,val,2000.0,-4.9471168285742495,8.910654470926616,165,0.778716231103389,True,0.505,0.193,0.33099999999999996,0.669,1.0,0.995,8.0,4.0,6.1030303030303035,4.0,6.0,0.8666666666666667,0.13333333333333333
discounted_lints,corr,z48_a0p5_corr_pruned_top10,13,3144,SOLUSDT,val_first,,0.11913900354210138,4.034121869217455,83,0.9433280041826969,True,,,,,,,10.0,4.0,6.518072289156627,4.0,6.0,0.8313253012048193,0.1686746987951807
discounted_lints,corr,z48_a0p5_corr_pruned_top10,13,3144,SOLUSDT,val_second,,-5.060227127939165,8.910654470926616,82,0.6670861461855965,True,,,,,,,8.0,4.0,5.682926829268292,4.0,5.0,0.9024390243902439,0.0975609756097561
discounted_lints,corr,z48_a0p5_corr_pruned_top10,13,3145,BTCUSDT,val,2000.0,3.8839202112994187,2.6173428260521048,93,1.36226568744259,True,0.6065,0.0655,0.1875,0.8125,1.0,0.995,16.0,7.0,12.795698924731182,4.0,19.0,0.5913978494623656,0.40860215053763443
discounted_lints,corr,z48_a0p5_corr_pruned_top10,13,3145,BTCUSDT,val_first,,3.620504627830101,2.4153754426226026,56,1.54004698700392,True,,,,,,,13.0,6.5,10.053571428571429,4.0,13.25,0.6428571428571429,0.35714285714285715
discounted_lints,corr,z48_a0p5_corr_pruned_top10,13,3145,BTCUSDT,val_second,,0.25421183231584266,2.6173428260521048,36,1.1174504615123997,True,,,,,,,24.5,8.5,16.305555555555557,4.0,25.25,0.5277777777777778,0.4722222222222222
discounted_lints,corr,z48_a0p5_corr_pruned_top10,13,3145,ETHUSDT,val,2000.0,-4.231554291569695,9.317650916967334,151,0.7581795694859452,True,0.4995,0.1625,0.3035,0.6965,1.0,0.995,9.0,4.0,6.589403973509934,4.0,6.0,0.8543046357615894,0.1456953642384106
discounted_lints,corr,z48_a0p5_corr_pruned_top10,13,3145,ETHUSDT,val_first,,2.8186549485630152,1.9392788567448194,72,1.3538960709845307,True,,,,,,,11.0,4.0,6.722222222222222,4.0,8.0,0.8194444444444444,0.18055555555555555
discounted_lints,corr,z48_a0p5_corr_pruned_top10,13,3145,ETHUSDT,val_second,,-6.856935877696236,9.192268126539837,78,0.48832218859313564,True,,,,,,,8.0,4.0,6.294871794871795,4.0,5.75,0.8974358974358975,0.10256410256410256
discounted_lints,corr,z48_a0p5_corr_pruned_top10,13,3145,SOLUSDT,val,2000.0,-8.419132901500904,10.816835381111511,159,0.6605368779374573,True,0.5105,0.1755,0.3195,0.6805,1.0,0.995,8.0,4.0,6.39622641509434,4.0,6.0,0.8679245283018868,0.1320754716981132
discounted_lints,corr,z48_a0p5_corr_pruned_top10,13,3145,SOLUSDT,val_first,,-1.1156823795167137,5.812022411423579,82,0.8437561427219579,True,,,,,,,9.0,4.0,6.621951219512195,4.0,7.0,0.8536585365853658,0.14634146341463414
discounted_lints,corr,z48_a0p5_corr_pruned_top10,13,3145,SOLUSDT,val_second,,-7.385853184541091,10.337982370041365,77,0.5238218540559235,True,,,,,,,8.0,4.0,6.1558441558441555,4.0,5.0,0.8831168831168831,0.11688311688311688
discounted_lints,corr,z48_a0p5_corr_pruned_top10,13,3146,BTCUSDT,val,2000.0,1.739455749608898,2.8757596988138623,100,1.143982114200501,True,0.5925,0.0705,0.2015,0.7985,1.0,0.995,15.0,7.0,11.62,4.0,16.0,0.62,0.38
discounted_lints,corr,z48_a0p5_corr_pruned_top10,13,3146,BTCUSDT,val_first,,1.7970243686644682,2.1179363543264773,61,1.2091582581459859,True,,,,,,,11.5,5.0,9.655737704918034,4.0,14.0,0.639344262295082,0.36065573770491804
discounted_lints,corr,z48_a0p5_corr_pruned_top10,13,3146,BTCUSDT,val_second,,-0.05655235937652714,2.8757596988138623,39,1.0477718334197144,True,,,,,,,23.0,8.0,14.692307692307692,4.0,22.0,0.5897435897435898,0.41025641025641024
discounted_lints,corr,z48_a0p5_corr_pruned_top10,13,3146,ETHUSDT,val,2000.0,-3.25160385730896,6.711114708531419,149,0.8020725063535927,True,0.4925,0.175,0.29800000000000004,0.702,1.0,0.995,9.0,4.0,6.610738255033557,4.0,6.0,0.8590604026845637,0.14093959731543623
discounted_lints,corr,z48_a0p5_corr_pruned_top10,13,3146,ETHUSDT,val_first,,0.38285415724101934,4.079077533604769,73,0.9795277446005105,True,,,,,,,10.0,4.0,6.3561643835616435,4.0,6.0,0.863013698630137,0.136986301369863
discounted_lints,corr,z48_a0p5_corr_pruned_top10,13,3146,ETHUSDT,val_second,,-3.6205964106748034,6.637921676989023,75,0.6700557328304082,True,,,,,,,8.0,4.0,6.68,4.0,5.5,0.8666666666666667,0.13333333333333333
discounted_lints,corr,z48_a0p5_corr_pruned_top10,13,3146,SOLUSDT,val,2000.0,-6.460691900340231,9.191411182935772,168,0.7290050391582805,True,0.5045,0.197,0.3375,0.6625,1.0,0.995,9.0,4.0,5.982142857142857,4.0,6.0,0.8869047619047619,0.1130952380952381
discounted_lints,corr,z48_a0p5_corr_pruned_top10,13,3146,SOLUSDT,val_first,,-0.7458478417607495,4.996325804468271,86,0.8744715459208068,True,,,,,,,10.0,4.0,6.174418604651163,4.0,6.0,0.872093023255814,0.12790697674418605
discounted_lints,corr,z48_a0p5_corr_pruned_top10,13,3146,SOLUSDT,val_second,,-5.757788399087227,9.125814008829092,82,0.6213297992905723,True,,,,,,,8.0,4.0,5.780487804878049,4.0,5.0,0.9024390243902439,0.0975609756097561
discounted_lints,corr,z48_a0p5_corr_pruned_top10,14,3142,BTCUSDT,val,2000.0,3.641836173603985,2.4309122344888023,94,1.3049915145891702,True,0.6135,0.0575,0.1895,0.8105,1.0,0.995,15.5,7.0,12.808510638297872,4.0,17.0,0.6063829787234043,0.39361702127659576
discounted_lints,corr,z48_a0p5_corr_pruned_top10,14,3142,BTCUSDT,val_first,,2.7760358277820973,2.17933756263754,54,1.370320938056297,True,,,,,,,11.0,6.5,11.185185185185185,4.0,14.75,0.6296296296296297,0.37037037037037035
discounted_lints,corr,z48_a0p5_corr_pruned_top10,14,3142,BTCUSDT,val_second,,0.8424146143101607,2.4309122344888023,40,1.221660293611588,True,,,,,,,20.5,7.5,15.0,4.0,21.0,0.575,0.425
discounted_lints,corr,z48_a0p5_corr_pruned_top10,14,3142,ETHUSDT,val,2000.0,-2.5873645020307756,6.986752405292151,155,0.8357062344264725,True,0.4985,0.174,0.31000000000000005,0.69,1.0,0.995,9.0,4.0,6.432258064516129,4.0,6.0,0.8709677419354839,0.12903225806451613
discounted_lints,corr,z48_a0p5_corr_pruned_top10,14,3142,ETHUSDT,val_first,,0.7469870727713435,3.5066510996668465,75,1.023181997414127,True,,,,,,,10.0,4.0,6.573333333333333,4.0,6.0,0.84,0.16
discounted_lints,corr,z48_a0p5_corr_pruned_top10,14,3142,ETHUSDT,val_second,,-3.3096290734666467,6.705383374963814,79,0.7039082825640703,True,,,,,,,8.0,4.0,6.139240506329114,4.0,5.0,0.9113924050632911,0.08860759493670886
discounted_lints,corr,z48_a0p5_corr_pruned_top10,14,3142,SOLUSDT,val,2000.0,-7.553605539781971,10.042573881217798,167,0.7058908724757229,True,0.493,0.2035,0.3355,0.6645,1.0,0.995,8.0,4.0,5.880239520958084,4.0,5.0,0.8622754491017964,0.1377245508982036
discounted_lints,corr,z48_a0p5_corr_pruned_top10,14,3142,SOLUSDT,val_first,,-0.015760779064555308,4.749876806981035,89,0.9385513863711724,True,,,,,,,8.5,4.0,5.876404494382022,4.0,5.0,0.8651685393258427,0.1348314606741573
discounted_lints,corr,z48_a0p5_corr_pruned_top10,14,3142,SOLUSDT,val_second,,-7.539032971047588,9.899581343106567,78,0.5407931387374282,True,,,,,,,8.0,4.0,5.884615384615385,4.0,5.0,0.8589743589743589,0.14102564102564102
discounted_lints,corr,z48_a0p5_corr_pruned_top10,14,3143,BTCUSDT,val,2000.0,2.343896890046371,2.6353090444514393,91,1.198943266383488,True,0.619,0.061,0.1835,0.8165,1.0,0.995,14.0,8.0,13.351648351648352,4.0,18.0,0.5934065934065934,0.4065934065934066
discounted_lints,corr,z48_a0p5_corr_pruned_top10,14,3143,BTCUSDT,val_first,,1.5030009650180531,2.6353090444514393,57,1.1590342497911987,True,,,,,,,12.0,6.0,9.87719298245614,4.0,14.0,0.6666666666666666,0.3333333333333333
discounted_lints,corr,z48_a0p5_corr_pruned_top10,14,3143,BTCUSDT,val_second,,0.8284443977357059,2.2083619668697763,33,1.1649070382023916,True,,,,,,,18.0,10.0,18.363636363636363,6.0,29.0,0.48484848484848486,0.5151515151515151
discounted_lints,corr,z48_a0p5_corr_pruned_top10,14,3143,ETHUSDT,val,2000.0,-5.016850518438187,7.348321345143816,153,0.7254349210950406,True,0.4785,0.187,0.30600000000000005,0.694,1.0,0.995,8.0,4.0,6.254901960784314,4.0,6.0,0.8888888888888888,0.1111111111111111
discounted_lints,corr,z48_a0p5_corr_pruned_top10,14,3143,ETHUSDT,val_first,,-0.5427417873481222,4.9378896797351075,76,0.8709551060046491,True,,,,,,,8.0,4.0,6.026315789473684,4.0,5.0,0.8947368421052632,0.10526315789473684
discounted_lints,corr,z48_a0p5_corr_pruned_top10,14,3143,ETHUSDT,val_second,,-4.498524101201218,6.889238264716568,76,0.6203974698306742,True,,,,,,,8.0,4.0,6.302631578947368,4.0,6.0,0.8947368421052632,0.10526315789473684
discounted_lints,corr,z48_a0p5_corr_pruned_top10,14,3143,SOLUSDT,val,2000.0,-6.3363699649849785,9.375760526970522,165,0.7352549017388704,True,0.516,0.184,0.3315,0.6685,1.0,0.995,8.0,4.0,6.2303030303030305,4.0,6.0,0.8606060606060606,0.1393939393939394
discounted_lints,corr,z48_a0p5_corr_pruned_top10,14,3143,SOLUSDT,val_first,,-1.1899310769733829,6.025061416961819,84,0.8430462935449672,True,,,,,,,9.0,4.0,6.5,4.0,7.0,0.8452380952380952,0.15476190476190477
discounted_lints,corr,z48_a0p5_corr_pruned_top10,14,3143,SOLUSDT,val_second,,-5.208415441973524,9.375760526970522,81,0.6593846586992035,True,,,,,,,8.0,4.0,5.950617283950617,4.0,5.0,0.8765432098765432,0.12345679012345678
discounted_lints,corr,z48_a0p5_corr_pruned_top10,14,3144,BTCUSDT,val,2000.0,2.5030817283450135,2.8437329632042596,94,1.2000249396535791,True,0.605,0.0575,0.1895,0.8105,1.0,0.995,15.5,7.0,12.627659574468085,4.0,17.0,0.6276595744680851,0.3723404255319149
discounted_lints,corr,z48_a0p5_corr_pruned_top10,14,3144,BTCUSDT,val_first,,2.067569103584388,1.9354925311139803,55,1.2529459619369971,True,,,,,,,13.0,6.0,10.690909090909091,4.0,14.5,0.6727272727272727,0.32727272727272727
discounted_lints,corr,z48_a0p5_corr_pruned_top10,14,3144,BTCUSDT,val_second,,0.4266905037374258,2.8437329632042596,39,1.1321947138298403,True,,,,,,,23.0,8.0,15.35897435897436,4.5,22.0,0.5641025641025641,0.4358974358974359
discounted_lints,corr,z48_a0p5_corr_pruned_top10,14,3144,ETHUSDT,val,2000.0,-4.1312708674441145,6.629588006928733,157,0.7716024779427723,True,0.502,0.1905,0.3155,0.6845,1.0,0.995,8.0,4.0,6.369426751592357,4.0,6.0,0.8853503184713376,0.11464968152866242
discounted_lints,corr,z48_a0p5_corr_pruned_top10,14,3144,ETHUSDT,val_first,,0.08266114643957767,3.979777213681379,76,0.951439991348914,True,,,,,,,9.0,4.0,6.592105263157895,4.0,6.0,0.868421052631579,0.13157894736842105
discounted_lints,corr,z48_a0p5_corr_pruned_top10,14,3144,ETHUSDT,val_second,,-4.210451606315624,6.364362161536652,80,0.6378119857903195,True,,,,,,,8.0,4.0,6.0,4.0,5.0,0.9125,0.0875
discounted_lints,corr,z48_a0p5_corr_pruned_top10,14,3144,SOLUSDT,val,2000.0,-8.596012443793978,11.032839038300601,162,0.667004171645365,True,0.5165,0.182,0.3255,0.6745,1.0,0.995,8.5,4.0,6.351851851851852,4.0,6.0,0.8518518518518519,0.14814814814814814
discounted_lints,corr,z48_a0p5_corr_pruned_top10,14,3144,SOLUSDT,val_first,,-1.287838752025161,5.629161920433745,85,0.8439713048004248,True,,,,,,,9.0,4.0,6.552941176470588,4.0,7.0,0.8235294117647058,0.17647058823529413
discounted_lints,corr,z48_a0p5_corr_pruned_top10,14,3144,SOLUSDT,val_second,,-7.403519079488041,10.051859062506319,77,0.5355465100765936,True,,,,,,,8.0,4.0,6.12987012987013,4.0,5.0,0.8831168831168831,0.11688311688311688
discounted_lints,corr,z48_a0p5_corr_pruned_top10,14,3145,BTCUSDT,val,2000.0,1.6049525820853283,2.669756612861085,97,1.1304938672104126,True,0.605,0.0645,0.1955,0.8045,1.0,0.995,15.0,7.0,12.237113402061855,4.0,16.0,0.6082474226804123,0.3917525773195876
discounted_lints,corr,z48_a0p5_corr_pruned_top10,14,3145,BTCUSDT,val_first,,1.3216920091591255,2.396066030920063,57,1.1301319867576924,True,,,,,,,12.0,6.0,9.736842105263158,4.0,14.0,0.6491228070175439,0.3508771929824561
discounted_lints,corr,z48_a0p5_corr_pruned_top10,14,3145,BTCUSDT,val_second,,0.27956557703416873,2.669756612861085,39,1.0812964722452536,True,,,,,,,19.0,8.0,15.076923076923077,5.0,22.0,0.5641025641025641,0.4358974358974359
discounted_lints,corr,z48_a0p5_corr_pruned_top10,14,3145,ETHUSDT,val,2000.0,-1.6576513907984314,7.3292510761933105,150,0.8800525819093307,True,0.4965,0.1715,0.3015,0.6985,1.0,0.995,9.0,4.0,6.593333333333334,4.0,6.0,0.8666666666666667,0.13333333333333333
discounted_lints,corr,z48_a0p5_corr_pruned_top10,14,3145,ETHUSDT,val_first,,1.2593802076684701,2.9355769568432444,69,1.08234738641415,True,,,,,,,11.0,4.0,6.869565217391305,4.0,7.0,0.8260869565217391,0.17391304347826086
discounted_lints,corr,z48_a0p5_corr_pruned_top10,14,3145,ETHUSDT,val_second,,-2.8807519782211743,7.0581821496911274,80,0.7457198043594802,True,,,,,,,8.0,4.0,6.1875,4.0,5.0,0.9125,0.0875
discounted_lints,corr,z48_a0p5_corr_pruned_top10,14,3145,SOLUSDT,val,2000.0,-7.933397284944876,11.012599604416906,166,0.6873920086313999,True,0.5055,0.1935,0.3335,0.6665,1.0,0.995,9.0,4.0,6.066265060240964,4.0,5.75,0.8674698795180723,0.13253012048192772
discounted_lints,corr,z48_a0p5_corr_pruned_top10,14,3145,SOLUSDT,val_first,,-1.2833811637584458,4.752725841082306,84,0.8366861595779567,True,,,,,,,10.0,4.0,6.309523809523809,4.0,6.25,0.8571428571428571,0.14285714285714285
discounted_lints,corr,z48_a0p5_corr_pruned_top10,14,3145,SOLUSDT,val_second,,-6.736470717476628,10.176872925565817,82,0.5889434547145497,True,,,,,,,8.0,4.0,5.817073170731708,4.0,5.0,0.8780487804878049,0.12195121951219512
discounted_lints,corr,z48_a0p5_corr_pruned_top10,14,3146,BTCUSDT,val,2000.0,2.299028037101447,2.6206010449076445,93,1.1937579814805597,True,0.6185,0.0595,0.1875,0.8125,1.0,0.995,15.0,8.0,13.053763440860216,4.0,17.0,0.5806451612903226,0.41935483870967744
discounted_lints,corr,z48_a0p5_corr_pruned_top10,14,3146,BTCUSDT,val_first,,2.1862673512553776,2.0792373387520824,56,1.2727598918805028,True,,,,,,,12.0,6.5,10.089285714285714,4.0,14.0,0.6428571428571429,0.35714285714285715
discounted_lints,corr,z48_a0p5_corr_pruned_top10,14,3146,BTCUSDT,val_second,,0.11034817962227716,2.6206010449076445,36,1.0373298337591517,True,,,,,,,18.5,9.5,16.77777777777778,4.75,28.25,0.5,0.5
discounted_lints,corr,z48_a0p5_corr_pruned_top10,14,3146,ETHUSDT,val,2000.0,-6.624611815171577,8.486523868015484,155,0.6730283094716674,True,0.4805,0.1895,0.3115,0.6885,1.0,0.995,8.0,4.0,6.174193548387096,4.0,6.0,0.8903225806451613,0.10967741935483871
discounted_lints,corr,z48_a0p5_corr_pruned_top10,14,3146,ETHUSDT,val_first,,-1.3603621165106605,4.629994213446609,73,0.7952401409050969,True,,,,,,,9.0,4.0,6.232876712328767,4.0,6.0,0.8767123287671232,0.1232876712328767
discounted_lints,corr,z48_a0p5_corr_pruned_top10,14,3146,ETHUSDT,val_second,,-5.33685018681731,7.270770095607482,81,0.5777910694714439,True,,,,,,,8.0,4.0,5.950617283950617,4.0,5.0,0.9135802469135802,0.08641975308641975
discounted_lints,corr,z48_a0p5_corr_pruned_top10,14,3146,SOLUSDT,val,2000.0,-6.726625524683671,9.667255858002965,165,0.7150787618419867,True,0.503,0.1865,0.3315,0.6685,1.0,0.995,9.0,4.0,6.072727272727272,4.0,6.0,0.8787878787878788,0.12121212121212122
discounted_lints,corr,z48_a0p5_corr_pruned_top10,14,3146,SOLUSDT,val_first,,-0.33669325340164313,4.426207779917446,84,0.9074662640695863,True,,,,,,,10.0,4.0,6.333333333333333,4.0,6.0,0.8571428571428571,0.14285714285714285
discounted_lints,corr,z48_a0p5_corr_pruned_top10,14,3146,SOLUSDT,val_second,,-6.411519424625267,9.667255858002965,81,0.5870852270674498,True,,,,,,,8.0,4.0,5.802469135802469,4.0,6.0,0.9012345679012346,0.09876543209876543
discounted_lints,corr,z48_a0p5_corr_pruned_top10,15,3142,BTCUSDT,val,2000.0,2.195556008428179,2.8775735590849782,95,1.1531619364907333,True,0.614,0.065,0.1915,0.8085,1.0,0.995,16.0,7.0,12.68421052631579,4.0,17.0,0.6105263157894737,0.3894736842105263
discounted_lints,corr,z48_a0p5_corr_pruned_top10,15,3142,BTCUSDT,val_first,,2.2775905668857677,2.407787037468734,56,1.2616500727215365,True,,,,,,,12.0,5.5,10.910714285714286,4.0,14.25,0.6428571428571429,0.35714285714285715
discounted_lints,corr,z48_a0p5_corr_pruned_top10,15,3142,BTCUSDT,val_second,,-0.08020775421371251,2.8775735590849782,39,1.022857127499106,True,,,,,,,23.0,8.0,15.23076923076923,4.0,22.0,0.5641025641025641,0.4358974358974359
discounted_lints,corr,z48_a0p5_corr_pruned_top10,15,3142,ETHUSDT,val,2000.0,-5.955822427636203,9.478367957696355,147,0.6998043366150272,True,0.487,0.1695,0.29400000000000004,0.706,1.0,0.995,9.0,4.0,6.625850340136054,4.0,6.0,0.8639455782312925,0.1360544217687075
discounted_lints,corr,z48_a0p5_corr_pruned_top10,15,3142,ETHUSDT,val_first,,-0.6115855021914363,5.026846819720776,72,0.8727546785807074,True,,,,,,,10.0,4.0,6.375,4.0,5.25,0.8611111111111112,0.1388888888888889
discounted_lints,corr,z48_a0p5_corr_pruned_top10,15,3142,ETHUSDT,val_second,,-5.3771226278719,8.966826506426017,74,0.5760844894158604,True,,,,,,,8.0,4.0,6.6891891891891895,4.0,6.0,0.8783783783783784,0.12162162162162163
discounted_lints,corr,z48_a0p5_corr_pruned_top10,15,3142,SOLUSDT,val,2000.0,-9.398627205684452,11.509601733689145,158,0.627071489678503,True,0.5175,0.1715,0.3175,0.6825,1.0,0.995,9.0,4.0,6.525316455696203,4.0,6.0,0.8544303797468354,0.14556962025316456
discounted_lints,corr,z48_a0p5_corr_pruned_top10,15,3142,SOLUSDT,val_first,,-1.760184186606184,6.0438487071712625,81,0.8005118372008123,True,,,,,,,9.0,4.0,6.777777777777778,4.0,7.0,0.8395061728395061,0.16049382716049382
discounted_lints,corr,z48_a0p5_corr_pruned_top10,15,3142,SOLUSDT,val_second,,-7.775302667085072,10.387872834315083,77,0.4979064419953027,True,,,,,,,8.0,4.0,6.259740259740259,4.0,5.0,0.8701298701298701,0.12987012987012986
discounted_lints,corr,z48_a0p5_corr_pruned_top10,15,3143,BTCUSDT,val,2000.0,3.3537501478995146,2.921230439753142,96,1.283338261594424,True,0.608,0.0685,0.1935,0.8065,1.0,0.995,15.5,7.0,12.427083333333334,4.0,16.25,0.625,0.375
discounted_lints,corr,z48_a0p5_corr_pruned_top10,15,3143,BTCUSDT,val_first,,3.069586180359263,2.1822274659057617,57,1.4424699077775445,True,,,,,,,11.5,5.0,10.596491228070175,4.0,14.0,0.6666666666666666,0.3333333333333333
discounted_lints,corr,z48_a0p5_corr_pruned_top10,15,3143,BTCUSDT,val_second,,0.2757010851319519,2.921230439753142,39,1.1004049537123073,True,,,,,,,23.0,7.0,15.102564102564102,4.5,22.0,0.5641025641025641,0.4358974358974359
discounted_lints,corr,z48_a0p5_corr_pruned_top10,15,3143,ETHUSDT,val,2000.0,-3.0452772425696217,9.221384245513198,148,0.8138361205767463,True,0.516,0.165,0.29600000000000004,0.704,1.0,0.995,9.0,4.0,6.972972972972973,4.0,6.0,0.8445945945945946,0.1554054054054054
discounted_lints,corr,z48_a0p5_corr_pruned_top10,15,3143,ETHUSDT,val_first,,3.0857319768191394,2.418609100156366,67,1.3585249099571801,True,,,,,,,11.0,4.0,7.7164179104477615,4.0,8.0,0.8059701492537313,0.19402985074626866
discounted_lints,corr,z48_a0p5_corr_pruned_top10,15,3143,ETHUSDT,val_second,,-5.947485749790715,8.814541961118715,80,0.5533273519009552,True,,,,,,,8.0,4.0,6.2,4.0,6.0,0.8875,0.1125
discounted_lints,corr,z48_a0p5_corr_pruned_top10,15,3143,SOLUSDT,val,2000.0,-8.585525002659411,11.018006439669092,159,0.6531751722140491,True,0.5155,0.179,0.3195,0.6805,1.0,0.995,9.0,4.0,6.459119496855346,4.0,6.0,0.8679245283018868,0.1320754716981132
discounted_lints,corr,z48_a0p5_corr_pruned_top10,15,3143,SOLUSDT,val_first,,-1.3335763187501848,5.843633256882363,82,0.8273061687671113,True,,,,,,,9.0,4.0,6.646341463414634,4.0,7.0,0.8658536585365854,0.13414634146341464
discounted_lints,corr,z48_a0p5_corr_pruned_top10,15,3143,SOLUSDT,val_second,,-7.349966091136784,10.429313783459548,77,0.5331751923372333,True,,,,,,,8.0,4.0,6.259740259740259,4.0,5.0,0.8701298701298701,0.12987012987012986
discounted_lints,corr,z48_a0p5_corr_pruned_top10,15,3144,BTCUSDT,val,2000.0,4.481337780779726,2.656937437229312,96,1.4248811805018833,True,0.6045,0.0665,0.1935,0.8065,1.0,0.995,15.0,7.0,12.354166666666666,4.0,16.0,0.6354166666666666,0.3645833333333333
discounted_lints,corr,z48_a0p5_corr_pruned_top10,15,3144,BTCUSDT,val_first,,3.9562474679348147,1.8914724778363423,56,1.6740996499820482,True,,,,,,,12.0,5.0,10.696428571428571,4.0,14.0,0.6428571428571429,0.35714285714285715
discounted_lints,corr,z48_a0p5_corr_pruned_top10,15,3144,BTCUSDT,val_second,,0.50510702880735,2.656937437229312,40,1.1590160869265225,True,,,,,,,21.0,7.5,14.675,4.0,21.5,0.625,0.375
discounted_lints,corr,z48_a0p5_corr_pruned_top10,15,3144,ETHUSDT,val,2000.0,-4.894073246197794,8.406224712167354,143,0.7310096446711175,True,0.492,0.155,0.2875,0.7125,1.0,0.995,9.0,4.0,6.853146853146853,4.0,6.0,0.8321678321678322,0.16783216783216784
discounted_lints,corr,z48_a0p5_corr_pruned_top10,15,3144,ETHUSDT,val_first,,1.2160663509379166,2.3824962367182345,65,1.082636797620606,True,,,,,,,14.0,4.0,7.415384615384616,4.0,9.0,0.7846153846153846,0.2153846153846154
discounted_lints,corr,z48_a0p5_corr_pruned_top10,15,3144,ETHUSDT,val_second,,-6.036728967465043,8.187555514901934,77,0.5134403206983196,True,,,,,,,8.0,4.0,6.207792207792208,4.0,5.0,0.8831168831168831,0.11688311688311688
discounted_lints,corr,z48_a0p5_corr_pruned_top10,15,3144,SOLUSDT,val,2000.0,-3.872084563579614,9.005076065666639,162,0.8115207999643654,True,0.488,0.2075,0.32499999999999996,0.675,1.0,0.995,8.0,4.0,6.006172839506172,4.0,5.0,0.8765432098765432,0.12345679012345678
discounted_lints,corr,z48_a0p5_corr_pruned_top10,15,3144,SOLUSDT,val_first,,0.6802371311044109,4.403903757846228,86,0.9819166371940842,True,,,,,,,8.0,4.0,5.965116279069767,4.0,5.0,0.872093023255814,0.12790697674418605
discounted_lints,corr,z48_a0p5_corr_pruned_top10,15,3144,SOLUSDT,val_second,,-4.521564335169437,9.005076065666639,76,0.6810797218755911,True,,,,,,,8.0,4.0,6.052631578947368,4.0,5.0,0.881578947368421,0.11842105263157894
discounted_lints,corr,z48_a0p5_corr_pruned_top10,15,3145,BTCUSDT,val,2000.0,3.596324188099098,2.8465487864515526,96,1.309326566090133,True,0.61,0.0635,0.1935,0.8065,1.0,0.995,16.0,7.0,12.46875,4.0,16.25,0.6354166666666666,0.3645833333333333
discounted_lints,corr,z48_a0p5_corr_pruned_top10,15,3145,BTCUSDT,val_first,,3.356031372847834,2.078709541296331,57,1.5037288222208447,True,,,,,,,11.5,6.0,10.614035087719298,4.0,14.0,0.6842105263157895,0.3157894736842105
discounted_lints,corr,z48_a0p5_corr_pruned_top10,15,3145,BTCUSDT,val_second,,0.23249036564150227,2.8465487864515526,39,1.0921719031599046,True,,,,,,,23.0,8.0,15.179487179487179,4.5,22.0,0.5641025641025641,0.4358974358974359
discounted_lints,corr,z48_a0p5_corr_pruned_top10,15,3145,ETHUSDT,val,2000.0,-6.686417027668767,9.36174118047689,151,0.6661197527170061,True,0.501,0.164,0.30200000000000005,0.698,1.0,0.995,9.0,4.0,6.635761589403973,4.0,6.0,0.847682119205298,0.152317880794702
discounted_lints,corr,z48_a0p5_corr_pruned_top10,15,3145,ETHUSDT,val_first,,0.4357701430287131,3.153217253176932,71,0.9882182363352807,True,,,,,,,11.0,4.0,7.042253521126761,4.0,8.5,0.8028169014084507,0.19718309859154928
discounted_lints,corr,z48_a0p5_corr_pruned_top10,15,3145,ETHUSDT,val_second,,-7.091285465880248,9.137167266289259,79,0.46645672920222936,True,,,,,,,8.0,4.0,6.113924050632911,4.0,5.0,0.8987341772151899,0.10126582278481013
discounted_lints,corr,z48_a0p5_corr_pruned_top10,15,3145,SOLUSDT,val,2000.0,-4.583600948271782,8.845492990511927,168,0.7908239159614301,True,0.493,0.211,0.3365,0.6635,1.0,0.995,8.0,4.0,5.857142857142857,4.0,5.0,0.8809523809523809,0.11904761904761904
discounted_lints,corr,z48_a0p5_corr_pruned_top10,15,3145,SOLUSDT,val_first,,0.1339394216646861,5.027630952086115,89,0.9496271574823241,True,,,,,,,9.0,4.0,5.853932584269663,4.0,5.0,0.8764044943820225,0.12359550561797752
discounted_lints,corr,z48_a0p5_corr_pruned_top10,15,3145,SOLUSDT,val_second,,-4.711230175486126,8.845492990511927,79,0.6713859191057122,True,,,,,,,8.0,4.0,5.860759493670886,4.0,5.0,0.8860759493670886,0.11392405063291139
discounted_lints,corr,z48_a0p5_corr_pruned_top10,15,3146,BTCUSDT,val,2000.0,4.200725289165752,2.5958801550943433,95,1.3566412928334783,True,0.6135,0.0635,0.1915,0.8085,1.0,0.995,16.0,7.0,12.673684210526316,4.0,17.0,0.6,0.4
discounted_lints,corr,z48_a0p5_corr_pruned_top10,15,3146,BTCUSDT,val_first,,2.7478727325156216,2.5958801550943433,55,1.360227355226076,True,,,,,,,12.0,5.0,10.872727272727273,4.0,14.0,0.6545454545454545,0.34545454545454546
discounted_lints,corr,z48_a0p5_corr_pruned_top10,15,3146,BTCUSDT,val_second,,1.413997699429137,2.340153450363669,40,1.3518594099415082,True,,,,,,,20.5,8.5,15.15,4.75,21.0,0.525,0.475
discounted_lints,corr,z48_a0p5_corr_pruned_top10,15,3146,ETHUSDT,val,2000.0,-5.247523174256785,8.401968778166491,146,0.7068622023147512,True,0.474,0.1785,0.29200000000000004,0.708,1.0,0.995,9.0,4.0,6.493150684931507,4.0,6.0,0.863013698630137,0.136986301369863
discounted_lints,corr,z48_a0p5_corr_pruned_top10,15,3146,ETHUSDT,val_first,,0.9217555147520651,3.1054090239235332,70,1.047038626449261,True,,,,,,,10.0,4.0,6.571428571428571,4.0,6.75,0.8428571428571429,0.15714285714285714
discounted_lints,corr,z48_a0p5_corr_pruned_top10,15,3146,ETHUSDT,val_second,,-6.1129323975216305,8.183289420367036,75,0.4964288918031396,True,,,,,,,8.0,4.0,6.24,4.0,5.5,0.8933333333333333,0.10666666666666667
discounted_lints,corr,z48_a0p5_corr_pruned_top10,15,3146,SOLUSDT,val,2000.0,-8.566104471039216,11.127732954498592,167,0.6712246029641685,True,0.5125,0.192,0.3355,0.6645,1.0,0.995,9.0,4.0,6.11377245508982,4.0,6.0,0.8862275449101796,0.11377245508982035
discounted_lints,corr,z48_a0p5_corr_pruned_top10,15,3146,SOLUSDT,val_first,,-0.9013419939164713,4.998514884383953,84,0.8652938412110266,True,,,,,,,10.0,4.0,6.440476190476191,4.0,7.25,0.8690476190476191,0.13095238095238096
discounted_lints,corr,z48_a0p5_corr_pruned_top10,15,3146,SOLUSDT,val_second,,-7.734476562389181,10.929775395306496,83,0.5473866888017671,True,,,,,,,8.0,4.0,5.783132530120482,4.0,5.0,0.9036144578313253,0.0963855421686747
discounted_lints,corr,z48_a0p5_corr_pruned_top10,16,3142,BTCUSDT,val,2000.0,1.8778247501627598,2.7447918153784667,101,1.142387165790668,True,0.6035,0.064,0.20350000000000001,0.7965,1.0,0.995,15.0,7.0,11.722772277227723,4.0,16.0,0.6336633663366337,0.36633663366336633
discounted_lints,corr,z48_a0p5_corr_pruned_top10,16,3142,BTCUSDT,val_first,,0.9764138654827725,2.7447918153784667,60,1.0797479026093693,True,,,,,,,12.0,5.5,9.95,4.0,14.25,0.65,0.35
discounted_lints,corr,z48_a0p5_corr_pruned_top10,16,3142,BTCUSDT,val_second,,0.8926944918848045,2.418874592969389,41,1.2430209670061827,True,,,,,,,17.0,7.0,14.317073170731707,4.0,20.0,0.6097560975609756,0.3902439024390244
discounted_lints,corr,z48_a0p5_corr_pruned_top10,16,3142,ETHUSDT,val,2000.0,-3.8209853492544577,7.1518404649429606,155,0.783397856488863,True,0.4905,0.187,0.31000000000000005,0.69,1.0,0.995,9.0,4.0,6.329032258064516,4.0,5.0,0.8709677419354839,0.12903225806451613
discounted_lints,corr,z48_a0p5_corr_pruned_top10,16,3142,ETHUSDT,val_first,,-0.4449995071143853,4.27283997241843,75,0.8887701934789207,True,,,,,,,9.0,4.0,6.346666666666667,4.0,5.0,0.84,0.16
discounted_lints,corr,z48_a0p5_corr_pruned_top10,16,3142,ETHUSDT,val_second,,-3.3910761141338397,7.1518404649429606,79,0.6957624450560538,True,,,,,,,8.0,4.0,6.139240506329114,4.0,5.0,0.9113924050632911,0.08860759493670886
discounted_lints,corr,z48_a0p5_corr_pruned_top10,16,3142,SOLUSDT,val,2000.0,-5.433011233248375,10.822191356961962,164,0.7676570776200563,True,0.494,0.2,0.3295,0.6705,1.0,0.995,8.0,4.0,6.0,4.0,5.0,0.8780487804878049,0.12195121951219512
discounted_lints,corr,z48_a0p5_corr_pruned_top10,16,3142,SOLUSDT,val_first,,1.5085559719048014,4.876082586059683,87,1.0536142909377406,True,,,,,,,9.0,4.0,5.954022988505747,4.0,5.5,0.8735632183908046,0.12643678160919541
discounted_lints,corr,z48_a0p5_corr_pruned_top10,16,3142,SOLUSDT,val_second,,-6.838406022714416,10.822191356961962,77,0.5805539026103045,True,,,,,,,8.0,4.0,6.0519480519480515,4.0,5.0,0.8831168831168831,0.11688311688311688
discounted_lints,corr,z48_a0p5_corr_pruned_top10,16,3143,BTCUSDT,val,2000.0,2.745669174327059,2.627162254540949,97,1.2122613876070738,True,0.6165,0.0665,0.1955,0.8045,1.0,0.995,15.0,7.0,12.474226804123711,4.0,16.0,0.6185567010309279,0.38144329896907214
discounted_lints,corr,z48_a0p5_corr_pruned_top10,16,3143,BTCUSDT,val_first,,2.3891968771872385,2.2435548485149948,58,1.2913213888393469,True,,,,,,,11.0,5.0,10.431034482758621,4.0,13.75,0.6724137931034483,0.3275862068965517
discounted_lints,corr,z48_a0p5_corr_pruned_top10,16,3143,BTCUSDT,val_second,,0.34815420768210537,2.627162254540949,39,1.1124547078234632,True,,,,,,,19.0,8.0,15.512820512820513,4.5,23.5,0.5384615384615384,0.46153846153846156
discounted_lints,corr,z48_a0p5_corr_pruned_top10,16,3143,ETHUSDT,val,2000.0,-3.2088089639176642,7.3381949579781836,146,0.8029319236450757,True,0.492,0.164,0.29200000000000004,0.708,1.0,0.995,9.0,4.0,6.739726027397261,4.0,6.0,0.8493150684931506,0.1506849315068493
discounted_lints,corr,z48_a0p5_corr_pruned_top10,16,3143,ETHUSDT,val_first,,0.9468968908350694,3.2654152163769656,70,1.0427235638045782,True,,,,,,,11.0,4.0,6.9,4.0,7.0,0.8285714285714286,0.17142857142857143
discounted_lints,corr,z48_a0p5_corr_pruned_top10,16,3143,ETHUSDT,val_second,,-4.116724716408826,7.108607314470894,75,0.6312074586627069,True,,,,,,,8.0,4.0,6.426666666666667,4.0,5.0,0.88,0.12
discounted_lints,corr,z48_a0p5_corr_pruned_top10,16,3143,SOLUSDT,val,2000.0,-8.06258924701677,10.64974653879226,164,0.6891366411082935,True,0.519,0.183,0.3295,0.6705,1.0,0.995,9.0,4.0,6.304878048780488,4.0,6.0,0.8536585365853658,0.14634146341463414
discounted_lints,corr,z48_a0p5_corr_pruned_top10,16,3143,SOLUSDT,val_first,,-1.9506814590097732,6.002214835323338,83,0.8043714293141319,True,,,,,,,10.0,4.0,6.626506024096385,4.0,8.0,0.8313253012048193,0.1686746987951807
discounted_lints,corr,z48_a0p5_corr_pruned_top10,16,3143,SOLUSDT,val_second,,-6.233503586719857,10.116865166248557,81,0.6044718797494528,True,,,,,,,8.0,4.0,5.9753086419753085,4.0,5.0,0.8765432098765432,0.12345679012345678
discounted_lints,corr,z48_a0p5_corr_pruned_top10,16,3144,BTCUSDT,val,2000.0,3.0719601736489244,2.7208067251583756,97,1.2577356104879385,True,0.6005,0.07,0.1955,0.8045,1.0,0.995,15.0,7.0,12.144329896907216,4.0,16.0,0.6082474226804123,0.3917525773195876
discounted_lints,corr,z48_a0p5_corr_pruned_top10,16,3144,BTCUSDT,val_first,,2.6680726920675912,1.9837013409050308,59,1.3418098344417728,True,,,,,,,13.0,5.0,9.983050847457626,4.0,14.5,0.6440677966101694,0.3559322033898305
discounted_lints,corr,z48_a0p5_corr_pruned_top10,16,3144,BTCUSDT,val_second,,0.39339151012673934,2.7208067251583756,38,1.1399603808963932,True,,,,,,,23.0,8.0,15.5,4.25,22.5,0.5526315789473685,0.4473684210526316
discounted_lints,corr,z48_a0p5_corr_pruned_top10,16,3144,ETHUSDT,val,2000.0,-4.9415571726835195,8.798037717287599,152,0.746416724993148,True,0.4945,0.1705,0.30400000000000005,0.696,1.0,0.995,9.0,4.0,6.506578947368421,4.0,6.0,0.8552631578947368,0.14473684210526316
discounted_lints,corr,z48_a0p5_corr_pruned_top10,16,3144,ETHUSDT,val_first,,0.2733456618502217,3.2988241071793545,73,0.9670516904429802,True,,,,,,,11.0,4.0,6.671232876712328,4.0,7.0,0.8493150684931506,0.1506849315068493
discounted_lints,corr,z48_a0p5_corr_pruned_top10,16,3144,ETHUSDT,val_second,,-5.200686982281266,8.572067118136939,78,0.5792539337664091,True,,,,,,,8.0,4.0,6.1923076923076925,4.0,5.0,0.8717948717948718,0.1282051282051282
discounted_lints,corr,z48_a0p5_corr_pruned_top10,16,3144,SOLUSDT,val,2000.0,-5.9206076882925345,9.751951247625767,160,0.7427277457648683,True,0.521,0.1825,0.3215,0.6785,1.0,0.995,9.0,4.0,6.4875,4.0,6.25,0.84375,0.15625
discounted_lints,corr,z48_a0p5_corr_pruned_top10,16,3144,SOLUSDT,val_first,,1.283102573622874,4.339655261629016,81,1.0352162368291755,True,,,,,,,10.0,4.0,6.962962962962963,4.0,8.0,0.8024691358024691,0.19753086419753085
discounted_lints,corr,z48_a0p5_corr_pruned_top10,16,3144,SOLUSDT,val_second,,-7.11245022996706,9.751951247625767,79,0.5406762052798791,True,,,,,,,8.0,4.0,6.0,4.0,5.0,0.8860759493670886,0.11392405063291139
discounted_lints,corr,z48_a0p5_corr_pruned_top10,16,3145,BTCUSDT,val,2000.0,3.015238053054481,2.4153754426226026,95,1.2800484179657357,True,0.604,0.065,0.1915,0.8085,1.0,0.995,15.0,7.0,12.473684210526315,4.0,16.5,0.6,0.4
discounted_lints,corr,z48_a0p5_corr_pruned_top10,16,3145,BTCUSDT,val_first,,2.680091698835718,2.4153754426226026,55,1.3968354908205343,True,,,,,,,13.0,5.0,10.181818181818182,4.0,14.5,0.6545454545454545,0.34545454545454546
discounted_lints,corr,z48_a0p5_corr_pruned_top10,16,3145,BTCUSDT,val_second,,0.32639857315452936,2.1342715282627545,39,1.122079854715462,True,,,,,,,19.0,8.0,15.0,4.5,22.0,0.5384615384615384,0.46153846153846156
discounted_lints,corr,z48_a0p5_corr_pruned_top10,16,3145,ETHUSDT,val,2000.0,-5.351111643184014,8.231036577343032,154,0.7228806555297671,True,0.4955,0.185,0.3095,0.6905,1.0,0.995,9.0,4.0,6.409090909090909,4.0,6.0,0.8701298701298701,0.12987012987012986
discounted_lints,corr,z48_a0p5_corr_pruned_top10,16,3145,ETHUSDT,val_first,,0.37264603261335516,3.4212038333825356,74,0.9778299908771169,True,,,,,,,10.0,4.0,6.648648648648648,4.0,7.0,0.8378378378378378,0.16216216216216217
discounted_lints,corr,z48_a0p5_corr_pruned_top10,16,3145,ETHUSDT,val_second,,-5.7025075078100285,8.11310213186628,79,0.559707216468179,True,,,,,,,8.0,4.0,6.012658227848101,4.0,6.0,0.9113924050632911,0.08860759493670886
discounted_lints,corr,z48_a0p5_corr_pruned_top10,16,3145,SOLUSDT,val,2000.0,-6.9305448463421016,10.777037539358847,157,0.7128872450630414,True,0.5175,0.1775,0.3155,0.6845,1.0,0.995,9.0,4.0,6.56687898089172,4.0,6.0,0.8407643312101911,0.1592356687898089
discounted_lints,corr,z48_a0p5_corr_pruned_top10,16,3145,SOLUSDT,val_first,,0.4455724489092594,4.187550767930571,79,0.964963452564476,True,,,,,,,10.5,4.0,6.987341772151899,4.0,8.0,0.7974683544303798,0.20253164556962025
discounted_lints,corr,z48_a0p5_corr_pruned_top10,16,3145,SOLUSDT,val_second,,-7.3433971407780625,10.777037539358847,78,0.5542479301841671,True,,,,,,,7.5,4.0,6.141025641025641,4.0,5.0,0.8846153846153846,0.11538461538461539
discounted_lints,corr,z48_a0p5_corr_pruned_top10,16,3146,BTCUSDT,val,2000.0,2.616594890138013,2.3960660309200743,95,1.222056617056478,True,0.6125,0.0615,0.1915,0.8085,1.0,0.995,14.0,7.0,12.652631578947368,4.0,16.5,0.6105263157894737,0.3894736842105263
discounted_lints,corr,z48_a0p5_corr_pruned_top10,16,3146,BTCUSDT,val_first,,2.424450327667871,2.3960660309200743,59,1.3105011850988608,True,,,,,,,11.0,5.0,9.338983050847459,4.0,13.0,0.6779661016949152,0.3220338983050847
discounted_lints,corr,z48_a0p5_corr_pruned_top10,16,3146,BTCUSDT,val_second,,0.18759638138690082,2.296517260955777,35,1.0530954926488978,True,,,,,,,19.0,9.0,17.314285714285713,4.5,25.5,0.5142857142857142,0.4857142857142857
discounted_lints,corr,z48_a0p5_corr_pruned_top10,16,3146,ETHUSDT,val,2000.0,-4.9407494043215205,7.720371850722241,146,0.734375221646685,True,0.481,0.165,0.29200000000000004,0.708,1.0,0.995,9.0,4.0,6.589041095890411,4.0,6.0,0.8698630136986302,0.13013698630136986
discounted_lints,corr,z48_a0p5_corr_pruned_top10,16,3146,ETHUSDT,val_first,,-0.45197651969701713,3.7442419279943295,69,0.8865787083007485,True,,,,,,,11.0,4.0,6.768115942028985,4.0,7.0,0.855072463768116,0.14492753623188406
discounted_lints,corr,z48_a0p5_corr_pruned_top10,16,3146,ETHUSDT,val_second,,-4.509153198318073,7.575881672859108,76,0.6183252998367516,True,,,,,,,8.0,4.0,6.25,4.0,5.0,0.8947368421052632,0.10526315789473684
discounted_lints,corr,z48_a0p5_corr_pruned_top10,16,3146,SOLUSDT,val,2000.0,-5.732284726537729,8.921955861349806,157,0.7489685333531486,True,0.5115,0.177,0.3155,0.6845,1.0,0.995,9.0,4.0,6.490445859872612,4.0,6.0,0.8471337579617835,0.15286624203821655
discounted_lints,corr,z48_a0p5_corr_pruned_top10,16,3146,SOLUSDT,val_first,,0.3858076248658415,4.824387124491569,79,0.9642637220992026,True,,,,,,,10.0,4.0,6.974683544303797,4.0,8.0,0.810126582278481,0.189873417721519
discounted_lints,corr,z48_a0p5_corr_pruned_top10,16,3146,SOLUSDT,val_second,,-6.09457900091458,8.921955861349806,78,0.6053579502491373,True,,,,,,,8.0,4.0,6.0,4.0,5.0,0.8846153846153846,0.11538461538461539
discounted_lints,corr,z48_a0p5_corr_pruned_top10,17,3142,BTCUSDT,val,2000.0,4.0834232086218725,2.483636373159248,101,1.3000311030141327,True,0.626,0.071,0.20350000000000001,0.7965,1.0,0.995,13.0,6.0,12.118811881188119,4.0,15.0,0.6237623762376238,0.37623762376237624
discounted_lints,corr,z48_a0p5_corr_pruned_top10,17,3142,BTCUSDT,val_first,,3.123682313190068,2.385861450037541,58,1.3898876986026243,True,,,,,,,11.0,5.0,10.89655172413793,4.0,13.0,0.6206896551724138,0.3793103448275862
discounted_lints,corr,z48_a0p5_corr_pruned_top10,17,3142,BTCUSDT,val_second,,0.9306697296912247,2.483636373159248,43,1.1851495185047722,True,,,,,,,17.0,7.0,13.767441860465116,4.0,17.5,0.627906976744186,0.37209302325581395
discounted_lints,corr,z48_a0p5_corr_pruned_top10,17,3142,ETHUSDT,val,2000.0,-6.731428007824913,9.24001643002985,165,0.6744259517272269,True,0.51,0.2005,0.32999999999999996,0.67,1.0,0.995,8.5,4.0,6.181818181818182,4.0,6.0,0.896969696969697,0.10303030303030303
discounted_lints,corr,z48_a0p5_corr_pruned_top10,17,3142,ETHUSDT,val_first,,-1.73792545535707,6.006440910989874,80,0.7616388775632802,True,,,,,,,9.0,4.0,6.1875,4.0,6.0,0.875,0.125
discounted_lints,corr,z48_a0p5_corr_pruned_top10,17,3142,ETHUSDT,val_second,,-5.081820809919058,7.634777720130881,84,0.602836254788337,True,,,,,,,8.0,4.0,6.011904761904762,4.0,5.25,0.9285714285714286,0.07142857142857142
discounted_lints,corr,z48_a0p5_corr_pruned_top10,17,3142,SOLUSDT,val,2000.0,-4.34208203559524,8.518537416506,162,0.7908888662209312,True,0.495,0.195,0.32399999999999995,0.676,1.0,0.995,8.0,4.0,6.111111111111111,4.0,5.75,0.8703703703703703,0.12962962962962962
discounted_lints,corr,z48_a0p5_corr_pruned_top10,17,3142,SOLUSDT,val_first,,1.1085333832192346,4.371734554845408,85,1.0307693935065059,True,,,,,,,9.0,4.0,6.341176470588235,4.0,7.0,0.8705882352941177,0.12941176470588237
discounted_lints,corr,z48_a0p5_corr_pruned_top10,17,3142,SOLUSDT,val_second,,-5.390855980627929,8.518537416506,77,0.6151987894651929,True,,,,,,,8.0,4.0,5.857142857142857,4.0,4.0,0.8701298701298701,0.12987012987012986
discounted_lints,corr,z48_a0p5_corr_pruned_top10,17,3143,BTCUSDT,val,2000.0,0.08575179286933743,3.8239517894919084,107,0.9740622971818137,True,0.6105,0.082,0.21550000000000002,0.7845,1.0,0.995,14.0,6.0,11.130841121495328,4.0,14.0,0.6261682242990654,0.37383177570093457
discounted_lints,corr,z48_a0p5_corr_pruned_top10,17,3143,BTCUSDT,val_first,,1.95098276362069,2.612259187119015,56,1.244289282044026,True,,,,,,,13.0,6.5,11.071428571428571,4.0,14.0,0.625,0.375
discounted_lints,corr,z48_a0p5_corr_pruned_top10,17,3143,BTCUSDT,val_second,,-1.8295370188593507,3.8239517894919084,51,0.7444788774308074,True,,,,,,,14.0,6.0,11.196078431372548,4.0,14.0,0.6274509803921569,0.37254901960784315
discounted_lints,corr,z48_a0p5_corr_pruned_top10,17,3143,ETHUSDT,val,2000.0,-6.623396241681679,10.162159845278996,160,0.6919192413224484,True,0.5055,0.194,0.3215,0.6785,1.0,0.995,9.0,4.0,6.29375,4.0,5.0,0.85625,0.14375
discounted_lints,corr,z48_a0p5_corr_pruned_top10,17,3143,ETHUSDT,val_first,,-2.762417693979924,5.967928456668803,78,0.7153142955155296,True,,,,,,,10.0,4.0,6.628205128205129,4.0,6.75,0.8076923076923077,0.19230769230769232
discounted_lints,corr,z48_a0p5_corr_pruned_top10,17,3143,ETHUSDT,val_second,,-3.97066489739607,7.716587003684438,82,0.6719068691413858,True,,,,,,,7.0,4.0,5.975609756097561,4.0,5.0,0.9024390243902439,0.0975609756097561
discounted_lints,corr,z48_a0p5_corr_pruned_top10,17,3143,SOLUSDT,val,2000.0,-7.802855656972996,11.262264559534918,161,0.7017196313584341,True,0.5285,0.181,0.32199999999999995,0.678,1.0,0.995,9.0,4.0,6.565217391304348,4.0,7.0,0.8136645962732919,0.18633540372670807
discounted_lints,corr,z48_a0p5_corr_pruned_top10,17,3143,SOLUSDT,val_first,,-0.42989647894053906,6.795184246936559,79,0.903734152407732,True,,,,,,,10.0,4.0,7.291139240506329,4.0,9.5,0.7468354430379747,0.25316455696202533
discounted_lints,corr,z48_a0p5_corr_pruned_top10,17,3143,SOLUSDT,val_second,,-7.404792118623282,9.872723219184499,82,0.5536884665635042,True,,,,,,,8.0,4.0,5.865853658536586,4.0,6.0,0.8780487804878049,0.12195121951219512
discounted_lints,corr,z48_a0p5_corr_pruned_top10,17,3144,BTCUSDT,val,2000.0,1.7566000958342265,3.9166107465967603,106,1.1331017251721083,True,0.618,0.0815,0.21350000000000002,0.7865,1.0,0.995,14.0,6.0,11.443396226415095,4.0,12.0,0.6792452830188679,0.32075471698113206
discounted_lints,corr,z48_a0p5_corr_pruned_top10,17,3144,BTCUSDT,val_first,,2.623899710240285,1.529837620488017,62,1.2847814715606585,True,,,,,,,11.0,4.0,8.419354838709678,4.0,10.5,0.7419354838709677,0.25806451612903225
discounted_lints,corr,z48_a0p5_corr_pruned_top10,17,3144,BTCUSDT,val_second,,-0.8451243977815159,3.9166107465967603,43,0.8681375296664835,True,,,,,,,15.0,7.0,13.534883720930232,5.0,16.5,0.6046511627906976,0.3953488372093023
discounted_lints,corr,z48_a0p5_corr_pruned_top10,17,3144,ETHUSDT,val,2000.0,-5.7939205101325,9.147194487825738,170,0.7263871907324284,True,0.507,0.2145,0.3415,0.6585,1.0,0.995,8.0,4.0,5.9411764705882355,4.0,5.0,0.888235294117647,0.11176470588235295
discounted_lints,corr,z48_a0p5_corr_pruned_top10,17,3144,ETHUSDT,val_first,,-2.4744581883058725,5.658629411300941,86,0.7303318052013854,True,,,,,,,9.0,4.0,5.9186046511627906,4.0,5.75,0.872093023255814,0.12790697674418605
discounted_lints,corr,z48_a0p5_corr_pruned_top10,17,3144,ETHUSDT,val_second,,-3.403685086144881,7.535971074039538,83,0.7126068920083297,True,,,,,,,7.0,4.0,5.807228915662651,4.0,5.0,0.9156626506024096,0.08433734939759036
discounted_lints,corr,z48_a0p5_corr_pruned_top10,17,3144,SOLUSDT,val,2000.0,-5.891535726418951,7.798383535051901,160,0.7399611147621606,True,0.509,0.182,0.3195,0.6805,1.0,0.995,8.0,4.0,6.3625,4.0,6.0,0.84375,0.15625
discounted_lints,corr,z48_a0p5_corr_pruned_top10,17,3144,SOLUSDT,val_first,,-0.8049515835293897,5.889914011873454,81,0.8829106426442943,True,,,,,,,10.0,4.0,6.91358024691358,4.0,8.0,0.7901234567901234,0.20987654320987653
discounted_lints,corr,z48_a0p5_corr_pruned_top10,17,3144,SOLUSDT,val_second,,-5.127860940733175,6.779809747628629,79,0.6333116827213557,True,,,,,,,8.0,4.0,5.7974683544303796,4.0,5.0,0.8987341772151899,0.10126582278481013
discounted_lints,corr,z48_a0p5_corr_pruned_top10,17,3145,BTCUSDT,val,2000.0,2.3182736893220923,3.0223535964046366,107,1.1850058316442864,True,0.6095,0.089,0.21550000000000002,0.7845,1.0,0.995,13.0,6.0,11.177570093457945,4.0,13.5,0.6355140186915887,0.3644859813084112
discounted_lints,corr,z48_a0p5_corr_pruned_top10,17,3145,BTCUSDT,val_first,,2.4800392587996267,2.1439446312352395,67,1.3060777912910366,True,,,,,,,12.0,5.0,8.746268656716419,4.0,11.0,0.6865671641791045,0.31343283582089554
discounted_lints,corr,z48_a0p5_corr_pruned_top10,17,3145,BTCUSDT,val_second,,-0.15785080748167424,3.0223535964046366,40,1.0168533232575203,True,,,,,,,17.5,8.0,15.25,4.0,24.0,0.55,0.45
discounted_lints,corr,z48_a0p5_corr_pruned_top10,17,3145,ETHUSDT,val,2000.0,-7.5853314953242545,10.017521896610992,159,0.6560523885048857,True,0.5015,0.193,0.31799999999999995,0.682,1.0,0.995,8.5,4.0,6.3081761006289305,4.0,6.0,0.8679245283018868,0.1320754716981132
discounted_lints,corr,z48_a0p5_corr_pruned_top10,17,3145,ETHUSDT,val_first,,-0.41257544719087713,4.095347595287125,77,0.8961166053675119,True,,,,,,,9.0,4.0,6.233766233766234,4.0,6.0,0.8701298701298701,0.12987012987012986
discounted_lints,corr,z48_a0p5_corr_pruned_top10,17,3145,ETHUSDT,val_second,,-7.202471677867139,9.599868916545217,81,0.5028075939662799,True,,,,,,,8.0,4.0,6.222222222222222,4.0,6.0,0.8765432098765432,0.12345679012345678
discounted_lints,corr,z48_a0p5_corr_pruned_top10,17,3145,SOLUSDT,val,2000.0,-6.083755087463816,9.020785103974161,164,0.7569892428186439,True,0.5015,0.1965,0.3295,0.6705,1.0,0.995,8.0,4.0,6.091463414634147,4.0,5.25,0.8536585365853658,0.14634146341463414
discounted_lints,corr,z48_a0p5_corr_pruned_top10,17,3145,SOLUSDT,val_first,,-1.4211698349129165,6.825147461477766,87,0.8496629413472423,True,,,,,,,9.0,4.0,6.091954022988506,4.0,6.0,0.8505747126436781,0.14942528735632185
discounted_lints,corr,z48_a0p5_corr_pruned_top10,17,3145,SOLUSDT,val_second,,-4.72980379736968,8.559283963482256,77,0.681075808673643,True,,,,,,,8.0,4.0,6.090909090909091,4.0,5.0,0.8571428571428571,0.14285714285714285
discounted_lints,corr,z48_a0p5_corr_pruned_top10,17,3146,BTCUSDT,val,2000.0,1.3081416248480915,2.8318085146096683,105,1.1204512543446348,True,0.6335,0.092,0.21150000000000002,0.7885,1.0,0.995,12.0,5.0,11.847619047619048,4.0,14.0,0.6952380952380952,0.3047619047619048
discounted_lints,corr,z48_a0p5_corr_pruned_top10,17,3146,BTCUSDT,val_first,,1.5622318561796078,2.8318085146096683,61,1.1425378136352002,True,,,,,,,8.0,4.0,9.0,4.0,9.0,0.7704918032786885,0.22950819672131148
discounted_lints,corr,z48_a0p5_corr_pruned_top10,17,3146,BTCUSDT,val_second,,-0.25018181137583806,2.544922160275498,43,1.0936745699332,True,,,,,,,16.0,8.0,13.744186046511627,4.0,20.5,0.6046511627906976,0.3953488372093023
discounted_lints,corr,z48_a0p5_corr_pruned_top10,17,3146,ETHUSDT,val,2000.0,-4.720064909535249,8.485245026510457,159,0.7481151260323161,True,0.511,0.1785,0.31799999999999995,0.682,1.0,0.995,9.0,4.0,6.427672955974843,4.0,6.0,0.8490566037735849,0.1509433962264151
discounted_lints,corr,z48_a0p5_corr_pruned_top10,17,3146,ETHUSDT,val_first,,0.07726958440954501,3.1082676576926094,79,0.94646334706702,True,,,,,,,11.0,4.0,6.518987341772152,4.0,7.0,0.8227848101265823,0.17721518987341772
discounted_lints,corr,z48_a0p5_corr_pruned_top10,17,3146,ETHUSDT,val_second,,-4.793630475598176,8.485245026510457,79,0.6107612764627666,True,,,,,,,8.0,4.0,6.1645569620253164,4.0,5.5,0.8860759493670886,0.11392405063291139
discounted_lints,corr,z48_a0p5_corr_pruned_top10,17,3146,SOLUSDT,val,2000.0,-1.6212230216949286,7.161231185172845,165,0.8826695735661696,True,0.4975,0.2105,0.32999999999999996,0.67,1.0,0.995,8.0,4.0,6.03030303030303,4.0,5.0,0.8727272727272727,0.12727272727272726
discounted_lints,corr,z48_a0p5_corr_pruned_top10,17,3146,SOLUSDT,val_first,,2.6544995758352785,4.0447312136216995,84,1.157755799619796,True,,,,,,,9.0,4.0,6.333333333333333,4.0,6.0,0.8452380952380952,0.15476190476190477
discounted_lints,corr,z48_a0p5_corr_pruned_top10,17,3146,SOLUSDT,val_second,,-4.165158483259224,7.161231185172845,81,0.6868202142721426,True,,,,,,,7.0,4.0,5.716049382716049,4.0,4.0,0.9012345679012346,0.09876543209876543
discounted_lints,corr,z48_a0p5_corr_pruned_top10,18,3142,BTCUSDT,val,2000.0,0.49087434262957697,4.111481484388035,113,1.0121092161593521,True,0.6135,0.097,0.22750000000000004,0.7725,1.0,0.995,13.0,6.0,10.654867256637168,4.0,13.0,0.6637168141592921,0.336283185840708
discounted_lints,corr,z48_a0p5_corr_pruned_top10,18,3142,BTCUSDT,val_first,,1.6516055213937397,2.76320236195704,66,1.153756642232483,True,,,,,,,12.0,5.0,9.303030303030303,4.0,11.0,0.6818181818181818,0.3181818181818182
discounted_lints,corr,z48_a0p5_corr_pruned_top10,18,3142,BTCUSDT,val_second,,-1.141871958451135,4.111481484388035,47,0.8623562681710175,True,,,,,,,16.0,6.0,12.553191489361701,4.0,17.0,0.6382978723404256,0.3617021276595745
discounted_lints,corr,z48_a0p5_corr_pruned_top10,18,3142,ETHUSDT,val,2000.0,-8.446623017829747,10.062668074995129,166,0.6289009355561963,True,0.507,0.2055,0.3335,0.6665,1.0,0.995,8.0,4.0,6.0843373493975905,4.0,5.0,0.8975903614457831,0.10240963855421686
discounted_lints,corr,z48_a0p5_corr_pruned_top10,18,3142,ETHUSDT,val_first,,-1.6480914950959935,5.419833771417193,81,0.7845544448666534,True,,,,,,,9.0,4.0,6.160493827160494,4.0,6.0,0.8765432098765432,0.12345679012345678
discounted_lints,corr,z48_a0p5_corr_pruned_top10,18,3142,ETHUSDT,val_second,,-6.912455107462168,8.555580372372319,84,0.5096814637434259,True,,,,,,,7.0,4.0,5.845238095238095,4.0,5.0,0.9285714285714286,0.07142857142857142
discounted_lints,corr,z48_a0p5_corr_pruned_top10,18,3142,SOLUSDT,val,2000.0,-3.796238497953186,8.533863941800323,161,0.8152971888582181,True,0.501,0.1935,0.3235,0.6765,1.0,0.995,8.0,4.0,6.198757763975156,4.0,6.0,0.8571428571428571,0.14285714285714285
discounted_lints,corr,z48_a0p5_corr_pruned_top10,18,3142,SOLUSDT,val_first,,1.5216088951709894,3.839284343516214,80,1.0478276229631502,True,,,,,,,11.0,4.0,6.75,4.0,7.25,0.8375,0.1625
discounted_lints,corr,z48_a0p5_corr_pruned_top10,18,3142,SOLUSDT,val_second,,-5.238143338149081,8.533863941800323,81,0.6584039671194012,True,,,,,,,7.0,4.0,5.654320987654321,4.0,5.0,0.8765432098765432,0.12345679012345678
discounted_lints,corr,z48_a0p5_corr_pruned_top10,18,3143,BTCUSDT,val,2000.0,0.24189809990855515,2.6908748250506043,115,1.016928579641992,True,0.618,0.0875,0.23150000000000004,0.7685,1.0,0.995,15.0,7.0,10.547826086956523,4.0,14.0,0.6347826086956522,0.3652173913043478
discounted_lints,corr,z48_a0p5_corr_pruned_top10,18,3143,BTCUSDT,val_first,,0.48892390490646864,2.6908748250506043,68,1.025586304166995,True,,,,,,,12.0,5.5,9.0,4.0,13.0,0.6764705882352942,0.3235294117647059
discounted_lints,corr,z48_a0p5_corr_pruned_top10,18,3143,BTCUSDT,val_second,,-0.24582391312268914,2.6056677366006253,47,1.005219062723657,True,,,,,,,17.0,7.0,12.787234042553191,4.0,18.0,0.574468085106383,0.425531914893617
discounted_lints,corr,z48_a0p5_corr_pruned_top10,18,3143,ETHUSDT,val,2000.0,-9.86635183737079,11.785181567768987,164,0.5897531528380462,True,0.494,0.213,0.32799999999999996,0.672,1.0,0.995,8.0,4.0,6.024390243902439,4.0,5.0,0.9024390243902439,0.0975609756097561
discounted_lints,corr,z48_a0p5_corr_pruned_top10,18,3143,ETHUSDT,val_first,,-3.4966336769865936,6.174449440066921,80,0.6715521502997882,True,,,,,,,9.0,4.0,6.2875,4.0,6.0,0.875,0.125
discounted_lints,corr,z48_a0p5_corr_pruned_top10,18,3143,ETHUSDT,val_second,,-6.600513954159537,8.588869183111425,84,0.5253901813751707,True,,,,,,,7.0,4.0,5.773809523809524,4.0,5.0,0.9285714285714286,0.07142857142857142
discounted_lints,corr,z48_a0p5_corr_pruned_top10,18,3143,SOLUSDT,val,2000.0,-3.1869118782869466,7.537822307224273,156,0.8234440381263713,True,0.501,0.187,0.31200000000000006,0.688,1.0,0.995,9.0,4.0,6.423076923076923,4.0,6.0,0.8333333333333334,0.16666666666666666
discounted_lints,corr,z48_a0p5_corr_pruned_top10,18,3143,SOLUSDT,val_first,,-0.07304128687164457,5.84206551020412,79,0.92656889032484,True,,,,,,,10.0,4.0,6.8354430379746836,4.0,8.0,0.7974683544303798,0.20253164556962025
discounted_lints,corr,z48_a0p5_corr_pruned_top10,18,3143,SOLUSDT,val_second,,-3.1161466650402647,7.537822307224273,77,0.7380034254512127,True,,,,,,,7.0,4.0,6.0,4.0,4.0,0.8701298701298701,0.12987012987012986
discounted_lints,corr,z48_a0p5_corr_pruned_top10,18,3144,BTCUSDT,val,2000.0,1.7902026527434778,4.089419480556755,101,1.1306802198975563,True,0.5965,0.0775,0.20350000000000001,0.7965,1.0,0.995,13.0,6.0,11.584158415841584,4.0,14.0,0.6534653465346535,0.3465346534653465
discounted_lints,corr,z48_a0p5_corr_pruned_top10,18,3144,BTCUSDT,val_first,,3.2857794722859435,1.99231498441802,58,1.4532065652681994,True,,,,,,,11.0,5.0,10.39655172413793,4.0,12.0,0.6724137931034483,0.3275862068965517
discounted_lints,corr,z48_a0p5_corr_pruned_top10,18,3144,BTCUSDT,val_second,,-1.4479987730970922,4.089419480556755,43,0.7909243240037325,True,,,,,,,15.0,6.0,13.186046511627907,4.0,20.0,0.627906976744186,0.37209302325581395
discounted_lints,corr,z48_a0p5_corr_pruned_top10,18,3144,ETHUSDT,val,2000.0,-5.005432597369353,8.412203990281263,170,0.7493497665178659,True,0.496,0.2095,0.33999999999999997,0.66,1.0,0.995,7.0,4.0,5.8352941176470585,4.0,5.0,0.9,0.1
discounted_lints,corr,z48_a0p5_corr_pruned_top10,18,3144,ETHUSDT,val_first,,-0.7142388113775322,4.410888125035051,89,0.8736137516135407,True,,,,,,,8.0,4.0,5.561797752808989,4.0,5.0,0.898876404494382,0.10112359550561797
discounted_lints,corr,z48_a0p5_corr_pruned_top10,18,3144,ETHUSDT,val_second,,-4.322063641975249,7.936421089947165,80,0.6415772681622255,True,,,,,,,7.0,4.0,5.9625,4.0,5.0,0.9125,0.0875
discounted_lints,corr,z48_a0p5_corr_pruned_top10,18,3144,SOLUSDT,val,2000.0,-5.5325110031016695,9.889827155658338,164,0.7660467806998879,True,0.5005,0.196,0.3295,0.6705,1.0,0.995,9.0,4.0,6.079268292682927,4.0,6.0,0.8658536585365854,0.13414634146341464
discounted_lints,corr,z48_a0p5_corr_pruned_top10,18,3144,SOLUSDT,val_first,,0.24421243480061694,4.306075233068507,84,0.9570290483754196,True,,,,,,,10.0,4.0,6.428571428571429,4.0,7.0,0.8214285714285714,0.17857142857142858
discounted_lints,corr,z48_a0p5_corr_pruned_top10,18,3144,SOLUSDT,val_second,,-5.76265032922425,9.889827155658338,80,0.6211225876309063,True,,,,,,,7.0,4.0,5.7125,4.0,5.0,0.9125,0.0875
discounted_lints,corr,z48_a0p5_corr_pruned_top10,18,3145,BTCUSDT,val,2000.0,1.7935525786060724,3.1006482650255185,102,1.1421009502425932,True,0.593,0.0765,0.20550000000000002,0.7945,1.0,0.995,15.0,6.0,11.401960784313726,4.0,15.0,0.6274509803921569,0.37254901960784315
discounted_lints,corr,z48_a0p5_corr_pruned_top10,18,3145,BTCUSDT,val_first,,2.3277594795149126,2.565390980445381,58,1.2862839563488047,True,,,,,,,12.5,5.5,9.53448275862069,4.0,13.0,0.6379310344827587,0.3620689655172414
discounted_lints,corr,z48_a0p5_corr_pruned_top10,18,3145,BTCUSDT,val_second,,-0.5220547226149064,3.1006482650255185,43,0.9540123931806648,True,,,,,,,17.0,6.0,13.255813953488373,4.0,18.5,0.627906976744186,0.37209302325581395
discounted_lints,corr,z48_a0p5_corr_pruned_top10,18,3145,ETHUSDT,val,2000.0,-5.744993609759486,8.597503024299058,163,0.7043943722347094,True,0.5105,0.1925,0.32599999999999996,0.674,1.0,0.995,8.0,4.0,6.263803680981595,4.0,6.0,0.8711656441717791,0.12883435582822086
discounted_lints,corr,z48_a0p5_corr_pruned_top10,18,3145,ETHUSDT,val_first,,-1.0410741208402907,4.665852231245749,81,0.83945965438654,True,,,,,,,9.0,4.0,6.432098765432099,4.0,6.0,0.8395061728395061,0.16049382716049382
discounted_lints,corr,z48_a0p5_corr_pruned_top10,18,3145,ETHUSDT,val_second,,-4.753405968313795,8.01372009150737,81,0.5979580112490125,True,,,,,,,8.0,4.0,5.938271604938271,4.0,5.0,0.9135802469135802,0.08641975308641975
discounted_lints,corr,z48_a0p5_corr_pruned_top10,18,3145,SOLUSDT,val,2000.0,-5.6589854596082905,9.711209490922723,152,0.7485753389874142,True,0.4885,0.1805,0.30400000000000005,0.696,1.0,0.995,9.0,4.0,6.427631578947368,4.0,6.0,0.8355263157894737,0.16447368421052633
discounted_lints,corr,z48_a0p5_corr_pruned_top10,18,3145,SOLUSDT,val_first,,0.15843414851730575,4.455245901116378,78,0.9470773876096877,True,,,,,,,10.0,4.0,6.871794871794871,4.0,7.0,0.7948717948717948,0.20512820512820512
discounted_lints,corr,z48_a0p5_corr_pruned_top10,18,3145,SOLUSDT,val_second,,-5.808217408330685,9.711209490922723,74,0.6055338901946925,True,,,,,,,7.0,4.0,5.95945945945946,4.0,5.0,0.8783783783783784,0.12162162162162163
discounted_lints,corr,z48_a0p5_corr_pruned_top10,18,3146,BTCUSDT,val,2000.0,3.249576002482324,2.3494339618123528,99,1.3360545732723168,True,0.6425,0.0745,0.1995,0.8005,1.0,0.995,13.0,6.0,12.747474747474747,4.0,15.0,0.6565656565656566,0.3434343434343434
discounted_lints,corr,z48_a0p5_corr_pruned_top10,18,3146,BTCUSDT,val_first,,3.0721889256932755,1.548891166149835,59,1.4617392326918084,True,,,,,,,9.0,5.0,9.440677966101696,4.0,10.5,0.7288135593220338,0.2711864406779661
discounted_lints,corr,z48_a0p5_corr_pruned_top10,18,3146,BTCUSDT,val_second,,0.1720998444274091,2.3494339618123528,39,1.1950706746383406,True,,,,,,,18.0,9.0,15.41025641025641,5.0,19.0,0.5641025641025641,0.4358974358974359
discounted_lints,corr,z48_a0p5_corr_pruned_top10,18,3146,ETHUSDT,val,2000.0,-0.8348392213406108,6.866699021607525,155,0.9067806727716341,True,0.4775,0.1995,0.31000000000000005,0.69,1.0,0.995,8.0,4.0,6.161290322580645,4.0,6.0,0.8838709677419355,0.11612903225806452
discounted_lints,corr,z48_a0p5_corr_pruned_top10,18,3146,ETHUSDT,val_first,,0.9212666689963678,2.6892625841157147,75,1.0290558682582092,True,,,,,,,10.0,4.0,6.066666666666666,4.0,5.0,0.88,0.12
discounted_lints,corr,z48_a0p5_corr_pruned_top10,18,3146,ETHUSDT,val_second,,-1.7400751578918405,6.866699021607525,79,0.807297167699199,True,,,,,,,8.0,4.0,6.10126582278481,4.0,6.0,0.8987341772151899,0.10126582278481013
discounted_lints,corr,z48_a0p5_corr_pruned_top10,18,3146,SOLUSDT,val,2000.0,-5.851579259524842,9.799161594915285,167,0.750539733536731,True,0.4975,0.21,0.3355,0.6645,1.0,0.995,9.0,4.0,5.934131736526946,4.0,6.0,0.8622754491017964,0.1377245508982036
discounted_lints,corr,z48_a0p5_corr_pruned_top10,18,3146,SOLUSDT,val_first,,1.4560970210807822,4.22873825558725,87,1.057599775934762,True,,,,,,,9.0,4.0,6.149425287356322,4.0,6.5,0.8505747126436781,0.14942528735632185
discounted_lints,corr,z48_a0p5_corr_pruned_top10,18,3146,SOLUSDT,val_second,,-7.202796574253412,9.799161594915285,80,0.5523375635755966,True,,,,,,,8.0,4.0,5.7,4.0,5.0,0.875,0.125
discounted_lints,corr,z48_a0p5_corr_pruned_top10,19,3142,BTCUSDT,val,2000.0,-9.122570506123129,10.156292141777923,177,0.5659908394528608,True,0.605,0.1805,0.35550000000000004,0.6445,1.0,0.995,9.0,4.0,6.813559322033898,4.0,7.0,0.8418079096045198,0.15819209039548024
discounted_lints,corr,z48_a0p5_corr_pruned_top10,19,3142,BTCUSDT,val_first,,-4.103856882312485,6.247030360224848,97,0.6369027415829707,True,,,,,,,8.0,4.0,6.360824742268041,4.0,6.0,0.8969072164948454,0.10309278350515463
discounted_lints,corr,z48_a0p5_corr_pruned_top10,19,3142,BTCUSDT,val_second,,-5.233488501880079,6.676653545687938,79,0.4898988662875667,True,,,,,,,10.0,5.0,7.3924050632911396,4.0,8.5,0.7721518987341772,0.22784810126582278
discounted_lints,corr,z48_a0p5_corr_pruned_top10,19,3142,ETHUSDT,val,2000.0,-13.737644495795243,16.800987898863816,185,0.5185750180439122,True,0.5345,0.221,0.37,0.63,1.0,0.995,8.0,4.0,5.778378378378378,4.0,5.0,0.8972972972972973,0.10270270270270271
discounted_lints,corr,z48_a0p5_corr_pruned_top10,19,3142,ETHUSDT,val_first,,-2.777386609698662,4.680519828738817,90,0.7032725804876964,True,,,,,,,8.5,4.0,5.955555555555556,4.0,6.0,0.8777777777777778,0.12222222222222222
discounted_lints,corr,z48_a0p5_corr_pruned_top10,19,3142,ETHUSDT,val_second,,-11.273362753680038,14.424217576694076,94,0.41646366592815265,True,,,,,,,8.0,4.0,5.468085106382978,4.0,5.0,0.925531914893617,0.07446808510638298
discounted_lints,corr,z48_a0p5_corr_pruned_top10,19,3142,SOLUSDT,val,2000.0,-6.356320490123735,7.83337486675949,166,0.7320027048278989,True,0.508,0.1965,0.33299999999999996,0.667,1.0,0.995,9.0,4.0,6.102409638554217,4.0,6.0,0.8614457831325302,0.13855421686746988
discounted_lints,corr,z48_a0p5_corr_pruned_top10,19,3142,SOLUSDT,val_first,,0.46894062404718717,3.2708788876018136,84,0.9894888921124041,True,,,,,,,10.0,4.0,6.583333333333333,4.0,8.0,0.8214285714285714,0.17857142857142858
discounted_lints,corr,z48_a0p5_corr_pruned_top10,19,3142,SOLUSDT,val_second,,-6.793404082671584,7.83337486675949,82,0.5597731296730251,True,,,,,,,8.0,4.0,5.609756097560975,4.0,5.0,0.9024390243902439,0.0975609756097561
discounted_lints,corr,z48_a0p5_corr_pruned_top10,19,3143,BTCUSDT,val,2000.0,-3.222766464130078,5.170250163351831,177,0.8162361783189744,True,0.608,0.1755,0.35550000000000004,0.6445,1.0,0.995,8.0,4.0,6.836158192090395,4.0,6.0,0.8587570621468926,0.14124293785310735
discounted_lints,corr,z48_a0p5_corr_pruned_top10,19,3143,BTCUSDT,val_first,,-1.1681543078792211,3.6149372146994097,94,0.8557358948822543,True,,,,,,,8.0,4.0,6.595744680851064,4.0,6.0,0.8723404255319149,0.1276595744680851
discounted_lints,corr,z48_a0p5_corr_pruned_top10,19,3143,BTCUSDT,val_second,,-2.078896879707526,4.2078192748309595,82,0.7861196065269909,True,,,,,,,9.0,4.0,7.134146341463414,4.0,6.0,0.8414634146341463,0.15853658536585366
discounted_lints,corr,z48_a0p5_corr_pruned_top10,19,3143,ETHUSDT,val,2000.0,-14.25163391795704,16.67033183277319,193,0.521535469987165,True,0.54,0.2305,0.38749999999999996,0.6125,1.0,0.995,8.0,4.0,5.575129533678757,4.0,5.0,0.9222797927461139,0.07772020725388601
discounted_lints,corr,z48_a0p5_corr_pruned_top10,19,3143,ETHUSDT,val_first,,-5.901216322917691,9.255995652599115,102,0.5876448636131516,True,,,,,,,8.0,4.0,5.480392156862745,4.0,5.0,0.9215686274509803,0.0784313725490196
discounted_lints,corr,z48_a0p5_corr_pruned_top10,19,3143,ETHUSDT,val_second,,-8.874097271751547,11.444478970962901,91,0.46371761531479233,True,,,,,,,8.0,4.0,5.681318681318682,4.0,5.0,0.9230769230769231,0.07692307692307693
discounted_lints,corr,z48_a0p5_corr_pruned_top10,19,3143,SOLUSDT,val,2000.0,-3.717655907241846,7.543258998026681,171,0.8225872279411152,True,0.51,0.2005,0.34299999999999997,0.657,1.0,0.995,9.0,4.0,5.947368421052632,4.0,6.0,0.8771929824561403,0.12280701754385964
discounted_lints,corr,z48_a0p5_corr_pruned_top10,19,3143,SOLUSDT,val_first,,-0.1081890365194349,3.284579427903078,92,0.9430381151736831,True,,,,,,,9.0,4.0,6.032608695652174,4.0,6.25,0.8586956521739131,0.14130434782608695
discounted_lints,corr,z48_a0p5_corr_pruned_top10,19,3143,SOLUSDT,val_second,,-3.613376147562286,7.543258998026681,79,0.7214641378636691,True,,,,,,,8.0,4.0,5.848101265822785,4.0,5.0,0.8987341772151899,0.10126582278481013
discounted_lints,corr,z48_a0p5_corr_pruned_top10,19,3144,BTCUSDT,val,2000.0,-5.748249756750301,7.043830645026095,180,0.7176684046036885,True,0.616,0.1725,0.36150000000000004,0.6385,1.0,0.995,8.0,4.0,6.811111111111111,4.0,6.0,0.8111111111111111,0.18888888888888888
discounted_lints,corr,z48_a0p5_corr_pruned_top10,19,3144,BTCUSDT,val_first,,-2.2075462823526237,5.229888741275679,97,0.7705289837347428,True,,,,,,,8.0,4.0,6.618556701030927,4.0,6.0,0.8350515463917526,0.16494845360824742
discounted_lints,corr,z48_a0p5_corr_pruned_top10,19,3144,BTCUSDT,val_second,,-3.6206305699421515,5.481595779594162,83,0.6622145812294266,True,,,,,,,11.0,5.0,7.036144578313253,4.0,8.0,0.7831325301204819,0.21686746987951808
discounted_lints,corr,z48_a0p5_corr_pruned_top10,19,3144,ETHUSDT,val,2000.0,-16.294062086414772,17.781336406787606,182,0.4321896669041383,True,0.54,0.2005,0.364,0.636,1.0,0.995,9.0,4.0,5.934065934065934,4.0,6.0,0.8901098901098901,0.10989010989010989
discounted_lints,corr,z48_a0p5_corr_pruned_top10,19,3144,ETHUSDT,val_first,,-6.117921570807628,8.195759232952627,87,0.5361012873953039,True,,,,,,,9.0,4.0,6.206896551724138,4.0,7.0,0.8390804597701149,0.16091954022988506
discounted_lints,corr,z48_a0p5_corr_pruned_top10,19,3144,ETHUSDT,val_second,,-10.839279110423805,12.423473181600686,94,0.34829252959270246,True,,,,,,,8.0,4.0,5.5638297872340425,4.0,5.0,0.9468085106382979,0.05319148936170213
discounted_lints,corr,z48_a0p5_corr_pruned_top10,19,3144,SOLUSDT,val,2000.0,-9.438301124154036,11.688047086222063,167,0.6585278831836877,True,0.543,0.1925,0.3355,0.6645,1.0,0.995,9.0,4.0,6.473053892215569,4.0,6.0,0.8502994011976048,0.1497005988023952
discounted_lints,corr,z48_a0p5_corr_pruned_top10,19,3144,SOLUSDT,val_first,,1.2522427103895728,4.534317491487638,81,1.03233060718571,True,,,,,,,10.0,5.0,7.234567901234568,4.0,9.0,0.8024691358024691,0.19753086419753085
discounted_lints,corr,z48_a0p5_corr_pruned_top10,19,3144,SOLUSDT,val_second,,-10.558327942544066,11.171853867720117,86,0.39954913763995625,True,,,,,,,8.0,4.0,5.755813953488372,4.0,5.0,0.8953488372093024,0.10465116279069768
discounted_lints,corr,z48_a0p5_corr_pruned_top10,19,3145,BTCUSDT,val,2000.0,-7.762931536358164,8.584791979663608,184,0.6194781403056435,True,0.598,0.1855,0.36950000000000005,0.6305,1.0,0.995,8.0,4.0,6.440217391304348,4.0,6.0,0.8641304347826086,0.1358695652173913
discounted_lints,corr,z48_a0p5_corr_pruned_top10,19,3145,BTCUSDT,val_first,,-3.0761398631908077,6.010414578982148,99,0.7159123441288593,True,,,,,,,7.0,4.0,6.343434343434343,4.0,6.0,0.8787878787878788,0.12121212121212122
discounted_lints,corr,z48_a0p5_corr_pruned_top10,19,3145,BTCUSDT,val_second,,-4.835539635495223,5.7305833446357095,85,0.4997193196104118,True,,,,,,,9.0,4.0,6.552941176470588,4.0,7.0,0.8470588235294118,0.15294117647058825
discounted_lints,corr,z48_a0p5_corr_pruned_top10,19,3145,ETHUSDT,val,2000.0,-13.024424249029787,14.883655323115807,184,0.5165642894103073,True,0.5375,0.2195,0.368,0.632,1.0,0.995,8.0,4.0,5.842391304347826,4.0,5.0,0.8804347826086957,0.11956521739130435
discounted_lints,corr,z48_a0p5_corr_pruned_top10,19,3145,ETHUSDT,val_first,,-4.382136598443154,7.312421985112971,93,0.6270150962981514,True,,,,,,,8.0,4.0,5.967741935483871,4.0,5.0,0.8924731182795699,0.10752688172043011
discounted_lints,corr,z48_a0p5_corr_pruned_top10,19,3145,ETHUSDT,val_second,,-9.038360974761051,10.98280002406089,91,0.4335085132692395,True,,,,,,,8.0,4.0,5.714285714285714,4.0,5.0,0.8681318681318682,0.13186813186813187
discounted_lints,corr,z48_a0p5_corr_pruned_top10,19,3145,SOLUSDT,val,2000.0,-9.665841401459573,12.478104493440313,179,0.6353985286099293,True,0.5095,0.219,0.358,0.642,1.0,0.995,8.0,4.0,5.692737430167598,4.0,5.0,0.8994413407821229,0.1005586592178771
discounted_lints,corr,z48_a0p5_corr_pruned_top10,19,3145,SOLUSDT,val_first,,-0.1669718145705712,4.91861252597956,95,0.9409649025730917,True,,,,,,,8.0,4.0,5.6,4.0,5.5,0.8947368421052632,0.10526315789473684
discounted_lints,corr,z48_a0p5_corr_pruned_top10,19,3145,SOLUSDT,val_second,,-9.514756548550086,12.398670990269178,84,0.42866291461503514,True,,,,,,,8.0,4.0,5.7976190476190474,4.0,5.0,0.9047619047619048,0.09523809523809523
discounted_lints,corr,z48_a0p5_corr_pruned_top10,19,3146,BTCUSDT,val,2000.0,-6.172462481157037,7.795272134943854,182,0.6902821512667969,True,0.6085,0.1705,0.36550000000000005,0.6345,1.0,0.995,9.0,5.0,6.653846153846154,4.0,7.0,0.8461538461538461,0.15384615384615385
discounted_lints,corr,z48_a0p5_corr_pruned_top10,19,3146,BTCUSDT,val_first,,-2.948714563244381,3.614926902054194,98,0.7063581878430587,True,,,,,,,8.0,5.0,6.142857142857143,4.0,7.0,0.8673469387755102,0.1326530612244898
discounted_lints,corr,z48_a0p5_corr_pruned_top10,19,3146,BTCUSDT,val_second,,-3.321695228873034,5.174111256798152,84,0.6718378438375978,True,,,,,,,9.5,5.0,7.25,4.0,7.0,0.8214285714285714,0.17857142857142858
discounted_lints,corr,z48_a0p5_corr_pruned_top10,19,3146,ETHUSDT,val,2000.0,-13.346139721732442,15.380419666597467,180,0.5182047536482542,True,0.517,0.22,0.35950000000000004,0.6405,1.0,0.995,8.0,4.0,5.7444444444444445,4.0,6.0,0.9,0.1
discounted_lints,corr,z48_a0p5_corr_pruned_top10,19,3146,ETHUSDT,val_first,,-4.715610070312093,7.049854447721538,93,0.6084143123469382,True,,,,,,,8.0,4.0,5.752688172043011,4.0,6.0,0.8817204301075269,0.11827956989247312
discounted_lints,corr,z48_a0p5_corr_pruned_top10,19,3146,ETHUSDT,val_second,,-9.057653260716647,11.236957603564813,87,0.4533041253564363,True,,,,,,,8.0,4.0,5.735632183908046,4.0,5.0,0.9195402298850575,0.08045977011494253
discounted_lints,corr,z48_a0p5_corr_pruned_top10,19,3146,SOLUSDT,val,2000.0,-3.193650263107495,7.984442225645861,172,0.8355994935128562,True,0.536,0.201,0.344,0.656,1.0,0.995,9.0,4.0,6.232558139534884,4.0,6.0,0.8662790697674418,0.13372093023255813
discounted_lints,corr,z48_a0p5_corr_pruned_top10,19,3146,SOLUSDT,val_first,,1.8571757770357245,3.98602781457853,84,1.0693646561797125,True,,,,,,,10.0,4.5,6.845238095238095,4.0,8.0,0.8214285714285714,0.17857142857142858
discounted_lints,corr,z48_a0p5_corr_pruned_top10,19,3146,SOLUSDT,val_second,,-4.958733640130997,7.984442225645861,88,0.6578062243579762,True,,,,,,,8.0,4.0,5.6477272727272725,4.0,5.0,0.9090909090909091,0.09090909090909091
discounted_lints,corr,z48_a0p5_corr_pruned_top10,20,3142,BTCUSDT,val,2000.0,1.6444372299884158,2.5525471948649403,101,1.106396429408224,True,0.607,0.063,0.20350000000000001,0.7965,1.0,0.995,13.0,7.0,11.96039603960396,4.0,16.0,0.6732673267326733,0.32673267326732675
discounted_lints,corr,z48_a0p5_corr_pruned_top10,20,3142,BTCUSDT,val_first,,1.7483560972747947,2.019852084867535,57,1.2065844941311286,True,,,,,,,11.5,5.0,10.333333333333334,4.0,13.0,0.7017543859649122,0.2982456140350877
discounted_lints,corr,z48_a0p5_corr_pruned_top10,20,3142,BTCUSDT,val_second,,-0.10213321499468186,2.5525471948649403,44,0.9948982448748348,True,,,,,,,17.0,7.0,14.068181818181818,4.0,20.25,0.6363636363636364,0.36363636363636365
discounted_lints,corr,z48_a0p5_corr_pruned_top10,20,3142,ETHUSDT,val,2000.0,-4.282604630815157,9.073468264725125,144,0.7484020733051353,True,0.4935,0.1565,0.28800000000000003,0.712,1.0,0.995,9.0,4.0,6.854166666666667,4.0,6.0,0.8402777777777778,0.1597222222222222
discounted_lints,corr,z48_a0p5_corr_pruned_top10,20,3142,ETHUSDT,val_first,,2.4283131274545955,3.0107937147506147,67,1.277718620398231,True,,,,,,,12.0,4.0,7.1940298507462686,4.0,7.5,0.8059701492537313,0.19402985074626866
discounted_lints,corr,z48_a0p5_corr_pruned_top10,20,3142,ETHUSDT,val_second,,-6.551819075570586,8.815677109445597,76,0.4964066292562912,True,,,,,,,8.0,4.0,6.394736842105263,4.0,5.0,0.881578947368421,0.11842105263157894
discounted_lints,corr,z48_a0p5_corr_pruned_top10,20,3142,SOLUSDT,val,2000.0,-6.627003084444549,9.002679765620003,169,0.7320168691497154,True,0.4985,0.1975,0.3395,0.6605,1.0,0.995,8.0,4.0,5.875739644970414,4.0,5.0,0.8757396449704142,0.1242603550295858
discounted_lints,corr,z48_a0p5_corr_pruned_top10,20,3142,SOLUSDT,val_first,,-0.9189449014733841,4.881990157188465,86,0.8698950956362356,True,,,,,,,9.0,4.0,6.023255813953488,4.0,5.0,0.8604651162790697,0.13953488372093023
discounted_lints,corr,z48_a0p5_corr_pruned_top10,20,3142,SOLUSDT,val_second,,-5.760998585748867,8.85035539057073,83,0.6339550133973407,True,,,,,,,7.0,4.0,5.72289156626506,4.0,5.0,0.891566265060241,0.10843373493975904
discounted_lints,corr,z48_a0p5_corr_pruned_top10,20,3143,BTCUSDT,val,2000.0,1.6899819059072563,2.3279845427956025,104,1.1290130899003246,True,0.609,0.075,0.20950000000000002,0.7905,1.0,0.995,15.0,5.0,11.490384615384615,4.0,16.0,0.6538461538461539,0.34615384615384615
discounted_lints,corr,z48_a0p5_corr_pruned_top10,20,3143,BTCUSDT,val_first,,1.1996096847254112,2.3279845427956025,64,1.1160851764115614,True,,,,,,,11.0,5.0,9.390625,4.0,13.0,0.703125,0.296875
discounted_lints,corr,z48_a0p5_corr_pruned_top10,20,3143,BTCUSDT,val_second,,0.4845593996948505,2.2825995378682795,40,1.1487420491909666,True,,,,,,,23.0,6.0,14.85,4.0,22.25,0.575,0.425
discounted_lints,corr,z48_a0p5_corr_pruned_top10,20,3143,ETHUSDT,val,2000.0,-8.294932415437417,11.358412981204102,147,0.6237315882861185,True,0.4985,0.1705,0.29400000000000004,0.706,1.0,0.995,9.0,4.0,6.782312925170068,4.0,6.0,0.8367346938775511,0.16326530612244897
discounted_lints,corr,z48_a0p5_corr_pruned_top10,20,3143,ETHUSDT,val_first,,-1.8243693795334415,5.549276930148094,69,0.7802764980625098,True,,,,,,,11.5,4.0,7.173913043478261,4.0,7.0,0.7971014492753623,0.2028985507246377
discounted_lints,corr,z48_a0p5_corr_pruned_top10,20,3143,ETHUSDT,val_second,,-6.590803639365738,9.740824403446224,78,0.5236240054333926,True,,,,,,,8.0,4.0,6.435897435897436,4.0,5.0,0.8717948717948718,0.1282051282051282
discounted_lints,corr,z48_a0p5_corr_pruned_top10,20,3143,SOLUSDT,val,2000.0,-6.3441990674723,11.142776730821414,163,0.7374556720952912,True,0.52,0.181,0.3265,0.6735,1.0,0.995,8.0,4.0,6.368098159509202,4.0,6.0,0.8773006134969326,0.12269938650306748
discounted_lints,corr,z48_a0p5_corr_pruned_top10,20,3143,SOLUSDT,val_first,,0.3614362876007471,4.726846982500355,81,0.9620800739731568,True,,,,,,,10.0,4.0,6.777777777777778,4.0,8.0,0.8518518518518519,0.14814814814814814
discounted_lints,corr,z48_a0p5_corr_pruned_top10,20,3143,SOLUSDT,val_second,,-6.681486039973617,11.142776730821414,82,0.5961443615317397,True,,,,,,,8.0,4.0,5.963414634146342,4.0,5.0,0.9024390243902439,0.0975609756097561
discounted_lints,corr,z48_a0p5_corr_pruned_top10,20,3144,BTCUSDT,val,2000.0,2.0035394316485267,3.5962028723269146,100,1.1964187381828142,True,0.59,0.064,0.2015,0.7985,1.0,0.995,13.0,6.0,11.57,4.0,14.25,0.63,0.37
discounted_lints,corr,z48_a0p5_corr_pruned_top10,20,3144,BTCUSDT,val_first,,2.7416863077647013,1.7803283624582167,60,1.4579756281089828,True,,,,,,,11.0,5.0,8.8,4.0,12.25,0.7,0.3
discounted_lints,corr,z48_a0p5_corr_pruned_top10,20,3144,BTCUSDT,val_second,,-0.7184492513633067,3.5962028723269146,39,0.8840050937525507,True,,,,,,,24.0,8.0,15.025641025641026,4.0,22.0,0.5384615384615384,0.46153846153846156
discounted_lints,corr,z48_a0p5_corr_pruned_top10,20,3144,ETHUSDT,val,2000.0,-7.956883716331886,10.335646655630182,149,0.6310405260313379,True,0.501,0.1645,0.29800000000000004,0.702,1.0,0.995,9.0,4.0,6.724832214765101,4.0,6.0,0.8456375838926175,0.15436241610738255
discounted_lints,corr,z48_a0p5_corr_pruned_top10,20,3144,ETHUSDT,val_first,,-2.162122966437341,5.251569011138035,76,0.7452275397857612,True,,,,,,,10.0,4.0,6.434210526315789,4.0,6.25,0.868421052631579,0.13157894736842105
discounted_lints,corr,z48_a0p5_corr_pruned_top10,20,3144,ETHUSDT,val_second,,-5.9228193881462605,8.175696743651596,72,0.5359703595366584,True,,,,,,,8.0,4.0,6.861111111111111,4.0,6.0,0.8333333333333334,0.16666666666666666
discounted_lints,corr,z48_a0p5_corr_pruned_top10,20,3144,SOLUSDT,val,2000.0,-5.939269223577015,10.503175532411602,162,0.7510839511627555,True,0.5155,0.1935,0.32499999999999996,0.675,1.0,0.995,8.0,4.0,6.345679012345679,4.0,5.0,0.8580246913580247,0.1419753086419753
discounted_lints,corr,z48_a0p5_corr_pruned_top10,20,3144,SOLUSDT,val_first,,1.5016210279366726,3.5514626668152194,84,1.0513720615618598,True,,,,,,,9.0,4.0,6.404761904761905,4.0,7.0,0.8452380952380952,0.15476190476190477
discounted_lints,corr,z48_a0p5_corr_pruned_top10,20,3144,SOLUSDT,val_second,,-7.330809277879114,10.503175532411602,78,0.5409607610154751,True,,,,,,,8.0,4.0,6.282051282051282,4.0,5.0,0.8717948717948718,0.1282051282051282
discounted_lints,corr,z48_a0p5_corr_pruned_top10,20,3145,BTCUSDT,val,2000.0,1.61416596449393,2.87287902809209,107,1.1140572963460913,True,0.604,0.0775,0.21550000000000002,0.7845,1.0,0.995,14.0,6.0,11.074766355140186,4.0,16.0,0.6355140186915887,0.3644859813084112
discounted_lints,corr,z48_a0p5_corr_pruned_top10,20,3145,BTCUSDT,val_first,,1.517395918570652,2.0574907604628323,65,1.1519833237329427,True,,,,,,,11.0,5.0,9.03076923076923,4.0,13.0,0.6923076923076923,0.3076923076923077
discounted_lints,corr,z48_a0p5_corr_pruned_top10,20,3145,BTCUSDT,val_second,,0.09532360936534978,2.87287902809209,42,1.0605140441564147,True,,,,,,,20.0,7.5,14.238095238095237,4.25,20.75,0.5476190476190477,0.4523809523809524
discounted_lints,corr,z48_a0p5_corr_pruned_top10,20,3145,ETHUSDT,val,2000.0,-6.161422823435192,8.635806698660653,144,0.680203114127996,True,0.4975,0.156,0.28800000000000003,0.712,1.0,0.995,9.0,4.0,6.909722222222222,4.0,6.0,0.8402777777777778,0.1597222222222222
discounted_lints,corr,z48_a0p5_corr_pruned_top10,20,3145,ETHUSDT,val_first,,-1.1287452884970572,3.804132273152838,72,0.810638275864223,True,,,,,,,9.0,4.0,6.805555555555555,4.0,6.25,0.8194444444444444,0.18055555555555555
discounted_lints,corr,z48_a0p5_corr_pruned_top10,20,3145,ETHUSDT,val_second,,-5.090132161893779,7.6389102436613125,71,0.5855379434275724,True,,,,,,,9.0,4.0,6.830985915492958,4.0,6.0,0.8732394366197183,0.1267605633802817
discounted_lints,corr,z48_a0p5_corr_pruned_top10,20,3145,SOLUSDT,val,2000.0,-4.954932799630596,11.074490475119292,167,0.7875637307539908,True,0.506,0.1945,0.3355,0.6645,1.0,0.995,9.0,4.0,6.0359281437125745,4.0,5.0,0.8622754491017964,0.1377245508982036
discounted_lints,corr,z48_a0p5_corr_pruned_top10,20,3145,SOLUSDT,val_first,,3.0759211797358965,2.484319570617244,87,1.1849582123497389,True,,,,,,,9.0,4.0,6.137931034482759,4.0,6.0,0.8390804597701149,0.16091954022988506
discounted_lints,corr,z48_a0p5_corr_pruned_top10,20,3145,SOLUSDT,val_second,,-7.79120272460424,11.074490475119292,80,0.5459962397943212,True,,,,,,,8.0,4.0,5.925,4.0,5.0,0.8875,0.1125
discounted_lints,corr,z48_a0p5_corr_pruned_top10,20,3146,BTCUSDT,val,2000.0,1.885936407030453,2.5932017228858295,102,1.1573726174166128,True,0.6135,0.072,0.20550000000000002,0.7945,1.0,0.995,15.0,7.0,11.803921568627452,4.0,16.0,0.6176470588235294,0.38235294117647056
discounted_lints,corr,z48_a0p5_corr_pruned_top10,20,3146,BTCUSDT,val_first,,1.8753686192387153,2.3923403801028864,57,1.2185078081994067,True,,,,,,,11.0,5.0,9.736842105263158,4.0,13.0,0.6491228070175439,0.3508771929824561
discounted_lints,corr,z48_a0p5_corr_pruned_top10,20,3146,BTCUSDT,val_second,,0.01037325109587428,2.5932017228858295,44,1.0519037403356852,True,,,,,,,17.5,8.0,13.795454545454545,4.0,17.0,0.5909090909090909,0.4090909090909091
discounted_lints,corr,z48_a0p5_corr_pruned_top10,20,3146,ETHUSDT,val,2000.0,-6.376030881789063,9.254905700177796,152,0.6922495403161881,True,0.4985,0.186,0.30400000000000005,0.696,1.0,0.995,9.0,4.0,6.559210526315789,4.0,6.0,0.868421052631579,0.13157894736842105
discounted_lints,corr,z48_a0p5_corr_pruned_top10,20,3146,ETHUSDT,val_first,,-2.631272342044999,5.7769307317357965,76,0.7012784052629025,True,,,,,,,9.5,4.0,6.565789473684211,4.0,6.0,0.8552631578947368,0.14473684210526316
discounted_lints,corr,z48_a0p5_corr_pruned_top10,20,3146,ETHUSDT,val_second,,-3.8459561194010505,7.755270161528882,75,0.6730878736368205,True,,,,,,,8.0,4.0,6.373333333333333,4.0,5.5,0.8933333333333333,0.10666666666666667
discounted_lints,corr,z48_a0p5_corr_pruned_top10,20,3146,SOLUSDT,val,2000.0,-4.876552673051815,9.10958344950349,158,0.7690541849468585,True,0.531,0.164,0.3165,0.6835,1.0,0.995,8.5,4.0,6.708860759493671,4.0,6.0,0.8354430379746836,0.16455696202531644
discounted_lints,corr,z48_a0p5_corr_pruned_top10,20,3146,SOLUSDT,val_first,,-0.8529971781702894,6.07745672636506,83,0.8757645808439728,True,,,,,,,9.0,4.0,6.674698795180723,4.0,7.0,0.8313253012048193,0.1686746987951807
discounted_lints,corr,z48_a0p5_corr_pruned_top10,20,3146,SOLUSDT,val_second,,-4.058171583978176,9.10958344950349,75,0.6785328020649298,True,,,,,,,8.0,4.0,6.746666666666667,4.0,5.0,0.84,0.16
discounted_lints,corr,z48_a0p5_corr_pruned_top10,21,3142,BTCUSDT,val,2000.0,3.6242303769597584,2.46473588643924,97,1.2941214471686973,True,0.6085,0.069,0.1955,0.8045,1.0,0.995,15.0,7.0,12.309278350515465,4.0,16.0,0.6391752577319587,0.36082474226804123
discounted_lints,corr,z48_a0p5_corr_pruned_top10,21,3142,BTCUSDT,val_first,,2.501509977202354,2.46473588643924,56,1.3260815856066268,True,,,,,,,12.0,5.0,10.625,4.0,14.0,0.6607142857142857,0.3392857142857143
discounted_lints,corr,z48_a0p5_corr_pruned_top10,21,3142,BTCUSDT,val_second,,1.095320839670677,2.3850040588881627,41,1.2552859526840057,True,,,,,,,19.0,7.0,14.609756097560975,4.0,20.0,0.6097560975609756,0.3902439024390244
discounted_lints,corr,z48_a0p5_corr_pruned_top10,21,3142,ETHUSDT,val,2000.0,-6.023040701260241,9.184077523204515,156,0.7025774187233257,True,0.501,0.1815,0.31200000000000006,0.688,1.0,0.995,9.0,4.0,6.423076923076923,4.0,6.0,0.8525641025641025,0.14743589743589744
discounted_lints,corr,z48_a0p5_corr_pruned_top10,21,3142,ETHUSDT,val_first,,0.96857101533947,3.5121756215902633,75,1.0492471036835207,True,,,,,,,10.0,4.0,6.746666666666667,4.0,6.0,0.8133333333333334,0.18666666666666668
discounted_lints,corr,z48_a0p5_corr_pruned_top10,21,3142,ETHUSDT,val_second,,-6.924542603992601,8.818292848998544,80,0.5130704082675343,True,,,,,,,8.0,4.0,5.95,4.0,5.0,0.9,0.1
discounted_lints,corr,z48_a0p5_corr_pruned_top10,21,3142,SOLUSDT,val,2000.0,-8.486395838554783,10.648878704415631,159,0.6702775167783069,True,0.513,0.176,0.3195,0.6805,1.0,0.995,9.0,4.0,6.427672955974843,4.0,7.0,0.8427672955974843,0.15723270440251572
discounted_lints,corr,z48_a0p5_corr_pruned_top10,21,3142,SOLUSDT,val_first,,-1.7296069409207027,6.09370120070527,81,0.8104318360821097,True,,,,,,,10.0,4.0,6.753086419753086,4.0,8.0,0.8271604938271605,0.1728395061728395
discounted_lints,corr,z48_a0p5_corr_pruned_top10,21,3142,SOLUSDT,val_second,,-6.875711684161024,10.183647106541194,78,0.5694569371965718,True,,,,,,,7.5,4.0,6.089743589743589,4.0,5.0,0.8589743589743589,0.14102564102564102
discounted_lints,corr,z48_a0p5_corr_pruned_top10,21,3143,BTCUSDT,val,2000.0,2.4749031383056286,2.392295661664734,94,1.2077318648881152,True,0.612,0.06,0.1895,0.8105,1.0,0.995,16.0,8.0,12.77659574468085,4.0,17.75,0.574468085106383,0.425531914893617
discounted_lints,corr,z48_a0p5_corr_pruned_top10,21,3143,BTCUSDT,val_first,,1.9883842122866646,2.1376641498475735,55,1.2494927443778345,True,,,,,,,11.0,6.0,10.2,4.0,15.0,0.6181818181818182,0.38181818181818183
discounted_lints,corr,z48_a0p5_corr_pruned_top10,21,3143,BTCUSDT,val_second,,0.4770336639575268,2.392295661664734,38,1.0793103726693212,True,,,,,,,23.5,8.5,15.631578947368421,5.0,22.5,0.5263157894736842,0.47368421052631576
discounted_lints,corr,z48_a0p5_corr_pruned_top10,21,3143,ETHUSDT,val,2000.0,-6.598984585202771,8.88878124899608,155,0.6768295959531359,True,0.4905,0.1925,0.31000000000000005,0.69,1.0,0.995,9.0,4.0,6.329032258064516,4.0,6.0,0.864516129032258,0.13548387096774195
discounted_lints,corr,z48_a0p5_corr_pruned_top10,21,3143,ETHUSDT,val_first,,-0.40749980474314995,4.527655645035633,76,0.8994845490319026,True,,,,,,,10.0,4.0,6.381578947368421,4.0,6.0,0.8421052631578947,0.15789473684210525
discounted_lints,corr,z48_a0p5_corr_pruned_top10,21,3143,ETHUSDT,val_second,,-6.2168183029051916,8.666086452048017,78,0.49710947707018777,True,,,,,,,8.0,4.0,6.115384615384615,4.0,5.0,0.8974358974358975,0.10256410256410256
discounted_lints,corr,z48_a0p5_corr_pruned_top10,21,3143,SOLUSDT,val,2000.0,-8.196348286317356,10.949992532737385,161,0.6656690573515843,True,0.491,0.192,0.32199999999999995,0.678,1.0,0.995,8.0,4.0,6.099378881987578,4.0,6.0,0.8695652173913043,0.13043478260869565
discounted_lints,corr,z48_a0p5_corr_pruned_top10,21,3143,SOLUSDT,val_first,,-1.5403944874796571,5.79628449978774,85,0.8190702977068424,True,,,,,,,9.0,4.0,6.4,4.0,6.0,0.8588235294117647,0.1411764705882353
discounted_lints,corr,z48_a0p5_corr_pruned_top10,21,3143,SOLUSDT,val_second,,-6.760085787659708,9.30014984964136,76,0.5474563280927283,True,,,,,,,8.0,4.0,5.7631578947368425,4.0,4.25,0.881578947368421,0.11842105263157894
discounted_lints,corr,z48_a0p5_corr_pruned_top10,21,3144,BTCUSDT,val,2000.0,3.462194066102664,2.6763376245198756,97,1.2949614013682118,True,0.6025,0.069,0.1955,0.8045,1.0,0.995,15.0,6.0,12.185567010309278,4.0,16.0,0.6494845360824743,0.35051546391752575
discounted_lints,corr,z48_a0p5_corr_pruned_top10,21,3144,BTCUSDT,val_first,,3.027231318122481,2.104964407776788,57,1.408820084328187,True,,,,,,,11.5,5.0,10.421052631578947,4.0,14.0,0.6666666666666666,0.3333333333333333
discounted_lints,corr,z48_a0p5_corr_pruned_top10,21,3144,BTCUSDT,val_second,,0.42218231278789986,2.6763376245198756,40,1.14526647020272,True,,,,,,,21.0,7.5,14.7,4.75,21.5,0.625,0.375
discounted_lints,corr,z48_a0p5_corr_pruned_top10,21,3144,ETHUSDT,val,2000.0,-6.468882227429984,7.634704601181463,163,0.6869525030823282,True,0.4945,0.207,0.3275,0.6725,1.0,0.995,8.0,4.0,6.042944785276074,4.0,5.0,0.8957055214723927,0.10429447852760736
discounted_lints,corr,z48_a0p5_corr_pruned_top10,21,3144,ETHUSDT,val_first,,-1.0626850248825925,4.786077952394119,81,0.858859736578566,True,,,,,,,9.0,4.0,6.296296296296297,4.0,6.0,0.8641975308641975,0.13580246913580246
discounted_lints,corr,z48_a0p5_corr_pruned_top10,21,3144,ETHUSDT,val_second,,-5.464265129801671,6.60705264636684,82,0.5531525522692866,True,,,,,,,8.0,4.0,5.7926829268292686,4.0,5.0,0.926829268292683,0.07317073170731707
discounted_lints,corr,z48_a0p5_corr_pruned_top10,21,3144,SOLUSDT,val,2000.0,-5.457831612771069,8.391498920913044,163,0.7591146163253512,True,0.511,0.1905,0.3275,0.6725,1.0,0.995,8.0,4.0,6.245398773006135,4.0,5.5,0.8650306748466258,0.13496932515337423
discounted_lints,corr,z48_a0p5_corr_pruned_top10,21,3144,SOLUSDT,val_first,,0.024122221315603376,4.725540139231743,88,0.9361882079102967,True,,,,,,,9.0,4.0,6.1477272727272725,4.0,6.0,0.8636363636363636,0.13636363636363635
discounted_lints,corr,z48_a0p5_corr_pruned_top10,21,3144,SOLUSDT,val_second,,-5.480631783958245,8.391498920913044,75,0.6210090681426137,True,,,,,,,8.0,4.0,6.36,4.0,5.0,0.8666666666666667,0.13333333333333333
discounted_lints,corr,z48_a0p5_corr_pruned_top10,21,3145,BTCUSDT,val,2000.0,3.362484694760437,2.9069029497456933,98,1.277216539708309,True,0.613,0.0665,0.1975,0.8025,1.0,0.995,15.0,7.0,12.275510204081632,4.0,16.75,0.6428571428571429,0.35714285714285715
discounted_lints,corr,z48_a0p5_corr_pruned_top10,21,3145,BTCUSDT,val_first,,3.2838203323969806,2.0792373387520824,56,1.463384537863709,True,,,,,,,11.0,6.0,11.0,4.0,14.0,0.6428571428571429,0.35714285714285715
discounted_lints,corr,z48_a0p5_corr_pruned_top10,21,3145,BTCUSDT,val_second,,0.07616329654567267,2.9069029497456933,42,1.0611870605485652,True,,,,,,,17.0,7.0,13.976190476190476,4.25,20.75,0.6428571428571429,0.35714285714285715
discounted_lints,corr,z48_a0p5_corr_pruned_top10,21,3145,ETHUSDT,val,2000.0,-7.164068852266537,9.564990485398607,151,0.6532828167599993,True,0.4795,0.1785,0.30200000000000005,0.698,1.0,0.995,9.0,4.0,6.3509933774834435,4.0,6.0,0.8741721854304636,0.12582781456953643
discounted_lints,corr,z48_a0p5_corr_pruned_top10,21,3145,ETHUSDT,val_first,,-1.2886307916877282,4.94015471306084,73,0.8064322376134924,True,,,,,,,10.0,4.0,6.328767123287672,4.0,6.0,0.8767123287671232,0.1232876712328767
discounted_lints,corr,z48_a0p5_corr_pruned_top10,21,3145,ETHUSDT,val_second,,-5.952139158539859,8.54689442864106,77,0.5400567689827978,True,,,,,,,8.0,4.0,6.194805194805195,4.0,6.0,0.8831168831168831,0.11688311688311688
discounted_lints,corr,z48_a0p5_corr_pruned_top10,21,3145,SOLUSDT,val,2000.0,-5.419479142046313,7.6544903060542735,161,0.7532044477746751,True,0.516,0.1825,0.3235,0.6765,1.0,0.995,9.0,4.0,6.385093167701863,4.0,6.0,0.8571428571428571,0.14285714285714285
discounted_lints,corr,z48_a0p5_corr_pruned_top10,21,3145,SOLUSDT,val_first,,-0.6340714192990426,5.334871286693543,85,0.8845461307611162,True,,,,,,,9.0,4.0,6.4,4.0,7.0,0.8470588235294118,0.15294117647058825
discounted_lints,corr,z48_a0p5_corr_pruned_top10,21,3145,SOLUSDT,val_second,,-4.815944248798276,7.644265514446635,76,0.6445644414500264,True,,,,,,,7.5,4.0,6.368421052631579,4.0,5.0,0.868421052631579,0.13157894736842105
discounted_lints,corr,z48_a0p5_corr_pruned_top10,21,3146,BTCUSDT,val,2000.0,3.1029737922152245,2.5848766690011016,99,1.2595233639663634,True,0.6125,0.0705,0.1995,0.8005,1.0,0.995,15.0,7.0,12.141414141414142,4.0,15.5,0.6363636363636364,0.36363636363636365
discounted_lints,corr,z48_a0p5_corr_pruned_top10,21,3146,BTCUSDT,val_first,,2.923727536087317,2.1984793636730893,60,1.397236519032578,True,,,,,,,11.0,5.0,10.016666666666667,4.0,12.25,0.6833333333333333,0.31666666666666665
discounted_lints,corr,z48_a0p5_corr_pruned_top10,21,3146,BTCUSDT,val_second,,0.17415445438959676,2.5848766690011016,39,1.0881371587600401,True,,,,,,,23.0,8.0,15.41025641025641,4.5,22.0,0.5641025641025641,0.4358974358974359
discounted_lints,corr,z48_a0p5_corr_pruned_top10,21,3146,ETHUSDT,val,2000.0,-3.5389560486616456,7.700592492978298,152,0.7917258532669763,True,0.472,0.188,0.30400000000000005,0.696,1.0,0.995,8.0,4.0,6.2105263157894735,4.0,6.0,0.875,0.125
discounted_lints,corr,z48_a0p5_corr_pruned_top10,21,3146,ETHUSDT,val_first,,0.5029092898799936,3.6267939769064506,76,1.009246168308486,True,,,,,,,10.0,4.0,6.276315789473684,4.0,6.0,0.8552631578947368,0.14473684210526316
discounted_lints,corr,z48_a0p5_corr_pruned_top10,21,3146,ETHUSDT,val_second,,-4.021640136688687,7.700592492978298,76,0.6318533039128393,True,,,,,,,8.0,4.0,6.144736842105263,4.0,5.0,0.8947368421052632,0.10526315789473684
discounted_lints,corr,z48_a0p5_corr_pruned_top10,21,3146,SOLUSDT,val,2000.0,-6.802481292489371,10.701771464480103,159,0.7219933729930224,True,0.4965,0.1845,0.3195,0.6805,1.0,0.995,9.0,4.0,6.220125786163522,4.0,6.0,0.8490566037735849,0.1509433962264151
discounted_lints,corr,z48_a0p5_corr_pruned_top10,21,3146,SOLUSDT,val_first,,0.13321123664404855,4.038060226720541,85,0.9529298988929804,True,,,,,,,9.0,4.0,6.235294117647059,4.0,7.0,0.8235294117647058,0.17647058823529413
discounted_lints,corr,z48_a0p5_corr_pruned_top10,21,3146,SOLUSDT,val_second,,-6.926465698520712,10.701771464480103,74,0.5649370875327734,True,,,,,,,8.0,4.0,6.202702702702703,4.0,5.0,0.8783783783783784,0.12162162162162163
