bandit_name,method_group,set_name,confirmation_rank,original_trial_number,confirmation_seed,symbol,mode,n_decisions,return_pct,drawdown_abs,trades,profit_factor,is_active,executed_action_1_ratio,constraint_applied_ratio,forced_singleton_ratio,decision_point_ratio,bandit_consulted_ratio,pending_update_queued_ratio,median_time_between_entries,median_holding_bars,mean_holding_bars,p25_holding_bars,p75_holding_bars,share_trades_closed_before_horizon,share_trades_closed_after_horizon
sw_lints,corr,z48_a0p5_corr_pruned_top10,1,28,8000,BTCUSDT,val,2000.0,-1.6585399918314647,3.919530329457388,113,0.8634707853862743,True,0.5985,0.0915,0.22750000000000004,0.7725,1.0,0.995,11.0,5.0,10.336283185840708,4.0,10.0,0.7256637168141593,0.2743362831858407
sw_lints,corr,z48_a0p5_corr_pruned_top10,1,28,8000,BTCUSDT,val_first,,0.8433256503603825,3.919530329457388,55,1.0372928281809397,True,,,,,,,10.5,5.0,11.0,4.0,9.5,0.7454545454545455,0.2545454545454545
sw_lints,corr,z48_a0p5_corr_pruned_top10,1,28,8000,BTCUSDT,val_second,,-2.4809432117165686,3.6906210176546717,58,0.6804264567654313,True,,,,,,,12.5,5.5,9.706896551724139,4.0,10.75,0.7068965517241379,0.29310344827586204
sw_lints,corr,z48_a0p5_corr_pruned_top10,1,28,8000,ETHUSDT,val,2000.0,-5.6116744771347316,8.425089584367406,161,0.7266185839239805,True,0.502,0.2105,0.3235,0.6765,1.0,0.995,8.0,4.0,6.211180124223603,4.0,5.0,0.8881987577639752,0.11180124223602485
sw_lints,corr,z48_a0p5_corr_pruned_top10,1,28,8000,ETHUSDT,val_first,,-1.3397046507908184,4.166059878239226,80,0.8103316532011843,True,,,,,,,9.0,4.0,6.15,4.0,7.0,0.8875,0.1125
sw_lints,corr,z48_a0p5_corr_pruned_top10,1,28,8000,ETHUSDT,val_second,,-4.329978753077135,7.527729137680428,80,0.6539939884798724,True,,,,,,,8.0,4.0,6.1,4.0,5.0,0.9,0.1
sw_lints,corr,z48_a0p5_corr_pruned_top10,1,28,8000,SOLUSDT,val,2000.0,-10.838160475546598,12.38230551228826,139,0.5757621492657361,True,0.482,0.1685,0.27749999999999997,0.7225,1.0,0.995,9.0,4.0,6.9352517985611515,4.0,6.0,0.8201438848920863,0.17985611510791366
sw_lints,corr,z48_a0p5_corr_pruned_top10,1,28,8000,SOLUSDT,val_first,,-3.059333546766907,7.556393432655928,74,0.731784090977999,True,,,,,,,10.0,4.0,7.108108108108108,4.0,8.0,0.7837837837837838,0.21621621621621623
sw_lints,corr,z48_a0p5_corr_pruned_top10,1,28,8000,SOLUSDT,val_second,,-8.024317568037787,8.216916563535392,65,0.43664323791407866,True,,,,,,,7.5,4.0,6.7384615384615385,4.0,5.0,0.8615384615384616,0.13846153846153847
sw_lints,corr,z48_a0p5_corr_pruned_top10,1,28,8001,BTCUSDT,val,2000.0,0.11280403562416996,4.2643026893405604,125,0.9754076911849727,True,0.6125,0.1115,0.25149999999999995,0.7485,1.0,0.995,10.0,5.0,9.568,4.0,10.0,0.736,0.264
sw_lints,corr,z48_a0p5_corr_pruned_top10,1,28,8001,BTCUSDT,val_first,,1.9072473517750543,2.6711375482197486,63,1.2099304442472443,True,,,,,,,9.0,4.0,9.682539682539682,4.0,7.0,0.8095238095238095,0.19047619047619047
sw_lints,corr,z48_a0p5_corr_pruned_top10,1,28,8001,BTCUSDT,val_second,,-1.7608593724022459,4.2643026893405604,62,0.7510713789560528,True,,,,,,,12.0,5.0,9.451612903225806,4.0,10.75,0.6612903225806451,0.3387096774193548
sw_lints,corr,z48_a0p5_corr_pruned_top10,1,28,8001,ETHUSDT,val,2000.0,-4.930354857507324,7.710844913588188,171,0.7420456888519561,True,0.483,0.2485,0.34199999999999997,0.658,1.0,0.995,8.0,4.0,5.649122807017544,4.0,5.0,0.9064327485380117,0.0935672514619883
sw_lints,corr,z48_a0p5_corr_pruned_top10,1,28,8001,ETHUSDT,val_first,,-2.9325193396271043,5.584695622965851,86,0.6985978601253117,True,,,,,,,9.0,4.0,5.813953488372093,4.0,5.0,0.872093023255814,0.12790697674418605
sw_lints,corr,z48_a0p5_corr_pruned_top10,1,28,8001,ETHUSDT,val_second,,-2.0581924083003633,5.269689995355831,85,0.7833846062150962,True,,,,,,,7.5,4.0,5.482352941176471,4.0,4.0,0.9411764705882353,0.058823529411764705
sw_lints,corr,z48_a0p5_corr_pruned_top10,1,28,8001,SOLUSDT,val,2000.0,-6.567294896965636,7.518827633222857,140,0.712902640839647,True,0.458,0.182,0.2815,0.7185,1.0,0.995,9.0,4.0,6.514285714285714,4.0,6.0,0.8357142857142857,0.16428571428571428
sw_lints,corr,z48_a0p5_corr_pruned_top10,1,28,8001,SOLUSDT,val_first,,-0.9625201215136658,4.442192178237081,77,0.8704505742587878,True,,,,,,,10.0,4.0,6.51948051948052,4.0,6.0,0.8181818181818182,0.18181818181818182
sw_lints,corr,z48_a0p5_corr_pruned_top10,1,28,8001,SOLUSDT,val_second,,-5.659246158453069,6.133842542616708,63,0.5597747669368519,True,,,,,,,8.0,4.0,6.507936507936508,4.0,5.0,0.8571428571428571,0.14285714285714285
sw_lints,corr,z48_a0p5_corr_pruned_top10,1,28,8002,BTCUSDT,val,2000.0,-1.0916267293457294,4.044908579132045,122,0.8904497159981782,True,0.615,0.1075,0.24550000000000005,0.7545,1.0,0.995,10.0,5.0,9.844262295081966,4.0,10.0,0.7377049180327869,0.26229508196721313
sw_lints,corr,z48_a0p5_corr_pruned_top10,1,28,8002,BTCUSDT,val_first,,1.4657255729707108,3.2792170017222233,60,1.1467475680165509,True,,,,,,,9.0,4.0,10.066666666666666,4.0,7.0,0.8166666666666667,0.18333333333333332
sw_lints,corr,z48_a0p5_corr_pruned_top10,1,28,8002,BTCUSDT,val_second,,-2.5204100082813485,4.044908579132045,62,0.6775582437385614,True,,,,,,,12.0,5.0,9.629032258064516,4.0,10.0,0.6612903225806451,0.3387096774193548
sw_lints,corr,z48_a0p5_corr_pruned_top10,1,28,8002,ETHUSDT,val,2000.0,-7.299455661730125,9.225673789831813,165,0.6804493785594231,True,0.488,0.231,0.3315,0.6685,1.0,0.995,8.0,4.0,5.890909090909091,4.0,5.0,0.9090909090909091,0.09090909090909091
sw_lints,corr,z48_a0p5_corr_pruned_top10,1,28,8002,ETHUSDT,val_first,,-2.456828182860993,5.522562366898476,85,0.7420659802297818,True,,,,,,,8.0,4.0,5.91764705882353,4.0,4.0,0.8823529411764706,0.11764705882352941
sw_lints,corr,z48_a0p5_corr_pruned_top10,1,28,8002,ETHUSDT,val_second,,-4.96459914995121,6.985805268764855,80,0.633466388283275,True,,,,,,,7.0,4.0,5.8625,4.0,5.0,0.9375,0.0625
sw_lints,corr,z48_a0p5_corr_pruned_top10,1,28,8002,SOLUSDT,val,2000.0,-8.97343297193932,9.912503930186356,141,0.623307468213191,True,0.4895,0.172,0.2815,0.7185,1.0,0.995,9.0,4.0,6.943262411347518,4.0,6.0,0.8014184397163121,0.19858156028368795
sw_lints,corr,z48_a0p5_corr_pruned_top10,1,28,8002,SOLUSDT,val_first,,-2.8836692186890556,7.96746311485963,75,0.74213578936333,True,,,,,,,10.0,4.0,7.16,4.0,7.5,0.7733333333333333,0.22666666666666666
sw_lints,corr,z48_a0p5_corr_pruned_top10,1,28,8002,SOLUSDT,val_second,,-6.270586732692108,6.449400952392203,66,0.5051070837045769,True,,,,,,,7.0,4.0,6.696969696969697,4.0,5.0,0.8333333333333334,0.16666666666666666
sw_lints,corr,z48_a0p5_corr_pruned_top10,1,28,8003,BTCUSDT,val,2000.0,-0.14719112530720002,3.2224646927035083,129,0.9709446086195113,True,0.601,0.1205,0.25949999999999995,0.7405,1.0,0.995,10.0,5.0,9.093023255813954,4.0,9.0,0.7596899224806202,0.24031007751937986
sw_lints,corr,z48_a0p5_corr_pruned_top10,1,28,8003,BTCUSDT,val_first,,0.7386087899845961,3.10707370602753,65,1.0738937292090336,True,,,,,,,9.0,4.0,9.169230769230769,4.0,8.0,0.8153846153846154,0.18461538461538463
sw_lints,corr,z48_a0p5_corr_pruned_top10,1,28,8003,BTCUSDT,val_second,,-0.8793052891354458,3.2224646927035083,64,0.8718079581899111,True,,,,,,,11.5,5.0,9.015625,4.0,10.0,0.703125,0.296875
sw_lints,corr,z48_a0p5_corr_pruned_top10,1,28,8003,ETHUSDT,val,2000.0,-7.539948186674872,9.809174904892082,175,0.6794792170684472,True,0.4795,0.249,0.35150000000000003,0.6485,1.0,0.995,7.0,4.0,5.457142857142857,4.0,4.0,0.92,0.08
sw_lints,corr,z48_a0p5_corr_pruned_top10,1,28,8003,ETHUSDT,val_first,,-1.6824969061293604,4.180703080565385,86,0.8098697789656751,True,,,,,,,8.0,4.0,5.569767441860465,4.0,4.0,0.8953488372093024,0.10465116279069768
sw_lints,corr,z48_a0p5_corr_pruned_top10,1,28,8003,ETHUSDT,val_second,,-5.957689217303452,8.311558761050408,89,0.5950299549847803,True,,,,,,,7.0,4.0,5.348314606741573,4.0,4.0,0.9438202247191011,0.056179775280898875
sw_lints,corr,z48_a0p5_corr_pruned_top10,1,28,8003,SOLUSDT,val,2000.0,-7.087135687309399,9.937755023259488,138,0.699089664818689,True,0.4715,0.1595,0.276,0.724,1.0,0.995,9.0,4.0,6.833333333333333,4.0,7.0,0.8043478260869565,0.1956521739130435
sw_lints,corr,z48_a0p5_corr_pruned_top10,1,28,8003,SOLUSDT,val_first,,0.4826800805475262,4.465448182711029,76,0.9748985756922786,True,,,,,,,10.0,4.0,6.671052631578948,4.0,7.5,0.7763157894736842,0.2236842105263158
sw_lints,corr,z48_a0p5_corr_pruned_top10,1,28,8003,SOLUSDT,val_second,,-7.533453289451386,9.937755023259488,62,0.4827566081850912,True,,,,,,,8.0,4.0,7.032258064516129,4.0,6.0,0.8387096774193549,0.16129032258064516
sw_lints,corr,z48_a0p5_corr_pruned_top10,1,28,8004,BTCUSDT,val,2000.0,-1.144673566166221,4.092603893443004,118,0.9030495731178715,True,0.612,0.102,0.23750000000000004,0.7625,1.0,0.995,12.0,5.0,10.135593220338983,4.0,10.75,0.7033898305084746,0.2966101694915254
sw_lints,corr,z48_a0p5_corr_pruned_top10,1,28,8004,BTCUSDT,val_first,,1.388345072460595,2.897494009136725,60,1.1643001161699222,True,,,,,,,9.0,4.0,10.35,4.0,9.25,0.75,0.25
sw_lints,corr,z48_a0p5_corr_pruned_top10,1,28,8004,BTCUSDT,val_second,,-2.498333153397969,4.092603893443004,58,0.7003591295960124,True,,,,,,,13.0,5.0,9.913793103448276,4.0,11.0,0.6551724137931034,0.3448275862068966
sw_lints,corr,z48_a0p5_corr_pruned_top10,1,28,8004,ETHUSDT,val,2000.0,-7.366584391305908,9.411515454994902,169,0.677449171495258,True,0.5095,0.2195,0.33799999999999997,0.662,1.0,0.995,8.0,4.0,6.029585798816568,4.0,5.0,0.8816568047337278,0.11834319526627218
sw_lints,corr,z48_a0p5_corr_pruned_top10,1,28,8004,ETHUSDT,val_first,,-4.272663692005551,7.282811859303672,86,0.6420957711665172,True,,,,,,,8.0,4.0,6.151162790697675,4.0,5.0,0.8372093023255814,0.16279069767441862
sw_lints,corr,z48_a0p5_corr_pruned_top10,1,28,8004,ETHUSDT,val_second,,-3.232013778536502,6.263490857324683,83,0.7124292782803926,True,,,,,,,8.0,4.0,5.903614457831325,4.0,4.0,0.927710843373494,0.07228915662650602
sw_lints,corr,z48_a0p5_corr_pruned_top10,1,28,8004,SOLUSDT,val,2000.0,-10.997608143228288,12.182527599156268,132,0.5584813915427491,True,0.481,0.158,0.26349999999999996,0.7365,1.0,0.995,10.0,4.0,7.287878787878788,4.0,7.0,0.8106060606060606,0.1893939393939394
sw_lints,corr,z48_a0p5_corr_pruned_top10,1,28,8004,SOLUSDT,val_first,,-1.8852388573909362,6.154061607940586,68,0.8037316176761489,True,,,,,,,10.0,4.0,7.676470588235294,4.0,8.25,0.7794117647058824,0.22058823529411764
sw_lints,corr,z48_a0p5_corr_pruned_top10,1,28,8004,SOLUSDT,val_second,,-9.287460092363265,9.768612220614036,64,0.3419367672278376,True,,,,,,,7.0,4.0,6.875,4.0,5.0,0.84375,0.15625
sw_lints,corr,z48_a0p5_corr_pruned_top10,1,28,8005,BTCUSDT,val,2000.0,-4.840223318666082,5.545637476609045,129,0.6880250302750894,True,0.5965,0.1135,0.25949999999999995,0.7405,1.0,0.995,10.0,4.0,9.023255813953488,4.0,10.0,0.7441860465116279,0.2558139534883721
sw_lints,corr,z48_a0p5_corr_pruned_top10,1,28,8005,BTCUSDT,val_first,,-0.7709080336511631,3.8179166252719665,62,0.8593964332729505,True,,,,,,,9.0,4.0,9.629032258064516,4.0,10.75,0.7258064516129032,0.27419354838709675
sw_lints,corr,z48_a0p5_corr_pruned_top10,1,28,8005,BTCUSDT,val_second,,-4.1009296813830804,5.228296310805625,67,0.5413841042326327,True,,,,,,,11.0,5.0,8.462686567164178,4.0,9.0,0.7611940298507462,0.23880597014925373
sw_lints,corr,z48_a0p5_corr_pruned_top10,1,28,8005,ETHUSDT,val,2000.0,-8.611764627002517,10.903184149465051,166,0.6284377844356993,True,0.497,0.2135,0.33199999999999996,0.668,1.0,0.995,8.0,4.0,5.9879518072289155,4.0,5.75,0.8734939759036144,0.12650602409638553
sw_lints,corr,z48_a0p5_corr_pruned_top10,1,28,8005,ETHUSDT,val_first,,-3.122233333050839,5.290109340436022,87,0.7043786162122183,True,,,,,,,8.5,4.0,5.873563218390805,4.0,6.0,0.8620689655172413,0.13793103448275862
sw_lints,corr,z48_a0p5_corr_pruned_top10,1,28,8005,ETHUSDT,val_second,,-5.666451119609139,8.319316082726925,79,0.5648379059107038,True,,,,,,,8.0,4.0,6.113924050632911,4.0,4.5,0.8860759493670886,0.11392405063291139
sw_lints,corr,z48_a0p5_corr_pruned_top10,1,28,8005,SOLUSDT,val,2000.0,-8.253738927034892,9.259722765233402,141,0.6638520331684448,True,0.4725,0.1695,0.2835,0.7165,1.0,0.995,9.0,4.0,6.673758865248227,4.0,6.0,0.8368794326241135,0.16312056737588654
sw_lints,corr,z48_a0p5_corr_pruned_top10,1,28,8005,SOLUSDT,val_first,,-0.7872913633470535,4.888033480637787,75,0.8811658885471856,True,,,,,,,11.0,4.0,6.946666666666666,4.0,7.0,0.8,0.2
sw_lints,corr,z48_a0p5_corr_pruned_top10,1,28,8005,SOLUSDT,val_second,,-7.525696724027798,7.5840138144535825,66,0.4576539600267404,True,,,,,,,8.0,4.0,6.363636363636363,4.0,6.0,0.8787878787878788,0.12121212121212122
sw_lints,corr,z48_a0p5_corr_pruned_top10,1,28,8006,BTCUSDT,val,2000.0,-3.478187220572704,4.701359248792103,132,0.7751055349819341,True,0.598,0.112,0.26549999999999996,0.7345,1.0,0.995,10.0,4.5,8.840909090909092,4.0,10.25,0.7348484848484849,0.26515151515151514
sw_lints,corr,z48_a0p5_corr_pruned_top10,1,28,8006,BTCUSDT,val_first,,-0.9615281441139656,3.611073446263202,69,0.8549230871921943,True,,,,,,,9.0,4.0,8.478260869565217,4.0,9.0,0.7536231884057971,0.2463768115942029
sw_lints,corr,z48_a0p5_corr_pruned_top10,1,28,8006,BTCUSDT,val_second,,-2.5410923950046516,4.701359248792103,63,0.6836391711351567,True,,,,,,,12.0,5.0,9.238095238095237,4.0,10.5,0.7142857142857143,0.2857142857142857
sw_lints,corr,z48_a0p5_corr_pruned_top10,1,28,8006,ETHUSDT,val,2000.0,-4.808843060895285,7.738335498752313,162,0.7534542048737972,True,0.4865,0.2305,0.32399999999999995,0.676,1.0,0.995,8.0,4.0,6.006172839506172,4.0,5.0,0.8827160493827161,0.11728395061728394
sw_lints,corr,z48_a0p5_corr_pruned_top10,1,28,8006,ETHUSDT,val_first,,-2.652906215574735,5.2753407126864715,82,0.7247742523662145,True,,,,,,,8.0,4.0,6.024390243902439,4.0,5.0,0.8658536585365854,0.13414634146341464
sw_lints,corr,z48_a0p5_corr_pruned_top10,1,28,8006,ETHUSDT,val_second,,-2.2146905074483914,6.113097516691024,80,0.7784168109095514,True,,,,,,,8.0,4.0,5.9875,4.0,5.0,0.9,0.1
sw_lints,corr,z48_a0p5_corr_pruned_top10,1,28,8006,SOLUSDT,val,2000.0,-12.170884210886912,13.033408367908649,154,0.5636614662192133,True,0.4715,0.1865,0.30800000000000005,0.692,1.0,0.995,9.0,4.0,6.123376623376624,4.0,5.75,0.8506493506493507,0.14935064935064934
sw_lints,corr,z48_a0p5_corr_pruned_top10,1,28,8006,SOLUSDT,val_first,,-1.3285381213895442,5.953582588578044,76,0.8476642035553251,True,,,,,,,10.0,4.0,6.7894736842105265,4.0,7.5,0.7763157894736842,0.2236842105263158
sw_lints,corr,z48_a0p5_corr_pruned_top10,1,28,8006,SOLUSDT,val_second,,-10.988330245715883,11.178964323338136,78,0.3567107027856232,True,,,,,,,7.0,4.0,5.4743589743589745,4.0,4.0,0.9230769230769231,0.07692307692307693
sw_lints,corr,z48_a0p5_corr_pruned_top10,1,28,8007,BTCUSDT,val,2000.0,-0.8295011723877477,4.549995827671937,130,0.920350952811964,True,0.603,0.123,0.26149999999999995,0.7385,1.0,0.995,9.0,4.0,9.061538461538461,4.0,8.0,0.7923076923076923,0.2076923076923077
sw_lints,corr,z48_a0p5_corr_pruned_top10,1,28,8007,BTCUSDT,val_first,,2.6413135813167843,2.10065262276965,62,1.3398921899022247,True,,,,,,,8.0,4.0,10.080645161290322,4.0,7.0,0.8225806451612904,0.1774193548387097
sw_lints,corr,z48_a0p5_corr_pruned_top10,1,28,8007,BTCUSDT,val_second,,-3.3814987675063413,4.549995827671937,68,0.6282195949467827,True,,,,,,,9.5,5.0,8.132352941176471,4.0,9.0,0.7647058823529411,0.23529411764705882
sw_lints,corr,z48_a0p5_corr_pruned_top10,1,28,8007,ETHUSDT,val,2000.0,-6.233081791676087,8.75290705498547,160,0.7167783159196098,True,0.5045,0.207,0.31999999999999995,0.68,1.0,0.995,8.0,4.0,6.30625,4.0,5.0,0.86875,0.13125
sw_lints,corr,z48_a0p5_corr_pruned_top10,1,28,8007,ETHUSDT,val_first,,-2.1511168159221605,5.8245203045927285,83,0.7694663503101864,True,,,,,,,8.0,4.0,6.072289156626506,4.0,5.0,0.8674698795180723,0.13253012048192772
sw_lints,corr,z48_a0p5_corr_pruned_top10,1,28,8007,ETHUSDT,val_second,,-4.171703184465314,7.645697824715459,76,0.6574821601662788,True,,,,,,,7.0,4.0,6.381578947368421,4.0,4.0,0.881578947368421,0.11842105263157894
sw_lints,corr,z48_a0p5_corr_pruned_top10,1,28,8007,SOLUSDT,val,2000.0,-9.729089419268943,10.728224617306203,140,0.6066851403958202,True,0.4665,0.1675,0.27949999999999997,0.7205,1.0,0.995,9.0,4.0,6.664285714285715,4.0,6.0,0.8142857142857143,0.18571428571428572
sw_lints,corr,z48_a0p5_corr_pruned_top10,1,28,8007,SOLUSDT,val_first,,-1.2337367763905704,6.325398575908181,75,0.8495008605562048,True,,,,,,,10.0,4.0,6.88,4.0,7.5,0.7866666666666666,0.21333333333333335
sw_lints,corr,z48_a0p5_corr_pruned_top10,1,28,8007,SOLUSDT,val_second,,-8.60147216833006,8.787636164157098,65,0.38429716575912004,True,,,,,,,8.0,4.0,6.415384615384616,4.0,5.0,0.8461538461538461,0.15384615384615385
sw_lints,corr,z48_a0p5_corr_pruned_top10,1,28,8008,BTCUSDT,val,2000.0,-1.4643109435134583,4.142674141940916,129,0.8843037283753994,True,0.5895,0.108,0.25949999999999995,0.7405,1.0,0.995,11.0,5.0,8.914728682170542,4.0,10.0,0.7364341085271318,0.26356589147286824
sw_lints,corr,z48_a0p5_corr_pruned_top10,1,28,8008,BTCUSDT,val_first,,0.8661530856445943,2.8876339893036174,62,1.0678992031474561,True,,,,,,,10.0,5.0,9.451612903225806,4.0,13.0,0.6935483870967742,0.3064516129032258
sw_lints,corr,z48_a0p5_corr_pruned_top10,1,28,8008,BTCUSDT,val_second,,-2.310451978057748,4.142674141940916,67,0.7228728612852501,True,,,,,,,11.0,5.0,8.417910447761194,4.0,9.0,0.7761194029850746,0.22388059701492538
sw_lints,corr,z48_a0p5_corr_pruned_top10,1,28,8008,ETHUSDT,val,2000.0,-7.322314190352419,8.834314309965741,172,0.6834717297516971,True,0.505,0.245,0.344,0.656,1.0,0.995,7.0,4.0,5.872093023255814,4.0,5.0,0.9011627906976745,0.09883720930232558
sw_lints,corr,z48_a0p5_corr_pruned_top10,1,28,8008,ETHUSDT,val_first,,-3.58942547764568,6.760012677740912,89,0.6875904498785278,True,,,,,,,7.0,4.0,5.887640449438202,4.0,5.0,0.8764044943820225,0.12359550561797752
sw_lints,corr,z48_a0p5_corr_pruned_top10,1,28,8008,ETHUSDT,val_second,,-3.8718664743992437,6.3308667279389,83,0.679593823596321,True,,,,,,,7.0,4.0,5.855421686746988,4.0,4.5,0.927710843373494,0.07228915662650602
sw_lints,corr,z48_a0p5_corr_pruned_top10,1,28,8008,SOLUSDT,val,2000.0,-12.236948738294572,12.806391218490976,140,0.5391904494028403,True,0.471,0.1815,0.28,0.72,1.0,0.995,9.0,4.0,6.728571428571429,4.0,6.0,0.8285714285714286,0.17142857142857143
sw_lints,corr,z48_a0p5_corr_pruned_top10,1,28,8008,SOLUSDT,val_first,,-0.10536645917038623,5.3617720949654775,70,0.9290902239876454,True,,,,,,,11.0,4.0,7.414285714285715,4.0,8.75,0.7571428571428571,0.24285714285714285
sw_lints,corr,z48_a0p5_corr_pruned_top10,1,28,8008,SOLUSDT,val_second,,-12.144378380612098,12.156501539415709,70,0.2648422937992683,True,,,,,,,7.0,4.0,6.042857142857143,4.0,4.0,0.9,0.1
sw_lints,corr,z48_a0p5_corr_pruned_top10,1,28,8009,BTCUSDT,val,2000.0,-1.4206206427096468,4.568246833171141,125,0.8753560985152464,True,0.6015,0.115,0.25149999999999995,0.7485,1.0,0.995,10.0,5.0,9.392,4.0,9.0,0.768,0.232
sw_lints,corr,z48_a0p5_corr_pruned_top10,1,28,8009,BTCUSDT,val_first,,0.04955034220346377,4.568246833171141,59,0.9452305576498341,True,,,,,,,9.0,4.0,9.94915254237288,4.0,8.0,0.7966101694915254,0.2033898305084746
sw_lints,corr,z48_a0p5_corr_pruned_top10,1,28,8009,BTCUSDT,val_second,,-1.4694428709420726,3.3969045307329915,66,0.8034901030248749,True,,,,,,,11.5,5.0,8.893939393939394,4.0,9.75,0.7424242424242424,0.25757575757575757
sw_lints,corr,z48_a0p5_corr_pruned_top10,1,28,8009,ETHUSDT,val,2000.0,-8.077754080316069,10.330079392700197,172,0.6573507077182338,True,0.4935,0.239,0.34550000000000003,0.6545,1.0,0.995,7.0,4.0,5.715116279069767,4.0,4.0,0.9011627906976745,0.09883720930232558
sw_lints,corr,z48_a0p5_corr_pruned_top10,1,28,8009,ETHUSDT,val_first,,-4.162232789721032,6.671571757038497,90,0.6521598014086373,True,,,,,,,7.0,4.0,5.488888888888889,4.0,4.0,0.8888888888888888,0.1111111111111111
sw_lints,corr,z48_a0p5_corr_pruned_top10,1,28,8009,ETHUSDT,val_second,,-4.085572321404296,6.978993984928672,82,0.6625464404882547,True,,,,,,,8.0,4.0,5.963414634146342,4.0,4.75,0.9146341463414634,0.08536585365853659
sw_lints,corr,z48_a0p5_corr_pruned_top10,1,28,8009,SOLUSDT,val,2000.0,-9.369269614748632,10.160381219010961,150,0.6296196014518641,True,0.477,0.195,0.30000000000000004,0.7,1.0,0.995,9.0,4.0,6.36,4.0,5.75,0.8466666666666667,0.15333333333333332
sw_lints,corr,z48_a0p5_corr_pruned_top10,1,28,8009,SOLUSDT,val_first,,0.22840668079129323,4.6932407395808395,81,0.9532494333087926,True,,,,,,,10.0,4.0,6.444444444444445,4.0,6.0,0.8271604938271605,0.1728395061728395
sw_lints,corr,z48_a0p5_corr_pruned_top10,1,28,8009,SOLUSDT,val_second,,-9.575804518280663,9.709465764255365,69,0.37139021973904685,True,,,,,,,7.5,4.0,6.260869565217392,4.0,5.0,0.8695652173913043,0.13043478260869565
sw_lints,corr,z48_a0p5_corr_pruned_top10,1,28,8010,BTCUSDT,val,2000.0,-2.148407769957228,3.9794804880503243,135,0.8481598194014356,True,0.5865,0.112,0.27149999999999996,0.7285,1.0,0.995,10.0,5.0,8.474074074074075,4.0,9.5,0.7481481481481481,0.2518518518518518
sw_lints,corr,z48_a0p5_corr_pruned_top10,1,28,8010,BTCUSDT,val_first,,-0.171310132592295,3.074596746047975,64,0.935995298199684,True,,,,,,,11.0,5.5,9.140625,4.0,11.0,0.703125,0.296875
sw_lints,corr,z48_a0p5_corr_pruned_top10,1,28,8010,BTCUSDT,val_second,,-1.9804904181262017,3.9794804880503243,71,0.7523629914474588,True,,,,,,,10.0,4.0,7.873239436619718,4.0,7.0,0.7887323943661971,0.2112676056338028
sw_lints,corr,z48_a0p5_corr_pruned_top10,1,28,8010,ETHUSDT,val,2000.0,-5.71734664843313,8.03310299171196,170,0.7419845860110511,True,0.491,0.2455,0.33999999999999997,0.66,1.0,0.995,7.0,4.0,5.776470588235294,4.0,4.75,0.9,0.1
sw_lints,corr,z48_a0p5_corr_pruned_top10,1,28,8010,ETHUSDT,val_first,,-1.57386593960408,4.342533059295606,85,0.8245403013910486,True,,,,,,,8.0,4.0,6.08235294117647,4.0,5.0,0.8705882352941177,0.12941176470588237
sw_lints,corr,z48_a0p5_corr_pruned_top10,1,28,8010,ETHUSDT,val_second,,-4.2097363148354,6.572799888639958,85,0.6753238617302291,True,,,,,,,7.0,4.0,5.470588235294118,4.0,4.0,0.9294117647058824,0.07058823529411765
sw_lints,corr,z48_a0p5_corr_pruned_top10,1,28,8010,SOLUSDT,val,2000.0,-6.116340078741289,8.767854984836276,132,0.7133400790020207,True,0.4805,0.1565,0.26349999999999996,0.7365,1.0,0.995,10.0,4.0,7.28030303030303,4.0,7.0,0.7803030303030303,0.2196969696969697
sw_lints,corr,z48_a0p5_corr_pruned_top10,1,28,8010,SOLUSDT,val_first,,0.5624032496017728,4.350701515340594,72,0.9814689348467683,True,,,,,,,10.0,4.0,7.194444444444445,4.0,8.25,0.7777777777777778,0.2222222222222222
sw_lints,corr,z48_a0p5_corr_pruned_top10,1,28,8010,SOLUSDT,val_second,,-6.641391924341777,8.491466026843487,60,0.4893547224946411,True,,,,,,,10.0,4.0,7.383333333333334,4.0,5.25,0.7833333333333333,0.21666666666666667
sw_lints,corr,z48_a0p5_corr_pruned_top10,1,28,8011,BTCUSDT,val,2000.0,-2.1083732741757233,4.308330204245248,135,0.8402725729781526,True,0.6015,0.123,0.27149999999999996,0.7285,1.0,0.995,9.0,4.0,8.703703703703704,4.0,7.0,0.8148148148148148,0.18518518518518517
sw_lints,corr,z48_a0p5_corr_pruned_top10,1,28,8011,BTCUSDT,val_first,,-0.01998071575486371,4.080908980123765,61,0.9358306519359321,True,,,,,,,9.5,4.0,10.0,4.0,8.0,0.7868852459016393,0.21311475409836064
sw_lints,corr,z48_a0p5_corr_pruned_top10,1,28,8011,BTCUSDT,val_second,,-2.0888099175931485,4.308330204245248,74,0.7534378923539197,True,,,,,,,9.0,4.0,7.635135135135135,4.0,6.0,0.8378378378378378,0.16216216216216217
sw_lints,corr,z48_a0p5_corr_pruned_top10,1,28,8011,ETHUSDT,val,2000.0,-5.615165717235204,8.42719940381551,167,0.7357630139406433,True,0.4955,0.219,0.33399999999999996,0.666,1.0,0.995,8.0,4.0,5.934131736526946,4.0,5.0,0.8922155688622755,0.10778443113772455
sw_lints,corr,z48_a0p5_corr_pruned_top10,1,28,8011,ETHUSDT,val_first,,-2.3020235578243287,5.305103934340083,85,0.7456874823459572,True,,,,,,,8.0,4.0,5.7176470588235295,4.0,5.0,0.8941176470588236,0.10588235294117647
sw_lints,corr,z48_a0p5_corr_pruned_top10,1,28,8011,ETHUSDT,val_second,,-3.391208579813132,6.269501241529296,81,0.7161347549722851,True,,,,,,,8.0,4.0,5.987654320987654,4.0,5.0,0.9012345679012346,0.09876543209876543
sw_lints,corr,z48_a0p5_corr_pruned_top10,1,28,8011,SOLUSDT,val,2000.0,-6.431762586547462,8.85399787610618,139,0.7058790098541735,True,0.479,0.17,0.27749999999999997,0.7225,1.0,0.995,9.0,4.0,6.892086330935252,4.0,6.0,0.8129496402877698,0.18705035971223022
sw_lints,corr,z48_a0p5_corr_pruned_top10,1,28,8011,SOLUSDT,val_first,,-2.935842547719858,7.826930570179669,75,0.7359897696758158,True,,,,,,,10.0,4.0,6.973333333333334,4.0,8.0,0.7866666666666666,0.21333333333333335
sw_lints,corr,z48_a0p5_corr_pruned_top10,1,28,8011,SOLUSDT,val_second,,-3.6016590784773594,5.3105522413466115,64,0.6740775917072658,True,,,,,,,8.0,4.0,6.796875,4.0,5.0,0.84375,0.15625
sw_lints,corr,z48_a0p5_corr_pruned_top10,1,28,8012,BTCUSDT,val,2000.0,-0.19646283805029308,3.923764605050317,126,0.9537914473252537,True,0.601,0.112,0.25349999999999995,0.7465,1.0,0.995,10.0,5.0,9.30952380952381,4.0,8.75,0.7619047619047619,0.23809523809523808
sw_lints,corr,z48_a0p5_corr_pruned_top10,1,28,8012,BTCUSDT,val_first,,0.9743123044360091,3.923764605050317,62,1.0626848506312663,True,,,,,,,8.0,4.0,9.725806451612904,4.0,7.0,0.8064516129032258,0.1935483870967742
sw_lints,corr,z48_a0p5_corr_pruned_top10,1,28,8012,BTCUSDT,val_second,,-1.1594782036805973,3.165037563414652,64,0.832236331916977,True,,,,,,,11.5,5.0,8.90625,4.0,10.0,0.71875,0.28125
sw_lints,corr,z48_a0p5_corr_pruned_top10,1,28,8012,ETHUSDT,val,2000.0,-8.479646140848917,8.888875286684295,176,0.6519516028898045,True,0.5025,0.242,0.352,0.648,1.0,0.995,7.0,4.0,5.7102272727272725,4.0,5.0,0.9090909090909091,0.09090909090909091
sw_lints,corr,z48_a0p5_corr_pruned_top10,1,28,8012,ETHUSDT,val_first,,-1.807055624573617,5.001343145800085,93,0.8114861816653561,True,,,,,,,7.0,4.0,5.56989247311828,4.0,4.0,0.9032258064516129,0.0967741935483871
sw_lints,corr,z48_a0p5_corr_pruned_top10,1,28,8012,ETHUSDT,val_second,,-6.795386938152726,7.212147173257566,83,0.5296654853339945,True,,,,,,,7.5,4.0,5.867469879518072,4.0,5.0,0.9156626506024096,0.08433734939759036
sw_lints,corr,z48_a0p5_corr_pruned_top10,1,28,8012,SOLUSDT,val,2000.0,-9.54615087640136,11.436834219837655,137,0.6261913849583386,True,0.486,0.157,0.27549999999999997,0.7245,1.0,0.995,10.0,4.0,7.065693430656935,4.0,6.0,0.8102189781021898,0.1897810218978102
sw_lints,corr,z48_a0p5_corr_pruned_top10,1,28,8012,SOLUSDT,val_first,,-2.7299030826390847,7.717765194288795,73,0.7499630131014239,True,,,,,,,10.0,4.0,7.191780821917808,4.0,8.0,0.7945205479452054,0.2054794520547945
sw_lints,corr,z48_a0p5_corr_pruned_top10,1,28,8012,SOLUSDT,val_second,,-7.007547036324269,7.608182641611139,64,0.5168699241063268,True,,,,,,,9.5,4.0,6.921875,4.0,6.0,0.828125,0.171875
sw_lints,corr,z48_a0p5_corr_pruned_top10,1,28,8013,BTCUSDT,val,2000.0,-1.821636875022259,4.200217434386744,130,0.855704778656187,True,0.6065,0.1125,0.26149999999999995,0.7385,1.0,0.995,10.0,5.0,9.107692307692307,4.0,8.0,0.7692307692307693,0.23076923076923078
sw_lints,corr,z48_a0p5_corr_pruned_top10,1,28,8013,BTCUSDT,val_first,,-0.644837327953729,4.200217434386744,64,0.874559604143591,True,,,,,,,9.0,4.0,9.40625,4.0,7.25,0.78125,0.21875
sw_lints,corr,z48_a0p5_corr_pruned_top10,1,28,8013,BTCUSDT,val_second,,-1.1844372405216075,3.277474444064443,66,0.8352027379927579,True,,,,,,,10.0,5.0,8.818181818181818,4.0,9.0,0.7575757575757576,0.24242424242424243
sw_lints,corr,z48_a0p5_corr_pruned_top10,1,28,8013,ETHUSDT,val,2000.0,-11.457391650582526,12.309973837971755,185,0.576890720412782,True,0.4985,0.2685,0.37,0.63,1.0,0.995,7.0,4.0,5.389189189189189,4.0,4.0,0.9243243243243243,0.07567567567567568
sw_lints,corr,z48_a0p5_corr_pruned_top10,1,28,8013,ETHUSDT,val_first,,-4.029408341550322,6.176017449959891,92,0.6650830712138637,True,,,,,,,7.0,4.0,5.445652173913044,4.0,4.0,0.9130434782608695,0.08695652173913043
sw_lints,corr,z48_a0p5_corr_pruned_top10,1,28,8013,ETHUSDT,val_second,,-7.739853616269965,8.673860981144866,92,0.5176532345071859,True,,,,,,,7.0,4.0,5.3478260869565215,4.0,4.0,0.9347826086956522,0.06521739130434782
sw_lints,corr,z48_a0p5_corr_pruned_top10,1,28,8013,SOLUSDT,val,2000.0,-7.618141900782815,8.467474114960217,139,0.6656291990196608,True,0.463,0.17,0.27749999999999997,0.7225,1.0,0.995,10.0,4.0,6.661870503597123,4.0,6.0,0.8273381294964028,0.17266187050359713
sw_lints,corr,z48_a0p5_corr_pruned_top10,1,28,8013,SOLUSDT,val_first,,-1.471286654659909,4.904791989340906,75,0.8333076730454808,True,,,,,,,10.0,4.0,6.706666666666667,4.0,6.5,0.8133333333333334,0.18666666666666668
sw_lints,corr,z48_a0p5_corr_pruned_top10,1,28,8013,SOLUSDT,val_second,,-6.238643576495695,6.422683752263225,64,0.507871059291487,True,,,,,,,9.0,4.0,6.609375,4.0,5.0,0.84375,0.15625
sw_lints,corr,z48_a0p5_corr_pruned_top10,1,28,8014,BTCUSDT,val,2000.0,-2.191605308911404,4.218991173379005,133,0.8427605934239067,True,0.5825,0.112,0.26749999999999996,0.7325,1.0,0.995,11.0,5.0,8.541353383458647,4.0,9.0,0.7593984962406015,0.24060150375939848
sw_lints,corr,z48_a0p5_corr_pruned_top10,1,28,8014,BTCUSDT,val_first,,0.05311153465021867,3.157897426009326,66,0.9635140401350797,True,,,,,,,11.0,5.0,8.727272727272727,4.0,10.75,0.7121212121212122,0.2878787878787879
sw_lints,corr,z48_a0p5_corr_pruned_top10,1,28,8014,BTCUSDT,val_second,,-2.243525272858937,4.218991173379005,67,0.7268295894813226,True,,,,,,,9.0,5.0,8.35820895522388,4.0,8.0,0.8059701492537313,0.19402985074626866
sw_lints,corr,z48_a0p5_corr_pruned_top10,1,28,8014,ETHUSDT,val,2000.0,-5.345212881571149,8.677659221707101,160,0.7428395815990971,True,0.498,0.2035,0.31999999999999995,0.68,1.0,0.995,8.0,4.0,6.225,4.0,5.0,0.8625,0.1375
sw_lints,corr,z48_a0p5_corr_pruned_top10,1,28,8014,ETHUSDT,val_first,,-3.4107580452300224,6.217104162118792,84,0.7045995720597938,True,,,,,,,9.0,4.0,5.988095238095238,4.0,5.0,0.8690476190476191,0.13095238095238096
sw_lints,corr,z48_a0p5_corr_pruned_top10,1,28,8014,ETHUSDT,val_second,,-2.002764280153446,5.995875654640503,76,0.785430781862815,True,,,,,,,7.0,4.0,6.4868421052631575,4.0,5.0,0.8552631578947368,0.14473684210526316
sw_lints,corr,z48_a0p5_corr_pruned_top10,1,28,8014,SOLUSDT,val,2000.0,-8.986930821921636,10.017138231552625,134,0.6299596963154411,True,0.4645,0.1585,0.268,0.732,1.0,0.995,9.0,4.0,6.932835820895522,4.0,7.0,0.8134328358208955,0.1865671641791045
sw_lints,corr,z48_a0p5_corr_pruned_top10,1,28,8014,SOLUSDT,val_first,,-0.3054865406812102,5.928535387687206,72,0.9128843700188423,True,,,,,,,10.0,4.0,7.166666666666667,4.0,8.0,0.7777777777777778,0.2222222222222222
sw_lints,corr,z48_a0p5_corr_pruned_top10,1,28,8014,SOLUSDT,val_second,,-8.708046190308117,9.292872015092357,62,0.3847097628846683,True,,,,,,,9.0,4.0,6.661290322580645,4.0,5.75,0.8548387096774194,0.14516129032258066
sw_lints,corr,z48_a0p5_corr_pruned_top10,1,28,8015,BTCUSDT,val,2000.0,-3.286104533865797,6.304608316774319,140,0.7850830826988241,True,0.5895,0.138,0.2815,0.7185,1.0,0.995,9.0,4.0,8.378571428571428,4.0,7.0,0.8071428571428572,0.19285714285714287
sw_lints,corr,z48_a0p5_corr_pruned_top10,1,28,8015,BTCUSDT,val_first,,1.7242468963977409,2.5873256207022632,66,1.1940306459336538,True,,,,,,,9.0,4.0,9.06060606060606,4.0,7.75,0.803030303030303,0.19696969696969696
sw_lints,corr,z48_a0p5_corr_pruned_top10,1,28,8015,BTCUSDT,val_second,,-4.925424943540135,6.304608316774319,74,0.5228632452420453,True,,,,,,,8.5,4.0,7.77027027027027,4.0,7.0,0.8108108108108109,0.1891891891891892
sw_lints,corr,z48_a0p5_corr_pruned_top10,1,28,8015,ETHUSDT,val,2000.0,-7.368403853383354,9.076710686392818,163,0.6796777605666219,True,0.502,0.212,0.32599999999999996,0.674,1.0,0.995,9.0,4.0,6.159509202453988,4.0,5.0,0.8895705521472392,0.11042944785276074
sw_lints,corr,z48_a0p5_corr_pruned_top10,1,28,8015,ETHUSDT,val_first,,-1.6750892892488434,5.603351179591288,86,0.8194710279086717,True,,,,,,,8.0,4.0,6.058139534883721,4.0,5.0,0.8837209302325582,0.11627906976744186
sw_lints,corr,z48_a0p5_corr_pruned_top10,1,28,8015,ETHUSDT,val_second,,-5.79030738292039,8.394692033537165,77,0.5623570890877156,True,,,,,,,9.0,4.0,6.2727272727272725,4.0,5.0,0.8961038961038961,0.1038961038961039
sw_lints,corr,z48_a0p5_corr_pruned_top10,1,28,8015,SOLUSDT,val,2000.0,-2.974125516592807,6.1897422994422024,146,0.8347732760091365,True,0.465,0.1855,0.2915,0.7085,1.0,0.995,9.0,4.0,6.36986301369863,4.0,5.0,0.8356164383561644,0.1643835616438356
sw_lints,corr,z48_a0p5_corr_pruned_top10,1,28,8015,SOLUSDT,val_first,,0.9212645121831731,4.302073192875422,76,1.0071593722818033,True,,,,,,,10.0,4.0,6.526315789473684,4.0,7.25,0.7894736842105263,0.21052631578947367
sw_lints,corr,z48_a0p5_corr_pruned_top10,1,28,8015,SOLUSDT,val_second,,-3.8598307775916996,6.1897422994422024,70,0.6813461319807912,True,,,,,,,7.0,4.0,6.2,4.0,4.75,0.8857142857142857,0.11428571428571428
sw_lints,corr,z48_a0p5_corr_pruned_top10,1,28,8016,BTCUSDT,val,2000.0,-0.5422029033179232,3.634369916974989,127,0.9444689502922365,True,0.5855,0.119,0.25549999999999995,0.7445,1.0,0.995,10.0,4.0,9.0,4.0,9.0,0.7559055118110236,0.2440944881889764
sw_lints,corr,z48_a0p5_corr_pruned_top10,1,28,8016,BTCUSDT,val_first,,1.5511636313434884,2.901244644014056,65,1.1495095955824695,True,,,,,,,9.0,4.0,9.061538461538461,4.0,8.0,0.7846153846153846,0.2153846153846154
sw_lints,corr,z48_a0p5_corr_pruned_top10,1,28,8016,BTCUSDT,val_second,,-2.061390987365619,3.634369916974989,62,0.7317033176571822,True,,,,,,,12.0,5.0,8.935483870967742,4.0,10.0,0.7258064516129032,0.27419354838709675
sw_lints,corr,z48_a0p5_corr_pruned_top10,1,28,8016,ETHUSDT,val,2000.0,-8.414536815672879,10.758928717970518,174,0.6652326467679797,True,0.5005,0.2425,0.34950000000000003,0.6505,1.0,0.995,7.0,4.0,5.7298850574712645,4.0,5.0,0.9195402298850575,0.08045977011494253
sw_lints,corr,z48_a0p5_corr_pruned_top10,1,28,8016,ETHUSDT,val_first,,-3.357816111038703,6.502618947447525,89,0.7005111762338747,True,,,,,,,7.0,4.0,5.808988764044944,4.0,4.0,0.898876404494382,0.10112359550561797
sw_lints,corr,z48_a0p5_corr_pruned_top10,1,28,8016,ETHUSDT,val_second,,-5.232415598600482,7.658262995624643,85,0.6366767198751706,True,,,,,,,7.0,4.0,5.647058823529412,4.0,5.0,0.9411764705882353,0.058823529411764705
sw_lints,corr,z48_a0p5_corr_pruned_top10,1,28,8016,SOLUSDT,val,2000.0,-12.376358679042344,13.645508088780057,140,0.5482626459984956,True,0.4755,0.1665,0.28,0.72,1.0,0.995,9.0,4.0,6.792857142857143,4.0,7.0,0.8142857142857143,0.18571428571428572
sw_lints,corr,z48_a0p5_corr_pruned_top10,1,28,8016,SOLUSDT,val_first,,-2.3620012802427093,7.252189897189776,73,0.7792228466927668,True,,,,,,,10.0,4.0,7.219178082191781,4.0,9.0,0.7671232876712328,0.2328767123287671
sw_lints,corr,z48_a0p5_corr_pruned_top10,1,28,8016,SOLUSDT,val_second,,-10.256618867765877,10.386741862509519,67,0.3598516398585638,True,,,,,,,8.0,4.0,6.3283582089552235,4.0,5.0,0.8656716417910447,0.13432835820895522
sw_lints,corr,z48_a0p5_corr_pruned_top10,1,28,8017,BTCUSDT,val,2000.0,-2.45212651418808,4.175282055088325,117,0.8237320799467368,True,0.604,0.102,0.23550000000000004,0.7645,1.0,0.995,11.0,5.0,10.273504273504274,4.0,10.0,0.7264957264957265,0.27350427350427353
sw_lints,corr,z48_a0p5_corr_pruned_top10,1,28,8017,BTCUSDT,val_first,,0.4608595456429887,4.120656179556548,58,0.9946235589968834,True,,,,,,,9.0,4.0,10.706896551724139,4.0,7.0,0.8275862068965517,0.1724137931034483
sw_lints,corr,z48_a0p5_corr_pruned_top10,1,28,8017,BTCUSDT,val_second,,-2.899622871042229,4.175282055088325,59,0.6716624718024647,True,,,,,,,14.0,6.0,9.847457627118644,4.0,11.5,0.6271186440677966,0.3728813559322034
sw_lints,corr,z48_a0p5_corr_pruned_top10,1,28,8017,ETHUSDT,val,2000.0,-9.740852560915714,12.311903265082247,171,0.6051047602213229,True,0.4995,0.2345,0.34199999999999997,0.658,1.0,0.995,8.0,4.0,5.842105263157895,4.0,5.0,0.9005847953216374,0.09941520467836257
sw_lints,corr,z48_a0p5_corr_pruned_top10,1,28,8017,ETHUSDT,val_first,,-4.165790580392681,6.828071674706926,89,0.6466011788047875,True,,,,,,,8.0,4.0,5.696629213483146,4.0,4.0,0.8764044943820225,0.12359550561797752
sw_lints,corr,z48_a0p5_corr_pruned_top10,1,28,8017,ETHUSDT,val_second,,-5.817402798318905,8.729519725183387,82,0.567956076585693,True,,,,,,,7.0,4.0,6.0,4.0,5.0,0.926829268292683,0.07317073170731707
sw_lints,corr,z48_a0p5_corr_pruned_top10,1,28,8017,SOLUSDT,val,2000.0,-8.80147748078719,10.64414624684572,132,0.6190339749737281,True,0.483,0.158,0.26349999999999996,0.7365,1.0,0.995,9.0,4.0,7.318181818181818,4.0,7.25,0.803030303030303,0.19696969696969696
sw_lints,corr,z48_a0p5_corr_pruned_top10,1,28,8017,SOLUSDT,val_first,,-1.0499429810659766,5.594709259769958,71,0.8587479578734812,True,,,,,,,10.0,4.0,7.549295774647887,4.0,8.0,0.7746478873239436,0.22535211267605634
sw_lints,corr,z48_a0p5_corr_pruned_top10,1,28,8017,SOLUSDT,val_second,,-7.833784773098163,8.982792398263085,61,0.4119877342469659,True,,,,,,,9.0,4.0,7.049180327868853,4.0,6.0,0.8360655737704918,0.16393442622950818
sw_lints,corr,z48_a0p5_corr_pruned_top10,1,28,8018,BTCUSDT,val,2000.0,-2.7636492568799187,5.05348294131206,130,0.8058860366772964,True,0.5915,0.104,0.26149999999999995,0.7385,1.0,0.995,9.5,5.0,8.876923076923077,4.0,9.0,0.7615384615384615,0.23846153846153847
sw_lints,corr,z48_a0p5_corr_pruned_top10,1,28,8018,BTCUSDT,val_first,,-1.2957021517413625,5.05348294131206,66,0.8171709844233851,True,,,,,,,9.0,5.0,8.848484848484848,4.0,9.0,0.7575757575757576,0.24242424242424243
sw_lints,corr,z48_a0p5_corr_pruned_top10,1,28,8018,BTCUSDT,val_second,,-1.4872170079111124,3.3625250911486937,64,0.7912013878952726,True,,,,,,,10.5,5.0,8.90625,4.0,8.25,0.765625,0.234375
sw_lints,corr,z48_a0p5_corr_pruned_top10,1,28,8018,ETHUSDT,val,2000.0,-8.809342130837994,10.188737348663013,176,0.6467215460312393,True,0.4955,0.248,0.352,0.648,1.0,0.995,7.0,4.0,5.630681818181818,4.0,5.0,0.9090909090909091,0.09090909090909091
sw_lints,corr,z48_a0p5_corr_pruned_top10,1,28,8018,ETHUSDT,val_first,,-2.421305006200525,5.563904520588158,88,0.7601312964377932,True,,,,,,,8.0,4.0,5.7727272727272725,4.0,5.0,0.8863636363636364,0.11363636363636363
sw_lints,corr,z48_a0p5_corr_pruned_top10,1,28,8018,ETHUSDT,val_second,,-6.546549044382466,7.960172395168918,88,0.5636262839314957,True,,,,,,,7.0,4.0,5.488636363636363,4.0,5.0,0.9318181818181818,0.06818181818181818
sw_lints,corr,z48_a0p5_corr_pruned_top10,1,28,8018,SOLUSDT,val,2000.0,-6.041727112051998,7.498989782960241,144,0.7206528808154511,True,0.47,0.1785,0.2875,0.7125,1.0,0.995,9.0,4.0,6.527777777777778,4.0,6.0,0.8333333333333334,0.16666666666666666
sw_lints,corr,z48_a0p5_corr_pruned_top10,1,28,8018,SOLUSDT,val_first,,0.6755632546573409,3.664046255291864,77,0.9887907763258934,True,,,,,,,9.0,4.0,6.662337662337662,4.0,6.0,0.8051948051948052,0.19480519480519481
sw_lints,corr,z48_a0p5_corr_pruned_top10,1,28,8018,SOLUSDT,val_second,,-6.6722153316570605,6.936116212536025,67,0.48036425144836076,True,,,,,,,8.0,4.0,6.373134328358209,4.0,5.0,0.8656716417910447,0.13432835820895522
sw_lints,corr,z48_a0p5_corr_pruned_top10,1,28,8019,BTCUSDT,val,2000.0,-1.953194755086174,4.371117050048645,119,0.8484615263760035,True,0.607,0.107,0.23950000000000005,0.7605,1.0,0.995,12.0,5.0,9.957983193277311,4.0,10.0,0.7310924369747899,0.2689075630252101
sw_lints,corr,z48_a0p5_corr_pruned_top10,1,28,8019,BTCUSDT,val_first,,-0.21711729597950757,3.810037402468325,62,0.928348173252261,True,,,,,,,9.0,4.0,9.758064516129032,4.0,8.75,0.7741935483870968,0.22580645161290322
sw_lints,corr,z48_a0p5_corr_pruned_top10,1,28,8019,BTCUSDT,val_second,,-1.739854985204503,4.371117050048645,57,0.7691086330018613,True,,,,,,,13.0,6.0,10.175438596491228,4.0,11.0,0.6842105263157895,0.3157894736842105
sw_lints,corr,z48_a0p5_corr_pruned_top10,1,28,8019,ETHUSDT,val,2000.0,-4.879163462082314,8.58294470992581,180,0.7611462056159967,True,0.4895,0.2615,0.36150000000000004,0.6385,1.0,0.995,7.0,4.0,5.416666666666667,4.0,4.0,0.9111111111111111,0.08888888888888889
sw_lints,corr,z48_a0p5_corr_pruned_top10,1,28,8019,ETHUSDT,val_first,,-3.3447641450217613,5.450030377615301,90,0.7102172660457018,True,,,,,,,7.0,4.0,5.522222222222222,4.0,4.0,0.8777777777777778,0.12222222222222222
sw_lints,corr,z48_a0p5_corr_pruned_top10,1,28,8019,ETHUSDT,val_second,,-1.5874973595458197,5.770373413671315,89,0.8334531053883185,True,,,,,,,7.0,4.0,5.325842696629214,4.0,4.0,0.9438202247191011,0.056179775280898875
sw_lints,corr,z48_a0p5_corr_pruned_top10,1,28,8019,SOLUSDT,val,2000.0,-8.720706663796573,9.821215488644198,148,0.660457661901757,True,0.467,0.192,0.2955,0.7045,1.0,0.995,8.0,4.0,6.3108108108108105,4.0,5.0,0.8445945945945946,0.1554054054054054
sw_lints,corr,z48_a0p5_corr_pruned_top10,1,28,8019,SOLUSDT,val_first,,-0.7564841943856204,4.625844096892406,76,0.8838597985411614,True,,,,,,,10.0,4.0,6.5,4.0,6.5,0.8157894736842105,0.18421052631578946
sw_lints,corr,z48_a0p5_corr_pruned_top10,1,28,8019,SOLUSDT,val_second,,-8.024929794920066,8.40754660256552,72,0.48683877002426784,True,,,,,,,7.0,4.0,6.111111111111111,4.0,4.25,0.875,0.125
sw_lints,corr,z48_a0p5_corr_pruned_top10,1,28,8020,BTCUSDT,val,2000.0,-1.3439178219808667,3.83133388790724,133,0.8915011540102263,True,0.5915,0.1175,0.26749999999999996,0.7325,1.0,0.995,9.0,5.0,8.676691729323307,4.0,9.0,0.7593984962406015,0.24060150375939848
sw_lints,corr,z48_a0p5_corr_pruned_top10,1,28,8020,BTCUSDT,val_first,,0.43975946868792803,3.3468710442159932,62,1.0041752359741913,True,,,,,,,9.0,5.0,9.548387096774194,4.0,13.75,0.6935483870967742,0.3064516129032258
sw_lints,corr,z48_a0p5_corr_pruned_top10,1,28,8020,BTCUSDT,val_second,,-1.7758677441126913,3.83133388790724,71,0.7763510662052707,True,,,,,,,9.0,4.0,7.915492957746479,4.0,7.0,0.8169014084507042,0.18309859154929578
sw_lints,corr,z48_a0p5_corr_pruned_top10,1,28,8020,ETHUSDT,val,2000.0,-5.88775584925304,8.317185646039537,169,0.7285588446327255,True,0.488,0.246,0.3395,0.6605,1.0,0.995,8.0,4.0,5.7514792899408285,4.0,5.0,0.8994082840236687,0.10059171597633136
sw_lints,corr,z48_a0p5_corr_pruned_top10,1,28,8020,ETHUSDT,val_first,,-1.3026105166196844,4.917150570966933,81,0.8285082438545466,True,,,,,,,8.0,4.0,6.296296296296297,4.0,5.0,0.8395061728395061,0.16049382716049382
sw_lints,corr,z48_a0p5_corr_pruned_top10,1,28,8020,ETHUSDT,val_second,,-4.645660190845735,7.107153660432985,88,0.6634783589247324,True,,,,,,,7.0,4.0,5.25,4.0,4.0,0.9545454545454546,0.045454545454545456
sw_lints,corr,z48_a0p5_corr_pruned_top10,1,28,8020,SOLUSDT,val,2000.0,-4.9907556173348855,7.074256707640092,150,0.7754873672697045,True,0.4665,0.1935,0.3015,0.6985,1.0,0.995,8.0,4.0,6.193333333333333,4.0,5.0,0.84,0.16
sw_lints,corr,z48_a0p5_corr_pruned_top10,1,28,8020,SOLUSDT,val_first,,0.16221307282029418,5.016656892012394,81,0.9527283963331318,True,,,,,,,8.5,4.0,6.197530864197531,4.0,6.0,0.8148148148148148,0.18518518518518517
sw_lints,corr,z48_a0p5_corr_pruned_top10,1,28,8020,SOLUSDT,val_second,,-5.144623438390727,7.074256707640092,69,0.6114490070653136,True,,,,,,,7.0,4.0,6.188405797101449,4.0,5.0,0.8695652173913043,0.13043478260869565
sw_lints,corr,z48_a0p5_corr_pruned_top10,1,28,8021,BTCUSDT,val,2000.0,-2.2507666698186046,4.122208700397556,125,0.835860120778935,True,0.5925,0.099,0.25149999999999995,0.7485,1.0,0.995,11.0,5.0,9.248,4.0,11.0,0.704,0.296
sw_lints,corr,z48_a0p5_corr_pruned_top10,1,28,8021,BTCUSDT,val_first,,0.14102329890310905,3.1345531452000475,65,0.9734982481574072,True,,,,,,,10.0,4.0,8.984615384615385,4.0,14.0,0.6923076923076923,0.3076923076923077
sw_lints,corr,z48_a0p5_corr_pruned_top10,1,28,8021,BTCUSDT,val_second,,-2.3884217375956363,4.122208700397556,60,0.6780420935904695,True,,,,,,,11.5,5.0,9.533333333333333,4.0,10.0,0.7166666666666667,0.2833333333333333
sw_lints,corr,z48_a0p5_corr_pruned_top10,1,28,8021,ETHUSDT,val,2000.0,-5.161483056109373,7.914300198682267,167,0.7458528358342666,True,0.497,0.242,0.33399999999999996,0.666,1.0,0.995,8.0,4.0,5.952095808383233,4.0,4.5,0.8922155688622755,0.10778443113772455
sw_lints,corr,z48_a0p5_corr_pruned_top10,1,28,8021,ETHUSDT,val_first,,-2.4243799730110704,6.371281170452225,85,0.7487164881940581,True,,,,,,,9.0,4.0,6.117647058823529,4.0,5.0,0.8705882352941177,0.12941176470588237
sw_lints,corr,z48_a0p5_corr_pruned_top10,1,28,8021,ETHUSDT,val_second,,-2.805109598423494,6.6962590836134535,82,0.7433284393274957,True,,,,,,,7.0,4.0,5.780487804878049,4.0,4.0,0.9146341463414634,0.08536585365853659
sw_lints,corr,z48_a0p5_corr_pruned_top10,1,28,8021,SOLUSDT,val,2000.0,-12.216952872765773,13.354068640279237,135,0.5342944464026034,True,0.468,0.1575,0.27,0.73,1.0,0.995,10.0,4.0,6.933333333333334,4.0,7.0,0.8222222222222222,0.17777777777777778
sw_lints,corr,z48_a0p5_corr_pruned_top10,1,28,8021,SOLUSDT,val_first,,-3.3918686742720805,7.672544071405851,75,0.7191266914560733,True,,,,,,,10.0,4.0,6.88,4.0,8.0,0.8133333333333334,0.18666666666666668
sw_lints,corr,z48_a0p5_corr_pruned_top10,1,28,8021,SOLUSDT,val_second,,-9.134928993439162,9.411341381823535,60,0.3568417181727134,True,,,,,,,10.0,4.0,7.0,4.0,5.0,0.8333333333333334,0.16666666666666666
sw_lints,corr,z48_a0p5_corr_pruned_top10,1,28,8022,BTCUSDT,val,2000.0,-2.741780165233454,4.425891674069005,122,0.8169634219558003,True,0.5955,0.092,0.24550000000000005,0.7545,1.0,0.995,12.0,5.0,9.71311475409836,4.0,11.75,0.7049180327868853,0.29508196721311475
sw_lints,corr,z48_a0p5_corr_pruned_top10,1,28,8022,BTCUSDT,val_first,,0.34856430902714397,3.4543556044767665,59,0.9984633234321934,True,,,,,,,11.0,4.0,10.23728813559322,4.0,14.0,0.6949152542372882,0.3050847457627119
sw_lints,corr,z48_a0p5_corr_pruned_top10,1,28,8022,BTCUSDT,val_second,,-3.0796100527594628,4.192707819843166,63,0.6587577429012811,True,,,,,,,12.0,5.0,9.222222222222221,4.0,10.0,0.7142857142857143,0.2857142857142857
sw_lints,corr,z48_a0p5_corr_pruned_top10,1,28,8022,ETHUSDT,val,2000.0,-7.97838135233917,10.191969160838443,167,0.6652208513720556,True,0.503,0.2275,0.33399999999999996,0.666,1.0,0.995,7.5,4.0,6.023952095808383,4.0,5.0,0.8862275449101796,0.11377245508982035
sw_lints,corr,z48_a0p5_corr_pruned_top10,1,28,8022,ETHUSDT,val_first,,-3.534187527655175,6.3831560192595616,84,0.6886315228047133,True,,,,,,,8.0,4.0,6.0476190476190474,4.0,5.0,0.8690476190476191,0.13095238095238096
sw_lints,corr,z48_a0p5_corr_pruned_top10,1,28,8022,ETHUSDT,val_second,,-4.607014351284366,7.976253753247898,83,0.6450866049816874,True,,,,,,,7.0,4.0,6.0,4.0,4.5,0.9036144578313253,0.0963855421686747
sw_lints,corr,z48_a0p5_corr_pruned_top10,1,28,8022,SOLUSDT,val,2000.0,-8.327096520500598,9.8738236363746,126,0.631224670768341,True,0.484,0.145,0.252,0.748,1.0,0.995,10.0,4.0,7.682539682539683,4.0,7.0,0.7777777777777778,0.2222222222222222
sw_lints,corr,z48_a0p5_corr_pruned_top10,1,28,8022,SOLUSDT,val_first,,-0.5629802616354485,5.598839380970522,70,0.8938446931350571,True,,,,,,,10.0,4.0,7.6571428571428575,4.0,7.75,0.7714285714285715,0.22857142857142856
sw_lints,corr,z48_a0p5_corr_pruned_top10,1,28,8022,SOLUSDT,val_second,,-7.808074175285872,8.628956385617126,56,0.3884593401531062,True,,,,,,,10.0,4.0,7.714285714285714,4.0,7.0,0.7857142857142857,0.21428571428571427
sw_lints,corr,z48_a0p5_corr_pruned_top10,1,28,8023,BTCUSDT,val,2000.0,-0.3323993674262504,4.407204862422553,119,0.9506774076166621,True,0.605,0.0985,0.23950000000000005,0.7605,1.0,0.995,12.0,5.0,9.92436974789916,4.0,11.0,0.6974789915966386,0.3025210084033613
sw_lints,corr,z48_a0p5_corr_pruned_top10,1,28,8023,BTCUSDT,val_first,,0.13930270845983195,4.407204862422553,60,0.969546944760172,True,,,,,,,10.0,5.5,10.433333333333334,4.0,14.0,0.7,0.3
sw_lints,corr,z48_a0p5_corr_pruned_top10,1,28,8023,BTCUSDT,val_second,,-0.4710458961945885,2.509719916310116,59,0.9286718012022455,True,,,,,,,13.0,5.0,9.40677966101695,4.0,11.0,0.6949152542372882,0.3050847457627119
sw_lints,corr,z48_a0p5_corr_pruned_top10,1,28,8023,ETHUSDT,val,2000.0,-6.001328935806716,8.369702339907203,163,0.7178097035019275,True,0.5075,0.209,0.32599999999999996,0.674,1.0,0.995,8.0,4.0,6.226993865030675,4.0,5.0,0.8650306748466258,0.13496932515337423
sw_lints,corr,z48_a0p5_corr_pruned_top10,1,28,8023,ETHUSDT,val_first,,-2.2760150556141223,5.25297665903024,86,0.7555929024183959,True,,,,,,,7.5,4.0,5.77906976744186,4.0,5.0,0.872093023255814,0.12790697674418605
sw_lints,corr,z48_a0p5_corr_pruned_top10,1,28,8023,ETHUSDT,val_second,,-3.8120773342518066,6.35348482604281,76,0.6715708971531924,True,,,,,,,8.0,4.0,6.552631578947368,4.0,5.0,0.868421052631579,0.13157894736842105
sw_lints,corr,z48_a0p5_corr_pruned_top10,1,28,8023,SOLUSDT,val,2000.0,-9.951848257005835,11.63468344526043,138,0.6026110936267137,True,0.4785,0.1675,0.27549999999999997,0.7245,1.0,0.995,8.0,4.0,6.934782608695652,4.0,6.0,0.8115942028985508,0.18840579710144928
sw_lints,corr,z48_a0p5_corr_pruned_top10,1,28,8023,SOLUSDT,val_first,,-0.11495754512111933,5.8216087133032834,74,0.9256719973348253,True,,,,,,,9.0,4.0,7.027027027027027,4.0,6.75,0.7837837837837838,0.21621621621621623
sw_lints,corr,z48_a0p5_corr_pruned_top10,1,28,8023,SOLUSDT,val_second,,-9.848211974609056,10.016097148107061,64,0.33095728826151005,True,,,,,,,8.0,4.0,6.828125,4.0,5.25,0.84375,0.15625
sw_lints,corr,z48_a0p5_corr_pruned_top10,1,28,8024,BTCUSDT,val,2000.0,-3.6825620779668333,4.610823791840801,134,0.760364555508663,True,0.5925,0.1115,0.26949999999999996,0.7305,1.0,0.995,10.0,5.0,8.626865671641792,4.0,9.75,0.746268656716418,0.2537313432835821
sw_lints,corr,z48_a0p5_corr_pruned_top10,1,28,8024,BTCUSDT,val_first,,-1.3949840068743224,3.8958531794956452,65,0.8048906968615512,True,,,,,,,11.0,6.0,8.861538461538462,4.0,10.0,0.7384615384615385,0.26153846153846155
sw_lints,corr,z48_a0p5_corr_pruned_top10,1,28,8024,BTCUSDT,val_second,,-2.3199408752714867,4.4235333928044245,69,0.7115764518292259,True,,,,,,,10.0,5.0,8.405797101449275,4.0,9.0,0.7536231884057971,0.2463768115942029
sw_lints,corr,z48_a0p5_corr_pruned_top10,1,28,8024,ETHUSDT,val,2000.0,-8.349740409012597,10.772034873947467,166,0.6512980496496197,True,0.49,0.2295,0.3335,0.6665,1.0,0.995,8.0,4.0,5.879518072289157,4.0,5.0,0.8855421686746988,0.1144578313253012
sw_lints,corr,z48_a0p5_corr_pruned_top10,1,28,8024,ETHUSDT,val_first,,-3.5844532543649166,6.718311556959799,86,0.6776591419234348,True,,,,,,,8.0,4.0,5.767441860465116,4.0,4.75,0.8837209302325582,0.11627906976744186
sw_lints,corr,z48_a0p5_corr_pruned_top10,1,28,8024,ETHUSDT,val_second,,-4.942446851667537,8.051728004378344,80,0.6287484695607239,True,,,,,,,8.0,4.0,6.0,4.0,5.25,0.8875,0.1125
sw_lints,corr,z48_a0p5_corr_pruned_top10,1,28,8024,SOLUSDT,val,2000.0,-12.557474726643392,14.761889086569358,149,0.5592643755140982,True,0.4835,0.1775,0.29800000000000004,0.702,1.0,0.995,9.0,4.0,6.489932885906041,4.0,6.0,0.8322147651006712,0.16778523489932887
sw_lints,corr,z48_a0p5_corr_pruned_top10,1,28,8024,SOLUSDT,val_first,,-1.278258374178054,6.152790100893091,77,0.8528485229367637,True,,,,,,,10.0,4.0,6.714285714285714,4.0,7.0,0.8051948051948052,0.19480519480519481
sw_lints,corr,z48_a0p5_corr_pruned_top10,1,28,8024,SOLUSDT,val_second,,-11.4252607041883,12.328755479875609,72,0.3514643872047784,True,,,,,,,8.0,4.0,6.25,4.0,5.25,0.8611111111111112,0.1388888888888889
sw_lints,corr,z48_a0p5_corr_pruned_top10,2,16,8000,BTCUSDT,val,2000.0,-1.8982307077592075,3.789328244349899,126,0.852934165235964,True,0.586,0.109,0.25349999999999995,0.7465,1.0,0.995,11.0,5.0,9.071428571428571,4.0,9.75,0.746031746031746,0.25396825396825395
sw_lints,corr,z48_a0p5_corr_pruned_top10,2,16,8000,BTCUSDT,val_first,,0.0865457297858363,3.6839358518555465,61,0.965667435241296,True,,,,,,,11.0,6.0,9.508196721311476,4.0,13.0,0.7049180327868853,0.29508196721311475
sw_lints,corr,z48_a0p5_corr_pruned_top10,2,16,8000,BTCUSDT,val_second,,-1.9830601836370199,3.789328244349899,65,0.7431535736939304,True,,,,,,,11.0,5.0,8.661538461538461,4.0,8.0,0.7846153846153846,0.2153846153846154
sw_lints,corr,z48_a0p5_corr_pruned_top10,2,16,8000,ETHUSDT,val,2000.0,-7.355509950736949,9.844263468800719,175,0.6856996661411822,True,0.4935,0.2345,0.35,0.65,1.0,0.995,8.0,4.0,5.64,4.0,5.0,0.9142857142857143,0.08571428571428572
sw_lints,corr,z48_a0p5_corr_pruned_top10,2,16,8000,ETHUSDT,val_first,,-3.5631617777983404,5.72781756189732,93,0.693499767602844,True,,,,,,,7.0,4.0,5.397849462365591,4.0,5.0,0.9247311827956989,0.07526881720430108
sw_lints,corr,z48_a0p5_corr_pruned_top10,2,16,8000,ETHUSDT,val_second,,-3.932468383296217,7.332366174472449,82,0.6785261699620317,True,,,,,,,8.0,4.0,5.914634146341464,4.0,5.0,0.9024390243902439,0.0975609756097561
sw_lints,corr,z48_a0p5_corr_pruned_top10,2,16,8000,SOLUSDT,val,2000.0,-11.912863124848084,13.00212386830375,139,0.5485681460614875,True,0.4755,0.167,0.27749999999999997,0.7225,1.0,0.995,9.0,4.0,6.841726618705036,4.0,7.0,0.7985611510791367,0.2014388489208633
sw_lints,corr,z48_a0p5_corr_pruned_top10,2,16,8000,SOLUSDT,val_first,,-2.3266616995336498,6.960057762198824,73,0.7771219326182477,True,,,,,,,10.5,4.0,7.1506849315068495,4.0,9.0,0.7534246575342466,0.2465753424657534
sw_lints,corr,z48_a0p5_corr_pruned_top10,2,16,8000,SOLUSDT,val_second,,-9.814552867871695,9.987217009225546,66,0.35801603685165795,True,,,,,,,8.0,4.0,6.5,4.0,5.0,0.8484848484848485,0.15151515151515152
sw_lints,corr,z48_a0p5_corr_pruned_top10,2,16,8001,BTCUSDT,val,2000.0,-2.6786825519243163,5.044399524143106,123,0.8078816782308057,True,0.5975,0.1025,0.24750000000000005,0.7525,1.0,0.995,10.0,5.0,9.479674796747968,4.0,9.0,0.7560975609756098,0.24390243902439024
sw_lints,corr,z48_a0p5_corr_pruned_top10,2,16,8001,BTCUSDT,val_first,,1.5161462243399093,2.776163987190605,60,1.1654215103496723,True,,,,,,,9.0,4.0,10.183333333333334,4.0,8.0,0.8,0.2
sw_lints,corr,z48_a0p5_corr_pruned_top10,2,16,8001,BTCUSDT,val_second,,-4.132178901860694,4.94968792951288,63,0.5481765223874122,True,,,,,,,12.0,5.0,8.80952380952381,4.0,10.5,0.7142857142857143,0.2857142857142857
sw_lints,corr,z48_a0p5_corr_pruned_top10,2,16,8001,ETHUSDT,val,2000.0,-7.854265551079265,10.754697033012906,175,0.6774428321263034,True,0.49,0.2535,0.35,0.65,1.0,0.995,7.0,4.0,5.6,4.0,5.0,0.9028571428571428,0.09714285714285714
sw_lints,corr,z48_a0p5_corr_pruned_top10,2,16,8001,ETHUSDT,val_first,,-1.7732827673045182,4.457585634176054,84,0.8117202974798894,True,,,,,,,8.0,4.0,5.833333333333333,4.0,5.0,0.8690476190476191,0.13095238095238096
sw_lints,corr,z48_a0p5_corr_pruned_top10,2,16,8001,ETHUSDT,val_second,,-6.190762508502767,9.143555357176158,91,0.5741608107581452,True,,,,,,,7.0,4.0,5.384615384615385,4.0,4.0,0.9340659340659341,0.06593406593406594
sw_lints,corr,z48_a0p5_corr_pruned_top10,2,16,8001,SOLUSDT,val,2000.0,-6.57412434214204,8.103317369574913,142,0.7200371284842428,True,0.4675,0.175,0.2855,0.7145,1.0,0.995,8.5,4.0,6.556338028169014,4.0,6.0,0.823943661971831,0.176056338028169
sw_lints,corr,z48_a0p5_corr_pruned_top10,2,16,8001,SOLUSDT,val_first,,-0.7768776068961314,6.0152796629765914,77,0.8837413116992378,True,,,,,,,9.0,4.0,6.64935064935065,4.0,6.0,0.7922077922077922,0.2077922077922078
sw_lints,corr,z48_a0p5_corr_pruned_top10,2,16,8001,SOLUSDT,val_second,,-5.842636872762652,6.350454173691378,65,0.552718279993014,True,,,,,,,8.0,4.0,6.446153846153846,4.0,5.0,0.8615384615384616,0.13846153846153847
sw_lints,corr,z48_a0p5_corr_pruned_top10,2,16,8002,BTCUSDT,val,2000.0,-1.8567499967099277,4.429627341329723,122,0.8533611262398308,True,0.611,0.107,0.24550000000000005,0.7545,1.0,0.995,11.0,5.0,9.778688524590164,4.0,9.75,0.7459016393442623,0.2540983606557377
sw_lints,corr,z48_a0p5_corr_pruned_top10,2,16,8002,BTCUSDT,val_first,,1.6915857903318177,3.280477624024114,58,1.1428854083698199,True,,,,,,,9.0,4.5,10.775862068965518,4.0,8.75,0.7586206896551724,0.2413793103448276
sw_lints,corr,z48_a0p5_corr_pruned_top10,2,16,8002,BTCUSDT,val_second,,-3.4893110963553187,4.429627341329723,64,0.5819079425452887,True,,,,,,,12.0,5.0,8.875,4.0,10.0,0.734375,0.265625
sw_lints,corr,z48_a0p5_corr_pruned_top10,2,16,8002,ETHUSDT,val,2000.0,-6.452413136877599,9.473212077786764,172,0.7068018031905895,True,0.504,0.2335,0.344,0.656,1.0,0.995,8.0,4.0,5.8604651162790695,4.0,5.0,0.9069767441860465,0.09302325581395349
sw_lints,corr,z48_a0p5_corr_pruned_top10,2,16,8002,ETHUSDT,val_first,,-2.4018480714321666,5.581863473647486,90,0.7682548373148689,True,,,,,,,8.0,4.0,5.777777777777778,4.0,5.0,0.8888888888888888,0.1111111111111111
sw_lints,corr,z48_a0p5_corr_pruned_top10,2,16,8002,ETHUSDT,val_second,,-4.150247710028399,8.003605629961164,82,0.6500914294279357,True,,,,,,,7.0,4.0,5.951219512195122,4.0,5.0,0.926829268292683,0.07317073170731707
sw_lints,corr,z48_a0p5_corr_pruned_top10,2,16,8002,SOLUSDT,val,2000.0,-10.460922380587522,11.247047093271146,140,0.5912622121137704,True,0.473,0.1705,0.27949999999999997,0.7205,1.0,0.995,10.0,4.0,6.757142857142857,4.0,6.25,0.8285714285714286,0.17142857142857143
sw_lints,corr,z48_a0p5_corr_pruned_top10,2,16,8002,SOLUSDT,val_first,,-0.489569563863701,4.573907345253236,72,0.9018907621975,True,,,,,,,10.0,4.0,6.916666666666667,4.0,7.25,0.7916666666666666,0.20833333333333334
sw_lints,corr,z48_a0p5_corr_pruned_top10,2,16,8002,SOLUSDT,val_second,,-10.020409692753995,10.499280721690097,68,0.36384161579743857,True,,,,,,,9.0,4.0,6.588235294117647,4.0,5.25,0.8676470588235294,0.1323529411764706
sw_lints,corr,z48_a0p5_corr_pruned_top10,2,16,8003,BTCUSDT,val,2000.0,-2.99316565255644,5.081467159236286,127,0.79775781190176,True,0.579,0.107,0.25549999999999995,0.7445,1.0,0.995,11.0,5.0,8.88976377952756,4.0,9.5,0.7480314960629921,0.25196850393700787
sw_lints,corr,z48_a0p5_corr_pruned_top10,2,16,8003,BTCUSDT,val_first,,0.8812118359653676,2.988918603306845,65,1.0675189352414607,True,,,,,,,11.0,5.0,8.907692307692308,4.0,11.0,0.7230769230769231,0.27692307692307694
sw_lints,corr,z48_a0p5_corr_pruned_top10,2,16,8003,BTCUSDT,val_second,,-3.8405342461801717,4.503623118818734,62,0.5702926283884026,True,,,,,,,11.0,5.0,8.870967741935484,4.0,9.0,0.7741935483870968,0.22580645161290322
sw_lints,corr,z48_a0p5_corr_pruned_top10,2,16,8003,ETHUSDT,val,2000.0,-5.927767793117833,8.869390894565543,174,0.7230436936547565,True,0.5055,0.2555,0.34950000000000003,0.6505,1.0,0.995,7.0,4.0,5.787356321839081,4.0,4.0,0.896551724137931,0.10344827586206896
sw_lints,corr,z48_a0p5_corr_pruned_top10,2,16,8003,ETHUSDT,val_first,,-2.7060517522516925,5.810383825116405,85,0.7350859491224669,True,,,,,,,9.0,4.0,6.08235294117647,4.0,5.0,0.8588235294117647,0.1411764705882353
sw_lints,corr,z48_a0p5_corr_pruned_top10,2,16,8003,ETHUSDT,val_second,,-3.3113221314262975,6.9404128740059186,89,0.7115744741369889,True,,,,,,,7.0,4.0,5.50561797752809,4.0,4.0,0.9325842696629213,0.06741573033707865
sw_lints,corr,z48_a0p5_corr_pruned_top10,2,16,8003,SOLUSDT,val,2000.0,-10.737652723722658,11.67352761055519,129,0.542267666273013,True,0.483,0.15,0.258,0.742,1.0,0.995,10.0,4.0,7.48062015503876,4.0,7.0,0.7984496124031008,0.20155038759689922
sw_lints,corr,z48_a0p5_corr_pruned_top10,2,16,8003,SOLUSDT,val_first,,-2.0137275654083298,6.9123691735970105,70,0.7908433862718569,True,,,,,,,10.0,4.0,7.7,4.0,8.0,0.7714285714285715,0.22857142857142856
sw_lints,corr,z48_a0p5_corr_pruned_top10,2,16,8003,SOLUSDT,val_second,,-8.903211584191828,9.198026408904747,59,0.30708209437814443,True,,,,,,,9.0,4.0,7.220338983050848,4.0,5.5,0.8305084745762712,0.1694915254237288
sw_lints,corr,z48_a0p5_corr_pruned_top10,2,16,8004,BTCUSDT,val,2000.0,-4.318408137703955,5.318411789913391,133,0.7276031892291293,True,0.596,0.109,0.26749999999999996,0.7325,1.0,0.995,11.0,5.0,8.924812030075188,4.0,10.0,0.7443609022556391,0.2556390977443609
sw_lints,corr,z48_a0p5_corr_pruned_top10,2,16,8004,BTCUSDT,val_first,,-0.9101388541229771,3.8296031327786473,67,0.8558585437941845,True,,,,,,,9.5,4.0,8.686567164179104,4.0,9.5,0.746268656716418,0.2537313432835821
sw_lints,corr,z48_a0p5_corr_pruned_top10,2,16,8004,BTCUSDT,val_second,,-3.4395741846518835,5.318411789913391,66,0.5910976636755737,True,,,,,,,11.0,5.0,9.166666666666666,4.0,9.75,0.7424242424242424,0.25757575757575757
sw_lints,corr,z48_a0p5_corr_pruned_top10,2,16,8004,ETHUSDT,val,2000.0,-6.710155333834933,9.392597710357965,176,0.7010784067566251,True,0.5055,0.251,0.352,0.648,1.0,0.995,8.0,4.0,5.744318181818182,4.0,5.0,0.8977272727272727,0.10227272727272728
sw_lints,corr,z48_a0p5_corr_pruned_top10,2,16,8004,ETHUSDT,val_first,,-3.307755387998501,6.275678079244662,90,0.6959233324682326,True,,,,,,,8.0,4.0,5.777777777777778,4.0,5.0,0.8777777777777778,0.12222222222222222
sw_lints,corr,z48_a0p5_corr_pruned_top10,2,16,8004,ETHUSDT,val_second,,-3.5187930112588695,6.339794280788702,86,0.7056332143374519,True,,,,,,,7.0,4.0,5.709302325581396,4.0,4.0,0.9186046511627907,0.08139534883720931
sw_lints,corr,z48_a0p5_corr_pruned_top10,2,16,8004,SOLUSDT,val,2000.0,-9.020817875708676,10.410575691823809,151,0.639519832584418,True,0.4615,0.1965,0.3015,0.6985,1.0,0.995,8.0,4.0,6.112582781456954,4.0,5.0,0.847682119205298,0.152317880794702
sw_lints,corr,z48_a0p5_corr_pruned_top10,2,16,8004,SOLUSDT,val_first,,-1.4861057088765506,5.079810137506946,80,0.8364023481248991,True,,,,,,,9.0,4.0,6.225,4.0,6.0,0.825,0.175
sw_lints,corr,z48_a0p5_corr_pruned_top10,2,16,8004,SOLUSDT,val_second,,-7.648375105917459,8.853993157284679,71,0.4727553282419578,True,,,,,,,7.5,4.0,5.985915492957746,4.0,4.0,0.8732394366197183,0.1267605633802817
sw_lints,corr,z48_a0p5_corr_pruned_top10,2,16,8005,BTCUSDT,val,2000.0,-0.6520701780224014,4.641951316321902,137,0.9315228365664614,True,0.605,0.13,0.27549999999999997,0.7245,1.0,0.995,9.0,4.0,8.627737226277372,4.0,8.0,0.7956204379562044,0.20437956204379562
sw_lints,corr,z48_a0p5_corr_pruned_top10,2,16,8005,BTCUSDT,val_first,,2.1088454734257356,1.9811075902054887,64,1.254571446335194,True,,,,,,,9.0,4.0,9.53125,4.0,9.25,0.75,0.25
sw_lints,corr,z48_a0p5_corr_pruned_top10,2,16,8005,BTCUSDT,val_second,,-2.703894690657993,4.641951316321902,73,0.6938720966025517,True,,,,,,,9.0,4.0,7.835616438356165,4.0,7.0,0.8356164383561644,0.1643835616438356
sw_lints,corr,z48_a0p5_corr_pruned_top10,2,16,8005,ETHUSDT,val,2000.0,-8.301914350113348,11.146216114962726,167,0.6602003515083446,True,0.5,0.241,0.3355,0.6645,1.0,0.995,7.0,4.0,5.9640718562874255,4.0,5.0,0.8802395209580839,0.11976047904191617
sw_lints,corr,z48_a0p5_corr_pruned_top10,2,16,8005,ETHUSDT,val_first,,-3.9811115025288,6.571460904269211,82,0.6604381321113829,True,,,,,,,9.0,4.0,6.2439024390243905,4.0,5.0,0.8170731707317073,0.18292682926829268
sw_lints,corr,z48_a0p5_corr_pruned_top10,2,16,8005,ETHUSDT,val_second,,-4.4999509109068025,7.462182414892949,85,0.659986026035875,True,,,,,,,7.0,4.0,5.694117647058824,4.0,4.0,0.9411764705882353,0.058823529411764705
sw_lints,corr,z48_a0p5_corr_pruned_top10,2,16,8005,SOLUSDT,val,2000.0,-4.74625925403026,6.496859427093393,147,0.7751968836129397,True,0.471,0.1885,0.2935,0.7065,1.0,0.995,9.0,4.0,6.408163265306122,4.0,5.0,0.8367346938775511,0.16326530612244897
sw_lints,corr,z48_a0p5_corr_pruned_top10,2,16,8005,SOLUSDT,val_first,,-0.20304629145074804,4.329515666263795,77,0.9237249446636353,True,,,,,,,9.5,4.0,6.545454545454546,4.0,6.0,0.7922077922077922,0.2077922077922078
sw_lints,corr,z48_a0p5_corr_pruned_top10,2,16,8005,SOLUSDT,val_second,,-4.552456556787976,6.488840571467691,70,0.6340839007443361,True,,,,,,,7.0,4.0,6.257142857142857,4.0,4.0,0.8857142857142857,0.11428571428571428
sw_lints,corr,z48_a0p5_corr_pruned_top10,2,16,8006,BTCUSDT,val,2000.0,-2.5260272237531134,4.162004183461798,131,0.8222264610470396,True,0.5895,0.1125,0.26349999999999996,0.7365,1.0,0.995,11.0,5.0,8.778625954198473,4.0,9.0,0.7557251908396947,0.24427480916030533
sw_lints,corr,z48_a0p5_corr_pruned_top10,2,16,8006,BTCUSDT,val_first,,-0.20054882003301966,3.8930916716270914,66,0.9319212582557468,True,,,,,,,10.0,4.5,8.93939393939394,4.0,12.0,0.7424242424242424,0.25757575757575757
sw_lints,corr,z48_a0p5_corr_pruned_top10,2,16,8006,BTCUSDT,val_second,,-2.3301514950483937,4.162004183461798,65,0.714082431465395,True,,,,,,,11.0,5.0,8.615384615384615,4.0,9.0,0.7692307692307693,0.23076923076923078
sw_lints,corr,z48_a0p5_corr_pruned_top10,2,16,8006,ETHUSDT,val,2000.0,-7.84590795745409,10.562358041447084,175,0.6758609775547323,True,0.5005,0.254,0.35150000000000003,0.6485,1.0,0.995,7.0,4.0,5.6971428571428575,4.0,5.0,0.9028571428571428,0.09714285714285714
sw_lints,corr,z48_a0p5_corr_pruned_top10,2,16,8006,ETHUSDT,val_first,,-3.988899280475877,6.460515914043219,90,0.6677298819098122,True,,,,,,,7.0,4.0,5.766666666666667,4.0,4.75,0.8666666666666667,0.13333333333333333
sw_lints,corr,z48_a0p5_corr_pruned_top10,2,16,8006,ETHUSDT,val_second,,-4.017252846882402,6.893079689563941,85,0.6836495910316002,True,,,,,,,7.0,4.0,5.623529411764705,4.0,5.0,0.9411764705882353,0.058823529411764705
sw_lints,corr,z48_a0p5_corr_pruned_top10,2,16,8006,SOLUSDT,val,2000.0,-8.449409331222446,10.217842694369628,150,0.6575452379378907,True,0.465,0.1925,0.3015,0.6985,1.0,0.995,8.0,4.0,6.173333333333333,4.0,5.75,0.8733333333333333,0.12666666666666668
sw_lints,corr,z48_a0p5_corr_pruned_top10,2,16,8006,SOLUSDT,val_first,,-1.4946283459146947,4.604006116055038,78,0.8332469299320379,True,,,,,,,9.0,4.0,6.358974358974359,4.0,6.0,0.8461538461538461,0.15384615384615385
sw_lints,corr,z48_a0p5_corr_pruned_top10,2,16,8006,SOLUSDT,val_second,,-7.06030632494884,8.351234430926556,72,0.5033543712630624,True,,,,,,,7.0,4.0,5.972222222222222,4.0,5.0,0.9027777777777778,0.09722222222222222
sw_lints,corr,z48_a0p5_corr_pruned_top10,2,16,8007,BTCUSDT,val,2000.0,-2.59881086984991,4.47456663198349,128,0.803851561368593,True,0.595,0.11,0.25749999999999995,0.7425,1.0,0.995,10.0,4.5,9.0703125,4.0,10.0,0.734375,0.265625
sw_lints,corr,z48_a0p5_corr_pruned_top10,2,16,8007,BTCUSDT,val_first,,-1.011587698194627,4.47456663198349,63,0.8280365333738591,True,,,,,,,9.0,4.0,9.333333333333334,4.0,8.5,0.7619047619047619,0.23809523809523808
sw_lints,corr,z48_a0p5_corr_pruned_top10,2,16,8007,BTCUSDT,val_second,,-1.6034434079172821,3.9771927019254028,65,0.7785632409006974,True,,,,,,,11.0,5.0,8.815384615384616,4.0,10.0,0.7076923076923077,0.2923076923076923
sw_lints,corr,z48_a0p5_corr_pruned_top10,2,16,8007,ETHUSDT,val,2000.0,-6.526496054482966,9.895429872045458,164,0.71820709500359,True,0.4925,0.221,0.3295,0.6705,1.0,0.995,8.0,4.0,5.9817073170731705,4.0,5.0,0.8963414634146342,0.10365853658536585
sw_lints,corr,z48_a0p5_corr_pruned_top10,2,16,8007,ETHUSDT,val_first,,-2.9314590624889947,6.554677461957192,87,0.7375371795227701,True,,,,,,,8.0,4.0,5.724137931034483,4.0,5.0,0.9195402298850575,0.08045977011494253
sw_lints,corr,z48_a0p5_corr_pruned_top10,2,16,8007,ETHUSDT,val_second,,-3.7036067064285083,7.945731156374269,77,0.699971382229986,True,,,,,,,7.0,4.0,6.2727272727272725,4.0,5.0,0.8701298701298701,0.12987012987012986
sw_lints,corr,z48_a0p5_corr_pruned_top10,2,16,8007,SOLUSDT,val,2000.0,-7.622316677667484,9.876284929216684,135,0.6655597288070219,True,0.4855,0.155,0.26949999999999996,0.7305,1.0,0.995,10.0,4.0,7.192592592592592,4.0,8.0,0.7925925925925926,0.2074074074074074
sw_lints,corr,z48_a0p5_corr_pruned_top10,2,16,8007,SOLUSDT,val_first,,0.09246704078433865,4.757392479458744,72,0.9464876393912132,True,,,,,,,10.0,4.0,7.263888888888889,4.0,9.0,0.7777777777777778,0.2222222222222222
sw_lints,corr,z48_a0p5_corr_pruned_top10,2,16,8007,SOLUSDT,val_second,,-7.707656676409325,8.663036921154365,63,0.4400887195368673,True,,,,,,,9.5,4.0,7.111111111111111,4.0,5.5,0.8095238095238095,0.19047619047619047
sw_lints,corr,z48_a0p5_corr_pruned_top10,2,16,8008,BTCUSDT,val,2000.0,-1.7478315525530697,4.194350160191151,131,0.8705961658708543,True,0.586,0.112,0.26349999999999996,0.7365,1.0,0.995,11.0,5.0,8.717557251908397,4.0,9.0,0.7557251908396947,0.24427480916030533
sw_lints,corr,z48_a0p5_corr_pruned_top10,2,16,8008,BTCUSDT,val_first,,0.602751549313929,2.620277965751383,67,1.0352446763956373,True,,,,,,,9.0,5.0,8.686567164179104,4.0,8.5,0.7611940298507462,0.23880597014925373
sw_lints,corr,z48_a0p5_corr_pruned_top10,2,16,8008,BTCUSDT,val_second,,-2.336499813044146,4.194350160191151,64,0.717112360382167,True,,,,,,,11.0,5.0,8.75,4.0,9.25,0.75,0.25
sw_lints,corr,z48_a0p5_corr_pruned_top10,2,16,8008,ETHUSDT,val,2000.0,-8.769007783493233,10.197607555649224,171,0.6412840276381043,True,0.5035,0.2375,0.34199999999999997,0.658,1.0,0.995,8.0,4.0,5.888888888888889,4.0,5.0,0.8947368421052632,0.10526315789473684
sw_lints,corr,z48_a0p5_corr_pruned_top10,2,16,8008,ETHUSDT,val_first,,-4.093295277140285,6.998583782611922,87,0.6473079227290053,True,,,,,,,8.0,4.0,6.068965517241379,4.0,5.0,0.8735632183908046,0.12643678160919541
sw_lints,corr,z48_a0p5_corr_pruned_top10,2,16,8008,ETHUSDT,val_second,,-4.875271775695234,6.41160319917674,84,0.6361181923257915,True,,,,,,,8.0,4.0,5.7023809523809526,4.0,5.0,0.9166666666666666,0.08333333333333333
sw_lints,corr,z48_a0p5_corr_pruned_top10,2,16,8008,SOLUSDT,val,2000.0,-11.91735431221016,13.000895040186489,142,0.5443071826783558,True,0.4765,0.163,0.2835,0.7165,1.0,0.995,9.0,4.0,6.711267605633803,4.0,7.0,0.823943661971831,0.176056338028169
sw_lints,corr,z48_a0p5_corr_pruned_top10,2,16,8008,SOLUSDT,val_first,,-2.6383200217483416,7.651489916113674,75,0.756994837402022,True,,,,,,,10.0,4.0,6.96,4.0,8.0,0.7866666666666666,0.21333333333333335
sw_lints,corr,z48_a0p5_corr_pruned_top10,2,16,8008,SOLUSDT,val_second,,-9.530478821374633,9.664439992807782,67,0.3618825576539012,True,,,,,,,8.0,4.0,6.432835820895522,4.0,5.0,0.8656716417910447,0.13432835820895522
sw_lints,corr,z48_a0p5_corr_pruned_top10,2,16,8009,BTCUSDT,val,2000.0,0.07388499096447898,3.0789357976642284,129,0.9822710175871914,True,0.6055,0.119,0.25949999999999995,0.7405,1.0,0.995,9.0,4.0,9.170542635658915,4.0,8.0,0.7829457364341085,0.21705426356589147
sw_lints,corr,z48_a0p5_corr_pruned_top10,2,16,8009,BTCUSDT,val_first,,2.1898372469661975,2.3093580643889333,59,1.2794687499858566,True,,,,,,,9.0,4.0,10.711864406779661,4.0,7.5,0.7966101694915254,0.2033898305084746
sw_lints,corr,z48_a0p5_corr_pruned_top10,2,16,8009,BTCUSDT,val_second,,-2.070609282690228,3.0789357976642284,70,0.7608562067226423,True,,,,,,,9.0,5.0,7.871428571428571,4.0,7.75,0.7714285714285715,0.22857142857142856
sw_lints,corr,z48_a0p5_corr_pruned_top10,2,16,8009,ETHUSDT,val,2000.0,-6.961551142336941,8.306273120268258,168,0.6979352739995547,True,0.502,0.235,0.33599999999999997,0.664,1.0,0.995,7.0,4.0,5.976190476190476,4.0,5.0,0.8988095238095238,0.10119047619047619
sw_lints,corr,z48_a0p5_corr_pruned_top10,2,16,8009,ETHUSDT,val_first,,-1.6389456303974814,5.1264763620484715,86,0.822539411455525,True,,,,,,,8.0,4.0,6.0813953488372094,4.0,5.0,0.8604651162790697,0.13953488372093023
sw_lints,corr,z48_a0p5_corr_pruned_top10,2,16,8009,ETHUSDT,val_second,,-5.411293673143414,7.601284451264412,82,0.595261485068281,True,,,,,,,7.0,4.0,5.865853658536586,4.0,4.0,0.9390243902439024,0.06097560975609756
sw_lints,corr,z48_a0p5_corr_pruned_top10,2,16,8009,SOLUSDT,val,2000.0,-9.55700661960478,11.442960537937442,140,0.6115132931860611,True,0.481,0.171,0.27949999999999997,0.7205,1.0,0.995,9.0,4.0,6.871428571428571,4.0,6.0,0.8357142857142857,0.16428571428571428
sw_lints,corr,z48_a0p5_corr_pruned_top10,2,16,8009,SOLUSDT,val_first,,-1.0604540563656006,7.047890965483139,74,0.8629672664866461,True,,,,,,,10.0,4.0,7.175675675675675,4.0,8.0,0.8108108108108109,0.1891891891891892
sw_lints,corr,z48_a0p5_corr_pruned_top10,2,16,8009,SOLUSDT,val_second,,-8.587620331388667,8.600234285679953,66,0.38431125697186547,True,,,,,,,8.0,4.0,6.53030303030303,4.0,4.0,0.8636363636363636,0.13636363636363635
sw_lints,corr,z48_a0p5_corr_pruned_top10,2,16,8010,BTCUSDT,val,2000.0,-3.1628803965407903,5.376092886577322,129,0.7936457178608299,True,0.576,0.112,0.25949999999999995,0.7405,1.0,0.995,9.0,4.0,8.705426356589147,4.0,9.0,0.751937984496124,0.24806201550387597
sw_lints,corr,z48_a0p5_corr_pruned_top10,2,16,8010,BTCUSDT,val_first,,0.4643347543900278,3.371197285820837,64,1.0094184307224612,True,,,,,,,9.0,4.0,8.875,4.0,9.5,0.75,0.25
sw_lints,corr,z48_a0p5_corr_pruned_top10,2,16,8010,BTCUSDT,val_second,,-3.610450574125068,5.376092886577322,65,0.6125513005177948,True,,,,,,,9.0,5.0,8.538461538461538,4.0,9.0,0.7538461538461538,0.24615384615384617
sw_lints,corr,z48_a0p5_corr_pruned_top10,2,16,8010,ETHUSDT,val,2000.0,-6.155238037952504,10.144918823603977,157,0.7294110862589898,True,0.5095,0.205,0.3155,0.6845,1.0,0.995,8.0,4.0,6.464968152866242,4.0,6.0,0.8535031847133758,0.1464968152866242
sw_lints,corr,z48_a0p5_corr_pruned_top10,2,16,8010,ETHUSDT,val_first,,-3.4789162504437865,6.871077438196127,82,0.6784187672862507,True,,,,,,,9.0,4.0,6.109756097560975,4.0,6.0,0.8414634146341463,0.15853658536585366
sw_lints,corr,z48_a0p5_corr_pruned_top10,2,16,8010,ETHUSDT,val_second,,-2.772784643045434,7.142931677754594,74,0.7630775322326577,True,,,,,,,8.0,4.0,6.675675675675675,4.0,6.0,0.8783783783783784,0.12162162162162163
sw_lints,corr,z48_a0p5_corr_pruned_top10,2,16,8010,SOLUSDT,val,2000.0,-5.864995432398845,7.610781944341816,124,0.7090560566397464,True,0.483,0.1465,0.24750000000000005,0.7525,1.0,0.995,10.0,4.0,7.790322580645161,4.0,7.0,0.7903225806451613,0.20967741935483872
sw_lints,corr,z48_a0p5_corr_pruned_top10,2,16,8010,SOLUSDT,val_first,,0.047291152077511,5.348395183196186,66,0.9383275342825661,True,,,,,,,10.0,4.0,8.166666666666666,4.0,7.75,0.7727272727272727,0.22727272727272727
sw_lints,corr,z48_a0p5_corr_pruned_top10,2,16,8010,SOLUSDT,val_second,,-5.909491917666565,6.650320506536489,58,0.4727315279079792,True,,,,,,,9.0,4.0,7.362068965517241,4.0,5.5,0.8103448275862069,0.1896551724137931
sw_lints,corr,z48_a0p5_corr_pruned_top10,2,16,8011,BTCUSDT,val,2000.0,-4.3090147347710435,5.555109672248992,135,0.7310165993329143,True,0.5815,0.119,0.27149999999999996,0.7285,1.0,0.995,10.0,5.0,8.4,4.0,8.5,0.7555555555555555,0.24444444444444444
sw_lints,corr,z48_a0p5_corr_pruned_top10,2,16,8011,BTCUSDT,val_first,,-0.12470768923215081,3.5475914069417525,67,0.9411888420148591,True,,,,,,,10.0,5.0,8.791044776119403,4.0,10.5,0.7313432835820896,0.26865671641791045
sw_lints,corr,z48_a0p5_corr_pruned_top10,2,16,8011,BTCUSDT,val_second,,-4.189531713728723,5.469524042455554,68,0.558494258135364,True,,,,,,,10.0,5.0,8.014705882352942,4.0,8.0,0.7794117647058824,0.22058823529411764
sw_lints,corr,z48_a0p5_corr_pruned_top10,2,16,8011,ETHUSDT,val,2000.0,-7.183467096563234,10.086239152757381,166,0.6883486317203626,True,0.4875,0.238,0.3335,0.6665,1.0,0.995,7.0,4.0,5.849397590361446,4.0,4.75,0.9036144578313253,0.0963855421686747
sw_lints,corr,z48_a0p5_corr_pruned_top10,2,16,8011,ETHUSDT,val_first,,-2.9593100809888195,5.890548759400627,82,0.7137983832029497,True,,,,,,,8.0,4.0,6.024390243902439,4.0,5.0,0.8780487804878049,0.12195121951219512
sw_lints,corr,z48_a0p5_corr_pruned_top10,2,16,8011,ETHUSDT,val_second,,-4.352975044901108,7.766332911537354,84,0.667128699174115,True,,,,,,,7.0,4.0,5.678571428571429,4.0,4.0,0.9285714285714286,0.07142857142857142
sw_lints,corr,z48_a0p5_corr_pruned_top10,2,16,8011,SOLUSDT,val,2000.0,-12.26177959490984,14.00484908572681,144,0.5530707777610738,True,0.4715,0.1685,0.2895,0.7105,1.0,0.995,9.0,4.0,6.513888888888889,4.0,6.0,0.8472222222222222,0.1527777777777778
sw_lints,corr,z48_a0p5_corr_pruned_top10,2,16,8011,SOLUSDT,val_first,,-2.500459841509939,7.040518707589061,76,0.7640449377365144,True,,,,,,,10.0,4.0,6.75,4.0,7.0,0.8157894736842105,0.18421052631578946
sw_lints,corr,z48_a0p5_corr_pruned_top10,2,16,8011,SOLUSDT,val_second,,-10.011657221698089,10.757911731274817,68,0.38592934904726783,True,,,,,,,8.0,4.0,6.25,4.0,5.0,0.8823529411764706,0.11764705882352941
sw_lints,corr,z48_a0p5_corr_pruned_top10,2,16,8012,BTCUSDT,val,2000.0,-0.2490490722019123,3.565493286221344,117,0.9572920102314629,True,0.5975,0.1015,0.23550000000000004,0.7645,1.0,0.995,11.0,5.0,10.162393162393162,4.0,10.0,0.7350427350427351,0.26495726495726496
sw_lints,corr,z48_a0p5_corr_pruned_top10,2,16,8012,BTCUSDT,val_first,,1.1171074659737101,3.565493286221344,54,1.0803995108094666,True,,,,,,,8.0,4.5,11.425925925925926,4.0,8.75,0.7962962962962963,0.2037037037037037
sw_lints,corr,z48_a0p5_corr_pruned_top10,2,16,8012,BTCUSDT,val_second,,-1.3510637046608043,2.284823957168114,63,0.8427727658109646,True,,,,,,,13.0,5.0,9.079365079365079,4.0,11.0,0.6825396825396826,0.31746031746031744
sw_lints,corr,z48_a0p5_corr_pruned_top10,2,16,8012,ETHUSDT,val,2000.0,-6.656676277148876,9.372237468773159,184,0.7305303666521666,True,0.4885,0.2705,0.36950000000000005,0.6305,1.0,0.995,7.0,4.0,5.288043478260869,4.0,4.0,0.9239130434782609,0.07608695652173914
sw_lints,corr,z48_a0p5_corr_pruned_top10,2,16,8012,ETHUSDT,val_first,,-2.234807144744211,4.221884705590773,96,0.7895466187021668,True,,,,,,,7.0,4.0,5.1875,4.0,4.0,0.9166666666666666,0.08333333333333333
sw_lints,corr,z48_a0p5_corr_pruned_top10,2,16,8012,ETHUSDT,val_second,,-4.522948304261387,7.549534346542663,88,0.6834308917852222,True,,,,,,,7.0,4.0,5.3977272727272725,4.0,4.0,0.9318181818181818,0.06818181818181818
sw_lints,corr,z48_a0p5_corr_pruned_top10,2,16,8012,SOLUSDT,val,2000.0,-6.3149867180081865,8.071067386037466,145,0.7290571979873984,True,0.469,0.1815,0.2915,0.7085,1.0,0.995,9.0,4.0,6.441379310344828,4.0,6.0,0.8482758620689655,0.15172413793103448
sw_lints,corr,z48_a0p5_corr_pruned_top10,2,16,8012,SOLUSDT,val_first,,-1.2142008144949257,6.0005229623149585,77,0.8503168015043693,True,,,,,,,10.0,4.0,6.623376623376624,4.0,7.0,0.8181818181818182,0.18181818181818182
sw_lints,corr,z48_a0p5_corr_pruned_top10,2,16,8012,SOLUSDT,val_second,,-5.163480931034159,6.362345583982187,68,0.608346448162368,True,,,,,,,7.0,4.0,6.235294117647059,4.0,5.0,0.8823529411764706,0.11764705882352941
sw_lints,corr,z48_a0p5_corr_pruned_top10,2,16,8013,BTCUSDT,val,2000.0,0.5089622539537153,3.1422560634369434,128,1.0047382986476139,True,0.606,0.109,0.25749999999999995,0.7425,1.0,0.995,10.0,5.0,9.2421875,4.0,9.25,0.75,0.25
sw_lints,corr,z48_a0p5_corr_pruned_top10,2,16,8013,BTCUSDT,val_first,,1.2921040238478065,3.0037076166793297,61,1.116304722776267,True,,,,,,,9.0,4.0,9.885245901639344,4.0,9.0,0.7540983606557377,0.2459016393442623
sw_lints,corr,z48_a0p5_corr_pruned_top10,2,16,8013,BTCUSDT,val_second,,-0.7731518438097829,3.1422560634369434,67,0.8838182448955746,True,,,,,,,10.0,5.0,8.656716417910447,4.0,9.5,0.746268656716418,0.2537313432835821
sw_lints,corr,z48_a0p5_corr_pruned_top10,2,16,8013,ETHUSDT,val,2000.0,-7.6672347461418155,10.22714106635373,176,0.6827415705343352,True,0.501,0.2535,0.352,0.648,1.0,0.995,7.0,4.0,5.693181818181818,4.0,5.0,0.9090909090909091,0.09090909090909091
sw_lints,corr,z48_a0p5_corr_pruned_top10,2,16,8013,ETHUSDT,val_first,,-2.7433651612101873,5.856381673698696,85,0.7351341025281091,True,,,,,,,8.5,4.0,6.247058823529412,4.0,5.0,0.8588235294117647,0.1411764705882353
sw_lints,corr,z48_a0p5_corr_pruned_top10,2,16,8013,ETHUSDT,val_second,,-5.062759567091035,7.740969280967603,91,0.6426011542243503,True,,,,,,,7.0,4.0,5.175824175824176,4.0,4.0,0.9560439560439561,0.04395604395604396
sw_lints,corr,z48_a0p5_corr_pruned_top10,2,16,8013,SOLUSDT,val,2000.0,-9.685215461317053,10.530911982380154,134,0.6272119416550602,True,0.4745,0.1625,0.26949999999999996,0.7305,1.0,0.995,9.5,4.0,7.052238805970149,4.0,6.75,0.7985074626865671,0.20149253731343283
sw_lints,corr,z48_a0p5_corr_pruned_top10,2,16,8013,SOLUSDT,val_first,,-0.36970952582130456,4.4123604384282755,74,0.9109361193993619,True,,,,,,,10.0,4.0,6.918918918918919,4.0,6.75,0.7837837837837838,0.21621621621621623
sw_lints,corr,z48_a0p5_corr_pruned_top10,2,16,8013,SOLUSDT,val_second,,-9.350074049929692,9.455539357787435,60,0.3919046059775769,True,,,,,,,9.0,4.0,7.216666666666667,4.0,6.25,0.8166666666666667,0.18333333333333332
sw_lints,corr,z48_a0p5_corr_pruned_top10,2,16,8014,BTCUSDT,val,2000.0,-2.121400988487354,4.028453656349429,124,0.8552171839186823,True,0.5945,0.0955,0.24950000000000006,0.7505,1.0,0.995,11.0,5.0,9.540322580645162,4.0,11.0,0.7258064516129032,0.27419354838709675
sw_lints,corr,z48_a0p5_corr_pruned_top10,2,16,8014,BTCUSDT,val_first,,0.8589169338297564,3.4993310643257503,62,1.0510441879256855,True,,,,,,,10.0,5.5,9.548387096774194,4.0,10.5,0.7419354838709677,0.25806451612903225
sw_lints,corr,z48_a0p5_corr_pruned_top10,2,16,8014,BTCUSDT,val_second,,-2.9549374640542747,3.9543890448920593,62,0.6470099090680341,True,,,,,,,12.0,5.0,9.53225806451613,4.0,10.75,0.7096774193548387,0.2903225806451613
sw_lints,corr,z48_a0p5_corr_pruned_top10,2,16,8014,ETHUSDT,val,2000.0,-8.559953488912786,10.25230220359532,166,0.6439312294603455,True,0.4905,0.2185,0.33199999999999996,0.668,1.0,0.995,8.0,4.0,5.909638554216867,4.0,5.0,0.891566265060241,0.10843373493975904
sw_lints,corr,z48_a0p5_corr_pruned_top10,2,16,8014,ETHUSDT,val_first,,-2.7191595563603954,5.9265016723755615,84,0.740479527926322,True,,,,,,,8.0,4.0,5.928571428571429,4.0,5.0,0.8809523809523809,0.11904761904761904
sw_lints,corr,z48_a0p5_corr_pruned_top10,2,16,8014,ETHUSDT,val_second,,-6.004053733413517,8.056438840390701,82,0.5657333816356076,True,,,,,,,7.0,4.0,5.890243902439025,4.0,5.0,0.9024390243902439,0.0975609756097561
sw_lints,corr,z48_a0p5_corr_pruned_top10,2,16,8014,SOLUSDT,val,2000.0,-11.71027632956837,12.474214976478082,143,0.5435594784270837,True,0.4825,0.1725,0.28600000000000003,0.714,1.0,0.995,9.0,4.0,6.748251748251748,4.0,8.0,0.8111888111888111,0.1888111888111888
sw_lints,corr,z48_a0p5_corr_pruned_top10,2,16,8014,SOLUSDT,val_first,,-2.7274659745503804,7.230782920210411,72,0.753098933259882,True,,,,,,,10.0,4.0,7.347222222222222,4.0,9.25,0.75,0.25
sw_lints,corr,z48_a0p5_corr_pruned_top10,2,16,8014,SOLUSDT,val_second,,-9.234683197075755,9.367551461714175,71,0.34894638947744144,True,,,,,,,7.0,4.0,6.140845070422535,4.0,4.0,0.8732394366197183,0.1267605633802817
sw_lints,corr,z48_a0p5_corr_pruned_top10,2,16,8015,BTCUSDT,val,2000.0,-0.5664616571191439,3.5868075176965553,130,0.9352930198722172,True,0.596,0.1265,0.26149999999999995,0.7385,1.0,0.995,9.5,4.0,8.953846153846154,4.0,8.0,0.7846153846153846,0.2153846153846154
sw_lints,corr,z48_a0p5_corr_pruned_top10,2,16,8015,BTCUSDT,val_first,,1.7598907705361988,2.311871607580762,65,1.198201405862507,True,,,,,,,9.0,4.0,9.153846153846153,4.0,8.0,0.7846153846153846,0.2153846153846154
sw_lints,corr,z48_a0p5_corr_pruned_top10,2,16,8015,BTCUSDT,val_second,,-2.286119226386707,3.5868075176965553,65,0.6974132787034052,True,,,,,,,10.0,5.0,8.753846153846155,4.0,8.0,0.7846153846153846,0.2153846153846154
sw_lints,corr,z48_a0p5_corr_pruned_top10,2,16,8015,ETHUSDT,val,2000.0,-8.807487286565308,10.791073265220897,172,0.6371596619505003,True,0.495,0.2505,0.344,0.656,1.0,0.995,8.0,4.0,5.755813953488372,4.0,5.0,0.8837209302325582,0.11627906976744186
sw_lints,corr,z48_a0p5_corr_pruned_top10,2,16,8015,ETHUSDT,val_first,,-3.234423452434698,6.119575111332864,84,0.689016087182655,True,,,,,,,9.0,4.0,6.059523809523809,4.0,5.0,0.8333333333333334,0.16666666666666666
sw_lints,corr,z48_a0p5_corr_pruned_top10,2,16,8015,ETHUSDT,val_second,,-5.759345454208253,7.809233492317114,88,0.5982687526158664,True,,,,,,,7.0,4.0,5.465909090909091,4.0,4.0,0.9318181818181818,0.06818181818181818
sw_lints,corr,z48_a0p5_corr_pruned_top10,2,16,8015,SOLUSDT,val,2000.0,-9.681047527215792,11.485681894052524,140,0.6181700614857092,True,0.4765,0.164,0.27949999999999997,0.7205,1.0,0.995,9.0,4.0,6.807142857142857,4.0,6.0,0.8214285714285714,0.17857142857142858
sw_lints,corr,z48_a0p5_corr_pruned_top10,2,16,8015,SOLUSDT,val_first,,-0.9536413206324479,6.253032384802115,76,0.8699185466323937,True,,,,,,,8.0,4.0,6.7368421052631575,4.0,6.25,0.8157894736842105,0.18421052631578946
sw_lints,corr,z48_a0p5_corr_pruned_top10,2,16,8015,SOLUSDT,val_second,,-8.811435698343717,9.031187169289446,64,0.40357290720127326,True,,,,,,,9.0,4.0,6.890625,4.0,5.25,0.828125,0.171875
sw_lints,corr,z48_a0p5_corr_pruned_top10,2,16,8016,BTCUSDT,val,2000.0,-3.4062307454904794,5.2887408400053015,136,0.7811659227192772,True,0.5995,0.1175,0.27349999999999997,0.7265,1.0,0.995,10.0,4.0,8.610294117647058,4.0,9.0,0.7573529411764706,0.2426470588235294
sw_lints,corr,z48_a0p5_corr_pruned_top10,2,16,8016,BTCUSDT,val_first,,0.033350672226628575,3.887095485122538,67,0.9614060710367686,True,,,,,,,11.0,4.0,8.82089552238806,4.0,11.5,0.7164179104477612,0.2835820895522388
sw_lints,corr,z48_a0p5_corr_pruned_top10,2,16,8016,BTCUSDT,val_second,,-3.438434676638358,5.2887408400053015,69,0.6025246869089459,True,,,,,,,9.0,5.0,8.405797101449275,4.0,9.0,0.7971014492753623,0.2028985507246377
sw_lints,corr,z48_a0p5_corr_pruned_top10,2,16,8016,ETHUSDT,val,2000.0,-8.427496672297519,10.081208347274329,174,0.6361482711676435,True,0.491,0.2495,0.348,0.652,1.0,0.995,8.0,4.0,5.64367816091954,4.0,5.0,0.9022988505747126,0.09770114942528736
sw_lints,corr,z48_a0p5_corr_pruned_top10,2,16,8016,ETHUSDT,val_first,,-4.2413621555307035,6.877747068525952,88,0.6195167867858958,True,,,,,,,8.0,4.0,5.704545454545454,4.0,4.0,0.8636363636363636,0.13636363636363635
sw_lints,corr,z48_a0p5_corr_pruned_top10,2,16,8016,ETHUSDT,val_second,,-4.371547685928778,6.242939297905615,86,0.6506790653453972,True,,,,,,,7.0,4.0,5.5813953488372094,4.0,5.0,0.9418604651162791,0.05813953488372093
sw_lints,corr,z48_a0p5_corr_pruned_top10,2,16,8016,SOLUSDT,val,2000.0,-10.666280664980333,12.202226536262295,140,0.5883000860160131,True,0.4775,0.165,0.27949999999999997,0.7205,1.0,0.995,9.0,4.0,6.821428571428571,4.0,7.0,0.8142857142857143,0.18571428571428572
sw_lints,corr,z48_a0p5_corr_pruned_top10,2,16,8016,SOLUSDT,val_first,,-0.9713171059168801,6.620310815103725,72,0.8678760949339008,True,,,,,,,10.0,4.0,7.347222222222222,4.0,9.0,0.7638888888888888,0.2361111111111111
sw_lints,corr,z48_a0p5_corr_pruned_top10,2,16,8016,SOLUSDT,val_second,,-9.790056048137863,10.520562707240721,68,0.37501137389069744,True,,,,,,,7.0,4.0,6.264705882352941,4.0,4.0,0.8676470588235294,0.1323529411764706
sw_lints,corr,z48_a0p5_corr_pruned_top10,2,16,8017,BTCUSDT,val,2000.0,-2.1214124255065636,4.3978288331590125,133,0.8320521650880516,True,0.599,0.128,0.26749999999999996,0.7325,1.0,0.995,9.0,4.0,8.789473684210526,4.0,8.0,0.8120300751879699,0.18796992481203006
sw_lints,corr,z48_a0p5_corr_pruned_top10,2,16,8017,BTCUSDT,val_first,,-0.1668679242727622,4.231224374158982,64,0.9187995569566489,True,,,,,,,10.0,4.0,9.125,4.0,8.0,0.796875,0.203125
sw_lints,corr,z48_a0p5_corr_pruned_top10,2,16,8017,BTCUSDT,val_second,,-1.9578114605792396,4.3978288331590125,69,0.7429804182154303,True,,,,,,,9.0,5.0,8.478260869565217,4.0,8.0,0.8260869565217391,0.17391304347826086
sw_lints,corr,z48_a0p5_corr_pruned_top10,2,16,8017,ETHUSDT,val,2000.0,-8.62503986532147,10.042677788930854,171,0.6354894860715823,True,0.493,0.233,0.34199999999999997,0.658,1.0,0.995,8.0,4.0,5.766081871345029,4.0,5.0,0.9064327485380117,0.0935672514619883
sw_lints,corr,z48_a0p5_corr_pruned_top10,2,16,8017,ETHUSDT,val_first,,-2.98737562316691,6.066454853887137,89,0.7230745318852291,True,,,,,,,8.0,4.0,5.51685393258427,4.0,5.0,0.898876404494382,0.10112359550561797
sw_lints,corr,z48_a0p5_corr_pruned_top10,2,16,8017,ETHUSDT,val_second,,-5.8112686656695,8.03055717745812,82,0.5626491119940125,True,,,,,,,7.0,4.0,6.036585365853658,4.0,5.0,0.9146341463414634,0.08536585365853659
sw_lints,corr,z48_a0p5_corr_pruned_top10,2,16,8017,SOLUSDT,val,2000.0,-8.197865821283601,9.670727286824388,138,0.6543701719240925,True,0.465,0.1725,0.276,0.724,1.0,0.995,9.0,4.0,6.739130434782608,4.0,6.0,0.8333333333333334,0.16666666666666666
sw_lints,corr,z48_a0p5_corr_pruned_top10,2,16,8017,SOLUSDT,val_first,,1.3856320779076947,4.124942505162199,74,1.0468867100796841,True,,,,,,,10.0,4.0,6.743243243243243,4.0,7.5,0.8108108108108109,0.1891891891891892
sw_lints,corr,z48_a0p5_corr_pruned_top10,2,16,8017,SOLUSDT,val_second,,-9.452520739651805,9.670727286824388,64,0.3763664503849487,True,,,,,,,8.0,4.0,6.734375,4.0,5.0,0.859375,0.140625
sw_lints,corr,z48_a0p5_corr_pruned_top10,2,16,8018,BTCUSDT,val,2000.0,-2.7161514061302183,4.755386382962367,118,0.7982764218555848,True,0.6125,0.098,0.23750000000000004,0.7625,1.0,0.995,11.5,5.0,10.135593220338983,4.0,10.0,0.7372881355932204,0.2627118644067797
sw_lints,corr,z48_a0p5_corr_pruned_top10,2,16,8018,BTCUSDT,val_first,,0.25420780945915045,4.755386382962367,52,0.967881220709792,True,,,,,,,11.0,4.5,12.096153846153847,4.0,12.5,0.7115384615384616,0.28846153846153844
sw_lints,corr,z48_a0p5_corr_pruned_top10,2,16,8018,BTCUSDT,val_second,,-2.962827476762653,4.516846982734202,66,0.6311354566797067,True,,,,,,,11.5,5.0,8.590909090909092,4.0,9.0,0.7575757575757576,0.24242424242424243
sw_lints,corr,z48_a0p5_corr_pruned_top10,2,16,8018,ETHUSDT,val,2000.0,-8.097822633733598,10.733443611664528,178,0.6679846236047516,True,0.494,0.2685,0.35750000000000004,0.6425,1.0,0.995,7.0,4.0,5.52808988764045,4.0,4.0,0.9157303370786517,0.08426966292134831
sw_lints,corr,z48_a0p5_corr_pruned_top10,2,16,8018,ETHUSDT,val_first,,-2.4559834064067143,5.642355054491787,89,0.7675784684903725,True,,,,,,,8.0,4.0,5.752808988764045,4.0,4.0,0.8876404494382022,0.11235955056179775
sw_lints,corr,z48_a0p5_corr_pruned_top10,2,16,8018,ETHUSDT,val_second,,-5.7838906212289825,8.485871808770185,89,0.5843047947196628,True,,,,,,,7.0,4.0,5.303370786516854,4.0,4.0,0.9438202247191011,0.056179775280898875
sw_lints,corr,z48_a0p5_corr_pruned_top10,2,16,8018,SOLUSDT,val,2000.0,-6.759632122322079,9.15732846064362,138,0.709520755335644,True,0.47,0.1725,0.27749999999999997,0.7225,1.0,0.995,10.0,4.0,6.782608695652174,4.0,6.0,0.8188405797101449,0.18115942028985507
sw_lints,corr,z48_a0p5_corr_pruned_top10,2,16,8018,SOLUSDT,val_first,,-0.9484072833817359,4.912931747885974,72,0.8712057946748804,True,,,,,,,10.0,4.0,6.958333333333333,4.0,8.0,0.8055555555555556,0.19444444444444445
sw_lints,corr,z48_a0p5_corr_pruned_top10,2,16,8018,SOLUSDT,val_second,,-5.8668666293594685,7.732071795932239,66,0.5704765391873368,True,,,,,,,8.5,4.0,6.590909090909091,4.0,5.75,0.8333333333333334,0.16666666666666666
sw_lints,corr,z48_a0p5_corr_pruned_top10,2,16,8019,BTCUSDT,val,2000.0,-1.517707559006054,4.016778388436581,124,0.8657599092792507,True,0.602,0.109,0.24950000000000006,0.7505,1.0,0.995,10.5,5.0,9.475806451612904,4.0,9.0,0.7580645161290323,0.24193548387096775
sw_lints,corr,z48_a0p5_corr_pruned_top10,2,16,8019,BTCUSDT,val_first,,0.3652517390084986,4.016778388436581,59,0.9858248112939746,True,,,,,,,9.5,4.0,10.135593220338983,4.0,8.0,0.7796610169491526,0.22033898305084745
sw_lints,corr,z48_a0p5_corr_pruned_top10,2,16,8019,BTCUSDT,val_second,,-1.8761067853553914,3.776503640017359,65,0.7523421357600522,True,,,,,,,11.0,5.0,8.876923076923077,4.0,10.0,0.7384615384615385,0.26153846153846155
sw_lints,corr,z48_a0p5_corr_pruned_top10,2,16,8019,ETHUSDT,val,2000.0,-7.910467537397015,9.930888748591682,181,0.6765355336059535,True,0.485,0.258,0.36350000000000005,0.6365,1.0,0.995,7.0,4.0,5.337016574585635,4.0,4.0,0.9226519337016574,0.07734806629834254
sw_lints,corr,z48_a0p5_corr_pruned_top10,2,16,8019,ETHUSDT,val_first,,-3.186531553469263,5.416771748201277,92,0.7199695601972365,True,,,,,,,7.0,4.0,5.184782608695652,4.0,4.0,0.9130434782608695,0.08695652173913043
sw_lints,corr,z48_a0p5_corr_pruned_top10,2,16,8019,ETHUSDT,val_second,,-4.879420249814448,7.382770877904276,88,0.6476061097143387,True,,,,,,,7.0,4.0,5.511363636363637,4.0,5.0,0.9318181818181818,0.06818181818181818
sw_lints,corr,z48_a0p5_corr_pruned_top10,2,16,8019,SOLUSDT,val,2000.0,-8.605038475321958,9.2688870399523,139,0.64922401534578,True,0.477,0.1605,0.27749999999999997,0.7225,1.0,0.995,10.0,4.0,6.863309352517986,4.0,7.0,0.7985611510791367,0.2014388489208633
sw_lints,corr,z48_a0p5_corr_pruned_top10,2,16,8019,SOLUSDT,val_first,,-1.198582570239226,4.532950278487668,74,0.8550593269305421,True,,,,,,,10.0,4.0,6.891891891891892,4.0,7.75,0.7837837837837838,0.21621621621621623
sw_lints,corr,z48_a0p5_corr_pruned_top10,2,16,8019,SOLUSDT,val_second,,-7.496305313988117,8.084324491171424,65,0.46894007618969824,True,,,,,,,8.5,4.0,6.8307692307692305,4.0,6.0,0.8153846153846154,0.18461538461538463
sw_lints,corr,z48_a0p5_corr_pruned_top10,2,16,8020,BTCUSDT,val,2000.0,-3.559370989609534,4.223168770823593,127,0.7657412898188373,True,0.587,0.108,0.25549999999999995,0.7445,1.0,0.995,11.0,5.0,9.015748031496063,4.0,9.5,0.7480314960629921,0.25196850393700787
sw_lints,corr,z48_a0p5_corr_pruned_top10,2,16,8020,BTCUSDT,val_first,,-0.9041470781947947,4.223168770823593,63,0.8585778593377892,True,,,,,,,9.5,5.0,9.285714285714286,4.0,11.0,0.7142857142857143,0.2857142857142857
sw_lints,corr,z48_a0p5_corr_pruned_top10,2,16,8020,BTCUSDT,val_second,,-2.679450081034096,4.1209755634929675,64,0.6609895374662833,True,,,,,,,11.0,5.0,8.75,4.0,9.0,0.78125,0.21875
sw_lints,corr,z48_a0p5_corr_pruned_top10,2,16,8020,ETHUSDT,val,2000.0,-10.688424434605992,12.880531312502807,158,0.5989483863919522,True,0.503,0.204,0.3175,0.6825,1.0,0.995,8.0,4.0,6.341772151898734,4.0,6.0,0.8734177215189873,0.12658227848101267
sw_lints,corr,z48_a0p5_corr_pruned_top10,2,16,8020,ETHUSDT,val_first,,-3.410198781159768,6.705099032181739,81,0.6867609189736799,True,,,,,,,8.0,4.0,6.185185185185185,4.0,5.0,0.8641975308641975,0.13580246913580246
sw_lints,corr,z48_a0p5_corr_pruned_top10,2,16,8020,ETHUSDT,val_second,,-7.535190632555711,9.804692019074013,76,0.5197511139274451,True,,,,,,,8.0,4.0,6.328947368421052,4.0,6.0,0.8947368421052632,0.10526315789473684
sw_lints,corr,z48_a0p5_corr_pruned_top10,2,16,8020,SOLUSDT,val,2000.0,-6.566896653376563,8.633699529415162,138,0.7163443991299961,True,0.4755,0.1615,0.27749999999999997,0.7225,1.0,0.995,9.5,4.0,6.86231884057971,4.0,6.0,0.8043478260869565,0.1956521739130435
sw_lints,corr,z48_a0p5_corr_pruned_top10,2,16,8020,SOLUSDT,val_first,,0.17611295404611482,4.521555132323107,74,0.9403443407959494,True,,,,,,,9.0,4.0,6.905405405405405,4.0,7.75,0.7837837837837838,0.21621621621621623
sw_lints,corr,z48_a0p5_corr_pruned_top10,2,16,8020,SOLUSDT,val_second,,-6.7311551712092355,7.662720493644737,64,0.5138755509850423,True,,,,,,,9.5,4.0,6.8125,4.0,6.0,0.828125,0.171875
sw_lints,corr,z48_a0p5_corr_pruned_top10,2,16,8021,BTCUSDT,val,2000.0,-1.7066526897558942,3.9766113173871798,134,0.8744553752267872,True,0.591,0.1225,0.26949999999999996,0.7305,1.0,0.995,11.0,4.0,8.604477611940299,4.0,9.0,0.7761194029850746,0.22388059701492538
sw_lints,corr,z48_a0p5_corr_pruned_top10,2,16,8021,BTCUSDT,val_first,,0.4717175593122125,3.6313491139148057,67,1.0062053013651684,True,,,,,,,9.5,4.0,8.805970149253731,4.0,9.0,0.7611940298507462,0.23880597014925373
sw_lints,corr,z48_a0p5_corr_pruned_top10,2,16,8021,BTCUSDT,val_second,,-2.168142739057022,3.9766113173871798,67,0.7337103469219557,True,,,,,,,11.0,5.0,8.402985074626866,4.0,8.5,0.7910447761194029,0.208955223880597
sw_lints,corr,z48_a0p5_corr_pruned_top10,2,16,8021,ETHUSDT,val,2000.0,-8.939679030247294,11.690217909025314,173,0.6203924188964863,True,0.5,0.2345,0.346,0.654,1.0,0.995,8.0,4.0,5.780346820809249,4.0,5.0,0.9190751445086706,0.08092485549132948
sw_lints,corr,z48_a0p5_corr_pruned_top10,2,16,8021,ETHUSDT,val_first,,-4.496349713626168,6.7715438159816514,90,0.607549281312009,True,,,,,,,8.0,4.0,5.444444444444445,4.0,5.0,0.9333333333333333,0.06666666666666667
sw_lints,corr,z48_a0p5_corr_pruned_top10,2,16,8021,ETHUSDT,val_second,,-4.6525230222064895,7.53255836172535,82,0.6238636177103245,True,,,,,,,7.0,4.0,5.987804878048781,4.0,4.75,0.9146341463414634,0.08536585365853659
sw_lints,corr,z48_a0p5_corr_pruned_top10,2,16,8021,SOLUSDT,val,2000.0,-11.44347726060454,13.030348385876579,135,0.567811183912825,True,0.4845,0.162,0.26949999999999996,0.7305,1.0,0.995,9.0,4.0,7.177777777777778,4.0,7.0,0.8074074074074075,0.1925925925925926
sw_lints,corr,z48_a0p5_corr_pruned_top10,2,16,8021,SOLUSDT,val_first,,-1.8470878971987514,7.21308204217419,69,0.8114652435979217,True,,,,,,,10.0,4.0,7.927536231884058,4.0,8.0,0.7681159420289855,0.2318840579710145
sw_lints,corr,z48_a0p5_corr_pruned_top10,2,16,8021,SOLUSDT,val_second,,-9.776978754695465,9.789428589938087,66,0.3661447459625409,True,,,,,,,7.0,4.0,6.393939393939394,4.0,5.0,0.8484848484848485,0.15151515151515152
sw_lints,corr,z48_a0p5_corr_pruned_top10,2,16,8022,BTCUSDT,val,2000.0,-0.9229865142710181,4.0128080120065075,123,0.9045507267229713,True,0.609,0.1055,0.24750000000000005,0.7525,1.0,0.995,10.0,5.0,9.666666666666666,4.0,8.5,0.7560975609756098,0.24390243902439024
sw_lints,corr,z48_a0p5_corr_pruned_top10,2,16,8022,BTCUSDT,val_first,,0.5291709668644451,4.0128080120065075,60,1.0049707998568331,True,,,,,,,9.0,4.0,10.183333333333334,4.0,8.0,0.7833333333333333,0.21666666666666667
sw_lints,corr,z48_a0p5_corr_pruned_top10,2,16,8022,BTCUSDT,val_second,,-1.4445135348963745,3.483705898802525,63,0.7988213285493867,True,,,,,,,12.0,5.0,9.174603174603174,4.0,10.0,0.7301587301587301,0.2698412698412698
sw_lints,corr,z48_a0p5_corr_pruned_top10,2,16,8022,ETHUSDT,val,2000.0,-6.617775296081785,8.604228382586598,182,0.7118620563279979,True,0.497,0.2605,0.364,0.636,1.0,0.995,8.0,4.0,5.461538461538462,4.0,4.75,0.9175824175824175,0.08241758241758242
sw_lints,corr,z48_a0p5_corr_pruned_top10,2,16,8022,ETHUSDT,val_first,,-0.7115812896049456,3.319588648092331,91,0.9024454435343571,True,,,,,,,8.0,4.0,5.549450549450549,4.0,5.0,0.8901098901098901,0.10989010989010989
sw_lints,corr,z48_a0p5_corr_pruned_top10,2,16,8022,ETHUSDT,val_second,,-5.948522580165216,7.949212199665467,90,0.6018651780483041,True,,,,,,,7.0,4.0,5.388888888888889,4.0,4.0,0.9444444444444444,0.05555555555555555
sw_lints,corr,z48_a0p5_corr_pruned_top10,2,16,8022,SOLUSDT,val,2000.0,-7.281177492106405,9.152642175004544,135,0.6770302801863209,True,0.482,0.1605,0.26949999999999996,0.7305,1.0,0.995,8.0,4.0,7.140740740740741,4.0,7.0,0.8074074074074075,0.1925925925925926
sw_lints,corr,z48_a0p5_corr_pruned_top10,2,16,8022,SOLUSDT,val_first,,-0.7902182852895234,6.362987885496207,73,0.8818662367864741,True,,,,,,,9.5,4.0,7.397260273972603,4.0,8.0,0.7808219178082192,0.2191780821917808
sw_lints,corr,z48_a0p5_corr_pruned_top10,2,16,8022,SOLUSDT,val_second,,-6.542660506483533,6.822311421780524,62,0.480004707295539,True,,,,,,,8.0,4.0,6.838709677419355,4.0,5.0,0.8387096774193549,0.16129032258064516
sw_lints,corr,z48_a0p5_corr_pruned_top10,2,16,8023,BTCUSDT,val,2000.0,-1.0773390476125133,4.226321909620657,131,0.9007394688990742,True,0.607,0.1225,0.26349999999999996,0.7365,1.0,0.995,9.0,5.0,9.045801526717558,4.0,8.0,0.7709923664122137,0.22900763358778625
sw_lints,corr,z48_a0p5_corr_pruned_top10,2,16,8023,BTCUSDT,val_first,,-0.009721467878387458,4.226321909620657,67,0.9445996833669329,True,,,,,,,9.0,4.0,8.970149253731343,4.0,7.0,0.8059701492537313,0.19402985074626866
sw_lints,corr,z48_a0p5_corr_pruned_top10,2,16,8023,BTCUSDT,val_second,,-1.0677213779249017,3.0606508135538113,64,0.8392358698022868,True,,,,,,,10.5,5.0,9.125,4.0,10.0,0.734375,0.265625
sw_lints,corr,z48_a0p5_corr_pruned_top10,2,16,8023,ETHUSDT,val,2000.0,-7.709594481273174,9.362577526238336,176,0.675682931057892,True,0.488,0.2405,0.352,0.648,1.0,0.995,8.0,4.0,5.545454545454546,4.0,5.0,0.9147727272727273,0.08522727272727272
sw_lints,corr,z48_a0p5_corr_pruned_top10,2,16,8023,ETHUSDT,val_first,,-2.118329015475684,5.160525657240234,88,0.780244644659476,True,,,,,,,9.0,4.0,5.6022727272727275,4.0,5.0,0.8863636363636364,0.11363636363636363
sw_lints,corr,z48_a0p5_corr_pruned_top10,2,16,8023,ETHUSDT,val_second,,-5.712270141650421,7.401026604774685,88,0.6004111471169777,True,,,,,,,7.0,4.0,5.488636363636363,4.0,5.0,0.9431818181818182,0.056818181818181816
sw_lints,corr,z48_a0p5_corr_pruned_top10,2,16,8023,SOLUSDT,val,2000.0,-10.60093444966097,12.387129505161187,145,0.5870820458133711,True,0.487,0.1655,0.2895,0.7105,1.0,0.995,9.0,4.0,6.7172413793103445,4.0,7.0,0.8206896551724138,0.1793103448275862
sw_lints,corr,z48_a0p5_corr_pruned_top10,2,16,8023,SOLUSDT,val_first,,-1.4459685382981924,6.49121332087208,75,0.8346009731738295,True,,,,,,,10.0,4.0,7.053333333333334,4.0,8.5,0.7733333333333333,0.22666666666666666
sw_lints,corr,z48_a0p5_corr_pruned_top10,2,16,8023,SOLUSDT,val_second,,-9.289286065299528,9.78230121043836,70,0.39753060633705495,True,,,,,,,8.0,4.0,6.357142857142857,4.0,5.0,0.8714285714285714,0.12857142857142856
sw_lints,corr,z48_a0p5_corr_pruned_top10,2,16,8024,BTCUSDT,val,2000.0,-0.5613046761490548,3.448417522068159,122,0.9270638101704696,True,0.606,0.1125,0.24550000000000005,0.7545,1.0,0.995,9.0,5.0,9.69672131147541,4.0,9.0,0.7704918032786885,0.22950819672131148
sw_lints,corr,z48_a0p5_corr_pruned_top10,2,16,8024,BTCUSDT,val_first,,0.9739002657558338,3.448417522068159,61,1.0646801870201292,True,,,,,,,9.0,4.0,9.80327868852459,4.0,7.0,0.8032786885245902,0.19672131147540983
sw_lints,corr,z48_a0p5_corr_pruned_top10,2,16,8024,BTCUSDT,val_second,,-1.5203977838474492,3.136535197124901,61,0.7751161591950377,True,,,,,,,11.0,5.0,9.59016393442623,4.0,10.0,0.7377049180327869,0.26229508196721313
sw_lints,corr,z48_a0p5_corr_pruned_top10,2,16,8024,ETHUSDT,val,2000.0,-7.971405181046731,10.2315487593017,160,0.6659876336047985,True,0.5155,0.2135,0.3215,0.6785,1.0,0.995,8.0,4.0,6.41875,4.0,5.0,0.85625,0.14375
sw_lints,corr,z48_a0p5_corr_pruned_top10,2,16,8024,ETHUSDT,val_first,,-3.992010943071944,7.616596131669251,83,0.6493902853757255,True,,,,,,,8.0,4.0,6.168674698795181,4.0,5.0,0.8554216867469879,0.14457831325301204
sw_lints,corr,z48_a0p5_corr_pruned_top10,2,16,8024,ETHUSDT,val_second,,-4.14485739891417,7.295822018670983,76,0.670345557295089,True,,,,,,,7.0,4.0,6.5131578947368425,4.0,5.0,0.868421052631579,0.13157894736842105
sw_lints,corr,z48_a0p5_corr_pruned_top10,2,16,8024,SOLUSDT,val,2000.0,-10.236824375983101,11.400330639698787,139,0.5930185279535539,True,0.483,0.1695,0.278,0.722,1.0,0.995,9.0,4.0,6.9496402877697845,4.0,7.0,0.8201438848920863,0.17985611510791366
sw_lints,corr,z48_a0p5_corr_pruned_top10,2,16,8024,SOLUSDT,val_first,,-1.591510822116049,6.037919917912616,71,0.8288981162416394,True,,,,,,,10.5,4.0,7.492957746478873,4.0,9.0,0.7605633802816901,0.23943661971830985
sw_lints,corr,z48_a0p5_corr_pruned_top10,2,16,8024,SOLUSDT,val_second,,-8.785129846104756,9.036090416434451,68,0.38007805486609486,True,,,,,,,7.0,4.0,6.382352941176471,4.0,4.0,0.8823529411764706,0.11764705882352941
sw_lints,corr,z48_a0p5_corr_pruned_top10,3,6,8000,BTCUSDT,val,2000.0,-2.1217095892652638,4.8894220335517495,125,0.8411180249610678,True,0.5905,0.1065,0.25149999999999995,0.7485,1.0,0.995,11.0,5.0,9.216,4.0,11.0,0.712,0.288
sw_lints,corr,z48_a0p5_corr_pruned_top10,3,6,8000,BTCUSDT,val_first,,0.5621048934228767,2.925756662858048,65,1.0209906834858518,True,,,,,,,9.5,4.0,8.876923076923077,4.0,13.0,0.7230769230769231,0.27692307692307694
sw_lints,corr,z48_a0p5_corr_pruned_top10,3,6,8000,BTCUSDT,val_second,,-2.668812954474742,4.8894220335517495,60,0.6603962305376052,True,,,,,,,13.0,5.0,9.583333333333334,4.0,11.0,0.7,0.3
sw_lints,corr,z48_a0p5_corr_pruned_top10,3,6,8000,ETHUSDT,val,2000.0,-11.018533361975758,12.888628497460953,174,0.5641364966187301,True,0.486,0.2505,0.34950000000000003,0.6505,1.0,0.995,7.0,4.0,5.563218390804598,4.0,4.0,0.9310344827586207,0.06896551724137931
sw_lints,corr,z48_a0p5_corr_pruned_top10,3,6,8000,ETHUSDT,val_first,,-4.310510306658966,7.668529977705029,90,0.623297932192149,True,,,,,,,7.0,4.0,5.555555555555555,4.0,4.0,0.9222222222222223,0.07777777777777778
sw_lints,corr,z48_a0p5_corr_pruned_top10,3,6,8000,ETHUSDT,val_second,,-7.010198378959053,8.964535413756069,84,0.5147290232573755,True,,,,,,,7.0,4.0,5.571428571428571,4.0,4.0,0.9404761904761905,0.05952380952380952
sw_lints,corr,z48_a0p5_corr_pruned_top10,3,6,8000,SOLUSDT,val,2000.0,-8.841036468179153,10.74192008600563,135,0.6247368723327565,True,0.486,0.159,0.26949999999999996,0.7305,1.0,0.995,9.0,4.0,7.2,4.0,7.0,0.8074074074074075,0.1925925925925926
sw_lints,corr,z48_a0p5_corr_pruned_top10,3,6,8000,SOLUSDT,val_first,,-0.292097167783556,5.7278461624267525,71,0.9175606980868277,True,,,,,,,10.0,4.0,7.647887323943662,4.0,9.0,0.7605633802816901,0.23943661971830985
sw_lints,corr,z48_a0p5_corr_pruned_top10,3,6,8000,SOLUSDT,val_second,,-8.57398366384392,8.96098466911056,64,0.38528093346117576,True,,,,,,,7.0,4.0,6.703125,4.0,5.0,0.859375,0.140625
sw_lints,corr,z48_a0p5_corr_pruned_top10,3,6,8001,BTCUSDT,val,2000.0,-1.370318896553202,3.917311035070792,116,0.8809211106045444,True,0.613,0.0975,0.23350000000000004,0.7665,1.0,0.995,11.0,5.0,10.318965517241379,4.0,9.0,0.7586206896551724,0.2413793103448276
sw_lints,corr,z48_a0p5_corr_pruned_top10,3,6,8001,BTCUSDT,val_first,,1.3248254664067538,3.5052115080366986,54,1.125629179327722,True,,,,,,,9.0,4.5,11.88888888888889,4.0,8.75,0.7962962962962963,0.2037037037037037
sw_lints,corr,z48_a0p5_corr_pruned_top10,3,6,8001,BTCUSDT,val_second,,-2.6599052606841145,3.917311035070792,62,0.649677331492523,True,,,,,,,12.0,5.0,8.951612903225806,4.0,10.0,0.7258064516129032,0.27419354838709675
sw_lints,corr,z48_a0p5_corr_pruned_top10,3,6,8001,ETHUSDT,val,2000.0,-9.400634075128323,12.005121950917975,180,0.6326885866825952,True,0.4995,0.2555,0.36,0.64,1.0,0.995,8.0,4.0,5.55,4.0,4.25,0.9333333333333333,0.06666666666666667
sw_lints,corr,z48_a0p5_corr_pruned_top10,3,6,8001,ETHUSDT,val_first,,-3.6043009825405536,6.695117497366132,93,0.6855239247278573,True,,,,,,,8.0,4.0,5.526881720430108,4.0,5.0,0.9247311827956989,0.07526881720430108
sw_lints,corr,z48_a0p5_corr_pruned_top10,3,6,8001,ETHUSDT,val_second,,-6.013061943290565,8.71493339848688,87,0.590793277830375,True,,,,,,,7.0,4.0,5.574712643678161,4.0,4.0,0.9425287356321839,0.05747126436781609
sw_lints,corr,z48_a0p5_corr_pruned_top10,3,6,8001,SOLUSDT,val,2000.0,-7.606297470834244,9.62717955762713,146,0.6678775233468852,True,0.4795,0.1825,0.2915,0.7085,1.0,0.995,9.0,4.0,6.568493150684931,4.0,6.0,0.8424657534246576,0.15753424657534246
sw_lints,corr,z48_a0p5_corr_pruned_top10,3,6,8001,SOLUSDT,val_first,,-1.6089796704614523,6.069930203200435,75,0.820975260052253,True,,,,,,,9.5,4.0,6.866666666666666,4.0,7.5,0.8,0.2
sw_lints,corr,z48_a0p5_corr_pruned_top10,3,6,8001,SOLUSDT,val_second,,-6.095391408978312,7.098407964726627,71,0.5301064227688306,True,,,,,,,7.0,4.0,6.253521126760563,4.0,5.0,0.8873239436619719,0.11267605633802817
sw_lints,corr,z48_a0p5_corr_pruned_top10,3,6,8002,BTCUSDT,val,2000.0,-2.8645206111030164,5.074447729422637,121,0.8089810951093636,True,0.591,0.0925,0.24350000000000005,0.7565,1.0,0.995,11.0,5.0,9.520661157024794,4.0,11.0,0.7024793388429752,0.2975206611570248
sw_lints,corr,z48_a0p5_corr_pruned_top10,3,6,8002,BTCUSDT,val_first,,0.7585865661977831,3.54332869803089,57,1.0472767994875811,True,,,,,,,12.0,6.0,10.43859649122807,4.0,14.0,0.6491228070175439,0.3508771929824561
sw_lints,corr,z48_a0p5_corr_pruned_top10,3,6,8002,BTCUSDT,val_second,,-3.5958296962814718,4.731413095199355,64,0.6098359294569277,True,,,,,,,10.5,5.0,8.703125,4.0,9.25,0.75,0.25
sw_lints,corr,z48_a0p5_corr_pruned_top10,3,6,8002,ETHUSDT,val,2000.0,-7.374307363921561,10.332816184191474,167,0.6795721727486013,True,0.496,0.23,0.33399999999999996,0.666,1.0,0.995,8.0,4.0,5.940119760479042,4.0,5.0,0.8982035928143712,0.10179640718562874
sw_lints,corr,z48_a0p5_corr_pruned_top10,3,6,8002,ETHUSDT,val_first,,-3.3832150939436367,6.28851317206911,84,0.6922963066036589,True,,,,,,,8.0,4.0,6.107142857142857,4.0,5.0,0.8690476190476191,0.13095238095238096
sw_lints,corr,z48_a0p5_corr_pruned_top10,3,6,8002,ETHUSDT,val_second,,-4.130847734023224,7.755533866474307,83,0.6684505018130489,True,,,,,,,7.5,4.0,5.771084337349397,4.0,5.0,0.927710843373494,0.07228915662650602
sw_lints,corr,z48_a0p5_corr_pruned_top10,3,6,8002,SOLUSDT,val,2000.0,-9.129614759561422,11.491461300617022,138,0.6537036092086039,True,0.4815,0.161,0.27749999999999997,0.7225,1.0,0.995,9.0,4.0,6.949275362318841,4.0,6.0,0.8188405797101449,0.18115942028985507
sw_lints,corr,z48_a0p5_corr_pruned_top10,3,6,8002,SOLUSDT,val_first,,0.3901075953444355,4.2793620856644505,75,0.9673293400360737,True,,,,,,,9.0,4.0,6.826666666666667,4.0,6.0,0.8,0.2
sw_lints,corr,z48_a0p5_corr_pruned_top10,3,6,8002,SOLUSDT,val_second,,-9.48272950685366,10.91766699927108,63,0.4291075070203114,True,,,,,,,8.0,4.0,7.095238095238095,4.0,6.0,0.8412698412698413,0.15873015873015872
sw_lints,corr,z48_a0p5_corr_pruned_top10,3,6,8003,BTCUSDT,val,2000.0,-0.24912129139955663,2.938970751018055,123,0.9575855837396962,True,0.604,0.106,0.24750000000000005,0.7525,1.0,0.995,12.0,5.0,9.585365853658537,4.0,11.0,0.7073170731707317,0.2926829268292683
sw_lints,corr,z48_a0p5_corr_pruned_top10,3,6,8003,BTCUSDT,val_first,,0.19366036272874254,2.938970751018055,60,0.9760836992177436,True,,,,,,,13.0,4.5,10.0,4.0,11.75,0.6833333333333333,0.31666666666666665
sw_lints,corr,z48_a0p5_corr_pruned_top10,3,6,8003,BTCUSDT,val_second,,-0.44192581898425676,2.8148239199268343,63,0.9334767781036685,True,,,,,,,11.0,5.0,9.19047619047619,4.0,10.0,0.7301587301587301,0.2698412698412698
sw_lints,corr,z48_a0p5_corr_pruned_top10,3,6,8003,ETHUSDT,val,2000.0,-7.369361641749805,10.906002743831388,154,0.6786899291493083,True,0.5045,0.185,0.30800000000000005,0.692,1.0,0.995,9.0,4.0,6.5519480519480515,4.0,6.0,0.8571428571428571,0.14285714285714285
sw_lints,corr,z48_a0p5_corr_pruned_top10,3,6,8003,ETHUSDT,val_first,,-3.8125857245553285,7.315517190048726,81,0.6526393566025487,True,,,,,,,9.0,4.0,6.148148148148148,4.0,5.0,0.8641975308641975,0.13580246913580246
sw_lints,corr,z48_a0p5_corr_pruned_top10,3,6,8003,ETHUSDT,val_second,,-3.697756035949984,7.491198562564483,72,0.6937605534779113,True,,,,,,,9.0,4.0,6.833333333333333,4.0,6.25,0.8611111111111112,0.1388888888888889
sw_lints,corr,z48_a0p5_corr_pruned_top10,3,6,8003,SOLUSDT,val,2000.0,-8.93023076758288,10.288249619845502,139,0.622753345790132,True,0.478,0.1605,0.27749999999999997,0.7225,1.0,0.995,9.0,4.0,6.877697841726619,4.0,7.0,0.7985611510791367,0.2014388489208633
sw_lints,corr,z48_a0p5_corr_pruned_top10,3,6,8003,SOLUSDT,val_first,,-2.023040409266641,6.246658271840566,74,0.7980884636287523,True,,,,,,,10.0,4.0,6.9324324324324325,4.0,7.75,0.7837837837837838,0.21621621621621623
sw_lints,corr,z48_a0p5_corr_pruned_top10,3,6,8003,SOLUSDT,val_second,,-7.049810881220209,7.632778307905863,65,0.4520290357693218,True,,,,,,,8.5,4.0,6.815384615384615,4.0,6.0,0.8153846153846154,0.18461538461538463
sw_lints,corr,z48_a0p5_corr_pruned_top10,3,6,8004,BTCUSDT,val,2000.0,-1.704558685782831,4.357560566364627,129,0.8573688880963223,True,0.6065,0.1175,0.25949999999999995,0.7405,1.0,0.995,9.0,5.0,9.178294573643411,4.0,7.0,0.7829457364341085,0.21705426356589147
sw_lints,corr,z48_a0p5_corr_pruned_top10,3,6,8004,BTCUSDT,val_first,,0.16918138727097798,4.357560566364627,63,0.9600432987313894,True,,,,,,,9.0,4.0,9.619047619047619,4.0,7.0,0.8095238095238095,0.19047619047619047
sw_lints,corr,z48_a0p5_corr_pruned_top10,3,6,8004,BTCUSDT,val_second,,-1.870575407629238,3.7357694661249496,66,0.7467457675990984,True,,,,,,,9.5,5.0,8.757575757575758,4.0,9.0,0.7575757575757576,0.24242424242424243
sw_lints,corr,z48_a0p5_corr_pruned_top10,3,6,8004,ETHUSDT,val,2000.0,-7.312053388932272,10.338699486004488,160,0.6909618982726161,True,0.487,0.237,0.3215,0.6785,1.0,0.995,8.0,4.0,6.0625,4.0,4.25,0.88125,0.11875
sw_lints,corr,z48_a0p5_corr_pruned_top10,3,6,8004,ETHUSDT,val_first,,-3.8606659794887976,6.392186309632786,77,0.6572420208871399,True,,,,,,,9.0,4.0,6.441558441558442,4.0,5.0,0.8181818181818182,0.18181818181818182
sw_lints,corr,z48_a0p5_corr_pruned_top10,3,6,8004,ETHUSDT,val_second,,-3.5899847285265407,6.9071391401424815,83,0.7203283668154481,True,,,,,,,7.0,4.0,5.710843373493976,4.0,4.0,0.9397590361445783,0.060240963855421686
sw_lints,corr,z48_a0p5_corr_pruned_top10,3,6,8004,SOLUSDT,val,2000.0,-5.971155244815529,7.592988699371606,139,0.7257081806599758,True,0.4705,0.1755,0.27749999999999997,0.7225,1.0,0.995,9.0,4.0,6.76978417266187,4.0,6.0,0.8345323741007195,0.16546762589928057
sw_lints,corr,z48_a0p5_corr_pruned_top10,3,6,8004,SOLUSDT,val_first,,-0.23329116545366402,5.034138655803877,74,0.9191268803262395,True,,,,,,,9.0,4.0,6.9324324324324325,4.0,7.0,0.8108108108108109,0.1891891891891892
sw_lints,corr,z48_a0p5_corr_pruned_top10,3,6,8004,SOLUSDT,val_second,,-5.751281310559797,6.45269477363769,65,0.5437187042175321,True,,,,,,,7.5,4.0,6.584615384615384,4.0,4.0,0.8615384615384616,0.13846153846153847
sw_lints,corr,z48_a0p5_corr_pruned_top10,3,6,8005,BTCUSDT,val,2000.0,-0.3087277704514557,3.926303291164479,121,0.9460931991686479,True,0.602,0.112,0.24350000000000005,0.7565,1.0,0.995,10.0,5.0,9.710743801652892,4.0,10.0,0.743801652892562,0.256198347107438
sw_lints,corr,z48_a0p5_corr_pruned_top10,3,6,8005,BTCUSDT,val_first,,2.2208288663226883,2.2229896495743695,60,1.2970262139595645,True,,,,,,,9.0,4.0,9.916666666666666,4.0,7.25,0.8166666666666667,0.18333333333333332
sw_lints,corr,z48_a0p5_corr_pruned_top10,3,6,8005,BTCUSDT,val_second,,-2.474600005525418,3.926303291164479,61,0.6773742723858903,True,,,,,,,12.0,5.0,9.508196721311476,4.0,11.0,0.6721311475409836,0.32786885245901637
sw_lints,corr,z48_a0p5_corr_pruned_top10,3,6,8005,ETHUSDT,val,2000.0,-6.148937094525142,8.944466370415094,165,0.7306771178008237,True,0.4925,0.2255,0.3315,0.6685,1.0,0.995,8.0,4.0,5.945454545454545,4.0,5.0,0.8848484848484849,0.11515151515151516
sw_lints,corr,z48_a0p5_corr_pruned_top10,3,6,8005,ETHUSDT,val_first,,-3.401319053476004,6.614810762768286,81,0.6930466625100025,True,,,,,,,8.5,4.0,6.135802469135802,4.0,5.0,0.8518518518518519,0.14814814814814814
sw_lints,corr,z48_a0p5_corr_pruned_top10,3,6,8005,ETHUSDT,val_second,,-2.8443639334683968,6.939817208537358,84,0.7642937496292275,True,,,,,,,7.0,4.0,5.761904761904762,4.0,5.0,0.9166666666666666,0.08333333333333333
sw_lints,corr,z48_a0p5_corr_pruned_top10,3,6,8005,SOLUSDT,val,2000.0,-7.480064887317239,9.013993257372633,136,0.672350242137125,True,0.475,0.166,0.27149999999999996,0.7285,1.0,0.995,10.0,4.0,6.985294117647059,4.0,6.25,0.8014705882352942,0.19852941176470587
sw_lints,corr,z48_a0p5_corr_pruned_top10,3,6,8005,SOLUSDT,val_first,,-1.0670576496302542,5.5743053026583445,75,0.8629132372059001,True,,,,,,,10.0,4.0,6.92,4.0,7.5,0.7866666666666666,0.21333333333333335
sw_lints,corr,z48_a0p5_corr_pruned_top10,3,6,8005,SOLUSDT,val_second,,-6.482175790320078,6.716025734182263,61,0.48961612696579115,True,,,,,,,10.0,4.0,7.065573770491803,4.0,6.0,0.819672131147541,0.18032786885245902
sw_lints,corr,z48_a0p5_corr_pruned_top10,3,6,8006,BTCUSDT,val,2000.0,-4.326948198791802,5.179226137992132,128,0.7233513976583502,True,0.594,0.105,0.25749999999999995,0.7425,1.0,0.995,11.0,5.0,9.0546875,4.0,10.0,0.7421875,0.2578125
sw_lints,corr,z48_a0p5_corr_pruned_top10,3,6,8006,BTCUSDT,val_first,,-1.2205358868460525,3.8820026056968993,66,0.8246797032947103,True,,,,,,,11.0,4.5,8.742424242424242,4.0,11.0,0.7121212121212122,0.2878787878787879
sw_lints,corr,z48_a0p5_corr_pruned_top10,3,6,8006,BTCUSDT,val_second,,-3.144795671686662,5.160837479756653,62,0.6106146639327742,True,,,,,,,11.0,5.0,9.387096774193548,4.0,8.75,0.7741935483870968,0.22580645161290322
sw_lints,corr,z48_a0p5_corr_pruned_top10,3,6,8006,ETHUSDT,val,2000.0,-8.777465763505067,11.536681487693578,175,0.6473377946618399,True,0.4895,0.27,0.35150000000000003,0.6485,1.0,0.995,7.0,4.0,5.571428571428571,4.0,4.0,0.9085714285714286,0.09142857142857143
sw_lints,corr,z48_a0p5_corr_pruned_top10,3,6,8006,ETHUSDT,val_first,,-4.855576085196434,7.29354004783862,89,0.601212609789944,True,,,,,,,8.0,4.0,5.606741573033708,4.0,4.0,0.8876404494382022,0.11235955056179775
sw_lints,corr,z48_a0p5_corr_pruned_top10,3,6,8006,ETHUSDT,val_second,,-4.122038388524441,7.9442031943847695,86,0.6882265455541385,True,,,,,,,7.0,4.0,5.534883720930233,4.0,4.0,0.9302325581395349,0.06976744186046512
sw_lints,corr,z48_a0p5_corr_pruned_top10,3,6,8006,SOLUSDT,val,2000.0,-9.853072248770955,11.905379740558164,132,0.5883554283099592,True,0.489,0.1545,0.264,0.736,1.0,0.995,9.0,4.0,7.409090909090909,4.0,6.25,0.803030303030303,0.19696969696969696
sw_lints,corr,z48_a0p5_corr_pruned_top10,3,6,8006,SOLUSDT,val_first,,-1.661374907498736,6.252861530034004,75,0.8245844120788732,True,,,,,,,10.0,4.0,7.08,4.0,8.0,0.7866666666666666,0.21333333333333335
sw_lints,corr,z48_a0p5_corr_pruned_top10,3,6,8006,SOLUSDT,val_second,,-8.330091389387206,9.839119014661414,57,0.36589386878762664,True,,,,,,,8.5,4.0,7.842105263157895,4.0,6.0,0.8245614035087719,0.17543859649122806
sw_lints,corr,z48_a0p5_corr_pruned_top10,3,6,8007,BTCUSDT,val,2000.0,-3.4383713830539286,3.991023915234415,124,0.7713355606675855,True,0.59,0.105,0.24950000000000006,0.7505,1.0,0.995,11.0,5.0,9.28225806451613,4.0,11.0,0.7258064516129032,0.27419354838709675
sw_lints,corr,z48_a0p5_corr_pruned_top10,3,6,8007,BTCUSDT,val_first,,-0.7395907398771495,3.8578581598073147,65,0.8751777550856868,True,,,,,,,9.0,4.0,9.076923076923077,4.0,11.0,0.7384615384615385,0.26153846153846155
sw_lints,corr,z48_a0p5_corr_pruned_top10,3,6,8007,BTCUSDT,val_second,,-2.7188892966422684,3.4725053592739474,59,0.6499060281863741,True,,,,,,,13.0,5.0,9.508474576271187,4.0,10.5,0.711864406779661,0.288135593220339
sw_lints,corr,z48_a0p5_corr_pruned_top10,3,6,8007,ETHUSDT,val,2000.0,-6.7899113382988485,8.49619880848833,170,0.703526137908315,True,0.4905,0.2335,0.33999999999999997,0.66,1.0,0.995,8.0,4.0,5.770588235294118,4.0,5.0,0.9058823529411765,0.09411764705882353
sw_lints,corr,z48_a0p5_corr_pruned_top10,3,6,8007,ETHUSDT,val_first,,-1.5818897388430453,4.55055059893259,84,0.8196955185225593,True,,,,,,,8.0,4.0,5.964285714285714,4.0,5.0,0.8690476190476191,0.13095238095238096
sw_lints,corr,z48_a0p5_corr_pruned_top10,3,6,8007,ETHUSDT,val_second,,-5.291730948334694,7.02544384493653,86,0.6187558096775974,True,,,,,,,7.0,4.0,5.5813953488372094,4.0,5.0,0.9418604651162791,0.05813953488372093
sw_lints,corr,z48_a0p5_corr_pruned_top10,3,6,8007,SOLUSDT,val,2000.0,-5.679746935912123,7.580550944439645,137,0.7403090263607958,True,0.475,0.169,0.27349999999999997,0.7265,1.0,0.995,10.0,4.0,6.934306569343065,4.0,7.0,0.8029197080291971,0.19708029197080293
sw_lints,corr,z48_a0p5_corr_pruned_top10,3,6,8007,SOLUSDT,val_first,,0.5234212649465553,4.318226832240779,74,0.97169228192462,True,,,,,,,10.0,4.0,6.972972972972973,4.0,8.75,0.7702702702702703,0.22972972972972974
sw_lints,corr,z48_a0p5_corr_pruned_top10,3,6,8007,SOLUSDT,val_second,,-6.170868562570275,7.580550944439645,63,0.5334507839143128,True,,,,,,,8.5,4.0,6.888888888888889,4.0,5.5,0.8412698412698413,0.15873015873015872
sw_lints,corr,z48_a0p5_corr_pruned_top10,3,6,8008,BTCUSDT,val,2000.0,-1.3441986344497225,4.254904597619125,130,0.8974922677127662,True,0.61,0.109,0.26149999999999995,0.7385,1.0,0.995,9.0,5.0,9.169230769230769,4.0,9.0,0.7538461538461538,0.24615384615384617
sw_lints,corr,z48_a0p5_corr_pruned_top10,3,6,8008,BTCUSDT,val_first,,0.9442255975137037,3.587641899616023,59,1.0705575454710743,True,,,,,,,9.5,5.0,10.40677966101695,4.0,13.5,0.6779661016949152,0.3220338983050847
sw_lints,corr,z48_a0p5_corr_pruned_top10,3,6,8008,BTCUSDT,val_second,,-2.267018463332271,4.254904597619125,71,0.7427430667904593,True,,,,,,,9.0,4.0,8.140845070422536,4.0,7.5,0.8169014084507042,0.18309859154929578
sw_lints,corr,z48_a0p5_corr_pruned_top10,3,6,8008,ETHUSDT,val,2000.0,-8.545735321636517,9.42136725844691,160,0.6382839326333964,True,0.502,0.2115,0.31999999999999995,0.68,1.0,0.995,9.0,4.0,6.275,4.0,5.0,0.86875,0.13125
sw_lints,corr,z48_a0p5_corr_pruned_top10,3,6,8008,ETHUSDT,val_first,,-2.870581562118024,6.483423312162162,83,0.7152536748768397,True,,,,,,,9.0,4.0,6.120481927710843,4.0,5.0,0.8433734939759037,0.1566265060240964
sw_lints,corr,z48_a0p5_corr_pruned_top10,3,6,8008,ETHUSDT,val_second,,-5.842878348075331,7.112494921549728,76,0.5615642753495377,True,,,,,,,8.0,4.0,6.2631578947368425,4.0,5.0,0.9078947368421053,0.09210526315789473
sw_lints,corr,z48_a0p5_corr_pruned_top10,3,6,8008,SOLUSDT,val,2000.0,-7.527894843966942,9.362634029792583,132,0.6659062032347738,True,0.4805,0.157,0.26349999999999996,0.7365,1.0,0.995,10.0,4.0,7.28030303030303,4.0,7.0,0.8106060606060606,0.1893939393939394
sw_lints,corr,z48_a0p5_corr_pruned_top10,3,6,8008,SOLUSDT,val_first,,-0.5097813696637865,5.093380426916028,69,0.900436290256641,True,,,,,,,11.0,4.0,7.768115942028985,4.0,8.0,0.7681159420289855,0.2318840579710145
sw_lints,corr,z48_a0p5_corr_pruned_top10,3,6,8008,SOLUSDT,val_second,,-7.054073828483098,8.411310741980927,63,0.4553605450722639,True,,,,,,,9.0,4.0,6.746031746031746,4.0,6.0,0.8571428571428571,0.14285714285714285
sw_lints,corr,z48_a0p5_corr_pruned_top10,3,6,8009,BTCUSDT,val,2000.0,-3.3887733675944554,5.399155578394144,131,0.7787163107635201,True,0.5865,0.1135,0.26349999999999996,0.7365,1.0,0.995,10.0,5.0,8.732824427480915,4.0,9.0,0.7709923664122137,0.22900763358778625
sw_lints,corr,z48_a0p5_corr_pruned_top10,3,6,8009,BTCUSDT,val_first,,0.40608169224796153,3.275220153207037,64,1.0073336900087513,True,,,,,,,10.0,4.5,9.015625,4.0,11.5,0.734375,0.265625
sw_lints,corr,z48_a0p5_corr_pruned_top10,3,6,8009,BTCUSDT,val_second,,-3.779507173155028,5.399155578394144,67,0.6061952283698705,True,,,,,,,11.0,5.0,8.462686567164178,4.0,8.5,0.8059701492537313,0.19402985074626866
sw_lints,corr,z48_a0p5_corr_pruned_top10,3,6,8009,ETHUSDT,val,2000.0,-5.9928665690172185,9.360197443768847,167,0.7121893898417876,True,0.496,0.221,0.33399999999999996,0.666,1.0,0.995,8.0,4.0,5.940119760479042,4.0,5.0,0.8982035928143712,0.10179640718562874
sw_lints,corr,z48_a0p5_corr_pruned_top10,3,6,8009,ETHUSDT,val_first,,-2.436454366707308,5.651517848068776,86,0.7409004061191213,True,,,,,,,8.0,4.0,5.837209302325581,4.0,4.0,0.872093023255814,0.12790697674418605
sw_lints,corr,z48_a0p5_corr_pruned_top10,3,6,8009,ETHUSDT,val_second,,-3.6452264821096425,7.143043319332754,81,0.6896038121830866,True,,,,,,,8.5,4.0,6.049382716049383,4.0,5.0,0.9259259259259259,0.07407407407407407
sw_lints,corr,z48_a0p5_corr_pruned_top10,3,6,8009,SOLUSDT,val,2000.0,-7.622277958086999,8.937865741189032,143,0.6716972507883083,True,0.4725,0.1765,0.2855,0.7145,1.0,0.995,9.0,4.0,6.608391608391608,4.0,6.0,0.8391608391608392,0.16083916083916083
sw_lints,corr,z48_a0p5_corr_pruned_top10,3,6,8009,SOLUSDT,val_first,,-1.4122284482029346,5.083438381115457,73,0.8348774499351618,True,,,,,,,10.0,4.0,6.890410958904109,4.0,7.0,0.8082191780821918,0.1917808219178082
sw_lints,corr,z48_a0p5_corr_pruned_top10,3,6,8009,SOLUSDT,val_second,,-6.299005862630091,7.2535916128941835,70,0.5276326506936617,True,,,,,,,8.0,4.0,6.314285714285714,4.0,5.0,0.8714285714285714,0.12857142857142856
sw_lints,corr,z48_a0p5_corr_pruned_top10,3,6,8010,BTCUSDT,val,2000.0,-2.1976990802604957,4.387601114078699,139,0.8440992707295035,True,0.5815,0.1385,0.27949999999999997,0.7205,1.0,0.995,9.0,4.0,8.158273381294965,4.0,8.0,0.7769784172661871,0.22302158273381295
sw_lints,corr,z48_a0p5_corr_pruned_top10,3,6,8010,BTCUSDT,val_first,,0.5524178913741684,3.577731811668705,68,1.0235181484260305,True,,,,,,,9.0,4.0,8.529411764705882,4.0,8.0,0.7647058823529411,0.23529411764705882
sw_lints,corr,z48_a0p5_corr_pruned_top10,3,6,8010,BTCUSDT,val_second,,-2.7350082964743616,4.387601114078699,71,0.6804261662131289,True,,,,,,,9.0,4.0,7.802816901408451,4.0,7.0,0.7887323943661971,0.2112676056338028
sw_lints,corr,z48_a0p5_corr_pruned_top10,3,6,8010,ETHUSDT,val,2000.0,-7.582581968105117,9.910550583691446,178,0.6879815283789379,True,0.49,0.253,0.35750000000000004,0.6425,1.0,0.995,7.5,4.0,5.48314606741573,4.0,5.0,0.9269662921348315,0.07303370786516854
sw_lints,corr,z48_a0p5_corr_pruned_top10,3,6,8010,ETHUSDT,val_first,,-2.862635221330345,5.575303986783564,92,0.7254448644968204,True,,,,,,,7.0,4.0,5.336956521739131,4.0,4.0,0.9239130434782609,0.07608695652173914
sw_lints,corr,z48_a0p5_corr_pruned_top10,3,6,8010,ETHUSDT,val_second,,-4.859043435581468,7.25561721632042,86,0.6589859311391802,True,,,,,,,8.0,4.0,5.6395348837209305,4.0,5.0,0.9302325581395349,0.06976744186046512
sw_lints,corr,z48_a0p5_corr_pruned_top10,3,6,8010,SOLUSDT,val,2000.0,-8.463425638128685,9.891358565419727,150,0.6584145073193817,True,0.463,0.203,0.2995,0.7005,1.0,0.995,8.0,4.0,6.173333333333333,4.0,5.0,0.86,0.14
sw_lints,corr,z48_a0p5_corr_pruned_top10,3,6,8010,SOLUSDT,val_first,,0.11863212413540936,4.254751929370981,77,0.9372288866693415,True,,,,,,,9.0,4.0,6.454545454545454,4.0,6.0,0.8181818181818182,0.18181818181818182
sw_lints,corr,z48_a0p5_corr_pruned_top10,3,6,8010,SOLUSDT,val_second,,-8.57188874856315,9.080720941384513,73,0.42444991884799377,True,,,,,,,7.0,4.0,5.876712328767123,4.0,4.0,0.9041095890410958,0.0958904109589041
sw_lints,corr,z48_a0p5_corr_pruned_top10,3,6,8011,BTCUSDT,val,2000.0,-2.591330924375801,4.467455581402224,134,0.8222094897577734,True,0.5965,0.1125,0.26949999999999996,0.7305,1.0,0.995,10.0,5.0,8.686567164179104,4.0,9.0,0.753731343283582,0.2462686567164179
sw_lints,corr,z48_a0p5_corr_pruned_top10,3,6,8011,BTCUSDT,val_first,,-0.3013796866257801,2.970352036465196,68,0.9226165092538636,True,,,,,,,9.0,5.0,8.647058823529411,4.0,10.25,0.7352941176470589,0.2647058823529412
sw_lints,corr,z48_a0p5_corr_pruned_top10,3,6,8011,BTCUSDT,val_second,,-2.296873548051326,4.467455581402224,66,0.7150903172788012,True,,,,,,,10.0,5.0,8.727272727272727,4.0,8.0,0.7727272727272727,0.22727272727272727
sw_lints,corr,z48_a0p5_corr_pruned_top10,3,6,8011,ETHUSDT,val,2000.0,-6.208716524782243,8.107304090296042,155,0.7041376391698306,True,0.4945,0.1975,0.31000000000000005,0.69,1.0,0.995,8.5,4.0,6.380645161290323,4.0,5.0,0.8838709677419355,0.11612903225806452
sw_lints,corr,z48_a0p5_corr_pruned_top10,3,6,8011,ETHUSDT,val_first,,-2.89122067261276,6.570045432142124,80,0.6952830983322796,True,,,,,,,8.5,4.0,6.0875,4.0,6.0,0.9,0.1
sw_lints,corr,z48_a0p5_corr_pruned_top10,3,6,8011,ETHUSDT,val_second,,-3.4162676898502276,6.300713264926139,74,0.7019134169749858,True,,,,,,,8.0,4.0,6.527027027027027,4.0,5.0,0.8783783783783784,0.12162162162162163
sw_lints,corr,z48_a0p5_corr_pruned_top10,3,6,8011,SOLUSDT,val,2000.0,-7.239562270062305,8.730831369517599,146,0.7084128819557779,True,0.4745,0.185,0.2935,0.7065,1.0,0.995,8.5,4.0,6.465753424657534,4.0,6.0,0.821917808219178,0.1780821917808219
sw_lints,corr,z48_a0p5_corr_pruned_top10,3,6,8011,SOLUSDT,val_first,,0.3704647643713699,5.413360935551581,79,0.9673270089164826,True,,,,,,,8.5,4.0,6.430379746835443,4.0,6.0,0.7974683544303798,0.20253164556962025
sw_lints,corr,z48_a0p5_corr_pruned_top10,3,6,8011,SOLUSDT,val_second,,-7.581938623377793,7.987299344065047,67,0.4936662145961289,True,,,,,,,8.0,4.0,6.507462686567164,4.0,6.0,0.8507462686567164,0.14925373134328357
sw_lints,corr,z48_a0p5_corr_pruned_top10,3,6,8012,BTCUSDT,val,2000.0,-2.7730207276668084,3.9190805545302743,123,0.7958001123716535,True,0.5895,0.0975,0.24750000000000005,0.7525,1.0,0.995,11.0,5.0,9.34959349593496,4.0,10.0,0.7398373983739838,0.2601626016260163
sw_lints,corr,z48_a0p5_corr_pruned_top10,3,6,8012,BTCUSDT,val_first,,-0.7658542110979272,3.9190805545302743,62,0.8636192622680557,True,,,,,,,10.0,4.0,9.46774193548387,4.0,11.75,0.7096774193548387,0.2903225806451613
sw_lints,corr,z48_a0p5_corr_pruned_top10,3,6,8012,BTCUSDT,val_second,,-2.022657121308491,3.48677303592122,61,0.7210239102209268,True,,,,,,,11.0,5.0,9.229508196721312,4.0,9.0,0.7704918032786885,0.22950819672131148
sw_lints,corr,z48_a0p5_corr_pruned_top10,3,6,8012,ETHUSDT,val,2000.0,-6.5157281467059125,8.581239965462817,175,0.7012913673457979,True,0.4905,0.2525,0.35,0.65,1.0,0.995,8.0,4.0,5.605714285714286,4.0,4.0,0.8971428571428571,0.10285714285714286
sw_lints,corr,z48_a0p5_corr_pruned_top10,3,6,8012,ETHUSDT,val_first,,-0.8324720554794718,3.625298714220404,86,0.880092012505765,True,,,,,,,8.0,4.0,5.848837209302325,4.0,5.0,0.8604651162790697,0.13953488372093023
sw_lints,corr,z48_a0p5_corr_pruned_top10,3,6,8012,ETHUSDT,val_second,,-5.730964771458202,7.859851218269965,89,0.5784677610607952,True,,,,,,,7.0,4.0,5.370786516853933,4.0,4.0,0.9325842696629213,0.06741573033707865
sw_lints,corr,z48_a0p5_corr_pruned_top10,3,6,8012,SOLUSDT,val,2000.0,-6.194719331307308,8.46943080358028,135,0.7169797452855634,True,0.4785,0.1605,0.26949999999999996,0.7305,1.0,0.995,10.0,4.0,7.088888888888889,4.0,7.0,0.8,0.2
sw_lints,corr,z48_a0p5_corr_pruned_top10,3,6,8012,SOLUSDT,val_first,,-2.1787379339975765,6.9328180281024725,73,0.7861739532351114,True,,,,,,,10.5,4.0,7.191780821917808,4.0,8.0,0.7808219178082192,0.2191780821917808
sw_lints,corr,z48_a0p5_corr_pruned_top10,3,6,8012,SOLUSDT,val_second,,-4.105427912594351,5.857259574857565,62,0.6441340693399658,True,,,,,,,10.0,4.0,6.967741935483871,4.0,5.0,0.8225806451612904,0.1774193548387097
sw_lints,corr,z48_a0p5_corr_pruned_top10,3,6,8013,BTCUSDT,val,2000.0,-3.3865218990438706,4.337664323710233,125,0.7753250587369305,True,0.592,0.108,0.25149999999999995,0.7485,1.0,0.995,11.0,5.0,9.424,4.0,11.0,0.712,0.288
sw_lints,corr,z48_a0p5_corr_pruned_top10,3,6,8013,BTCUSDT,val_first,,-0.21468815308642863,3.841727408721951,65,0.9299220558757165,True,,,,,,,9.0,4.0,8.96923076923077,4.0,11.0,0.7384615384615385,0.26153846153846155
sw_lints,corr,z48_a0p5_corr_pruned_top10,3,6,8013,BTCUSDT,val_second,,-3.178657947998942,3.963607108310363,60,0.608981812916103,True,,,,,,,13.0,6.0,9.916666666666666,4.0,11.0,0.6833333333333333,0.31666666666666665
sw_lints,corr,z48_a0p5_corr_pruned_top10,3,6,8013,ETHUSDT,val,2000.0,-6.039472063758932,9.606471267291017,159,0.716517345984636,True,0.498,0.1965,0.31799999999999995,0.682,1.0,0.995,8.5,4.0,6.264150943396227,4.0,5.0,0.8867924528301887,0.11320754716981132
sw_lints,corr,z48_a0p5_corr_pruned_top10,3,6,8013,ETHUSDT,val_first,,-2.473353545968393,5.9497921363797275,84,0.7560899897814243,True,,,,,,,8.0,4.0,5.976190476190476,4.0,5.0,0.8928571428571429,0.10714285714285714
sw_lints,corr,z48_a0p5_corr_pruned_top10,3,6,8013,ETHUSDT,val_second,,-3.6565581279075388,7.981602879038774,75,0.6819893488797893,True,,,,,,,9.0,4.0,6.586666666666667,4.0,6.0,0.88,0.12
sw_lints,corr,z48_a0p5_corr_pruned_top10,3,6,8013,SOLUSDT,val,2000.0,-4.752484899002707,7.126687884674066,153,0.7766918879528028,True,0.4685,0.1955,0.30600000000000005,0.694,1.0,0.995,8.0,4.0,6.124183006535947,4.0,6.0,0.8562091503267973,0.1437908496732026
sw_lints,corr,z48_a0p5_corr_pruned_top10,3,6,8013,SOLUSDT,val_first,,-0.05639443916866105,4.176398950576187,77,0.9276364069562381,True,,,,,,,9.0,4.0,6.35064935064935,4.0,6.0,0.8311688311688312,0.16883116883116883
sw_lints,corr,z48_a0p5_corr_pruned_top10,3,6,8013,SOLUSDT,val_second,,-4.698740288067505,7.126687884674066,76,0.6366219468373977,True,,,,,,,7.0,4.0,5.894736842105263,4.0,5.0,0.881578947368421,0.11842105263157894
sw_lints,corr,z48_a0p5_corr_pruned_top10,3,6,8014,BTCUSDT,val,2000.0,-2.333710676515377,4.301280551653486,132,0.828566850025802,True,0.5945,0.111,0.26549999999999996,0.7345,1.0,0.995,11.0,5.0,8.787878787878787,4.0,11.0,0.7196969696969697,0.2803030303030303
sw_lints,corr,z48_a0p5_corr_pruned_top10,3,6,8014,BTCUSDT,val_first,,-0.11647987271443672,3.237110322870107,68,0.944146216021116,True,,,,,,,11.0,5.0,8.661764705882353,4.0,11.5,0.7058823529411765,0.29411764705882354
sw_lints,corr,z48_a0p5_corr_pruned_top10,3,6,8014,BTCUSDT,val_second,,-2.219816443168443,4.301280551653486,64,0.7069723733504865,True,,,,,,,12.0,5.0,8.921875,4.0,10.0,0.734375,0.265625
sw_lints,corr,z48_a0p5_corr_pruned_top10,3,6,8014,ETHUSDT,val,2000.0,-7.745694399218895,10.4860398041833,169,0.6724422021316638,True,0.4975,0.245,0.33799999999999997,0.662,1.0,0.995,8.0,4.0,5.887573964497041,4.0,5.0,0.8875739644970414,0.11242603550295859
sw_lints,corr,z48_a0p5_corr_pruned_top10,3,6,8014,ETHUSDT,val_first,,-3.6968715067573377,6.776018502604608,85,0.6813494930294286,True,,,,,,,8.5,4.0,6.2,4.0,5.0,0.8470588235294118,0.15294117647058825
sw_lints,corr,z48_a0p5_corr_pruned_top10,3,6,8014,ETHUSDT,val_second,,-4.204248559532154,7.04978997427107,84,0.6640653955439508,True,,,,,,,8.0,4.0,5.571428571428571,4.0,4.0,0.9285714285714286,0.07142857142857142
sw_lints,corr,z48_a0p5_corr_pruned_top10,3,6,8014,SOLUSDT,val,2000.0,-10.376234928468985,12.506639263744168,139,0.5840052814748359,True,0.485,0.15,0.27749999999999997,0.7225,1.0,0.995,10.0,4.0,6.9784172661870505,4.0,7.0,0.8201438848920863,0.17985611510791366
sw_lints,corr,z48_a0p5_corr_pruned_top10,3,6,8014,SOLUSDT,val_first,,-2.5585691235934016,7.4377051838092845,76,0.7646204032778009,True,,,,,,,10.0,4.0,7.026315789473684,4.0,8.0,0.8157894736842105,0.18421052631578946
sw_lints,corr,z48_a0p5_corr_pruned_top10,3,6,8014,SOLUSDT,val_second,,-8.022938225108177,9.102745725157469,63,0.4231359272255569,True,,,,,,,9.0,4.0,6.920634920634921,4.0,6.5,0.8253968253968254,0.1746031746031746
sw_lints,corr,z48_a0p5_corr_pruned_top10,3,6,8015,BTCUSDT,val,2000.0,-1.5067687297444343,4.013362395746167,129,0.8791843491004754,True,0.5935,0.1135,0.25949999999999995,0.7405,1.0,0.995,11.0,5.0,8.976744186046512,4.0,9.0,0.7596899224806202,0.24031007751937986
sw_lints,corr,z48_a0p5_corr_pruned_top10,3,6,8015,BTCUSDT,val_first,,0.6460230988978077,3.0288604693835985,63,1.0438291161162174,True,,,,,,,11.0,4.0,9.26984126984127,4.0,9.5,0.746031746031746,0.25396825396825395
sw_lints,corr,z48_a0p5_corr_pruned_top10,3,6,8015,BTCUSDT,val_second,,-2.1389735653308817,4.013362395746167,66,0.7276174046367019,True,,,,,,,10.5,5.0,8.696969696969697,4.0,8.75,0.7727272727272727,0.22727272727272727
sw_lints,corr,z48_a0p5_corr_pruned_top10,3,6,8015,ETHUSDT,val,2000.0,-7.0046741582178385,9.207656682713306,161,0.6863214642429162,True,0.497,0.2165,0.32199999999999995,0.678,1.0,0.995,8.0,4.0,6.173913043478261,4.0,5.0,0.8757763975155279,0.12422360248447205
sw_lints,corr,z48_a0p5_corr_pruned_top10,3,6,8015,ETHUSDT,val_first,,-3.6729996752903893,6.953084432816259,81,0.6736420370986257,True,,,,,,,9.0,4.0,6.469135802469136,4.0,6.0,0.8518518518518519,0.14814814814814814
sw_lints,corr,z48_a0p5_corr_pruned_top10,3,6,8015,ETHUSDT,val_second,,-3.4587130001938027,6.623803984737897,80,0.6987778042130465,True,,,,,,,8.0,4.0,5.875,4.0,4.0,0.9,0.1
sw_lints,corr,z48_a0p5_corr_pruned_top10,3,6,8015,SOLUSDT,val,2000.0,-11.366226847856852,12.368761474126655,133,0.5524128519141449,True,0.486,0.1545,0.26549999999999996,0.7345,1.0,0.995,10.0,4.0,7.30827067669173,4.0,8.0,0.7894736842105263,0.21052631578947367
sw_lints,corr,z48_a0p5_corr_pruned_top10,3,6,8015,SOLUSDT,val_first,,-0.3904316519026896,5.494893599277761,71,0.9066127915008351,True,,,,,,,10.0,4.0,7.422535211267606,4.0,8.5,0.7605633802816901,0.23943661971830985
sw_lints,corr,z48_a0p5_corr_pruned_top10,3,6,8015,SOLUSDT,val_second,,-11.01881614183685,11.136709822906033,62,0.2943198121401337,True,,,,,,,9.0,4.0,7.17741935483871,4.0,6.75,0.8225806451612904,0.1774193548387097
sw_lints,corr,z48_a0p5_corr_pruned_top10,3,6,8016,BTCUSDT,val,2000.0,-2.089129358911379,4.117009454497489,129,0.8482066774350223,True,0.59,0.111,0.25949999999999995,0.7405,1.0,0.995,11.0,5.0,8.922480620155039,4.0,10.0,0.7441860465116279,0.2558139534883721
sw_lints,corr,z48_a0p5_corr_pruned_top10,3,6,8016,BTCUSDT,val_first,,0.634208320008689,3.0425189773385264,67,1.0289537113791325,True,,,,,,,10.0,5.0,8.791044776119403,4.0,11.0,0.7313432835820896,0.26865671641791045
sw_lints,corr,z48_a0p5_corr_pruned_top10,3,6,8016,BTCUSDT,val_second,,-2.706174892597224,3.8830719825008964,62,0.6563824266633568,True,,,,,,,11.5,5.0,9.064516129032258,4.0,9.0,0.7580645161290323,0.24193548387096775
sw_lints,corr,z48_a0p5_corr_pruned_top10,3,6,8016,ETHUSDT,val,2000.0,-6.174884307227102,7.693308402135424,163,0.7197719087093118,True,0.5055,0.216,0.32599999999999996,0.674,1.0,0.995,8.0,4.0,6.2024539877300615,4.0,5.0,0.8650306748466258,0.13496932515337423
sw_lints,corr,z48_a0p5_corr_pruned_top10,3,6,8016,ETHUSDT,val_first,,-1.0102479792768237,4.738649224701685,82,0.8663645054790575,True,,,,,,,9.0,4.0,6.451219512195122,4.0,6.75,0.8170731707317073,0.18292682926829268
sw_lints,corr,z48_a0p5_corr_pruned_top10,3,6,8016,ETHUSDT,val_second,,-5.217344444775529,6.751264940495583,81,0.6055889358681497,True,,,,,,,7.5,4.0,5.950617283950617,4.0,4.0,0.9135802469135802,0.08641975308641975
sw_lints,corr,z48_a0p5_corr_pruned_top10,3,6,8016,SOLUSDT,val,2000.0,-10.147845307419356,11.548380777076684,134,0.6017342008257948,True,0.472,0.1595,0.26949999999999996,0.7305,1.0,0.995,9.5,4.0,7.014925373134329,4.0,6.0,0.8059701492537313,0.19402985074626866
sw_lints,corr,z48_a0p5_corr_pruned_top10,3,6,8016,SOLUSDT,val_first,,-2.055010603319918,6.760089502910372,73,0.7950533849935646,True,,,,,,,10.0,4.0,7.0,4.0,8.0,0.7808219178082192,0.2191780821917808
sw_lints,corr,z48_a0p5_corr_pruned_top10,3,6,8016,SOLUSDT,val_second,,-8.26263268182431,8.483706689988013,61,0.4358011757106075,True,,,,,,,8.0,4.0,7.032786885245901,4.0,5.0,0.8360655737704918,0.16393442622950818
sw_lints,corr,z48_a0p5_corr_pruned_top10,3,6,8017,BTCUSDT,val,2000.0,-2.9666557643812874,4.126521424715756,134,0.798231612542934,True,0.5885,0.115,0.26949999999999996,0.7305,1.0,0.995,11.0,4.5,8.738805970149254,4.0,10.0,0.7388059701492538,0.26119402985074625
sw_lints,corr,z48_a0p5_corr_pruned_top10,3,6,8017,BTCUSDT,val_first,,-0.10711216670331591,3.2788057722836106,66,0.949034779403954,True,,,,,,,11.0,4.0,8.863636363636363,4.0,11.0,0.7121212121212122,0.2878787878787879
sw_lints,corr,z48_a0p5_corr_pruned_top10,3,6,8017,BTCUSDT,val_second,,-2.8626098010601453,4.126521424715756,68,0.6546922891037088,True,,,,,,,10.5,5.0,8.617647058823529,4.0,8.25,0.7647058823529411,0.23529411764705882
sw_lints,corr,z48_a0p5_corr_pruned_top10,3,6,8017,ETHUSDT,val,2000.0,-10.892140963922248,12.59460776661252,177,0.5738177448742156,True,0.481,0.262,0.354,0.646,1.0,0.995,7.0,4.0,5.435028248587571,4.0,4.0,0.8870056497175142,0.11299435028248588
sw_lints,corr,z48_a0p5_corr_pruned_top10,3,6,8017,ETHUSDT,val_first,,-2.2317277650316214,5.039175383933536,83,0.7535521238805766,True,,,,,,,9.0,4.0,5.843373493975903,4.0,5.0,0.8313253012048193,0.1686746987951807
sw_lints,corr,z48_a0p5_corr_pruned_top10,3,6,8017,ETHUSDT,val_second,,-8.858101918868822,10.599430433500556,94,0.47469122402669517,True,,,,,,,7.0,4.0,5.074468085106383,4.0,4.0,0.9361702127659575,0.06382978723404255
sw_lints,corr,z48_a0p5_corr_pruned_top10,3,6,8017,SOLUSDT,val,2000.0,-7.708937849376751,9.312265208259273,141,0.6706903271521278,True,0.473,0.1825,0.2815,0.7185,1.0,0.995,9.5,4.0,6.709219858156028,4.0,6.0,0.8226950354609929,0.1773049645390071
sw_lints,corr,z48_a0p5_corr_pruned_top10,3,6,8017,SOLUSDT,val_first,,1.5701450916029591,3.7691811416820986,72,1.0476578144427005,True,,,,,,,11.0,4.0,7.166666666666667,4.0,9.0,0.7638888888888888,0.2361111111111111
sw_lints,corr,z48_a0p5_corr_pruned_top10,3,6,8017,SOLUSDT,val_second,,-9.135640135800926,9.14817846907907,69,0.3639614743314267,True,,,,,,,7.0,4.0,6.231884057971015,4.0,4.0,0.8840579710144928,0.11594202898550725
sw_lints,corr,z48_a0p5_corr_pruned_top10,3,6,8018,BTCUSDT,val,2000.0,-4.039050926650944,5.089269972641441,132,0.7341575110339471,True,0.5785,0.1135,0.26549999999999996,0.7345,1.0,0.995,10.0,5.0,8.545454545454545,4.0,9.0,0.7651515151515151,0.23484848484848486
sw_lints,corr,z48_a0p5_corr_pruned_top10,3,6,8018,BTCUSDT,val_first,,-0.4360063113075796,3.7527825894244082,67,0.9035081441846793,True,,,,,,,10.0,5.0,8.656716417910447,4.0,10.0,0.746268656716418,0.2537313432835821
sw_lints,corr,z48_a0p5_corr_pruned_top10,3,6,8018,BTCUSDT,val_second,,-3.618822911633135,5.089269972641441,65,0.5739435057186285,True,,,,,,,10.0,5.0,8.430769230769231,4.0,9.0,0.7846153846153846,0.2153846153846154
sw_lints,corr,z48_a0p5_corr_pruned_top10,3,6,8018,ETHUSDT,val,2000.0,-9.090621471229188,10.787748871849745,172,0.6277085629164388,True,0.4835,0.243,0.344,0.656,1.0,0.995,7.0,4.0,5.622093023255814,4.0,4.0,0.9069767441860465,0.09302325581395349
sw_lints,corr,z48_a0p5_corr_pruned_top10,3,6,8018,ETHUSDT,val_first,,-2.5277484029898267,4.907385987178181,87,0.7532957173002869,True,,,,,,,7.0,4.0,5.620689655172414,4.0,4.0,0.8735632183908046,0.12643678160919541
sw_lints,corr,z48_a0p5_corr_pruned_top10,3,6,8018,ETHUSDT,val_second,,-6.7330680893398664,8.474207103586917,85,0.5325384986699068,True,,,,,,,8.0,4.0,5.623529411764705,4.0,5.0,0.9411764705882353,0.058823529411764705
sw_lints,corr,z48_a0p5_corr_pruned_top10,3,6,8018,SOLUSDT,val,2000.0,-11.721862698705754,13.09814010886231,141,0.5533246664399432,True,0.479,0.166,0.2815,0.7185,1.0,0.995,9.0,4.0,6.794326241134752,4.0,6.0,0.8156028368794326,0.18439716312056736
sw_lints,corr,z48_a0p5_corr_pruned_top10,3,6,8018,SOLUSDT,val_first,,-0.6805854741117834,5.4643634889750325,74,0.8917251136962429,True,,,,,,,10.0,4.0,7.013513513513513,4.0,7.75,0.7837837837837838,0.21621621621621623
sw_lints,corr,z48_a0p5_corr_pruned_top10,3,6,8018,SOLUSDT,val_second,,-11.116937486291755,11.599756590820022,67,0.31116812447644165,True,,,,,,,9.0,4.0,6.552238805970149,4.0,5.5,0.8507462686567164,0.14925373134328357
sw_lints,corr,z48_a0p5_corr_pruned_top10,3,6,8019,BTCUSDT,val,2000.0,-1.6692380595548117,3.8216314683267028,133,0.8738144114003552,True,0.585,0.111,0.26749999999999996,0.7325,1.0,0.995,11.0,5.0,8.578947368421053,4.0,8.0,0.7669172932330827,0.23308270676691728
sw_lints,corr,z48_a0p5_corr_pruned_top10,3,6,8019,BTCUSDT,val_first,,-0.03398951457066479,3.447728554632723,68,0.9514316216662827,True,,,,,,,10.0,5.0,8.602941176470589,4.0,8.5,0.75,0.25
sw_lints,corr,z48_a0p5_corr_pruned_top10,3,6,8019,BTCUSDT,val_second,,-1.635804547009001,3.8216314683267028,65,0.795090418188121,True,,,,,,,11.0,5.0,8.553846153846154,4.0,8.0,0.7846153846153846,0.2153846153846154
sw_lints,corr,z48_a0p5_corr_pruned_top10,3,6,8019,ETHUSDT,val,2000.0,-10.562980196383531,12.346129006497664,166,0.5743537617483077,True,0.493,0.2265,0.33199999999999996,0.668,1.0,0.995,8.0,4.0,5.9397590361445785,4.0,5.0,0.9096385542168675,0.09036144578313253
sw_lints,corr,z48_a0p5_corr_pruned_top10,3,6,8019,ETHUSDT,val_first,,-4.256092094530983,5.927069705561461,82,0.615687003554277,True,,,,,,,8.0,4.0,6.073170731707317,4.0,5.0,0.9024390243902439,0.0975609756097561
sw_lints,corr,z48_a0p5_corr_pruned_top10,3,6,8019,ETHUSDT,val_second,,-6.5872474184775704,8.44966232207095,83,0.5329307511828119,True,,,,,,,8.0,4.0,5.650602409638554,4.0,4.0,0.927710843373494,0.07228915662650602
sw_lints,corr,z48_a0p5_corr_pruned_top10,3,6,8019,SOLUSDT,val,2000.0,-7.710468793379476,9.094758018407257,133,0.6605989870423868,True,0.472,0.158,0.26549999999999996,0.7345,1.0,0.995,10.0,4.0,7.097744360902255,4.0,7.0,0.7969924812030075,0.20300751879699247
sw_lints,corr,z48_a0p5_corr_pruned_top10,3,6,8019,SOLUSDT,val_first,,0.6604388543385298,5.307295501271591,71,0.9945544991057454,True,,,,,,,10.5,4.0,7.338028169014085,4.0,8.5,0.7605633802816901,0.23943661971830985
sw_lints,corr,z48_a0p5_corr_pruned_top10,3,6,8019,SOLUSDT,val_second,,-8.315985647381485,8.466479702427998,62,0.3958860136733216,True,,,,,,,9.0,4.0,6.82258064516129,4.0,5.0,0.8387096774193549,0.16129032258064516
sw_lints,corr,z48_a0p5_corr_pruned_top10,3,6,8020,BTCUSDT,val,2000.0,-0.13802502541482298,3.2273372589815885,129,0.9563733176116234,True,0.6015,0.126,0.25949999999999995,0.7405,1.0,0.995,10.0,4.0,9.10077519379845,4.0,8.0,0.7751937984496124,0.2248062015503876
sw_lints,corr,z48_a0p5_corr_pruned_top10,3,6,8020,BTCUSDT,val_first,,1.1225201025396592,3.2273372589815885,68,1.0834225348472013,True,,,,,,,8.0,4.0,8.764705882352942,4.0,7.0,0.8235294117647058,0.17647058823529413
sw_lints,corr,z48_a0p5_corr_pruned_top10,3,6,8020,BTCUSDT,val_second,,-1.246552327489736,2.8998786846579527,61,0.8255136640658296,True,,,,,,,11.0,5.0,9.475409836065573,4.0,10.0,0.7213114754098361,0.2786885245901639
sw_lints,corr,z48_a0p5_corr_pruned_top10,3,6,8020,ETHUSDT,val,2000.0,-6.505070241506072,8.971261172260148,173,0.7111513894435405,True,0.4955,0.2495,0.346,0.654,1.0,0.995,8.0,4.0,5.728323699421965,4.0,5.0,0.9075144508670521,0.09248554913294797
sw_lints,corr,z48_a0p5_corr_pruned_top10,3,6,8020,ETHUSDT,val_first,,-2.283839287130862,5.646688026867997,88,0.7690217804478112,True,,,,,,,8.0,4.0,5.931818181818182,4.0,5.0,0.8863636363636364,0.11363636363636363
sw_lints,corr,z48_a0p5_corr_pruned_top10,3,6,8020,ETHUSDT,val_second,,-4.319890306352658,6.8437214851080235,85,0.6616052361099005,True,,,,,,,7.5,4.0,5.517647058823529,4.0,4.0,0.9294117647058824,0.07058823529411765
sw_lints,corr,z48_a0p5_corr_pruned_top10,3,6,8020,SOLUSDT,val,2000.0,-8.408283402484384,9.062812961692291,144,0.6593638998620412,True,0.463,0.185,0.2875,0.7125,1.0,0.995,9.0,4.0,6.430555555555555,4.0,5.0,0.8263888888888888,0.1736111111111111
sw_lints,corr,z48_a0p5_corr_pruned_top10,3,6,8020,SOLUSDT,val_first,,-1.7553384942027184,5.430073692408143,78,0.8241302122435322,True,,,,,,,10.0,4.0,6.461538461538462,4.0,6.0,0.7948717948717948,0.20512820512820512
sw_lints,corr,z48_a0p5_corr_pruned_top10,3,6,8020,SOLUSDT,val_second,,-6.771813151281592,7.373036665062749,66,0.5031705247252779,True,,,,,,,7.0,4.0,6.393939393939394,4.0,5.0,0.8636363636363636,0.13636363636363635
sw_lints,corr,z48_a0p5_corr_pruned_top10,3,6,8021,BTCUSDT,val,2000.0,-2.261387959146366,4.325474952430719,124,0.8318293688744847,True,0.595,0.1115,0.24950000000000006,0.7505,1.0,0.995,10.0,5.0,9.370967741935484,4.0,9.0,0.7580645161290323,0.24193548387096775
sw_lints,corr,z48_a0p5_corr_pruned_top10,3,6,8021,BTCUSDT,val_first,,0.7274978776891539,3.5916146982041597,62,1.0238742677485082,True,,,,,,,9.0,4.5,9.725806451612904,4.0,8.75,0.7741935483870968,0.22580645161290322
sw_lints,corr,z48_a0p5_corr_pruned_top10,3,6,8021,BTCUSDT,val_second,,-2.9672988010333134,4.325474952430719,62,0.6334235996750427,True,,,,,,,11.0,5.0,9.016129032258064,4.0,9.75,0.7419354838709677,0.25806451612903225
sw_lints,corr,z48_a0p5_corr_pruned_top10,3,6,8021,ETHUSDT,val,2000.0,-11.775733154698575,13.789521211317124,171,0.5390928607151265,True,0.489,0.229,0.34199999999999997,0.658,1.0,0.995,7.0,4.0,5.719298245614035,4.0,4.5,0.9181286549707602,0.08187134502923976
sw_lints,corr,z48_a0p5_corr_pruned_top10,3,6,8021,ETHUSDT,val_first,,-3.6411900000216213,6.573798564054368,84,0.6557616788033063,True,,,,,,,8.0,4.0,5.928571428571429,4.0,5.0,0.8928571428571429,0.10714285714285714
sw_lints,corr,z48_a0p5_corr_pruned_top10,3,6,8021,ETHUSDT,val_second,,-8.44192986056882,10.531814591003997,87,0.4560152428712597,True,,,,,,,7.0,4.0,5.517241379310345,4.0,4.0,0.9425287356321839,0.05747126436781609
sw_lints,corr,z48_a0p5_corr_pruned_top10,3,6,8021,SOLUSDT,val,2000.0,-9.940908312417607,11.382416736024059,149,0.6230614850083053,True,0.4725,0.1875,0.2975,0.7025,1.0,0.995,9.0,4.0,6.342281879194631,4.0,5.0,0.8456375838926175,0.15436241610738255
sw_lints,corr,z48_a0p5_corr_pruned_top10,3,6,8021,SOLUSDT,val_first,,-0.6512363692070311,5.205084712419605,78,0.8931821365028851,True,,,,,,,10.0,4.0,6.487179487179487,4.0,6.75,0.8205128205128205,0.1794871794871795
sw_lints,corr,z48_a0p5_corr_pruned_top10,3,6,8021,SOLUSDT,val_second,,-9.350566231235169,10.036641223749754,71,0.4177449589777062,True,,,,,,,8.5,4.0,6.183098591549296,4.0,4.0,0.8732394366197183,0.1267605633802817
sw_lints,corr,z48_a0p5_corr_pruned_top10,3,6,8022,BTCUSDT,val,2000.0,-1.6911805726031348,3.533598153312889,125,0.8653745639835851,True,0.603,0.112,0.25149999999999995,0.7485,1.0,0.995,11.0,5.0,9.416,4.0,10.0,0.744,0.256
sw_lints,corr,z48_a0p5_corr_pruned_top10,3,6,8022,BTCUSDT,val_first,,0.2856101782936049,3.533598153312889,61,0.9886026035300121,True,,,,,,,9.5,5.0,9.704918032786885,4.0,10.0,0.7377049180327869,0.26229508196721313
sw_lints,corr,z48_a0p5_corr_pruned_top10,3,6,8022,BTCUSDT,val_second,,-1.9711609146938147,3.423072592493459,64,0.7259149250472432,True,,,,,,,11.0,5.0,9.140625,4.0,9.25,0.75,0.25
sw_lints,corr,z48_a0p5_corr_pruned_top10,3,6,8022,ETHUSDT,val,2000.0,-7.093671164097737,9.843418154601691,179,0.7057024499963845,True,0.499,0.2465,0.358,0.642,1.0,0.995,7.0,4.0,5.575418994413408,4.0,5.0,0.9106145251396648,0.0893854748603352
sw_lints,corr,z48_a0p5_corr_pruned_top10,3,6,8022,ETHUSDT,val_first,,-1.1358051181247664,3.9477254184780763,92,0.8672805479944978,True,,,,,,,8.0,4.0,5.521739130434782,4.0,4.25,0.8913043478260869,0.10869565217391304
sw_lints,corr,z48_a0p5_corr_pruned_top10,3,6,8022,ETHUSDT,val_second,,-6.026313219959512,8.80765078487814,87,0.591364859076766,True,,,,,,,7.0,4.0,5.632183908045977,4.0,5.0,0.9310344827586207,0.06896551724137931
sw_lints,corr,z48_a0p5_corr_pruned_top10,3,6,8022,SOLUSDT,val,2000.0,-14.242533481910213,14.735985692330678,140,0.475899606981776,True,0.4745,0.165,0.27949999999999997,0.7205,1.0,0.995,9.0,4.0,6.7785714285714285,4.0,7.0,0.8142857142857143,0.18571428571428572
sw_lints,corr,z48_a0p5_corr_pruned_top10,3,6,8022,SOLUSDT,val_first,,-2.5574223771322013,6.930301918303428,73,0.770126275332008,True,,,,,,,9.5,4.0,7.054794520547945,4.0,9.0,0.7671232876712328,0.2328767123287671
sw_lints,corr,z48_a0p5_corr_pruned_top10,3,6,8022,SOLUSDT,val_second,,-11.991791873571866,12.120624100457444,67,0.2128330985117344,True,,,,,,,9.0,4.0,6.477611940298507,4.0,5.0,0.8656716417910447,0.13432835820895522
sw_lints,corr,z48_a0p5_corr_pruned_top10,3,6,8023,BTCUSDT,val,2000.0,-1.47895247105021,3.9883820286171434,131,0.8789938089322473,True,0.6005,0.118,0.26349999999999996,0.7365,1.0,0.995,10.0,5.0,8.954198473282442,4.0,8.0,0.7709923664122137,0.22900763358778625
sw_lints,corr,z48_a0p5_corr_pruned_top10,3,6,8023,BTCUSDT,val_first,,0.7904973295930873,3.620714728581187,65,1.0292302573687775,True,,,,,,,9.0,4.0,9.4,4.0,7.0,0.8,0.2
sw_lints,corr,z48_a0p5_corr_pruned_top10,3,6,8023,BTCUSDT,val_second,,-2.251650563070451,3.9883820286171434,66,0.7154342463970287,True,,,,,,,10.5,5.0,8.515151515151516,4.0,9.75,0.7424242424242424,0.25757575757575757
sw_lints,corr,z48_a0p5_corr_pruned_top10,3,6,8023,ETHUSDT,val,2000.0,-7.077742348529825,9.394310402315288,170,0.6837784830593662,True,0.488,0.24,0.33999999999999997,0.66,1.0,0.995,8.0,4.0,5.741176470588235,4.0,4.75,0.9117647058823529,0.08823529411764706
sw_lints,corr,z48_a0p5_corr_pruned_top10,3,6,8023,ETHUSDT,val_first,,-2.404998304430206,4.5254605514405295,87,0.7652654381400533,True,,,,,,,7.0,4.0,5.586206896551724,4.0,4.0,0.9080459770114943,0.09195402298850575
sw_lints,corr,z48_a0p5_corr_pruned_top10,3,6,8023,ETHUSDT,val_second,,-4.787892784381942,7.2545768116630605,83,0.6162633325351026,True,,,,,,,8.0,4.0,5.903614457831325,4.0,5.0,0.9156626506024096,0.08433734939759036
sw_lints,corr,z48_a0p5_corr_pruned_top10,3,6,8023,SOLUSDT,val,2000.0,-8.376701999889635,10.693931009714962,141,0.6460368446421988,True,0.4835,0.168,0.28200000000000003,0.718,1.0,0.995,9.0,4.0,6.858156028368795,4.0,6.0,0.8226950354609929,0.1773049645390071
sw_lints,corr,z48_a0p5_corr_pruned_top10,3,6,8023,SOLUSDT,val_first,,-1.5669049905588817,6.159606793376849,75,0.829263273418326,True,,,,,,,10.0,4.0,6.826666666666667,4.0,7.5,0.8,0.2
sw_lints,corr,z48_a0p5_corr_pruned_top10,3,6,8023,SOLUSDT,val_second,,-6.918198608585446,8.69114438023233,66,0.4936660298139938,True,,,,,,,8.0,4.0,6.893939393939394,4.0,4.0,0.8484848484848485,0.15151515151515152
sw_lints,corr,z48_a0p5_corr_pruned_top10,3,6,8024,BTCUSDT,val,2000.0,-2.4733384067913255,5.187240706291152,131,0.8223653469287402,True,0.607,0.1175,0.26349999999999996,0.7365,1.0,0.995,9.0,5.0,9.053435114503817,4.0,9.0,0.7862595419847328,0.21374045801526717
sw_lints,corr,z48_a0p5_corr_pruned_top10,3,6,8024,BTCUSDT,val_first,,0.9441348708157493,3.290657776246486,63,1.051191660277066,True,,,,,,,9.0,4.0,9.698412698412698,4.0,8.5,0.7777777777777778,0.2222222222222222
sw_lints,corr,z48_a0p5_corr_pruned_top10,3,6,8024,BTCUSDT,val_second,,-3.385509501845374,5.187240706291152,68,0.5999236391141735,True,,,,,,,9.5,5.0,8.455882352941176,4.0,9.0,0.7941176470588235,0.20588235294117646
sw_lints,corr,z48_a0p5_corr_pruned_top10,3,6,8024,ETHUSDT,val,2000.0,-5.567973245949121,7.383244721384996,161,0.7423327916221354,True,0.497,0.212,0.32199999999999995,0.678,1.0,0.995,8.0,4.0,6.173913043478261,4.0,5.0,0.8944099378881988,0.10559006211180125
sw_lints,corr,z48_a0p5_corr_pruned_top10,3,6,8024,ETHUSDT,val_first,,-1.4207587737677607,4.940155611647801,81,0.8204163652402312,True,,,,,,,9.0,4.0,6.172839506172839,4.0,5.0,0.8765432098765432,0.12345679012345678
sw_lints,corr,z48_a0p5_corr_pruned_top10,3,6,8024,ETHUSDT,val_second,,-4.206985589048918,6.368707998194334,79,0.6692909403693106,True,,,,,,,8.0,4.0,6.012658227848101,4.0,5.0,0.9240506329113924,0.0759493670886076
sw_lints,corr,z48_a0p5_corr_pruned_top10,3,6,8024,SOLUSDT,val,2000.0,-9.985672997583839,11.576553082401631,140,0.6038145526372639,True,0.476,0.1565,0.27949999999999997,0.7205,1.0,0.995,9.0,4.0,6.8,4.0,6.25,0.8214285714285714,0.17857142857142858
sw_lints,corr,z48_a0p5_corr_pruned_top10,3,6,8024,SOLUSDT,val_first,,-0.27349338899326225,4.870261619231786,74,0.9148227815371343,True,,,,,,,10.0,4.0,6.851351351351352,4.0,7.0,0.7837837837837838,0.21621621621621623
sw_lints,corr,z48_a0p5_corr_pruned_top10,3,6,8024,SOLUSDT,val_second,,-9.738814622750102,10.743797669320088,66,0.35390044316172437,True,,,,,,,9.0,4.0,6.742424242424242,4.0,5.0,0.8636363636363636,0.13636363636363635
sw_lints,hybrid,z72_a0p5_hybrid_corr5_bsstablehie5_top10,1,23,8000,BTCUSDT,val,2000.0,-6.695203133144323,8.307717148271754,112,0.5179172300317646,True,0.441,0.147,0.22550000000000003,0.7745,1.0,0.995,9.0,4.0,7.669642857142857,4.0,7.0,0.8392857142857143,0.16071428571428573
sw_lints,hybrid,z72_a0p5_hybrid_corr5_bsstablehie5_top10,1,23,8000,BTCUSDT,val_first,,-4.199326002731796,5.040414948005745,46,0.3383720003619127,True,,,,,,,9.0,4.0,8.195652173913043,4.0,4.75,0.8260869565217391,0.17391304347826086
sw_lints,hybrid,z72_a0p5_hybrid_corr5_bsstablehie5_top10,1,23,8000,BTCUSDT,val_second,,-2.6052813892350035,4.410693520620013,66,0.6801673059880098,True,,,,,,,8.5,4.0,7.303030303030303,4.0,7.0,0.8484848484848485,0.15151515151515152
sw_lints,hybrid,z72_a0p5_hybrid_corr5_bsstablehie5_top10,1,23,8000,ETHUSDT,val,2000.0,-3.0487207189426435,7.680025406186397,78,0.7604431179653091,True,0.405,0.075,0.15749999999999997,0.8425,1.0,0.995,12.0,4.0,10.294871794871796,4.0,13.75,0.6923076923076923,0.3076923076923077
sw_lints,hybrid,z72_a0p5_hybrid_corr5_bsstablehie5_top10,1,23,8000,ETHUSDT,val_first,,-2.0274490180232863,3.5662084831264207,23,0.6134050042214012,True,,,,,,,25.0,14.0,17.08695652173913,4.5,25.0,0.391304347826087,0.6086956521739131
sw_lints,hybrid,z72_a0p5_hybrid_corr5_bsstablehie5_top10,1,23,8000,ETHUSDT,val_second,,-1.0424059501188632,5.8476114735660385,54,0.8571967849991778,True,,,,,,,9.5,4.0,7.518518518518518,4.0,5.75,0.8148148148148148,0.18518518518518517
sw_lints,hybrid,z72_a0p5_hybrid_corr5_bsstablehie5_top10,1,23,8000,SOLUSDT,val,2000.0,-4.971248813541573,9.64194329867405,84,0.6886192257243621,True,0.444,0.1085,0.16949999999999998,0.8305,1.0,0.995,9.5,4.0,9.607142857142858,4.0,5.0,0.8571428571428571,0.14285714285714285
sw_lints,hybrid,z72_a0p5_hybrid_corr5_bsstablehie5_top10,1,23,8000,SOLUSDT,val_first,,-0.19316243953844126,2.6670836024353384,55,1.0111392880304322,True,,,,,,,9.0,4.0,6.163636363636364,4.0,4.0,0.9454545454545454,0.05454545454545454
sw_lints,hybrid,z72_a0p5_hybrid_corr5_bsstablehie5_top10,1,23,8000,SOLUSDT,val_second,,-4.787333704575747,8.47448977364822,28,0.5456076543029657,True,,,,,,,14.0,4.0,12.964285714285714,4.0,10.0,0.7142857142857143,0.2857142857142857
sw_lints,hybrid,z72_a0p5_hybrid_corr5_bsstablehie5_top10,1,23,8001,BTCUSDT,val,2000.0,-4.3789101394299035,5.393097439653449,73,0.5753030364368972,True,0.373,0.0675,0.14749999999999996,0.8525,1.0,0.995,16.0,4.0,9.821917808219178,4.0,10.0,0.7397260273972602,0.2602739726027397
sw_lints,hybrid,z72_a0p5_hybrid_corr5_bsstablehie5_top10,1,23,8001,BTCUSDT,val_first,,-2.073784644393162,4.299154398924454,33,0.5694160160108753,True,,,,,,,13.5,4.0,9.818181818181818,4.0,7.0,0.7878787878787878,0.21212121212121213
sw_lints,hybrid,z72_a0p5_hybrid_corr5_bsstablehie5_top10,1,23,8001,BTCUSDT,val_second,,-2.3539411654641906,3.6276780163963296,40,0.5808412540790969,True,,,,,,,17.0,5.5,9.825,4.0,11.25,0.7,0.3
sw_lints,hybrid,z72_a0p5_hybrid_corr5_bsstablehie5_top10,1,23,8001,ETHUSDT,val,2000.0,-2.407522743012902,6.264445436150401,65,0.7644713745008762,True,0.339,0.0675,0.13149999999999995,0.8685,1.0,0.995,15.0,4.0,10.323076923076924,4.0,13.0,0.7076923076923077,0.2923076923076923
sw_lints,hybrid,z72_a0p5_hybrid_corr5_bsstablehie5_top10,1,23,8001,ETHUSDT,val_first,,-2.870652604886925,3.943773095843528,32,0.5132264411452535,True,,,,,,,15.0,4.5,10.8125,4.0,14.75,0.6875,0.3125
sw_lints,hybrid,z72_a0p5_hybrid_corr5_bsstablehie5_top10,1,23,8001,ETHUSDT,val_second,,0.4768176398736168,3.8469491452148508,33,1.0382099060234729,True,,,,,,,14.0,4.0,9.848484848484848,4.0,10.0,0.7272727272727273,0.2727272727272727
sw_lints,hybrid,z72_a0p5_hybrid_corr5_bsstablehie5_top10,1,23,8001,SOLUSDT,val,2000.0,-3.501459163827292,9.237386700843153,83,0.7749875393723898,True,0.383,0.103,0.16749999999999998,0.8325,1.0,0.995,9.0,4.0,8.843373493975903,4.0,5.5,0.8433734939759037,0.1566265060240964
sw_lints,hybrid,z72_a0p5_hybrid_corr5_bsstablehie5_top10,1,23,8001,SOLUSDT,val_first,,-1.6676899780673882,3.536077832719542,33,0.7856020528204082,True,,,,,,,12.0,4.0,7.787878787878788,4.0,6.0,0.8181818181818182,0.18181818181818182
sw_lints,hybrid,z72_a0p5_hybrid_corr5_bsstablehie5_top10,1,23,8001,SOLUSDT,val_second,,-1.8648694262861198,6.746643509656569,49,0.9471435839999442,True,,,,,,,7.0,4.0,7.73469387755102,4.0,4.0,0.8775510204081632,0.12244897959183673
sw_lints,hybrid,z72_a0p5_hybrid_corr5_bsstablehie5_top10,1,23,8002,BTCUSDT,val,2000.0,-3.4866540863678908,4.349714596579746,103,0.6926694749853589,True,0.481,0.1055,0.20750000000000002,0.7925,1.0,0.995,10.0,4.0,9.233009708737864,4.0,7.0,0.7669902912621359,0.23300970873786409
sw_lints,hybrid,z72_a0p5_hybrid_corr5_bsstablehie5_top10,1,23,8002,BTCUSDT,val_first,,-0.7711118455276944,3.386319848402586,44,0.8150148503465585,True,,,,,,,8.0,4.0,8.795454545454545,4.0,6.25,0.7727272727272727,0.22727272727272727
sw_lints,hybrid,z72_a0p5_hybrid_corr5_bsstablehie5_top10,1,23,8002,BTCUSDT,val_second,,-2.7366448333199456,3.8452329159420096,59,0.599375686028572,True,,,,,,,12.0,4.0,9.559322033898304,4.0,7.5,0.7627118644067796,0.23728813559322035
sw_lints,hybrid,z72_a0p5_hybrid_corr5_bsstablehie5_top10,1,23,8002,ETHUSDT,val,2000.0,1.952313996240962,8.189806743384953,83,1.07978145857956,True,0.4325,0.094,0.16749999999999998,0.8325,1.0,0.995,11.0,4.0,10.337349397590362,4.0,12.5,0.6987951807228916,0.30120481927710846
sw_lints,hybrid,z72_a0p5_hybrid_corr5_bsstablehie5_top10,1,23,8002,ETHUSDT,val_first,,2.380282988795379,1.3396784776944726,31,1.507970132998314,True,,,,,,,17.0,7.0,10.290322580645162,4.0,14.0,0.6129032258064516,0.3870967741935484
sw_lints,hybrid,z72_a0p5_hybrid_corr5_bsstablehie5_top10,1,23,8002,ETHUSDT,val_second,,-0.4180189583977256,7.695821104413292,51,0.8976887992943282,True,,,,,,,8.0,4.0,10.196078431372548,4.0,7.0,0.7647058823529411,0.23529411764705882
sw_lints,hybrid,z72_a0p5_hybrid_corr5_bsstablehie5_top10,1,23,8002,SOLUSDT,val,2000.0,-6.319719269022128,7.241133626124818,81,0.5776982575937917,True,0.315,0.104,0.16349999999999998,0.8365,1.0,0.995,10.0,4.0,6.839506172839506,4.0,6.0,0.8271604938271605,0.1728395061728395
sw_lints,hybrid,z72_a0p5_hybrid_corr5_bsstablehie5_top10,1,23,8002,SOLUSDT,val_first,,-1.3618957752598582,2.572375618383693,53,0.7996880385816746,True,,,,,,,8.0,4.0,5.490566037735849,4.0,4.0,0.8867924528301887,0.11320754716981132
sw_lints,hybrid,z72_a0p5_hybrid_corr5_bsstablehie5_top10,1,23,8002,SOLUSDT,val_second,,-5.0262761361128945,5.600409682486496,28,0.3875363116635597,True,,,,,,,14.5,4.0,9.392857142857142,4.0,10.75,0.7142857142857143,0.2857142857142857
sw_lints,hybrid,z72_a0p5_hybrid_corr5_bsstablehie5_top10,1,23,8003,BTCUSDT,val,2000.0,-5.913268376379365,7.0930705536591425,87,0.47985965912582196,True,0.355,0.099,0.1755,0.8245,1.0,0.995,11.0,4.0,7.908045977011494,4.0,7.0,0.7931034482758621,0.20689655172413793
sw_lints,hybrid,z72_a0p5_hybrid_corr5_bsstablehie5_top10,1,23,8003,BTCUSDT,val_first,,-3.5370994065180628,4.0801854156367945,33,0.2926792496654416,True,,,,,,,9.5,4.0,9.303030303030303,4.0,10.0,0.7272727272727273,0.2727272727272727
sw_lints,hybrid,z72_a0p5_hybrid_corr5_bsstablehie5_top10,1,23,8003,BTCUSDT,val_second,,-2.463298278656423,3.686361414868544,54,0.6369940452097815,True,,,,,,,11.0,4.0,7.055555555555555,4.0,5.75,0.8333333333333334,0.16666666666666666
sw_lints,hybrid,z72_a0p5_hybrid_corr5_bsstablehie5_top10,1,23,8003,ETHUSDT,val,2000.0,1.8156560310530923,5.545132537634034,69,1.0313663547319036,True,0.3665,0.0635,0.13949999999999996,0.8605,1.0,0.995,15.0,5.0,10.014492753623188,4.0,12.0,0.7246376811594203,0.2753623188405797
sw_lints,hybrid,z72_a0p5_hybrid_corr5_bsstablehie5_top10,1,23,8003,ETHUSDT,val_first,,-2.091645729238978,3.6061722800730722,33,0.613302184319606,True,,,,,,,20.5,5.0,11.242424242424242,4.0,17.0,0.6666666666666666,0.3333333333333333
sw_lints,hybrid,z72_a0p5_hybrid_corr5_bsstablehie5_top10,1,23,8003,ETHUSDT,val_second,,3.990774627348559,3.9141167871351024,36,1.4538235739202858,True,,,,,,,14.0,4.0,8.88888888888889,4.0,9.0,0.7777777777777778,0.2222222222222222
sw_lints,hybrid,z72_a0p5_hybrid_corr5_bsstablehie5_top10,1,23,8003,SOLUSDT,val,2000.0,-6.647847620081382,8.382183836411405,78,0.6008681308031516,True,0.3555,0.1015,0.15749999999999997,0.8425,1.0,0.995,9.0,4.0,8.576923076923077,4.0,5.0,0.8461538461538461,0.15384615384615385
sw_lints,hybrid,z72_a0p5_hybrid_corr5_bsstablehie5_top10,1,23,8003,SOLUSDT,val_first,,-1.3447313850059817,2.7813706249503967,36,0.7092428703010751,True,,,,,,,14.0,4.0,7.944444444444445,4.0,5.0,0.8611111111111112,0.1388888888888889
sw_lints,hybrid,z72_a0p5_hybrid_corr5_bsstablehie5_top10,1,23,8003,SOLUSDT,val_second,,-5.3754009385662,7.601259665104132,41,0.5758161759803738,True,,,,,,,7.0,4.0,9.24390243902439,4.0,5.0,0.8292682926829268,0.17073170731707318
sw_lints,hybrid,z72_a0p5_hybrid_corr5_bsstablehie5_top10,1,23,8004,BTCUSDT,val,2000.0,-5.943230397004539,6.769718193307872,106,0.5366198705637627,True,0.446,0.1355,0.21350000000000002,0.7865,1.0,0.995,8.0,4.0,8.11320754716981,4.0,7.0,0.8207547169811321,0.1792452830188679
sw_lints,hybrid,z72_a0p5_hybrid_corr5_bsstablehie5_top10,1,23,8004,BTCUSDT,val_first,,-2.290001685344434,4.350528666928167,34,0.5407276602261343,True,,,,,,,10.5,4.0,10.647058823529411,4.0,9.75,0.7352941176470589,0.2647058823529412
sw_lints,hybrid,z72_a0p5_hybrid_corr5_bsstablehie5_top10,1,23,8004,BTCUSDT,val_second,,-3.738848403103656,4.963616213227295,72,0.5338880149981083,True,,,,,,,7.5,4.0,6.916666666666667,4.0,5.0,0.8611111111111112,0.1388888888888889
sw_lints,hybrid,z72_a0p5_hybrid_corr5_bsstablehie5_top10,1,23,8004,ETHUSDT,val,2000.0,5.545138937204519,3.0943238067973167,74,1.4970410133671492,True,0.3365,0.083,0.14949999999999997,0.8505,1.0,0.995,10.0,4.0,9.013513513513514,4.0,8.75,0.7837837837837838,0.21621621621621623
sw_lints,hybrid,z72_a0p5_hybrid_corr5_bsstablehie5_top10,1,23,8004,ETHUSDT,val_first,,-0.3014015035179507,1.6719799223407827,38,0.8883037380771344,True,,,,,,,8.0,4.0,8.657894736842104,4.0,7.75,0.7894736842105263,0.21052631578947367
sw_lints,hybrid,z72_a0p5_hybrid_corr5_bsstablehie5_top10,1,23,8004,ETHUSDT,val_second,,5.864215273727025,3.0943238067973167,36,2.1828075210730207,True,,,,,,,14.0,4.0,9.38888888888889,4.0,9.0,0.7777777777777778,0.2222222222222222
sw_lints,hybrid,z72_a0p5_hybrid_corr5_bsstablehie5_top10,1,23,8004,SOLUSDT,val,2000.0,-7.939464004903273,9.82561641081685,108,0.6160305384539867,True,0.42,0.1535,0.21750000000000003,0.7825,1.0,0.995,7.0,4.0,7.388888888888889,4.0,5.0,0.8518518518518519,0.14814814814814814
sw_lints,hybrid,z72_a0p5_hybrid_corr5_bsstablehie5_top10,1,23,8004,SOLUSDT,val_first,,-1.2871230528400779,2.5665257098979266,58,0.8678845146118126,True,,,,,,,7.0,4.0,5.431034482758621,4.0,5.0,0.9137931034482759,0.08620689655172414
sw_lints,hybrid,z72_a0p5_hybrid_corr5_bsstablehie5_top10,1,23,8004,SOLUSDT,val_second,,-6.73908121999538,8.282005281690541,49,0.5274846311462779,True,,,,,,,6.0,4.0,7.959183673469388,4.0,6.0,0.7959183673469388,0.20408163265306123
sw_lints,hybrid,z72_a0p5_hybrid_corr5_bsstablehie5_top10,1,23,8005,BTCUSDT,val,2000.0,-4.817528768579493,6.19553220615402,93,0.5911554420027965,True,0.4175,0.1035,0.1875,0.8125,1.0,0.995,11.0,4.0,8.666666666666666,4.0,9.0,0.7634408602150538,0.23655913978494625
sw_lints,hybrid,z72_a0p5_hybrid_corr5_bsstablehie5_top10,1,23,8005,BTCUSDT,val_first,,-1.2232118374486456,3.3976045654065756,46,0.7488218560338474,True,,,,,,,9.0,4.0,8.26086956521739,4.0,9.75,0.7391304347826086,0.2608695652173913
sw_lints,hybrid,z72_a0p5_hybrid_corr5_bsstablehie5_top10,1,23,8005,BTCUSDT,val_second,,-3.638827499853392,5.267915729686379,47,0.45882031992101796,True,,,,,,,11.0,4.0,9.063829787234043,4.0,8.0,0.7872340425531915,0.2127659574468085
sw_lints,hybrid,z72_a0p5_hybrid_corr5_bsstablehie5_top10,1,23,8005,ETHUSDT,val,2000.0,-0.18784997842347106,7.023928476033814,72,0.9020015158743383,True,0.4805,0.0805,0.14549999999999996,0.8545,1.0,0.995,12.5,4.0,13.25,4.0,15.5,0.6805555555555556,0.3194444444444444
sw_lints,hybrid,z72_a0p5_hybrid_corr5_bsstablehie5_top10,1,23,8005,ETHUSDT,val_first,,-1.1598895428659661,2.851041433647994,31,0.6856976433892783,True,,,,,,,17.0,6.0,12.870967741935484,4.0,22.0,0.6451612903225806,0.3548387096774194
sw_lints,hybrid,z72_a0p5_hybrid_corr5_bsstablehie5_top10,1,23,8005,ETHUSDT,val_second,,0.9834464570575907,6.355719283596328,40,1.2289348877265065,True,,,,,,,6.0,4.0,11.35,4.0,10.0,0.725,0.275
sw_lints,hybrid,z72_a0p5_hybrid_corr5_bsstablehie5_top10,1,23,8005,SOLUSDT,val,2000.0,-0.8907641019761714,6.9296515339908105,88,0.9066708085025209,True,0.373,0.1095,0.1775,0.8225,1.0,0.995,12.0,4.0,7.875,4.0,6.0,0.8522727272727273,0.14772727272727273
sw_lints,hybrid,z72_a0p5_hybrid_corr5_bsstablehie5_top10,1,23,8005,SOLUSDT,val_first,,2.628792247694456,1.7829741176705882,43,1.4249623372951397,True,,,,,,,12.0,4.0,7.651162790697675,4.0,5.5,0.8604651162790697,0.13953488372093023
sw_lints,hybrid,z72_a0p5_hybrid_corr5_bsstablehie5_top10,1,23,8005,SOLUSDT,val_second,,-3.429404431824723,6.463755578543495,45,0.6734248839757219,True,,,,,,,12.0,4.0,8.088888888888889,4.0,6.0,0.8444444444444444,0.15555555555555556
sw_lints,hybrid,z72_a0p5_hybrid_corr5_bsstablehie5_top10,1,23,8006,BTCUSDT,val,2000.0,-5.17301064178427,5.940588986686457,105,0.6007821715820716,True,0.406,0.1335,0.21150000000000002,0.7885,1.0,0.995,7.0,4.0,7.523809523809524,4.0,5.0,0.8666666666666667,0.13333333333333333
sw_lints,hybrid,z72_a0p5_hybrid_corr5_bsstablehie5_top10,1,23,8006,BTCUSDT,val_first,,-0.8825030401691136,3.3356633146998993,37,0.7779967383449672,True,,,,,,,10.5,4.0,9.324324324324325,4.0,10.0,0.7297297297297297,0.2702702702702703
sw_lints,hybrid,z72_a0p5_hybrid_corr5_bsstablehie5_top10,1,23,8006,BTCUSDT,val_second,,-4.328708586491004,5.261694309921195,68,0.49660227907510013,True,,,,,,,7.0,4.0,6.544117647058823,4.0,5.0,0.9411764705882353,0.058823529411764705
sw_lints,hybrid,z72_a0p5_hybrid_corr5_bsstablehie5_top10,1,23,8006,ETHUSDT,val,2000.0,-0.22926206284853423,5.86505712836728,68,0.8777841431515927,True,0.3405,0.064,0.13749999999999996,0.8625,1.0,0.995,12.0,5.0,9.397058823529411,4.0,10.25,0.6911764705882353,0.3088235294117647
sw_lints,hybrid,z72_a0p5_hybrid_corr5_bsstablehie5_top10,1,23,8006,ETHUSDT,val_first,,-2.6536198659577237,3.5207964782114964,34,0.4285294703448551,True,,,,,,,12.0,5.0,9.558823529411764,4.0,10.5,0.7352941176470589,0.2647058823529412
sw_lints,hybrid,z72_a0p5_hybrid_corr5_bsstablehie5_top10,1,23,8006,ETHUSDT,val_second,,2.4904447394663576,3.5506637395133933,34,1.3085801534597614,True,,,,,,,12.0,5.0,9.235294117647058,4.0,10.0,0.6470588235294118,0.35294117647058826
sw_lints,hybrid,z72_a0p5_hybrid_corr5_bsstablehie5_top10,1,23,8006,SOLUSDT,val,2000.0,-2.9073894779727882,7.663113609148475,81,0.8149947845937393,True,0.396,0.0985,0.16349999999999998,0.8365,1.0,0.995,9.0,4.0,9.25925925925926,4.0,7.0,0.7901234567901234,0.20987654320987653
sw_lints,hybrid,z72_a0p5_hybrid_corr5_bsstablehie5_top10,1,23,8006,SOLUSDT,val_first,,0.8079285225091049,2.1813808730484996,36,1.1743002778402365,True,,,,,,,13.0,4.0,7.805555555555555,4.0,9.0,0.7777777777777778,0.2222222222222222
sw_lints,hybrid,z72_a0p5_hybrid_corr5_bsstablehie5_top10,1,23,8006,SOLUSDT,val_second,,-3.6855414598191194,6.443041438463249,44,0.7614662281281575,True,,,,,,,7.0,4.0,8.568181818181818,4.0,5.0,0.8181818181818182,0.18181818181818182
sw_lints,hybrid,z72_a0p5_hybrid_corr5_bsstablehie5_top10,1,23,8007,BTCUSDT,val,2000.0,-5.508199998542162,5.99767064755029,109,0.5722532296022741,True,0.399,0.142,0.21950000000000003,0.7805,1.0,0.995,8.0,4.0,7.110091743119266,4.0,5.0,0.8715596330275229,0.12844036697247707
sw_lints,hybrid,z72_a0p5_hybrid_corr5_bsstablehie5_top10,1,23,8007,BTCUSDT,val_first,,-1.0720675237597121,3.397939884186796,31,0.7147984598442239,True,,,,,,,15.0,4.0,10.03225806451613,4.0,8.0,0.7419354838709677,0.25806451612903225
sw_lints,hybrid,z72_a0p5_hybrid_corr5_bsstablehie5_top10,1,23,8007,BTCUSDT,val_second,,-4.484206193076856,5.28825485138219,77,0.5113057417185709,True,,,,,,,6.0,4.0,5.974025974025974,4.0,4.0,0.922077922077922,0.07792207792207792
sw_lints,hybrid,z72_a0p5_hybrid_corr5_bsstablehie5_top10,1,23,8007,ETHUSDT,val,2000.0,-0.47867888292756344,6.8364890614009965,73,0.9175871824727726,True,0.3355,0.078,0.14749999999999996,0.8525,1.0,0.995,13.0,4.0,9.095890410958905,4.0,10.0,0.684931506849315,0.3150684931506849
sw_lints,hybrid,z72_a0p5_hybrid_corr5_bsstablehie5_top10,1,23,8007,ETHUSDT,val_first,,-1.4770336928953909,2.3040126916035963,32,0.6290579416425809,True,,,,,,,12.0,4.0,10.65625,4.0,10.25,0.625,0.375
sw_lints,hybrid,z72_a0p5_hybrid_corr5_bsstablehie5_top10,1,23,8007,ETHUSDT,val_second,,1.0133219160858964,5.4995450642922545,41,1.0802542927930923,True,,,,,,,14.0,4.0,7.878048780487805,4.0,10.0,0.7317073170731707,0.2682926829268293
sw_lints,hybrid,z72_a0p5_hybrid_corr5_bsstablehie5_top10,1,23,8007,SOLUSDT,val,2000.0,-3.3594548502761667,6.3674519719011835,94,0.7825736068346396,True,0.4445,0.122,0.1895,0.8105,1.0,0.995,10.5,4.0,8.872340425531915,4.0,6.0,0.8297872340425532,0.1702127659574468
sw_lints,hybrid,z72_a0p5_hybrid_corr5_bsstablehie5_top10,1,23,8007,SOLUSDT,val_first,,-0.4648673337458442,4.0098782873028815,52,0.9741164751659892,True,,,,,,,9.0,4.0,6.884615384615385,4.0,4.0,0.9038461538461539,0.09615384615384616
sw_lints,hybrid,z72_a0p5_hybrid_corr5_bsstablehie5_top10,1,23,8007,SOLUSDT,val_second,,-2.908106352995987,5.395080677875896,41,0.7562208084621194,True,,,,,,,11.0,4.0,9.073170731707316,4.0,7.0,0.7560975609756098,0.24390243902439024
sw_lints,hybrid,z72_a0p5_hybrid_corr5_bsstablehie5_top10,1,23,8008,BTCUSDT,val,2000.0,-7.3929073774105625,7.950976304969981,107,0.4656358340822848,True,0.4105,0.1205,0.21550000000000002,0.7845,1.0,0.995,9.0,4.0,7.4672897196261685,4.0,7.0,0.8691588785046729,0.1308411214953271
sw_lints,hybrid,z72_a0p5_hybrid_corr5_bsstablehie5_top10,1,23,8008,BTCUSDT,val_first,,-2.794376364266582,4.639577274839423,36,0.48571615530999607,True,,,,,,,11.0,4.0,9.222222222222221,4.0,7.25,0.8055555555555556,0.19444444444444445
sw_lints,hybrid,z72_a0p5_hybrid_corr5_bsstablehie5_top10,1,23,8008,BTCUSDT,val_second,,-4.730725282290694,5.472980850609321,71,0.4521018445566974,True,,,,,,,8.0,4.0,6.577464788732394,4.0,7.0,0.9014084507042254,0.09859154929577464
sw_lints,hybrid,z72_a0p5_hybrid_corr5_bsstablehie5_top10,1,23,8008,ETHUSDT,val,2000.0,2.1163910314250467,4.541145245877964,73,1.120867068452904,True,0.3315,0.0735,0.14749999999999996,0.8525,1.0,0.995,14.0,5.0,8.986301369863014,4.0,11.0,0.6712328767123288,0.3287671232876712
sw_lints,hybrid,z72_a0p5_hybrid_corr5_bsstablehie5_top10,1,23,8008,ETHUSDT,val_first,,-0.024673611788073035,2.267735202433574,36,0.959772311558773,True,,,,,,,13.0,4.5,8.88888888888889,4.0,11.0,0.6944444444444444,0.3055555555555556
sw_lints,hybrid,z72_a0p5_hybrid_corr5_bsstablehie5_top10,1,23,8008,ETHUSDT,val_second,,2.1415930515687576,4.356715562440172,37,1.2319915127160515,True,,,,,,,15.0,6.0,9.08108108108108,4.0,12.0,0.6486486486486487,0.35135135135135137
sw_lints,hybrid,z72_a0p5_hybrid_corr5_bsstablehie5_top10,1,23,8008,SOLUSDT,val,2000.0,-1.814503173119264,7.659387810977014,70,0.8308265725530088,True,0.414,0.0745,0.14149999999999996,0.8585,1.0,0.995,10.5,4.0,10.728571428571428,4.0,6.0,0.8285714285714286,0.17142857142857143
sw_lints,hybrid,z72_a0p5_hybrid_corr5_bsstablehie5_top10,1,23,8008,SOLUSDT,val_first,,1.3668691216115914,1.9215201313819708,43,1.290256387638602,True,,,,,,,10.0,4.0,6.255813953488372,4.0,5.5,0.9302325581395349,0.06976744186046512
sw_lints,hybrid,z72_a0p5_hybrid_corr5_bsstablehie5_top10,1,23,8008,SOLUSDT,val_second,,-3.138473469979741,6.722756658741192,26,0.7098484140451438,True,,,,,,,13.0,4.0,12.346153846153847,4.0,12.25,0.6923076923076923,0.3076923076923077
sw_lints,hybrid,z72_a0p5_hybrid_corr5_bsstablehie5_top10,1,23,8009,BTCUSDT,val,2000.0,-3.6198138738550933,4.898883415246614,112,0.7094649589648417,True,0.4145,0.125,0.22550000000000003,0.7745,1.0,0.995,9.0,4.0,7.223214285714286,4.0,7.0,0.8303571428571429,0.16964285714285715
sw_lints,hybrid,z72_a0p5_hybrid_corr5_bsstablehie5_top10,1,23,8009,BTCUSDT,val_first,,-1.2055610072941647,3.577385322537985,56,0.7695993879822677,True,,,,,,,8.0,4.0,6.660714285714286,4.0,4.25,0.8571428571428571,0.14285714285714285
sw_lints,hybrid,z72_a0p5_hybrid_corr5_bsstablehie5_top10,1,23,8009,BTCUSDT,val_second,,-2.4437133214949225,3.9756035927083433,56,0.6533866071462452,True,,,,,,,11.0,5.0,7.785714285714286,4.0,8.25,0.8035714285714286,0.19642857142857142
sw_lints,hybrid,z72_a0p5_hybrid_corr5_bsstablehie5_top10,1,23,8009,ETHUSDT,val,2000.0,-2.589160920536049,7.562402432903426,89,0.8052023165688725,True,0.413,0.104,0.1795,0.8205,1.0,0.995,11.0,4.0,9.202247191011235,4.0,12.0,0.6966292134831461,0.30337078651685395
sw_lints,hybrid,z72_a0p5_hybrid_corr5_bsstablehie5_top10,1,23,8009,ETHUSDT,val_first,,-1.5124669186865947,3.06799287137961,33,0.7362850571932619,True,,,,,,,19.0,9.0,12.0,4.0,17.0,0.5454545454545454,0.45454545454545453
sw_lints,hybrid,z72_a0p5_hybrid_corr5_bsstablehie5_top10,1,23,8009,ETHUSDT,val_second,,-1.0932287246554373,6.441561937394558,55,0.8617308026273759,True,,,,,,,8.0,4.0,7.618181818181818,4.0,7.0,0.7818181818181819,0.21818181818181817
sw_lints,hybrid,z72_a0p5_hybrid_corr5_bsstablehie5_top10,1,23,8009,SOLUSDT,val,2000.0,-5.950506161695235,8.327188127109242,76,0.5888130843457423,True,0.3965,0.092,0.15349999999999997,0.8465,1.0,0.995,10.0,4.0,9.368421052631579,4.0,6.0,0.8421052631578947,0.15789473684210525
sw_lints,hybrid,z72_a0p5_hybrid_corr5_bsstablehie5_top10,1,23,8009,SOLUSDT,val_first,,1.24462996155017,2.3650075539236037,45,1.2669455397148426,True,,,,,,,11.0,4.0,6.866666666666666,4.0,5.0,0.9111111111111111,0.08888888888888889
sw_lints,hybrid,z72_a0p5_hybrid_corr5_bsstablehie5_top10,1,23,8009,SOLUSDT,val_second,,-7.106684202389701,7.508784639933874,30,0.22812075259548786,True,,,,,,,9.0,4.0,9.966666666666667,4.0,8.0,0.7666666666666667,0.23333333333333334
sw_lints,hybrid,z72_a0p5_hybrid_corr5_bsstablehie5_top10,1,23,8010,BTCUSDT,val,2000.0,-6.9189856654343185,7.978196110162406,124,0.5282601897723626,True,0.4495,0.1745,0.24950000000000006,0.7505,1.0,0.995,6.0,4.0,7.016129032258065,4.0,5.0,0.8629032258064516,0.13709677419354838
sw_lints,hybrid,z72_a0p5_hybrid_corr5_bsstablehie5_top10,1,23,8010,BTCUSDT,val_first,,-3.0165226777112752,4.72507533783344,41,0.5084320656602237,True,,,,,,,8.0,4.0,8.365853658536585,4.0,4.0,0.8536585365853658,0.14634146341463414
sw_lints,hybrid,z72_a0p5_hybrid_corr5_bsstablehie5_top10,1,23,8010,BTCUSDT,val_second,,-4.023843128200744,5.274550338925687,83,0.5427876012420839,True,,,,,,,6.0,4.0,6.349397590361446,4.0,5.0,0.8674698795180723,0.13253012048192772
sw_lints,hybrid,z72_a0p5_hybrid_corr5_bsstablehie5_top10,1,23,8010,ETHUSDT,val,2000.0,-2.122160733285139,7.6134590499885135,69,0.7916868138081177,True,0.305,0.0705,0.13949999999999996,0.8605,1.0,0.995,12.0,5.0,8.73913043478261,4.0,10.0,0.6956521739130435,0.30434782608695654
sw_lints,hybrid,z72_a0p5_hybrid_corr5_bsstablehie5_top10,1,23,8010,ETHUSDT,val_first,,-1.8820488806496671,2.7157844043778634,35,0.5935553683315027,True,,,,,,,8.5,4.0,8.857142857142858,4.0,8.0,0.7714285714285715,0.22857142857142856
sw_lints,hybrid,z72_a0p5_hybrid_corr5_bsstablehie5_top10,1,23,8010,ETHUSDT,val_second,,-0.2447175566715698,5.998708709527511,34,0.9225717419386872,True,,,,,,,13.5,5.0,8.617647058823529,4.0,10.75,0.6176470588235294,0.38235294117647056
sw_lints,hybrid,z72_a0p5_hybrid_corr5_bsstablehie5_top10,1,23,8010,SOLUSDT,val,2000.0,-4.00587274442149,5.210571965723165,47,0.6410441287754011,True,0.327,0.047,0.09550000000000003,0.9045,1.0,0.995,27.0,4.0,12.191489361702128,4.0,17.0,0.6595744680851063,0.3404255319148936
sw_lints,hybrid,z72_a0p5_hybrid_corr5_bsstablehie5_top10,1,23,8010,SOLUSDT,val_first,,-0.03400180332066016,2.6919172000610447,27,0.9748475356070383,True,,,,,,,27.0,4.0,9.37037037037037,4.0,8.5,0.7777777777777778,0.2222222222222222
sw_lints,hybrid,z72_a0p5_hybrid_corr5_bsstablehie5_top10,1,23,8010,SOLUSDT,val_second,,-3.9732219081995535,4.552118189915955,19,0.44200059960889215,True,,,,,,,27.0,7.0,11.789473684210526,4.0,18.0,0.5263157894736842,0.47368421052631576
sw_lints,hybrid,z72_a0p5_hybrid_corr5_bsstablehie5_top10,1,23,8011,BTCUSDT,val,2000.0,-6.947438579458787,7.042053402080928,100,0.4283397226608889,True,0.3925,0.1105,0.2015,0.7985,1.0,0.995,11.0,4.0,7.74,4.0,7.0,0.8,0.2
sw_lints,hybrid,z72_a0p5_hybrid_corr5_bsstablehie5_top10,1,23,8011,BTCUSDT,val_first,,-2.6101902975176228,4.495086282287264,39,0.5001696403678275,True,,,,,,,11.0,4.0,8.435897435897436,4.0,6.5,0.7948717948717948,0.20512820512820512
sw_lints,hybrid,z72_a0p5_hybrid_corr5_bsstablehie5_top10,1,23,8011,BTCUSDT,val_second,,-4.453492922094315,4.550643561274326,61,0.37119046748398354,True,,,,,,,11.0,4.0,7.295081967213115,4.0,7.0,0.8032786885245902,0.19672131147540983
sw_lints,hybrid,z72_a0p5_hybrid_corr5_bsstablehie5_top10,1,23,8011,ETHUSDT,val,2000.0,0.14746182095608518,6.04467873396538,78,0.9600631801278291,True,0.358,0.078,0.15749999999999997,0.8425,1.0,0.995,14.0,4.0,9.08974358974359,4.0,11.75,0.7307692307692307,0.2692307692307692
sw_lints,hybrid,z72_a0p5_hybrid_corr5_bsstablehie5_top10,1,23,8011,ETHUSDT,val_first,,-1.830068541851393,3.49699595126044,36,0.6402554352949694,True,,,,,,,15.0,4.0,9.63888888888889,4.0,13.5,0.6944444444444444,0.3055555555555556
sw_lints,hybrid,z72_a0p5_hybrid_corr5_bsstablehie5_top10,1,23,8011,ETHUSDT,val_second,,2.014395175217709,4.453127187451744,42,1.2371388128574063,True,,,,,,,14.0,4.0,8.619047619047619,4.0,9.0,0.7619047619047619,0.23809523809523808
sw_lints,hybrid,z72_a0p5_hybrid_corr5_bsstablehie5_top10,1,23,8011,SOLUSDT,val,2000.0,-3.9962942666414425,7.4437030969303875,70,0.7586310603239743,True,0.4735,0.079,0.14149999999999996,0.8585,1.0,0.995,11.5,4.0,12.17142857142857,4.0,9.0,0.7857142857142857,0.21428571428571427
sw_lints,hybrid,z72_a0p5_hybrid_corr5_bsstablehie5_top10,1,23,8011,SOLUSDT,val_first,,-0.18569525618330474,2.9145716330982063,44,1.0107835717168634,True,,,,,,,11.0,4.0,7.181818181818182,4.0,8.25,0.8181818181818182,0.18181818181818182
sw_lints,hybrid,z72_a0p5_hybrid_corr5_bsstablehie5_top10,1,23,8011,SOLUSDT,val_second,,-3.817688276483433,6.104697471082643,25,0.705868597715937,True,,,,,,,12.0,4.0,14.8,4.0,9.0,0.76,0.24
sw_lints,hybrid,z72_a0p5_hybrid_corr5_bsstablehie5_top10,1,23,8012,BTCUSDT,val,2000.0,-4.996185656335516,6.662472414003084,115,0.6358067011703525,True,0.4055,0.147,0.23150000000000004,0.7685,1.0,0.995,7.0,4.0,6.791304347826087,4.0,5.0,0.8782608695652174,0.12173913043478261
sw_lints,hybrid,z72_a0p5_hybrid_corr5_bsstablehie5_top10,1,23,8012,BTCUSDT,val_first,,-1.0013817473006559,4.158150042419761,37,0.7619832630732364,True,,,,,,,9.0,4.0,8.243243243243244,4.0,5.0,0.8108108108108109,0.1891891891891892
sw_lints,hybrid,z72_a0p5_hybrid_corr5_bsstablehie5_top10,1,23,8012,BTCUSDT,val_second,,-4.03521178329772,5.875898320270689,78,0.565926292753416,True,,,,,,,7.0,4.0,6.102564102564102,4.0,5.0,0.9102564102564102,0.08974358974358974
sw_lints,hybrid,z72_a0p5_hybrid_corr5_bsstablehie5_top10,1,23,8012,ETHUSDT,val,2000.0,-0.0776688141675641,5.661876904685048,68,0.8929374746080809,True,0.342,0.073,0.13749999999999996,0.8625,1.0,0.995,13.0,4.0,9.441176470588236,4.0,10.25,0.7058823529411765,0.29411764705882354
sw_lints,hybrid,z72_a0p5_hybrid_corr5_bsstablehie5_top10,1,23,8012,ETHUSDT,val_first,,0.21870479277514843,2.4364927291760874,38,1.0125188672628385,True,,,,,,,8.0,4.0,8.947368421052632,4.0,10.0,0.7105263157894737,0.2894736842105263
sw_lints,hybrid,z72_a0p5_hybrid_corr5_bsstablehie5_top10,1,23,8012,ETHUSDT,val_second,,-0.29572683817410406,5.4717543792529355,30,0.8183269660625907,True,,,,,,,15.5,4.0,10.066666666666666,4.0,11.75,0.7,0.3
sw_lints,hybrid,z72_a0p5_hybrid_corr5_bsstablehie5_top10,1,23,8012,SOLUSDT,val,2000.0,-3.1137066721523943,6.741638518855209,76,0.7553343980663538,True,0.404,0.096,0.15349999999999997,0.8465,1.0,0.995,11.0,4.0,9.710526315789474,4.0,6.0,0.8157894736842105,0.18421052631578946
sw_lints,hybrid,z72_a0p5_hybrid_corr5_bsstablehie5_top10,1,23,8012,SOLUSDT,val_first,,1.3261177671570534,2.6828408449855567,47,1.1852771502648545,True,,,,,,,11.0,4.0,6.659574468085107,4.0,5.0,0.8936170212765957,0.10638297872340426
sw_lints,hybrid,z72_a0p5_hybrid_corr5_bsstablehie5_top10,1,23,8012,SOLUSDT,val_second,,-4.381717702351895,5.197386885877364,28,0.5341262039375677,True,,,,,,,12.0,4.0,11.428571428571429,4.0,12.25,0.7142857142857143,0.2857142857142857
sw_lints,hybrid,z72_a0p5_hybrid_corr5_bsstablehie5_top10,1,23,8013,BTCUSDT,val,2000.0,-4.5008023580138445,6.14449281610816,99,0.6251172980437486,True,0.377,0.1145,0.1995,0.8005,1.0,0.995,9.0,4.0,7.3232323232323235,4.0,6.5,0.8080808080808081,0.1919191919191919
sw_lints,hybrid,z72_a0p5_hybrid_corr5_bsstablehie5_top10,1,23,8013,BTCUSDT,val_first,,-3.7579865933986656,4.707360876298672,41,0.3449360199475954,True,,,,,,,8.0,4.0,7.536585365853658,4.0,6.0,0.7804878048780488,0.21951219512195122
sw_lints,hybrid,z72_a0p5_hybrid_corr5_bsstablehie5_top10,1,23,8013,BTCUSDT,val_second,,-0.77182068238425,2.656673622518868,58,0.8694817019605166,True,,,,,,,9.5,4.0,7.172413793103448,4.0,6.75,0.8275862068965517,0.1724137931034483
sw_lints,hybrid,z72_a0p5_hybrid_corr5_bsstablehie5_top10,1,23,8013,ETHUSDT,val,2000.0,-2.996231719854636,8.303232212602385,68,0.746302080324544,True,0.4725,0.0655,0.13749999999999996,0.8625,1.0,0.995,12.0,6.0,13.794117647058824,4.0,19.0,0.6176470588235294,0.38235294117647056
sw_lints,hybrid,z72_a0p5_hybrid_corr5_bsstablehie5_top10,1,23,8013,ETHUSDT,val_first,,-0.44970309759228,3.1646834125978907,22,0.7609755879322138,True,,,,,,,35.5,13.0,17.181818181818183,5.0,22.75,0.45454545454545453,0.5454545454545454
sw_lints,hybrid,z72_a0p5_hybrid_corr5_bsstablehie5_top10,1,23,8013,ETHUSDT,val_second,,-2.5580321721780486,8.18604444698855,45,0.7090250510893387,True,,,,,,,10.0,4.0,11.044444444444444,4.0,12.0,0.7111111111111111,0.28888888888888886
sw_lints,hybrid,z72_a0p5_hybrid_corr5_bsstablehie5_top10,1,23,8013,SOLUSDT,val,2000.0,-6.52487537145976,8.872737192471147,72,0.6024959003593738,True,0.3565,0.077,0.14549999999999996,0.8545,1.0,0.995,12.0,4.0,9.597222222222221,4.0,8.0,0.8055555555555556,0.19444444444444445
sw_lints,hybrid,z72_a0p5_hybrid_corr5_bsstablehie5_top10,1,23,8013,SOLUSDT,val_first,,-0.04375610767241023,2.689095975329181,33,0.9679088814540412,True,,,,,,,12.0,4.0,8.484848484848484,4.0,7.0,0.9090909090909091,0.09090909090909091
sw_lints,hybrid,z72_a0p5_hybrid_corr5_bsstablehie5_top10,1,23,8013,SOLUSDT,val_second,,-6.4839563907271085,7.8939995953081326,38,0.46630077570925943,True,,,,,,,12.0,4.0,8.210526315789474,4.0,9.75,0.7368421052631579,0.2631578947368421
sw_lints,hybrid,z72_a0p5_hybrid_corr5_bsstablehie5_top10,1,23,8014,BTCUSDT,val,2000.0,-5.901720840814361,6.515833735971954,94,0.5146210328894993,True,0.337,0.097,0.1895,0.8105,1.0,0.995,10.0,4.0,6.829787234042553,4.0,7.0,0.8191489361702128,0.18085106382978725
sw_lints,hybrid,z72_a0p5_hybrid_corr5_bsstablehie5_top10,1,23,8014,BTCUSDT,val_first,,-3.567531518233291,4.282933590156201,43,0.3950706015941459,True,,,,,,,8.5,4.0,6.627906976744186,4.0,6.0,0.813953488372093,0.18604651162790697
sw_lints,hybrid,z72_a0p5_hybrid_corr5_bsstablehie5_top10,1,23,8014,BTCUSDT,val_second,,-2.420542955428351,3.0574877918161603,51,0.6325078290506516,True,,,,,,,11.0,4.0,7.0,4.0,7.0,0.8235294117647058,0.17647058823529413
sw_lints,hybrid,z72_a0p5_hybrid_corr5_bsstablehie5_top10,1,23,8014,ETHUSDT,val,2000.0,-0.8392041056532351,5.901925943067498,74,0.8924892040279107,True,0.3285,0.0775,0.14949999999999997,0.8505,1.0,0.995,12.0,4.0,8.783783783783784,4.0,11.0,0.6891891891891891,0.3108108108108108
sw_lints,hybrid,z72_a0p5_hybrid_corr5_bsstablehie5_top10,1,23,8014,ETHUSDT,val_first,,-0.6891653732968739,2.2798060111192675,35,0.8116308813224562,True,,,,,,,8.5,4.0,9.285714285714286,4.0,11.0,0.6571428571428571,0.34285714285714286
sw_lints,hybrid,z72_a0p5_hybrid_corr5_bsstablehie5_top10,1,23,8014,ETHUSDT,val_second,,-0.1510799228707893,5.407286001990541,39,0.9380471301784956,True,,,,,,,12.0,4.0,8.333333333333334,4.0,10.0,0.717948717948718,0.28205128205128205
sw_lints,hybrid,z72_a0p5_hybrid_corr5_bsstablehie5_top10,1,23,8014,SOLUSDT,val,2000.0,-3.778292793881022,8.557647823166914,57,0.693122649592528,True,0.402,0.0635,0.11550000000000005,0.8845,1.0,0.995,13.0,4.0,12.68421052631579,4.0,6.0,0.8245614035087719,0.17543859649122806
sw_lints,hybrid,z72_a0p5_hybrid_corr5_bsstablehie5_top10,1,23,8014,SOLUSDT,val_first,,0.9585080536574919,2.2110867363440367,31,1.2747565011482966,True,,,,,,,9.0,4.0,6.612903225806452,4.0,5.0,0.9354838709677419,0.06451612903225806
sw_lints,hybrid,z72_a0p5_hybrid_corr5_bsstablehie5_top10,1,23,8014,SOLUSDT,val_second,,-4.6918292859686295,7.318173550838547,25,0.5497726076788728,True,,,,,,,15.0,4.0,14.12,4.0,10.0,0.72,0.28
sw_lints,hybrid,z72_a0p5_hybrid_corr5_bsstablehie5_top10,1,23,8015,BTCUSDT,val,2000.0,-6.207546883753512,7.473946549406385,113,0.5451974210357783,True,0.412,0.1365,0.22750000000000004,0.7725,1.0,0.995,10.0,4.0,7.115044247787611,4.0,6.0,0.8584070796460177,0.1415929203539823
sw_lints,hybrid,z72_a0p5_hybrid_corr5_bsstablehie5_top10,1,23,8015,BTCUSDT,val_first,,-1.8954515661012916,3.728076290800142,41,0.5840543456820002,True,,,,,,,11.0,4.0,8.121951219512194,4.0,6.0,0.8048780487804879,0.1951219512195122
sw_lints,hybrid,z72_a0p5_hybrid_corr5_bsstablehie5_top10,1,23,8015,BTCUSDT,val_second,,-4.395408150273116,5.843874293031259,72,0.5238701735892121,True,,,,,,,9.0,4.0,6.541666666666667,4.0,5.25,0.8888888888888888,0.1111111111111111
sw_lints,hybrid,z72_a0p5_hybrid_corr5_bsstablehie5_top10,1,23,8015,ETHUSDT,val,2000.0,0.28829731316499796,4.493927771691331,79,0.9911000150762844,True,0.3225,0.085,0.15949999999999998,0.8405,1.0,0.995,9.0,4.0,8.075949367088608,4.0,7.0,0.7721518987341772,0.22784810126582278
sw_lints,hybrid,z72_a0p5_hybrid_corr5_bsstablehie5_top10,1,23,8015,ETHUSDT,val_first,,-0.8742089783585816,1.926539635122293,39,0.774875574435741,True,,,,,,,7.5,4.0,8.076923076923077,4.0,6.0,0.7948717948717948,0.20512820512820512
sw_lints,hybrid,z72_a0p5_hybrid_corr5_bsstablehie5_top10,1,23,8015,ETHUSDT,val_second,,1.172758652962247,3.8126628237445392,40,1.1484246699760845,True,,,,,,,12.0,4.0,8.075,4.0,8.5,0.75,0.25
sw_lints,hybrid,z72_a0p5_hybrid_corr5_bsstablehie5_top10,1,23,8015,SOLUSDT,val,2000.0,-3.9456775990109105,5.548218991479736,100,0.7658389091345466,True,0.4035,0.1115,0.2015,0.7985,1.0,0.995,10.0,4.0,7.61,4.0,6.0,0.85,0.15
sw_lints,hybrid,z72_a0p5_hybrid_corr5_bsstablehie5_top10,1,23,8015,SOLUSDT,val_first,,-0.7845545744268101,2.9536388124833612,65,0.9351555314974366,True,,,,,,,8.0,4.0,6.3076923076923075,4.0,6.0,0.8769230769230769,0.12307692307692308
sw_lints,hybrid,z72_a0p5_hybrid_corr5_bsstablehie5_top10,1,23,8015,SOLUSDT,val_second,,-3.18611987380073,4.611133815671941,34,0.7698603810182697,True,,,,,,,17.0,4.0,7.411764705882353,4.0,6.75,0.8235294117647058,0.17647058823529413
sw_lints,hybrid,z72_a0p5_hybrid_corr5_bsstablehie5_top10,1,23,8016,BTCUSDT,val,2000.0,-6.939087822276591,8.411164282121264,117,0.51841507107653,True,0.441,0.1665,0.23550000000000004,0.7645,1.0,0.995,6.0,4.0,7.2905982905982905,4.0,4.0,0.8547008547008547,0.1452991452991453
sw_lints,hybrid,z72_a0p5_hybrid_corr5_bsstablehie5_top10,1,23,8016,BTCUSDT,val_first,,-2.4077723871556045,4.319307961646102,25,0.4780033229035039,True,,,,,,,24.0,4.0,12.08,4.0,11.0,0.72,0.28
sw_lints,hybrid,z72_a0p5_hybrid_corr5_bsstablehie5_top10,1,23,8016,BTCUSDT,val_second,,-4.64311097918274,6.491729147593695,91,0.540077585262546,True,,,,,,,6.0,4.0,6.0,4.0,4.0,0.8901098901098901,0.10989010989010989
sw_lints,hybrid,z72_a0p5_hybrid_corr5_bsstablehie5_top10,1,23,8016,ETHUSDT,val,2000.0,-1.156319880361334,5.186841981908941,72,0.8653087097039286,True,0.345,0.0745,0.14549999999999996,0.8545,1.0,0.995,13.0,4.0,9.48611111111111,4.0,11.0,0.6805555555555556,0.3194444444444444
sw_lints,hybrid,z72_a0p5_hybrid_corr5_bsstablehie5_top10,1,23,8016,ETHUSDT,val_first,,-1.6959543226165108,2.659127247235471,30,0.4696810704519834,True,,,,,,,9.0,4.0,11.4,4.0,12.75,0.7,0.3
sw_lints,hybrid,z72_a0p5_hybrid_corr5_bsstablehie5_top10,1,23,8016,ETHUSDT,val_second,,0.5489442866127403,3.6241334798258418,42,1.0465912160114426,True,,,,,,,13.5,4.5,8.119047619047619,4.0,10.0,0.6666666666666666,0.3333333333333333
sw_lints,hybrid,z72_a0p5_hybrid_corr5_bsstablehie5_top10,1,23,8016,SOLUSDT,val,2000.0,-3.1614213580639094,7.659461569425263,85,0.7970431905801528,True,0.375,0.105,0.17149999999999999,0.8285,1.0,0.995,8.0,4.0,8.329411764705883,4.0,5.0,0.8941176470588236,0.10588235294117647
sw_lints,hybrid,z72_a0p5_hybrid_corr5_bsstablehie5_top10,1,23,8016,SOLUSDT,val_first,,-1.15609416679735,2.589099989495669,47,0.8779339185343855,True,,,,,,,8.0,4.0,4.702127659574468,4.0,4.0,0.9787234042553191,0.02127659574468085
sw_lints,hybrid,z72_a0p5_hybrid_corr5_bsstablehie5_top10,1,23,8016,SOLUSDT,val_second,,-2.0287818195392937,6.406667759054441,37,0.9388255295044532,True,,,,,,,8.0,4.0,9.972972972972974,4.0,6.0,0.8108108108108109,0.1891891891891892
sw_lints,hybrid,z72_a0p5_hybrid_corr5_bsstablehie5_top10,1,23,8017,BTCUSDT,val,2000.0,-5.5929761414980295,6.283706189023775,107,0.5364307256139749,True,0.4195,0.134,0.21550000000000002,0.7845,1.0,0.995,8.0,4.0,7.588785046728972,4.0,6.0,0.8130841121495327,0.18691588785046728
sw_lints,hybrid,z72_a0p5_hybrid_corr5_bsstablehie5_top10,1,23,8017,BTCUSDT,val_first,,-2.1448307469710493,4.257467405771709,47,0.6047841176032767,True,,,,,,,7.0,4.0,7.723404255319149,4.0,4.5,0.8297872340425532,0.1702127659574468
sw_lints,hybrid,z72_a0p5_hybrid_corr5_bsstablehie5_top10,1,23,8017,BTCUSDT,val_second,,-3.5237232952006203,4.389625888358495,60,0.4706592493411446,True,,,,,,,9.0,4.0,7.483333333333333,4.0,6.5,0.8,0.2
sw_lints,hybrid,z72_a0p5_hybrid_corr5_bsstablehie5_top10,1,23,8017,ETHUSDT,val,2000.0,-1.4621947269657154,6.150045396875637,72,0.8423641584997592,True,0.3395,0.075,0.14549999999999996,0.8545,1.0,0.995,12.5,4.0,9.333333333333334,4.0,10.0,0.7083333333333334,0.2916666666666667
sw_lints,hybrid,z72_a0p5_hybrid_corr5_bsstablehie5_top10,1,23,8017,ETHUSDT,val_first,,-2.3488635305217387,3.2343822088331753,34,0.546037392096167,True,,,,,,,11.0,4.0,9.676470588235293,4.0,10.0,0.7058823529411765,0.29411764705882354
sw_lints,hybrid,z72_a0p5_hybrid_corr5_bsstablehie5_top10,1,23,8017,ETHUSDT,val_second,,0.9079963998505525,4.05323238645332,38,1.094239728828711,True,,,,,,,14.5,4.0,9.026315789473685,4.0,10.0,0.7105263157894737,0.2894736842105263
sw_lints,hybrid,z72_a0p5_hybrid_corr5_bsstablehie5_top10,1,23,8017,SOLUSDT,val,2000.0,-7.669634558191484,11.010359351935406,67,0.559210636651486,True,0.399,0.075,0.13549999999999995,0.8645,1.0,0.995,12.0,4.0,10.552238805970148,4.0,8.0,0.7761194029850746,0.22388059701492538
sw_lints,hybrid,z72_a0p5_hybrid_corr5_bsstablehie5_top10,1,23,8017,SOLUSDT,val_first,,-1.5158877116485336,2.5842343463754913,31,0.790298395922677,True,,,,,,,16.0,4.0,7.354838709677419,4.0,7.5,0.8064516129032258,0.1935483870967742
sw_lints,hybrid,z72_a0p5_hybrid_corr5_bsstablehie5_top10,1,23,8017,SOLUSDT,val_second,,-6.248466583650991,9.471880400158872,35,0.5080686379848142,True,,,,,,,8.0,4.0,10.342857142857143,4.0,7.0,0.7714285714285715,0.22857142857142856
sw_lints,hybrid,z72_a0p5_hybrid_corr5_bsstablehie5_top10,1,23,8018,BTCUSDT,val,2000.0,-6.522684358572528,7.671906586130817,97,0.5026423477062003,True,0.419,0.12,0.1955,0.8045,1.0,0.995,9.0,4.0,8.329896907216495,4.0,8.0,0.7731958762886598,0.2268041237113402
sw_lints,hybrid,z72_a0p5_hybrid_corr5_bsstablehie5_top10,1,23,8018,BTCUSDT,val_first,,-2.815016863607467,4.885999300213484,47,0.5178871013574635,True,,,,,,,7.0,4.0,8.02127659574468,4.0,5.0,0.8085106382978723,0.19148936170212766
sw_lints,hybrid,z72_a0p5_hybrid_corr5_bsstablehie5_top10,1,23,8018,BTCUSDT,val_second,,-3.8150621374925864,5.156321760314164,50,0.49005030151981327,True,,,,,,,12.5,4.0,8.62,4.0,10.5,0.74,0.26
sw_lints,hybrid,z72_a0p5_hybrid_corr5_bsstablehie5_top10,1,23,8018,ETHUSDT,val,2000.0,-0.19591736080716293,5.861260602831308,81,0.9295672446342029,True,0.3745,0.0825,0.16349999999999998,0.8365,1.0,0.995,12.0,4.0,9.160493827160494,4.0,9.0,0.7530864197530864,0.24691358024691357
sw_lints,hybrid,z72_a0p5_hybrid_corr5_bsstablehie5_top10,1,23,8018,ETHUSDT,val_first,,0.1823178569143158,1.9520827446049216,31,1.0133004649200656,True,,,,,,,17.0,6.0,11.96774193548387,4.0,14.5,0.6129032258064516,0.3870967741935484
sw_lints,hybrid,z72_a0p5_hybrid_corr5_bsstablehie5_top10,1,23,8018,ETHUSDT,val_second,,-0.3775468823367545,5.754591036670231,49,0.9081977749283514,True,,,,,,,8.0,4.0,7.489795918367347,4.0,5.0,0.8367346938775511,0.16326530612244897
sw_lints,hybrid,z72_a0p5_hybrid_corr5_bsstablehie5_top10,1,23,8018,SOLUSDT,val,2000.0,-6.12258988518991,9.170652090598274,75,0.6192824747209659,True,0.341,0.094,0.15149999999999997,0.8485,1.0,0.995,11.0,4.0,8.893333333333333,4.0,6.0,0.8666666666666667,0.13333333333333333
sw_lints,hybrid,z72_a0p5_hybrid_corr5_bsstablehie5_top10,1,23,8018,SOLUSDT,val_first,,2.064229641584614,1.7561380546655458,33,1.6175294391436879,True,,,,,,,10.0,4.0,7.393939393939394,4.0,4.0,0.9393939393939394,0.06060606060606061
sw_lints,hybrid,z72_a0p5_hybrid_corr5_bsstablehie5_top10,1,23,8018,SOLUSDT,val_second,,-8.021242658200523,8.534088198890522,41,0.38475559003847404,True,,,,,,,12.0,4.0,7.853658536585366,4.0,9.0,0.8292682926829268,0.17073170731707318
sw_lints,hybrid,z72_a0p5_hybrid_corr5_bsstablehie5_top10,1,23,8019,BTCUSDT,val,2000.0,-5.6131895308678015,7.041877343949555,112,0.5783135454545842,True,0.4285,0.1345,0.22550000000000003,0.7745,1.0,0.995,8.0,4.0,7.455357142857143,4.0,5.0,0.8660714285714286,0.13392857142857142
sw_lints,hybrid,z72_a0p5_hybrid_corr5_bsstablehie5_top10,1,23,8019,BTCUSDT,val_first,,-2.2906891906219196,4.556655528246734,36,0.5350006538171681,True,,,,,,,6.0,4.0,9.166666666666666,4.0,5.0,0.8055555555555556,0.19444444444444445
sw_lints,hybrid,z72_a0p5_hybrid_corr5_bsstablehie5_top10,1,23,8019,BTCUSDT,val_second,,-3.400392769863836,5.098283102623002,76,0.6064780966264733,True,,,,,,,8.0,4.0,6.644736842105263,4.0,5.0,0.8947368421052632,0.10526315789473684
sw_lints,hybrid,z72_a0p5_hybrid_corr5_bsstablehie5_top10,1,23,8019,ETHUSDT,val,2000.0,-1.1533338567625617,7.16564685681621,65,0.8530393120260161,True,0.3205,0.0685,0.13149999999999995,0.8685,1.0,0.995,13.0,5.0,9.753846153846155,4.0,11.0,0.6615384615384615,0.3384615384615385
sw_lints,hybrid,z72_a0p5_hybrid_corr5_bsstablehie5_top10,1,23,8019,ETHUSDT,val_first,,-1.893330399516946,2.7817064583194107,31,0.5203424474627557,True,,,,,,,12.0,4.0,10.64516129032258,4.0,11.0,0.6774193548387096,0.3225806451612903
sw_lints,hybrid,z72_a0p5_hybrid_corr5_bsstablehie5_top10,1,23,8019,ETHUSDT,val_second,,0.7542775081121889,5.494310486435882,34,1.042495988337464,True,,,,,,,15.5,5.0,8.941176470588236,4.0,13.25,0.6470588235294118,0.35294117647058826
sw_lints,hybrid,z72_a0p5_hybrid_corr5_bsstablehie5_top10,1,23,8019,SOLUSDT,val,2000.0,-1.2303683788693953,5.902683550695942,76,0.9036957540601973,True,0.371,0.0855,0.15349999999999997,0.8465,1.0,0.995,14.0,4.0,8.552631578947368,4.0,6.0,0.8157894736842105,0.18421052631578946
sw_lints,hybrid,z72_a0p5_hybrid_corr5_bsstablehie5_top10,1,23,8019,SOLUSDT,val_first,,1.2828204328849013,2.246741649183659,45,1.2221828483684747,True,,,,,,,11.0,4.0,6.822222222222222,4.0,5.0,0.8444444444444444,0.15555555555555556
sw_lints,hybrid,z72_a0p5_hybrid_corr5_bsstablehie5_top10,1,23,8019,SOLUSDT,val_second,,-2.4813574513554038,4.627422898668132,30,0.8238291065407014,True,,,,,,,21.0,4.0,9.333333333333334,4.0,6.75,0.8,0.2
sw_lints,hybrid,z72_a0p5_hybrid_corr5_bsstablehie5_top10,1,23,8020,BTCUSDT,val,2000.0,-3.5115907481456543,5.223007789841305,75,0.685885014941641,True,0.44,0.0755,0.15149999999999997,0.8485,1.0,0.995,12.0,5.0,11.333333333333334,4.0,14.0,0.6933333333333334,0.30666666666666664
sw_lints,hybrid,z72_a0p5_hybrid_corr5_bsstablehie5_top10,1,23,8020,BTCUSDT,val_first,,-1.166903104681849,3.8284069730113446,32,0.7411690013602961,True,,,,,,,12.0,5.5,14.3125,4.0,18.5,0.625,0.375
sw_lints,hybrid,z72_a0p5_hybrid_corr5_bsstablehie5_top10,1,23,8020,BTCUSDT,val_second,,-2.3723709133057325,4.341582226911522,43,0.6429414931543667,True,,,,,,,11.0,4.0,9.116279069767442,4.0,10.5,0.7441860465116279,0.2558139534883721
sw_lints,hybrid,z72_a0p5_hybrid_corr5_bsstablehie5_top10,1,23,8020,ETHUSDT,val,2000.0,-2.9211710661787182,8.393091528387764,64,0.7434232299217128,True,0.465,0.0475,0.12949999999999995,0.8705,1.0,0.995,19.5,8.5,14.421875,4.0,19.25,0.53125,0.46875
sw_lints,hybrid,z72_a0p5_hybrid_corr5_bsstablehie5_top10,1,23,8020,ETHUSDT,val_first,,-1.9475189540226645,3.793775626386542,29,0.5801866584220121,True,,,,,,,22.0,9.0,12.862068965517242,4.0,19.0,0.5172413793103449,0.4827586206896552
sw_lints,hybrid,z72_a0p5_hybrid_corr5_bsstablehie5_top10,1,23,8020,ETHUSDT,val_second,,-0.9929907961222284,6.912090957320471,34,0.826596987030351,True,,,,,,,16.0,4.5,15.558823529411764,4.0,17.75,0.5588235294117647,0.4411764705882353
sw_lints,hybrid,z72_a0p5_hybrid_corr5_bsstablehie5_top10,1,23,8020,SOLUSDT,val,2000.0,-6.657020428587435,8.040043168150678,86,0.5286801794448799,True,0.3435,0.117,0.1735,0.8265,1.0,0.995,8.5,4.0,7.046511627906977,4.0,5.0,0.8372093023255814,0.16279069767441862
sw_lints,hybrid,z72_a0p5_hybrid_corr5_bsstablehie5_top10,1,23,8020,SOLUSDT,val_first,,-1.1153062523609147,2.795780035972939,55,0.827173839727563,True,,,,,,,7.0,4.0,5.836363636363636,4.0,4.5,0.8909090909090909,0.10909090909090909
sw_lints,hybrid,z72_a0p5_hybrid_corr5_bsstablehie5_top10,1,23,8020,SOLUSDT,val_second,,-5.604218374149372,5.967548686585344,30,0.3219628131771792,True,,,,,,,11.0,4.0,9.2,4.0,9.75,0.7333333333333333,0.26666666666666666
sw_lints,hybrid,z72_a0p5_hybrid_corr5_bsstablehie5_top10,1,23,8021,BTCUSDT,val,2000.0,-6.622431797748007,8.477826069141924,115,0.5545925624680215,True,0.441,0.1385,0.23150000000000004,0.7685,1.0,0.995,9.0,4.0,7.434782608695652,4.0,7.0,0.8260869565217391,0.17391304347826086
sw_lints,hybrid,z72_a0p5_hybrid_corr5_bsstablehie5_top10,1,23,8021,BTCUSDT,val_first,,-2.537322865531788,4.3248356053723125,39,0.5090815584349718,True,,,,,,,12.0,4.0,8.871794871794872,4.0,8.5,0.7435897435897436,0.2564102564102564
sw_lints,hybrid,z72_a0p5_hybrid_corr5_bsstablehie5_top10,1,23,8021,BTCUSDT,val_second,,-4.191459800124342,6.261897495681657,76,0.579282718863344,True,,,,,,,9.0,4.0,6.697368421052632,4.0,7.0,0.868421052631579,0.13157894736842105
sw_lints,hybrid,z72_a0p5_hybrid_corr5_bsstablehie5_top10,1,23,8021,ETHUSDT,val,2000.0,-2.0353644982386676,6.180768971673056,75,0.7780865216728066,True,0.3405,0.0825,0.15149999999999997,0.8485,1.0,0.995,12.0,4.0,8.986666666666666,4.0,8.5,0.76,0.24
sw_lints,hybrid,z72_a0p5_hybrid_corr5_bsstablehie5_top10,1,23,8021,ETHUSDT,val_first,,-2.4445139281931483,3.327898906849114,28,0.3899584201866166,True,,,,,,,16.0,4.0,11.25,4.0,14.75,0.6785714285714286,0.32142857142857145
sw_lints,hybrid,z72_a0p5_hybrid_corr5_bsstablehie5_top10,1,23,8021,ETHUSDT,val_second,,0.41940176450283584,4.151025069214409,47,1.0096189960527027,True,,,,,,,11.0,4.0,7.638297872340425,4.0,7.0,0.8085106382978723,0.19148936170212766
sw_lints,hybrid,z72_a0p5_hybrid_corr5_bsstablehie5_top10,1,23,8021,SOLUSDT,val,2000.0,-5.849328162875834,8.873388098300117,84,0.6954169358789677,True,0.369,0.1175,0.16949999999999998,0.8305,1.0,0.995,7.0,4.0,8.273809523809524,4.0,4.0,0.8571428571428571,0.14285714285714285
sw_lints,hybrid,z72_a0p5_hybrid_corr5_bsstablehie5_top10,1,23,8021,SOLUSDT,val_first,,-1.2970694261212556,2.5307488746374562,33,0.8310405296432789,True,,,,,,,17.0,4.0,6.515151515151516,4.0,7.0,0.8484848484848485,0.15151515151515152
sw_lints,hybrid,z72_a0p5_hybrid_corr5_bsstablehie5_top10,1,23,8021,SOLUSDT,val_second,,-4.612080624442283,7.505158567490733,50,0.7729373702487273,True,,,,,,,6.0,4.0,7.6,4.0,4.0,0.88,0.12
sw_lints,hybrid,z72_a0p5_hybrid_corr5_bsstablehie5_top10,1,23,8022,BTCUSDT,val,2000.0,-4.753819813595495,5.4646459554493205,103,0.6218459292653521,True,0.429,0.114,0.20750000000000002,0.7925,1.0,0.995,10.0,4.0,8.03883495145631,4.0,7.0,0.7864077669902912,0.21359223300970873
sw_lints,hybrid,z72_a0p5_hybrid_corr5_bsstablehie5_top10,1,23,8022,BTCUSDT,val_first,,-1.6505890091685682,4.221260038015573,46,0.7090978590696174,True,,,,,,,8.0,4.0,8.869565217391305,4.0,7.75,0.7608695652173914,0.2391304347826087
sw_lints,hybrid,z72_a0p5_hybrid_corr5_bsstablehie5_top10,1,23,8022,BTCUSDT,val_second,,-3.155312038133329,4.038688143252744,57,0.5349367403456844,True,,,,,,,11.0,4.0,7.368421052631579,4.0,6.0,0.8070175438596491,0.19298245614035087
sw_lints,hybrid,z72_a0p5_hybrid_corr5_bsstablehie5_top10,1,23,8022,ETHUSDT,val,2000.0,2.114654454344733,5.951968486412085,80,1.0281301685151747,True,0.398,0.0875,0.16149999999999998,0.8385,1.0,0.995,13.0,4.0,9.425,4.0,8.25,0.775,0.225
sw_lints,hybrid,z72_a0p5_hybrid_corr5_bsstablehie5_top10,1,23,8022,ETHUSDT,val_first,,-0.33263418748066265,2.4555568759486057,28,0.9098590166895077,True,,,,,,,18.5,7.0,14.214285714285714,4.0,19.0,0.6071428571428571,0.39285714285714285
sw_lints,hybrid,z72_a0p5_hybrid_corr5_bsstablehie5_top10,1,23,8022,ETHUSDT,val_second,,2.455456329034411,5.535443358454195,51,1.1170437457196192,True,,,,,,,9.0,4.0,6.901960784313726,4.0,4.0,0.8627450980392157,0.13725490196078433
sw_lints,hybrid,z72_a0p5_hybrid_corr5_bsstablehie5_top10,1,23,8022,SOLUSDT,val,2000.0,-6.436959422456868,10.793430307032292,95,0.6678527027224147,True,0.3945,0.1285,0.1915,0.8085,1.0,0.995,9.0,4.0,7.863157894736842,4.0,6.0,0.8421052631578947,0.15789473684210525
sw_lints,hybrid,z72_a0p5_hybrid_corr5_bsstablehie5_top10,1,23,8022,SOLUSDT,val_first,,-2.3556367004578638,3.5101399594351435,49,0.7052418147038728,True,,,,,,,11.0,4.0,7.26530612244898,4.0,7.0,0.8367346938775511,0.16326530612244897
sw_lints,hybrid,z72_a0p5_hybrid_corr5_bsstablehie5_top10,1,23,8022,SOLUSDT,val_second,,-4.179783229758782,7.973045350787,45,0.725630413354393,True,,,,,,,8.0,4.0,7.822222222222222,4.0,4.0,0.8666666666666667,0.13333333333333333
sw_lints,hybrid,z72_a0p5_hybrid_corr5_bsstablehie5_top10,1,23,8023,BTCUSDT,val,2000.0,-4.644803413532239,6.631703915171183,120,0.670210187599799,True,0.4255,0.165,0.24150000000000005,0.7585,1.0,0.995,7.0,4.0,6.925,4.0,4.0,0.8666666666666667,0.13333333333333333
sw_lints,hybrid,z72_a0p5_hybrid_corr5_bsstablehie5_top10,1,23,8023,BTCUSDT,val_first,,-1.8554020538231075,4.55099758008628,56,0.706521016432409,True,,,,,,,7.0,4.0,6.535714285714286,4.0,4.0,0.875,0.125
sw_lints,hybrid,z72_a0p5_hybrid_corr5_bsstablehie5_top10,1,23,8023,BTCUSDT,val_second,,-2.8421343793561205,4.660266533968516,64,0.635313194557258,True,,,,,,,6.0,4.0,7.265625,4.0,5.0,0.859375,0.140625
sw_lints,hybrid,z72_a0p5_hybrid_corr5_bsstablehie5_top10,1,23,8023,ETHUSDT,val,2000.0,-4.780037113487712,9.67941440186978,74,0.6391128529602239,True,0.3195,0.0625,0.14949999999999997,0.8505,1.0,0.995,13.0,4.0,8.54054054054054,4.0,10.0,0.7297297297297297,0.2702702702702703
sw_lints,hybrid,z72_a0p5_hybrid_corr5_bsstablehie5_top10,1,23,8023,ETHUSDT,val_first,,-3.8763016132281947,3.950266963156901,28,0.3435441315781867,True,,,,,,,20.5,7.5,9.857142857142858,4.0,12.0,0.5714285714285714,0.42857142857142855
sw_lints,hybrid,z72_a0p5_hybrid_corr5_bsstablehie5_top10,1,23,8023,ETHUSDT,val_second,,-0.940179701183741,6.157795844226466,46,0.8473845287985741,True,,,,,,,11.5,4.0,7.739130434782608,4.0,8.0,0.8260869565217391,0.17391304347826086
sw_lints,hybrid,z72_a0p5_hybrid_corr5_bsstablehie5_top10,1,23,8023,SOLUSDT,val,2000.0,-6.812178386102596,10.118696378190062,89,0.6077996742084991,True,0.437,0.107,0.1795,0.8205,1.0,0.995,11.0,4.0,9.067415730337078,4.0,7.0,0.7865168539325843,0.21348314606741572
sw_lints,hybrid,z72_a0p5_hybrid_corr5_bsstablehie5_top10,1,23,8023,SOLUSDT,val_first,,-2.9410953384519822,4.394746912390712,47,0.702916101882142,True,,,,,,,11.0,4.0,7.042553191489362,4.0,7.5,0.7872340425531915,0.2127659574468085
sw_lints,hybrid,z72_a0p5_hybrid_corr5_bsstablehie5_top10,1,23,8023,SOLUSDT,val_second,,-3.9883852606305226,7.223311822121592,41,0.6537138291777481,True,,,,,,,9.0,4.0,7.853658536585366,4.0,6.0,0.8048780487804879,0.1951219512195122
sw_lints,hybrid,z72_a0p5_hybrid_corr5_bsstablehie5_top10,1,23,8024,BTCUSDT,val,2000.0,-5.602134087664156,6.358024814192964,113,0.5514990868617384,True,0.381,0.141,0.22750000000000004,0.7725,1.0,0.995,9.0,4.0,6.504424778761062,4.0,5.0,0.8407079646017699,0.1592920353982301
sw_lints,hybrid,z72_a0p5_hybrid_corr5_bsstablehie5_top10,1,23,8024,BTCUSDT,val_first,,-3.405309828616454,4.263457851038821,58,0.48013529857449955,True,,,,,,,8.0,4.0,5.758620689655173,4.0,4.0,0.8793103448275862,0.1206896551724138
sw_lints,hybrid,z72_a0p5_hybrid_corr5_bsstablehie5_top10,1,23,8024,BTCUSDT,val_second,,-2.2742702058984543,3.0568087959469414,55,0.6397117372730672,True,,,,,,,13.0,4.0,7.290909090909091,4.0,6.5,0.8,0.2
sw_lints,hybrid,z72_a0p5_hybrid_corr5_bsstablehie5_top10,1,23,8024,ETHUSDT,val,2000.0,0.27217062312652196,6.0846232587293265,88,0.960176698362388,True,0.4,0.101,0.1775,0.8225,1.0,0.995,12.0,4.0,9.011363636363637,4.0,7.25,0.7840909090909091,0.2159090909090909
sw_lints,hybrid,z72_a0p5_hybrid_corr5_bsstablehie5_top10,1,23,8024,ETHUSDT,val_first,,-1.23455343756248,2.8573398625167834,49,0.8062083219486137,True,,,,,,,12.0,4.0,8.53061224489796,4.0,7.0,0.7551020408163265,0.24489795918367346
sw_lints,hybrid,z72_a0p5_hybrid_corr5_bsstablehie5_top10,1,23,8024,ETHUSDT,val_second,,1.5255578880377874,5.178867354609196,38,1.151366304246383,True,,,,,,,13.0,4.0,9.763157894736842,4.0,7.5,0.8157894736842105,0.18421052631578946
sw_lints,hybrid,z72_a0p5_hybrid_corr5_bsstablehie5_top10,1,23,8024,SOLUSDT,val,2000.0,-7.968354592321791,11.651004525774411,94,0.601558032751916,True,0.403,0.1295,0.1895,0.8105,1.0,0.995,9.0,4.0,8.127659574468085,4.0,5.0,0.8085106382978723,0.19148936170212766
sw_lints,hybrid,z72_a0p5_hybrid_corr5_bsstablehie5_top10,1,23,8024,SOLUSDT,val_first,,-2.1129588263276378,3.9414150806063253,45,0.7635605976841474,True,,,,,,,12.0,4.0,7.044444444444444,4.0,8.0,0.7555555555555555,0.24444444444444444
sw_lints,hybrid,z72_a0p5_hybrid_corr5_bsstablehie5_top10,1,23,8024,SOLUSDT,val_second,,-5.981788493949303,9.7945135984565,48,0.6192771623595812,True,,,,,,,6.5,4.0,7.1875,4.0,4.0,0.875,0.125
sw_lints,hybrid,z72_a0p5_hybrid_corr5_bsstablehie5_top10,2,44,8000,BTCUSDT,val,2000.0,-3.2416087683324712,3.780583567597662,91,0.7199880617661475,True,0.361,0.1005,0.1835,0.8165,1.0,0.995,11.0,4.0,7.714285714285714,4.0,6.5,0.8131868131868132,0.18681318681318682
sw_lints,hybrid,z72_a0p5_hybrid_corr5_bsstablehie5_top10,2,44,8000,BTCUSDT,val_first,,-0.6578807779161644,3.780583567597662,41,0.8486311442206271,True,,,,,,,11.0,4.0,9.268292682926829,4.0,12.0,0.7317073170731707,0.2682926829268293
sw_lints,hybrid,z72_a0p5_hybrid_corr5_bsstablehie5_top10,2,44,8000,BTCUSDT,val_second,,-2.600838406356387,3.1722433854435295,50,0.5807129492136297,True,,,,,,,11.0,4.0,6.44,4.0,5.75,0.88,0.12
sw_lints,hybrid,z72_a0p5_hybrid_corr5_bsstablehie5_top10,2,44,8000,ETHUSDT,val,2000.0,1.2676068727708767,4.861105401119492,91,1.020662939248543,True,0.38,0.1005,0.1835,0.8165,1.0,0.995,11.0,4.0,7.8791208791208796,4.0,6.5,0.8131868131868132,0.18681318681318682
sw_lints,hybrid,z72_a0p5_hybrid_corr5_bsstablehie5_top10,2,44,8000,ETHUSDT,val_first,,-1.5748698795604477,2.689979872574577,41,0.7289477048523366,True,,,,,,,10.0,4.0,8.829268292682928,4.0,10.0,0.7317073170731707,0.2682926829268293
sw_lints,hybrid,z72_a0p5_hybrid_corr5_bsstablehie5_top10,2,44,8000,ETHUSDT,val_second,,2.8879583383360385,3.5466085967442162,49,1.3262471791716315,True,,,,,,,11.0,4.0,7.163265306122449,4.0,6.0,0.8775510204081632,0.12244897959183673
sw_lints,hybrid,z72_a0p5_hybrid_corr5_bsstablehie5_top10,2,44,8000,SOLUSDT,val,2000.0,-3.99031024599078,9.142456022036393,96,0.7303121254425816,True,0.4385,0.14,0.1935,0.8065,1.0,0.995,9.0,4.0,8.40625,4.0,6.0,0.8333333333333334,0.16666666666666666
sw_lints,hybrid,z72_a0p5_hybrid_corr5_bsstablehie5_top10,2,44,8000,SOLUSDT,val_first,,1.146705311241658,1.678920811382545,50,1.2112060139747658,True,,,,,,,6.5,4.0,7.46,4.0,4.0,0.88,0.12
sw_lints,hybrid,z72_a0p5_hybrid_corr5_bsstablehie5_top10,2,44,8000,SOLUSDT,val_second,,-5.078776952175723,8.77841869767957,45,0.5435769619985867,True,,,,,,,12.0,4.0,9.555555555555555,4.0,8.0,0.7777777777777778,0.2222222222222222
sw_lints,hybrid,z72_a0p5_hybrid_corr5_bsstablehie5_top10,2,44,8001,BTCUSDT,val,2000.0,-2.6132464686183576,3.7076899975002298,86,0.7575099758700714,True,0.359,0.0955,0.1735,0.8265,1.0,0.995,12.0,4.0,8.116279069767442,4.0,6.75,0.7906976744186046,0.20930232558139536
sw_lints,hybrid,z72_a0p5_hybrid_corr5_bsstablehie5_top10,2,44,8001,BTCUSDT,val_first,,0.3530853641999343,3.2168806057511157,42,1.0183851065329048,True,,,,,,,12.0,4.0,9.142857142857142,4.0,11.25,0.7380952380952381,0.2619047619047619
sw_lints,hybrid,z72_a0p5_hybrid_corr5_bsstablehie5_top10,2,44,8001,BTCUSDT,val_second,,-2.9558950001914885,3.5717940238677803,44,0.5105429470024658,True,,,,,,,12.0,4.0,7.136363636363637,4.0,5.25,0.8409090909090909,0.1590909090909091
sw_lints,hybrid,z72_a0p5_hybrid_corr5_bsstablehie5_top10,2,44,8001,ETHUSDT,val,2000.0,-4.33947837427181,9.782859797648126,97,0.699825377613986,True,0.398,0.1235,0.1955,0.8045,1.0,0.995,10.0,4.0,8.1340206185567,4.0,6.0,0.8247422680412371,0.17525773195876287
sw_lints,hybrid,z72_a0p5_hybrid_corr5_bsstablehie5_top10,2,44,8001,ETHUSDT,val_first,,-2.7652302581524846,4.247891317396457,40,0.5750708765945841,True,,,,,,,10.0,4.0,8.525,4.0,6.25,0.825,0.175
sw_lints,hybrid,z72_a0p5_hybrid_corr5_bsstablehie5_top10,2,44,8001,ETHUSDT,val_second,,-1.6190176829737557,7.601684684714705,56,0.7961447810726644,True,,,,,,,10.5,4.0,7.928571428571429,4.0,4.75,0.8214285714285714,0.17857142857142858
sw_lints,hybrid,z72_a0p5_hybrid_corr5_bsstablehie5_top10,2,44,8001,SOLUSDT,val,2000.0,-7.163800029296907,11.149309012161678,118,0.6670775975705656,True,0.4725,0.165,0.23750000000000004,0.7625,1.0,0.995,7.0,4.0,7.6525423728813555,4.0,4.75,0.864406779661017,0.13559322033898305
sw_lints,hybrid,z72_a0p5_hybrid_corr5_bsstablehie5_top10,2,44,8001,SOLUSDT,val_first,,-1.8678728398759725,3.3419433092715,72,0.774983690434381,True,,,,,,,7.0,4.0,6.361111111111111,4.0,4.0,0.9444444444444444,0.05555555555555555
sw_lints,hybrid,z72_a0p5_hybrid_corr5_bsstablehie5_top10,2,44,8001,SOLUSDT,val_second,,-5.396731266998289,8.923395756873498,45,0.6658015651908635,True,,,,,,,14.0,4.0,9.044444444444444,4.0,8.0,0.7555555555555555,0.24444444444444444
sw_lints,hybrid,z72_a0p5_hybrid_corr5_bsstablehie5_top10,2,44,8002,BTCUSDT,val,2000.0,-3.5541778821337577,4.41649954210045,81,0.6670532457139722,True,0.3465,0.0755,0.16349999999999998,0.8365,1.0,0.995,12.0,4.0,8.308641975308642,4.0,8.0,0.7777777777777778,0.2222222222222222
sw_lints,hybrid,z72_a0p5_hybrid_corr5_bsstablehie5_top10,2,44,8002,BTCUSDT,val_first,,-0.6972906275877766,2.816709123925254,41,0.8202448154573336,True,,,,,,,11.0,4.0,9.0,4.0,12.0,0.7073170731707317,0.2926829268292683
sw_lints,hybrid,z72_a0p5_hybrid_corr5_bsstablehie5_top10,2,44,8002,BTCUSDT,val_second,,-2.876947942912489,3.9825202269464843,40,0.5431843641739537,True,,,,,,,12.5,4.0,7.6,4.0,7.0,0.85,0.15
sw_lints,hybrid,z72_a0p5_hybrid_corr5_bsstablehie5_top10,2,44,8002,ETHUSDT,val,2000.0,-0.6611931549900252,6.214566087696749,99,0.8942420656673655,True,0.466,0.108,0.1995,0.8005,1.0,0.995,9.0,4.0,9.363636363636363,4.0,8.0,0.7777777777777778,0.2222222222222222
sw_lints,hybrid,z72_a0p5_hybrid_corr5_bsstablehie5_top10,2,44,8002,ETHUSDT,val_first,,-1.038821711111071,3.125544006042824,44,0.7787061149068386,True,,,,,,,11.5,4.0,8.772727272727273,4.0,9.25,0.75,0.25
sw_lints,hybrid,z72_a0p5_hybrid_corr5_bsstablehie5_top10,2,44,8002,ETHUSDT,val_second,,0.38159262313819386,5.573439668880065,54,0.9663117369973853,True,,,,,,,7.0,4.0,9.62962962962963,4.0,5.75,0.8148148148148148,0.18518518518518517
sw_lints,hybrid,z72_a0p5_hybrid_corr5_bsstablehie5_top10,2,44,8002,SOLUSDT,val,2000.0,-5.604112817982387,10.887470739924499,82,0.6747306119849782,True,0.4045,0.1005,0.16549999999999998,0.8345,1.0,0.995,9.5,4.0,9.012195121951219,4.0,5.0,0.8170731707317073,0.18292682926829268
sw_lints,hybrid,z72_a0p5_hybrid_corr5_bsstablehie5_top10,2,44,8002,SOLUSDT,val_first,,-1.4472037585076536,3.4433906132553482,46,0.8385823266661196,True,,,,,,,8.0,4.0,5.934782608695652,4.0,4.0,0.9130434782608695,0.08695652173913043
sw_lints,hybrid,z72_a0p5_hybrid_corr5_bsstablehie5_top10,2,44,8002,SOLUSDT,val_second,,-4.217951410824206,8.526861989681734,35,0.6757567675965303,True,,,,,,,10.0,4.0,9.457142857142857,4.0,10.5,0.7142857142857143,0.2857142857142857
sw_lints,hybrid,z72_a0p5_hybrid_corr5_bsstablehie5_top10,2,44,8003,BTCUSDT,val,2000.0,-3.4641471704846327,4.7491822447278125,74,0.6758291091532032,True,0.3345,0.061,0.14949999999999997,0.8505,1.0,0.995,16.0,4.0,8.77027027027027,4.0,11.0,0.7297297297297297,0.2702702702702703
sw_lints,hybrid,z72_a0p5_hybrid_corr5_bsstablehie5_top10,2,44,8003,BTCUSDT,val_first,,-1.5328414810442448,3.5238576355336337,38,0.7046980990871624,True,,,,,,,16.0,4.0,9.0,4.0,12.75,0.6842105263157895,0.3157894736842105
sw_lints,hybrid,z72_a0p5_hybrid_corr5_bsstablehie5_top10,2,44,8003,BTCUSDT,val_second,,-1.9613703883499367,3.266409645673296,36,0.6404196194107002,True,,,,,,,17.5,4.0,8.527777777777779,4.0,8.0,0.7777777777777778,0.2222222222222222
sw_lints,hybrid,z72_a0p5_hybrid_corr5_bsstablehie5_top10,2,44,8003,ETHUSDT,val,2000.0,-6.249931087363958,11.57445228317614,93,0.6025265177293708,True,0.3685,0.107,0.1875,0.8125,1.0,0.995,11.0,4.0,7.849462365591398,4.0,8.0,0.8064516129032258,0.1935483870967742
sw_lints,hybrid,z72_a0p5_hybrid_corr5_bsstablehie5_top10,2,44,8003,ETHUSDT,val_first,,-4.713811241876309,5.087563803467798,42,0.41366242033776096,True,,,,,,,11.0,4.0,7.809523809523809,4.0,9.0,0.7857142857142857,0.21428571428571427
sw_lints,hybrid,z72_a0p5_hybrid_corr5_bsstablehie5_top10,2,44,8003,ETHUSDT,val_second,,-1.6121117504100835,7.613258536135648,50,0.7770760465748514,True,,,,,,,11.0,4.0,7.96,4.0,5.75,0.82,0.18
sw_lints,hybrid,z72_a0p5_hybrid_corr5_bsstablehie5_top10,2,44,8003,SOLUSDT,val,2000.0,-3.800625971663507,9.820468825092533,114,0.8096214742611448,True,0.486,0.1565,0.22950000000000004,0.7705,1.0,0.995,9.5,4.0,8.157894736842104,4.0,6.0,0.8157894736842105,0.18421052631578946
sw_lints,hybrid,z72_a0p5_hybrid_corr5_bsstablehie5_top10,2,44,8003,SOLUSDT,val_first,,-0.7265038114947053,3.660610183373003,68,0.9402206291717393,True,,,,,,,8.0,4.0,6.794117647058823,4.0,5.0,0.8823529411764706,0.11764705882352941
sw_lints,hybrid,z72_a0p5_hybrid_corr5_bsstablehie5_top10,2,44,8003,SOLUSDT,val_second,,-3.0966192168063733,7.827867187159542,45,0.8301657218855195,True,,,,,,,12.0,4.0,8.688888888888888,4.0,10.0,0.7333333333333333,0.26666666666666666
sw_lints,hybrid,z72_a0p5_hybrid_corr5_bsstablehie5_top10,2,44,8004,BTCUSDT,val,2000.0,-4.469251748824188,6.011909989236153,76,0.6008044770324604,True,0.364,0.067,0.15349999999999997,0.8465,1.0,0.995,13.5,4.0,9.18421052631579,4.0,9.0,0.7631578947368421,0.23684210526315788
sw_lints,hybrid,z72_a0p5_hybrid_corr5_bsstablehie5_top10,2,44,8004,BTCUSDT,val_first,,-1.3254825702797013,2.8009153519941044,34,0.7012639981866995,True,,,,,,,17.0,5.0,10.205882352941176,4.0,12.75,0.7058823529411765,0.29411764705882354
sw_lints,hybrid,z72_a0p5_hybrid_corr5_bsstablehie5_top10,2,44,8004,BTCUSDT,val_second,,-3.185999040515808,4.7493796179893355,42,0.5256673399376227,True,,,,,,,11.0,4.0,8.357142857142858,4.0,5.75,0.8095238095238095,0.19047619047619047
sw_lints,hybrid,z72_a0p5_hybrid_corr5_bsstablehie5_top10,2,44,8004,ETHUSDT,val,2000.0,0.29413075548598844,7.483966013718857,85,0.9171829766167343,True,0.367,0.0895,0.17149999999999999,0.8285,1.0,0.995,13.0,4.0,8.141176470588235,4.0,8.0,0.7764705882352941,0.2235294117647059
sw_lints,hybrid,z72_a0p5_hybrid_corr5_bsstablehie5_top10,2,44,8004,ETHUSDT,val_first,,-2.8896681437889815,3.7996607499318102,44,0.5828733845023246,True,,,,,,,12.0,4.0,7.818181818181818,4.0,9.25,0.75,0.25
sw_lints,hybrid,z72_a0p5_hybrid_corr5_bsstablehie5_top10,2,44,8004,ETHUSDT,val_second,,3.2785377605228927,4.778583262667546,41,1.283392297439048,True,,,,,,,14.0,4.0,8.487804878048781,4.0,7.0,0.8048780487804879,0.1951219512195122
sw_lints,hybrid,z72_a0p5_hybrid_corr5_bsstablehie5_top10,2,44,8004,SOLUSDT,val,2000.0,-1.360566365258875,8.461344407839421,89,0.8696959739650565,True,0.4045,0.12,0.1795,0.8205,1.0,0.995,8.0,4.0,8.303370786516854,4.0,6.0,0.8202247191011236,0.1797752808988764
sw_lints,hybrid,z72_a0p5_hybrid_corr5_bsstablehie5_top10,2,44,8004,SOLUSDT,val_first,,3.361759137456488,3.2042282951084133,42,1.5084919618883588,True,,,,,,,9.0,4.0,9.571428571428571,4.0,5.0,0.8333333333333334,0.16666666666666666
sw_lints,hybrid,z72_a0p5_hybrid_corr5_bsstablehie5_top10,2,44,8004,SOLUSDT,val_second,,-4.568735615688723,7.593419480801278,47,0.5808574546820455,True,,,,,,,8.0,4.0,7.170212765957447,4.0,6.5,0.8085106382978723,0.19148936170212766
sw_lints,hybrid,z72_a0p5_hybrid_corr5_bsstablehie5_top10,2,44,8005,BTCUSDT,val,2000.0,-4.616853267743782,5.289485491661027,83,0.5989523142886264,True,0.3435,0.083,0.16749999999999998,0.8325,1.0,0.995,12.0,4.0,8.012048192771084,4.0,7.0,0.8313253012048193,0.1686746987951807
sw_lints,hybrid,z72_a0p5_hybrid_corr5_bsstablehie5_top10,2,44,8005,BTCUSDT,val_first,,-1.1525124962011302,3.513047229606081,40,0.7492272184136672,True,,,,,,,10.0,4.0,8.575,4.0,6.75,0.775,0.225
sw_lints,hybrid,z72_a0p5_hybrid_corr5_bsstablehie5_top10,2,44,8005,BTCUSDT,val_second,,-3.5047332603264314,4.421319573190086,43,0.46303886502657343,True,,,,,,,12.0,4.0,7.488372093023256,4.0,7.0,0.8837209302325582,0.11627906976744186
sw_lints,hybrid,z72_a0p5_hybrid_corr5_bsstablehie5_top10,2,44,8005,ETHUSDT,val,2000.0,-2.94538118154829,9.734554163434094,108,0.7616173433027879,True,0.4385,0.1355,0.21750000000000003,0.7825,1.0,0.995,9.5,4.0,8.074074074074074,4.0,6.0,0.7870370370370371,0.21296296296296297
sw_lints,hybrid,z72_a0p5_hybrid_corr5_bsstablehie5_top10,2,44,8005,ETHUSDT,val_first,,-1.5391784011220877,3.687120936329502,55,0.7681074249010628,True,,,,,,,10.0,4.0,7.8545454545454545,4.0,9.0,0.7636363636363637,0.23636363636363636
sw_lints,hybrid,z72_a0p5_hybrid_corr5_bsstablehie5_top10,2,44,8005,ETHUSDT,val_second,,-1.4281850969667609,8.419708699932983,52,0.769621062768319,True,,,,,,,9.0,4.0,8.384615384615385,4.0,4.0,0.8076923076923077,0.19230769230769232
sw_lints,hybrid,z72_a0p5_hybrid_corr5_bsstablehie5_top10,2,44,8005,SOLUSDT,val,2000.0,-3.078303433150209,8.129482256007158,115,0.8081305908948783,True,0.4525,0.1565,0.23150000000000004,0.7685,1.0,0.995,9.0,4.0,7.260869565217392,4.0,6.0,0.8695652173913043,0.13043478260869565
sw_lints,hybrid,z72_a0p5_hybrid_corr5_bsstablehie5_top10,2,44,8005,SOLUSDT,val_first,,-0.052195391580212025,3.5470178689876675,69,0.9464153687221781,True,,,,,,,7.0,4.0,6.3768115942028984,4.0,4.0,0.9420289855072463,0.057971014492753624
sw_lints,hybrid,z72_a0p5_hybrid_corr5_bsstablehie5_top10,2,44,8005,SOLUSDT,val_second,,-3.027688355362912,7.177238104871986,45,0.8022655557667727,True,,,,,,,11.0,4.0,7.933333333333334,4.0,8.0,0.7777777777777778,0.2222222222222222
sw_lints,hybrid,z72_a0p5_hybrid_corr5_bsstablehie5_top10,2,44,8006,BTCUSDT,val,2000.0,-4.42056384401468,5.437181345921371,88,0.632445910356764,True,0.4025,0.0975,0.1775,0.8225,1.0,0.995,10.0,4.0,8.784090909090908,4.0,8.0,0.7954545454545454,0.20454545454545456
sw_lints,hybrid,z72_a0p5_hybrid_corr5_bsstablehie5_top10,2,44,8006,BTCUSDT,val_first,,-0.5733635738274345,2.7014509949704557,32,0.8373542944105595,True,,,,,,,13.0,4.5,10.78125,4.0,14.5,0.6875,0.3125
sw_lints,hybrid,z72_a0p5_hybrid_corr5_bsstablehie5_top10,2,44,8006,BTCUSDT,val_second,,-3.8693859195809255,5.082415593531453,56,0.5055866207018357,True,,,,,,,8.5,4.0,7.642857142857143,4.0,5.25,0.8571428571428571,0.14285714285714285
sw_lints,hybrid,z72_a0p5_hybrid_corr5_bsstablehie5_top10,2,44,8006,ETHUSDT,val,2000.0,-4.627863875878346,10.305377655497283,89,0.663304254690793,True,0.434,0.1005,0.1795,0.8205,1.0,0.995,10.0,4.0,9.280898876404494,4.0,10.0,0.7303370786516854,0.2696629213483146
sw_lints,hybrid,z72_a0p5_hybrid_corr5_bsstablehie5_top10,2,44,8006,ETHUSDT,val_first,,-3.7808707361128624,4.210254340736908,32,0.4287044756118021,True,,,,,,,14.0,6.0,12.40625,4.0,19.75,0.625,0.375
sw_lints,hybrid,z72_a0p5_hybrid_corr5_bsstablehie5_top10,2,44,8006,ETHUSDT,val_second,,-0.8802752074824505,7.119398496512952,56,0.8129993443767607,True,,,,,,,7.5,4.0,7.303571428571429,4.0,5.25,0.8035714285714286,0.19642857142857142
sw_lints,hybrid,z72_a0p5_hybrid_corr5_bsstablehie5_top10,2,44,8006,SOLUSDT,val,2000.0,-0.6692126903073525,6.799737162144814,87,0.9075064954505501,True,0.3625,0.1255,0.1755,0.8245,1.0,0.995,7.0,4.0,7.528735632183908,4.0,5.0,0.8505747126436781,0.14942528735632185
sw_lints,hybrid,z72_a0p5_hybrid_corr5_bsstablehie5_top10,2,44,8006,SOLUSDT,val_first,,0.6489895656618394,2.343734020949184,40,1.0760638592582437,True,,,,,,,10.0,4.0,8.95,4.0,5.25,0.85,0.15
sw_lints,hybrid,z72_a0p5_hybrid_corr5_bsstablehie5_top10,2,44,8006,SOLUSDT,val_second,,-1.3097024238968857,6.672682434828204,47,0.8286904739390037,True,,,,,,,7.0,4.0,6.319148936170213,4.0,4.5,0.851063829787234,0.14893617021276595
sw_lints,hybrid,z72_a0p5_hybrid_corr5_bsstablehie5_top10,2,44,8007,BTCUSDT,val,2000.0,0.16219798843388755,2.531848049833363,87,1.0168427816945191,True,0.369,0.0985,0.1755,0.8245,1.0,0.995,12.0,4.0,8.25287356321839,4.0,8.5,0.7701149425287356,0.22988505747126436
sw_lints,hybrid,z72_a0p5_hybrid_corr5_bsstablehie5_top10,2,44,8007,BTCUSDT,val_first,,0.4052976116287299,2.531848049833363,49,1.0352863056097628,True,,,,,,,10.0,4.0,8.326530612244898,4.0,10.0,0.7346938775510204,0.2653061224489796
sw_lints,hybrid,z72_a0p5_hybrid_corr5_bsstablehie5_top10,2,44,8007,BTCUSDT,val_second,,-0.2421183234127433,2.081596592445889,38,0.9947731604606828,True,,,,,,,18.0,4.0,8.157894736842104,4.0,7.0,0.8157894736842105,0.18421052631578946
sw_lints,hybrid,z72_a0p5_hybrid_corr5_bsstablehie5_top10,2,44,8007,ETHUSDT,val,2000.0,-4.482484757458815,9.849899295627784,81,0.6236150679260775,True,0.376,0.0955,0.16349999999999998,0.8365,1.0,0.995,12.0,4.0,8.765432098765432,4.0,7.0,0.7777777777777778,0.2222222222222222
sw_lints,hybrid,z72_a0p5_hybrid_corr5_bsstablehie5_top10,2,44,8007,ETHUSDT,val_first,,-2.742958381405902,3.6431658343275775,35,0.5643644179938282,True,,,,,,,16.5,4.0,10.0,4.0,12.0,0.7142857142857143,0.2857142857142857
sw_lints,hybrid,z72_a0p5_hybrid_corr5_bsstablehie5_top10,2,44,8007,ETHUSDT,val_second,,-1.7885865610375973,7.307379286831162,46,0.6725811112510174,True,,,,,,,9.0,4.0,7.826086956521739,4.0,5.0,0.8260869565217391,0.17391304347826086
sw_lints,hybrid,z72_a0p5_hybrid_corr5_bsstablehie5_top10,2,44,8007,SOLUSDT,val,2000.0,0.59217827929674,8.683298546794171,114,0.9935874438660603,True,0.4555,0.1575,0.22950000000000004,0.7705,1.0,0.995,7.0,4.0,7.62280701754386,4.0,5.0,0.8596491228070176,0.14035087719298245
sw_lints,hybrid,z72_a0p5_hybrid_corr5_bsstablehie5_top10,2,44,8007,SOLUSDT,val_first,,1.7175513841833023,2.2544365912589015,61,1.1363474289550195,True,,,,,,,7.0,4.0,7.262295081967213,4.0,4.0,0.8852459016393442,0.11475409836065574
sw_lints,hybrid,z72_a0p5_hybrid_corr5_bsstablehie5_top10,2,44,8007,SOLUSDT,val_second,,-1.1063706209718749,7.4535584736788,52,1.0103245788268453,True,,,,,,,8.0,4.0,7.423076923076923,4.0,6.25,0.8461538461538461,0.15384615384615385
sw_lints,hybrid,z72_a0p5_hybrid_corr5_bsstablehie5_top10,2,44,8008,BTCUSDT,val,2000.0,-4.696408936111762,5.479538828881458,87,0.6149829026054333,True,0.362,0.0995,0.1755,0.8245,1.0,0.995,12.0,4.0,8.068965517241379,4.0,7.0,0.8160919540229885,0.1839080459770115
sw_lints,hybrid,z72_a0p5_hybrid_corr5_bsstablehie5_top10,2,44,8008,BTCUSDT,val_first,,-1.9494338725837501,3.5982494985314473,45,0.6760081224656039,True,,,,,,,9.0,4.0,7.933333333333334,4.0,5.0,0.8,0.2
sw_lints,hybrid,z72_a0p5_hybrid_corr5_bsstablehie5_top10,2,44,8008,BTCUSDT,val_second,,-2.801590212093552,3.6002902336233045,42,0.5397670612023722,True,,,,,,,14.0,4.0,8.214285714285714,4.0,7.75,0.8333333333333334,0.16666666666666666
sw_lints,hybrid,z72_a0p5_hybrid_corr5_bsstablehie5_top10,2,44,8008,ETHUSDT,val,2000.0,-2.402048306597171,8.794188719123653,79,0.7687006599853512,True,0.388,0.0915,0.15949999999999998,0.8405,1.0,0.995,12.0,4.0,9.746835443037975,4.0,9.0,0.7848101265822784,0.21518987341772153
sw_lints,hybrid,z72_a0p5_hybrid_corr5_bsstablehie5_top10,2,44,8008,ETHUSDT,val_first,,-2.7670391598064725,3.18671733277317,35,0.5493838000990827,True,,,,,,,13.5,5.0,10.257142857142858,4.0,9.5,0.7428571428571429,0.2571428571428571
sw_lints,hybrid,z72_a0p5_hybrid_corr5_bsstablehie5_top10,2,44,8008,ETHUSDT,val_second,,0.37537770119866476,6.516248206136455,44,0.9547069803433702,True,,,,,,,11.5,4.0,9.340909090909092,4.0,5.0,0.8181818181818182,0.18181818181818182
sw_lints,hybrid,z72_a0p5_hybrid_corr5_bsstablehie5_top10,2,44,8008,SOLUSDT,val,2000.0,-4.7533275469221925,10.154454741306951,89,0.705801749756099,True,0.414,0.1185,0.1795,0.8205,1.0,0.995,8.0,4.0,8.51685393258427,4.0,4.0,0.8539325842696629,0.14606741573033707
sw_lints,hybrid,z72_a0p5_hybrid_corr5_bsstablehie5_top10,2,44,8008,SOLUSDT,val_first,,0.41680340630283474,4.12630310242641,48,1.131405663528356,True,,,,,,,7.5,4.0,5.833333333333333,4.0,4.0,0.9583333333333334,0.041666666666666664
sw_lints,hybrid,z72_a0p5_hybrid_corr5_bsstablehie5_top10,2,44,8008,SOLUSDT,val_second,,-5.148671116631576,9.455251814004473,40,0.5952541911541219,True,,,,,,,9.0,4.0,8.175,4.0,8.5,0.75,0.25
sw_lints,hybrid,z72_a0p5_hybrid_corr5_bsstablehie5_top10,2,44,8009,BTCUSDT,val,2000.0,-3.5054733127405147,4.513573856297515,81,0.691809419692078,True,0.3415,0.0825,0.16349999999999998,0.8365,1.0,0.995,12.0,4.0,8.185185185185185,4.0,7.0,0.8148148148148148,0.18518518518518517
sw_lints,hybrid,z72_a0p5_hybrid_corr5_bsstablehie5_top10,2,44,8009,BTCUSDT,val_first,,-1.0942475672990337,3.8724919380458966,33,0.7553820687787745,True,,,,,,,16.5,4.0,10.242424242424242,4.0,13.0,0.696969696969697,0.30303030303030304
sw_lints,hybrid,z72_a0p5_hybrid_corr5_bsstablehie5_top10,2,44,8009,BTCUSDT,val_second,,-2.437902433513328,3.5739628031921655,48,0.6368680165725088,True,,,,,,,11.5,4.0,6.770833333333333,4.0,5.25,0.8958333333333334,0.10416666666666667
sw_lints,hybrid,z72_a0p5_hybrid_corr5_bsstablehie5_top10,2,44,8009,ETHUSDT,val,2000.0,1.361246758559953,5.733936885005675,82,1.009199497381897,True,0.3765,0.0855,0.16549999999999998,0.8345,1.0,0.995,13.5,4.0,9.121951219512194,4.0,9.0,0.7560975609756098,0.24390243902439024
sw_lints,hybrid,z72_a0p5_hybrid_corr5_bsstablehie5_top10,2,44,8009,ETHUSDT,val_first,,-2.8536523394211977,2.8536523394221636,39,0.57966794379633,True,,,,,,,11.0,4.0,9.256410256410257,4.0,10.5,0.6923076923076923,0.3076923076923077
sw_lints,hybrid,z72_a0p5_hybrid_corr5_bsstablehie5_top10,2,44,8009,ETHUSDT,val_second,,4.338710820820202,3.207776757358094,42,1.5093754162888713,True,,,,,,,15.0,4.0,9.119047619047619,4.0,7.75,0.8095238095238095,0.19047619047619047
sw_lints,hybrid,z72_a0p5_hybrid_corr5_bsstablehie5_top10,2,44,8009,SOLUSDT,val,2000.0,-2.8604094353750886,8.538805498209879,102,0.8344967264522829,True,0.4385,0.132,0.20550000000000002,0.7945,1.0,0.995,8.5,4.0,8.186274509803921,4.0,6.0,0.8235294117647058,0.17647058823529413
sw_lints,hybrid,z72_a0p5_hybrid_corr5_bsstablehie5_top10,2,44,8009,SOLUSDT,val_first,,-1.0578492010386964,2.4384247505746637,53,0.8263334562542084,True,,,,,,,9.0,4.0,7.773584905660377,4.0,7.0,0.8490566037735849,0.1509433962264151
sw_lints,hybrid,z72_a0p5_hybrid_corr5_bsstablehie5_top10,2,44,8009,SOLUSDT,val_second,,-1.8218324746133607,7.170214917071505,49,0.8395353895544524,True,,,,,,,7.0,4.0,8.63265306122449,4.0,6.0,0.7959183673469388,0.20408163265306123
sw_lints,hybrid,z72_a0p5_hybrid_corr5_bsstablehie5_top10,2,44,8010,BTCUSDT,val,2000.0,-3.693974128382993,4.601625399621612,75,0.6801137525371663,True,0.344,0.073,0.15149999999999997,0.8485,1.0,0.995,17.0,4.0,8.96,4.0,8.5,0.7733333333333333,0.22666666666666666
sw_lints,hybrid,z72_a0p5_hybrid_corr5_bsstablehie5_top10,2,44,8010,BTCUSDT,val_first,,-1.085615437431986,3.2967674850131745,35,0.75994114078704,True,,,,,,,17.0,4.0,9.771428571428572,4.0,17.0,0.6857142857142857,0.3142857142857143
sw_lints,hybrid,z72_a0p5_hybrid_corr5_bsstablehie5_top10,2,44,8010,BTCUSDT,val_second,,-2.636986220443094,3.5545992402809645,40,0.607530748232181,True,,,,,,,17.0,4.0,8.25,4.0,6.25,0.85,0.15
sw_lints,hybrid,z72_a0p5_hybrid_corr5_bsstablehie5_top10,2,44,8010,ETHUSDT,val,2000.0,-4.379848501182271,9.87118288424076,95,0.6790685434152101,True,0.406,0.1075,0.1915,0.8085,1.0,0.995,11.0,4.0,8.094736842105263,4.0,7.0,0.7894736842105263,0.21052631578947367
sw_lints,hybrid,z72_a0p5_hybrid_corr5_bsstablehie5_top10,2,44,8010,ETHUSDT,val_first,,-2.898152271454113,3.4702052702625052,41,0.5648937322662843,True,,,,,,,13.0,4.0,8.707317073170731,4.0,12.0,0.7317073170731707,0.2682926829268293
sw_lints,hybrid,z72_a0p5_hybrid_corr5_bsstablehie5_top10,2,44,8010,ETHUSDT,val_second,,-1.5259197063585583,7.181151312671419,54,0.7624961938269224,True,,,,,,,9.5,4.0,7.62962962962963,4.0,4.75,0.8333333333333334,0.16666666666666666
sw_lints,hybrid,z72_a0p5_hybrid_corr5_bsstablehie5_top10,2,44,8010,SOLUSDT,val,2000.0,-2.298542489963462,7.40027999848174,107,0.8328554487855245,True,0.4045,0.1475,0.21550000000000002,0.7845,1.0,0.995,8.0,4.0,6.803738317757009,4.0,5.0,0.8785046728971962,0.12149532710280374
sw_lints,hybrid,z72_a0p5_hybrid_corr5_bsstablehie5_top10,2,44,8010,SOLUSDT,val_first,,0.8754451562216436,2.0676201119124826,59,1.0805021697425476,True,,,,,,,7.0,4.0,6.440677966101695,4.0,4.0,0.9152542372881356,0.0847457627118644
sw_lints,hybrid,z72_a0p5_hybrid_corr5_bsstablehie5_top10,2,44,8010,SOLUSDT,val_second,,-3.146442269741345,6.671697378465247,48,0.7099867223885428,True,,,,,,,9.0,4.0,7.25,4.0,7.0,0.8333333333333334,0.16666666666666666
sw_lints,hybrid,z72_a0p5_hybrid_corr5_bsstablehie5_top10,2,44,8011,BTCUSDT,val,2000.0,-2.5648534254120947,4.703256035676883,69,0.7513717081585031,True,0.3805,0.0655,0.13949999999999996,0.8605,1.0,0.995,16.0,4.0,10.565217391304348,4.0,13.0,0.6666666666666666,0.3333333333333333
sw_lints,hybrid,z72_a0p5_hybrid_corr5_bsstablehie5_top10,2,44,8011,BTCUSDT,val_first,,-1.1107126812984758,3.610032724835288,34,0.750401643239104,True,,,,,,,15.0,4.5,10.735294117647058,4.0,14.5,0.5882352941176471,0.4117647058823529
sw_lints,hybrid,z72_a0p5_hybrid_corr5_bsstablehie5_top10,2,44,8011,BTCUSDT,val_second,,-1.4704734795258356,3.6328943728761276,35,0.7522994368580395,True,,,,,,,16.0,4.0,10.4,4.0,9.5,0.7428571428571429,0.2571428571428571
sw_lints,hybrid,z72_a0p5_hybrid_corr5_bsstablehie5_top10,2,44,8011,ETHUSDT,val,2000.0,-3.2348627181992273,10.270485622231773,87,0.736674113653287,True,0.361,0.1,0.1755,0.8245,1.0,0.995,12.0,4.0,8.241379310344827,4.0,7.0,0.8275862068965517,0.1724137931034483
sw_lints,hybrid,z72_a0p5_hybrid_corr5_bsstablehie5_top10,2,44,8011,ETHUSDT,val_first,,-2.826855725848332,2.907165480330687,42,0.5699272266370414,True,,,,,,,12.0,4.0,7.880952380952381,4.0,8.75,0.8095238095238095,0.19047619047619047
sw_lints,hybrid,z72_a0p5_hybrid_corr5_bsstablehie5_top10,2,44,8011,ETHUSDT,val_second,,-0.4198762892757668,7.660171904474944,45,0.8528799081759989,True,,,,,,,11.0,4.0,8.577777777777778,4.0,5.0,0.8444444444444444,0.15555555555555556
sw_lints,hybrid,z72_a0p5_hybrid_corr5_bsstablehie5_top10,2,44,8011,SOLUSDT,val,2000.0,-3.296792066863019,10.723518886609995,108,0.82586977146071,True,0.461,0.1445,0.21750000000000003,0.7825,1.0,0.995,8.5,4.0,8.148148148148149,4.0,6.0,0.8518518518518519,0.14814814814814814
sw_lints,hybrid,z72_a0p5_hybrid_corr5_bsstablehie5_top10,2,44,8011,SOLUSDT,val_first,,-2.018081419413109,4.01070172689999,55,0.8164914331677547,True,,,,,,,9.0,4.0,7.636363636363637,4.0,6.0,0.8909090909090909,0.10909090909090909
sw_lints,hybrid,z72_a0p5_hybrid_corr5_bsstablehie5_top10,2,44,8011,SOLUSDT,val_second,,-1.3050475699740605,8.723091357443934,52,0.9853495777568128,True,,,,,,,8.0,4.0,7.365384615384615,4.0,6.25,0.8269230769230769,0.17307692307692307
sw_lints,hybrid,z72_a0p5_hybrid_corr5_bsstablehie5_top10,2,44,8012,BTCUSDT,val,2000.0,-4.035420543115009,5.624490381520875,81,0.6567433092240909,True,0.3615,0.075,0.16349999999999998,0.8365,1.0,0.995,12.0,4.0,8.419753086419753,4.0,8.0,0.7901234567901234,0.20987654320987653
sw_lints,hybrid,z72_a0p5_hybrid_corr5_bsstablehie5_top10,2,44,8012,BTCUSDT,val_first,,-1.3743060450505995,3.5394922197790724,34,0.7109030084375878,True,,,,,,,16.0,5.0,10.323529411764707,4.0,12.0,0.6764705882352942,0.3235294117647059
sw_lints,hybrid,z72_a0p5_hybrid_corr5_bsstablehie5_top10,2,44,8012,BTCUSDT,val_second,,-2.698195968364958,4.545214272572395,47,0.6105727276319288,True,,,,,,,11.0,4.0,7.042553191489362,4.0,6.0,0.8723404255319149,0.1276595744680851
sw_lints,hybrid,z72_a0p5_hybrid_corr5_bsstablehie5_top10,2,44,8012,ETHUSDT,val,2000.0,-1.6545233877575893,7.13986603887129,100,0.8439998626204102,True,0.3725,0.1275,0.2015,0.7985,1.0,0.995,8.0,4.0,7.38,4.0,6.25,0.8,0.2
sw_lints,hybrid,z72_a0p5_hybrid_corr5_bsstablehie5_top10,2,44,8012,ETHUSDT,val_first,,-1.4680114708077951,2.870560217611806,35,0.6974404605156499,True,,,,,,,10.0,4.0,8.742857142857142,4.0,13.0,0.7142857142857143,0.2857142857142857
sw_lints,hybrid,z72_a0p5_hybrid_corr5_bsstablehie5_top10,2,44,8012,ETHUSDT,val_second,,-0.18929072652841272,6.100003751481175,64,0.927818524814567,True,,,,,,,8.0,4.0,6.6875,4.0,5.0,0.84375,0.15625
sw_lints,hybrid,z72_a0p5_hybrid_corr5_bsstablehie5_top10,2,44,8012,SOLUSDT,val,2000.0,-2.391848332115354,9.020237592859425,120,0.859564684383174,True,0.455,0.168,0.24150000000000005,0.7585,1.0,0.995,7.0,4.0,7.191666666666666,4.0,4.0,0.8833333333333333,0.11666666666666667
sw_lints,hybrid,z72_a0p5_hybrid_corr5_bsstablehie5_top10,2,44,8012,SOLUSDT,val_first,,-1.70065764886409,3.5607471170792437,66,0.776170141061204,True,,,,,,,6.0,4.0,6.5606060606060606,4.0,4.0,0.9393939393939394,0.06060606060606061
sw_lints,hybrid,z72_a0p5_hybrid_corr5_bsstablehie5_top10,2,44,8012,SOLUSDT,val_second,,-0.7031488377432393,7.2154737502653665,53,1.068230158078146,True,,,,,,,8.0,4.0,7.39622641509434,4.0,5.0,0.8301886792452831,0.16981132075471697
sw_lints,hybrid,z72_a0p5_hybrid_corr5_bsstablehie5_top10,2,44,8013,BTCUSDT,val,2000.0,-1.911407265015963,3.2051181583303445,75,0.806513386216925,True,0.345,0.0805,0.15149999999999997,0.8485,1.0,0.995,15.0,4.0,8.986666666666666,4.0,7.0,0.7866666666666666,0.21333333333333335
sw_lints,hybrid,z72_a0p5_hybrid_corr5_bsstablehie5_top10,2,44,8013,BTCUSDT,val_first,,-0.4546287627266832,2.294056380740339,35,0.8599304765770938,True,,,,,,,9.0,4.0,9.657142857142857,4.0,12.5,0.6857142857142857,0.3142857142857143
sw_lints,hybrid,z72_a0p5_hybrid_corr5_bsstablehie5_top10,2,44,8013,BTCUSDT,val_second,,-1.4634316836459882,2.7466685785022538,40,0.7526080964092597,True,,,,,,,17.0,4.0,8.4,4.0,6.25,0.875,0.125
sw_lints,hybrid,z72_a0p5_hybrid_corr5_bsstablehie5_top10,2,44,8013,ETHUSDT,val,2000.0,-4.974559470044692,9.580516556471796,89,0.6342046605385763,True,0.3825,0.1165,0.1795,0.8205,1.0,0.995,10.0,4.0,8.382022471910112,4.0,7.0,0.7752808988764045,0.2247191011235955
sw_lints,hybrid,z72_a0p5_hybrid_corr5_bsstablehie5_top10,2,44,8013,ETHUSDT,val_first,,-3.2636186556976865,3.788177678326743,40,0.5336237708059098,True,,,,,,,10.0,4.0,9.325,4.0,11.0,0.7,0.3
sw_lints,hybrid,z72_a0p5_hybrid_corr5_bsstablehie5_top10,2,44,8013,ETHUSDT,val_second,,-1.7686632377300393,6.530012610551516,49,0.7222433411415445,True,,,,,,,9.0,4.0,7.612244897959184,4.0,4.0,0.8367346938775511,0.16326530612244897
sw_lints,hybrid,z72_a0p5_hybrid_corr5_bsstablehie5_top10,2,44,8013,SOLUSDT,val,2000.0,-4.521191859724672,8.284938168016875,107,0.7539153807234046,True,0.4125,0.142,0.21550000000000002,0.7845,1.0,0.995,8.0,4.0,7.271028037383178,4.0,6.0,0.8691588785046729,0.1308411214953271
sw_lints,hybrid,z72_a0p5_hybrid_corr5_bsstablehie5_top10,2,44,8013,SOLUSDT,val_first,,-0.1632319975078511,2.2847473268617025,55,0.9278571554340597,True,,,,,,,7.5,4.0,6.945454545454545,4.0,4.0,0.9272727272727272,0.07272727272727272
sw_lints,hybrid,z72_a0p5_hybrid_corr5_bsstablehie5_top10,2,44,8013,SOLUSDT,val_second,,-4.365085077782194,7.905803923873211,52,0.6630261213009999,True,,,,,,,10.5,4.0,7.615384615384615,4.0,8.0,0.8076923076923077,0.19230769230769232
sw_lints,hybrid,z72_a0p5_hybrid_corr5_bsstablehie5_top10,2,44,8014,BTCUSDT,val,2000.0,-5.131439872683585,6.3354143747616725,90,0.5995385461496455,True,0.4,0.1095,0.1815,0.8185,1.0,0.995,10.0,4.0,8.488888888888889,4.0,8.75,0.7666666666666667,0.23333333333333334
sw_lints,hybrid,z72_a0p5_hybrid_corr5_bsstablehie5_top10,2,44,8014,BTCUSDT,val_first,,-1.8020970840272987,3.967947655535642,33,0.6532839546611834,True,,,,,,,15.0,5.0,11.212121212121213,4.0,14.0,0.6363636363636364,0.36363636363636365
sw_lints,hybrid,z72_a0p5_hybrid_corr5_bsstablehie5_top10,2,44,8014,BTCUSDT,val_second,,-3.3904418422307736,4.851559999673782,57,0.5559424160716293,True,,,,,,,8.0,4.0,6.912280701754386,4.0,5.0,0.8421052631578947,0.15789473684210525
sw_lints,hybrid,z72_a0p5_hybrid_corr5_bsstablehie5_top10,2,44,8014,ETHUSDT,val,2000.0,-2.9343378980980495,8.89285979743436,91,0.7507584887896007,True,0.3815,0.1115,0.1835,0.8165,1.0,0.995,11.0,4.0,8.274725274725276,4.0,7.0,0.8021978021978022,0.1978021978021978
sw_lints,hybrid,z72_a0p5_hybrid_corr5_bsstablehie5_top10,2,44,8014,ETHUSDT,val_first,,-1.8412189260183731,2.33337826201655,35,0.6612833586550028,True,,,,,,,11.5,4.0,10.028571428571428,4.0,10.0,0.7428571428571429,0.2571428571428571
sw_lints,hybrid,z72_a0p5_hybrid_corr5_bsstablehie5_top10,2,44,8014,ETHUSDT,val_second,,-1.1136232134502544,7.310982832595137,56,0.7999716690722667,True,,,,,,,8.5,4.0,7.178571428571429,4.0,5.25,0.8392857142857143,0.16071428571428573
sw_lints,hybrid,z72_a0p5_hybrid_corr5_bsstablehie5_top10,2,44,8014,SOLUSDT,val,2000.0,-4.5862009643733215,10.247684186233952,115,0.7775373553756988,True,0.4955,0.1495,0.23150000000000004,0.7685,1.0,0.995,8.0,4.0,8.252173913043478,4.0,6.0,0.8173913043478261,0.1826086956521739
sw_lints,hybrid,z72_a0p5_hybrid_corr5_bsstablehie5_top10,2,44,8014,SOLUSDT,val_first,,1.1371326477655153,3.7946627069932903,71,1.1180489400853317,True,,,,,,,7.0,4.0,6.802816901408451,4.0,5.0,0.9014084507042254,0.09859154929577464
sw_lints,hybrid,z72_a0p5_hybrid_corr5_bsstablehie5_top10,2,44,8014,SOLUSDT,val_second,,-5.6589834636421195,9.416304645242334,43,0.6263388831218352,True,,,,,,,14.0,4.0,9.046511627906977,4.0,10.5,0.6976744186046512,0.3023255813953488
sw_lints,hybrid,z72_a0p5_hybrid_corr5_bsstablehie5_top10,2,44,8015,BTCUSDT,val,2000.0,-6.175071504649276,7.248720262597319,97,0.5556579826864546,True,0.4125,0.1085,0.1955,0.8045,1.0,0.995,9.0,4.0,8.082474226804123,4.0,7.0,0.8144329896907216,0.18556701030927836
sw_lints,hybrid,z72_a0p5_hybrid_corr5_bsstablehie5_top10,2,44,8015,BTCUSDT,val_first,,-0.5188129046695744,2.7460767525402052,33,0.8586613847495967,True,,,,,,,11.0,4.0,10.303030303030303,4.0,12.0,0.696969696969697,0.30303030303030304
sw_lints,hybrid,z72_a0p5_hybrid_corr5_bsstablehie5_top10,2,44,8015,BTCUSDT,val_second,,-5.685757041237805,6.79825360734373,64,0.38214582829043053,True,,,,,,,7.5,4.0,6.9375,4.0,5.25,0.875,0.125
sw_lints,hybrid,z72_a0p5_hybrid_corr5_bsstablehie5_top10,2,44,8015,ETHUSDT,val,2000.0,0.6223990134313295,6.549505732548299,86,0.9597698392697936,True,0.4015,0.102,0.1735,0.8265,1.0,0.995,12.0,4.0,9.279069767441861,4.0,9.0,0.7558139534883721,0.2441860465116279
sw_lints,hybrid,z72_a0p5_hybrid_corr5_bsstablehie5_top10,2,44,8015,ETHUSDT,val_first,,-1.4401942376495058,2.123104635555473,35,0.7536516916167295,True,,,,,,,12.0,4.0,10.342857142857143,4.0,11.0,0.6857142857142857,0.3142857142857143
sw_lints,hybrid,z72_a0p5_hybrid_corr5_bsstablehie5_top10,2,44,8015,ETHUSDT,val_second,,2.092732666351016,5.532736783270442,50,1.1487876275225914,True,,,,,,,12.0,4.0,8.64,4.0,6.0,0.8,0.2
sw_lints,hybrid,z72_a0p5_hybrid_corr5_bsstablehie5_top10,2,44,8015,SOLUSDT,val,2000.0,1.463907156773736,6.406076330208565,96,1.0457811509118915,True,0.367,0.1335,0.1935,0.8065,1.0,0.995,8.0,4.0,7.208333333333333,4.0,6.0,0.8854166666666666,0.11458333333333333
sw_lints,hybrid,z72_a0p5_hybrid_corr5_bsstablehie5_top10,2,44,8015,SOLUSDT,val_first,,0.8930533401578566,2.9120455483890306,39,1.160343676720518,True,,,,,,,9.0,4.0,8.666666666666666,4.0,6.5,0.8974358974358975,0.10256410256410256
sw_lints,hybrid,z72_a0p5_hybrid_corr5_bsstablehie5_top10,2,44,8015,SOLUSDT,val_second,,0.5658009126666919,5.5278611115719745,56,1.0261896571615319,True,,,,,,,6.5,4.0,6.25,4.0,5.25,0.875,0.125
sw_lints,hybrid,z72_a0p5_hybrid_corr5_bsstablehie5_top10,2,44,8016,BTCUSDT,val,2000.0,-5.639497086530709,6.308003574798581,92,0.5861029448018665,True,0.373,0.1005,0.1855,0.8145,1.0,0.995,10.0,4.0,7.663043478260869,4.0,7.0,0.8043478260869565,0.1956521739130435
sw_lints,hybrid,z72_a0p5_hybrid_corr5_bsstablehie5_top10,2,44,8016,BTCUSDT,val_first,,-0.4145155944283996,2.8131217275617515,44,0.8883514885621818,True,,,,,,,10.0,4.0,8.295454545454545,4.0,5.25,0.7727272727272727,0.22727272727272727
sw_lints,hybrid,z72_a0p5_hybrid_corr5_bsstablehie5_top10,2,44,8016,BTCUSDT,val_second,,-5.24673000617547,6.14986054606873,48,0.3738063906077528,True,,,,,,,9.5,4.0,7.083333333333333,4.0,7.0,0.8333333333333334,0.16666666666666666
sw_lints,hybrid,z72_a0p5_hybrid_corr5_bsstablehie5_top10,2,44,8016,ETHUSDT,val,2000.0,-2.7620215588983865,9.507350079221766,81,0.7493211205001187,True,0.3895,0.094,0.16349999999999998,0.8365,1.0,0.995,14.0,4.0,9.555555555555555,4.0,7.0,0.7654320987654321,0.2345679012345679
sw_lints,hybrid,z72_a0p5_hybrid_corr5_bsstablehie5_top10,2,44,8016,ETHUSDT,val_first,,-1.9895041356849497,2.4115024778729177,35,0.6228536032569627,True,,,,,,,14.5,4.0,10.428571428571429,4.0,13.0,0.6857142857142857,0.3142857142857143
sw_lints,hybrid,z72_a0p5_hybrid_corr5_bsstablehie5_top10,2,44,8016,ETHUSDT,val_second,,-0.7881986683170084,7.895449944240629,46,0.8232094789020187,True,,,,,,,12.0,4.0,8.891304347826088,4.0,4.75,0.8260869565217391,0.17391304347826086
sw_lints,hybrid,z72_a0p5_hybrid_corr5_bsstablehie5_top10,2,44,8016,SOLUSDT,val,2000.0,-6.554281312470289,9.74270929200005,109,0.6613603103638295,True,0.4215,0.1605,0.21950000000000003,0.7805,1.0,0.995,7.0,4.0,7.036697247706422,4.0,5.0,0.8807339449541285,0.11926605504587157
sw_lints,hybrid,z72_a0p5_hybrid_corr5_bsstablehie5_top10,2,44,8016,SOLUSDT,val_first,,-0.8145898413680852,2.172132813505967,61,0.8887270749612386,True,,,,,,,7.0,4.0,6.688524590163935,4.0,4.0,0.8852459016393442,0.11475409836065574
sw_lints,hybrid,z72_a0p5_hybrid_corr5_bsstablehie5_top10,2,44,8016,SOLUSDT,val_second,,-5.786830403708009,8.444275066822836,47,0.531168604584646,True,,,,,,,7.0,4.0,7.553191489361702,4.0,6.5,0.8723404255319149,0.1276595744680851
sw_lints,hybrid,z72_a0p5_hybrid_corr5_bsstablehie5_top10,2,44,8017,BTCUSDT,val,2000.0,-5.0265244893585965,5.796932031271796,86,0.5695783186364011,True,0.342,0.1,0.1735,0.8265,1.0,0.995,11.0,4.0,7.825581395348837,4.0,5.75,0.8255813953488372,0.1744186046511628
sw_lints,hybrid,z72_a0p5_hybrid_corr5_bsstablehie5_top10,2,44,8017,BTCUSDT,val_first,,-1.366594619740047,3.809960980305094,46,0.7396403763549685,True,,,,,,,7.0,4.0,8.173913043478262,4.0,4.75,0.8043478260869565,0.1956521739130435
sw_lints,hybrid,z72_a0p5_hybrid_corr5_bsstablehie5_top10,2,44,8017,BTCUSDT,val_second,,-3.7106392661882426,4.727077237107514,40,0.39609579107670667,True,,,,,,,13.5,4.0,7.425,4.0,6.25,0.85,0.15
sw_lints,hybrid,z72_a0p5_hybrid_corr5_bsstablehie5_top10,2,44,8017,ETHUSDT,val,2000.0,-4.889666811655557,9.428642750797167,83,0.6483299026118914,True,0.4105,0.0945,0.16749999999999998,0.8325,1.0,0.995,12.0,4.0,9.80722891566265,4.0,10.0,0.7349397590361446,0.26506024096385544
sw_lints,hybrid,z72_a0p5_hybrid_corr5_bsstablehie5_top10,2,44,8017,ETHUSDT,val_first,,-2.9835992456898053,3.0637794578619926,38,0.5288079938187826,True,,,,,,,12.0,5.0,10.052631578947368,4.0,12.5,0.6842105263157895,0.3157894736842105
sw_lints,hybrid,z72_a0p5_hybrid_corr5_bsstablehie5_top10,2,44,8017,ETHUSDT,val_second,,-1.9646859202628986,6.643251506958281,45,0.7327019215327802,True,,,,,,,12.0,4.0,9.6,4.0,7.0,0.7777777777777778,0.2222222222222222
sw_lints,hybrid,z72_a0p5_hybrid_corr5_bsstablehie5_top10,2,44,8017,SOLUSDT,val,2000.0,-5.6670989222947,9.831082836134986,107,0.7147656544378193,True,0.4335,0.1405,0.21550000000000002,0.7845,1.0,0.995,8.0,4.0,7.710280373831775,4.0,5.0,0.8598130841121495,0.14018691588785046
sw_lints,hybrid,z72_a0p5_hybrid_corr5_bsstablehie5_top10,2,44,8017,SOLUSDT,val_first,,-0.8686928924422355,3.4319943735487968,65,0.8671059614741515,True,,,,,,,7.0,4.0,6.523076923076923,4.0,4.0,0.9538461538461539,0.046153846153846156
sw_lints,hybrid,z72_a0p5_hybrid_corr5_bsstablehie5_top10,2,44,8017,SOLUSDT,val_second,,-4.840454715931641,8.646821884077537,41,0.6777160316236918,True,,,,,,,12.0,4.0,8.829268292682928,4.0,10.0,0.7317073170731707,0.2682926829268293
sw_lints,hybrid,z72_a0p5_hybrid_corr5_bsstablehie5_top10,2,44,8018,BTCUSDT,val,2000.0,-4.520431043541695,5.79136335263043,83,0.6153222414574828,True,0.3805,0.084,0.16749999999999998,0.8325,1.0,0.995,11.0,4.0,8.674698795180722,4.0,9.0,0.7590361445783133,0.24096385542168675
sw_lints,hybrid,z72_a0p5_hybrid_corr5_bsstablehie5_top10,2,44,8018,BTCUSDT,val_first,,-1.9388628035810984,3.6840142349365945,44,0.6303374970312997,True,,,,,,,11.0,4.0,8.295454545454545,4.0,10.25,0.7272727272727273,0.2727272727272727
sw_lints,hybrid,z72_a0p5_hybrid_corr5_bsstablehie5_top10,2,44,8018,BTCUSDT,val_second,,-2.6326109545207976,3.9286721112897993,39,0.6014660866123515,True,,,,,,,12.0,4.0,9.102564102564102,4.0,9.0,0.7948717948717948,0.20512820512820512
sw_lints,hybrid,z72_a0p5_hybrid_corr5_bsstablehie5_top10,2,44,8018,ETHUSDT,val,2000.0,-3.1656857401873184,9.056397508775127,88,0.7501765943915523,True,0.375,0.101,0.1775,0.8225,1.0,0.995,12.0,4.0,8.034090909090908,4.0,7.25,0.7954545454545454,0.20454545454545456
sw_lints,hybrid,z72_a0p5_hybrid_corr5_bsstablehie5_top10,2,44,8018,ETHUSDT,val_first,,-3.861736534768445,4.072612645839435,44,0.5184672750954182,True,,,,,,,13.0,4.0,7.954545454545454,4.0,9.25,0.75,0.25
sw_lints,hybrid,z72_a0p5_hybrid_corr5_bsstablehie5_top10,2,44,8018,ETHUSDT,val_second,,0.7240101594230053,5.403323075297051,44,1.0008070990798168,True,,,,,,,9.5,4.0,8.113636363636363,4.0,5.25,0.8409090909090909,0.1590909090909091
sw_lints,hybrid,z72_a0p5_hybrid_corr5_bsstablehie5_top10,2,44,8018,SOLUSDT,val,2000.0,-6.923227660911024,11.967628152390219,107,0.6605754005008881,True,0.46,0.159,0.21550000000000002,0.7845,1.0,0.995,8.0,4.0,7.88785046728972,4.0,5.0,0.8504672897196262,0.14953271028037382
sw_lints,hybrid,z72_a0p5_hybrid_corr5_bsstablehie5_top10,2,44,8018,SOLUSDT,val_first,,-3.1765150054917646,4.710492840114366,63,0.708810445857743,True,,,,,,,8.0,4.0,6.698412698412699,4.0,4.0,0.9047619047619048,0.09523809523809523
sw_lints,hybrid,z72_a0p5_hybrid_corr5_bsstablehie5_top10,2,44,8018,SOLUSDT,val_second,,-3.8696320997243294,8.436873419157243,43,0.723339012026943,True,,,,,,,8.0,4.0,8.069767441860465,4.0,7.5,0.7906976744186046,0.20930232558139536
sw_lints,hybrid,z72_a0p5_hybrid_corr5_bsstablehie5_top10,2,44,8019,BTCUSDT,val,2000.0,-5.491879524301224,6.090680761201295,85,0.5488042311735124,True,0.362,0.093,0.17149999999999999,0.8285,1.0,0.995,12.0,4.0,8.105882352941176,4.0,7.0,0.8,0.2
sw_lints,hybrid,z72_a0p5_hybrid_corr5_bsstablehie5_top10,2,44,8019,BTCUSDT,val_first,,-2.0209742389627916,4.830734863114728,41,0.6434876480247025,True,,,,,,,12.5,4.0,8.512195121951219,4.0,6.0,0.7560975609756098,0.24390243902439024
sw_lints,hybrid,z72_a0p5_hybrid_corr5_bsstablehie5_top10,2,44,8019,BTCUSDT,val_second,,-3.5424982626421353,4.313810467545953,44,0.44843385308828804,True,,,,,,,11.5,4.0,7.7272727272727275,4.0,7.0,0.8409090909090909,0.1590909090909091
sw_lints,hybrid,z72_a0p5_hybrid_corr5_bsstablehie5_top10,2,44,8019,ETHUSDT,val,2000.0,0.5350182838953721,6.27803382946338,94,0.9812738601785004,True,0.3915,0.109,0.1895,0.8105,1.0,0.995,11.0,4.0,8.25531914893617,4.0,5.75,0.7978723404255319,0.20212765957446807
sw_lints,hybrid,z72_a0p5_hybrid_corr5_bsstablehie5_top10,2,44,8019,ETHUSDT,val_first,,-2.195088333730244,2.617425739632351,37,0.6211217416726952,True,,,,,,,14.0,4.0,9.64864864864865,4.0,14.0,0.7297297297297297,0.2702702702702703
sw_lints,hybrid,z72_a0p5_hybrid_corr5_bsstablehie5_top10,2,44,8019,ETHUSDT,val_second,,2.791379871535793,4.174581241548481,57,1.2554158608179766,True,,,,,,,9.0,4.0,7.350877192982456,4.0,5.0,0.8421052631578947,0.15789473684210525
sw_lints,hybrid,z72_a0p5_hybrid_corr5_bsstablehie5_top10,2,44,8019,SOLUSDT,val,2000.0,-5.646001213281648,9.567325539961423,113,0.6984633883012561,True,0.4475,0.1505,0.22750000000000004,0.7725,1.0,0.995,8.0,4.0,7.20353982300885,4.0,5.0,0.8495575221238938,0.1504424778761062
sw_lints,hybrid,z72_a0p5_hybrid_corr5_bsstablehie5_top10,2,44,8019,SOLUSDT,val_first,,0.292903213140594,2.070768633334086,65,1.003544685873474,True,,,,,,,7.0,4.0,6.723076923076923,4.0,4.0,0.8769230769230769,0.12307692307692308
sw_lints,hybrid,z72_a0p5_hybrid_corr5_bsstablehie5_top10,2,44,8019,SOLUSDT,val_second,,-5.921559986952419,8.7278925059172,47,0.5228652915998545,True,,,,,,,10.0,4.0,7.9361702127659575,4.0,8.0,0.8085106382978723,0.19148936170212766
sw_lints,hybrid,z72_a0p5_hybrid_corr5_bsstablehie5_top10,2,44,8020,BTCUSDT,val,2000.0,-2.730947969013986,4.046017734845931,84,0.7561418351495618,True,0.3555,0.09,0.16949999999999998,0.8305,1.0,0.995,12.0,4.0,8.202380952380953,4.0,7.0,0.8214285714285714,0.17857142857142858
sw_lints,hybrid,z72_a0p5_hybrid_corr5_bsstablehie5_top10,2,44,8020,BTCUSDT,val_first,,0.4056354221653846,3.3343835187207405,42,1.0313632350972781,True,,,,,,,12.0,4.0,9.023809523809524,4.0,7.0,0.7619047619047619,0.23809523809523808
sw_lints,hybrid,z72_a0p5_hybrid_corr5_bsstablehie5_top10,2,44,8020,BTCUSDT,val_second,,-3.123911698771986,3.9722841349114746,42,0.5079760587961978,True,,,,,,,12.0,4.0,7.380952380952381,4.0,7.0,0.8809523809523809,0.11904761904761904
sw_lints,hybrid,z72_a0p5_hybrid_corr5_bsstablehie5_top10,2,44,8020,ETHUSDT,val,2000.0,-1.3817119796834643,8.603410876680806,92,0.8320359252603566,True,0.342,0.121,0.1855,0.8145,1.0,0.995,9.0,4.0,7.315217391304348,4.0,5.0,0.8586956521739131,0.14130434782608695
sw_lints,hybrid,z72_a0p5_hybrid_corr5_bsstablehie5_top10,2,44,8020,ETHUSDT,val_first,,-3.8005739515764803,3.8800789665165647,43,0.4728155393498637,True,,,,,,,11.0,4.0,7.3023255813953485,4.0,5.5,0.813953488372093,0.18604651162790697
sw_lints,hybrid,z72_a0p5_hybrid_corr5_bsstablehie5_top10,2,44,8020,ETHUSDT,val_second,,2.51442453583397,4.992583763115988,49,1.1997188655364628,True,,,,,,,8.0,4.0,7.326530612244898,4.0,4.0,0.8979591836734694,0.10204081632653061
sw_lints,hybrid,z72_a0p5_hybrid_corr5_bsstablehie5_top10,2,44,8020,SOLUSDT,val,2000.0,-6.825333013548896,10.352267607833287,109,0.6433069047200195,True,0.4595,0.145,0.21950000000000003,0.7805,1.0,0.995,8.0,4.0,7.7889908256880735,4.0,6.0,0.8532110091743119,0.14678899082568808
sw_lints,hybrid,z72_a0p5_hybrid_corr5_bsstablehie5_top10,2,44,8020,SOLUSDT,val_first,,-2.9921685579573976,4.0093373631637235,64,0.7228534999210449,True,,,,,,,9.0,4.0,6.734375,4.0,5.0,0.921875,0.078125
sw_lints,hybrid,z72_a0p5_hybrid_corr5_bsstablehie5_top10,2,44,8020,SOLUSDT,val_second,,-3.9513969115798964,7.423168945405989,44,0.7019325685200971,True,,,,,,,7.5,4.0,7.7272727272727275,4.0,7.0,0.7727272727272727,0.22727272727272727
sw_lints,hybrid,z72_a0p5_hybrid_corr5_bsstablehie5_top10,2,44,8021,BTCUSDT,val,2000.0,-5.236155609303939,6.66899628132308,85,0.579057301732815,True,0.385,0.089,0.17149999999999999,0.8285,1.0,0.995,12.0,4.0,8.670588235294117,4.0,11.0,0.6941176470588235,0.3058823529411765
sw_lints,hybrid,z72_a0p5_hybrid_corr5_bsstablehie5_top10,2,44,8021,BTCUSDT,val_first,,-1.2389096812989497,3.2147408383876197,30,0.7192817775066968,True,,,,,,,15.0,9.0,11.0,4.0,12.5,0.5,0.5
sw_lints,hybrid,z72_a0p5_hybrid_corr5_bsstablehie5_top10,2,44,8021,BTCUSDT,val_second,,-4.047389427461678,5.731080368231678,55,0.4862541554291855,True,,,,,,,11.0,4.0,7.4,4.0,8.0,0.8,0.2
sw_lints,hybrid,z72_a0p5_hybrid_corr5_bsstablehie5_top10,2,44,8021,ETHUSDT,val,2000.0,-1.0021873600626119,8.065646872393039,91,0.8620721285538783,True,0.3955,0.104,0.1835,0.8165,1.0,0.995,11.0,4.0,8.637362637362637,4.0,7.5,0.7912087912087912,0.2087912087912088
sw_lints,hybrid,z72_a0p5_hybrid_corr5_bsstablehie5_top10,2,44,8021,ETHUSDT,val_first,,-3.067570146095522,3.5110613784058664,43,0.577267452870366,True,,,,,,,11.5,4.0,8.651162790697674,4.0,10.5,0.7441860465116279,0.2558139534883721
sw_lints,hybrid,z72_a0p5_hybrid_corr5_bsstablehie5_top10,2,44,8021,ETHUSDT,val_second,,2.1307448798568718,5.1562482585349345,48,1.1489407878687639,True,,,,,,,11.0,4.0,8.625,4.0,5.25,0.8333333333333334,0.16666666666666666
sw_lints,hybrid,z72_a0p5_hybrid_corr5_bsstablehie5_top10,2,44,8021,SOLUSDT,val,2000.0,-10.80031350747711,13.574259489634176,114,0.5259246280202852,True,0.4425,0.17,0.22950000000000004,0.7705,1.0,0.995,7.0,4.0,7.149122807017544,4.0,4.0,0.8859649122807017,0.11403508771929824
sw_lints,hybrid,z72_a0p5_hybrid_corr5_bsstablehie5_top10,2,44,8021,SOLUSDT,val_first,,-4.953030294258342,5.757450102837691,70,0.5490520372343393,True,,,,,,,7.0,4.0,6.428571428571429,4.0,4.0,0.9428571428571428,0.05714285714285714
sw_lints,hybrid,z72_a0p5_hybrid_corr5_bsstablehie5_top10,2,44,8021,SOLUSDT,val_second,,-6.151993305332648,9.153872899345682,43,0.5643214908118779,True,,,,,,,7.0,4.0,7.5813953488372094,4.0,5.0,0.813953488372093,0.18604651162790697
sw_lints,hybrid,z72_a0p5_hybrid_corr5_bsstablehie5_top10,2,44,8022,BTCUSDT,val,2000.0,-3.19476387506501,3.9791853293609236,77,0.6652991767825891,True,0.357,0.094,0.15549999999999997,0.8445,1.0,0.995,16.0,4.0,9.012987012987013,4.0,5.0,0.8181818181818182,0.18181818181818182
sw_lints,hybrid,z72_a0p5_hybrid_corr5_bsstablehie5_top10,2,44,8022,BTCUSDT,val_first,,-1.7131563900004587,3.9791853293609236,37,0.5407692571944364,True,,,,,,,8.0,4.0,7.945945945945946,4.0,4.0,0.8108108108108109,0.1891891891891892
sw_lints,hybrid,z72_a0p5_hybrid_corr5_bsstablehie5_top10,2,44,8022,BTCUSDT,val_second,,-1.5074321553590009,2.6805877730517347,39,0.8625206305957073,True,,,,,,,18.0,4.0,7.102564102564102,4.0,5.5,0.8461538461538461,0.15384615384615385
sw_lints,hybrid,z72_a0p5_hybrid_corr5_bsstablehie5_top10,2,44,8022,ETHUSDT,val,2000.0,-7.7401074707240225,12.344763989557595,72,0.49545303853646055,True,0.393,0.072,0.14549999999999996,0.8545,1.0,0.995,16.5,4.0,10.652777777777779,4.0,12.25,0.6944444444444444,0.3055555555555556
sw_lints,hybrid,z72_a0p5_hybrid_corr5_bsstablehie5_top10,2,44,8022,ETHUSDT,val_first,,-6.0805579181197,6.116453331470972,32,0.2792945895235725,True,,,,,,,19.0,7.0,11.875,4.0,17.5,0.5625,0.4375
sw_lints,hybrid,z72_a0p5_hybrid_corr5_bsstablehie5_top10,2,44,8022,ETHUSDT,val_second,,-1.7669925585349078,6.716371781064545,40,0.6990339645495818,True,,,,,,,16.0,4.0,9.675,4.0,5.75,0.8,0.2
sw_lints,hybrid,z72_a0p5_hybrid_corr5_bsstablehie5_top10,2,44,8022,SOLUSDT,val,2000.0,-3.740684223871127,8.304896302928988,75,0.7257709165061365,True,0.3355,0.1,0.15149999999999997,0.8485,1.0,0.995,8.0,4.0,7.933333333333334,4.0,5.5,0.8266666666666667,0.17333333333333334
sw_lints,hybrid,z72_a0p5_hybrid_corr5_bsstablehie5_top10,2,44,8022,SOLUSDT,val_first,,2.3778860079009645,2.7010155289848514,37,1.3247574793722932,True,,,,,,,8.0,4.0,8.324324324324325,4.0,5.0,0.8918918918918919,0.10810810810810811
sw_lints,hybrid,z72_a0p5_hybrid_corr5_bsstablehie5_top10,2,44,8022,SOLUSDT,val_second,,-5.97645689939319,8.102773697507516,38,0.4604447207736605,True,,,,,,,7.5,4.0,7.552631578947368,4.0,7.5,0.7631578947368421,0.23684210526315788
sw_lints,hybrid,z72_a0p5_hybrid_corr5_bsstablehie5_top10,2,44,8023,BTCUSDT,val,2000.0,-4.931039062023512,5.709970914789297,109,0.6355388345322704,True,0.4285,0.1365,0.21950000000000003,0.7805,1.0,0.995,9.0,4.0,7.568807339449541,4.0,5.0,0.8073394495412844,0.1926605504587156
sw_lints,hybrid,z72_a0p5_hybrid_corr5_bsstablehie5_top10,2,44,8023,BTCUSDT,val_first,,-0.6509714614813311,3.158459208082187,39,0.8425848415940278,True,,,,,,,15.0,4.0,9.692307692307692,4.0,12.5,0.717948717948718,0.28205128205128205
sw_lints,hybrid,z72_a0p5_hybrid_corr5_bsstablehie5_top10,2,44,8023,BTCUSDT,val_second,,-4.308112181371515,5.254458086053793,70,0.5012362406857727,True,,,,,,,7.0,4.0,6.385714285714286,4.0,4.0,0.8571428571428571,0.14285714285714285
sw_lints,hybrid,z72_a0p5_hybrid_corr5_bsstablehie5_top10,2,44,8023,ETHUSDT,val,2000.0,-2.2934287473526105,9.419000527119515,80,0.7693947763022823,True,0.387,0.0915,0.16149999999999998,0.8385,1.0,0.995,15.5,4.0,9.15,4.0,11.25,0.725,0.275
sw_lints,hybrid,z72_a0p5_hybrid_corr5_bsstablehie5_top10,2,44,8023,ETHUSDT,val_first,,-2.7513870501118642,3.553005847431112,41,0.592333117388275,True,,,,,,,16.5,4.0,8.951219512195122,4.0,12.0,0.7073170731707317,0.2926829268292683
sw_lints,hybrid,z72_a0p5_hybrid_corr5_bsstablehie5_top10,2,44,8023,ETHUSDT,val_second,,0.4709149970038462,6.856255605870166,39,0.9239272416084825,True,,,,,,,15.0,4.0,9.35897435897436,4.0,9.5,0.7435897435897436,0.2564102564102564
sw_lints,hybrid,z72_a0p5_hybrid_corr5_bsstablehie5_top10,2,44,8023,SOLUSDT,val,2000.0,-4.198038376910096,11.07089510782825,115,0.7662164864400127,True,0.445,0.1585,0.23150000000000004,0.7685,1.0,0.995,7.0,4.0,7.130434782608695,4.0,5.0,0.8608695652173913,0.1391304347826087
sw_lints,hybrid,z72_a0p5_hybrid_corr5_bsstablehie5_top10,2,44,8023,SOLUSDT,val_first,,2.5948767941067485,3.2116307477895956,65,1.1665224641857521,True,,,,,,,7.0,4.0,8.015384615384615,4.0,5.0,0.8615384615384616,0.13846153846153847
sw_lints,hybrid,z72_a0p5_hybrid_corr5_bsstablehie5_top10,2,44,8023,SOLUSDT,val_second,,-6.621105637320712,9.249872083278799,50,0.44198830452847027,True,,,,,,,6.0,4.0,5.98,4.0,5.75,0.86,0.14
sw_lints,hybrid,z72_a0p5_hybrid_corr5_bsstablehie5_top10,2,44,8024,BTCUSDT,val,2000.0,-5.029925392273271,5.79181074865912,82,0.5558482662719045,True,0.334,0.0845,0.16549999999999998,0.8345,1.0,0.995,12.0,4.0,7.902439024390244,4.0,6.75,0.7926829268292683,0.2073170731707317
sw_lints,hybrid,z72_a0p5_hybrid_corr5_bsstablehie5_top10,2,44,8024,BTCUSDT,val_first,,-2.0780910829334642,3.815101897751527,44,0.6303006170273778,True,,,,,,,11.0,4.0,8.272727272727273,4.0,7.75,0.75,0.25
sw_lints,hybrid,z72_a0p5_hybrid_corr5_bsstablehie5_top10,2,44,8024,BTCUSDT,val_second,,-3.014477905899293,4.029611117535525,38,0.4672474698465719,True,,,,,,,12.0,4.0,7.473684210526316,4.0,6.75,0.8421052631578947,0.15789473684210525
sw_lints,hybrid,z72_a0p5_hybrid_corr5_bsstablehie5_top10,2,44,8024,ETHUSDT,val,2000.0,-2.049304077404457,8.774924054658195,93,0.7829616321596307,True,0.3805,0.1255,0.1875,0.8125,1.0,0.995,8.0,4.0,7.731182795698925,4.0,5.0,0.8387096774193549,0.16129032258064516
sw_lints,hybrid,z72_a0p5_hybrid_corr5_bsstablehie5_top10,2,44,8024,ETHUSDT,val_first,,-2.4544954609290515,2.995379836561507,41,0.578888979787174,True,,,,,,,7.0,4.0,7.512195121951219,4.0,5.0,0.8292682926829268,0.17073170731707318
sw_lints,hybrid,z72_a0p5_hybrid_corr5_bsstablehie5_top10,2,44,8024,ETHUSDT,val_second,,0.41538703955577017,6.746347990807178,52,0.9138250257148659,True,,,,,,,9.5,4.0,7.903846153846154,4.0,4.0,0.8461538461538461,0.15384615384615385
sw_lints,hybrid,z72_a0p5_hybrid_corr5_bsstablehie5_top10,2,44,8024,SOLUSDT,val,2000.0,-5.554150638382083,9.19194465866907,105,0.714760804100839,True,0.4375,0.1455,0.21150000000000002,0.7885,1.0,0.995,8.0,4.0,7.933333333333334,4.0,6.0,0.8285714285714286,0.17142857142857143
sw_lints,hybrid,z72_a0p5_hybrid_corr5_bsstablehie5_top10,2,44,8024,SOLUSDT,val_first,,-1.329473335655651,3.050565717294962,60,0.8256322736781687,True,,,,,,,7.5,4.0,7.05,4.0,4.0,0.9166666666666666,0.08333333333333333
sw_lints,hybrid,z72_a0p5_hybrid_corr5_bsstablehie5_top10,2,44,8024,SOLUSDT,val_second,,-4.28160003351139,8.107679052851157,44,0.6509592239615218,True,,,,,,,13.0,4.0,9.227272727272727,4.0,10.5,0.7045454545454546,0.29545454545454547
sw_lints,hybrid,z72_a0p5_hybrid_corr5_bsstablehie5_top10,3,32,8000,BTCUSDT,val,2000.0,-7.160805143449844,7.487486146519695,92,0.4392966611577633,True,0.3865,0.116,0.1855,0.8145,1.0,0.995,8.5,4.0,8.282608695652174,4.0,5.25,0.8152173913043478,0.18478260869565216
sw_lints,hybrid,z72_a0p5_hybrid_corr5_bsstablehie5_top10,3,32,8000,BTCUSDT,val_first,,-2.8127088880553375,4.636731371197788,37,0.5518331641868389,True,,,,,,,12.0,4.0,10.054054054054054,4.0,11.0,0.7027027027027027,0.2972972972972973
sw_lints,hybrid,z72_a0p5_hybrid_corr5_bsstablehie5_top10,3,32,8000,BTCUSDT,val_second,,-4.4739350234447635,4.9790928606264,55,0.3262105582720577,True,,,,,,,7.0,4.0,7.090909090909091,4.0,4.0,0.8909090909090909,0.10909090909090909
sw_lints,hybrid,z72_a0p5_hybrid_corr5_bsstablehie5_top10,3,32,8000,ETHUSDT,val,2000.0,1.6192062172916133,5.272736803937184,92,1.0343664678712787,True,0.4005,0.1125,0.1855,0.8145,1.0,0.995,12.0,4.0,8.554347826086957,4.0,9.0,0.7608695652173914,0.2391304347826087
sw_lints,hybrid,z72_a0p5_hybrid_corr5_bsstablehie5_top10,3,32,8000,ETHUSDT,val_first,,-0.0151933609248589,2.776038313228013,39,0.9600777260655015,True,,,,,,,16.0,4.0,9.512820512820513,4.0,13.5,0.717948717948718,0.28205128205128205
sw_lints,hybrid,z72_a0p5_hybrid_corr5_bsstablehie5_top10,3,32,8000,ETHUSDT,val_second,,1.6346479361772692,4.923955102081168,52,1.1235096597483658,True,,,,,,,9.5,4.0,7.923076923076923,4.0,6.0,0.7884615384615384,0.21153846153846154
sw_lints,hybrid,z72_a0p5_hybrid_corr5_bsstablehie5_top10,3,32,8000,SOLUSDT,val,2000.0,-6.844911824898148,10.224732105451807,76,0.6156651396267971,True,0.3955,0.0955,0.15349999999999997,0.8465,1.0,0.995,11.5,4.0,9.986842105263158,4.0,7.25,0.8026315789473685,0.19736842105263158
sw_lints,hybrid,z72_a0p5_hybrid_corr5_bsstablehie5_top10,3,32,8000,SOLUSDT,val_first,,0.594023215345052,2.6295100032183383,28,1.1989942806358473,True,,,,,,,27.0,5.0,9.607142857142858,4.0,8.25,0.7857142857142857,0.21428571428571427
sw_lints,hybrid,z72_a0p5_hybrid_corr5_bsstablehie5_top10,3,32,8000,SOLUSDT,val_second,,-7.3950069819937685,9.15811070179008,47,0.5046838278327519,True,,,,,,,7.0,4.0,8.48936170212766,4.0,4.5,0.8297872340425532,0.1702127659574468
sw_lints,hybrid,z72_a0p5_hybrid_corr5_bsstablehie5_top10,3,32,8001,BTCUSDT,val,2000.0,-5.1369366112354875,6.631073117736963,106,0.6337484665608608,True,0.4235,0.1455,0.21350000000000002,0.7865,1.0,0.995,7.0,4.0,7.80188679245283,4.0,6.0,0.8113207547169812,0.18867924528301888
sw_lints,hybrid,z72_a0p5_hybrid_corr5_bsstablehie5_top10,3,32,8001,BTCUSDT,val_first,,-1.3220205174720556,4.362984088002387,37,0.7528376906135171,True,,,,,,,11.0,4.0,9.64864864864865,4.0,14.0,0.6756756756756757,0.32432432432432434
sw_lints,hybrid,z72_a0p5_hybrid_corr5_bsstablehie5_top10,3,32,8001,BTCUSDT,val_second,,-3.866025747354207,5.722836422848099,69,0.5469732050662044,True,,,,,,,6.0,4.0,6.811594202898551,4.0,5.0,0.8840579710144928,0.11594202898550725
sw_lints,hybrid,z72_a0p5_hybrid_corr5_bsstablehie5_top10,3,32,8001,ETHUSDT,val,2000.0,-0.11250291916684585,7.874022542756287,73,0.8778923391674206,True,0.4285,0.074,0.14749999999999996,0.8525,1.0,0.995,12.0,4.0,11.164383561643836,4.0,11.0,0.6986301369863014,0.3013698630136986
sw_lints,hybrid,z72_a0p5_hybrid_corr5_bsstablehie5_top10,3,32,8001,ETHUSDT,val_first,,-1.8772761371746882,3.9169234771842643,35,0.661719796992605,True,,,,,,,13.0,7.0,9.571428571428571,4.0,12.5,0.6,0.4
sw_lints,hybrid,z72_a0p5_hybrid_corr5_bsstablehie5_top10,3,32,8001,ETHUSDT,val_second,,1.7985367186452939,6.526500759512843,37,1.2359859966111377,True,,,,,,,9.0,4.0,10.08108108108108,4.0,6.0,0.8108108108108109,0.1891891891891892
sw_lints,hybrid,z72_a0p5_hybrid_corr5_bsstablehie5_top10,3,32,8001,SOLUSDT,val,2000.0,-4.003337300870157,10.297223565466451,97,0.7886680331279114,True,0.3775,0.1225,0.1955,0.8045,1.0,0.995,11.0,4.0,7.350515463917525,4.0,8.0,0.8144329896907216,0.18556701030927836
sw_lints,hybrid,z72_a0p5_hybrid_corr5_bsstablehie5_top10,3,32,8001,SOLUSDT,val_first,,1.7101582742167887,2.17566449664095,52,1.2055763197884717,True,,,,,,,9.0,4.0,7.076923076923077,4.0,4.25,0.8846153846153846,0.11538461538461539
sw_lints,hybrid,z72_a0p5_hybrid_corr5_bsstablehie5_top10,3,32,8001,SOLUSDT,val_second,,-5.6174286541596175,8.953160481418386,45,0.5782068979059929,True,,,,,,,12.0,5.0,7.666666666666667,4.0,10.0,0.7333333333333333,0.26666666666666666
sw_lints,hybrid,z72_a0p5_hybrid_corr5_bsstablehie5_top10,3,32,8002,BTCUSDT,val,2000.0,-4.615982028260046,5.904631452083686,108,0.6561732331091854,True,0.4405,0.1465,0.21750000000000003,0.7825,1.0,0.995,7.0,4.0,7.861111111111111,4.0,5.0,0.8333333333333334,0.16666666666666666
sw_lints,hybrid,z72_a0p5_hybrid_corr5_bsstablehie5_top10,3,32,8002,BTCUSDT,val_first,,-0.90965634833583,3.725406588340341,44,0.8147746089157599,True,,,,,,,10.5,4.0,8.727272727272727,4.0,7.25,0.7727272727272727,0.22727272727272727
sw_lints,hybrid,z72_a0p5_hybrid_corr5_bsstablehie5_top10,3,32,8002,BTCUSDT,val_second,,-3.7403500112515475,5.21316222908389,64,0.5387374109604578,True,,,,,,,6.0,4.0,7.265625,4.0,4.0,0.875,0.125
sw_lints,hybrid,z72_a0p5_hybrid_corr5_bsstablehie5_top10,3,32,8002,ETHUSDT,val,2000.0,0.4000801780390528,5.696087750865564,83,0.9374973101878262,True,0.3395,0.084,0.16749999999999998,0.8325,1.0,0.995,13.0,4.0,7.674698795180723,4.0,9.0,0.7831325301204819,0.21686746987951808
sw_lints,hybrid,z72_a0p5_hybrid_corr5_bsstablehie5_top10,3,32,8002,ETHUSDT,val_first,,-2.0997643954736023,3.0444408528760736,37,0.6469153718684029,True,,,,,,,14.5,4.0,8.216216216216216,4.0,9.0,0.7567567567567568,0.24324324324324326
sw_lints,hybrid,z72_a0p5_hybrid_corr5_bsstablehie5_top10,3,32,8002,ETHUSDT,val_second,,2.5534612435570647,3.9045614624340974,46,1.2076495414040676,True,,,,,,,12.5,4.0,7.239130434782608,4.0,6.75,0.8043478260869565,0.1956521739130435
sw_lints,hybrid,z72_a0p5_hybrid_corr5_bsstablehie5_top10,3,32,8002,SOLUSDT,val,2000.0,-7.556492937108739,10.576792266041924,78,0.5823025302979569,True,0.3915,0.1035,0.15749999999999997,0.8425,1.0,0.995,10.5,4.0,9.0,4.0,5.75,0.8076923076923077,0.19230769230769232
sw_lints,hybrid,z72_a0p5_hybrid_corr5_bsstablehie5_top10,3,32,8002,SOLUSDT,val_first,,-0.541065412508801,2.1315789799206786,27,0.8971505513236657,True,,,,,,,30.0,4.0,11.814814814814815,4.0,11.5,0.7037037037037037,0.2962962962962963
sw_lints,hybrid,z72_a0p5_hybrid_corr5_bsstablehie5_top10,3,32,8002,SOLUSDT,val_second,,-7.053592071639048,9.422387839483493,50,0.5188878938406571,True,,,,,,,6.5,4.0,6.64,4.0,4.0,0.88,0.12
sw_lints,hybrid,z72_a0p5_hybrid_corr5_bsstablehie5_top10,3,32,8003,BTCUSDT,val,2000.0,-5.789716342966633,6.0336047921204505,101,0.5662662593802829,True,0.417,0.136,0.20350000000000001,0.7965,1.0,0.995,8.0,4.0,8.118811881188119,4.0,7.0,0.8118811881188119,0.18811881188118812
sw_lints,hybrid,z72_a0p5_hybrid_corr5_bsstablehie5_top10,3,32,8003,BTCUSDT,val_first,,-2.4708820395444753,4.039915182918252,38,0.5810794607060107,True,,,,,,,12.0,4.0,10.18421052631579,4.0,12.5,0.6842105263157895,0.3157894736842105
sw_lints,hybrid,z72_a0p5_hybrid_corr5_bsstablehie5_top10,3,32,8003,BTCUSDT,val_second,,-3.4029163523941808,3.8916889795700182,63,0.5531983887449189,True,,,,,,,7.0,4.0,6.873015873015873,4.0,4.0,0.8888888888888888,0.1111111111111111
sw_lints,hybrid,z72_a0p5_hybrid_corr5_bsstablehie5_top10,3,32,8003,ETHUSDT,val,2000.0,0.32241173274711876,7.681756350031732,75,0.9334083505904326,True,0.459,0.0745,0.15149999999999997,0.8485,1.0,0.995,15.0,4.0,12.146666666666667,4.0,12.0,0.7066666666666667,0.29333333333333333
sw_lints,hybrid,z72_a0p5_hybrid_corr5_bsstablehie5_top10,3,32,8003,ETHUSDT,val_first,,-1.69639877827934,4.561261752986379,35,0.7046210111271195,True,,,,,,,15.0,5.0,10.942857142857143,4.0,12.0,0.6571428571428571,0.34285714285714286
sw_lints,hybrid,z72_a0p5_hybrid_corr5_bsstablehie5_top10,3,32,8003,ETHUSDT,val_second,,2.0536485804554694,6.497604688537562,39,1.3683850005355265,True,,,,,,,11.0,4.0,10.461538461538462,4.0,8.0,0.7692307692307693,0.23076923076923078
sw_lints,hybrid,z72_a0p5_hybrid_corr5_bsstablehie5_top10,3,32,8003,SOLUSDT,val,2000.0,-1.6696126585825977,8.261997281143795,65,0.8245899602456337,True,0.4145,0.064,0.13149999999999995,0.8685,1.0,0.995,17.0,4.0,11.676923076923076,4.0,11.0,0.7076923076923077,0.2923076923076923
sw_lints,hybrid,z72_a0p5_hybrid_corr5_bsstablehie5_top10,3,32,8003,SOLUSDT,val_first,,2.1122772652154564,2.938470070910104,34,1.3896817173457972,True,,,,,,,16.5,4.0,10.088235294117647,4.0,10.75,0.7058823529411765,0.29411764705882354
sw_lints,hybrid,z72_a0p5_hybrid_corr5_bsstablehie5_top10,3,32,8003,SOLUSDT,val_second,,-3.7036583896521758,7.631312747103403,30,0.6434691823181189,True,,,,,,,16.5,4.0,11.2,4.0,10.5,0.7333333333333333,0.26666666666666666
sw_lints,hybrid,z72_a0p5_hybrid_corr5_bsstablehie5_top10,3,32,8004,BTCUSDT,val,2000.0,-4.001303260717403,5.243533470015116,109,0.6847557133252385,True,0.414,0.147,0.21950000000000003,0.7805,1.0,0.995,8.0,4.0,7.330275229357798,4.0,5.0,0.8623853211009175,0.13761467889908258
sw_lints,hybrid,z72_a0p5_hybrid_corr5_bsstablehie5_top10,3,32,8004,BTCUSDT,val_first,,-2.042994962365585,4.171450561865841,40,0.647834154660156,True,,,,,,,10.5,4.0,9.375,4.0,10.75,0.725,0.275
sw_lints,hybrid,z72_a0p5_hybrid_corr5_bsstablehie5_top10,3,32,8004,BTCUSDT,val_second,,-1.9991508494971444,3.442840599396302,69,0.7170148663971627,True,,,,,,,7.0,4.0,6.144927536231884,4.0,4.0,0.9420289855072463,0.057971014492753624
sw_lints,hybrid,z72_a0p5_hybrid_corr5_bsstablehie5_top10,3,32,8004,ETHUSDT,val,2000.0,-3.207387225788627,9.956329402899966,74,0.6979086343420399,True,0.405,0.075,0.14949999999999997,0.8505,1.0,0.995,15.5,5.0,10.378378378378379,4.0,14.0,0.6621621621621622,0.33783783783783783
sw_lints,hybrid,z72_a0p5_hybrid_corr5_bsstablehie5_top10,3,32,8004,ETHUSDT,val_first,,-3.4109926663844603,4.49103606629464,38,0.44337937597399185,True,,,,,,,10.5,4.0,9.0,4.0,11.5,0.7105263157894737,0.2894736842105263
sw_lints,hybrid,z72_a0p5_hybrid_corr5_bsstablehie5_top10,3,32,8004,ETHUSDT,val_second,,0.21079566527957283,7.1955554301969755,35,0.9899463192239076,True,,,,,,,18.0,6.0,10.771428571428572,4.0,14.0,0.6285714285714286,0.37142857142857144
sw_lints,hybrid,z72_a0p5_hybrid_corr5_bsstablehie5_top10,3,32,8004,SOLUSDT,val,2000.0,-6.745797298202849,9.678993812046155,89,0.6397718381772063,True,0.4315,0.1035,0.1795,0.8205,1.0,0.995,10.0,4.0,9.224719101123595,4.0,7.0,0.797752808988764,0.20224719101123595
sw_lints,hybrid,z72_a0p5_hybrid_corr5_bsstablehie5_top10,3,32,8004,SOLUSDT,val_first,,-0.4743636951967667,2.328401838950933,38,0.9521645013353769,True,,,,,,,12.5,4.0,7.315789473684211,4.0,6.75,0.8157894736842105,0.18421052631578946
sw_lints,hybrid,z72_a0p5_hybrid_corr5_bsstablehie5_top10,3,32,8004,SOLUSDT,val_second,,-6.301324800174535,8.996928316984999,50,0.5830415075224805,True,,,,,,,7.0,4.0,8.14,4.0,5.0,0.8,0.2
sw_lints,hybrid,z72_a0p5_hybrid_corr5_bsstablehie5_top10,3,32,8005,BTCUSDT,val,2000.0,-5.038662953916983,6.221702844395849,93,0.6047168343602963,True,0.4065,0.13,0.1875,0.8125,1.0,0.995,9.0,4.0,8.580645161290322,4.0,5.0,0.8279569892473119,0.17204301075268819
sw_lints,hybrid,z72_a0p5_hybrid_corr5_bsstablehie5_top10,3,32,8005,BTCUSDT,val_first,,-1.2725680241970294,4.3977911871356135,37,0.7604075066247727,True,,,,,,,13.0,4.0,9.891891891891891,4.0,14.0,0.6756756756756757,0.32432432432432434
sw_lints,hybrid,z72_a0p5_hybrid_corr5_bsstablehie5_top10,3,32,8005,BTCUSDT,val_second,,-3.8146388033702516,5.420654412955949,55,0.4746256250175356,True,,,,,,,8.0,4.0,7.781818181818182,4.0,4.0,0.9272727272727272,0.07272727272727272
sw_lints,hybrid,z72_a0p5_hybrid_corr5_bsstablehie5_top10,3,32,8005,ETHUSDT,val,2000.0,2.9969877117388855,5.160272088634532,80,1.0792509860739825,True,0.473,0.085,0.16149999999999998,0.8385,1.0,0.995,12.5,4.0,11.3,4.0,16.0,0.7125,0.2875
sw_lints,hybrid,z72_a0p5_hybrid_corr5_bsstablehie5_top10,3,32,8005,ETHUSDT,val_first,,-0.5158661668413611,3.63076348185174,37,0.7971171127214567,True,,,,,,,14.0,5.0,10.783783783783784,4.0,16.0,0.6756756756756757,0.32432432432432434
sw_lints,hybrid,z72_a0p5_hybrid_corr5_bsstablehie5_top10,3,32,8005,ETHUSDT,val_second,,3.5310694713104107,4.86003261458462,42,1.2525814695541488,True,,,,,,,10.0,4.0,11.523809523809524,4.0,8.75,0.7619047619047619,0.23809523809523808
sw_lints,hybrid,z72_a0p5_hybrid_corr5_bsstablehie5_top10,3,32,8005,SOLUSDT,val,2000.0,-8.016059940396147,10.404906926296963,81,0.5891145671360083,True,0.4225,0.1005,0.16349999999999998,0.8365,1.0,0.995,12.0,4.0,9.580246913580247,4.0,8.0,0.7777777777777778,0.2222222222222222
sw_lints,hybrid,z72_a0p5_hybrid_corr5_bsstablehie5_top10,3,32,8005,SOLUSDT,val_first,,-1.4614373336021225,3.039445246572414,33,0.8069957487649021,True,,,,,,,20.0,4.0,9.484848484848484,4.0,9.0,0.7575757575757576,0.24242424242424243
sw_lints,hybrid,z72_a0p5_hybrid_corr5_bsstablehie5_top10,3,32,8005,SOLUSDT,val_second,,-6.651835006955286,8.900166433089385,47,0.5436602256856091,True,,,,,,,8.0,4.0,7.723404255319149,4.0,5.5,0.8085106382978723,0.19148936170212766
sw_lints,hybrid,z72_a0p5_hybrid_corr5_bsstablehie5_top10,3,32,8006,BTCUSDT,val,2000.0,-5.183102807071105,6.362031424745151,102,0.6049628090749425,True,0.445,0.132,0.20550000000000002,0.7945,1.0,0.995,8.0,4.0,8.46078431372549,4.0,5.0,0.8333333333333334,0.16666666666666666
sw_lints,hybrid,z72_a0p5_hybrid_corr5_bsstablehie5_top10,3,32,8006,BTCUSDT,val_first,,-2.119437838783511,4.0326407252125325,38,0.6477822720799542,True,,,,,,,8.5,4.0,10.078947368421053,4.0,9.0,0.7368421052631579,0.2631578947368421
sw_lints,hybrid,z72_a0p5_hybrid_corr5_bsstablehie5_top10,3,32,8006,BTCUSDT,val_second,,-3.1300034456703596,4.7450987293586095,63,0.5718680187111984,True,,,,,,,8.0,4.0,7.555555555555555,4.0,5.0,0.8888888888888888,0.1111111111111111
sw_lints,hybrid,z72_a0p5_hybrid_corr5_bsstablehie5_top10,3,32,8006,ETHUSDT,val,2000.0,-0.0990789498333644,6.318607897665185,95,0.9293989108018845,True,0.3775,0.107,0.1915,0.8085,1.0,0.995,12.0,4.0,7.8,4.0,8.5,0.7578947368421053,0.24210526315789474
sw_lints,hybrid,z72_a0p5_hybrid_corr5_bsstablehie5_top10,3,32,8006,ETHUSDT,val_first,,-2.3221105379957807,4.075167546044101,46,0.6552690340085386,True,,,,,,,12.0,4.0,7.978260869565218,4.0,10.0,0.717391304347826,0.2826086956521739
sw_lints,hybrid,z72_a0p5_hybrid_corr5_bsstablehie5_top10,3,32,8006,ETHUSDT,val_second,,2.27588003836543,4.3216078523838135,49,1.2473376460341976,True,,,,,,,10.0,4.0,7.63265306122449,4.0,6.0,0.7959183673469388,0.20408163265306123
sw_lints,hybrid,z72_a0p5_hybrid_corr5_bsstablehie5_top10,3,32,8006,SOLUSDT,val,2000.0,-4.9443190839890905,9.839785993486416,100,0.7415365835050598,True,0.4285,0.14,0.2015,0.7985,1.0,0.995,7.0,4.0,8.1,4.0,5.0,0.83,0.17
sw_lints,hybrid,z72_a0p5_hybrid_corr5_bsstablehie5_top10,3,32,8006,SOLUSDT,val_first,,2.2541184025100414,2.0386956761794695,42,1.3930576927620242,True,,,,,,,7.0,4.0,9.023809523809524,4.0,5.0,0.8333333333333334,0.16666666666666666
sw_lints,hybrid,z72_a0p5_hybrid_corr5_bsstablehie5_top10,3,32,8006,SOLUSDT,val_second,,-7.039753116019643,9.387283415733094,58,0.5429875253920977,True,,,,,,,6.5,4.0,7.431034482758621,4.0,5.0,0.8275862068965517,0.1724137931034483
sw_lints,hybrid,z72_a0p5_hybrid_corr5_bsstablehie5_top10,3,32,8007,BTCUSDT,val,2000.0,-5.095445178736968,5.937654190148301,97,0.6081530651534143,True,0.4415,0.1145,0.1955,0.8045,1.0,0.995,10.0,4.0,8.77319587628866,4.0,8.0,0.7835051546391752,0.21649484536082475
sw_lints,hybrid,z72_a0p5_hybrid_corr5_bsstablehie5_top10,3,32,8007,BTCUSDT,val_first,,-1.7121746881026079,4.639897992291608,36,0.6993203307582394,True,,,,,,,11.0,4.0,10.194444444444445,4.0,14.0,0.7222222222222222,0.2777777777777778
sw_lints,hybrid,z72_a0p5_hybrid_corr5_bsstablehie5_top10,3,32,8007,BTCUSDT,val_second,,-3.442207089126459,4.555314752345041,60,0.525506269335756,True,,,,,,,10.0,4.0,7.95,4.0,8.0,0.8166666666666667,0.18333333333333332
sw_lints,hybrid,z72_a0p5_hybrid_corr5_bsstablehie5_top10,3,32,8007,ETHUSDT,val,2000.0,-3.188043721945788,10.368298709415114,93,0.7285856761559909,True,0.361,0.124,0.1875,0.8125,1.0,0.995,12.0,4.0,7.311827956989247,4.0,6.0,0.7956989247311828,0.20430107526881722
sw_lints,hybrid,z72_a0p5_hybrid_corr5_bsstablehie5_top10,3,32,8007,ETHUSDT,val_first,,-3.17276009793116,3.659709596161076,49,0.5805495417356857,True,,,,,,,13.0,4.0,7.061224489795919,4.0,5.0,0.8163265306122449,0.1836734693877551
sw_lints,hybrid,z72_a0p5_hybrid_corr5_bsstablehie5_top10,3,32,8007,ETHUSDT,val_second,,-0.01578442598393348,7.65340485438254,44,0.8778634604445001,True,,,,,,,10.0,4.0,7.590909090909091,4.0,6.25,0.7727272727272727,0.22727272727272727
sw_lints,hybrid,z72_a0p5_hybrid_corr5_bsstablehie5_top10,3,32,8007,SOLUSDT,val,2000.0,-3.3368804364601656,8.989488250874578,83,0.7942540029117799,True,0.4765,0.104,0.16749999999999998,0.8325,1.0,0.995,11.0,4.0,10.975903614457831,4.0,6.0,0.8192771084337349,0.18072289156626506
sw_lints,hybrid,z72_a0p5_hybrid_corr5_bsstablehie5_top10,3,32,8007,SOLUSDT,val_first,,-0.750199327789336,3.4535594061062214,48,0.9426665793850185,True,,,,,,,12.5,4.0,8.0,4.0,5.0,0.875,0.125
sw_lints,hybrid,z72_a0p5_hybrid_corr5_bsstablehie5_top10,3,32,8007,SOLUSDT,val_second,,-2.6062330515038368,7.67563911398077,34,0.9005647197601534,True,,,,,,,9.0,4.0,13.0,4.0,6.0,0.7647058823529411,0.23529411764705882
sw_lints,hybrid,z72_a0p5_hybrid_corr5_bsstablehie5_top10,3,32,8008,BTCUSDT,val,2000.0,-4.97446017804063,6.352079292182977,97,0.5924748113517848,True,0.438,0.1235,0.1955,0.8045,1.0,0.995,9.0,4.0,8.721649484536082,4.0,8.0,0.8041237113402062,0.1958762886597938
sw_lints,hybrid,z72_a0p5_hybrid_corr5_bsstablehie5_top10,3,32,8008,BTCUSDT,val_first,,-1.9048864672466803,4.1245071021561275,37,0.6571311857315398,True,,,,,,,11.0,4.0,10.108108108108109,4.0,10.0,0.7297297297297297,0.2702702702702703
sw_lints,hybrid,z72_a0p5_hybrid_corr5_bsstablehie5_top10,3,32,8008,BTCUSDT,val_second,,-3.1291810572899093,4.706805354295263,60,0.534786140981236,True,,,,,,,7.0,4.0,7.866666666666666,4.0,6.25,0.85,0.15
sw_lints,hybrid,z72_a0p5_hybrid_corr5_bsstablehie5_top10,3,32,8008,ETHUSDT,val,2000.0,-3.204765344515248,8.889787176408214,62,0.6879957036279815,True,0.43,0.058,0.12549999999999994,0.8745,1.0,0.995,15.5,4.0,13.193548387096774,4.0,15.75,0.6451612903225806,0.3548387096774194
sw_lints,hybrid,z72_a0p5_hybrid_corr5_bsstablehie5_top10,3,32,8008,ETHUSDT,val_first,,-2.77811095131113,3.7268509717882536,27,0.4778759609980806,True,,,,,,,15.0,5.0,13.37037037037037,4.0,19.5,0.5925925925925926,0.4074074074074074
sw_lints,hybrid,z72_a0p5_hybrid_corr5_bsstablehie5_top10,3,32,8008,ETHUSDT,val_second,,-0.4388460226178559,6.707593945285617,34,1.0046261152519325,True,,,,,,,16.5,4.0,10.294117647058824,4.0,12.0,0.7058823529411765,0.29411764705882354
sw_lints,hybrid,z72_a0p5_hybrid_corr5_bsstablehie5_top10,3,32,8008,SOLUSDT,val,2000.0,-6.337133849745502,9.70502206611189,86,0.6512312809138164,True,0.421,0.102,0.1735,0.8265,1.0,0.995,9.5,4.0,9.30232558139535,4.0,8.0,0.7906976744186046,0.20930232558139536
sw_lints,hybrid,z72_a0p5_hybrid_corr5_bsstablehie5_top10,3,32,8008,SOLUSDT,val_first,,-0.02357330948602465,2.3454838909425235,32,1.0111508593160115,True,,,,,,,15.5,4.0,8.15625,4.0,9.0,0.78125,0.21875
sw_lints,hybrid,z72_a0p5_hybrid_corr5_bsstablehie5_top10,3,32,8008,SOLUSDT,val_second,,-6.315049206353085,8.995571466520758,53,0.5765499007423849,True,,,,,,,7.0,4.0,7.60377358490566,4.0,5.0,0.8113207547169812,0.18867924528301888
sw_lints,hybrid,z72_a0p5_hybrid_corr5_bsstablehie5_top10,3,32,8009,BTCUSDT,val,2000.0,-4.252170109253328,5.351853042546217,103,0.6747086956186731,True,0.415,0.138,0.20750000000000002,0.7925,1.0,0.995,8.0,4.0,7.844660194174757,4.0,7.0,0.8155339805825242,0.18446601941747573
sw_lints,hybrid,z72_a0p5_hybrid_corr5_bsstablehie5_top10,3,32,8009,BTCUSDT,val_first,,-1.9687060985783988,3.604988902866535,41,0.6508133435318966,True,,,,,,,10.0,4.0,9.195121951219512,4.0,10.0,0.7317073170731707,0.2682926829268293
sw_lints,hybrid,z72_a0p5_hybrid_corr5_bsstablehie5_top10,3,32,8009,BTCUSDT,val_second,,-2.3293215052033744,3.62630671771228,62,0.6949477879283521,True,,,,,,,7.0,4.0,6.951612903225806,4.0,5.75,0.8709677419354839,0.12903225806451613
sw_lints,hybrid,z72_a0p5_hybrid_corr5_bsstablehie5_top10,3,32,8009,ETHUSDT,val,2000.0,-3.4050663578325757,9.432099582104359,89,0.6992419569565146,True,0.4745,0.0965,0.1795,0.8205,1.0,0.995,11.0,4.0,10.292134831460674,4.0,10.0,0.7191011235955056,0.2808988764044944
sw_lints,hybrid,z72_a0p5_hybrid_corr5_bsstablehie5_top10,3,32,8009,ETHUSDT,val_first,,-2.9110746395838327,4.962439981920175,40,0.5723075261932996,True,,,,,,,13.0,4.5,9.75,4.0,10.25,0.65,0.35
sw_lints,hybrid,z72_a0p5_hybrid_corr5_bsstablehie5_top10,3,32,8009,ETHUSDT,val_second,,-0.5088033639418121,6.954092090139207,48,0.8122110464503864,True,,,,,,,9.0,4.0,10.208333333333334,4.0,6.5,0.7916666666666666,0.20833333333333334
sw_lints,hybrid,z72_a0p5_hybrid_corr5_bsstablehie5_top10,3,32,8009,SOLUSDT,val,2000.0,-5.792426672976003,10.842828248513836,80,0.6720272773794869,True,0.4085,0.0955,0.16149999999999998,0.8385,1.0,0.995,11.0,4.0,9.6375,4.0,6.0,0.825,0.175
sw_lints,hybrid,z72_a0p5_hybrid_corr5_bsstablehie5_top10,3,32,8009,SOLUSDT,val_first,,0.8553860930158752,2.0386956761794695,27,1.5130055536982123,True,,,,,,,28.0,4.0,7.777777777777778,4.0,6.0,0.8888888888888888,0.1111111111111111
sw_lints,hybrid,z72_a0p5_hybrid_corr5_bsstablehie5_top10,3,32,8009,SOLUSDT,val_second,,-6.5914305854333,10.158688871430865,52,0.5899807140433816,True,,,,,,,7.5,4.0,7.865384615384615,4.0,5.25,0.8076923076923077,0.19230769230769232
sw_lints,hybrid,z72_a0p5_hybrid_corr5_bsstablehie5_top10,3,32,8010,BTCUSDT,val,2000.0,-4.743049661405763,5.170029451376856,105,0.6328536706971528,True,0.42,0.139,0.21150000000000002,0.7885,1.0,0.995,8.0,4.0,7.885714285714286,4.0,6.0,0.8476190476190476,0.1523809523809524
sw_lints,hybrid,z72_a0p5_hybrid_corr5_bsstablehie5_top10,3,32,8010,BTCUSDT,val_first,,-1.262884556054733,3.6422645500868045,34,0.7152505865871371,True,,,,,,,11.0,4.0,10.676470588235293,4.0,15.25,0.7058823529411765,0.29411764705882354
sw_lints,hybrid,z72_a0p5_hybrid_corr5_bsstablehie5_top10,3,32,8010,BTCUSDT,val_second,,-3.524677715875524,4.3049289608657615,71,0.5839312554968952,True,,,,,,,7.0,4.0,6.549295774647887,4.0,5.0,0.9154929577464789,0.08450704225352113
sw_lints,hybrid,z72_a0p5_hybrid_corr5_bsstablehie5_top10,3,32,8010,ETHUSDT,val,2000.0,-0.14634642951040222,7.225885571022372,73,0.9377642601839205,True,0.426,0.0745,0.14749999999999996,0.8525,1.0,0.995,15.0,4.0,11.575342465753424,4.0,14.0,0.6986301369863014,0.3013698630136986
sw_lints,hybrid,z72_a0p5_hybrid_corr5_bsstablehie5_top10,3,32,8010,ETHUSDT,val_first,,-2.617235935375428,3.482306153803627,34,0.46560692204007226,True,,,,,,,15.0,4.0,9.823529411764707,4.0,14.0,0.6764705882352942,0.3235294117647059
sw_lints,hybrid,z72_a0p5_hybrid_corr5_bsstablehie5_top10,3,32,8010,ETHUSDT,val_second,,2.5372965427694405,5.176664342380011,38,1.645887793072335,True,,,,,,,13.5,4.0,11.921052631578947,4.0,11.25,0.7368421052631579,0.2631578947368421
sw_lints,hybrid,z72_a0p5_hybrid_corr5_bsstablehie5_top10,3,32,8010,SOLUSDT,val,2000.0,-0.22322703171413494,7.117921577815423,68,0.9355820401657644,True,0.341,0.088,0.13749999999999996,0.8625,1.0,0.995,16.5,4.0,8.838235294117647,4.0,7.25,0.8088235294117647,0.19117647058823528
sw_lints,hybrid,z72_a0p5_hybrid_corr5_bsstablehie5_top10,3,32,8010,SOLUSDT,val_first,,2.8031067016366595,2.377055852894039,24,1.6540068278327043,True,,,,,,,30.0,4.0,11.416666666666666,4.0,8.25,0.7916666666666666,0.20833333333333334
sw_lints,hybrid,z72_a0p5_hybrid_corr5_bsstablehie5_top10,3,32,8010,SOLUSDT,val_second,,-2.94381544531922,6.9382256051152,44,0.7073290388055014,True,,,,,,,12.5,4.0,7.431818181818182,4.0,5.25,0.8181818181818182,0.18181818181818182
sw_lints,hybrid,z72_a0p5_hybrid_corr5_bsstablehie5_top10,3,32,8011,BTCUSDT,val,2000.0,-6.65562198396108,7.960485711397302,82,0.46547172685708044,True,0.369,0.1075,0.16549999999999998,0.8345,1.0,0.995,7.0,4.0,8.731707317073171,4.0,5.5,0.7926829268292683,0.2073170731707317
sw_lints,hybrid,z72_a0p5_hybrid_corr5_bsstablehie5_top10,3,32,8011,BTCUSDT,val_first,,-3.7310500916997946,4.805203023789073,32,0.39013662979877645,True,,,,,,,15.0,4.0,9.25,4.0,13.0,0.71875,0.28125
sw_lints,hybrid,z72_a0p5_hybrid_corr5_bsstablehie5_top10,3,32,8011,BTCUSDT,val_second,,-3.0379181398021315,4.628952461543445,50,0.5442475998452097,True,,,,,,,6.0,4.0,8.4,4.0,4.0,0.84,0.16
sw_lints,hybrid,z72_a0p5_hybrid_corr5_bsstablehie5_top10,3,32,8011,ETHUSDT,val,2000.0,-2.2126507737320833,7.437024704356077,68,0.7670990026094066,True,0.433,0.067,0.13749999999999996,0.8625,1.0,0.995,14.0,4.0,12.117647058823529,4.0,14.0,0.6764705882352942,0.3235294117647059
sw_lints,hybrid,z72_a0p5_hybrid_corr5_bsstablehie5_top10,3,32,8011,ETHUSDT,val_first,,-2.048137328721167,3.5342850756893474,28,0.6020258902332721,True,,,,,,,14.0,7.0,12.357142857142858,4.0,15.0,0.6071428571428571,0.39285714285714285
sw_lints,hybrid,z72_a0p5_hybrid_corr5_bsstablehie5_top10,3,32,8011,ETHUSDT,val_second,,-0.16795336048177623,5.926371615241188,39,1.0570843504377594,True,,,,,,,12.0,4.0,9.461538461538462,4.0,8.5,0.7435897435897436,0.2564102564102564
sw_lints,hybrid,z72_a0p5_hybrid_corr5_bsstablehie5_top10,3,32,8011,SOLUSDT,val,2000.0,-6.006451379010924,9.223935038779329,87,0.674979324783983,True,0.433,0.0935,0.1755,0.8245,1.0,0.995,11.0,4.0,9.425287356321839,4.0,6.5,0.7701149425287356,0.22988505747126436
sw_lints,hybrid,z72_a0p5_hybrid_corr5_bsstablehie5_top10,3,32,8011,SOLUSDT,val_first,,-0.1433463531614887,2.9853924255283992,34,0.9982155408295988,True,,,,,,,13.5,4.0,8.058823529411764,4.0,7.5,0.7647058823529411,0.23529411764705882
sw_lints,hybrid,z72_a0p5_hybrid_corr5_bsstablehie5_top10,3,32,8011,SOLUSDT,val_second,,-5.871521637992583,8.510704522654589,52,0.6053229188038499,True,,,,,,,7.0,4.0,7.884615384615385,4.0,5.0,0.7884615384615384,0.21153846153846154
sw_lints,hybrid,z72_a0p5_hybrid_corr5_bsstablehie5_top10,3,32,8012,BTCUSDT,val,2000.0,-7.539143157028105,7.539143157029027,101,0.45955148130851714,True,0.4,0.1335,0.20350000000000001,0.7965,1.0,0.995,7.0,4.0,7.752475247524752,4.0,5.0,0.8415841584158416,0.15841584158415842
sw_lints,hybrid,z72_a0p5_hybrid_corr5_bsstablehie5_top10,3,32,8012,BTCUSDT,val_first,,-2.2045617791101257,4.183583169242933,44,0.6382318461986112,True,,,,,,,7.0,4.0,8.522727272727273,4.0,5.0,0.7727272727272727,0.22727272727272727
sw_lints,hybrid,z72_a0p5_hybrid_corr5_bsstablehie5_top10,3,32,8012,BTCUSDT,val_second,,-5.4548366211814585,5.612822066994427,57,0.2950163332471884,True,,,,,,,7.0,4.0,7.157894736842105,4.0,6.0,0.8947368421052632,0.10526315789473684
sw_lints,hybrid,z72_a0p5_hybrid_corr5_bsstablehie5_top10,3,32,8012,ETHUSDT,val,2000.0,-1.8132546891340584,8.395709137915064,79,0.7835772832344686,True,0.443,0.083,0.15949999999999998,0.8405,1.0,0.995,15.0,4.0,10.683544303797468,4.0,12.0,0.7215189873417721,0.27848101265822783
sw_lints,hybrid,z72_a0p5_hybrid_corr5_bsstablehie5_top10,3,32,8012,ETHUSDT,val_first,,-3.310466579975979,4.865950802298446,35,0.4874541341347828,True,,,,,,,19.0,6.0,10.428571428571429,4.0,18.0,0.6571428571428571,0.34285714285714286
sw_lints,hybrid,z72_a0p5_hybrid_corr5_bsstablehie5_top10,3,32,8012,ETHUSDT,val_second,,1.548473591591315,5.602609697059025,43,1.0437550475397432,True,,,,,,,9.0,4.0,10.651162790697674,4.0,7.0,0.7906976744186046,0.20930232558139536
sw_lints,hybrid,z72_a0p5_hybrid_corr5_bsstablehie5_top10,3,32,8012,SOLUSDT,val,2000.0,-6.4684672116388615,9.809615806569616,86,0.6419340383396664,True,0.404,0.094,0.1735,0.8265,1.0,0.995,12.5,4.0,8.86046511627907,4.0,8.0,0.7790697674418605,0.22093023255813954
sw_lints,hybrid,z72_a0p5_hybrid_corr5_bsstablehie5_top10,3,32,8012,SOLUSDT,val_first,,-0.9868192890679417,2.5662452280659886,35,0.8797372537209505,True,,,,,,,22.0,4.0,8.2,4.0,8.0,0.8,0.2
sw_lints,hybrid,z72_a0p5_hybrid_corr5_bsstablehie5_top10,3,32,8012,SOLUSDT,val_second,,-5.536281011489308,8.373629375793223,50,0.6296406602094354,True,,,,,,,11.5,4.0,7.5,4.0,7.75,0.78,0.22
sw_lints,hybrid,z72_a0p5_hybrid_corr5_bsstablehie5_top10,3,32,8013,BTCUSDT,val,2000.0,-3.99931964083311,4.999264604002551,94,0.687967835167708,True,0.408,0.1205,0.1895,0.8105,1.0,0.995,10.0,4.0,8.51063829787234,4.0,6.75,0.8085106382978723,0.19148936170212766
sw_lints,hybrid,z72_a0p5_hybrid_corr5_bsstablehie5_top10,3,32,8013,BTCUSDT,val_first,,-0.8460155311089013,3.86228608232978,37,0.8159135363050188,True,,,,,,,15.0,4.0,9.891891891891891,4.0,13.0,0.6756756756756757,0.32432432432432434
sw_lints,hybrid,z72_a0p5_hybrid_corr5_bsstablehie5_top10,3,32,8013,BTCUSDT,val_second,,-3.180209173251658,4.500531941232433,56,0.5984752950197465,True,,,,,,,8.0,4.0,7.678571428571429,4.0,4.25,0.8928571428571429,0.10714285714285714
sw_lints,hybrid,z72_a0p5_hybrid_corr5_bsstablehie5_top10,3,32,8013,ETHUSDT,val,2000.0,2.5622545223398907,4.475294756505866,74,1.081660119342149,True,0.4495,0.0765,0.14949999999999997,0.8505,1.0,0.995,15.5,4.0,11.58108108108108,4.0,13.5,0.7297297297297297,0.2702702702702703
sw_lints,hybrid,z72_a0p5_hybrid_corr5_bsstablehie5_top10,3,32,8013,ETHUSDT,val_first,,-0.36603015876219835,2.8781858506177205,34,0.8749333945644712,True,,,,,,,17.0,4.0,11.441176470588236,4.0,18.25,0.6764705882352942,0.3235294117647059
sw_lints,hybrid,z72_a0p5_hybrid_corr5_bsstablehie5_top10,3,32,8013,ETHUSDT,val_second,,2.939042462895114,4.475294756505866,39,1.571101374396817,True,,,,,,,15.0,4.0,8.923076923076923,4.0,8.0,0.7948717948717948,0.20512820512820512
sw_lints,hybrid,z72_a0p5_hybrid_corr5_bsstablehie5_top10,3,32,8013,SOLUSDT,val,2000.0,-5.468456140233291,9.117854485149445,90,0.7009869784865339,True,0.4155,0.104,0.1815,0.8185,1.0,0.995,9.5,4.0,8.722222222222221,4.0,6.75,0.8111111111111111,0.18888888888888888
sw_lints,hybrid,z72_a0p5_hybrid_corr5_bsstablehie5_top10,3,32,8013,SOLUSDT,val_first,,0.4462727724193094,2.190064558857918,35,1.1377942669763395,True,,,,,,,21.0,4.0,8.371428571428572,4.0,8.0,0.8,0.2
sw_lints,hybrid,z72_a0p5_hybrid_corr5_bsstablehie5_top10,3,32,8013,SOLUSDT,val_second,,-5.888450361969699,7.9087656893052305,54,0.623535427822928,True,,,,,,,7.0,4.0,7.2592592592592595,4.0,5.0,0.8333333333333334,0.16666666666666666
sw_lints,hybrid,z72_a0p5_hybrid_corr5_bsstablehie5_top10,3,32,8014,BTCUSDT,val,2000.0,-5.889472620384694,6.957106507892464,94,0.5379330663655676,True,0.4235,0.125,0.1895,0.8105,1.0,0.995,7.0,4.0,8.691489361702128,4.0,6.0,0.8191489361702128,0.18085106382978725
sw_lints,hybrid,z72_a0p5_hybrid_corr5_bsstablehie5_top10,3,32,8014,BTCUSDT,val_first,,-2.4255761116771746,4.132716559043315,40,0.594243527448794,True,,,,,,,8.0,4.0,9.125,4.0,7.25,0.8,0.2
sw_lints,hybrid,z72_a0p5_hybrid_corr5_bsstablehie5_top10,3,32,8014,BTCUSDT,val_second,,-3.550004571558696,4.956007391772133,54,0.4837345413161101,True,,,,,,,7.0,4.0,8.37037037037037,4.0,5.0,0.8333333333333334,0.16666666666666666
sw_lints,hybrid,z72_a0p5_hybrid_corr5_bsstablehie5_top10,3,32,8014,ETHUSDT,val,2000.0,-4.332398163787909,10.413922033357414,69,0.6598344425897037,True,0.476,0.0775,0.13949999999999996,0.8605,1.0,0.995,14.0,4.0,13.18840579710145,4.0,15.0,0.6956521739130435,0.30434782608695654
sw_lints,hybrid,z72_a0p5_hybrid_corr5_bsstablehie5_top10,3,32,8014,ETHUSDT,val_first,,-1.5981330198490018,4.3275486126018725,33,0.7338474909787591,True,,,,,,,16.0,4.0,11.757575757575758,4.0,15.0,0.6666666666666666,0.3333333333333333
sw_lints,hybrid,z72_a0p5_hybrid_corr5_bsstablehie5_top10,3,32,8014,ETHUSDT,val_second,,-2.77867201898766,9.190798352863505,35,0.6289803531804733,True,,,,,,,9.0,4.0,13.885714285714286,4.0,9.5,0.7428571428571429,0.2571428571428571
sw_lints,hybrid,z72_a0p5_hybrid_corr5_bsstablehie5_top10,3,32,8014,SOLUSDT,val,2000.0,-6.942607342141082,9.466692110324203,86,0.6525200311824869,True,0.4275,0.1005,0.1735,0.8265,1.0,0.995,9.0,4.0,9.453488372093023,4.0,7.75,0.7906976744186046,0.20930232558139536
sw_lints,hybrid,z72_a0p5_hybrid_corr5_bsstablehie5_top10,3,32,8014,SOLUSDT,val_first,,-0.43550751123508924,2.8638340254520056,35,0.937141135909817,True,,,,,,,14.0,4.0,7.9714285714285715,4.0,8.5,0.8,0.2
sw_lints,hybrid,z72_a0p5_hybrid_corr5_bsstablehie5_top10,3,32,8014,SOLUSDT,val_second,,-6.535562697354457,8.94826220001148,50,0.5739124234425478,True,,,,,,,7.0,4.0,7.96,4.0,5.0,0.8,0.2
sw_lints,hybrid,z72_a0p5_hybrid_corr5_bsstablehie5_top10,3,32,8015,BTCUSDT,val,2000.0,-7.366746903490807,8.456584230650776,110,0.519914554538837,True,0.438,0.1545,0.22150000000000003,0.7785,1.0,0.995,7.0,4.0,7.781818181818182,4.0,4.0,0.8545454545454545,0.14545454545454545
sw_lints,hybrid,z72_a0p5_hybrid_corr5_bsstablehie5_top10,3,32,8015,BTCUSDT,val_first,,-2.293042267625933,4.255633925720492,37,0.6074046923307401,True,,,,,,,12.5,4.0,10.405405405405405,4.0,9.0,0.7567567567567568,0.24324324324324326
sw_lints,hybrid,z72_a0p5_hybrid_corr5_bsstablehie5_top10,3,32,8015,BTCUSDT,val_second,,-5.192777212204369,6.548958166597574,73,0.4615875695526953,True,,,,,,,6.0,4.0,6.4520547945205475,4.0,4.0,0.9041095890410958,0.0958904109589041
sw_lints,hybrid,z72_a0p5_hybrid_corr5_bsstablehie5_top10,3,32,8015,ETHUSDT,val,2000.0,-2.418542023436443,10.340663768163182,69,0.7429659146931992,True,0.4215,0.072,0.13949999999999996,0.8605,1.0,0.995,12.0,4.0,11.608695652173912,4.0,12.0,0.7101449275362319,0.2898550724637681
sw_lints,hybrid,z72_a0p5_hybrid_corr5_bsstablehie5_top10,3,32,8015,ETHUSDT,val_first,,-5.319655488504904,5.95226678013031,32,0.3394890019462916,True,,,,,,,12.5,4.5,10.59375,4.0,12.5,0.65625,0.34375
sw_lints,hybrid,z72_a0p5_hybrid_corr5_bsstablehie5_top10,3,32,8015,ETHUSDT,val_second,,3.0641137609255686,5.728812470519995,36,1.5223867614295283,True,,,,,,,12.0,4.0,11.36111111111111,4.0,5.5,0.7777777777777778,0.2222222222222222
sw_lints,hybrid,z72_a0p5_hybrid_corr5_bsstablehie5_top10,3,32,8015,SOLUSDT,val,2000.0,-4.564477521827504,9.462391508112777,80,0.7456577008282816,True,0.4115,0.079,0.16149999999999998,0.8385,1.0,0.995,14.5,4.0,9.7625,4.0,8.0,0.7875,0.2125
sw_lints,hybrid,z72_a0p5_hybrid_corr5_bsstablehie5_top10,3,32,8015,SOLUSDT,val_first,,1.0126698460296346,2.0386956761794695,34,1.2148605814572133,True,,,,,,,23.5,4.0,8.970588235294118,4.0,8.0,0.7941176470588235,0.20588235294117646
sw_lints,hybrid,z72_a0p5_hybrid_corr5_bsstablehie5_top10,3,32,8015,SOLUSDT,val_second,,-5.521235481012631,8.689300896895846,45,0.6417547560019001,True,,,,,,,10.0,4.0,8.355555555555556,4.0,8.0,0.8,0.2
sw_lints,hybrid,z72_a0p5_hybrid_corr5_bsstablehie5_top10,3,32,8016,BTCUSDT,val,2000.0,-6.393284096687912,6.591226274202122,100,0.5082888760079668,True,0.3955,0.1295,0.2015,0.7985,1.0,0.995,9.0,4.0,7.75,4.0,5.25,0.82,0.18
sw_lints,hybrid,z72_a0p5_hybrid_corr5_bsstablehie5_top10,3,32,8016,BTCUSDT,val_first,,-2.0109888109657525,4.36468406605961,40,0.6417336831113204,True,,,,,,,13.0,4.0,8.925,4.0,11.0,0.7,0.3
sw_lints,hybrid,z72_a0p5_hybrid_corr5_bsstablehie5_top10,3,32,8016,BTCUSDT,val_second,,-4.472231357930633,4.843499335709412,60,0.3908506759434467,True,,,,,,,7.0,4.0,6.966666666666667,4.0,5.0,0.9,0.1
sw_lints,hybrid,z72_a0p5_hybrid_corr5_bsstablehie5_top10,3,32,8016,ETHUSDT,val,2000.0,-1.0859306859856144,8.881805210489425,67,0.8541523791837096,True,0.436,0.0625,0.13549999999999995,0.8645,1.0,0.995,14.0,4.0,12.91044776119403,4.0,14.0,0.6865671641791045,0.31343283582089554
sw_lints,hybrid,z72_a0p5_hybrid_corr5_bsstablehie5_top10,3,32,8016,ETHUSDT,val_first,,-3.8496807988506188,4.364624851423127,30,0.4106748456249013,True,,,,,,,14.0,4.0,11.566666666666666,4.0,17.5,0.6333333333333333,0.36666666666666664
sw_lints,hybrid,z72_a0p5_hybrid_corr5_bsstablehie5_top10,3,32,8016,ETHUSDT,val_second,,2.874405551460679,5.65250699552996,36,1.6592072435354537,True,,,,,,,13.0,4.0,11.38888888888889,4.0,9.0,0.75,0.25
sw_lints,hybrid,z72_a0p5_hybrid_corr5_bsstablehie5_top10,3,32,8016,SOLUSDT,val,2000.0,-4.375349257680272,9.385443910486856,94,0.7570635164274565,True,0.3985,0.136,0.1895,0.8105,1.0,0.995,7.0,4.0,8.03191489361702,4.0,4.0,0.851063829787234,0.14893617021276595
sw_lints,hybrid,z72_a0p5_hybrid_corr5_bsstablehie5_top10,3,32,8016,SOLUSDT,val_first,,3.1222092195571927,2.3645891609351377,28,1.67805493721994,True,,,,,,,14.5,4.0,11.107142857142858,4.0,8.25,0.7857142857142857,0.21428571428571427
sw_lints,hybrid,z72_a0p5_hybrid_corr5_bsstablehie5_top10,3,32,8016,SOLUSDT,val_second,,-7.270556492127156,9.179089680594132,65,0.5246230756255981,True,,,,,,,6.0,4.0,6.769230769230769,4.0,4.0,0.8769230769230769,0.12307692307692308
sw_lints,hybrid,z72_a0p5_hybrid_corr5_bsstablehie5_top10,3,32,8017,BTCUSDT,val,2000.0,-3.58428225553733,5.7806149304431065,119,0.7272402506608674,True,0.4555,0.1605,0.23950000000000005,0.7605,1.0,0.995,6.0,4.0,7.411764705882353,4.0,5.0,0.8151260504201681,0.18487394957983194
sw_lints,hybrid,z72_a0p5_hybrid_corr5_bsstablehie5_top10,3,32,8017,BTCUSDT,val_first,,-1.772852915764711,4.440333324554546,39,0.6974262045714807,True,,,,,,,7.0,4.0,9.538461538461538,4.0,14.0,0.717948717948718,0.28205128205128205
sw_lints,hybrid,z72_a0p5_hybrid_corr5_bsstablehie5_top10,3,32,8017,BTCUSDT,val_second,,-1.844122926851588,4.427460990848331,80,0.7520535358234384,True,,,,,,,6.0,4.0,6.375,4.0,4.0,0.8625,0.1375
sw_lints,hybrid,z72_a0p5_hybrid_corr5_bsstablehie5_top10,3,32,8017,ETHUSDT,val,2000.0,1.7936339667418588,5.946195842118662,82,1.0365383564648938,True,0.5,0.087,0.16549999999999998,0.8345,1.0,0.995,12.0,4.0,12.109756097560975,4.0,14.0,0.6951219512195121,0.3048780487804878
sw_lints,hybrid,z72_a0p5_hybrid_corr5_bsstablehie5_top10,3,32,8017,ETHUSDT,val_first,,-0.6096897341583918,3.0709573060285544,41,0.8714067074785646,True,,,,,,,13.0,4.0,10.75609756097561,4.0,17.0,0.6585365853658537,0.34146341463414637
sw_lints,hybrid,z72_a0p5_hybrid_corr5_bsstablehie5_top10,3,32,8017,ETHUSDT,val_second,,2.4180664035276855,5.610216101217869,40,1.1798964082789838,True,,,,,,,9.0,4.0,12.9,4.0,8.75,0.75,0.25
sw_lints,hybrid,z72_a0p5_hybrid_corr5_bsstablehie5_top10,3,32,8017,SOLUSDT,val,2000.0,-4.3932302493550734,9.280482011109047,86,0.762366111634272,True,0.425,0.083,0.1735,0.8265,1.0,0.995,11.0,4.0,9.348837209302326,4.0,8.0,0.7790697674418605,0.22093023255813954
sw_lints,hybrid,z72_a0p5_hybrid_corr5_bsstablehie5_top10,3,32,8017,SOLUSDT,val_first,,-0.019909197685397118,2.3103737218466702,30,1.0164166158074646,True,,,,,,,23.0,5.5,9.133333333333333,4.0,10.0,0.7,0.3
sw_lints,hybrid,z72_a0p5_hybrid_corr5_bsstablehie5_top10,3,32,8017,SOLUSDT,val_second,,-4.37419191818581,8.577573046682419,55,0.7528061658009741,True,,,,,,,8.0,4.0,7.181818181818182,4.0,6.0,0.8363636363636363,0.16363636363636364
sw_lints,hybrid,z72_a0p5_hybrid_corr5_bsstablehie5_top10,3,32,8018,BTCUSDT,val,2000.0,-5.229075698828067,5.532111024041953,99,0.5988043596776128,True,0.4095,0.13,0.1995,0.8005,1.0,0.995,8.0,4.0,8.070707070707071,4.0,5.5,0.8383838383838383,0.16161616161616163
sw_lints,hybrid,z72_a0p5_hybrid_corr5_bsstablehie5_top10,3,32,8018,BTCUSDT,val_first,,-1.7303498885226531,3.8717830586787794,39,0.6983632776703707,True,,,,,,,12.0,4.0,9.794871794871796,4.0,11.0,0.7435897435897436,0.2564102564102564
sw_lints,hybrid,z72_a0p5_hybrid_corr5_bsstablehie5_top10,3,32,8018,BTCUSDT,val_second,,-3.5603320112938763,4.043163325779354,60,0.5056923125479411,True,,,,,,,7.0,4.0,6.95,4.0,4.0,0.9,0.1
sw_lints,hybrid,z72_a0p5_hybrid_corr5_bsstablehie5_top10,3,32,8018,ETHUSDT,val,2000.0,-1.881650037509841,8.338852355073357,89,0.7843839746688447,True,0.3805,0.103,0.1795,0.8205,1.0,0.995,11.0,4.0,8.07865168539326,4.0,8.0,0.7752808988764045,0.2247191011235955
sw_lints,hybrid,z72_a0p5_hybrid_corr5_bsstablehie5_top10,3,32,8018,ETHUSDT,val_first,,-1.7815697256368335,2.721911371955954,45,0.7241951386397278,True,,,,,,,12.0,4.0,7.155555555555556,4.0,8.0,0.7777777777777778,0.2222222222222222
sw_lints,hybrid,z72_a0p5_hybrid_corr5_bsstablehie5_top10,3,32,8018,ETHUSDT,val_second,,-0.10189565399635336,6.746723361618656,44,0.8383896408508928,True,,,,,,,9.0,4.0,9.022727272727273,4.0,8.25,0.7727272727272727,0.22727272727272727
sw_lints,hybrid,z72_a0p5_hybrid_corr5_bsstablehie5_top10,3,32,8018,SOLUSDT,val,2000.0,-5.964410232191819,9.455391186555218,98,0.7003597627721628,True,0.4375,0.124,0.1975,0.8025,1.0,0.995,8.0,4.0,8.5,4.0,5.0,0.826530612244898,0.17346938775510204
sw_lints,hybrid,z72_a0p5_hybrid_corr5_bsstablehie5_top10,3,32,8018,SOLUSDT,val_first,,-0.25720078459307016,3.1782680257443685,45,1.0041924558167705,True,,,,,,,9.0,4.0,6.666666666666667,4.0,5.0,0.8666666666666667,0.13333333333333333
sw_lints,hybrid,z72_a0p5_hybrid_corr5_bsstablehie5_top10,3,32,8018,SOLUSDT,val_second,,-5.721926286902512,8.41353830473074,52,0.622093127074099,True,,,,,,,7.0,4.0,7.769230769230769,4.0,5.0,0.8076923076923077,0.19230769230769232
sw_lints,hybrid,z72_a0p5_hybrid_corr5_bsstablehie5_top10,3,32,8019,BTCUSDT,val,2000.0,-6.861402930135396,8.084441477385118,99,0.5243503687309777,True,0.4455,0.128,0.1995,0.8005,1.0,0.995,7.0,4.0,8.696969696969697,4.0,6.5,0.8080808080808081,0.1919191919191919
sw_lints,hybrid,z72_a0p5_hybrid_corr5_bsstablehie5_top10,3,32,8019,BTCUSDT,val_first,,-1.6486838202775855,4.118241943323087,38,0.7015390510204232,True,,,,,,,11.0,4.0,10.157894736842104,4.0,10.0,0.7105263157894737,0.2894736842105263
sw_lints,hybrid,z72_a0p5_hybrid_corr5_bsstablehie5_top10,3,32,8019,BTCUSDT,val_second,,-5.3001010177965995,6.775185154922014,61,0.40000609040029816,True,,,,,,,7.0,4.0,7.786885245901639,4.0,5.0,0.8688524590163934,0.13114754098360656
sw_lints,hybrid,z72_a0p5_hybrid_corr5_bsstablehie5_top10,3,32,8019,ETHUSDT,val,2000.0,-2.5446983654523248,9.022047950293766,94,0.7643486592509667,True,0.3855,0.1,0.1895,0.8105,1.0,0.995,11.0,4.0,7.840425531914893,4.0,9.0,0.776595744680851,0.22340425531914893
sw_lints,hybrid,z72_a0p5_hybrid_corr5_bsstablehie5_top10,3,32,8019,ETHUSDT,val_first,,-2.950669876823586,4.154930493719311,42,0.5466767359154558,True,,,,,,,12.0,4.0,7.690476190476191,4.0,8.75,0.7857142857142857,0.21428571428571427
sw_lints,hybrid,z72_a0p5_hybrid_corr5_bsstablehie5_top10,3,32,8019,ETHUSDT,val_second,,0.4183145940894084,6.49188374601729,51,0.9259509317419237,True,,,,,,,11.0,4.0,7.705882352941177,4.0,8.5,0.7843137254901961,0.21568627450980393
sw_lints,hybrid,z72_a0p5_hybrid_corr5_bsstablehie5_top10,3,32,8019,SOLUSDT,val,2000.0,-4.822294635500168,9.624214495317906,65,0.6640798296138708,True,0.4285,0.0605,0.13149999999999995,0.8685,1.0,0.995,14.0,4.0,12.107692307692307,4.0,10.0,0.7230769230769231,0.27692307692307694
sw_lints,hybrid,z72_a0p5_hybrid_corr5_bsstablehie5_top10,3,32,8019,SOLUSDT,val_first,,-0.48937863846486573,2.60777228242538,35,0.9474541819542199,True,,,,,,,13.0,4.0,8.342857142857143,4.0,7.0,0.8,0.2
sw_lints,hybrid,z72_a0p5_hybrid_corr5_bsstablehie5_top10,3,32,8019,SOLUSDT,val_second,,-4.354224642305516,8.0192893635467,29,0.5874154669143207,True,,,,,,,17.0,4.0,12.206896551724139,4.0,12.0,0.6551724137931034,0.3448275862068966
sw_lints,hybrid,z72_a0p5_hybrid_corr5_bsstablehie5_top10,3,32,8020,BTCUSDT,val,2000.0,-5.670792985406803,6.756223235820357,95,0.5573604999443117,True,0.4275,0.1255,0.1915,0.8085,1.0,0.995,8.0,4.0,8.68421052631579,4.0,6.0,0.8210526315789474,0.17894736842105263
sw_lints,hybrid,z72_a0p5_hybrid_corr5_bsstablehie5_top10,3,32,8020,BTCUSDT,val_first,,-2.433518203011842,4.305369133233439,41,0.6061177788997564,True,,,,,,,9.0,4.0,8.853658536585366,4.0,8.0,0.8048780487804879,0.1951219512195122
sw_lints,hybrid,z72_a0p5_hybrid_corr5_bsstablehie5_top10,3,32,8020,BTCUSDT,val_second,,-3.3180193881859332,4.603963099338115,54,0.5103671339833363,True,,,,,,,7.0,4.0,8.555555555555555,4.0,5.0,0.8333333333333334,0.16666666666666666
sw_lints,hybrid,z72_a0p5_hybrid_corr5_bsstablehie5_top10,3,32,8020,ETHUSDT,val,2000.0,-2.9723158486072765,9.202378851675242,71,0.7441953714340344,True,0.4145,0.068,0.14349999999999996,0.8565,1.0,0.995,14.0,4.0,11.47887323943662,4.0,12.5,0.6619718309859155,0.3380281690140845
sw_lints,hybrid,z72_a0p5_hybrid_corr5_bsstablehie5_top10,3,32,8020,ETHUSDT,val_first,,-3.0393479745963403,4.055045593661022,28,0.4988158334324881,True,,,,,,,15.0,5.0,12.214285714285714,4.0,21.0,0.6071428571428571,0.39285714285714285
sw_lints,hybrid,z72_a0p5_hybrid_corr5_bsstablehie5_top10,3,32,8020,ETHUSDT,val_second,,0.06913332840572384,6.770161692213639,42,1.074475401049784,True,,,,,,,13.5,4.0,10.023809523809524,4.0,11.75,0.7142857142857143,0.2857142857142857
sw_lints,hybrid,z72_a0p5_hybrid_corr5_bsstablehie5_top10,3,32,8020,SOLUSDT,val,2000.0,-7.035945342891625,9.57883094947184,62,0.5328630200928269,True,0.3,0.0725,0.12549999999999994,0.8745,1.0,0.995,17.0,4.0,9.0,4.0,7.5,0.7580645161290323,0.24193548387096775
sw_lints,hybrid,z72_a0p5_hybrid_corr5_bsstablehie5_top10,3,32,8020,SOLUSDT,val_first,,0.8429111470649397,2.6591732572467164,29,1.0514145329451439,True,,,,,,,12.0,4.0,10.241379310344827,4.0,8.0,0.7586206896551724,0.2413793103448276
sw_lints,hybrid,z72_a0p5_hybrid_corr5_bsstablehie5_top10,3,32,8020,SOLUSDT,val_second,,-7.812999843356739,9.227566816350075,33,0.30723994743655864,True,,,,,,,17.0,4.0,7.909090909090909,4.0,6.0,0.7575757575757576,0.24242424242424243
sw_lints,hybrid,z72_a0p5_hybrid_corr5_bsstablehie5_top10,3,32,8021,BTCUSDT,val,2000.0,-5.073866249139714,5.755673602938128,105,0.6190391119821781,True,0.43,0.1345,0.21150000000000002,0.7885,1.0,0.995,7.0,4.0,7.904761904761905,4.0,6.0,0.8095238095238095,0.19047619047619047
sw_lints,hybrid,z72_a0p5_hybrid_corr5_bsstablehie5_top10,3,32,8021,BTCUSDT,val_first,,-1.9749376367675264,4.1727348957243615,40,0.6594863271825472,True,,,,,,,11.5,4.0,9.75,4.0,11.25,0.725,0.275
sw_lints,hybrid,z72_a0p5_hybrid_corr5_bsstablehie5_top10,3,32,8021,BTCUSDT,val_second,,-3.161363571378406,4.0313889788390895,65,0.585905362646083,True,,,,,,,6.0,4.0,6.769230769230769,4.0,5.0,0.8615384615384616,0.13846153846153847
sw_lints,hybrid,z72_a0p5_hybrid_corr5_bsstablehie5_top10,3,32,8021,ETHUSDT,val,2000.0,-3.0155264851852492,7.5935150919205,71,0.7306975181018494,True,0.407,0.067,0.14349999999999996,0.8565,1.0,0.995,16.0,5.0,10.873239436619718,4.0,15.5,0.6197183098591549,0.38028169014084506
sw_lints,hybrid,z72_a0p5_hybrid_corr5_bsstablehie5_top10,3,32,8021,ETHUSDT,val_first,,-1.9666500056267577,3.5235988619748526,35,0.6960414989742806,True,,,,,,,16.0,7.0,11.285714285714286,4.0,16.0,0.6,0.4
sw_lints,hybrid,z72_a0p5_hybrid_corr5_bsstablehie5_top10,3,32,8021,ETHUSDT,val_second,,-1.0699180224063465,5.739745797340112,36,0.7641858149380966,True,,,,,,,19.0,4.5,10.472222222222221,4.0,13.25,0.6388888888888888,0.3611111111111111
sw_lints,hybrid,z72_a0p5_hybrid_corr5_bsstablehie5_top10,3,32,8021,SOLUSDT,val,2000.0,-7.747050318473181,9.846506236149043,86,0.5761010530013165,True,0.416,0.107,0.1735,0.8265,1.0,0.995,8.5,4.0,8.86046511627907,4.0,7.75,0.8023255813953488,0.19767441860465115
sw_lints,hybrid,z72_a0p5_hybrid_corr5_bsstablehie5_top10,3,32,8021,SOLUSDT,val_first,,-1.330788308510722,2.8937954605842586,37,0.8456886852778529,True,,,,,,,13.0,4.0,7.351351351351352,4.0,9.0,0.8108108108108109,0.1891891891891892
sw_lints,hybrid,z72_a0p5_hybrid_corr5_bsstablehie5_top10,3,32,8021,SOLUSDT,val_second,,-6.502800518995022,8.633101023824242,48,0.4957010326396134,True,,,,,,,6.0,4.0,7.354166666666667,4.0,5.0,0.8125,0.1875
sw_lints,hybrid,z72_a0p5_hybrid_corr5_bsstablehie5_top10,3,32,8022,BTCUSDT,val,2000.0,-8.368923205404188,8.3689232054051,92,0.3808674094106641,True,0.382,0.119,0.1855,0.8145,1.0,0.995,8.5,4.0,8.119565217391305,4.0,5.0,0.8369565217391305,0.16304347826086957
sw_lints,hybrid,z72_a0p5_hybrid_corr5_bsstablehie5_top10,3,32,8022,BTCUSDT,val_first,,-3.3428836503837434,4.553462854347357,34,0.3941244941524769,True,,,,,,,12.0,4.0,9.705882352941176,4.0,4.0,0.7647058823529411,0.23529411764705882
sw_lints,hybrid,z72_a0p5_hybrid_corr5_bsstablehie5_top10,3,32,8022,BTCUSDT,val_second,,-5.199864991668979,5.358276496363423,58,0.37120739739851016,True,,,,,,,7.0,4.0,7.189655172413793,4.0,5.0,0.8793103448275862,0.1206896551724138
sw_lints,hybrid,z72_a0p5_hybrid_corr5_bsstablehie5_top10,3,32,8022,ETHUSDT,val,2000.0,-0.5225116539783858,7.237398945390483,70,0.8706882732983632,True,0.391,0.0565,0.14149999999999996,0.8585,1.0,0.995,15.5,4.5,10.571428571428571,4.0,13.75,0.6142857142857143,0.38571428571428573
sw_lints,hybrid,z72_a0p5_hybrid_corr5_bsstablehie5_top10,3,32,8022,ETHUSDT,val_first,,-2.639754691833762,3.041744722499784,34,0.5520094251686617,True,,,,,,,16.0,4.0,9.705882352941176,4.0,14.0,0.5882352941176471,0.4117647058823529
sw_lints,hybrid,z72_a0p5_hybrid_corr5_bsstablehie5_top10,3,32,8022,ETHUSDT,val_second,,2.1746484215953155,5.141817189243292,35,1.3081217082043717,True,,,,,,,15.0,5.0,10.428571428571429,4.0,11.5,0.6571428571428571,0.34285714285714286
sw_lints,hybrid,z72_a0p5_hybrid_corr5_bsstablehie5_top10,3,32,8022,SOLUSDT,val,2000.0,-5.994894897879666,8.482104992646144,87,0.6260021641502773,True,0.3885,0.1115,0.1755,0.8245,1.0,0.995,8.0,4.0,8.0,4.0,5.0,0.8620689655172413,0.13793103448275862
sw_lints,hybrid,z72_a0p5_hybrid_corr5_bsstablehie5_top10,3,32,8022,SOLUSDT,val_first,,-0.2825723347802289,2.264956244755456,31,0.8868272120426343,True,,,,,,,28.5,4.0,9.806451612903226,4.0,7.5,0.8064516129032258,0.1935483870967742
sw_lints,hybrid,z72_a0p5_hybrid_corr5_bsstablehie5_top10,3,32,8022,SOLUSDT,val_second,,-5.728509746839194,8.303798052381971,56,0.5108721894854228,True,,,,,,,7.0,4.0,7.0,4.0,5.0,0.8928571428571429,0.10714285714285714
sw_lints,hybrid,z72_a0p5_hybrid_corr5_bsstablehie5_top10,3,32,8023,BTCUSDT,val,2000.0,-5.292114293280914,6.36082664562111,77,0.5655665585275501,True,0.382,0.094,0.15549999999999997,0.8445,1.0,0.995,13.0,4.0,9.662337662337663,4.0,8.0,0.7532467532467533,0.24675324675324675
sw_lints,hybrid,z72_a0p5_hybrid_corr5_bsstablehie5_top10,3,32,8023,BTCUSDT,val_first,,-1.5031753050920194,4.296805861694564,40,0.7375247948830108,True,,,,,,,12.5,4.0,9.275,4.0,14.5,0.65,0.35
sw_lints,hybrid,z72_a0p5_hybrid_corr5_bsstablehie5_top10,3,32,8023,BTCUSDT,val_second,,-3.846762573235296,5.416343855411143,36,0.4194055167745931,True,,,,,,,14.5,4.0,9.0,4.0,4.25,0.8888888888888888,0.1111111111111111
sw_lints,hybrid,z72_a0p5_hybrid_corr5_bsstablehie5_top10,3,32,8023,ETHUSDT,val,2000.0,0.13017414381644166,6.508658363157771,70,0.887703892796509,True,0.461,0.065,0.14149999999999996,0.8585,1.0,0.995,15.5,4.5,12.571428571428571,4.0,14.75,0.6714285714285714,0.32857142857142857
sw_lints,hybrid,z72_a0p5_hybrid_corr5_bsstablehie5_top10,3,32,8023,ETHUSDT,val_first,,-1.0923099673507908,3.7248029709279207,33,0.7707300589356706,True,,,,,,,17.0,6.0,11.393939393939394,4.0,15.0,0.6363636363636364,0.36363636363636365
sw_lints,hybrid,z72_a0p5_hybrid_corr5_bsstablehie5_top10,3,32,8023,ETHUSDT,val_second,,1.2359848973964471,5.71522558766967,36,0.9730920647398718,True,,,,,,,10.0,4.0,13.027777777777779,4.0,10.5,0.7222222222222222,0.2777777777777778
sw_lints,hybrid,z72_a0p5_hybrid_corr5_bsstablehie5_top10,3,32,8023,SOLUSDT,val,2000.0,-4.44418793427801,10.687790661776708,77,0.7148526904857349,True,0.422,0.0955,0.15549999999999997,0.8445,1.0,0.995,10.0,4.0,9.974025974025974,4.0,8.0,0.7922077922077922,0.2077922077922078
sw_lints,hybrid,z72_a0p5_hybrid_corr5_bsstablehie5_top10,3,32,8023,SOLUSDT,val_first,,3.0247632821365666,2.0386956761794695,27,1.69830248701017,True,,,,,,,26.0,6.0,10.11111111111111,4.0,10.0,0.7037037037037037,0.2962962962962963
sw_lints,hybrid,z72_a0p5_hybrid_corr5_bsstablehie5_top10,3,32,8023,SOLUSDT,val_second,,-7.249665981721909,9.85214557278824,49,0.5026469621011536,True,,,,,,,6.0,4.0,7.36734693877551,4.0,4.0,0.8571428571428571,0.14285714285714285
sw_lints,hybrid,z72_a0p5_hybrid_corr5_bsstablehie5_top10,3,32,8024,BTCUSDT,val,2000.0,-6.397883694895801,6.588514654347155,97,0.5094020439658876,True,0.4295,0.1225,0.1955,0.8045,1.0,0.995,9.0,4.0,8.556701030927835,4.0,6.0,0.8350515463917526,0.16494845360824742
sw_lints,hybrid,z72_a0p5_hybrid_corr5_bsstablehie5_top10,3,32,8024,BTCUSDT,val_first,,-2.7782227600319342,4.571203131365453,32,0.507893944477752,True,,,,,,,13.5,4.0,10.09375,4.0,9.25,0.75,0.25
sw_lints,hybrid,z72_a0p5_hybrid_corr5_bsstablehie5_top10,3,32,8024,BTCUSDT,val_second,,-3.723096859183739,4.419551070466598,64,0.5309298341014138,True,,,,,,,6.0,4.0,6.5,4.0,4.25,0.890625,0.109375
sw_lints,hybrid,z72_a0p5_hybrid_corr5_bsstablehie5_top10,3,32,8024,ETHUSDT,val,2000.0,-1.5301423885121235,9.520006463287567,70,0.7942128173736324,True,0.473,0.074,0.14149999999999996,0.8585,1.0,0.995,18.0,5.0,12.914285714285715,4.0,16.75,0.6428571428571429,0.35714285714285715
sw_lints,hybrid,z72_a0p5_hybrid_corr5_bsstablehie5_top10,3,32,8024,ETHUSDT,val_first,,-2.766182660687133,5.083726108351117,33,0.5704536635849328,True,,,,,,,18.0,7.0,11.848484848484848,4.0,17.0,0.6363636363636364,0.36363636363636365
sw_lints,hybrid,z72_a0p5_hybrid_corr5_bsstablehie5_top10,3,32,8024,ETHUSDT,val_second,,1.2712040995589646,7.182921002127685,36,0.9795417417142688,True,,,,,,,14.5,4.0,13.25,4.0,13.75,0.6666666666666666,0.3333333333333333
sw_lints,hybrid,z72_a0p5_hybrid_corr5_bsstablehie5_top10,3,32,8024,SOLUSDT,val,2000.0,-1.6818072190552313,8.401529991372026,94,0.8954579373902515,True,0.3805,0.1225,0.1895,0.8105,1.0,0.995,9.0,4.0,7.595744680851064,4.0,5.0,0.8085106382978723,0.19148936170212766
sw_lints,hybrid,z72_a0p5_hybrid_corr5_bsstablehie5_top10,3,32,8024,SOLUSDT,val_first,,2.4658587123115527,2.3936473890125765,30,1.456739248697775,True,,,,,,,13.0,4.0,10.666666666666666,4.0,9.75,0.7333333333333333,0.26666666666666666
sw_lints,hybrid,z72_a0p5_hybrid_corr5_bsstablehie5_top10,3,32,8024,SOLUSDT,val_second,,-4.047851629304144,7.479108497392339,64,0.7221564672848899,True,,,,,,,8.0,4.0,6.15625,4.0,4.25,0.84375,0.15625
