trial_number,study_name,bandit_name,method_group,set_name,z_window,n_market_features,feature_list,memory_horizon_bars,objective_score,valid,objective_metric_name,constraints_values,cv_min_symbol_trades,cv_finite_objective,observed_dro_minimax_median,observed_dro_pure_min_median,dro_alpha,observed_median_max_drawdown_abs,observed_median_profit_factor,observed_median_total_trades,observed_median_min_symbol_trades,n_seeds,seeds_used,dro_minimax_median,dro_minimax_mean,dro_minimax_std,dro_minimax_min,dro_minimax_max,dro_pure_min_median,dro_pure_min_mean,dro_pure_min_std,h1_mean_aggregate_median,h2_mean_aggregate_median,full_mean_aggregate_median,median_max_drawdown_abs,median_profit_factor,median_total_trades,median_min_symbol_trades,median_holding_bars_overall,mean_holding_bars_overall,p25_holding_bars_overall,p75_holding_bars_overall,share_trades_closed_before_horizon_overall,share_trades_closed_after_horizon_overall,median_time_between_entries_overall,forced_singleton_ratio_overall,decision_point_ratio_overall,bandit_consulted_ratio_overall,pending_update_queued_ratio_overall,param_bandit_type,param_reward_clip,param_lambda_prior,param_discount_factor,param_noise_std,optuna_param_lambda_prior,optuna_param_one_minus_gamma,optuna_param_noise_std,param_ucb_alpha,optuna_param_ucb_alpha,diagnostic_rank
34,discounted_lints__corr__z24_a0p5_corr_pruned_top10,discounted_lints,corr,z24_a0p5_corr_pruned_top10,24,10,volatility_72_sqrt_z|ret_accel_6_24_z|MOM_pct_30_z|MOM_pct_14_z|ema_spread_9_21_z|log_ret_24_z|range_sqrt_z|vol_ratio_168_log1p_z|body_sqrt_z|ret_accel_24_72_z,444.3999900234677,-3.3821733772076783,True,dro_minimax_median,"[-95.0, 0.0]",-95.0,0.0,-3.3821733772076783,-4.050375719090423,0.5,8.769831312424891,0.7136286932951332,477.0,145.0,5,3142|3143|3144|3145|3146,-3.3821733772076783,-3.5410609999749765,0.5333041564254988,-4.457243450503456,-3.091468514178284,-4.050375719090423,-4.341009405490159,0.6806692639604284,-1.3813659227585111,-4.050375719090423,-5.460115546584444,8.769831312424891,0.7136286932951332,477.0,145.0,4.0,6.509316770186335,4.0,7.0,0.8385093167701864,0.1614906832298136,9.0,0.3225,0.6775,0.6775,0.673,discounted_lints,0.1,2.685245367500889,0.9977497749269816,0.0010357651560244,2.685245367500889,0.0022502250730185,0.0010357651560244,,,1
3,discounted_lints__corr__z24_a0p5_corr_pruned_top10,discounted_lints,corr,z24_a0p5_corr_pruned_top10,24,10,volatility_72_sqrt_z|ret_accel_6_24_z|MOM_pct_30_z|MOM_pct_14_z|ema_spread_9_21_z|log_ret_24_z|range_sqrt_z|vol_ratio_168_log1p_z|body_sqrt_z|ret_accel_24_72_z,445.7148152690879,-3.4166291887190487,True,dro_minimax_median,"[-97.0, 0.0]",-97.0,0.0,-3.4166291887190487,-4.296898317356746,0.5,8.27553440940224,0.7057446596436288,449.0,147.0,5,3142|3143|3144|3145|3146,-3.4166291887190487,-3.4083172822335674,0.4960753889644894,-3.859829503109114,-2.62198824275963,-4.296898317356746,-4.162403931879515,0.5588513612854181,-0.9006408192818173,-4.296898317356746,-5.51410348051316,8.27553440940224,0.7057446596436288,449.0,147.0,4.0,6.741496598639456,4.0,8.0,0.8187919463087249,0.1812080536912751,10.0,0.2955,0.7045,0.7045,0.701,discounted_lints,0.1,6.892590636575401,0.9977564129220244,0.0017980330440959,6.892590636575401,0.0022435870779755,0.0017980330440959,,,2
39,discounted_lints__corr__z24_a0p5_corr_pruned_top10,discounted_lints,corr,z24_a0p5_corr_pruned_top10,24,10,volatility_72_sqrt_z|ret_accel_6_24_z|MOM_pct_30_z|MOM_pct_14_z|ema_spread_9_21_z|log_ret_24_z|range_sqrt_z|vol_ratio_168_log1p_z|body_sqrt_z|ret_accel_24_72_z,448.5031798189775,-3.423697356851413,True,dro_minimax_median,"[-81.0, 0.0]",-81.0,0.0,-3.423697356851413,-4.178289382361711,0.5,8.805523343340349,0.7256370375751268,475.0,131.0,5,3142|3143|3144|3145|3146,-3.423697356851413,-3.606229004940919,0.9636162595583344,-4.8394643460067375,-2.537039133126682,-4.178289382361711,-4.247834709275834,0.9655735696515052,-1.5589669659615426,-4.178289382361711,-5.282893562751855,8.805523343340349,0.7256370375751268,475.0,131.0,4.0,6.703225806451613,4.0,7.0,0.8193548387096774,0.1806451612903225,9.0,0.3155,0.6845,0.6845,0.6815,discounted_lints,0.1,2.9132269923982927,0.9977703614043414,0.0012213792865324,2.9132269923982927,0.0022296385956585,0.0012213792865324,,,3
11,discounted_lints__corr__z24_a0p5_corr_pruned_top10,discounted_lints,corr,z24_a0p5_corr_pruned_top10,24,10,volatility_72_sqrt_z|ret_accel_6_24_z|MOM_pct_30_z|MOM_pct_14_z|ema_spread_9_21_z|log_ret_24_z|range_sqrt_z|vol_ratio_168_log1p_z|body_sqrt_z|ret_accel_24_72_z,372.4636531102231,-3.6012149939187017,True,dro_minimax_median,"[-84.0, 0.0]",-84.0,0.0,-3.6012149939187017,-4.284804438535194,0.5,8.485084948035382,0.7223977298309062,463.0,134.0,5,3142|3143|3144|3145|3146,-3.6012149939187017,-3.54676648664665,0.2977857610604518,-3.8732104682534887,-3.088440805190664,-4.284804438535194,-4.399563753917002,0.3949622496414874,-0.9664896269915216,-4.284804438535194,-5.538121049755792,8.485084948035382,0.7223977298309062,463.0,134.0,4.0,6.463414634146342,4.0,6.25,0.8253012048192772,0.1746987951807229,9.0,0.3245,0.6755,0.6755,0.673,discounted_lints,0.1,11.123010943794506,0.997315174268282,0.0014845878169642,11.123010943794506,0.0026848257317179,0.0014845878169642,,,4
37,discounted_lints__corr__z24_a0p5_corr_pruned_top10,discounted_lints,corr,z24_a0p5_corr_pruned_top10,24,10,volatility_72_sqrt_z|ret_accel_6_24_z|MOM_pct_30_z|MOM_pct_14_z|ema_spread_9_21_z|log_ret_24_z|range_sqrt_z|vol_ratio_168_log1p_z|body_sqrt_z|ret_accel_24_72_z,427.1807885387067,-3.645062955631863,True,dro_minimax_median,"[-81.0, 0.0]",-81.0,0.0,-3.645062955631863,-4.520190657215387,0.5,9.490940908795409,0.7364012808720632,468.0,131.0,5,3142|3143|3144|3145|3146,-3.645062955631863,-3.734447023457721,0.417914639556352,-4.426472618041252,-3.319929059716129,-4.520190657215387,-4.63433448167898,0.3088167041117675,-1.0196798508812903,-4.520190657215387,-5.496850657033694,9.490940908795409,0.7364012808720632,468.0,131.0,4.0,6.842105263157895,4.0,7.0,0.8076923076923077,0.1923076923076923,9.0,0.3179999999999999,0.682,0.682,0.679,discounted_lints,0.1,2.7661400832406997,0.997659070756855,0.0022830439592938,2.7661400832406997,0.002340929243145,0.0022830439592938,,,5
14,discounted_lints__corr__z24_a0p5_corr_pruned_top10,discounted_lints,corr,z24_a0p5_corr_pruned_top10,24,10,volatility_72_sqrt_z|ret_accel_6_24_z|MOM_pct_30_z|MOM_pct_14_z|ema_spread_9_21_z|log_ret_24_z|range_sqrt_z|vol_ratio_168_log1p_z|body_sqrt_z|ret_accel_24_72_z,449.7060397904714,-3.655077206842543,True,dro_minimax_median,"[-86.0, 0.0]",-86.0,0.0,-3.655077206842543,-4.310763569095059,0.5,9.68878799854246,0.6981717719173544,485.0,136.0,5,3142|3143|3144|3145|3146,-3.655077206842543,-3.708166203243857,0.8929681581198855,-4.893048550415406,-2.5836111919680578,-4.310763569095059,-4.330480090980705,0.9225440974095458,-1.688018120084996,-4.310763569095059,-5.926928466026394,9.68878799854246,0.6981717719173544,485.0,136.0,4.0,6.345454545454546,4.0,5.75,0.8606060606060606,0.1393939393939394,8.5,0.3299999999999999,0.67,0.67,0.667,discounted_lints,0.1,2.2997129924485677,0.9977763251735158,0.0020418807686243,2.2997129924485677,0.0022236748264842,0.0020418807686243,,,6
45,discounted_lints__corr__z24_a0p5_corr_pruned_top10,discounted_lints,corr,z24_a0p5_corr_pruned_top10,24,10,volatility_72_sqrt_z|ret_accel_6_24_z|MOM_pct_30_z|MOM_pct_14_z|ema_spread_9_21_z|log_ret_24_z|range_sqrt_z|vol_ratio_168_log1p_z|body_sqrt_z|ret_accel_24_72_z,340.6448520820039,-3.665499835939235,True,dro_minimax_median,"[-89.0, 0.0]",-89.0,0.0,-3.665499835939235,-4.48626245692672,0.5,8.527788985834539,0.7114496095488162,479.0,139.0,5,3142|3143|3144|3145|3146,-3.665499835939235,-3.8392483837846383,0.4720330872497717,-4.605496231046795,-3.3952165352225294,-4.48626245692672,-4.69648411801334,0.5604243499628118,-1.203211972976781,-4.48626245692672,-5.637973980138422,8.527788985834539,0.7114496095488162,479.0,139.0,4.0,6.159509202453988,4.0,6.0,0.8291139240506329,0.170886075949367,9.0,0.3235,0.6765,0.6765,0.675,discounted_lints,0.1,9.158574589272844,0.9970643912747014,0.0021011046041388,9.158574589272844,0.0029356087252986,0.0021011046041388,,,7
35,discounted_lints__corr__z24_a0p5_corr_pruned_top10,discounted_lints,corr,z24_a0p5_corr_pruned_top10,24,10,volatility_72_sqrt_z|ret_accel_6_24_z|MOM_pct_30_z|MOM_pct_14_z|ema_spread_9_21_z|log_ret_24_z|range_sqrt_z|vol_ratio_168_log1p_z|body_sqrt_z|ret_accel_24_72_z,355.7981341302664,-3.684099620582351,True,dro_minimax_median,"[-85.0, 0.0]",-85.0,0.0,-3.684099620582351,-4.203614800080147,0.5,9.311783207646174,0.7363291557783073,466.0,135.0,5,3142|3143|3144|3145|3146,-3.684099620582351,-3.895895758646808,1.0034032187062372,-5.5115023876185045,-2.970074783192076,-4.203614800080147,-4.732496487070009,1.258896840678374,-1.5979156518997135,-4.203614800080147,-6.227302053593639,9.311783207646174,0.7363291557783073,466.0,135.0,4.0,6.528662420382165,4.0,7.0,0.8220858895705522,0.1779141104294478,9.0,0.3105,0.6895,0.6895,0.685,discounted_lints,0.1,25.27459107437422,0.9971894175261924,0.0010086105368079,25.27459107437422,0.0028105824738076,0.0010086105368079,,,8
17,discounted_lints__corr__z24_a0p5_corr_pruned_top10,discounted_lints,corr,z24_a0p5_corr_pruned_top10,24,10,volatility_72_sqrt_z|ret_accel_6_24_z|MOM_pct_30_z|MOM_pct_14_z|ema_spread_9_21_z|log_ret_24_z|range_sqrt_z|vol_ratio_168_log1p_z|body_sqrt_z|ret_accel_24_72_z,438.683808858002,-3.689535990932149,True,dro_minimax_median,"[-77.0, 0.0]",-77.0,0.0,-3.689535990932149,-4.150753195132399,0.5,10.194641089331292,0.6998849635155895,446.0,127.0,5,3142|3143|3144|3145|3146,-3.689535990932149,-4.009434773242153,1.072853243483497,-5.41508261051102,-2.6754116531263774,-4.150753195132399,-4.6887291012430925,1.3275935006143915,-1.7550589176329308,-4.150753195132399,-6.418817674383369,10.194641089331292,0.6998849635155895,446.0,127.0,4.0,6.697530864197531,4.0,7.0,0.7974683544303798,0.2025316455696202,9.0,0.3165,0.6835,0.6835,0.681,discounted_lints,0.1,7.521295736145515,0.9977204538216188,0.001031913643663,7.521295736145515,0.0022795461783812,0.001031913643663,,,9
40,discounted_lints__corr__z24_a0p5_corr_pruned_top10,discounted_lints,corr,z24_a0p5_corr_pruned_top10,24,10,volatility_72_sqrt_z|ret_accel_6_24_z|MOM_pct_30_z|MOM_pct_14_z|ema_spread_9_21_z|log_ret_24_z|range_sqrt_z|vol_ratio_168_log1p_z|body_sqrt_z|ret_accel_24_72_z,441.73555898877953,-3.702549348221475,True,dro_minimax_median,"[-84.0, 0.0]",-84.0,0.0,-3.702549348221475,-4.699244196107625,0.5,7.767297258710847,0.7049593948344058,449.0,134.0,5,3142|3143|3144|3145|3146,-3.702549348221475,-3.8102352564451274,0.7297380732220244,-4.791937267710467,-2.7905360231220184,-4.699244196107625,-4.67871045358789,1.046055292488665,-1.3477315245712935,-4.699244196107625,-5.847878065102782,7.767297258710847,0.7049593948344058,449.0,134.0,4.0,6.717105263157895,4.0,7.75,0.8026315789473685,0.1973684210526315,10.0,0.2985,0.7015,0.7015,0.697,discounted_lints,0.1,5.748026151982624,0.9977362021697116,0.0019239338051838,5.748026151982624,0.0022637978302883,0.0019239338051838,,,10
41,discounted_lints__corr__z24_a0p5_corr_pruned_top10,discounted_lints,corr,z24_a0p5_corr_pruned_top10,24,10,volatility_72_sqrt_z|ret_accel_6_24_z|MOM_pct_30_z|MOM_pct_14_z|ema_spread_9_21_z|log_ret_24_z|range_sqrt_z|vol_ratio_168_log1p_z|body_sqrt_z|ret_accel_24_72_z,371.71611779852833,-3.712018258460805,True,dro_minimax_median,"[-91.0, 0.0]",-91.0,0.0,-3.712018258460805,-4.536673133460201,0.5,8.874835526301073,0.7021637765615637,483.0,141.0,5,3142|3143|3144|3145|3146,-3.712018258460805,-3.9832921786315856,0.8251448142161297,-4.98226662889801,-3.220548295816018,-4.536673133460201,-4.910596600428689,1.00501365707437,-1.1850445395404658,-4.536673133460201,-5.7320690337717695,8.874835526301073,0.7021637765615637,483.0,141.0,4.0,6.85064935064935,4.0,7.0,0.851063829787234,0.1489361702127659,9.0,0.3085,0.6915,0.6915,0.687,discounted_lints,0.1,4.151232089655346,0.9973097749811808,0.0012413935820895,4.151232089655346,0.0026902250188193,0.0012413935820895,,,11
13,discounted_lints__corr__z24_a0p5_corr_pruned_top10,discounted_lints,corr,z24_a0p5_corr_pruned_top10,24,10,volatility_72_sqrt_z|ret_accel_6_24_z|MOM_pct_30_z|MOM_pct_14_z|ema_spread_9_21_z|log_ret_24_z|range_sqrt_z|vol_ratio_168_log1p_z|body_sqrt_z|ret_accel_24_72_z,282.90663208027604,-3.737658952582669,True,dro_minimax_median,"[-98.0, 0.0]",-98.0,0.0,-3.737658952582669,-4.679905625545352,0.5,9.257097570577866,0.7538707341814621,498.0,148.0,5,3142|3143|3144|3145|3146,-3.737658952582669,-4.090428553327743,1.1875730585874162,-5.490002286600136,-2.7926669722333983,-4.679905625545352,-5.113343237000565,1.5274137304765285,-1.0991162427217982,-4.679905625545352,-5.562508085679547,9.257097570577866,0.7538707341814621,498.0,148.0,4.0,6.034682080924855,4.0,6.0,0.8588957055214724,0.1411042944785276,9.0,0.3495,0.6505,0.6505,0.649,discounted_lints,0.1,8.214806636289985,0.996465264908614,0.001426464440049,8.214806636289985,0.003534735091386,0.001426464440049,,,12
27,discounted_lints__corr__z24_a0p5_corr_pruned_top10,discounted_lints,corr,z24_a0p5_corr_pruned_top10,24,10,volatility_72_sqrt_z|ret_accel_6_24_z|MOM_pct_30_z|MOM_pct_14_z|ema_spread_9_21_z|log_ret_24_z|range_sqrt_z|vol_ratio_168_log1p_z|body_sqrt_z|ret_accel_24_72_z,434.6326365106561,-3.7711845268208983,True,dro_minimax_median,"[-83.0, 0.0]",-83.0,0.0,-3.7711845268208983,-4.778080686544317,0.5,8.372193600392574,0.7304993545312483,461.0,133.0,5,3142|3143|3144|3145|3146,-3.7711845268208983,-3.9066404420908754,0.6784924749835823,-4.873888025275847,-3.000499130162741,-4.778080686544317,-4.766176109575467,0.7448252152800028,-1.2253583528816152,-4.778080686544317,-5.469729050506818,8.372193600392574,0.7304993545312483,461.0,133.0,4.0,6.444444444444445,4.0,7.0,0.8402777777777778,0.1597222222222222,9.0,0.294,0.706,0.706,0.703,discounted_lints,0.1,14.160177510693666,0.9976992063733908,0.0027176613584922,14.160177510693666,0.002300793626609,0.0027176613584922,,,13
12,discounted_lints__corr__z24_a0p5_corr_pruned_top10,discounted_lints,corr,z24_a0p5_corr_pruned_top10,24,10,volatility_72_sqrt_z|ret_accel_6_24_z|MOM_pct_30_z|MOM_pct_14_z|ema_spread_9_21_z|log_ret_24_z|range_sqrt_z|vol_ratio_168_log1p_z|body_sqrt_z|ret_accel_24_72_z,410.92950251777467,-3.79623358427554,True,dro_minimax_median,"[-88.0, 0.0]",-88.0,0.0,-3.79623358427554,-4.308804105958471,0.5,8.661493781122143,0.7118423939770893,482.0,138.0,5,3142|3143|3144|3145|3146,-3.79623358427554,-3.720238233422214,0.6869685634793985,-4.7012398610662895,-2.888594922037792,-4.308804105958471,-4.274717796700462,0.8462858462644881,-1.8587609912752692,-4.308804105958471,-5.924620369569048,8.661493781122143,0.7118423939770893,482.0,138.0,4.0,6.3,4.0,6.0,0.8411764705882353,0.1588235294117647,8.5,0.3295,0.6705,0.6705,0.6655,discounted_lints,0.1,18.414852933101823,0.9975664925641188,0.0052193299360846,18.414852933101823,0.0024335074358812,0.0052193299360846,,,14
36,discounted_lints__corr__z24_a0p5_corr_pruned_top10,discounted_lints,corr,z24_a0p5_corr_pruned_top10,24,10,volatility_72_sqrt_z|ret_accel_6_24_z|MOM_pct_30_z|MOM_pct_14_z|ema_spread_9_21_z|log_ret_24_z|range_sqrt_z|vol_ratio_168_log1p_z|body_sqrt_z|ret_accel_24_72_z,415.0940478093616,-3.8113154249331727,True,dro_minimax_median,"[-87.0, 0.0]",-87.0,0.0,-3.8113154249331727,-4.590021211484237,0.5,9.784413452649344,0.6780680220937131,485.0,137.0,5,3142|3143|3144|3145|3146,-3.8113154249331727,-3.6936674513974745,0.5381472799454424,-4.372633502862854,-3.006860808124171,-4.590021211484237,-4.376557218959155,0.6312978796403091,-1.4928288567840269,-4.590021211484237,-5.991243984427858,9.784413452649344,0.6780680220937131,485.0,137.0,4.0,6.382352941176471,4.0,6.75,0.8470588235294118,0.1529411764705882,9.0,0.3159999999999999,0.684,0.684,0.6815,discounted_lints,0.1,2.007261269325875,0.9975909073973056,0.0011420877874727,2.007261269325875,0.0024090926026943,0.0011420877874727,,,15
44,discounted_lints__corr__z24_a0p5_corr_pruned_top10,discounted_lints,corr,z24_a0p5_corr_pruned_top10,24,10,volatility_72_sqrt_z|ret_accel_6_24_z|MOM_pct_30_z|MOM_pct_14_z|ema_spread_9_21_z|log_ret_24_z|range_sqrt_z|vol_ratio_168_log1p_z|body_sqrt_z|ret_accel_24_72_z,442.2088800544384,-3.851725780795647,True,dro_minimax_median,"[-97.0, 0.0]",-97.0,0.0,-3.851725780795647,-4.793546422564595,0.5,8.554664265667588,0.6825414176190597,482.0,147.0,5,3142|3143|3144|3145|3146,-3.851725780795647,-3.9230966266362968,0.8242682126438108,-5.247565492669782,-3.0055016837087223,-4.793546422564595,-4.936269401749668,1.0113008650653208,-1.0262638554888033,-4.793546422564595,-5.633813396150153,8.554664265667588,0.6825414176190597,482.0,147.0,4.0,6.236024844720497,4.0,6.0,0.8695652173913043,0.1304347826086956,9.0,0.3219999999999999,0.678,0.678,0.675,discounted_lints,0.1,2.348391824989587,0.9977386252400068,0.0014790596599432,2.348391824989587,0.0022613747599932,0.0014790596599432,,,16
10,discounted_lints__corr__z24_a0p5_corr_pruned_top10,discounted_lints,corr,z24_a0p5_corr_pruned_top10,24,10,volatility_72_sqrt_z|ret_accel_6_24_z|MOM_pct_30_z|MOM_pct_14_z|ema_spread_9_21_z|log_ret_24_z|range_sqrt_z|vol_ratio_168_log1p_z|body_sqrt_z|ret_accel_24_72_z,400.9735384437913,-3.872560918060084,True,dro_minimax_median,"[-78.0, 0.0]",-78.0,0.0,-3.872560918060084,-4.55307791607937,0.5,9.071053653725825,0.7337462727194195,449.0,128.0,5,3142|3143|3144|3145|3146,-3.872560918060084,-3.802805434637421,0.5745486313754467,-4.647766173277337,-3.1188028315387744,-4.55307791607937,-4.719189421230411,0.5369169989928859,-1.3123090550037837,-4.55307791607937,-5.972336246901196,9.071053653725825,0.7337462727194195,449.0,128.0,4.0,6.588235294117647,4.0,7.0,0.8092105263157895,0.1907894736842105,9.5,0.3045,0.6955,0.6955,0.691,discounted_lints,0.1,12.246911350285094,0.9975060698422118,0.0012722065771341,12.246911350285094,0.0024939301577881,0.0012722065771341,,,17
18,discounted_lints__corr__z24_a0p5_corr_pruned_top10,discounted_lints,corr,z24_a0p5_corr_pruned_top10,24,10,volatility_72_sqrt_z|ret_accel_6_24_z|MOM_pct_30_z|MOM_pct_14_z|ema_spread_9_21_z|log_ret_24_z|range_sqrt_z|vol_ratio_168_log1p_z|body_sqrt_z|ret_accel_24_72_z,417.0067899600194,-3.8946824396509614,True,dro_minimax_median,"[-95.0, 0.0]",-95.0,0.0,-3.8946824396509614,-4.491195917036834,0.5,9.717454398567927,0.6880371034003862,494.0,145.0,5,3142|3143|3144|3145|3146,-3.8946824396509614,-3.9183271863702367,0.7576774730289093,-4.849613550874321,-2.873761502746881,-4.491195917036834,-4.729975611106564,1.011985073928925,-1.3222230103106565,-4.491195917036834,-6.508212092241698,9.717454398567927,0.6880371034003862,494.0,145.0,4.0,6.113095238095238,4.0,5.0,0.8482758620689655,0.1517241379310344,9.0,0.3299999999999999,0.67,0.67,0.6675,discounted_lints,0.1,6.342692683868243,0.9976019575122604,0.0029824084779331,6.342692683868243,0.0023980424877395,0.0029824084779331,,,18
22,discounted_lints__corr__z24_a0p5_corr_pruned_top10,discounted_lints,corr,z24_a0p5_corr_pruned_top10,24,10,volatility_72_sqrt_z|ret_accel_6_24_z|MOM_pct_30_z|MOM_pct_14_z|ema_spread_9_21_z|log_ret_24_z|range_sqrt_z|vol_ratio_168_log1p_z|body_sqrt_z|ret_accel_24_72_z,378.6264953150454,-3.9218973035817815,True,dro_minimax_median,"[-95.0, 0.0]",-95.0,0.0,-3.9218973035817815,-4.931280552046246,0.5,8.427433189096012,0.6909020992614172,513.0,145.0,5,3142|3143|3144|3145|3146,-3.9218973035817815,-3.8170210643446887,1.1910992395539364,-5.133368479842151,-2.285417597541461,-4.931280552046246,-4.619317552066436,1.2509593207467713,-0.8937475581883882,-4.931280552046246,-5.7721052513162165,8.427433189096012,0.6909020992614172,513.0,145.0,4.0,6.03125,4.0,6.0,0.8597560975609756,0.1402439024390244,9.0,0.3275,0.6725,0.6725,0.671,discounted_lints,0.1,0.8888100194559282,0.9973588747423292,0.0077897968003979,0.8888100194559282,0.0026411252576709,0.0077897968003979,,,19
23,discounted_lints__corr__z24_a0p5_corr_pruned_top10,discounted_lints,corr,z24_a0p5_corr_pruned_top10,24,10,volatility_72_sqrt_z|ret_accel_6_24_z|MOM_pct_30_z|MOM_pct_14_z|ema_spread_9_21_z|log_ret_24_z|range_sqrt_z|vol_ratio_168_log1p_z|body_sqrt_z|ret_accel_24_72_z,430.107676599906,-3.955482509234357,True,dro_minimax_median,"[-84.0, 0.0]",-84.0,0.0,-3.955482509234357,-4.649693694285028,0.5,9.69558920657292,0.6721901388068114,478.0,134.0,5,3142|3143|3144|3145|3146,-3.955482509234357,-3.917316280330825,0.5415533823619668,-4.486748200174786,-3.1318028032349354,-4.649693694285028,-4.635452942970756,0.7553653717622267,-1.737273701313698,-4.649693694285028,-6.516583521365878,9.69558920657292,0.6721901388068114,478.0,134.0,4.0,6.235668789808917,4.0,6.0,0.8490566037735849,0.1509433962264151,9.0,0.3159999999999999,0.684,0.684,0.6795,discounted_lints,0.1,3.428251141862405,0.99767500080932,0.0016659045795418,3.428251141862405,0.0023249991906799,0.0016659045795418,,,20
29,discounted_lints__corr__z24_a0p5_corr_pruned_top10,discounted_lints,corr,z24_a0p5_corr_pruned_top10,24,10,volatility_72_sqrt_z|ret_accel_6_24_z|MOM_pct_30_z|MOM_pct_14_z|ema_spread_9_21_z|log_ret_24_z|range_sqrt_z|vol_ratio_168_log1p_z|body_sqrt_z|ret_accel_24_72_z,422.35341773220335,-4.04301000123648,True,dro_minimax_median,"[-88.0, 0.0]",-88.0,0.0,-4.04301000123648,-4.949432141503318,0.5,9.772892141150614,0.6947737176282052,475.0,138.0,5,3142|3143|3144|3145|3146,-4.04301000123648,-4.066515725299817,0.5305354301986749,-4.857907518848471,-3.5417018635601187,-4.949432141503318,-5.153802557391671,0.5365910847261498,-1.2564534508999008,-4.949432141503318,-6.2579846642230486,9.772892141150614,0.6947737176282052,475.0,138.0,4.0,6.575949367088608,4.0,7.0,0.855072463768116,0.144927536231884,9.0,0.3175,0.6825,0.6825,0.681,discounted_lints,0.1,1.40702507540972,0.9976323146492588,0.0026460571503721,1.40702507540972,0.0023676853507411,0.0026460571503721,,,21
43,discounted_lints__corr__z24_a0p5_corr_pruned_top10,discounted_lints,corr,z24_a0p5_corr_pruned_top10,24,10,volatility_72_sqrt_z|ret_accel_6_24_z|MOM_pct_30_z|MOM_pct_14_z|ema_spread_9_21_z|log_ret_24_z|range_sqrt_z|vol_ratio_168_log1p_z|body_sqrt_z|ret_accel_24_72_z,433.0094629352148,-4.056639204364595,True,dro_minimax_median,"[-82.0, 0.0]",-82.0,0.0,-4.056639204364595,-4.682077106735605,0.5,9.703241542826111,0.7058917793434838,458.0,132.0,5,3142|3143|3144|3145|3146,-4.056639204364595,-4.051748654012225,0.4165558431247513,-4.67965605431664,-3.6704951981980662,-4.682077106735605,-4.860121466718259,0.5413419080565648,-1.6840449404921316,-4.682077106735605,-6.685658263952962,9.703241542826111,0.7058917793434838,458.0,132.0,4.0,6.8068965517241375,4.0,7.0,0.8206896551724138,0.1793103448275862,10.0,0.308,0.692,0.692,0.689,discounted_lints,0.1,3.338448626238435,0.997690581648675,0.0013122876934196,3.338448626238435,0.002309418351325,0.0013122876934196,,,22
47,discounted_lints__corr__z24_a0p5_corr_pruned_top10,discounted_lints,corr,z24_a0p5_corr_pruned_top10,24,10,volatility_72_sqrt_z|ret_accel_6_24_z|MOM_pct_30_z|MOM_pct_14_z|ema_spread_9_21_z|log_ret_24_z|range_sqrt_z|vol_ratio_168_log1p_z|body_sqrt_z|ret_accel_24_72_z,175.166006324213,-4.057506775939524,True,dro_minimax_median,"[-121.0, 0.0]",-121.0,0.0,-4.057506775939524,-5.001116049347487,0.5,7.727542717110658,0.6961271685763594,562.0,171.0,5,3142|3143|3144|3145|3146,-4.057506775939524,-4.399648135734134,0.8157964730770613,-5.45517161451814,-3.468759157250716,-5.001116049347487,-5.41026048482342,1.1241467507876048,-1.5088640070207309,-5.001116049347487,-6.347731299296256,7.727542717110658,0.6961271685763594,562.0,171.0,4.0,5.557291666666667,4.0,5.0,0.8956043956043956,0.1043956043956044,8.0,0.378,0.622,0.622,0.62,discounted_lints,0.1,1.871614861826549,0.9942911297632196,0.0084175285015768,1.871614861826549,0.0057088702367804,0.0084175285015768,,,23
46,discounted_lints__corr__z24_a0p5_corr_pruned_top10,discounted_lints,corr,z24_a0p5_corr_pruned_top10,24,10,volatility_72_sqrt_z|ret_accel_6_24_z|MOM_pct_30_z|MOM_pct_14_z|ema_spread_9_21_z|log_ret_24_z|range_sqrt_z|vol_ratio_168_log1p_z|body_sqrt_z|ret_accel_24_72_z,447.478549267621,-4.125936273139684,True,dro_minimax_median,"[-91.0, 0.0]",-91.0,0.0,-4.125936273139684,-4.924396883008212,0.5,8.74012672137765,0.7369707348880556,483.0,141.0,5,3142|3143|3144|3145|3146,-4.125936273139684,-3.850100226272613,0.8049481907580425,-4.677206085238463,-2.879183997063338,-4.924396883008212,-4.647492801754869,0.8759796469417676,-0.968294494230045,-4.924396883008212,-6.523113854683097,8.74012672137765,0.7369707348880556,483.0,141.0,4.0,6.739726027397261,4.0,7.0,0.8156028368794326,0.1843971631205673,9.0,0.292,0.708,0.708,0.705,discounted_lints,0.1,2.769020908633001,0.9977652560069378,0.0017949560765334,2.769020908633001,0.0022347439930621,0.0017949560765334,,,24
26,discounted_lints__corr__z24_a0p5_corr_pruned_top10,discounted_lints,corr,z24_a0p5_corr_pruned_top10,24,10,volatility_72_sqrt_z|ret_accel_6_24_z|MOM_pct_30_z|MOM_pct_14_z|ema_spread_9_21_z|log_ret_24_z|range_sqrt_z|vol_ratio_168_log1p_z|body_sqrt_z|ret_accel_24_72_z,413.2130443408472,-4.128731619986209,True,dro_minimax_median,"[-150.0, 0.0]",-150.0,0.0,-4.128731619986209,-4.625927997866064,0.5,11.15869418505576,0.6895030629097127,626.0,200.0,5,3142|3143|3144|3145|3146,-4.128731619986209,-4.407303003736078,0.6910329762576023,-5.596613732032025,-3.904399064100216,-4.625927997866064,-5.084703105283996,0.9883940873394024,-2.2415736740783267,-4.625927997866064,-7.102160442086835,11.15869418505576,0.6895030629097127,626.0,200.0,4.0,5.580952380952381,4.0,6.0,0.9174311926605504,0.0825688073394495,8.0,0.42,0.58,0.58,0.577,discounted_lints,0.1,17.04614268485868,0.9975799408714332,0.0360642526478129,17.04614268485868,0.0024200591285669,0.0360642526478129,,,25
15,discounted_lints__corr__z24_a0p5_corr_pruned_top10,discounted_lints,corr,z24_a0p5_corr_pruned_top10,24,10,volatility_72_sqrt_z|ret_accel_6_24_z|MOM_pct_30_z|MOM_pct_14_z|ema_spread_9_21_z|log_ret_24_z|range_sqrt_z|vol_ratio_168_log1p_z|body_sqrt_z|ret_accel_24_72_z,311.1231973070384,-4.157359526550266,True,dro_minimax_median,"[-88.0, 0.0]",-88.0,0.0,-4.157359526550266,-5.219299478223952,0.5,8.37180936648304,0.6986424000126545,463.0,138.0,5,3142|3143|3144|3145|3146,-4.157359526550266,-4.1607600241346585,0.6903461849418302,-4.943904367909231,-3.175335002599767,-5.219299478223952,-5.24301248768087,0.6555054320988105,-0.9715396715292092,-5.219299478223952,-6.122874664926175,8.37180936648304,0.6986424000126545,463.0,138.0,4.0,6.488095238095238,4.0,7.0,0.832258064516129,0.1677419354838709,9.0,0.3105,0.6895,0.6895,0.685,discounted_lints,0.1,25.84905230562184,0.996785839151,0.0030834682508797,25.84905230562184,0.003214160849,0.0030834682508797,,,26
28,discounted_lints__corr__z24_a0p5_corr_pruned_top10,discounted_lints,corr,z24_a0p5_corr_pruned_top10,24,10,volatility_72_sqrt_z|ret_accel_6_24_z|MOM_pct_30_z|MOM_pct_14_z|ema_spread_9_21_z|log_ret_24_z|range_sqrt_z|vol_ratio_168_log1p_z|body_sqrt_z|ret_accel_24_72_z,360.6318894587964,-4.16785075500796,True,dro_minimax_median,"[-116.0, 0.0]",-116.0,0.0,-4.16785075500796,-5.283411342416925,0.5,8.931967220717219,0.6954046621385546,518.0,166.0,5,3142|3143|3144|3145|3146,-4.16785075500796,-4.370322298391619,0.8358624931081282,-5.558527796824306,-3.288198969215567,-5.283411342416925,-5.189780875762071,1.0050273529310707,-2.185152215765507,-5.283411342416925,-6.954055720574903,8.931967220717219,0.6954046621385546,518.0,166.0,4.0,5.683060109289618,4.0,5.0,0.8813559322033898,0.1186440677966101,8.0,0.348,0.652,0.652,0.6495,discounted_lints,0.1,3.126336155577856,0.9972270893694378,0.0015822102756531,3.126336155577856,0.0027729106305621,0.0015822102756531,,,27
32,discounted_lints__corr__z24_a0p5_corr_pruned_top10,discounted_lints,corr,z24_a0p5_corr_pruned_top10,24,10,volatility_72_sqrt_z|ret_accel_6_24_z|MOM_pct_30_z|MOM_pct_14_z|ema_spread_9_21_z|log_ret_24_z|range_sqrt_z|vol_ratio_168_log1p_z|body_sqrt_z|ret_accel_24_72_z,434.1316028594134,-4.173638995302597,True,dro_minimax_median,"[-92.0, 0.0]",-92.0,0.0,-4.173638995302597,-5.073353895603165,0.5,8.809407135277414,0.6977204995056231,467.0,142.0,5,3142|3143|3144|3145|3146,-4.173638995302597,-3.931668918024409,0.501857496615846,-4.3911758785143045,-3.3082791059768875,-5.073353895603165,-4.7869907592169,0.6746890602071882,-1.3160031538665813,-5.073353895603165,-6.126945451294637,8.809407135277414,0.6977204995056231,467.0,142.0,4.0,6.3478260869565215,4.0,6.0,0.8554913294797688,0.1445086705202312,8.0,0.3219999999999999,0.678,0.678,0.6745,discounted_lints,0.1,6.175281672630813,0.9976965510149146,0.0012774987926253,6.175281672630813,0.0023034489850853,0.0012774987926253,,,28
24,discounted_lints__corr__z24_a0p5_corr_pruned_top10,discounted_lints,corr,z24_a0p5_corr_pruned_top10,24,10,volatility_72_sqrt_z|ret_accel_6_24_z|MOM_pct_30_z|MOM_pct_14_z|ema_spread_9_21_z|log_ret_24_z|range_sqrt_z|vol_ratio_168_log1p_z|body_sqrt_z|ret_accel_24_72_z,447.50525416709263,-4.19052154140489,True,dro_minimax_median,"[-93.0, 0.0]",-93.0,0.0,-4.19052154140489,-4.789120768485674,0.5,9.522073053704329,0.7100430632903127,493.0,143.0,5,3142|3143|3144|3145|3146,-4.19052154140489,-4.252531636623738,0.5089350192708418,-4.945625077623287,-3.688191519506396,-4.789120768485674,-4.918293094631329,0.5564598716111816,-2.39472386016254,-4.789120768485674,-7.083426149482442,9.522073053704329,0.7100430632903127,493.0,143.0,4.0,6.064705882352941,4.0,6.0,0.8811188811188811,0.1188811188811188,9.0,0.3399999999999999,0.66,0.66,0.657,discounted_lints,0.1,1.7146585524536802,0.9977653893654026,0.0059195767027531,1.7146585524536802,0.0022346106345974,0.0059195767027531,,,29
30,discounted_lints__corr__z24_a0p5_corr_pruned_top10,discounted_lints,corr,z24_a0p5_corr_pruned_top10,24,10,volatility_72_sqrt_z|ret_accel_6_24_z|MOM_pct_30_z|MOM_pct_14_z|ema_spread_9_21_z|log_ret_24_z|range_sqrt_z|vol_ratio_168_log1p_z|body_sqrt_z|ret_accel_24_72_z,435.5935218906416,-4.240321446953306,True,dro_minimax_median,"[-90.0, 0.0]",-90.0,0.0,-4.240321446953306,-5.234421812991293,0.5,9.52420295320552,0.6834189551108996,465.0,140.0,5,3142|3143|3144|3145|3146,-4.240321446953306,-4.080556421165445,0.8534237950739406,-5.056455437808493,-2.778359631710077,-5.234421812991293,-5.012897940754305,1.1233399990886357,-1.0965177567504332,-5.234421812991293,-6.336595333100658,9.52420295320552,0.6834189551108996,465.0,140.0,4.0,6.801418439716312,4.0,7.0,0.8581560283687943,0.1418439716312056,9.0,0.2965,0.7035,0.7035,0.699,discounted_lints,0.1,5.13116529088135,0.9977042817449177,0.004219735442287,5.13116529088135,0.0022957182550824,0.004219735442287,,,30
31,discounted_lints__corr__z24_a0p5_corr_pruned_top10,discounted_lints,corr,z24_a0p5_corr_pruned_top10,24,10,volatility_72_sqrt_z|ret_accel_6_24_z|MOM_pct_30_z|MOM_pct_14_z|ema_spread_9_21_z|log_ret_24_z|range_sqrt_z|vol_ratio_168_log1p_z|body_sqrt_z|ret_accel_24_72_z,434.6698953093039,-4.3279607282222425,True,dro_minimax_median,"[-86.0, 0.0]",-86.0,0.0,-4.3279607282222425,-5.281770733424111,0.5,9.61300841485332,0.6740454223200113,461.0,136.0,5,3142|3143|3144|3145|3146,-4.3279607282222425,-4.262355154898809,0.3521265264575217,-4.631565615389393,-3.720860133869731,-5.281770733424111,-5.133878477183777,0.3799107877980747,-1.366910003942686,-5.281770733424111,-6.828371795370326,9.61300841485332,0.6740454223200113,461.0,136.0,4.0,6.594594594594595,4.0,7.0,0.8431372549019608,0.1568627450980392,9.0,0.3065,0.6935,0.6935,0.689,discounted_lints,0.1,8.901948360610852,0.9976994035915728,0.001002757232064,8.901948360610852,0.0023005964084271,0.001002757232064,,,31
0,discounted_lints__corr__z24_a0p5_corr_pruned_top10,discounted_lints,corr,z24_a0p5_corr_pruned_top10,24,10,volatility_72_sqrt_z|ret_accel_6_24_z|MOM_pct_30_z|MOM_pct_14_z|ema_spread_9_21_z|log_ret_24_z|range_sqrt_z|vol_ratio_168_log1p_z|body_sqrt_z|ret_accel_24_72_z,325.0,-4.440726310429789,True,dro_minimax_median,"[-137.0, 0.0]",-137.0,0.0,-4.440726310429789,-5.421568944815236,0.5,8.903743167511792,0.7132643042348905,601.0,187.0,5,3142|3143|3144|3145|3146,-4.440726310429789,-4.3017774020154125,1.2495616891174033,-5.715618270570234,-2.399409073566652,-5.421568944815236,-5.362794868703904,1.814180021239735,-1.4304783456983678,-5.421568944815236,-6.836725024077555,8.903743167511792,0.7132643042348905,601.0,187.0,4.0,5.555555555555555,4.0,6.0,0.9174757281553398,0.0825242718446602,8.0,0.4135,0.5865,0.5865,0.5845,discounted_lints,0.1,1.0,0.9969230769230768,0.03,1.0,0.003076923076923,0.03,,,32
21,discounted_lints__corr__z24_a0p5_corr_pruned_top10,discounted_lints,corr,z24_a0p5_corr_pruned_top10,24,10,volatility_72_sqrt_z|ret_accel_6_24_z|MOM_pct_30_z|MOM_pct_14_z|ema_spread_9_21_z|log_ret_24_z|range_sqrt_z|vol_ratio_168_log1p_z|body_sqrt_z|ret_accel_24_72_z,406.84703661695954,-4.491100156851467,True,dro_minimax_median,"[-99.0, 0.0]",-99.0,0.0,-4.491100156851467,-5.775023533851805,0.5,9.455663081765495,0.7001510793137566,496.0,149.0,5,3142|3143|3144|3145|3146,-4.491100156851467,-4.288627745241885,0.7072048401964848,-4.965593654892954,-3.377419648752143,-5.775023533851805,-5.318948158253492,0.9376429972477645,-0.8732279639608912,-5.775023533851805,-6.619093096142218,9.455663081765495,0.7001510793137566,496.0,149.0,4.0,6.098265895953757,4.0,6.0,0.8622754491017964,0.1377245508982036,9.0,0.3339999999999999,0.666,0.666,0.663,discounted_lints,0.1,1.0210692313889356,0.9975420737771246,0.0012515704113138,1.0210692313889356,0.0024579262228754,0.0012515704113138,,,33
48,discounted_lints__corr__z24_a0p5_corr_pruned_top10,discounted_lints,corr,z24_a0p5_corr_pruned_top10,24,10,volatility_72_sqrt_z|ret_accel_6_24_z|MOM_pct_30_z|MOM_pct_14_z|ema_spread_9_21_z|log_ret_24_z|range_sqrt_z|vol_ratio_168_log1p_z|body_sqrt_z|ret_accel_24_72_z,419.0764064673679,-4.534153906469326,True,dro_minimax_median,"[-91.0, 0.0]",-91.0,0.0,-4.534153906469326,-5.238592816821079,0.5,8.745455682195157,0.6583382440836224,479.0,141.0,5,3142|3143|3144|3145|3146,-4.534153906469326,-4.607469736160627,0.4431615194671751,-5.288143282152039,-4.09520315257295,-5.238592816821079,-5.5478700873283335,0.6800103400023318,-1.947369306329905,-5.238592816821079,-7.527001254380288,8.745455682195157,0.6583382440836224,479.0,141.0,4.0,5.965317919075145,4.0,6.0,0.8554913294797688,0.1445086705202312,8.5,0.3345,0.6655,0.6655,0.661,discounted_lints,0.1,2.450624089513622,0.9976138002889984,0.0010891835563065,2.450624089513622,0.0023861997110015,0.0010891835563065,,,34
9,discounted_lints__corr__z24_a0p5_corr_pruned_top10,discounted_lints,corr,z24_a0p5_corr_pruned_top10,24,10,volatility_72_sqrt_z|ret_accel_6_24_z|MOM_pct_30_z|MOM_pct_14_z|ema_spread_9_21_z|log_ret_24_z|range_sqrt_z|vol_ratio_168_log1p_z|body_sqrt_z|ret_accel_24_72_z,232.681935786024,-4.588865747510378,True,dro_minimax_median,"[-118.0, 0.0]",-118.0,0.0,-4.588865747510378,-5.802936431235754,0.5,9.507089612214903,0.6875837064154966,527.0,168.0,5,3142|3143|3144|3145|3146,-4.588865747510378,-4.862922551315807,0.9505327404320146,-6.311700479299644,-3.745541942447944,-5.802936431235754,-6.062819202589345,1.1546152005206118,-1.3026640107871024,-5.802936431235754,-6.914653691480428,9.507089612214903,0.6875837064154966,527.0,168.0,4.0,6.041666666666667,4.0,6.0,0.864406779661017,0.135593220338983,8.0,0.346,0.654,0.654,0.651,discounted_lints,0.1,11.424454836885744,0.9957022877748464,0.0068130712398634,11.424454836885744,0.0042977122251535,0.0068130712398634,,,35
42,discounted_lints__corr__z24_a0p5_corr_pruned_top10,discounted_lints,corr,z24_a0p5_corr_pruned_top10,24,10,volatility_72_sqrt_z|ret_accel_6_24_z|MOM_pct_30_z|MOM_pct_14_z|ema_spread_9_21_z|log_ret_24_z|range_sqrt_z|vol_ratio_168_log1p_z|body_sqrt_z|ret_accel_24_72_z,390.4877052437362,-4.6622196403538805,True,dro_minimax_median,"[-104.0, 0.0]",-104.0,0.0,-4.6622196403538805,-5.826069939855128,0.5,9.541020411824308,0.6866594060811654,508.0,154.0,5,3142|3143|3144|3145|3146,-4.6622196403538805,-4.756418966045489,1.0857735808203857,-6.456145375933111,-3.531826948885723,-5.826069939855128,-5.697866312673606,1.2899910144486804,-2.042356031248064,-5.826069939855128,-6.882775941390321,9.541020411824308,0.6866594060811654,508.0,154.0,4.0,5.870056497175141,4.0,6.0,0.8700564971751412,0.1299435028248587,8.0,0.35,0.65,0.65,0.647,discounted_lints,0.1,2.0735330913027856,0.997439099908726,0.0012904958737803,2.0735330913027856,0.0025609000912738,0.0012904958737803,,,36
16,discounted_lints__corr__z24_a0p5_corr_pruned_top10,discounted_lints,corr,z24_a0p5_corr_pruned_top10,24,10,volatility_72_sqrt_z|ret_accel_6_24_z|MOM_pct_30_z|MOM_pct_14_z|ema_spread_9_21_z|log_ret_24_z|range_sqrt_z|vol_ratio_168_log1p_z|body_sqrt_z|ret_accel_24_72_z,336.46294754606663,-4.663500587785945,True,dro_minimax_median,"[-93.0, 0.0]",-93.0,0.0,-4.663500587785945,-5.690547175041335,0.5,9.410097888607904,0.6514751264693569,484.0,143.0,5,3142|3143|3144|3145|3146,-4.663500587785945,-4.394498034484601,0.4969363930656951,-4.849528664865892,-3.634355414095752,-5.690547175041335,-5.39550118492903,0.7627352215155501,-1.582360826019776,-5.690547175041335,-6.748899054708986,9.410097888607904,0.6514751264693569,484.0,143.0,4.0,6.179012345679013,4.0,6.0,0.852760736196319,0.147239263803681,9.0,0.3245,0.6755,0.6755,0.673,discounted_lints,0.1,5.884891537054978,0.9970279045366116,0.0020068997107038,5.884891537054978,0.0029720954633885,0.0020068997107038,,,37
1,discounted_lints__corr__z24_a0p5_corr_pruned_top10,discounted_lints,corr,z24_a0p5_corr_pruned_top10,24,10,volatility_72_sqrt_z|ret_accel_6_24_z|MOM_pct_30_z|MOM_pct_14_z|ema_spread_9_21_z|log_ret_24_z|range_sqrt_z|vol_ratio_168_log1p_z|body_sqrt_z|ret_accel_24_72_z,360.83330673168297,-4.667699813045301,True,dro_minimax_median,"[-102.0, 0.0]",-102.0,0.0,-4.667699813045301,-5.581610225614205,0.5,8.934514213412603,0.6848623753997383,533.0,152.0,5,3142|3143|3144|3145|3146,-4.667699813045301,-4.351627358899117,0.6612987815431335,-4.947479145001346,-3.339157027885399,-5.581610225614205,-5.233454842944729,0.8042161071856705,-1.7679531149814316,-5.581610225614205,-7.202534664287345,8.934514213412603,0.6848623753997383,533.0,152.0,4.0,5.767045454545454,4.0,6.0,0.8816568047337278,0.1183431952662721,8.0,0.3525,0.6475,0.6475,0.643,discounted_lints,0.1,3.672477322050449,0.9972286372090824,0.0124967214738945,3.672477322050449,0.0027713627909177,0.0124967214738945,,,38
2,discounted_lints__corr__z24_a0p5_corr_pruned_top10,discounted_lints,corr,z24_a0p5_corr_pruned_top10,24,10,volatility_72_sqrt_z|ret_accel_6_24_z|MOM_pct_30_z|MOM_pct_14_z|ema_spread_9_21_z|log_ret_24_z|range_sqrt_z|vol_ratio_168_log1p_z|body_sqrt_z|ret_accel_24_72_z,296.02642818562515,-4.7336438644829935,True,dro_minimax_median,"[-126.0, 0.0]",-126.0,0.0,-4.7336438644829935,-5.794973547721805,0.5,8.561521674285055,0.7423097200927771,548.0,176.0,5,3142|3143|3144|3145|3146,-4.7336438644829935,-4.594478263384526,0.7865078194837805,-5.678648136860955,-3.670595884370037,-5.794973547721805,-5.603876705680086,0.9829530060473598,-1.659061029236323,-5.794973547721805,-7.261902478716061,8.561521674285055,0.7423097200927771,548.0,176.0,4.0,6.0109289617486334,4.0,6.0,0.8762886597938144,0.1237113402061855,9.0,0.366,0.634,0.634,0.631,discounted_lints,0.1,24.45058168692544,0.996621923231216,0.0195878751933235,24.45058168692544,0.0033780767687841,0.0195878751933235,,,39
7,discounted_lints__corr__z24_a0p5_corr_pruned_top10,discounted_lints,corr,z24_a0p5_corr_pruned_top10,24,10,volatility_72_sqrt_z|ret_accel_6_24_z|MOM_pct_30_z|MOM_pct_14_z|ema_spread_9_21_z|log_ret_24_z|range_sqrt_z|vol_ratio_168_log1p_z|body_sqrt_z|ret_accel_24_72_z,318.8890416271251,-4.739658897926278,True,dro_minimax_median,"[-111.0, 0.0]",-111.0,0.0,-4.739658897926278,-5.74363673804591,0.5,9.664090319514084,0.6567472134230443,537.0,161.0,5,3142|3143|3144|3145|3146,-4.739658897926278,-4.480143052176836,0.9637257396845376,-5.277974774506036,-2.846522591582314,-5.74363673804591,-5.209513673553085,1.2759216594032283,-2.15856702117377,-5.74363673804591,-7.727781357426241,9.664090319514084,0.6567472134230443,537.0,161.0,4.0,5.629834254143646,4.0,5.0,0.8876404494382022,0.1123595505617977,7.5,0.3625,0.6375,0.6375,0.633,discounted_lints,0.1,1.4429230661432637,0.996864113000254,0.0029636709284422,1.4429230661432637,0.0031358869997461,0.0029636709284422,,,40
38,discounted_lints__corr__z24_a0p5_corr_pruned_top10,discounted_lints,corr,z24_a0p5_corr_pruned_top10,24,10,volatility_72_sqrt_z|ret_accel_6_24_z|MOM_pct_30_z|MOM_pct_14_z|ema_spread_9_21_z|log_ret_24_z|range_sqrt_z|vol_ratio_168_log1p_z|body_sqrt_z|ret_accel_24_72_z,220.25210887431672,-4.770847259477438,True,dro_minimax_median,"[-122.0, 0.0]",-122.0,0.0,-4.770847259477438,-5.899626080501555,0.5,9.385666180596386,0.6667232748083873,541.0,172.0,5,3142|3143|3144|3145|3146,-4.770847259477438,-4.88123944531196,0.7688399941814233,-5.675870768886455,-3.924073960675572,-5.899626080501555,-5.94783927086328,0.9886310171189396,-1.4955040362256256,-5.899626080501555,-7.202239515158429,9.385666180596386,0.6667232748083873,541.0,172.0,4.0,5.606741573033708,4.0,5.0,0.8977272727272727,0.1022727272727272,8.0,0.362,0.638,0.638,0.633,discounted_lints,0.1,0.5133615665080955,0.9954597483533262,0.002707525404279,0.5133615665080955,0.0045402516466738,0.002707525404279,,,41
49,discounted_lints__corr__z24_a0p5_corr_pruned_top10,discounted_lints,corr,z24_a0p5_corr_pruned_top10,24,10,volatility_72_sqrt_z|ret_accel_6_24_z|MOM_pct_30_z|MOM_pct_14_z|ema_spread_9_21_z|log_ret_24_z|range_sqrt_z|vol_ratio_168_log1p_z|body_sqrt_z|ret_accel_24_72_z,235.4949088983738,-4.869487398780719,True,dro_minimax_median,"[-148.0, 0.0]",-148.0,0.0,-4.869487398780719,-5.980067387382171,0.5,9.318814142815413,0.7115759679247226,629.0,198.0,5,3142|3143|3144|3145|3146,-4.869487398780719,-5.068514120707075,0.9358087220332708,-6.409788773788149,-3.929707759735687,-5.980067387382171,-5.99746998777526,1.388709235873929,-2.0054505283319792,-5.980067387382171,-7.40874380672902,9.318814142815413,0.7115759679247226,629.0,198.0,4.0,5.357487922705314,4.0,5.0,0.9108910891089108,0.0891089108910891,8.0,0.4145,0.5855,0.5855,0.581,discounted_lints,0.1,2.958534870817166,0.9957536236996464,0.0259218360557402,2.958534870817166,0.0042463763003536,0.0259218360557402,,,42
4,discounted_lints__corr__z24_a0p5_corr_pruned_top10,discounted_lints,corr,z24_a0p5_corr_pruned_top10,24,10,volatility_72_sqrt_z|ret_accel_6_24_z|MOM_pct_30_z|MOM_pct_14_z|ema_spread_9_21_z|log_ret_24_z|range_sqrt_z|vol_ratio_168_log1p_z|body_sqrt_z|ret_accel_24_72_z,292.68283630105145,-4.870538613567955,True,dro_minimax_median,"[-105.0, 0.0]",-105.0,0.0,-4.870538613567955,-5.687272358559259,0.5,9.829331187658452,0.6680411328941391,534.0,155.0,5,3142|3143|3144|3145|3146,-4.870538613567955,-4.440050648813163,1.4369918959730554,-5.989189114253636,-2.1440357590708565,-5.687272358559259,-5.19517357503178,1.7531548980987646,-2.176462448004397,-5.687272358559259,-7.362827122220456,9.829331187658452,0.6680411328941391,534.0,155.0,4.0,5.6,4.0,5.0,0.8870967741935484,0.1129032258064516,8.0,0.3715,0.6285,0.6285,0.6255,discounted_lints,0.1,4.605578395334537,0.9965833322765418,0.0136188343766292,4.605578395334537,0.0034166677234581,0.0136188343766292,,,43
8,discounted_lints__corr__z24_a0p5_corr_pruned_top10,discounted_lints,corr,z24_a0p5_corr_pruned_top10,24,10,volatility_72_sqrt_z|ret_accel_6_24_z|MOM_pct_30_z|MOM_pct_14_z|ema_spread_9_21_z|log_ret_24_z|range_sqrt_z|vol_ratio_168_log1p_z|body_sqrt_z|ret_accel_24_72_z,258.4816879658014,-4.99244672665927,True,dro_minimax_median,"[-136.0, 0.0]",-136.0,0.0,-4.99244672665927,-6.285255095989579,0.5,9.45312984003267,0.6567139921941335,598.0,186.0,5,3142|3143|3144|3145|3146,-4.99244672665927,-5.331064839835359,1.316805443831637,-6.886469725651051,-3.800638471391841,-6.285255095989579,-6.3006751179914975,1.619764480488488,-2.2055054472261304,-6.285255095989579,-8.188999925192809,9.45312984003267,0.6567139921941335,598.0,186.0,4.0,5.477386934673367,4.0,6.0,0.9295774647887324,0.0704225352112676,8.0,0.4,0.6,0.6,0.5965,discounted_lints,0.1,0.7021639484127451,0.9961312539860376,0.0211275264473757,0.7021639484127451,0.0038687460139625,0.0211275264473757,,,44
25,discounted_lints__corr__z24_a0p5_corr_pruned_top10,discounted_lints,corr,z24_a0p5_corr_pruned_top10,24,10,volatility_72_sqrt_z|ret_accel_6_24_z|MOM_pct_30_z|MOM_pct_14_z|ema_spread_9_21_z|log_ret_24_z|range_sqrt_z|vol_ratio_168_log1p_z|body_sqrt_z|ret_accel_24_72_z,194.37805605689408,-5.020891700255045,True,dro_minimax_median,"[-92.0, 0.0]",-92.0,0.0,-5.020891700255045,-6.422406606653589,0.5,10.604510136127098,0.6711416712343125,474.0,142.0,5,3142|3143|3144|3145|3146,-5.020891700255045,-5.274910957757074,0.6943323596913369,-6.080038148062332,-4.6563773918208335,-6.422406606653589,-6.799028871589435,0.7166931963658824,-0.8163469810594126,-6.422406606653589,-7.189145514771415,10.604510136127098,0.6711416712343125,474.0,142.0,4.0,6.367816091954023,4.0,7.0,0.8424657534246576,0.1575342465753424,9.0,0.3105,0.6895,0.6895,0.685,discounted_lints,0.1,28.48144686541584,0.994855386352319,0.0016631962948267,28.48144686541584,0.005144613647681,0.0016631962948267,,,45
6,discounted_lints__corr__z24_a0p5_corr_pruned_top10,discounted_lints,corr,z24_a0p5_corr_pruned_top10,24,10,volatility_72_sqrt_z|ret_accel_6_24_z|MOM_pct_30_z|MOM_pct_14_z|ema_spread_9_21_z|log_ret_24_z|range_sqrt_z|vol_ratio_168_log1p_z|body_sqrt_z|ret_accel_24_72_z,176.2027273106431,-5.126572197129727,True,dro_minimax_median,"[-109.0, 0.0]",-109.0,0.0,-5.126572197129727,-6.449459176006537,0.5,9.780836008172123,0.6961072953628002,540.0,159.0,5,3142|3143|3144|3145|3146,-5.126572197129727,-4.571880541671139,1.0904535691937298,-5.441612669604128,-3.032255377248525,-6.449459176006537,-5.619254683436008,1.6571693261470208,-1.7556780734978867,-6.449459176006537,-7.186927739589174,9.780836008172123,0.6961072953628002,540.0,159.0,4.0,5.6464088397790055,4.0,5.0,0.8770053475935828,0.1229946524064171,8.0,0.3695,0.6305,0.6305,0.629,discounted_lints,0.1,1.650846287730074,0.9943247189458252,0.0018760743185387,1.650846287730074,0.0056752810541746,0.0018760743185387,,,46
5,discounted_lints__corr__z24_a0p5_corr_pruned_top10,discounted_lints,corr,z24_a0p5_corr_pruned_top10,24,10,volatility_72_sqrt_z|ret_accel_6_24_z|MOM_pct_30_z|MOM_pct_14_z|ema_spread_9_21_z|log_ret_24_z|range_sqrt_z|vol_ratio_168_log1p_z|body_sqrt_z|ret_accel_24_72_z,282.0439479359662,-5.355943309217224,True,dro_minimax_median,"[-122.0, 0.0]",-122.0,0.0,-5.355943309217224,-6.272367907774838,0.5,10.046076981944251,0.6529557975659626,553.0,172.0,5,3142|3143|3144|3145|3146,-5.355943309217224,-5.087889108009053,0.619857986794364,-5.550082533913409,-4.042829106818049,-6.272367907774838,-6.058048243177636,0.6330542593666258,-2.376186934976158,-6.272367907774838,-8.70559684303737,10.046076981944251,0.6529557975659626,553.0,172.0,4.0,5.72,4.0,6.0,0.8950276243093923,0.1049723756906077,8.0,0.362,0.638,0.638,0.6355,discounted_lints,0.1,5.884459269971612,0.9964544532605004,0.0132979644593326,5.884459269971612,0.0035455467394997,0.0132979644593326,,,47
20,discounted_lints__corr__z24_a0p5_corr_pruned_top10,discounted_lints,corr,z24_a0p5_corr_pruned_top10,24,10,volatility_72_sqrt_z|ret_accel_6_24_z|MOM_pct_30_z|MOM_pct_14_z|ema_spread_9_21_z|log_ret_24_z|range_sqrt_z|vol_ratio_168_log1p_z|body_sqrt_z|ret_accel_24_72_z,258.524748390625,-5.3987771466630665,True,dro_minimax_median,"[-115.0, 0.0]",-115.0,0.0,-5.3987771466630665,-6.617271898060565,0.5,10.509503750480986,0.6473057982603045,524.0,165.0,5,3142|3143|3144|3145|3146,-5.3987771466630665,-5.463787299977847,1.1093074526458666,-6.667347642202074,-3.9704449752945994,-6.617271898060565,-6.727234905697449,1.202078297698375,-2.117554535575628,-6.617271898060565,-8.430081695255772,10.509503750480986,0.6473057982603045,524.0,165.0,4.0,5.608695652173913,4.0,5.0,0.8848484848484849,0.1151515151515151,8.0,0.368,0.632,0.632,0.6295,discounted_lints,0.1,1.6228333090763154,0.9961318983724954,0.0010140998997615,1.6228333090763154,0.0038681016275046,0.0010140998997615,,,48
33,discounted_lints__corr__z24_a0p5_corr_pruned_top10,discounted_lints,corr,z24_a0p5_corr_pruned_top10,24,10,volatility_72_sqrt_z|ret_accel_6_24_z|MOM_pct_30_z|MOM_pct_14_z|ema_spread_9_21_z|log_ret_24_z|range_sqrt_z|vol_ratio_168_log1p_z|body_sqrt_z|ret_accel_24_72_z,181.45905969087264,-5.755651405482563,True,dro_minimax_median,"[-164.0, 0.0]",-164.0,0.0,-5.755651405482563,-6.095980124948753,0.5,10.315529464759988,0.6818538053989763,681.0,214.0,5,3142|3143|3144|3145|3146,-5.755651405482563,-5.231293881431972,0.8847960637152609,-6.017660852921337,-4.057097402632787,-6.095980124948753,-5.972303184962891,1.2275358156239125,-2.8941431468863663,-6.095980124948753,-9.152032098505352,10.315529464759988,0.6818538053989763,681.0,214.0,4.0,5.2959641255605385,4.0,6.0,0.9506726457399104,0.0493273542600896,8.0,0.4455,0.5545,0.5545,0.553,discounted_lints,0.1,0.7522601365414836,0.9944891150560156,0.0393004055227061,0.7522601365414836,0.0055108849439844,0.0393004055227061,,,49
19,discounted_lints__corr__z24_a0p5_corr_pruned_top10,discounted_lints,corr,z24_a0p5_corr_pruned_top10,24,10,volatility_72_sqrt_z|ret_accel_6_24_z|MOM_pct_30_z|MOM_pct_14_z|ema_spread_9_21_z|log_ret_24_z|range_sqrt_z|vol_ratio_168_log1p_z|body_sqrt_z|ret_accel_24_72_z,178.53240016580693,-6.339966544343007,True,dro_minimax_median,"[-141.0, 0.0]",-141.0,0.0,-6.339966544343007,-7.668655647459737,0.5,11.224381417417606,0.6287727894431224,616.0,191.0,5,3142|3143|3144|3145|3146,-6.339966544343007,-6.201931337175781,0.345381956814499,-6.496794061878367,-5.713638434738723,-7.668655647459737,-7.575355913055641,0.2415190816634278,-2.4103748853475992,-7.668655647459737,-10.07271918694112,11.224381417417606,0.6287727894431224,616.0,191.0,4.0,5.446601941747573,4.0,6.0,0.9320388349514565,0.0679611650485436,8.0,0.4135,0.5865,0.5865,0.5835,discounted_lints,0.1,6.077784086762197,0.99439877580164,0.0236285291593621,6.077784086762197,0.0056012241983599,0.0236285291593621,,,50
40,discounted_lints__hybrid__z72_a0p5_hybrid_corr5_bsstablehie5_top10,discounted_lints,hybrid,z72_a0p5_hybrid_corr5_bsstablehie5_top10,72,10,MOM_pct_14_z|vol_expansion_72_log1p_z|MACD_hist_pct_z|vol_ratio_72_log1p_z|ema_spread_9_21_z|ema_spread_100_200_z|ADX_72_scaled|ema_spread_50_100_z|ADX_30_scaled|dist_to_high_168_sqrt_z,439.0893117413576,-1.1409996168756835,True,dro_minimax_median,"[-3.0, 0.0]",-3.0,0.0,-1.1409996168756835,-1.3005479252866547,0.5,4.344231660435449,0.7845695307918564,203.0,53.0,5,3142|3143|3144|3145|3146,-1.1409996168756835,-1.438717305311289,0.9809643492071098,-3.143889582953164,-0.6151570234627342,-1.3005479252866547,-1.7620530217731505,1.40735677289657,-0.4867873589815219,-1.114874952695836,-2.153557097851056,4.344231660435449,0.7845695307918564,203.0,53.0,4.0,6.986301369863014,4.0,7.0,0.8227848101265823,0.1772151898734177,12.0,0.1474999999999999,0.8525,0.8525,0.8475,discounted_lints,0.1,0.5000023512066147,0.997722559002782,0.0050429604026908,0.5000023512066147,0.0022774409972179,0.0050429604026908,,,1
39,discounted_lints__hybrid__z72_a0p5_hybrid_corr5_bsstablehie5_top10,discounted_lints,hybrid,z72_a0p5_hybrid_corr5_bsstablehie5_top10,72,10,MOM_pct_14_z|vol_expansion_72_log1p_z|MACD_hist_pct_z|vol_ratio_72_log1p_z|ema_spread_9_21_z|ema_spread_100_200_z|ADX_72_scaled|ema_spread_50_100_z|ADX_30_scaled|dist_to_high_168_sqrt_z,447.6138510078976,-1.1623525021909988,True,dro_minimax_median,"[0.0, 0.0]",0.0,0.0,-1.1623525021909988,-1.5166496337991944,0.5,4.002572215938249,0.8201097937237805,228.0,50.0,5,3142|3143|3144|3145|3146,-1.1623525021909988,-1.5447058107224585,1.0249478330735728,-3.158426874404362,-0.4984305923364453,-1.5166496337991944,-1.8221451350053628,1.2033221932418712,-0.5603455331668727,-1.5166496337991944,-2.001812506104117,4.002572215938249,0.8201097937237805,228.0,50.0,4.0,7.819444444444445,4.0,7.0,0.8301886792452831,0.1698113207547169,11.5,0.15,0.85,0.85,0.847,discounted_lints,0.1,0.5029939079985263,0.9977659315105012,0.0045941760180456,0.5029939079985263,0.0022340684894989,0.0045941760180456,,,2
32,discounted_lints__hybrid__z72_a0p5_hybrid_corr5_bsstablehie5_top10,discounted_lints,hybrid,z72_a0p5_hybrid_corr5_bsstablehie5_top10,72,10,MOM_pct_14_z|vol_expansion_72_log1p_z|MACD_hist_pct_z|vol_ratio_72_log1p_z|ema_spread_9_21_z|ema_spread_100_200_z|ADX_72_scaled|ema_spread_50_100_z|ADX_30_scaled|dist_to_high_168_sqrt_z,443.2779172399489,-1.6293598962935436,True,dro_minimax_median,"[-3.0, 0.0]",-3.0,0.0,-1.6293598962935436,-2.037286214566595,0.5,4.022067439361887,0.7480840065355333,216.0,53.0,5,3142|3143|3144|3145|3146,-1.6293598962935436,-1.6250944708229866,1.1690735590351329,-3.2689616933861645,-0.0271228724843262,-2.037286214566595,-1.98309197117228,1.3711402777256054,-0.405580941474389,-2.037286214566595,-2.434455368636549,4.022067439361887,0.7480840065355333,216.0,53.0,4.0,7.772151898734177,4.0,9.0,0.7808219178082192,0.2191780821917808,13.0,0.1454999999999999,0.8545,0.8545,0.851,discounted_lints,0.1,0.6115598409758733,0.9977440789150372,0.0027612241234984,0.6115598409758733,0.0022559210849628,0.0027612241234984,,,3
27,discounted_lints__hybrid__z72_a0p5_hybrid_corr5_bsstablehie5_top10,discounted_lints,hybrid,z72_a0p5_hybrid_corr5_bsstablehie5_top10,72,10,MOM_pct_14_z|vol_expansion_72_log1p_z|MACD_hist_pct_z|vol_ratio_72_log1p_z|ema_spread_9_21_z|ema_spread_100_200_z|ADX_72_scaled|ema_spread_50_100_z|ADX_30_scaled|dist_to_high_168_sqrt_z,433.2820997539774,-1.6771857019293106,True,dro_minimax_median,"[-10.0, 0.0]",-10.0,0.0,-1.6771857019293106,-2.1818487854991484,0.5,5.153602331155938,0.7015940251721229,208.0,60.0,5,3142|3143|3144|3145|3146,-1.6771857019293106,-2.0217649699512945,0.6114562388983943,-3.070239963958376,-1.641983060272831,-2.1818487854991484,-2.381936151320262,0.6884644332819936,-1.1133189389638327,-2.1818487854991484,-3.2102669725512123,5.153602331155938,0.7015940251721229,208.0,60.0,4.0,6.688172043010753,4.0,7.0,0.8494623655913979,0.1505376344086021,11.0,0.136,0.864,0.864,0.859,discounted_lints,0.1,0.5524943426623434,0.9976920348184986,0.0039307863344159,0.5524943426623434,0.0023079651815014,0.0039307863344159,,,4
45,discounted_lints__hybrid__z72_a0p5_hybrid_corr5_bsstablehie5_top10,discounted_lints,hybrid,z72_a0p5_hybrid_corr5_bsstablehie5_top10,72,10,MOM_pct_14_z|vol_expansion_72_log1p_z|MACD_hist_pct_z|vol_ratio_72_log1p_z|ema_spread_9_21_z|ema_spread_100_200_z|ADX_72_scaled|ema_spread_50_100_z|ADX_30_scaled|dist_to_high_168_sqrt_z,442.41329209055925,-1.7377039495547475,True,dro_minimax_median,"[-14.0, 0.0]",-14.0,0.0,-1.7377039495547475,-2.108202635907952,0.5,4.767375378613248,0.7438478394079056,309.0,64.0,5,3142|3143|3144|3145|3146,-1.7377039495547475,-1.9564993719440336,1.172196769567971,-3.128054713252004,-0.2445280579115703,-2.108202635907952,-2.265639987438955,1.4262410138357924,-1.0006575751788798,-2.108202635907952,-3.3181720358724385,4.767375378613248,0.7438478394079056,309.0,64.0,4.0,6.565217391304348,4.0,6.0,0.875,0.125,11.0,0.1855,0.8145,0.8145,0.811,discounted_lints,0.1,0.5080233817230154,0.9977396700825272,0.0084529191845794,0.5080233817230154,0.0022603299174729,0.0084529191845794,,,5
38,discounted_lints__hybrid__z72_a0p5_hybrid_corr5_bsstablehie5_top10,discounted_lints,hybrid,z72_a0p5_hybrid_corr5_bsstablehie5_top10,72,10,MOM_pct_14_z|vol_expansion_72_log1p_z|MACD_hist_pct_z|vol_ratio_72_log1p_z|ema_spread_9_21_z|ema_spread_100_200_z|ADX_72_scaled|ema_spread_50_100_z|ADX_30_scaled|dist_to_high_168_sqrt_z,435.8784798887158,-1.9513890437757864,True,dro_minimax_median,"[-7.0, 0.0]",-7.0,0.0,-1.9513890437757864,-2.1017711882595864,0.5,4.895435372164581,0.6456597950954508,259.0,57.0,5,3142|3143|3144|3145|3146,-1.9513890437757864,-1.4756304079488172,0.8888820514938063,-2.128744967242323,0.0190636284243983,-2.1017711882595864,-1.7267422640637151,0.9335734332464392,-1.1789382905849817,-2.1017711882595864,-3.567550959269893,4.895435372164581,0.6456597950954508,259.0,57.0,4.0,7.056338028169014,4.0,6.0,0.8514851485148515,0.1485148514851485,11.0,0.1614999999999999,0.8385,0.8385,0.835,discounted_lints,0.1,0.5175782551120877,0.9977057825835878,0.005136026169476,0.5175782551120877,0.0022942174164122,0.005136026169476,,,6
43,discounted_lints__hybrid__z72_a0p5_hybrid_corr5_bsstablehie5_top10,discounted_lints,hybrid,z72_a0p5_hybrid_corr5_bsstablehie5_top10,72,10,MOM_pct_14_z|vol_expansion_72_log1p_z|MACD_hist_pct_z|vol_ratio_72_log1p_z|ema_spread_9_21_z|ema_spread_100_200_z|ADX_72_scaled|ema_spread_50_100_z|ADX_30_scaled|dist_to_high_168_sqrt_z,415.2751793770311,-1.9562501601803188,True,dro_minimax_median,"[-12.0, 0.0]",-12.0,0.0,-1.9562501601803188,-2.254809129443221,0.5,4.832805251931904,0.6727065972690028,240.0,62.0,5,3142|3143|3144|3145|3146,-1.9562501601803188,-2.378780618790808,1.067690490267121,-3.603007171884773,-1.0442237115772106,-2.254809129443221,-2.8682702691770023,1.4074268665658445,-0.9163933203983122,-2.254809129443221,-3.786722198449111,4.832805251931904,0.6727065972690028,240.0,62.0,4.0,7.22093023255814,4.0,6.0,0.8095238095238095,0.1904761904761904,10.0,0.1574999999999999,0.8425,0.8425,0.839,discounted_lints,0.1,0.5026630539130904,0.9975919581769848,0.0047301705057421,0.5026630539130904,0.0024080418230151,0.0047301705057421,,,7
49,discounted_lints__hybrid__z72_a0p5_hybrid_corr5_bsstablehie5_top10,discounted_lints,hybrid,z72_a0p5_hybrid_corr5_bsstablehie5_top10,72,10,MOM_pct_14_z|vol_expansion_72_log1p_z|MACD_hist_pct_z|vol_ratio_72_log1p_z|ema_spread_9_21_z|ema_spread_100_200_z|ADX_72_scaled|ema_spread_50_100_z|ADX_30_scaled|dist_to_high_168_sqrt_z,440.1653034717451,-2.064303684114131,True,dro_minimax_median,"[-14.0, 0.0]",-14.0,0.0,-2.064303684114131,-2.1568776368244875,0.5,4.826923735333766,0.6687433501564944,252.0,64.0,5,3142|3143|3144|3145|3146,-2.064303684114131,-2.14981602479334,0.4190674741434279,-2.64493453227636,-1.672180939838162,-2.1568776368244875,-2.5307008335434213,0.6440091632439467,-0.9674851340111738,-2.0675351204090844,-3.809212940271929,4.826923735333766,0.6687433501564944,252.0,64.0,4.0,7.533333333333333,4.0,6.25,0.84,0.16,11.0,0.1755,0.8245,0.8245,0.823,discounted_lints,0.1,0.5599754244306862,0.9977281262468608,0.0054295814451248,0.5599754244306862,0.0022718737531391,0.0054295814451248,,,8
41,discounted_lints__hybrid__z72_a0p5_hybrid_corr5_bsstablehie5_top10,discounted_lints,hybrid,z72_a0p5_hybrid_corr5_bsstablehie5_top10,72,10,MOM_pct_14_z|vol_expansion_72_log1p_z|MACD_hist_pct_z|vol_ratio_72_log1p_z|ema_spread_9_21_z|ema_spread_100_200_z|ADX_72_scaled|ema_spread_50_100_z|ADX_30_scaled|dist_to_high_168_sqrt_z,425.4611774678037,-2.075246040825446,True,dro_minimax_median,"[-16.0, 0.0]",-16.0,0.0,-2.075246040825446,-2.231186212841337,0.5,5.305508915801028,0.7034749854144412,287.0,66.0,5,3142|3143|3144|3145|3146,-2.075246040825446,-2.1206771162461173,0.7129483806947303,-3.215108335365452,-1.3827710931663666,-2.231186212841337,-2.344602289070161,0.6530788230177146,-1.2286368305565285,-2.231186212841337,-3.7612573497040542,5.305508915801028,0.7034749854144412,287.0,66.0,4.0,6.515151515151516,4.0,6.0,0.8656716417910447,0.1343283582089552,11.0,0.1755,0.8245,0.8245,0.823,discounted_lints,0.1,0.5332020113626669,0.9976496092876168,0.008931243083828,0.5332020113626669,0.0023503907123833,0.008931243083828,,,9
46,discounted_lints__hybrid__z72_a0p5_hybrid_corr5_bsstablehie5_top10,discounted_lints,hybrid,z72_a0p5_hybrid_corr5_bsstablehie5_top10,72,10,MOM_pct_14_z|vol_expansion_72_log1p_z|MACD_hist_pct_z|vol_ratio_72_log1p_z|ema_spread_9_21_z|ema_spread_100_200_z|ADX_72_scaled|ema_spread_50_100_z|ADX_30_scaled|dist_to_high_168_sqrt_z,446.115177799457,-2.0781523211735724,True,dro_minimax_median,"[-31.0, 0.0]",-31.0,0.0,-2.0781523211735724,-2.427501872632487,0.5,5.560750514350888,0.7560533689301487,324.0,81.0,5,3142|3143|3144|3145|3146,-2.0781523211735724,-2.122756455446208,0.6372962370481494,-3.1573913876511206,-1.434759285857735,-2.427501872632487,-2.5689202085538865,0.7107825243617456,-1.3065668020246335,-1.9569059962289264,-3.4614259756569177,5.560750514350888,0.7560533689301487,324.0,81.0,4.0,6.503225806451613,4.0,6.0,0.8761061946902655,0.1238938053097345,10.5,0.1815,0.8185,0.8185,0.8155,discounted_lints,0.1,0.6927882423481508,0.9977584264114648,0.0124789294525112,0.6927882423481508,0.0022415735885353,0.0124789294525112,,,10
36,discounted_lints__hybrid__z72_a0p5_hybrid_corr5_bsstablehie5_top10,discounted_lints,hybrid,z72_a0p5_hybrid_corr5_bsstablehie5_top10,72,10,MOM_pct_14_z|vol_expansion_72_log1p_z|MACD_hist_pct_z|vol_ratio_72_log1p_z|ema_spread_9_21_z|ema_spread_100_200_z|ADX_72_scaled|ema_spread_50_100_z|ADX_30_scaled|dist_to_high_168_sqrt_z,432.7370784102865,-2.1213767067796496,True,dro_minimax_median,"[-18.0, 0.0]",-18.0,0.0,-2.1213767067796496,-2.4698235523944496,0.5,5.228704625456948,0.7570297905454145,243.0,68.0,5,3142|3143|3144|3145|3146,-2.1213767067796496,-2.058769906908414,0.4946304714444642,-2.449514937354464,-1.2346506764659568,-2.4698235523944496,-2.485293136901622,0.655876120543339,-0.909309712759654,-2.4698235523944496,-3.4461693503983573,5.228704625456948,0.7570297905454145,243.0,68.0,4.0,6.691176470588236,4.0,6.0,0.8440366972477065,0.1559633027522936,11.5,0.1574999999999999,0.8425,0.8425,0.841,discounted_lints,0.1,1.2601770554257086,0.997689127995055,0.0041008526185483,1.2601770554257086,0.0023108720049449,0.0041008526185483,,,11
13,discounted_lints__hybrid__z72_a0p5_hybrid_corr5_bsstablehie5_top10,discounted_lints,hybrid,z72_a0p5_hybrid_corr5_bsstablehie5_top10,72,10,MOM_pct_14_z|vol_expansion_72_log1p_z|MACD_hist_pct_z|vol_ratio_72_log1p_z|ema_spread_9_21_z|ema_spread_100_200_z|ADX_72_scaled|ema_spread_50_100_z|ADX_30_scaled|dist_to_high_168_sqrt_z,389.8761323880988,-2.1238024537621625,True,dro_minimax_median,"[-15.0, 0.0]",-15.0,0.0,-2.1238024537621625,-2.893711948453433,0.5,4.70983035678959,0.7008193007612091,271.0,65.0,5,3142|3143|3144|3145|3146,-2.1238024537621625,-2.339228414075129,1.148581933485527,-3.6193777488775343,-0.7809741765699716,-2.893711948453433,-2.869684344947846,1.365607585030396,-0.7213757485641162,-2.893711948453433,-2.7082765550925445,4.70983035678959,0.7008193007612091,271.0,65.0,4.0,7.291139240506329,4.0,7.0,0.8307692307692308,0.1692307692307692,12.0,0.1574999999999999,0.8425,0.8425,0.841,discounted_lints,0.1,0.5581396350257914,0.9974350827944384,0.0016286342039653,0.5581396350257914,0.0025649172055614,0.0016286342039653,,,12
28,discounted_lints__hybrid__z72_a0p5_hybrid_corr5_bsstablehie5_top10,discounted_lints,hybrid,z72_a0p5_hybrid_corr5_bsstablehie5_top10,72,10,MOM_pct_14_z|vol_expansion_72_log1p_z|MACD_hist_pct_z|vol_ratio_72_log1p_z|ema_spread_9_21_z|ema_spread_100_200_z|ADX_72_scaled|ema_spread_50_100_z|ADX_30_scaled|dist_to_high_168_sqrt_z,380.51201017816527,-2.3048998741761384,True,dro_minimax_median,"[-6.0, 0.0]",-6.0,0.0,-2.3048998741761384,-2.9578618561124976,0.5,6.016752713043971,0.7325970202816444,283.0,56.0,5,3142|3143|3144|3145|3146,-2.3048998741761384,-2.436149452363785,1.1253892093756168,-3.810879320155792,-1.0031152083300985,-2.9578618561124976,-3.098084951576296,1.5022730521176304,-0.4476139625136969,-2.9578618561124976,-3.304011843749022,6.016752713043971,0.7325970202816444,283.0,56.0,4.0,6.810218978102189,4.0,6.0,0.8651685393258427,0.1348314606741573,9.5,0.1735,0.8265,0.8265,0.8215,discounted_lints,0.1,0.6328391610370294,0.9973719620583544,0.0047477273562578,0.6328391610370294,0.0026280379416454,0.0047477273562578,,,13
37,discounted_lints__hybrid__z72_a0p5_hybrid_corr5_bsstablehie5_top10,discounted_lints,hybrid,z72_a0p5_hybrid_corr5_bsstablehie5_top10,72,10,MOM_pct_14_z|vol_expansion_72_log1p_z|MACD_hist_pct_z|vol_ratio_72_log1p_z|ema_spread_9_21_z|ema_spread_100_200_z|ADX_72_scaled|ema_spread_50_100_z|ADX_30_scaled|dist_to_high_168_sqrt_z,445.1953652681388,-2.3703631891373584,True,dro_minimax_median,"[-28.0, 0.0]",-28.0,0.0,-2.3703631891373584,-2.868364616427344,0.5,5.29625691191018,0.6597993354138695,286.0,78.0,5,3142|3143|3144|3145|3146,-2.3703631891373584,-2.190442783505008,0.8449648122501257,-3.156775504928312,-1.284485820131105,-2.868364616427344,-2.588746003193838,0.9767986241760004,-0.8763589072674013,-2.868364616427344,-3.7178292138940825,5.29625691191018,0.6597993354138695,286.0,78.0,4.0,6.510869565217392,4.0,5.0,0.8695652173913043,0.1304347826086956,10.0,0.1674999999999999,0.8325,0.8325,0.8275,discounted_lints,0.1,1.5148893418159886,0.9977537951245344,0.0037306006959532,1.5148893418159886,0.0022462048754656,0.0037306006959532,,,14
31,discounted_lints__hybrid__z72_a0p5_hybrid_corr5_bsstablehie5_top10,discounted_lints,hybrid,z72_a0p5_hybrid_corr5_bsstablehie5_top10,72,10,MOM_pct_14_z|vol_expansion_72_log1p_z|MACD_hist_pct_z|vol_ratio_72_log1p_z|ema_spread_9_21_z|ema_spread_100_200_z|ADX_72_scaled|ema_spread_50_100_z|ADX_30_scaled|dist_to_high_168_sqrt_z,433.8921343281103,-2.418283558024965,True,dro_minimax_median,"[-16.0, 0.0]",-16.0,0.0,-2.418283558024965,-3.0019172607184195,0.5,5.964681548760664,0.6024585807034175,212.0,66.0,5,3142|3143|3144|3145|3146,-2.418283558024965,-2.340123201011622,0.2568320501418712,-2.659238571399598,-2.000082286408428,-3.0019172607184195,-2.9039789224165475,0.3883433853480482,-0.6673824499446016,-3.0019172607184195,-3.6511342820833375,5.964681548760664,0.6024585807034175,212.0,66.0,4.0,6.935064935064935,4.0,6.75,0.8518518518518519,0.1481481481481481,13.0,0.15,0.85,0.85,0.8455,discounted_lints,0.1,0.8147966074384936,0.9976952797230388,0.0036022366666653,0.8147966074384936,0.0023047202769612,0.0036022366666653,,,15
33,discounted_lints__hybrid__z72_a0p5_hybrid_corr5_bsstablehie5_top10,discounted_lints,hybrid,z72_a0p5_hybrid_corr5_bsstablehie5_top10,72,10,MOM_pct_14_z|vol_expansion_72_log1p_z|MACD_hist_pct_z|vol_ratio_72_log1p_z|ema_spread_9_21_z|ema_spread_100_200_z|ADX_72_scaled|ema_spread_50_100_z|ADX_30_scaled|dist_to_high_168_sqrt_z,416.0075017441462,-2.4709942790886954,True,dro_minimax_median,"[-6.0, 0.0]",-6.0,0.0,-2.4709942790886954,-2.6928208320380307,0.5,5.227850115952426,0.6213760515287742,272.0,56.0,5,3142|3143|3144|3145|3146,-2.4709942790886954,-2.317086857628689,0.9930895439518844,-3.3058721478865616,-0.8889344043563239,-2.6928208320380307,-2.799489926190708,1.2388496540463998,-0.9380704188851284,-2.6928208320380307,-4.4559286224058985,5.227850115952426,0.6213760515287742,272.0,56.0,4.0,6.765432098765432,4.0,7.0,0.8518518518518519,0.1481481481481481,11.0,0.1614999999999999,0.8385,0.8385,0.837,discounted_lints,0.1,0.636104333683752,0.9975961971940231,0.0035145534837016,0.636104333683752,0.0024038028059768,0.0035145534837016,,,16
11,discounted_lints__hybrid__z72_a0p5_hybrid_corr5_bsstablehie5_top10,discounted_lints,hybrid,z72_a0p5_hybrid_corr5_bsstablehie5_top10,72,10,MOM_pct_14_z|vol_expansion_72_log1p_z|MACD_hist_pct_z|vol_ratio_72_log1p_z|ema_spread_9_21_z|ema_spread_100_200_z|ADX_72_scaled|ema_spread_50_100_z|ADX_30_scaled|dist_to_high_168_sqrt_z,342.1597636281732,-2.536163507487714,True,dro_minimax_median,"[-5.0, 0.0]",-5.0,0.0,-2.536163507487714,-3.2634378389395096,0.5,5.91228819703481,0.6974523301743513,219.0,55.0,5,3142|3143|3144|3145|3146,-2.536163507487714,-2.226894101786542,0.8364129582137128,-3.247976323973348,-1.2457280246425129,-3.2634378389395096,-2.7506912758834026,1.0589024786798915,-0.4924207769528954,-3.2634378389395096,-3.5960229509864843,5.91228819703481,0.6974523301743513,219.0,55.0,4.0,6.416666666666667,4.0,5.25,0.8556701030927835,0.1443298969072164,11.0,0.1544999999999999,0.8455,0.8455,0.843,discounted_lints,0.1,0.5761539646701125,0.9970773886754064,0.0033222219016587,0.5761539646701125,0.0029226113245936,0.0033222219016587,,,17
22,discounted_lints__hybrid__z72_a0p5_hybrid_corr5_bsstablehie5_top10,discounted_lints,hybrid,z72_a0p5_hybrid_corr5_bsstablehie5_top10,72,10,MOM_pct_14_z|vol_expansion_72_log1p_z|MACD_hist_pct_z|vol_ratio_72_log1p_z|ema_spread_9_21_z|ema_spread_100_200_z|ADX_72_scaled|ema_spread_50_100_z|ADX_30_scaled|dist_to_high_168_sqrt_z,371.2863963597275,-2.5572273657025653,True,dro_minimax_median,"[-21.0, 0.0]",-21.0,0.0,-2.5572273657025653,-2.8943871291399152,0.5,6.877984136877968,0.6416026571005922,239.0,71.0,5,3142|3143|3144|3145|3146,-2.5572273657025653,-2.517004634991679,0.7015409226933726,-3.622869430358447,-1.839072903894933,-2.8943871291399152,-2.817923788433157,0.7068412735888042,-1.463355374486915,-2.8943871291399152,-4.240173703564132,6.877984136877968,0.6416026571005922,239.0,71.0,4.0,6.535353535353536,4.0,6.0,0.8387096774193549,0.1612903225806451,11.0,0.1594999999999999,0.8405,0.8405,0.837,discounted_lints,0.1,0.6083981075567667,0.997306661354134,0.0011987330780253,0.6083981075567667,0.002693338645866,0.0011987330780253,,,18
30,discounted_lints__hybrid__z72_a0p5_hybrid_corr5_bsstablehie5_top10,discounted_lints,hybrid,z72_a0p5_hybrid_corr5_bsstablehie5_top10,72,10,MOM_pct_14_z|vol_expansion_72_log1p_z|MACD_hist_pct_z|vol_ratio_72_log1p_z|ema_spread_9_21_z|ema_spread_100_200_z|ADX_72_scaled|ema_spread_50_100_z|ADX_30_scaled|dist_to_high_168_sqrt_z,412.2541395023054,-2.691692823660212,True,dro_minimax_median,"[-28.0, 0.0]",-28.0,0.0,-2.691692823660212,-3.1481528705107937,0.5,6.2779070586501895,0.6754425544969379,243.0,78.0,5,3142|3143|3144|3145|3146,-2.691692823660212,-2.4104140570542865,0.8938031315190168,-3.383918087699082,-1.2738261707372494,-3.1481528705107937,-2.78393417469601,1.1215620571309968,-1.343100817207003,-3.1481528705107937,-4.417760596439032,6.2779070586501895,0.6754425544969379,243.0,78.0,4.0,6.666666666666667,4.0,6.0,0.8709677419354839,0.1290322580645161,9.5,0.1674999999999999,0.8325,0.8325,0.831,discounted_lints,0.1,0.5568497604625452,0.9975743118038616,0.0051755631784752,0.5568497604625452,0.0024256881961385,0.0051755631784752,,,19
15,discounted_lints__hybrid__z72_a0p5_hybrid_corr5_bsstablehie5_top10,discounted_lints,hybrid,z72_a0p5_hybrid_corr5_bsstablehie5_top10,72,10,MOM_pct_14_z|vol_expansion_72_log1p_z|MACD_hist_pct_z|vol_ratio_72_log1p_z|ema_spread_9_21_z|ema_spread_100_200_z|ADX_72_scaled|ema_spread_50_100_z|ADX_30_scaled|dist_to_high_168_sqrt_z,298.6734254769528,-2.7230876701513758,True,dro_minimax_median,"[-13.0, 0.0]",-13.0,0.0,-2.7230876701513758,-3.115034057928993,0.5,6.175904851235381,0.6812982436670539,256.0,63.0,5,3142|3143|3144|3145|3146,-2.7230876701513758,-2.576192417883342,0.6438465162768852,-3.295293734927764,-1.6414379580963607,-3.115034057928993,-3.0899818777302634,0.7839373297840877,-1.148089931625033,-3.115034057928993,-4.615517846615588,6.175904851235381,0.6812982436670539,256.0,63.0,4.0,6.888888888888889,4.0,6.0,0.8405797101449275,0.1594202898550724,12.0,0.1514999999999999,0.8485,0.8485,0.847,discounted_lints,0.1,0.5099460444888058,0.9966518614824768,0.0014543277730172,0.5099460444888058,0.0033481385175232,0.0014543277730172,,,20
16,discounted_lints__hybrid__z72_a0p5_hybrid_corr5_bsstablehie5_top10,discounted_lints,hybrid,z72_a0p5_hybrid_corr5_bsstablehie5_top10,72,10,MOM_pct_14_z|vol_expansion_72_log1p_z|MACD_hist_pct_z|vol_ratio_72_log1p_z|ema_spread_9_21_z|ema_spread_100_200_z|ADX_72_scaled|ema_spread_50_100_z|ADX_30_scaled|dist_to_high_168_sqrt_z,404.2570355735143,-2.728130695274683,True,dro_minimax_median,"[-26.0, 0.0]",-26.0,0.0,-2.728130695274683,-3.359269668923352,0.5,5.874302395210085,0.7722477912979048,279.0,76.0,5,3142|3143|3144|3145|3146,-2.728130695274683,-2.2879703685943125,1.316263234694317,-3.787850569396893,-0.4624365953899608,-3.359269668923352,-2.8076325519265763,1.5983329888351403,-0.834713774328677,-3.359269668923352,-4.135711438653052,5.874302395210085,0.7722477912979048,279.0,76.0,4.0,6.693693693693693,4.0,5.0,0.8548387096774194,0.1451612903225806,11.0,0.1835,0.8165,0.8165,0.815,discounted_lints,0.1,0.7723721648939881,0.997526326292426,0.0096373503064015,0.7723721648939881,0.0024736737075739,0.0096373503064015,,,21
23,discounted_lints__hybrid__z72_a0p5_hybrid_corr5_bsstablehie5_top10,discounted_lints,hybrid,z72_a0p5_hybrid_corr5_bsstablehie5_top10,72,10,MOM_pct_14_z|vol_expansion_72_log1p_z|MACD_hist_pct_z|vol_ratio_72_log1p_z|ema_spread_9_21_z|ema_spread_100_200_z|ADX_72_scaled|ema_spread_50_100_z|ADX_30_scaled|dist_to_high_168_sqrt_z,392.7744970442689,-2.757508768610194,True,dro_minimax_median,"[-23.0, 0.0]",-23.0,0.0,-2.757508768610194,-2.9790679039197223,0.5,5.485405864554616,0.647443289410925,259.0,73.0,5,3142|3143|3144|3145|3146,-2.757508768610194,-2.6176623154262257,0.9492367188742424,-3.608093454868711,-1.075685451368615,-2.9790679039197223,-3.050880378184935,1.1900874990203416,-1.2938305386003603,-2.9790679039197223,-4.990664057035506,5.485405864554616,0.647443289410925,259.0,73.0,4.0,7.049382716049383,4.0,7.0,0.8260869565217391,0.1739130434782608,12.0,0.1474999999999999,0.8525,0.8525,0.8475,discounted_lints,0.1,0.6264646649726442,0.9974540098516445,0.001968112559259,0.6264646649726442,0.0025459901483555,0.001968112559259,,,22
14,discounted_lints__hybrid__z72_a0p5_hybrid_corr5_bsstablehie5_top10,discounted_lints,hybrid,z72_a0p5_hybrid_corr5_bsstablehie5_top10,72,10,MOM_pct_14_z|vol_expansion_72_log1p_z|MACD_hist_pct_z|vol_ratio_72_log1p_z|ema_spread_9_21_z|ema_spread_100_200_z|ADX_72_scaled|ema_spread_50_100_z|ADX_30_scaled|dist_to_high_168_sqrt_z,432.6805501235945,-2.7784954011750145,True,dro_minimax_median,"[-19.0, 0.0]",-19.0,0.0,-2.7784954011750145,-3.249161320974521,0.5,5.480903189200104,0.6887000515497638,272.0,69.0,5,3142|3143|3144|3145|3146,-2.7784954011750145,-2.731503063984303,0.5684522903625764,-3.5574967310809926,-2.124627935341364,-3.249161320974521,-3.2802918707053847,0.7011044987415231,-1.1099118534306118,-3.249161320974521,-4.305415589358696,5.480903189200104,0.6887000515497638,272.0,69.0,4.0,7.431034482758621,4.0,6.5,0.8103448275862069,0.1896551724137931,12.0,0.168,0.832,0.832,0.829,discounted_lints,0.1,0.8943852671472886,0.99768882608725,0.0019675862383103,0.8943852671472886,0.00231117391275,0.0019675862383103,,,23
48,discounted_lints__hybrid__z72_a0p5_hybrid_corr5_bsstablehie5_top10,discounted_lints,hybrid,z72_a0p5_hybrid_corr5_bsstablehie5_top10,72,10,MOM_pct_14_z|vol_expansion_72_log1p_z|MACD_hist_pct_z|vol_ratio_72_log1p_z|ema_spread_9_21_z|ema_spread_100_200_z|ADX_72_scaled|ema_spread_50_100_z|ADX_30_scaled|dist_to_high_168_sqrt_z,357.9758439081343,-2.7896747182484853,True,dro_minimax_median,"[-28.0, 0.0]",-28.0,0.0,-2.7896747182484853,-3.40052948813192,0.5,7.308613158969191,0.664031790521135,261.0,78.0,5,3142|3143|3144|3145|3146,-2.7896747182484853,-3.155900781995215,0.7378452569794346,-4.278323677454088,-2.558208227179801,-3.40052948813192,-3.7977514984967313,1.0680695247608818,-1.044850836021823,-3.40052948813192,-4.92445761339011,7.308613158969191,0.664031790521135,261.0,78.0,4.0,6.69,4.0,6.0,0.855072463768116,0.144927536231884,10.0,0.1815,0.8185,0.8185,0.8135,discounted_lints,0.1,0.5217598986819725,0.9972065154199158,0.0101298945129657,0.5217598986819725,0.0027934845800841,0.0101298945129657,,,24
35,discounted_lints__hybrid__z72_a0p5_hybrid_corr5_bsstablehie5_top10,discounted_lints,hybrid,z72_a0p5_hybrid_corr5_bsstablehie5_top10,72,10,MOM_pct_14_z|vol_expansion_72_log1p_z|MACD_hist_pct_z|vol_ratio_72_log1p_z|ema_spread_9_21_z|ema_spread_100_200_z|ADX_72_scaled|ema_spread_50_100_z|ADX_30_scaled|dist_to_high_168_sqrt_z,439.0396074336719,-2.837071704425175,True,dro_minimax_median,"[-14.0, 0.0]",-14.0,0.0,-2.837071704425175,-3.326938028556233,0.5,4.661179361024004,0.7997479690865246,270.0,64.0,5,3142|3143|3144|3145|3146,-2.837071704425175,-2.6925537816089724,0.7493644331444587,-3.420173223162665,-1.504897465872988,-3.326938028556233,-3.2614774218693072,1.1525338188556948,-1.588200645103954,-3.326938028556233,-4.336126809432117,4.661179361024004,0.7997479690865246,270.0,64.0,4.0,6.734939759036145,4.0,7.0,0.8307692307692308,0.1692307692307692,11.0,0.1654999999999999,0.8345,0.8345,0.833,discounted_lints,0.1,0.6079214530327357,0.9977223011703994,0.0022177306248765,0.6079214530327357,0.0022776988296006,0.0022177306248765,,,25
26,discounted_lints__hybrid__z72_a0p5_hybrid_corr5_bsstablehie5_top10,discounted_lints,hybrid,z72_a0p5_hybrid_corr5_bsstablehie5_top10,72,10,MOM_pct_14_z|vol_expansion_72_log1p_z|MACD_hist_pct_z|vol_ratio_72_log1p_z|ema_spread_9_21_z|ema_spread_100_200_z|ADX_72_scaled|ema_spread_50_100_z|ADX_30_scaled|dist_to_high_168_sqrt_z,377.76241418906886,-3.033121328149771,True,dro_minimax_median,"[-13.0, 0.0]",-13.0,0.0,-3.033121328149771,-3.3275085370623625,0.5,6.766259686018971,0.5938944068804852,214.0,63.0,5,3142|3143|3144|3145|3146,-3.033121328149771,-2.638497552048371,0.9637737452403944,-3.789275122890948,-1.4516675806797452,-3.3275085370623625,-3.0607383382751303,1.1577766532954266,-1.2230892662410953,-2.151543588964673,-5.319001321348757,6.766259686018971,0.5938944068804852,214.0,63.0,4.0,7.344827586206897,4.0,7.0,0.8253968253968254,0.1746031746031746,12.5,0.1474999999999999,0.8525,0.8525,0.849,discounted_lints,0.1,0.5408282214668123,0.9973528335206492,0.0013235551175648,0.5408282214668123,0.0026471664793509,0.0013235551175648,,,26
12,discounted_lints__hybrid__z72_a0p5_hybrid_corr5_bsstablehie5_top10,discounted_lints,hybrid,z72_a0p5_hybrid_corr5_bsstablehie5_top10,72,10,MOM_pct_14_z|vol_expansion_72_log1p_z|MACD_hist_pct_z|vol_ratio_72_log1p_z|ema_spread_9_21_z|ema_spread_100_200_z|ADX_72_scaled|ema_spread_50_100_z|ADX_30_scaled|dist_to_high_168_sqrt_z,318.9369899806793,-3.1384547048590257,True,dro_minimax_median,"[-7.0, 0.0]",-7.0,0.0,-3.1384547048590257,-3.766899611651065,0.5,6.765246230972921,0.6252456434031275,250.0,57.0,5,3142|3143|3144|3145|3146,-3.1384547048590257,-2.79177176148721,0.882842120003121,-3.5859038855475043,-1.6108081491238075,-3.766899611651065,-3.423720082145125,1.1866588293182456,-1.099125328790566,-3.766899611651065,-4.85876880350368,6.765246230972921,0.6252456434031275,250.0,57.0,4.0,7.215384615384615,4.0,6.0,0.8478260869565217,0.1521739130434782,10.5,0.1775,0.8225,0.8225,0.8175,discounted_lints,0.1,0.5411344856025496,0.9968645844432764,0.0050769359708382,0.5411344856025496,0.0031354155567235,0.0050769359708382,,,27
18,discounted_lints__hybrid__z72_a0p5_hybrid_corr5_bsstablehie5_top10,discounted_lints,hybrid,z72_a0p5_hybrid_corr5_bsstablehie5_top10,72,10,MOM_pct_14_z|vol_expansion_72_log1p_z|MACD_hist_pct_z|vol_ratio_72_log1p_z|ema_spread_9_21_z|ema_spread_100_200_z|ADX_72_scaled|ema_spread_50_100_z|ADX_30_scaled|dist_to_high_168_sqrt_z,426.72954108022026,-3.334511650570639,True,dro_minimax_median,"[-25.0, 0.0]",-25.0,0.0,-3.334511650570639,-4.340366596210317,0.5,7.555923784335638,0.6495472058817374,300.0,75.0,5,3142|3143|3144|3145|3146,-3.334511650570639,-3.52895732786324,0.4695779472252582,-4.313412305208493,-3.1317077627139867,-4.340366596210317,-4.40136679033566,0.5119169520548978,-1.1165284094344252,-4.340366596210317,-5.07508316506435,7.555923784335638,0.6495472058817374,300.0,75.0,4.0,6.689655172413793,4.0,6.0,0.8390804597701149,0.160919540229885,11.0,0.1775,0.8225,0.8225,0.821,discounted_lints,0.1,2.6277372024959225,0.9976565953285808,0.0048859437448973,2.6277372024959225,0.0023434046714192,0.0048859437448973,,,28
10,discounted_lints__hybrid__z72_a0p5_hybrid_corr5_bsstablehie5_top10,discounted_lints,hybrid,z72_a0p5_hybrid_corr5_bsstablehie5_top10,72,10,MOM_pct_14_z|vol_expansion_72_log1p_z|MACD_hist_pct_z|vol_ratio_72_log1p_z|ema_spread_9_21_z|ema_spread_100_200_z|ADX_72_scaled|ema_spread_50_100_z|ADX_30_scaled|dist_to_high_168_sqrt_z,286.6952783475748,-3.458145041669983,True,dro_minimax_median,"[-34.0, 0.0]",-34.0,0.0,-3.458145041669983,-3.765685745894428,0.5,7.598278100154077,0.5816236933739742,320.0,84.0,5,3142|3143|3144|3145|3146,-3.458145041669983,-3.532415136027945,0.6621272362505685,-4.5112430438470845,-2.91331410060504,-3.765685745894428,-4.239756500822385,0.8280501873133549,-1.3513795247411922,-3.765685745894428,-5.959983448583891,7.598278100154077,0.5816236933739742,320.0,84.0,4.0,6.484536082474227,4.0,6.0,0.8349514563106796,0.1650485436893204,9.0,0.1975,0.8025,0.8025,0.801,discounted_lints,0.1,0.9868340343731874,0.996511976040332,0.004734327910299,0.9868340343731874,0.0034880239596679,0.004734327910299,,,29
17,discounted_lints__hybrid__z72_a0p5_hybrid_corr5_bsstablehie5_top10,discounted_lints,hybrid,z72_a0p5_hybrid_corr5_bsstablehie5_top10,72,10,MOM_pct_14_z|vol_expansion_72_log1p_z|MACD_hist_pct_z|vol_ratio_72_log1p_z|ema_spread_9_21_z|ema_spread_100_200_z|ADX_72_scaled|ema_spread_50_100_z|ADX_30_scaled|dist_to_high_168_sqrt_z,379.3194814498317,-3.532518499402677,True,dro_minimax_median,"[-23.0, 0.0]",-23.0,0.0,-3.532518499402677,-4.676871262894396,0.5,7.122614579883246,0.659239803977848,301.0,73.0,5,3142|3143|3144|3145|3146,-3.532518499402677,-3.6095237567886103,0.4455993871972393,-4.217721070926585,-3.1990021499285124,-4.676871262894396,-4.5510567236483,0.482834535862473,-0.7835231091223194,-4.676871262894396,-5.044810534944418,7.122614579883246,0.659239803977848,301.0,73.0,4.0,6.631578947368421,4.0,6.0,0.8611111111111112,0.1388888888888889,10.0,0.1674999999999999,0.8325,0.8325,0.8275,discounted_lints,0.1,1.6977907456015968,0.9973636998654068,0.0011491932598558,1.6977907456015968,0.0026363001345931,0.0011491932598558,,,30
4,discounted_lints__hybrid__z72_a0p5_hybrid_corr5_bsstablehie5_top10,discounted_lints,hybrid,z72_a0p5_hybrid_corr5_bsstablehie5_top10,72,10,MOM_pct_14_z|vol_expansion_72_log1p_z|MACD_hist_pct_z|vol_ratio_72_log1p_z|ema_spread_9_21_z|ema_spread_100_200_z|ADX_72_scaled|ema_spread_50_100_z|ADX_30_scaled|dist_to_high_168_sqrt_z,280.31353437652166,-3.586422694447176,True,dro_minimax_median,"[-49.0, 0.0]",-49.0,0.0,-3.586422694447176,-3.965070984519544,0.5,6.761101848187434,0.6800835093919768,389.0,99.0,5,3142|3143|3144|3145|3146,-3.586422694447176,-3.870710009493195,1.0240266862288625,-5.414757732895069,-2.9124716508832424,-3.965070984519544,-4.68344777936214,1.4605922872769077,-1.2863010118579228,-3.965070984519544,-6.112842722405287,6.761101848187434,0.6800835093919768,389.0,99.0,4.0,6.08080808080808,4.0,5.0,0.8971428571428571,0.1028571428571428,8.0,0.2235,0.7765,0.7765,0.7735,discounted_lints,0.1,3.5214433218841976,0.9964325661184208,0.003026159201637,3.5214433218841976,0.0035674338815791,0.003026159201637,,,31
25,discounted_lints__hybrid__z72_a0p5_hybrid_corr5_bsstablehie5_top10,discounted_lints,hybrid,z72_a0p5_hybrid_corr5_bsstablehie5_top10,72,10,MOM_pct_14_z|vol_expansion_72_log1p_z|MACD_hist_pct_z|vol_ratio_72_log1p_z|ema_spread_9_21_z|ema_spread_100_200_z|ADX_72_scaled|ema_spread_50_100_z|ADX_30_scaled|dist_to_high_168_sqrt_z,352.7137141466657,-3.684604658451344,True,dro_minimax_median,"[-18.0, 0.0]",-18.0,0.0,-3.684604658451344,-4.092378377418815,0.5,7.169223130838898,0.5646904343284437,281.0,68.0,5,3142|3143|3144|3145|3146,-3.684604658451344,-3.170808429925595,1.4146289510239336,-4.723740969473283,-0.967291934931632,-4.092378377418815,-3.823440527660813,1.4862043844516963,-1.2835852506683842,-4.092378377418815,-5.706859961104139,7.169223130838898,0.5646904343284437,281.0,68.0,4.0,6.489795918367347,4.0,6.75,0.8235294117647058,0.1764705882352941,10.0,0.1634999999999999,0.8365,0.8365,0.8315,discounted_lints,0.1,1.3974956459960206,0.9971648394720932,0.0028803271042575,1.3974956459960206,0.0028351605279067,0.0028803271042575,,,32
1,discounted_lints__hybrid__z72_a0p5_hybrid_corr5_bsstablehie5_top10,discounted_lints,hybrid,z72_a0p5_hybrid_corr5_bsstablehie5_top10,72,10,MOM_pct_14_z|vol_expansion_72_log1p_z|MACD_hist_pct_z|vol_ratio_72_log1p_z|ema_spread_9_21_z|ema_spread_100_200_z|ADX_72_scaled|ema_spread_50_100_z|ADX_30_scaled|dist_to_high_168_sqrt_z,224.38596911740208,-3.7939605658603,True,dro_minimax_median,"[-136.0, 0.0]",-136.0,0.0,-3.7939605658603,-4.5348996744400925,0.5,9.33447872112495,0.7286825630748771,608.0,186.0,5,3142|3143|3144|3145|3146,-3.7939605658603,-4.306629166560542,1.2088016190724378,-6.39135747301183,-3.3606971982711835,-4.5348996744400925,-5.1488160479849245,1.523524936633143,-2.088755344354387,-4.5348996744400925,-6.773780300366949,9.33447872112495,0.7286825630748771,608.0,186.0,4.0,5.317204301075269,4.0,5.0,0.9408602150537636,0.0591397849462365,8.0,0.3974999999999999,0.6025,0.6025,0.5995,discounted_lints,0.1,0.7630340364993864,0.9955433933595162,0.0328860034142409,0.7630340364993864,0.0044566066404837,0.0328860034142409,,,33
44,discounted_lints__hybrid__z72_a0p5_hybrid_corr5_bsstablehie5_top10,discounted_lints,hybrid,z72_a0p5_hybrid_corr5_bsstablehie5_top10,72,10,MOM_pct_14_z|vol_expansion_72_log1p_z|MACD_hist_pct_z|vol_ratio_72_log1p_z|ema_spread_9_21_z|ema_spread_100_200_z|ADX_72_scaled|ema_spread_50_100_z|ADX_30_scaled|dist_to_high_168_sqrt_z,358.1847719019959,-3.794914688826581,True,dro_minimax_median,"[-101.0, 0.0]",-101.0,0.0,-3.794914688826581,-4.7022144705891575,0.5,8.87626821619052,0.6993116409991162,481.0,151.0,5,3142|3143|3144|3145|3146,-3.794914688826581,-3.9734122402780856,0.8122774788327238,-4.948481981229195,-3.0450227609484264,-4.7022144705891575,-5.11976361357639,0.7868652963551531,-0.4414670372379155,-4.7022144705891575,-5.823497290345311,8.87626821619052,0.6993116409991162,481.0,151.0,4.0,5.966292134831461,4.0,5.0,0.898876404494382,0.1011235955056179,8.0,0.3255,0.6745,0.6745,0.673,discounted_lints,0.1,29.502094025857694,0.9972081448502406,0.0144215220499721,29.502094025857694,0.0027918551497594,0.0144215220499721,,,34
6,discounted_lints__hybrid__z72_a0p5_hybrid_corr5_bsstablehie5_top10,discounted_lints,hybrid,z72_a0p5_hybrid_corr5_bsstablehie5_top10,72,10,MOM_pct_14_z|vol_expansion_72_log1p_z|MACD_hist_pct_z|vol_ratio_72_log1p_z|ema_spread_9_21_z|ema_spread_100_200_z|ADX_72_scaled|ema_spread_50_100_z|ADX_30_scaled|dist_to_high_168_sqrt_z,184.90362471680731,-3.8127889538903306,True,dro_minimax_median,"[-32.0, 0.0]",-32.0,0.0,-3.8127889538903306,-4.6290960156699015,0.5,7.076455823219563,0.6380069007496441,330.0,82.0,5,3142|3143|3144|3145|3146,-3.8127889538903306,-3.743622916847024,0.6967320783348884,-4.615610127310557,-2.6755890710959926,-4.6290960156699015,-4.556870915828841,0.7738488936335542,-1.3638677685516187,-4.6290960156699015,-5.942756467435014,7.076455823219563,0.6380069007496441,330.0,82.0,4.0,6.880952380952381,4.0,6.0,0.8333333333333334,0.1666666666666666,9.0,0.1935,0.8065,0.8065,0.805,discounted_lints,0.1,0.9619122909945216,0.9945917771945706,0.0015022510551021,0.9619122909945216,0.0054082228054294,0.0015022510551021,,,35
47,discounted_lints__hybrid__z72_a0p5_hybrid_corr5_bsstablehie5_top10,discounted_lints,hybrid,z72_a0p5_hybrid_corr5_bsstablehie5_top10,72,10,MOM_pct_14_z|vol_expansion_72_log1p_z|MACD_hist_pct_z|vol_ratio_72_log1p_z|ema_spread_9_21_z|ema_spread_100_200_z|ADX_72_scaled|ema_spread_50_100_z|ADX_30_scaled|dist_to_high_168_sqrt_z,411.2736118903364,-3.991688059094889,True,dro_minimax_median,"[-93.0, 0.0]",-93.0,0.0,-3.991688059094889,-4.562782673364999,0.5,8.856325892312656,0.6972172998681251,473.0,143.0,5,3142|3143|3144|3145|3146,-3.991688059094889,-3.729379957898813,0.5924786596577641,-4.2481733907026165,-2.7450754310124243,-4.562782673364999,-4.357861137166919,0.8049506889036483,-2.083008564192176,-4.562782673364999,-6.865953171349978,8.856325892312656,0.6972172998681251,473.0,143.0,4.0,5.814814814814815,4.0,6.0,0.91005291005291,0.0899470899470899,9.0,0.3275,0.6725,0.6725,0.669,discounted_lints,0.1,0.5894123238285255,0.9975685286605096,0.0260071153968222,0.5894123238285255,0.0024314713394902,0.0260071153968222,,,36
21,discounted_lints__hybrid__z72_a0p5_hybrid_corr5_bsstablehie5_top10,discounted_lints,hybrid,z72_a0p5_hybrid_corr5_bsstablehie5_top10,72,10,MOM_pct_14_z|vol_expansion_72_log1p_z|MACD_hist_pct_z|vol_ratio_72_log1p_z|ema_spread_9_21_z|ema_spread_100_200_z|ADX_72_scaled|ema_spread_50_100_z|ADX_30_scaled|dist_to_high_168_sqrt_z,293.2591089437231,-4.014827126117426,True,dro_minimax_median,"[-16.0, 0.0]",-16.0,0.0,-4.014827126117426,-4.87822095335723,0.5,8.547007059346768,0.6292790824771364,297.0,66.0,5,3142|3143|3144|3145|3146,-4.014827126117426,-3.876561456055166,0.4214585556892045,-4.2275744719282855,-3.1437780401742748,-4.87822095335723,-4.776158209118464,0.5867283630666473,-1.141616260834588,-4.87822095335723,-6.06130364409038,8.547007059346768,0.6292790824771364,297.0,66.0,4.0,7.176056338028169,4.0,6.0,0.8105263157894737,0.1894736842105263,11.0,0.1915,0.8085,0.8085,0.8035,discounted_lints,0.1,0.6461289409052503,0.9965900462440812,0.0010451029856469,0.6461289409052503,0.0034099537559186,0.0010451029856469,,,37
7,discounted_lints__hybrid__z72_a0p5_hybrid_corr5_bsstablehie5_top10,discounted_lints,hybrid,z72_a0p5_hybrid_corr5_bsstablehie5_top10,72,10,MOM_pct_14_z|vol_expansion_72_log1p_z|MACD_hist_pct_z|vol_ratio_72_log1p_z|ema_spread_9_21_z|ema_spread_100_200_z|ADX_72_scaled|ema_spread_50_100_z|ADX_30_scaled|dist_to_high_168_sqrt_z,437.5324177820818,-4.074819123692818,True,dro_minimax_median,"[-61.0, 0.0]",-61.0,0.0,-4.074819123692818,-4.865956522143695,0.5,8.842407273109876,0.6912353973564183,389.0,111.0,5,3142|3143|3144|3145|3146,-4.074819123692818,-3.882935303437277,0.6244599120935789,-4.617525521824375,-2.9880868681629345,-4.865956522143695,-5.186769374379063,0.722272645818228,0.194381228536992,-4.865956522143695,-5.436569053276474,8.842407273109876,0.6912353973564183,389.0,111.0,4.0,6.84375,4.0,6.0,0.8442622950819673,0.1557377049180328,9.0,0.2435,0.7565,0.7565,0.755,discounted_lints,0.1,20.41239840378092,0.9977144550681086,0.0024423499165259,20.41239840378092,0.0022855449318913,0.0024423499165259,,,38
8,discounted_lints__hybrid__z72_a0p5_hybrid_corr5_bsstablehie5_top10,discounted_lints,hybrid,z72_a0p5_hybrid_corr5_bsstablehie5_top10,72,10,MOM_pct_14_z|vol_expansion_72_log1p_z|MACD_hist_pct_z|vol_ratio_72_log1p_z|ema_spread_9_21_z|ema_spread_100_200_z|ADX_72_scaled|ema_spread_50_100_z|ADX_30_scaled|dist_to_high_168_sqrt_z,190.93272092818265,-4.090750586872961,True,dro_minimax_median,"[-47.0, 0.0]",-47.0,0.0,-4.090750586872961,-4.968620438022875,0.5,8.72077777664273,0.667734824827293,369.0,97.0,5,3142|3143|3144|3145|3146,-4.090750586872961,-4.121388239005521,0.336845721737091,-4.518006294046786,-3.730203540396209,-4.968620438022875,-5.0194533082561,0.4424009226569083,-0.9972778929071928,-4.968620438022875,-6.267319035147415,8.72077777664273,0.667734824827293,369.0,97.0,4.0,6.0,4.0,5.0,0.8878504672897196,0.1121495327102803,9.0,0.2095,0.7905,0.7905,0.789,discounted_lints,0.1,2.452159774456762,0.9947625530336618,0.0013954426460853,2.452159774456762,0.0052374469663381,0.0013954426460853,,,39
3,discounted_lints__hybrid__z72_a0p5_hybrid_corr5_bsstablehie5_top10,discounted_lints,hybrid,z72_a0p5_hybrid_corr5_bsstablehie5_top10,72,10,MOM_pct_14_z|vol_expansion_72_log1p_z|MACD_hist_pct_z|vol_ratio_72_log1p_z|ema_spread_9_21_z|ema_spread_100_200_z|ADX_72_scaled|ema_spread_50_100_z|ADX_30_scaled|dist_to_high_168_sqrt_z,191.8111432324568,-4.123662469899245,True,dro_minimax_median,"[-75.0, 0.0]",-75.0,0.0,-4.123662469899245,-4.771971301173602,0.5,9.449092142442872,0.6453005834794757,435.0,125.0,5,3142|3143|3144|3145|3146,-4.123662469899245,-3.970774973880558,0.8235565453385801,-4.906801492677236,-2.6368270643909333,-4.771971301173602,-4.640085670900409,0.8520240713400347,-2.1787359760761738,-4.771971301173602,-6.84262102333183,9.449092142442872,0.6453005834794757,435.0,125.0,4.0,5.772413793103448,4.0,5.0,0.9027777777777778,0.0972222222222222,8.0,0.288,0.712,0.712,0.7075,discounted_lints,0.1,2.138870492726761,0.9947865385548113,0.0097542382638247,2.138870492726761,0.0052134614451887,0.0097542382638247,,,40
29,discounted_lints__hybrid__z72_a0p5_hybrid_corr5_bsstablehie5_top10,discounted_lints,hybrid,z72_a0p5_hybrid_corr5_bsstablehie5_top10,72,10,MOM_pct_14_z|vol_expansion_72_log1p_z|MACD_hist_pct_z|vol_ratio_72_log1p_z|ema_spread_9_21_z|ema_spread_100_200_z|ADX_72_scaled|ema_spread_50_100_z|ADX_30_scaled|dist_to_high_168_sqrt_z,337.19597689523937,-4.175585114559577,True,dro_minimax_median,"[-50.0, 0.0]",-50.0,0.0,-4.175585114559577,-4.313408333614247,0.5,8.937206594907643,0.621576519910865,370.0,100.0,5,3142|3143|3144|3145|3146,-4.175585114559577,-3.8800782572478023,0.7780284615183246,-4.849701851373128,-3.001546834435233,-4.313408333614247,-4.517778954914206,1.018923209355858,-1.9544976973417765,-3.762115457395565,-6.827509060580593,8.937206594907643,0.621576519910865,370.0,100.0,4.0,6.214285714285714,4.0,5.0,0.8809523809523809,0.119047619047619,9.0,0.2534999999999999,0.7465,0.7465,0.744,discounted_lints,0.1,2.0908687174637284,0.9970343655662574,0.01095905811633,2.0908687174637284,0.0029656344337426,0.01095905811633,,,41
9,discounted_lints__hybrid__z72_a0p5_hybrid_corr5_bsstablehie5_top10,discounted_lints,hybrid,z72_a0p5_hybrid_corr5_bsstablehie5_top10,72,10,MOM_pct_14_z|vol_expansion_72_log1p_z|MACD_hist_pct_z|vol_ratio_72_log1p_z|ema_spread_9_21_z|ema_spread_100_200_z|ADX_72_scaled|ema_spread_50_100_z|ADX_30_scaled|dist_to_high_168_sqrt_z,314.3758238288057,-4.403459855876132,True,dro_minimax_median,"[-46.0, 0.0]",-46.0,0.0,-4.403459855876132,-5.766284712271172,0.5,9.004185838399847,0.6388522779728523,367.0,96.0,5,3142|3143|3144|3145|3146,-4.403459855876132,-4.558498457213358,0.7268383708849758,-5.560385019025275,-3.576941947473884,-5.766284712271172,-5.819922128775871,0.9576154515042749,-0.7215950536976582,-5.766284712271172,-6.586073829500549,9.004185838399847,0.6388522779728523,367.0,96.0,4.0,6.556213017751479,4.0,5.0,0.8757396449704142,0.1242603550295858,8.0,0.2155,0.7845,0.7845,0.7795,discounted_lints,0.1,5.916295194021042,0.9968190938227344,0.0024269322997769,5.916295194021042,0.0031809061772655,0.0024269322997769,,,42
5,discounted_lints__hybrid__z72_a0p5_hybrid_corr5_bsstablehie5_top10,discounted_lints,hybrid,z72_a0p5_hybrid_corr5_bsstablehie5_top10,72,10,MOM_pct_14_z|vol_expansion_72_log1p_z|MACD_hist_pct_z|vol_ratio_72_log1p_z|ema_spread_9_21_z|ema_spread_100_200_z|ADX_72_scaled|ema_spread_50_100_z|ADX_30_scaled|dist_to_high_168_sqrt_z,186.65840629899728,-4.683088945152668,True,dro_minimax_median,"[-54.0, 0.0]",-54.0,0.0,-4.683088945152668,-5.465452752561991,0.5,8.877989109202666,0.6417134545693266,367.0,104.0,5,3142|3143|3144|3145|3146,-4.683088945152668,-4.448294524749814,0.8904126334779744,-5.490873274246923,-3.10486978020443,-5.465452752561991,-5.448922862845568,1.185989830193145,-1.3405720567500594,-5.465452752561991,-6.862929882794167,8.877989109202666,0.6417134545693266,367.0,104.0,4.0,6.745454545454545,4.0,5.25,0.860655737704918,0.1393442622950819,9.0,0.2455,0.7545,0.7545,0.7495,discounted_lints,0.1,15.69541975891441,0.994642620068243,0.0012327337848189,15.69541975891441,0.005357379931757,0.0012327337848189,,,43
20,discounted_lints__hybrid__z72_a0p5_hybrid_corr5_bsstablehie5_top10,discounted_lints,hybrid,z72_a0p5_hybrid_corr5_bsstablehie5_top10,72,10,MOM_pct_14_z|vol_expansion_72_log1p_z|MACD_hist_pct_z|vol_ratio_72_log1p_z|ema_spread_9_21_z|ema_spread_100_200_z|ADX_72_scaled|ema_spread_50_100_z|ADX_30_scaled|dist_to_high_168_sqrt_z,229.85824947760983,-4.690347545331191,True,dro_minimax_median,"[-82.0, 0.0]",-82.0,0.0,-4.690347545331191,-6.0079911520663165,0.5,10.31953823172531,0.6167561095302998,422.0,132.0,5,3142|3143|3144|3145|3146,-4.690347545331191,-4.931981263017597,0.4901017854807308,-5.7491757267345776,-4.575411368146923,-6.0079911520663165,-5.989386051638665,0.9095198991177468,-2.0832082142342223,-6.0079911520663165,-7.951238626781858,10.31953823172531,0.6167561095302998,422.0,132.0,4.0,6.115384615384615,4.0,5.0,0.8970588235294118,0.1029411764705882,8.0,0.2734999999999999,0.7265,0.7265,0.7215,discounted_lints,0.1,26.232448256646663,0.9956494926665777,0.0062031671125076,26.232448256646663,0.0043505073334224,0.0062031671125076,,,44
0,discounted_lints__hybrid__z72_a0p5_hybrid_corr5_bsstablehie5_top10,discounted_lints,hybrid,z72_a0p5_hybrid_corr5_bsstablehie5_top10,72,10,MOM_pct_14_z|vol_expansion_72_log1p_z|MACD_hist_pct_z|vol_ratio_72_log1p_z|ema_spread_9_21_z|ema_spread_100_200_z|ADX_72_scaled|ema_spread_50_100_z|ADX_30_scaled|dist_to_high_168_sqrt_z,325.0,-4.950275651367226,True,dro_minimax_median,"[-116.0, 0.0]",-116.0,0.0,-4.950275651367226,-6.078454319236999,0.5,9.917922150571478,0.6840153361693837,556.0,166.0,5,3142|3143|3144|3145|3146,-4.950275651367226,-4.914305469596604,0.1832389240743767,-5.173287602610655,-4.6856539540922055,-6.078454319236999,-5.894623484050012,0.3448596552269115,-2.002497037616069,-6.078454319236999,-7.5662357759136,9.917922150571478,0.6840153361693837,556.0,166.0,4.0,5.535294117647059,4.0,5.0,0.9310344827586208,0.0689655172413793,8.0,0.3834999999999999,0.6165,0.6165,0.6135,discounted_lints,0.1,1.0,0.9969230769230768,0.03,1.0,0.003076923076923,0.03,,,45
34,discounted_lints__hybrid__z72_a0p5_hybrid_corr5_bsstablehie5_top10,discounted_lints,hybrid,z72_a0p5_hybrid_corr5_bsstablehie5_top10,72,10,MOM_pct_14_z|vol_expansion_72_log1p_z|MACD_hist_pct_z|vol_ratio_72_log1p_z|ema_spread_9_21_z|ema_spread_100_200_z|ADX_72_scaled|ema_spread_50_100_z|ADX_30_scaled|dist_to_high_168_sqrt_z,178.99305270738515,-5.270814003767283,True,dro_minimax_median,"[-154.0, 0.0]",-154.0,0.0,-5.270814003767283,-6.839487248827617,0.5,11.27164897070001,0.68588652651573,638.0,204.0,5,3142|3143|3144|3145|3146,-5.270814003767283,-5.132812699805146,1.6237389996229814,-6.824219103612268,-2.644317923587968,-6.839487248827617,-6.019521274180591,1.817030835193677,-2.688290427712559,-6.839487248827617,-7.907762385404282,11.27164897070001,0.68588652651573,638.0,204.0,4.0,5.094059405940594,4.0,5.0,0.9551569506726456,0.0448430493273542,8.0,0.418,0.582,0.582,0.5795,discounted_lints,0.1,7.922938442744702,0.9944131909877264,0.0367614666548771,7.922938442744702,0.0055868090122736,0.0367614666548771,,,46
24,discounted_lints__hybrid__z72_a0p5_hybrid_corr5_bsstablehie5_top10,discounted_lints,hybrid,z72_a0p5_hybrid_corr5_bsstablehie5_top10,72,10,MOM_pct_14_z|vol_expansion_72_log1p_z|MACD_hist_pct_z|vol_ratio_72_log1p_z|ema_spread_9_21_z|ema_spread_100_200_z|ADX_72_scaled|ema_spread_50_100_z|ADX_30_scaled|dist_to_high_168_sqrt_z,246.84056899946117,-5.365549136882926,True,dro_minimax_median,"[-154.0, 0.0]",-154.0,0.0,-5.365549136882926,-6.174199901993216,0.5,11.636287721321626,0.6686999524349365,627.0,204.0,5,3142|3143|3144|3145|3146,-5.365549136882926,-5.374004558643238,0.8158290755879746,-6.47211126235298,-4.218696661099926,-6.174199901993216,-6.077195203335323,0.8151729955895781,-2.939596841552054,-6.174199901993216,-8.924626038349379,11.636287721321626,0.6686999524349365,627.0,204.0,4.0,5.4,4.0,5.0,0.9481132075471698,0.0518867924528301,8.0,0.4105,0.5895,0.5895,0.5855,discounted_lints,0.1,18.062058947854165,0.9959488020787935,0.039113308564621,18.062058947854165,0.0040511979212063,0.039113308564621,,,47
19,discounted_lints__hybrid__z72_a0p5_hybrid_corr5_bsstablehie5_top10,discounted_lints,hybrid,z72_a0p5_hybrid_corr5_bsstablehie5_top10,72,10,MOM_pct_14_z|vol_expansion_72_log1p_z|MACD_hist_pct_z|vol_ratio_72_log1p_z|ema_spread_9_21_z|ema_spread_100_200_z|ADX_72_scaled|ema_spread_50_100_z|ADX_30_scaled|dist_to_high_168_sqrt_z,373.4664244923686,-5.394738458082476,True,dro_minimax_median,"[-91.0, 0.0]",-91.0,0.0,-5.394738458082476,-6.515619133840308,0.5,10.270499771724484,0.6444282221015862,485.0,141.0,5,3142|3143|3144|3145|3146,-5.394738458082476,-4.989204115142852,0.6555060532182246,-5.546291368946422,-4.101703077744344,-6.515619133840308,-6.110898516181786,0.7016450771377293,-1.3910671894061994,-6.515619133840308,-8.021816102812322,10.270499771724484,0.6444282221015862,485.0,141.0,4.0,6.288888888888889,4.0,6.0,0.8814814814814815,0.1185185185185185,8.0,0.3355,0.6645,0.6645,0.6595,discounted_lints,0.1,7.647128873669215,0.9973223831262495,0.0220925257144729,7.647128873669215,0.0026776168737504,0.0220925257144729,,,48
2,discounted_lints__hybrid__z72_a0p5_hybrid_corr5_bsstablehie5_top10,discounted_lints,hybrid,z72_a0p5_hybrid_corr5_bsstablehie5_top10,72,10,MOM_pct_14_z|vol_expansion_72_log1p_z|MACD_hist_pct_z|vol_ratio_72_log1p_z|ema_spread_9_21_z|ema_spread_100_200_z|ADX_72_scaled|ema_spread_50_100_z|ADX_30_scaled|dist_to_high_168_sqrt_z,252.2629571825609,-5.457388692510542,True,dro_minimax_median,"[-121.0, 0.0]",-121.0,0.0,-5.457388692510542,-6.478462476274132,0.5,10.258524158869054,0.6014850575145152,572.0,171.0,5,3142|3143|3144|3145|3146,-5.457388692510542,-5.277902239472542,0.9889978151135046,-6.234035527696781,-3.658878754651192,-6.478462476274132,-6.092864485169821,1.1573778830942751,-2.3941673412197733,-6.478462476274132,-8.72694222213737,10.258524158869054,0.6014850575145152,572.0,171.0,4.0,5.3619047619047615,4.0,5.0,0.9423076923076924,0.0576923076923076,8.0,0.3934999999999999,0.6065,0.6065,0.6035,discounted_lints,0.1,2.078420280073592,0.9960358825125628,0.0320061067577963,2.078420280073592,0.0039641174874371,0.0320061067577963,,,49
42,discounted_lints__hybrid__z72_a0p5_hybrid_corr5_bsstablehie5_top10,discounted_lints,hybrid,z72_a0p5_hybrid_corr5_bsstablehie5_top10,72,10,MOM_pct_14_z|vol_expansion_72_log1p_z|MACD_hist_pct_z|vol_ratio_72_log1p_z|ema_spread_9_21_z|ema_spread_100_200_z|ADX_72_scaled|ema_spread_50_100_z|ADX_30_scaled|dist_to_high_168_sqrt_z,428.84698890226497,-2.2385718345381007,False,dro_minimax_median,"[2.0, 0.0]",2.0,0.0,-2.2385718345381007,-2.7430853777704525,0.5,4.776000084555454,0.6500329741420059,215.0,48.0,5,3142|3143|3144|3145|3146,-2.2385718345381007,-2.482637932073989,1.3453501884897665,-4.24940587265696,-0.7323105191219823,-2.7430853777704525,-2.9862762452456613,1.5451297890354525,-1.457113944437068,-2.4500244695804105,-3.448684190424822,4.776000084555454,0.6500329741420059,215.0,48.0,4.0,7.168674698795181,4.0,7.0,0.8313253012048193,0.1686746987951807,11.0,0.1474999999999999,0.8525,0.8525,0.8475,discounted_lints,0.1,0.681215586750961,0.9976681659755622,0.004457397634937,0.681215586750961,0.0023318340244377,0.004457397634937,,,50
32,discounted_linucb__corr__z24_a0p5_corr_pruned_top10,discounted_linucb,corr,z24_a0p5_corr_pruned_top10,24,10,volatility_72_sqrt_z|ret_accel_6_24_z|MOM_pct_30_z|MOM_pct_14_z|ema_spread_9_21_z|log_ret_24_z|range_sqrt_z|vol_ratio_168_log1p_z|body_sqrt_z|ret_accel_24_72_z,280.52860926549755,-2.3811854306433378,True,dro_minimax_median,"[-96.0, 0.0]",-96.0,0.0,-2.3811854306433378,-3.029499448213042,0.5,7.51932655974592,0.8111848921051626,504.0,146.0,1,3142,-2.3811854306433378,-2.3811854306433378,0.0,-2.3811854306433378,-2.3811854306433378,-3.029499448213042,-3.029499448213042,0.0,-0.4362433779342238,-3.029499448213042,-3.4504004660829515,7.51932655974592,0.8111848921051626,504.0,146.0,4.0,5.8742857142857146,4.0,5.0,0.8685714285714285,0.1314285714285714,8.0,0.3505,0.6495,0.6495,0.647,discounted_linucb,0.1,4.17617894569081,0.9964353011886442,,4.17617894569081,0.0035646988113557,,0.0147440471788528,0.0147440471788528,1
9,discounted_linucb__corr__z24_a0p5_corr_pruned_top10,discounted_linucb,corr,z24_a0p5_corr_pruned_top10,24,10,volatility_72_sqrt_z|ret_accel_6_24_z|MOM_pct_30_z|MOM_pct_14_z|ema_spread_9_21_z|log_ret_24_z|range_sqrt_z|vol_ratio_168_log1p_z|body_sqrt_z|ret_accel_24_72_z,261.68371800858927,-3.080952348457029,True,dro_minimax_median,"[-103.0, 0.0]",-103.0,0.0,-3.080952348457029,-3.917624122036186,0.5,6.489939379269516,0.7725939963837094,526.0,153.0,1,3142,-3.080952348457029,-3.080952348457029,0.0,-3.080952348457029,-3.080952348457029,-3.917624122036186,-3.917624122036186,0.0,-0.5709370277195572,-3.917624122036186,-4.4709393752740745,6.489939379269516,0.7725939963837094,526.0,153.0,4.0,5.880434782608695,4.0,5.0,0.875,0.125,7.0,0.368,0.632,0.632,0.63,discounted_linucb,0.1,4.967208533643981,0.9961785929686036,,4.967208533643981,0.0038214070313964,,0.0181756002648399,0.0181756002648399,2
48,discounted_linucb__corr__z24_a0p5_corr_pruned_top10,discounted_linucb,corr,z24_a0p5_corr_pruned_top10,24,10,volatility_72_sqrt_z|ret_accel_6_24_z|MOM_pct_30_z|MOM_pct_14_z|ema_spread_9_21_z|log_ret_24_z|range_sqrt_z|vol_ratio_168_log1p_z|body_sqrt_z|ret_accel_24_72_z,280.5445074696632,-3.177346974045926,True,dro_minimax_median,"[-91.0, 0.0]",-91.0,0.0,-3.177346974045926,-4.5078491915650725,0.5,6.739986544391274,0.820890609625299,492.0,141.0,1,3142,-3.177346974045926,-3.177346974045926,0.0,-3.177346974045926,-3.177346974045926,-4.5078491915650725,-4.5078491915650725,0.0,0.8141596785115132,-4.5078491915650725,-3.729801541570003,6.739986544391274,0.820890609625299,492.0,141.0,4.0,6.35,4.0,7.0,0.83125,0.16875,9.0,0.3209999999999999,0.679,0.679,0.675,discounted_linucb,0.1,2.2965322615845127,0.9964355031969102,,2.2965322615845127,0.0035644968030897,,0.0166798567965058,0.0166798567965058,3
47,discounted_linucb__corr__z24_a0p5_corr_pruned_top10,discounted_linucb,corr,z24_a0p5_corr_pruned_top10,24,10,volatility_72_sqrt_z|ret_accel_6_24_z|MOM_pct_30_z|MOM_pct_14_z|ema_spread_9_21_z|log_ret_24_z|range_sqrt_z|vol_ratio_168_log1p_z|body_sqrt_z|ret_accel_24_72_z,272.98401303570165,-3.3766646466866224,True,dro_minimax_median,"[-92.0, 0.0]",-92.0,0.0,-3.3766646466866224,-4.127254374858769,0.5,8.249257091813666,0.7950892873485014,489.0,142.0,1,3142,-3.3766646466866224,-3.3766646466866224,0.0,-3.3766646466866224,-3.3766646466866224,-4.127254374858769,-4.127254374858769,0.0,-1.1248954621701834,-4.127254374858769,-5.196955898446876,8.249257091813666,0.7950892873485014,489.0,142.0,4.0,6.068181818181818,4.0,6.0,0.8538011695906432,0.1461988304093567,8.0,0.3425,0.6575,0.6575,0.6535,discounted_linucb,0.1,5.501570070722496,0.9963367818178084,,5.501570070722496,0.0036632181821915,,0.01406561138377,0.01406561138377,4
24,discounted_linucb__corr__z24_a0p5_corr_pruned_top10,discounted_linucb,corr,z24_a0p5_corr_pruned_top10,24,10,volatility_72_sqrt_z|ret_accel_6_24_z|MOM_pct_30_z|MOM_pct_14_z|ema_spread_9_21_z|log_ret_24_z|range_sqrt_z|vol_ratio_168_log1p_z|body_sqrt_z|ret_accel_24_72_z,441.5953037669759,-3.4686354581223515,True,dro_minimax_median,"[-84.0, 0.0]",-84.0,0.0,-3.4686354581223515,-4.403370865267974,0.5,7.109256770220796,0.7558066793680425,474.0,134.0,1,3142,-3.4686354581223515,-3.4686354581223515,0.0,-3.4686354581223515,-3.4686354581223515,-4.403370865267974,-4.403370865267974,0.0,-0.664429236685482,-4.403370865267974,-5.039433475429322,7.109256770220796,0.7558066793680425,474.0,134.0,4.0,6.427672955974843,4.0,6.5,0.8301886792452831,0.1698113207547169,9.0,0.3185,0.6815,0.6815,0.677,discounted_linucb,0.1,23.86765014051994,0.9977354831641786,,23.86765014051994,0.0022645168358214,,0.0503789226053303,0.0503789226053303,5
11,discounted_linucb__corr__z24_a0p5_corr_pruned_top10,discounted_linucb,corr,z24_a0p5_corr_pruned_top10,24,10,volatility_72_sqrt_z|ret_accel_6_24_z|MOM_pct_30_z|MOM_pct_14_z|ema_spread_9_21_z|log_ret_24_z|range_sqrt_z|vol_ratio_168_log1p_z|body_sqrt_z|ret_accel_24_72_z,394.9964564940002,-3.474360479399799,True,dro_minimax_median,"[-97.0, 0.0]",-97.0,0.0,-3.474360479399799,-4.280198340640691,0.5,9.753490880903216,0.7718454371744595,492.0,147.0,1,3142,-3.474360479399799,-3.474360479399799,0.0,-3.474360479399799,-3.474360479399799,-4.280198340640691,-4.280198340640691,0.0,-1.0568468956771215,-4.280198340640691,-5.294889260423171,9.753490880903216,0.7718454371744595,492.0,147.0,4.0,6.384615384615385,4.0,7.0,0.863905325443787,0.136094674556213,9.0,0.3379999999999999,0.662,0.662,0.6595,discounted_linucb,0.1,24.7129692646366,0.9974683317190336,,24.7129692646366,0.0025316682809664,,0.0535300109310891,0.0535300109310891,6
1,discounted_linucb__corr__z24_a0p5_corr_pruned_top10,discounted_linucb,corr,z24_a0p5_corr_pruned_top10,24,10,volatility_72_sqrt_z|ret_accel_6_24_z|MOM_pct_30_z|MOM_pct_14_z|ema_spread_9_21_z|log_ret_24_z|range_sqrt_z|vol_ratio_168_log1p_z|body_sqrt_z|ret_accel_24_72_z,326.34798058830177,-3.638733362039941,True,dro_minimax_median,"[-112.0, 0.0]",-112.0,0.0,-3.638733362039941,-4.502988443741821,0.5,7.54424114155775,0.7719580906066801,515.0,162.0,1,3142,-3.638733362039941,-3.638733362039941,0.0,-3.638733362039941,-3.638733362039941,-4.502988443741821,-4.502988443741821,0.0,-1.0459681169343,-4.502988443741821,-5.495067993347732,7.54424114155775,0.7719580906066801,515.0,162.0,4.0,6.165680473372781,4.0,6.0,0.8402366863905325,0.1597633136094674,9.0,0.3385,0.6615,0.6615,0.657,discounted_linucb,0.1,10.84929895335476,0.9969357861562456,,10.84929895335476,0.0030642138437545,,0.0474355292596126,0.0474355292596126,7
17,discounted_linucb__corr__z24_a0p5_corr_pruned_top10,discounted_linucb,corr,z24_a0p5_corr_pruned_top10,24,10,volatility_72_sqrt_z|ret_accel_6_24_z|MOM_pct_30_z|MOM_pct_14_z|ema_spread_9_21_z|log_ret_24_z|range_sqrt_z|vol_ratio_168_log1p_z|body_sqrt_z|ret_accel_24_72_z,282.8510942470272,-3.648826374237975,True,dro_minimax_median,"[-119.0, 0.0]",-119.0,0.0,-3.648826374237975,-4.270896384226115,0.5,8.289376099586466,0.6914789414257461,551.0,169.0,1,3142,-3.648826374237975,-3.648826374237975,0.0,-3.648826374237975,-3.648826374237975,-4.270896384226115,-4.270896384226115,0.0,-1.782616344273554,-4.270896384226115,-5.974999434623292,8.289376099586466,0.6914789414257461,551.0,169.0,4.0,5.846153846153846,4.0,5.0,0.8663101604278075,0.1336898395721925,7.0,0.3745,0.6255,0.6255,0.621,discounted_linucb,0.1,17.558875615589788,0.9964645708631176,,17.558875615589788,0.0035354291368823,,0.1609835072793477,0.1609835072793477,8
29,discounted_linucb__corr__z24_a0p5_corr_pruned_top10,discounted_linucb,corr,z24_a0p5_corr_pruned_top10,24,10,volatility_72_sqrt_z|ret_accel_6_24_z|MOM_pct_30_z|MOM_pct_14_z|ema_spread_9_21_z|log_ret_24_z|range_sqrt_z|vol_ratio_168_log1p_z|body_sqrt_z|ret_accel_24_72_z,298.2560821478336,-3.785722784124679,True,dro_minimax_median,"[-95.0, 0.0]",-95.0,0.0,-3.785722784124679,-4.81390707394388,0.5,7.45201845541591,0.7428193403285087,529.0,145.0,1,3142,-3.785722784124679,-3.785722784124679,0.0,-3.785722784124679,-3.785722784124679,-4.81390707394388,-4.81390707394388,0.0,-0.7011699146670769,-4.81390707394388,-5.476488506698696,7.45201845541591,0.7428193403285087,529.0,145.0,4.0,5.851851851851852,4.0,5.0,0.8783068783068783,0.1216931216931216,7.0,0.378,0.622,0.622,0.6195,discounted_linucb,0.1,0.5504787184539409,0.9966471765041682,,0.5504787184539409,0.0033528234958318,,0.0439622648367137,0.0439622648367137,9
22,discounted_linucb__corr__z24_a0p5_corr_pruned_top10,discounted_linucb,corr,z24_a0p5_corr_pruned_top10,24,10,volatility_72_sqrt_z|ret_accel_6_24_z|MOM_pct_30_z|MOM_pct_14_z|ema_spread_9_21_z|log_ret_24_z|range_sqrt_z|vol_ratio_168_log1p_z|body_sqrt_z|ret_accel_24_72_z,430.280552731092,-3.791925310778907,True,dro_minimax_median,"[-89.0, 0.0]",-89.0,0.0,-3.791925310778907,-4.747050019503663,0.5,9.707293835804387,0.707095548790343,495.0,139.0,1,3142,-3.791925310778907,-3.791925310778907,0.0,-3.791925310778907,-3.791925310778907,-4.747050019503663,-4.747050019503663,0.0,-0.9265511846046404,-4.747050019503663,-5.626508280035221,9.707293835804387,0.707095548790343,495.0,139.0,4.0,6.726114649681529,4.0,7.0,0.8152866242038217,0.1847133757961783,9.0,0.3139999999999999,0.686,0.686,0.683,discounted_linucb,0.1,7.255149305046217,0.997675934936746,,7.255149305046217,0.0023240650632541,,0.0591848542177525,0.0591848542177525,10
21,discounted_linucb__corr__z24_a0p5_corr_pruned_top10,discounted_linucb,corr,z24_a0p5_corr_pruned_top10,24,10,volatility_72_sqrt_z|ret_accel_6_24_z|MOM_pct_30_z|MOM_pct_14_z|ema_spread_9_21_z|log_ret_24_z|range_sqrt_z|vol_ratio_168_log1p_z|body_sqrt_z|ret_accel_24_72_z,316.2919549287248,-3.8547797590242414,True,dro_minimax_median,"[-103.0, 0.0]",-103.0,0.0,-3.8547797590242414,-4.831946475696358,0.5,8.222926137171438,0.7219073396248311,514.0,153.0,1,3142,-3.8547797590242414,-3.8547797590242414,0.0,-3.8547797590242414,-3.8547797590242414,-4.831946475696358,-4.831946475696358,0.0,-0.9232796090078952,-4.831946475696358,-5.70942131045807,8.222926137171438,0.7219073396248311,514.0,153.0,4.0,6.021857923497268,4.0,5.75,0.8524590163934426,0.1475409836065573,8.0,0.3565,0.6435,0.6435,0.639,discounted_linucb,0.1,6.197059580731719,0.9968383640986842,,6.197059580731719,0.0031616359013157,,0.043221699233091,0.043221699233091,11
8,discounted_linucb__corr__z24_a0p5_corr_pruned_top10,discounted_linucb,corr,z24_a0p5_corr_pruned_top10,24,10,volatility_72_sqrt_z|ret_accel_6_24_z|MOM_pct_30_z|MOM_pct_14_z|ema_spread_9_21_z|log_ret_24_z|range_sqrt_z|vol_ratio_168_log1p_z|body_sqrt_z|ret_accel_24_72_z,398.7491278665302,-3.885241663480248,True,dro_minimax_median,"[-83.0, 0.0]",-83.0,0.0,-3.885241663480248,-4.62187473008235,0.5,9.27384527078774,0.6776350848179347,456.0,133.0,1,3142,-3.885241663480248,-3.885241663480248,0.0,-3.885241663480248,-3.885241663480248,-4.62187473008235,-4.62187473008235,0.0,-1.675342463673938,-4.62187473008235,-6.234321818400857,9.27384527078774,0.6776350848179347,456.0,133.0,4.0,6.819277108433735,4.0,7.0,0.8089171974522293,0.1910828025477707,9.0,0.3145,0.6855,0.6855,0.683,discounted_linucb,0.1,4.95612888468418,0.9974921575243302,,4.95612888468418,0.0025078424756698,,0.0210746356362964,0.0210746356362964,12
27,discounted_linucb__corr__z24_a0p5_corr_pruned_top10,discounted_linucb,corr,z24_a0p5_corr_pruned_top10,24,10,volatility_72_sqrt_z|ret_accel_6_24_z|MOM_pct_30_z|MOM_pct_14_z|ema_spread_9_21_z|log_ret_24_z|range_sqrt_z|vol_ratio_168_log1p_z|body_sqrt_z|ret_accel_24_72_z,432.5511865034731,-3.952992854753989,True,dro_minimax_median,"[-104.0, 0.0]",-104.0,0.0,-3.952992854753989,-4.703524857322143,0.5,9.601717297006797,0.6912081239986868,495.0,154.0,1,3142,-3.952992854753989,-3.952992854753989,0.0,-3.952992854753989,-3.952992854753989,-4.703524857322143,-4.703524857322143,0.0,-1.70139684704953,-4.703524857322143,-6.345504935074028,9.601717297006797,0.6912081239986868,495.0,154.0,4.0,6.4753086419753085,4.0,6.75,0.8376623376623377,0.1623376623376623,9.0,0.3245,0.6755,0.6755,0.671,discounted_linucb,0.1,25.121149927723632,0.9976881348815998,,25.121149927723632,0.0023118651184002,,0.0519617973910144,0.0519617973910144,13
12,discounted_linucb__corr__z24_a0p5_corr_pruned_top10,discounted_linucb,corr,z24_a0p5_corr_pruned_top10,24,10,volatility_72_sqrt_z|ret_accel_6_24_z|MOM_pct_30_z|MOM_pct_14_z|ema_spread_9_21_z|log_ret_24_z|range_sqrt_z|vol_ratio_168_log1p_z|body_sqrt_z|ret_accel_24_72_z,434.9850339342591,-3.9685610983593698,True,dro_minimax_median,"[-112.0, 0.0]",-112.0,0.0,-3.9685610983593698,-4.904143520364412,0.5,8.481207464278462,0.7475038879321109,550.0,162.0,1,3142,-3.9685610983593698,-3.9685610983593698,0.0,-3.9685610983593698,-3.9685610983593698,-4.904143520364412,-4.904143520364412,0.0,-1.1618138323442422,-4.904143520364412,-6.006977380264471,8.481207464278462,0.7475038879321109,550.0,162.0,4.0,5.754010695187166,4.0,5.5,0.8716577540106952,0.1283422459893048,7.0,0.3745,0.6255,0.6255,0.621,discounted_linucb,0.1,15.141697034252298,0.9977010703311896,,15.141697034252298,0.0022989296688104,,0.1951134145006249,0.1951134145006249,14
34,discounted_linucb__corr__z24_a0p5_corr_pruned_top10,discounted_linucb,corr,z24_a0p5_corr_pruned_top10,24,10,volatility_72_sqrt_z|ret_accel_6_24_z|MOM_pct_30_z|MOM_pct_14_z|ema_spread_9_21_z|log_ret_24_z|range_sqrt_z|vol_ratio_168_log1p_z|body_sqrt_z|ret_accel_24_72_z,298.1631705628067,-3.9872798997628576,True,dro_minimax_median,"[-97.0, 0.0]",-97.0,0.0,-3.9872798997628576,-4.884027221235913,0.5,9.466755813858384,0.7389351869176396,538.0,147.0,1,3142,-3.9872798997628576,-3.9872798997628576,0.0,-3.9872798997628576,-3.9872798997628576,-4.884027221235913,-4.884027221235913,0.0,-1.2970379353436925,-4.884027221235913,-6.121278112464908,9.466755813858384,0.7389351869176396,538.0,147.0,4.0,5.382978723404255,4.0,5.0,0.8882978723404256,0.1117021276595744,8.0,0.376,0.624,0.624,0.6225,discounted_linucb,0.1,2.826167051585712,0.9966461317200496,,2.826167051585712,0.0033538682799502,,0.0103031259695595,0.0103031259695595,15
42,discounted_linucb__corr__z24_a0p5_corr_pruned_top10,discounted_linucb,corr,z24_a0p5_corr_pruned_top10,24,10,volatility_72_sqrt_z|ret_accel_6_24_z|MOM_pct_30_z|MOM_pct_14_z|ema_spread_9_21_z|log_ret_24_z|range_sqrt_z|vol_ratio_168_log1p_z|body_sqrt_z|ret_accel_24_72_z,331.770287033724,-4.206476289733245,True,dro_minimax_median,"[-108.0, 0.0]",-108.0,0.0,-4.206476289733245,-5.097204028501619,0.5,10.923255252541097,0.6857448195113716,504.0,158.0,1,3142,-4.206476289733245,-4.206476289733245,0.0,-4.206476289733245,-4.206476289733245,-5.097204028501619,-5.097204028501619,0.0,-1.5342930734281204,-5.097204028501619,-6.549482904332486,10.923255252541097,0.6857448195113716,504.0,158.0,4.0,6.209580838323354,4.0,7.0,0.8622754491017964,0.1377245508982036,8.0,0.3355,0.6645,0.6645,0.663,discounted_linucb,0.1,11.04990579488667,0.9969858663084608,,11.04990579488667,0.0030141336915392,,0.0220931778229496,0.0220931778229496,16
26,discounted_linucb__corr__z24_a0p5_corr_pruned_top10,discounted_linucb,corr,z24_a0p5_corr_pruned_top10,24,10,volatility_72_sqrt_z|ret_accel_6_24_z|MOM_pct_30_z|MOM_pct_14_z|ema_spread_9_21_z|log_ret_24_z|range_sqrt_z|vol_ratio_168_log1p_z|body_sqrt_z|ret_accel_24_72_z,409.56295658275496,-4.206507251278499,True,dro_minimax_median,"[-83.0, 0.0]",-83.0,0.0,-4.206507251278499,-5.297598234129623,0.5,10.13329947317082,0.7210771947828564,488.0,133.0,1,3142,-4.206507251278499,-4.206507251278499,0.0,-4.206507251278499,-4.206507251278499,-5.297598234129623,-5.297598234129623,0.0,-0.9332343027251278,-5.297598234129623,-6.189451762027027,10.13329947317082,0.7210771947828564,488.0,133.0,4.0,6.251533742331288,4.0,6.0,0.8220858895705522,0.1779141104294478,9.0,0.3259999999999999,0.674,0.674,0.671,discounted_linucb,0.1,14.14145631853146,0.9975583729340572,,14.14145631853146,0.0024416270659427,,0.0418915448786533,0.0418915448786533,17
41,discounted_linucb__corr__z24_a0p5_corr_pruned_top10,discounted_linucb,corr,z24_a0p5_corr_pruned_top10,24,10,volatility_72_sqrt_z|ret_accel_6_24_z|MOM_pct_30_z|MOM_pct_14_z|ema_spread_9_21_z|log_ret_24_z|range_sqrt_z|vol_ratio_168_log1p_z|body_sqrt_z|ret_accel_24_72_z,403.6029479771536,-4.240168657447505,True,dro_minimax_median,"[-100.0, 0.0]",-100.0,0.0,-4.240168657447505,-5.303430026151875,0.5,10.279851895801118,0.7084256320217373,505.0,150.0,1,3142,-4.240168657447505,-4.240168657447505,0.0,-4.240168657447505,-4.240168657447505,-5.303430026151875,-5.303430026151875,0.0,-1.0503845513343937,-5.303430026151875,-6.30402445323434,10.279851895801118,0.7084256320217373,505.0,150.0,4.0,6.169590643274854,4.0,6.0,0.8304093567251462,0.1695906432748538,9.0,0.3429999999999999,0.657,0.657,0.653,discounted_linucb,0.1,24.99991563919446,0.9975223174037456,,24.99991563919446,0.0024776825962544,,0.0810628967643726,0.0810628967643726,18
43,discounted_linucb__corr__z24_a0p5_corr_pruned_top10,discounted_linucb,corr,z24_a0p5_corr_pruned_top10,24,10,volatility_72_sqrt_z|ret_accel_6_24_z|MOM_pct_30_z|MOM_pct_14_z|ema_spread_9_21_z|log_ret_24_z|range_sqrt_z|vol_ratio_168_log1p_z|body_sqrt_z|ret_accel_24_72_z,177.76993700484823,-4.2674766858510464,True,dro_minimax_median,"[-128.0, 0.0]",-128.0,0.0,-4.2674766858510464,-5.37457262544465,0.5,7.716541969081836,0.7135288527420907,555.0,178.0,1,3142,-4.2674766858510464,-4.2674766858510464,0.0,-4.2674766858510464,-4.2674766858510464,-5.37457262544465,-5.37457262544465,0.0,-0.9461888670702338,-5.37457262544465,-6.284191865963222,7.716541969081836,0.7135288527420907,555.0,178.0,4.0,5.918032786885246,4.0,5.0,0.8688524590163934,0.1311475409836065,7.0,0.3655,0.6345,0.6345,0.633,discounted_linucb,0.1,5.55401190003376,0.9943747519021018,,5.55401190003376,0.0056252480978981,,0.0257845325546225,0.0257845325546225,19
0,discounted_linucb__corr__z24_a0p5_corr_pruned_top10,discounted_linucb,corr,z24_a0p5_corr_pruned_top10,24,10,volatility_72_sqrt_z|ret_accel_6_24_z|MOM_pct_30_z|MOM_pct_14_z|ema_spread_9_21_z|log_ret_24_z|range_sqrt_z|vol_ratio_168_log1p_z|body_sqrt_z|ret_accel_24_72_z,325.0,-4.313726568942774,True,dro_minimax_median,"[-137.0, 0.0]",-137.0,0.0,-4.313726568942774,-4.913518418278126,0.5,9.203409235355842,0.7315657272977509,579.0,187.0,1,3142,-4.313726568942774,-4.313726568942774,0.0,-4.313726568942774,-4.313726568942774,-4.913518418278126,-4.913518418278126,0.0,-2.5143510209367186,-4.913518418278126,-7.305285931571966,9.203409235355842,0.7315657272977509,579.0,187.0,4.0,5.8,4.0,5.0,0.8871794871794871,0.1128205128205128,7.0,0.39,0.61,0.61,0.608,discounted_linucb,0.1,1.0,0.9969230769230768,,1.0,0.003076923076923,,0.1,0.1,20
25,discounted_linucb__corr__z24_a0p5_corr_pruned_top10,discounted_linucb,corr,z24_a0p5_corr_pruned_top10,24,10,volatility_72_sqrt_z|ret_accel_6_24_z|MOM_pct_30_z|MOM_pct_14_z|ema_spread_9_21_z|log_ret_24_z|range_sqrt_z|vol_ratio_168_log1p_z|body_sqrt_z|ret_accel_24_72_z,442.75244455810855,-4.32211914663722,True,dro_minimax_median,"[-87.0, 0.0]",-87.0,0.0,-4.32211914663722,-5.304673501683925,0.5,9.744916763373569,0.6532535736511106,456.0,137.0,1,3142,-4.32211914663722,-4.32211914663722,0.0,-4.32211914663722,-4.32211914663722,-5.304673501683925,-5.304673501683925,0.0,-1.374456081497107,-5.304673501683925,-6.593382789290051,9.744916763373569,0.6532535736511106,456.0,137.0,4.0,7.120805369127517,4.0,7.0,0.8175182481751825,0.1824817518248175,9.0,0.2985,0.7015,0.7015,0.697,discounted_linucb,0.1,28.027480944523504,0.9977414015161497,,28.027480944523504,0.0022585984838503,,0.0208977658674031,0.0208977658674031,21
35,discounted_linucb__corr__z24_a0p5_corr_pruned_top10,discounted_linucb,corr,z24_a0p5_corr_pruned_top10,24,10,volatility_72_sqrt_z|ret_accel_6_24_z|MOM_pct_30_z|MOM_pct_14_z|ema_spread_9_21_z|log_ret_24_z|range_sqrt_z|vol_ratio_168_log1p_z|body_sqrt_z|ret_accel_24_72_z,273.0546951361208,-4.41971367010945,True,dro_minimax_median,"[-129.0, 0.0]",-129.0,0.0,-4.41971367010945,-5.188554022758141,0.5,9.646810853423704,0.7311276937681043,582.0,179.0,1,3142,-4.41971367010945,-4.41971367010945,0.0,-4.41971367010945,-4.41971367010945,-5.188554022758141,-5.188554022758141,0.0,-2.11319261216338,-5.188554022758141,-7.197431349036942,9.646810853423704,0.7311276937681043,582.0,179.0,4.0,5.762626262626263,4.0,5.0,0.8888888888888888,0.1111111111111111,7.0,0.396,0.604,0.604,0.6015,discounted_linucb,0.1,0.780073625674293,0.9963377300672251,,0.780073625674293,0.0036622699327747,,0.1528187597525979,0.1528187597525979,22
38,discounted_linucb__corr__z24_a0p5_corr_pruned_top10,discounted_linucb,corr,z24_a0p5_corr_pruned_top10,24,10,volatility_72_sqrt_z|ret_accel_6_24_z|MOM_pct_30_z|MOM_pct_14_z|ema_spread_9_21_z|log_ret_24_z|range_sqrt_z|vol_ratio_168_log1p_z|body_sqrt_z|ret_accel_24_72_z,436.2755433953556,-4.424916745058408,True,dro_minimax_median,"[-91.0, 0.0]",-91.0,0.0,-4.424916745058408,-5.03990190820807,0.5,9.787070585627466,0.6234024385902783,491.0,141.0,1,3142,-4.424916745058408,-4.424916745058408,0.0,-4.424916745058408,-4.424916745058408,-5.03990190820807,-5.03990190820807,0.0,-2.579961255609424,-5.03990190820807,-7.48388494364827,9.787070585627466,0.6234024385902783,491.0,141.0,4.0,6.5182926829268295,4.0,7.0,0.8048780487804879,0.1951219512195122,9.0,0.3285,0.6715,0.6715,0.667,discounted_linucb,0.1,13.350047692797023,0.997707870598894,,13.350047692797023,0.002292129401106,,0.0630886876753349,0.0630886876753349,23
36,discounted_linucb__corr__z24_a0p5_corr_pruned_top10,discounted_linucb,corr,z24_a0p5_corr_pruned_top10,24,10,volatility_72_sqrt_z|ret_accel_6_24_z|MOM_pct_30_z|MOM_pct_14_z|ema_spread_9_21_z|log_ret_24_z|range_sqrt_z|vol_ratio_168_log1p_z|body_sqrt_z|ret_accel_24_72_z,283.91221606849524,-4.436719212213733,True,dro_minimax_median,"[-102.0, 0.0]",-102.0,0.0,-4.436719212213733,-5.136485062708496,0.5,10.843313940852903,0.6768279790456254,548.0,152.0,1,3142,-4.436719212213733,-4.436719212213733,0.0,-4.436719212213733,-4.436719212213733,-5.136485062708496,-5.136485062708496,0.0,-2.337421660729444,-5.136485062708496,-7.342734232534447,10.843313940852903,0.6768279790456254,548.0,152.0,4.0,5.775401069518717,4.0,5.5,0.8716577540106952,0.1283422459893048,8.0,0.3735,0.6265,0.6265,0.624,discounted_linucb,0.1,2.9783627765122063,0.9964777845284448,,2.9783627765122063,0.0035222154715552,,0.0280069695485538,0.0280069695485538,24
7,discounted_linucb__corr__z24_a0p5_corr_pruned_top10,discounted_linucb,corr,z24_a0p5_corr_pruned_top10,24,10,volatility_72_sqrt_z|ret_accel_6_24_z|MOM_pct_30_z|MOM_pct_14_z|ema_spread_9_21_z|log_ret_24_z|range_sqrt_z|vol_ratio_168_log1p_z|body_sqrt_z|ret_accel_24_72_z,243.6442827049245,-4.443556375351813,True,dro_minimax_median,"[-111.0, 0.0]",-111.0,0.0,-4.443556375351813,-5.287512585868625,0.5,9.126992133667931,0.7048830632803088,518.0,161.0,1,3142,-4.443556375351813,-4.443556375351813,0.0,-4.443556375351813,-4.443556375351813,-5.287512585868625,-5.287512585868625,0.0,-1.9116877438013749,-5.287512585868625,-7.0778663498567385,9.126992133667931,0.7048830632803088,518.0,161.0,4.0,6.051136363636363,4.0,6.0,0.8465909090909091,0.1534090909090909,8.0,0.352,0.648,0.648,0.645,discounted_linucb,0.1,10.570638336996952,0.9958956557941846,,10.570638336996952,0.0041043442058153,,0.0237254570213523,0.0237254570213523,25
28,discounted_linucb__corr__z24_a0p5_corr_pruned_top10,discounted_linucb,corr,z24_a0p5_corr_pruned_top10,24,10,volatility_72_sqrt_z|ret_accel_6_24_z|MOM_pct_30_z|MOM_pct_14_z|ema_spread_9_21_z|log_ret_24_z|range_sqrt_z|vol_ratio_168_log1p_z|body_sqrt_z|ret_accel_24_72_z,341.8273670824902,-4.452573571521385,True,dro_minimax_median,"[-96.0, 0.0]",-96.0,0.0,-4.452573571521385,-5.257431072580476,0.5,10.604278320500516,0.6774490978555094,509.0,146.0,1,3142,-4.452573571521385,-4.452573571521385,0.0,-4.452573571521385,-4.452573571521385,-5.257431072580476,-5.257431072580476,0.0,-2.038001068344112,-5.257431072580476,-7.182483327232755,10.604278320500516,0.6774490978555094,509.0,146.0,4.0,6.175824175824176,4.0,6.0,0.8351648351648352,0.1648351648351648,8.0,0.3625,0.6375,0.6375,0.633,discounted_linucb,0.1,23.846750253291777,0.9970745466972551,,23.846750253291777,0.0029254533027447,,0.0836187301927675,0.0836187301927675,26
15,discounted_linucb__corr__z24_a0p5_corr_pruned_top10,discounted_linucb,corr,z24_a0p5_corr_pruned_top10,24,10,volatility_72_sqrt_z|ret_accel_6_24_z|MOM_pct_30_z|MOM_pct_14_z|ema_spread_9_21_z|log_ret_24_z|range_sqrt_z|vol_ratio_168_log1p_z|body_sqrt_z|ret_accel_24_72_z,386.37842916801816,-4.544942107139262,True,dro_minimax_median,"[-103.0, 0.0]",-103.0,0.0,-4.544942107139262,-5.616505306442413,0.5,9.612370843533569,0.6841119815452993,489.0,153.0,1,3142,-4.544942107139262,-4.544942107139262,0.0,-4.544942107139262,-4.544942107139262,-5.616505306442413,-5.616505306442413,0.0,-1.3302525092298083,-5.616505306442413,-6.873993501929295,9.612370843533569,0.6841119815452993,489.0,153.0,4.0,6.544910179640719,4.0,7.0,0.8323353293413174,0.1676646706586826,9.0,0.3335,0.6665,0.6665,0.664,discounted_linucb,0.1,22.353152054507657,0.997411863798522,,22.353152054507657,0.0025881362014781,,0.053898931663718,0.053898931663718,27
44,discounted_linucb__corr__z24_a0p5_corr_pruned_top10,discounted_linucb,corr,z24_a0p5_corr_pruned_top10,24,10,volatility_72_sqrt_z|ret_accel_6_24_z|MOM_pct_30_z|MOM_pct_14_z|ema_spread_9_21_z|log_ret_24_z|range_sqrt_z|vol_ratio_168_log1p_z|body_sqrt_z|ret_accel_24_72_z,259.5327404712,-4.572278246102182,True,dro_minimax_median,"[-95.0, 0.0]",-95.0,0.0,-4.572278246102182,-5.624308196577584,0.5,9.000670295471846,0.7209290825926983,510.0,145.0,1,3142,-4.572278246102182,-4.572278246102182,0.0,-4.572278246102182,-4.572278246102182,-5.624308196577584,-5.624308196577584,0.0,-1.4161883946759766,-5.624308196577584,-6.960821574512522,9.000670295471846,0.7209290825926983,510.0,145.0,4.0,5.913978494623656,4.0,5.0,0.8709677419354839,0.1290322580645161,8.0,0.3585,0.6415,0.6415,0.639,discounted_linucb,0.1,11.647567524104312,0.9961469215861382,,11.647567524104312,0.0038530784138618,,0.0358495939898404,0.0358495939898404,28
23,discounted_linucb__corr__z24_a0p5_corr_pruned_top10,discounted_linucb,corr,z24_a0p5_corr_pruned_top10,24,10,volatility_72_sqrt_z|ret_accel_6_24_z|MOM_pct_30_z|MOM_pct_14_z|ema_spread_9_21_z|log_ret_24_z|range_sqrt_z|vol_ratio_168_log1p_z|body_sqrt_z|ret_accel_24_72_z,300.65192143780234,-4.625200025335269,True,dro_minimax_median,"[-101.0, 0.0]",-101.0,0.0,-4.625200025335269,-5.765589087367761,0.5,8.829719902526623,0.7143495815157316,510.0,151.0,1,3142,-4.625200025335269,-4.625200025335269,0.0,-4.625200025335269,-4.625200025335269,-5.765589087367761,-5.765589087367761,0.0,-1.2040328392377937,-5.765589087367761,-6.891684130898431,8.829719902526623,0.7143495815157316,510.0,151.0,4.0,6.1301775147929,4.0,6.0,0.8402366863905325,0.1597633136094674,8.0,0.3385,0.6615,0.6615,0.657,discounted_linucb,0.1,13.582892560102442,0.996673894531531,,13.582892560102442,0.003326105468469,,0.0531155715803252,0.0531155715803252,29
39,discounted_linucb__corr__z24_a0p5_corr_pruned_top10,discounted_linucb,corr,z24_a0p5_corr_pruned_top10,24,10,volatility_72_sqrt_z|ret_accel_6_24_z|MOM_pct_30_z|MOM_pct_14_z|ema_spread_9_21_z|log_ret_24_z|range_sqrt_z|vol_ratio_168_log1p_z|body_sqrt_z|ret_accel_24_72_z,193.30141647695825,-4.695732185427051,True,dro_minimax_median,"[-133.0, 0.0]",-133.0,0.0,-4.695732185427051,-5.385466490668345,0.5,10.307616220493763,0.6922264093318355,620.0,183.0,1,3142,-4.695732185427051,-4.695732185427051,0.0,-4.695732185427051,-4.695732185427051,-5.385466490668345,-5.385466490668345,0.0,-2.626529269703171,-5.385466490668345,-7.866833549068583,10.307616220493763,0.6922264093318355,620.0,183.0,4.0,5.25925925925926,4.0,5.0,0.925925925925926,0.074074074074074,7.0,0.4335,0.5665,0.5665,0.564,discounted_linucb,0.1,2.37544025285892,0.9948267321666564,,2.37544025285892,0.0051732678333435,,0.1961645730270795,0.1961645730270795,30
13,discounted_linucb__corr__z24_a0p5_corr_pruned_top10,discounted_linucb,corr,z24_a0p5_corr_pruned_top10,24,10,volatility_72_sqrt_z|ret_accel_6_24_z|MOM_pct_30_z|MOM_pct_14_z|ema_spread_9_21_z|log_ret_24_z|range_sqrt_z|vol_ratio_168_log1p_z|body_sqrt_z|ret_accel_24_72_z,368.1299282754201,-4.77346764894386,True,dro_minimax_median,"[-84.0, 0.0]",-84.0,0.0,-4.77346764894386,-6.268631438765538,0.5,10.629346982634225,0.7108903696088817,450.0,134.0,1,3142,-4.77346764894386,-4.77346764894386,0.0,-4.77346764894386,-4.77346764894386,-6.268631438765538,-6.268631438765538,0.0,-0.2879762794788261,-6.268631438765538,-6.539782009817967,10.629346982634225,0.7108903696088817,450.0,134.0,4.0,7.13103448275862,4.0,8.0,0.7931034482758621,0.2068965517241379,10.0,0.29,0.71,0.71,0.705,discounted_linucb,0.1,24.6638023929078,0.9972835677754192,,24.6638023929078,0.0027164322245808,,0.0146789107186413,0.0146789107186413,31
45,discounted_linucb__corr__z24_a0p5_corr_pruned_top10,discounted_linucb,corr,z24_a0p5_corr_pruned_top10,24,10,volatility_72_sqrt_z|ret_accel_6_24_z|MOM_pct_30_z|MOM_pct_14_z|ema_spread_9_21_z|log_ret_24_z|range_sqrt_z|vol_ratio_168_log1p_z|body_sqrt_z|ret_accel_24_72_z,358.0727682492973,-4.958288472478117,True,dro_minimax_median,"[-112.0, 0.0]",-112.0,0.0,-4.958288472478117,-5.82030159286947,0.5,11.007562361887702,0.6474512172472565,503.0,162.0,1,3142,-4.958288472478117,-4.958288472478117,0.0,-4.958288472478117,-4.958288472478117,-5.82030159286947,-5.82030159286947,0.0,-2.372249111304059,-5.82030159286947,-8.083552921572208,11.007562361887702,0.6474512172472565,503.0,162.0,4.0,6.290123456790123,4.0,6.75,0.8505747126436781,0.1494252873563218,9.0,0.3339999999999999,0.666,0.666,0.6635,discounted_linucb,0.1,24.120004927850527,0.9972072715697168,,24.120004927850527,0.0027927284302831,,0.035780798283859,0.035780798283859,32
16,discounted_linucb__corr__z24_a0p5_corr_pruned_top10,discounted_linucb,corr,z24_a0p5_corr_pruned_top10,24,10,volatility_72_sqrt_z|ret_accel_6_24_z|MOM_pct_30_z|MOM_pct_14_z|ema_spread_9_21_z|log_ret_24_z|range_sqrt_z|vol_ratio_168_log1p_z|body_sqrt_z|ret_accel_24_72_z,338.2061985104645,-5.111439478436371,True,dro_minimax_median,"[-113.0, 0.0]",-113.0,0.0,-5.111439478436371,-6.097830256050174,0.5,11.109393402684296,0.6260767926079653,526.0,163.0,1,3142,-5.111439478436371,-5.111439478436371,0.0,-5.111439478436371,-5.111439478436371,-6.097830256050174,-6.097830256050174,0.0,-2.1522671455949625,-6.097830256050174,-8.133018120490599,11.109393402684296,0.6260767926079653,526.0,163.0,4.0,5.6647058823529415,4.0,6.0,0.9,0.1,8.0,0.3415,0.6585,0.6585,0.657,discounted_linucb,0.1,1.4297112554736209,0.9970432239136828,,1.4297112554736209,0.0029567760863172,,0.0115568844373392,0.0115568844373392,33
20,discounted_linucb__corr__z24_a0p5_corr_pruned_top10,discounted_linucb,corr,z24_a0p5_corr_pruned_top10,24,10,volatility_72_sqrt_z|ret_accel_6_24_z|MOM_pct_30_z|MOM_pct_14_z|ema_spread_9_21_z|log_ret_24_z|range_sqrt_z|vol_ratio_168_log1p_z|body_sqrt_z|ret_accel_24_72_z,230.75168439497529,-5.23138192381027,True,dro_minimax_median,"[-95.0, 0.0]",-95.0,0.0,-5.23138192381027,-6.578223419759411,0.5,11.613303562625877,0.6347188522595613,523.0,145.0,1,3142,-5.23138192381027,-5.23138192381027,0.0,-5.23138192381027,-5.23138192381027,-6.578223419759411,-6.578223419759411,0.0,-1.190857435962848,-6.578223419759411,-7.688535618057787,11.613303562625877,0.6347188522595613,523.0,145.0,4.0,6.067415730337078,4.0,6.0,0.848314606741573,0.1516853932584269,8.0,0.3555,0.6445,0.6445,0.643,discounted_linucb,0.1,3.2138741481994706,0.9956663371596962,,3.2138741481994706,0.0043336628403037,,0.0188696039315791,0.0188696039315791,34
5,discounted_linucb__corr__z24_a0p5_corr_pruned_top10,discounted_linucb,corr,z24_a0p5_corr_pruned_top10,24,10,volatility_72_sqrt_z|ret_accel_6_24_z|MOM_pct_30_z|MOM_pct_14_z|ema_spread_9_21_z|log_ret_24_z|range_sqrt_z|vol_ratio_168_log1p_z|body_sqrt_z|ret_accel_24_72_z,359.4075303445569,-5.247326846048658,True,dro_minimax_median,"[-100.0, 0.0]",-100.0,0.0,-5.247326846048658,-6.1629546975372,0.5,11.247409527228914,0.6633628286104195,517.0,150.0,1,3142,-5.247326846048658,-5.247326846048658,0.0,-5.247326846048658,-5.247326846048658,-6.1629546975372,-6.1629546975372,0.0,-2.500443291583036,-6.1629546975372,-8.502877003689044,11.247409527228914,0.6633628286104195,517.0,150.0,4.0,6.102702702702703,4.0,6.0,0.8461538461538461,0.1538461538461538,8.0,0.3645,0.6355,0.6355,0.6325,discounted_linucb,0.1,2.068236356427619,0.9972176431611176,,2.068236356427619,0.0027823568388823,,0.049885144697754,0.049885144697754,35
31,discounted_linucb__corr__z24_a0p5_corr_pruned_top10,discounted_linucb,corr,z24_a0p5_corr_pruned_top10,24,10,volatility_72_sqrt_z|ret_accel_6_24_z|MOM_pct_30_z|MOM_pct_14_z|ema_spread_9_21_z|log_ret_24_z|range_sqrt_z|vol_ratio_168_log1p_z|body_sqrt_z|ret_accel_24_72_z,273.30224340871445,-5.251350562363547,True,dro_minimax_median,"[-105.0, 0.0]",-105.0,0.0,-5.251350562363547,-6.657173160304212,0.5,10.019688823204332,0.6468816136719923,499.0,155.0,1,3142,-5.251350562363547,-5.251350562363547,0.0,-5.251350562363547,-5.251350562363547,-6.657173160304212,-6.657173160304212,0.0,-1.0338827685415537,-6.657173160304212,-7.625735600493299,10.019688823204332,0.6468816136719923,499.0,155.0,4.0,6.171428571428572,4.0,6.0,0.8571428571428571,0.1428571428571428,9.0,0.3379999999999999,0.662,0.662,0.657,discounted_linucb,0.1,8.181970315076248,0.9963410472320766,,8.181970315076248,0.0036589527679234,,0.0085659910712233,0.0085659910712233,36
2,discounted_linucb__corr__z24_a0p5_corr_pruned_top10,discounted_linucb,corr,z24_a0p5_corr_pruned_top10,24,10,volatility_72_sqrt_z|ret_accel_6_24_z|MOM_pct_30_z|MOM_pct_14_z|ema_spread_9_21_z|log_ret_24_z|range_sqrt_z|vol_ratio_168_log1p_z|body_sqrt_z|ret_accel_24_72_z,253.89095707712733,-5.437968352749664,True,dro_minimax_median,"[-137.0, 0.0]",-137.0,0.0,-5.437968352749664,-6.567885298171006,0.5,9.829331284130904,0.674102679213409,579.0,187.0,1,3142,-5.437968352749664,-5.437968352749664,0.0,-5.437968352749664,-5.437968352749664,-6.567885298171006,-6.567885298171006,0.0,-2.048217516485636,-6.567885298171006,-8.488822006250237,9.829331284130904,0.674102679213409,579.0,187.0,4.0,5.059701492537314,4.0,5.0,0.93048128342246,0.0695187165775401,7.0,0.382,0.618,0.618,0.6155,discounted_linucb,0.1,1.391787756481205,0.9960613012313936,,1.391787756481205,0.0039386987686064,,0.005020523174778,0.005020523174778,37
46,discounted_linucb__corr__z24_a0p5_corr_pruned_top10,discounted_linucb,corr,z24_a0p5_corr_pruned_top10,24,10,volatility_72_sqrt_z|ret_accel_6_24_z|MOM_pct_30_z|MOM_pct_14_z|ema_spread_9_21_z|log_ret_24_z|range_sqrt_z|vol_ratio_168_log1p_z|body_sqrt_z|ret_accel_24_72_z,353.4668775344937,-5.448171677965815,True,dro_minimax_median,"[-115.0, 0.0]",-115.0,0.0,-5.448171677965815,-6.577352222720641,0.5,11.654310021018455,0.6351472881225734,548.0,165.0,1,3142,-5.448171677965815,-5.448171677965815,0.0,-5.448171677965815,-5.448171677965815,-6.577352222720641,-6.577352222720641,0.0,-2.060630043701339,-6.577352222720641,-8.469004891362435,11.654310021018455,0.6351472881225734,548.0,165.0,4.0,5.813471502590674,4.0,6.0,0.8808290155440415,0.1191709844559585,8.0,0.38,0.62,0.62,0.615,discounted_linucb,0.1,4.801664402529469,0.997170880601387,,4.801664402529469,0.0028291193986129,,0.0818379700717622,0.0818379700717622,38
33,discounted_linucb__corr__z24_a0p5_corr_pruned_top10,discounted_linucb,corr,z24_a0p5_corr_pruned_top10,24,10,volatility_72_sqrt_z|ret_accel_6_24_z|MOM_pct_30_z|MOM_pct_14_z|ema_spread_9_21_z|log_ret_24_z|range_sqrt_z|vol_ratio_168_log1p_z|body_sqrt_z|ret_accel_24_72_z,264.2743815998519,-5.4571741876317,True,dro_minimax_median,"[-115.0, 0.0]",-115.0,0.0,-5.4571741876317,-6.567412973089027,0.5,10.284131989005928,0.6381581053168688,538.0,165.0,1,3142,-5.4571741876317,-5.4571741876317,0.0,-5.4571741876317,-5.4571741876317,-6.567412973089027,-6.567412973089027,0.0,-2.126457831259717,-6.567412973089027,-8.56996797908768,10.284131989005928,0.6381581053168688,538.0,165.0,4.0,5.7105263157894735,4.0,5.0,0.8852459016393442,0.1147540983606557,8.0,0.3665,0.6335,0.6335,0.6305,discounted_linucb,0.1,4.453444387861006,0.9962160539589716,,4.453444387861006,0.0037839460410284,,0.0227309869402132,0.0227309869402132,39
14,discounted_linucb__corr__z24_a0p5_corr_pruned_top10,discounted_linucb,corr,z24_a0p5_corr_pruned_top10,24,10,volatility_72_sqrt_z|ret_accel_6_24_z|MOM_pct_30_z|MOM_pct_14_z|ema_spread_9_21_z|log_ret_24_z|range_sqrt_z|vol_ratio_168_log1p_z|body_sqrt_z|ret_accel_24_72_z,217.81104297526332,-5.563885436829645,True,dro_minimax_median,"[-128.0, 0.0]",-128.0,0.0,-5.563885436829645,-6.833951877525602,0.5,12.158692413314064,0.6793172648051455,569.0,178.0,1,3142,-5.563885436829645,-5.563885436829645,0.0,-5.563885436829645,-5.563885436829645,-6.833951877525602,-6.833951877525602,0.0,-1.7536861147417742,-6.833951877525602,-8.462937104408763,12.158692413314064,0.6793172648051455,569.0,178.0,4.0,5.989247311827957,4.0,6.0,0.8655913978494624,0.1344086021505376,7.0,0.372,0.628,0.628,0.6255,discounted_linucb,0.1,2.8643621860105903,0.9954088645536968,,2.8643621860105903,0.0045911354463031,,0.0511397235805919,0.0511397235805919,40
49,discounted_linucb__corr__z24_a0p5_corr_pruned_top10,discounted_linucb,corr,z24_a0p5_corr_pruned_top10,24,10,volatility_72_sqrt_z|ret_accel_6_24_z|MOM_pct_30_z|MOM_pct_14_z|ema_spread_9_21_z|log_ret_24_z|range_sqrt_z|vol_ratio_168_log1p_z|body_sqrt_z|ret_accel_24_72_z,248.4765150824317,-5.578340360208973,True,dro_minimax_median,"[-108.0, 0.0]",-108.0,0.0,-5.578340360208973,-6.6903068013223175,0.5,10.69762627184172,0.6243562252356196,512.0,158.0,1,3142,-5.578340360208973,-5.578340360208973,0.0,-5.578340360208973,-5.578340360208973,-6.6903068013223175,-6.6903068013223175,0.0,-2.2424410368689363,-6.6903068013223175,-8.774808772113666,10.69762627184172,0.6243562252356196,512.0,158.0,4.0,6.192982456140351,4.0,6.0,0.8544303797468354,0.1455696202531645,8.0,0.3435,0.6565,0.6565,0.655,discounted_linucb,0.1,2.420301928782709,0.9959754747861452,,2.420301928782709,0.0040245252138547,,0.0091182307988958,0.0091182307988958,41
10,discounted_linucb__corr__z24_a0p5_corr_pruned_top10,discounted_linucb,corr,z24_a0p5_corr_pruned_top10,24,10,volatility_72_sqrt_z|ret_accel_6_24_z|MOM_pct_30_z|MOM_pct_14_z|ema_spread_9_21_z|log_ret_24_z|range_sqrt_z|vol_ratio_168_log1p_z|body_sqrt_z|ret_accel_24_72_z,182.15201288704392,-5.840330331668863,True,dro_minimax_median,"[-82.0, 0.0]",-82.0,0.0,-5.840330331668863,-7.937631916972738,0.5,10.911063805459577,0.6517313384554081,466.0,132.0,1,3142,-5.840330331668863,-5.840330331668863,0.0,-5.840330331668863,-5.840330331668863,-7.937631916972738,-7.937631916972738,0.0,0.4515744242427622,-7.937631916972738,-7.552385899927457,10.911063805459577,0.6517313384554081,466.0,132.0,4.0,6.19620253164557,4.0,6.0,0.8544303797468354,0.1455696202531645,9.0,0.3165,0.6835,0.6835,0.681,discounted_linucb,0.1,29.079954423066432,0.9945100798824544,,29.079954423066432,0.0054899201175455,,0.013150035712541,0.013150035712541,42
40,discounted_linucb__corr__z24_a0p5_corr_pruned_top10,discounted_linucb,corr,z24_a0p5_corr_pruned_top10,24,10,volatility_72_sqrt_z|ret_accel_6_24_z|MOM_pct_30_z|MOM_pct_14_z|ema_spread_9_21_z|log_ret_24_z|range_sqrt_z|vol_ratio_168_log1p_z|body_sqrt_z|ret_accel_24_72_z,234.46725328487915,-5.912606290411302,True,dro_minimax_median,"[-103.0, 0.0]",-103.0,0.0,-5.912606290411302,-7.2816857294964015,0.5,13.103742672779962,0.6408035392594027,504.0,153.0,1,3142,-5.912606290411302,-5.912606290411302,0.0,-5.912606290411302,-5.912606290411302,-7.2816857294964015,-7.2816857294964015,0.0,-1.8053679731560024,-7.2816857294964015,-8.929377397289114,13.103742672779962,0.6408035392594027,504.0,153.0,4.0,5.981927710843373,4.0,6.0,0.8554216867469879,0.144578313253012,9.0,0.3319999999999999,0.668,0.668,0.663,discounted_linucb,0.1,6.750341611739969,0.9957350120923496,,6.750341611739969,0.0042649879076503,,0.01179304672129,0.01179304672129,43
3,discounted_linucb__corr__z24_a0p5_corr_pruned_top10,discounted_linucb,corr,z24_a0p5_corr_pruned_top10,24,10,volatility_72_sqrt_z|ret_accel_6_24_z|MOM_pct_30_z|MOM_pct_14_z|ema_spread_9_21_z|log_ret_24_z|range_sqrt_z|vol_ratio_168_log1p_z|body_sqrt_z|ret_accel_24_72_z,337.36359115290725,-6.061415356981197,True,dro_minimax_median,"[-91.0, 0.0]",-91.0,0.0,-6.061415356981197,-7.673176147990865,0.5,11.253168068855334,0.6420562421851883,503.0,141.0,1,3142,-6.061415356981197,-6.061415356981197,0.0,-6.061415356981197,-6.061415356981197,-7.673176147990865,-7.673176147990865,0.0,-1.2261329839521955,-7.673176147990865,-8.81907612267897,11.253168068855334,0.6420562421851883,503.0,141.0,4.0,5.910179640718563,4.0,6.0,0.8622754491017964,0.1377245508982036,8.0,0.3339999999999999,0.666,0.666,0.6625,discounted_linucb,0.1,6.117025522674068,0.9970358389991564,,6.117025522674068,0.0029641610008436,,0.0112904618037001,0.0112904618037001,44
30,discounted_linucb__corr__z24_a0p5_corr_pruned_top10,discounted_linucb,corr,z24_a0p5_corr_pruned_top10,24,10,volatility_72_sqrt_z|ret_accel_6_24_z|MOM_pct_30_z|MOM_pct_14_z|ema_spread_9_21_z|log_ret_24_z|range_sqrt_z|vol_ratio_168_log1p_z|body_sqrt_z|ret_accel_24_72_z,412.88031097837,-6.131142737714068,True,dro_minimax_median,"[-131.0, 0.0]",-131.0,0.0,-6.131142737714068,-7.130596295671718,0.5,11.316792116218632,0.6489350205139679,582.0,181.0,1,3142,-6.131142737714068,-6.131142737714068,0.0,-6.131142737714068,-6.131142737714068,-7.130596295671718,-7.130596295671718,0.0,-3.1327820638411183,-7.130596295671718,-10.03393358884677,11.316792116218632,0.6489350205139679,582.0,181.0,4.0,5.748663101604278,4.0,6.0,0.9037433155080212,0.0962566844919786,8.0,0.3745,0.6255,0.6255,0.6225,discounted_linucb,0.1,0.5254879944538777,0.9975779905861086,,0.5254879944538777,0.0024220094138913,,0.1870173106955373,0.1870173106955373,45
4,discounted_linucb__corr__z24_a0p5_corr_pruned_top10,discounted_linucb,corr,z24_a0p5_corr_pruned_top10,24,10,volatility_72_sqrt_z|ret_accel_6_24_z|MOM_pct_30_z|MOM_pct_14_z|ema_spread_9_21_z|log_ret_24_z|range_sqrt_z|vol_ratio_168_log1p_z|body_sqrt_z|ret_accel_24_72_z,180.18572718041744,-6.351302696099958,True,dro_minimax_median,"[-102.0, 0.0]",-102.0,0.0,-6.351302696099958,-8.010233034842619,0.5,13.844640124701558,0.6111584578747581,544.0,152.0,1,3142,-6.351302696099958,-6.351302696099958,0.0,-6.351302696099958,-6.351302696099958,-8.010233034842619,-8.010233034842619,0.0,-1.374511679871974,-8.010233034842619,-9.24109344128959,13.844640124701558,0.6111584578747581,544.0,152.0,4.0,5.479166666666667,4.0,5.0,0.9114583333333334,0.0885416666666666,8.0,0.384,0.616,0.616,0.614,discounted_linucb,0.1,2.825279658780465,0.9944501708562148,,2.825279658780465,0.0055498291437851,,0.0055775872692338,0.0055775872692338,46
6,discounted_linucb__corr__z24_a0p5_corr_pruned_top10,discounted_linucb,corr,z24_a0p5_corr_pruned_top10,24,10,volatility_72_sqrt_z|ret_accel_6_24_z|MOM_pct_30_z|MOM_pct_14_z|ema_spread_9_21_z|log_ret_24_z|range_sqrt_z|vol_ratio_168_log1p_z|body_sqrt_z|ret_accel_24_72_z,212.6821852830596,-6.414978257981641,True,dro_minimax_median,"[-116.0, 0.0]",-116.0,0.0,-6.414978257981641,-7.2647176171489,0.5,11.051938621431669,0.5832918966636844,552.0,166.0,1,3142,-6.414978257981641,-6.414978257981641,0.0,-6.414978257981641,-6.414978257981641,-7.2647176171489,-7.2647176171489,0.0,-3.865760180479864,-7.2647176171489,-10.821381015903958,11.051938621431669,0.5832918966636844,552.0,166.0,4.0,5.873626373626373,4.0,5.0,0.8791208791208791,0.1208791208791208,7.0,0.364,0.636,0.636,0.634,discounted_linucb,0.1,2.1146024497025016,0.9952981487440092,,2.1146024497025016,0.0047018512559906,,0.0062350039997831,0.0062350039997831,47
37,discounted_linucb__corr__z24_a0p5_corr_pruned_top10,discounted_linucb,corr,z24_a0p5_corr_pruned_top10,24,10,volatility_72_sqrt_z|ret_accel_6_24_z|MOM_pct_30_z|MOM_pct_14_z|ema_spread_9_21_z|log_ret_24_z|range_sqrt_z|vol_ratio_168_log1p_z|body_sqrt_z|ret_accel_24_72_z,304.17156443649174,-6.44846409483608,True,dro_minimax_median,"[-81.0, 0.0]",-81.0,0.0,-6.44846409483608,-8.431734825272848,0.5,9.50086376689342,0.683635197069935,505.0,131.0,1,3142,-6.44846409483608,-6.44846409483608,0.0,-6.44846409483608,-6.44846409483608,-8.431734825272848,-8.431734825272848,0.0,-0.4986519035257782,-8.431734825272848,-8.858470381812582,9.50086376689342,0.683635197069935,505.0,131.0,4.0,6.317919075144508,4.0,6.0,0.8497109826589595,0.1502890173410404,8.0,0.346,0.654,0.654,0.6495,discounted_linucb,0.1,6.439456668311509,0.9967123817051978,,6.439456668311509,0.0032876182948021,,0.0154449077413225,0.0154449077413225,48
18,discounted_linucb__corr__z24_a0p5_corr_pruned_top10,discounted_linucb,corr,z24_a0p5_corr_pruned_top10,24,10,volatility_72_sqrt_z|ret_accel_6_24_z|MOM_pct_30_z|MOM_pct_14_z|ema_spread_9_21_z|log_ret_24_z|range_sqrt_z|vol_ratio_168_log1p_z|body_sqrt_z|ret_accel_24_72_z,189.1984029021345,-6.503568953328454,True,dro_minimax_median,"[-112.0, 0.0]",-112.0,0.0,-6.503568953328454,-7.686878933313816,0.5,14.326388655520216,0.5975255354681787,530.0,162.0,1,3142,-6.503568953328454,-6.503568953328454,0.0,-6.503568953328454,-6.503568953328454,-7.686878933313816,-7.686878933313816,0.0,-2.953639013372367,-7.686878933313816,-10.411204866796266,14.326388655520216,0.5975255354681787,530.0,162.0,4.0,6.207865168539326,4.0,6.0,0.8651685393258427,0.1348314606741573,8.0,0.356,0.644,0.644,0.6415,discounted_linucb,0.1,13.219912021211917,0.9947145431216072,,13.219912021211917,0.0052854568783927,,0.107255830353027,0.107255830353027,49
19,discounted_linucb__corr__z24_a0p5_corr_pruned_top10,discounted_linucb,corr,z24_a0p5_corr_pruned_top10,24,10,volatility_72_sqrt_z|ret_accel_6_24_z|MOM_pct_30_z|MOM_pct_14_z|ema_spread_9_21_z|log_ret_24_z|range_sqrt_z|vol_ratio_168_log1p_z|body_sqrt_z|ret_accel_24_72_z,234.1930339520857,-6.7277278120637165,True,dro_minimax_median,"[-100.0, 0.0]",-100.0,0.0,-6.7277278120637165,-8.58902967492215,0.5,10.503018598104653,0.6138293336890179,525.0,150.0,1,3142,-6.7277278120637165,-6.7277278120637165,0.0,-6.7277278120637165,-6.7277278120637165,-8.58902967492215,-8.58902967492215,0.0,-1.1438222234884148,-8.58902967492215,-9.640347703123895,10.503018598104653,0.6138293336890179,525.0,150.0,4.0,5.666666666666667,4.0,6.0,0.8994708994708994,0.1005291005291005,8.0,0.373,0.627,0.627,0.6245,discounted_linucb,0.1,0.6514843360244341,0.9957300181686676,,0.6514843360244341,0.0042699818313323,,0.0172487192547235,0.0172487192547235,50
30,discounted_linucb__hybrid__z72_a0p5_hybrid_corr5_bsstablehie5_top10,discounted_linucb,hybrid,z72_a0p5_hybrid_corr5_bsstablehie5_top10,72,10,MOM_pct_14_z|vol_expansion_72_log1p_z|MACD_hist_pct_z|vol_ratio_72_log1p_z|ema_spread_9_21_z|ema_spread_100_200_z|ADX_72_scaled|ema_spread_50_100_z|ADX_30_scaled|dist_to_high_168_sqrt_z,432.557499081177,-1.3899011772836212,True,dro_minimax_median,"[-3.0, 0.0]",-3.0,0.0,-1.3899011772836212,-1.5664502760357728,0.5,3.369195443156669,0.7677691497941098,214.0,53.0,1,3142,-1.3899011772836212,-1.3899011772836212,0.0,-1.3899011772836212,-1.3899011772836212,-1.5664502760357728,-1.5664502760357728,0.0,-1.5664502760357728,-0.8602538810271657,-2.425135286941771,3.369195443156669,0.7677691497941098,214.0,53.0,4.0,6.7631578947368425,4.0,7.0,0.868421052631579,0.131578947368421,12.5,0.1534999999999999,0.8465,0.8465,0.8415,discounted_linucb,0.1,0.5140853454928769,0.9976881686200698,,0.5140853454928769,0.0023118313799302,,0.0061291831497959,0.0061291831497959,1
33,discounted_linucb__hybrid__z72_a0p5_hybrid_corr5_bsstablehie5_top10,discounted_linucb,hybrid,z72_a0p5_hybrid_corr5_bsstablehie5_top10,72,10,MOM_pct_14_z|vol_expansion_72_log1p_z|MACD_hist_pct_z|vol_ratio_72_log1p_z|ema_spread_9_21_z|ema_spread_100_200_z|ADX_72_scaled|ema_spread_50_100_z|ADX_30_scaled|dist_to_high_168_sqrt_z,428.0899622520144,-1.7245191690570951,True,dro_minimax_median,"[-16.0, 0.0]",-16.0,0.0,-1.7245191690570951,-1.904530923893884,0.5,5.39467120361693,0.7162792125098824,255.0,66.0,1,3142,-1.7245191690570951,-1.7245191690570951,0.0,-1.7245191690570951,-1.7245191690570951,-1.904530923893884,-1.904530923893884,0.0,-1.1844839045467292,-1.904530923893884,-3.0778131755725417,5.39467120361693,0.7162792125098824,255.0,66.0,4.0,6.422018348623853,4.0,5.0,0.8484848484848485,0.1515151515151515,11.0,0.1594999999999999,0.8405,0.8405,0.837,discounted_linucb,0.1,0.545338916545336,0.9976640424018834,,0.545338916545336,0.0023359575981165,,0.005902479033653,0.005902479033653,2
12,discounted_linucb__hybrid__z72_a0p5_hybrid_corr5_bsstablehie5_top10,discounted_linucb,hybrid,z72_a0p5_hybrid_corr5_bsstablehie5_top10,72,10,MOM_pct_14_z|vol_expansion_72_log1p_z|MACD_hist_pct_z|vol_ratio_72_log1p_z|ema_spread_9_21_z|ema_spread_100_200_z|ADX_72_scaled|ema_spread_50_100_z|ADX_30_scaled|dist_to_high_168_sqrt_z,400.4848644648741,-1.7483506364778496,True,dro_minimax_median,"[-37.0, 0.0]",-37.0,0.0,-1.7483506364778496,-2.018455316256325,0.5,4.981538126970541,0.8113919255751191,315.0,87.0,1,3142,-1.7483506364778496,-1.7483506364778496,0.0,-1.7483506364778496,-1.7483506364778496,-2.018455316256325,-2.018455316256325,0.0,-0.938036597142422,-2.018455316256325,-2.9448508792918715,4.981538126970541,0.8113919255751191,315.0,87.0,4.0,7.551724137931035,4.0,8.0,0.7872340425531915,0.2127659574468085,11.0,0.1875,0.8125,0.8125,0.8095,discounted_linucb,0.1,0.7530055762169792,0.997503026734016,,0.7530055762169792,0.0024969732659839,,0.0198359388849069,0.0198359388849069,3
34,discounted_linucb__hybrid__z72_a0p5_hybrid_corr5_bsstablehie5_top10,discounted_linucb,hybrid,z72_a0p5_hybrid_corr5_bsstablehie5_top10,72,10,MOM_pct_14_z|vol_expansion_72_log1p_z|MACD_hist_pct_z|vol_ratio_72_log1p_z|ema_spread_9_21_z|ema_spread_100_200_z|ADX_72_scaled|ema_spread_50_100_z|ADX_30_scaled|dist_to_high_168_sqrt_z,402.277205511572,-1.824407182054496,True,dro_minimax_median,"[-20.0, 0.0]",-20.0,0.0,-1.824407182054496,-1.8665029012336465,0.5,5.830232909740218,0.7154029468723846,249.0,70.0,1,3142,-1.824407182054496,-1.824407182054496,0.0,-1.824407182054496,-1.824407182054496,-1.8665029012336465,-1.8665029012336465,0.0,-1.6981200245170431,-1.8665029012336465,-3.539076367363684,5.830232909740218,0.7154029468723846,249.0,70.0,4.0,7.213333333333333,4.0,7.5,0.8428571428571429,0.1571428571428571,12.0,0.1494999999999999,0.8505,0.8505,0.847,discounted_linucb,0.1,0.8472169998191411,0.9975141519671036,,0.8472169998191411,0.0024858480328963,,0.0059465397526027,0.0059465397526027,4
15,discounted_linucb__hybrid__z72_a0p5_hybrid_corr5_bsstablehie5_top10,discounted_linucb,hybrid,z72_a0p5_hybrid_corr5_bsstablehie5_top10,72,10,MOM_pct_14_z|vol_expansion_72_log1p_z|MACD_hist_pct_z|vol_ratio_72_log1p_z|ema_spread_9_21_z|ema_spread_100_200_z|ADX_72_scaled|ema_spread_50_100_z|ADX_30_scaled|dist_to_high_168_sqrt_z,388.47133647270846,-1.9415509256221744,True,dro_minimax_median,"[-22.0, 0.0]",-22.0,0.0,-1.9415509256221744,-2.532701938817228,0.5,5.364191681014862,0.8486136109799347,244.0,72.0,1,3142,-1.9415509256221744,-1.9415509256221744,0.0,-1.9415509256221744,-1.9415509256221744,-2.532701938817228,-2.532701938817228,0.0,-0.1680978860370145,-2.532701938817228,-2.676333109540367,5.364191681014862,0.8486136109799347,244.0,72.0,4.0,7.673684210526316,4.0,8.0,0.7789473684210526,0.2210526315789473,12.5,0.154,0.846,0.846,0.841,discounted_linucb,0.1,0.5435386713142417,0.9974258075020928,,0.5435386713142417,0.0025741924979071,,0.0184950898855105,0.0184950898855105,5
8,discounted_linucb__hybrid__z72_a0p5_hybrid_corr5_bsstablehie5_top10,discounted_linucb,hybrid,z72_a0p5_hybrid_corr5_bsstablehie5_top10,72,10,MOM_pct_14_z|vol_expansion_72_log1p_z|MACD_hist_pct_z|vol_ratio_72_log1p_z|ema_spread_9_21_z|ema_spread_100_200_z|ADX_72_scaled|ema_spread_50_100_z|ADX_30_scaled|dist_to_high_168_sqrt_z,429.8412289530181,-2.1191818583388717,True,dro_minimax_median,"[-29.0, 0.0]",-29.0,0.0,-2.1191818583388717,-2.5031849693523163,0.5,5.379186094101862,0.7405702681333093,272.0,79.0,1,3142,-2.1191818583388717,-2.1191818583388717,0.0,-2.1191818583388717,-2.1191818583388717,-2.5031849693523163,-2.5031849693523163,0.0,-0.9671725252985356,-2.5031849693523163,-3.4717977128613837,5.379186094101862,0.7405702681333093,272.0,79.0,4.0,7.550561797752809,4.0,8.5,0.7848101265822784,0.2151898734177215,12.0,0.1775,0.8225,0.8225,0.819,discounted_linucb,0.1,0.6439637565109974,0.9976735596014468,,0.6439637565109974,0.002326440398553,,0.0184998345242005,0.0184998345242005,6
3,discounted_linucb__hybrid__z72_a0p5_hybrid_corr5_bsstablehie5_top10,discounted_linucb,hybrid,z72_a0p5_hybrid_corr5_bsstablehie5_top10,72,10,MOM_pct_14_z|vol_expansion_72_log1p_z|MACD_hist_pct_z|vol_ratio_72_log1p_z|ema_spread_9_21_z|ema_spread_100_200_z|ADX_72_scaled|ema_spread_50_100_z|ADX_30_scaled|dist_to_high_168_sqrt_z,323.63815603101955,-2.170078695218176,True,dro_minimax_median,"[-14.0, 0.0]",-14.0,0.0,-2.170078695218176,-2.513162737189449,0.5,5.984277284554529,0.6576826480638313,224.0,64.0,1,3142,-2.170078695218176,-2.170078695218176,0.0,-2.170078695218176,-2.170078695218176,-2.513162737189449,-2.513162737189449,0.0,-1.1408265693043578,-2.513162737189449,-3.632214005278019,5.984277284554529,0.6576826480638313,224.0,64.0,4.0,6.796875,4.0,6.0,0.8125,0.1875,11.5,0.1434999999999999,0.8565,0.8565,0.8515,discounted_linucb,0.1,0.5284870869571748,0.9969101294721746,,0.5284870869571748,0.0030898705278253,,0.0089905550468997,0.0089905550468997,7
43,discounted_linucb__hybrid__z72_a0p5_hybrid_corr5_bsstablehie5_top10,discounted_linucb,hybrid,z72_a0p5_hybrid_corr5_bsstablehie5_top10,72,10,MOM_pct_14_z|vol_expansion_72_log1p_z|MACD_hist_pct_z|vol_ratio_72_log1p_z|ema_spread_9_21_z|ema_spread_100_200_z|ADX_72_scaled|ema_spread_50_100_z|ADX_30_scaled|dist_to_high_168_sqrt_z,433.0132042849951,-2.264536399503469,True,dro_minimax_median,"[-14.0, 0.0]",-14.0,0.0,-2.264536399503469,-2.8379729471685216,0.5,5.264365871816867,0.747929451561829,222.0,64.0,1,3142,-2.264536399503469,-2.264536399503469,0.0,-2.264536399503469,-2.264536399503469,-2.8379729471685216,-2.8379729471685216,0.0,-0.5442267565083111,-2.8379729471685216,-3.356799575671836,5.264365871816867,0.747929451561829,222.0,64.0,4.0,6.847222222222222,4.0,6.0,0.813953488372093,0.1860465116279069,13.0,0.144,0.856,0.856,0.853,discounted_linucb,0.1,0.5883557023639499,0.9976906016026664,,0.5883557023639499,0.0023093983973334,,0.0079725429049876,0.0079725429049876,8
47,discounted_linucb__hybrid__z72_a0p5_hybrid_corr5_bsstablehie5_top10,discounted_linucb,hybrid,z72_a0p5_hybrid_corr5_bsstablehie5_top10,72,10,MOM_pct_14_z|vol_expansion_72_log1p_z|MACD_hist_pct_z|vol_ratio_72_log1p_z|ema_spread_9_21_z|ema_spread_100_200_z|ADX_72_scaled|ema_spread_50_100_z|ADX_30_scaled|dist_to_high_168_sqrt_z,448.97949355952335,-2.591874411499318,True,dro_minimax_median,"[-33.0, 0.0]",-33.0,0.0,-2.591874411499318,-2.780921469658015,0.5,6.6837727826450255,0.6502524633679629,273.0,83.0,1,3142,-2.591874411499318,-2.591874411499318,0.0,-2.591874411499318,-2.591874411499318,-2.780921469658015,-2.780921469658015,0.0,-2.024733237023228,-2.780921469658015,-4.748218956151103,6.6837727826450255,0.6502524633679629,273.0,83.0,4.0,6.170454545454546,4.0,5.75,0.8529411764705882,0.1470588235294117,12.0,0.176,0.824,0.824,0.821,discounted_linucb,0.1,0.5308369005438583,0.9977727267851992,,0.5308369005438583,0.0022272732148009,,0.0056519904100325,0.0056519904100325,9
40,discounted_linucb__hybrid__z72_a0p5_hybrid_corr5_bsstablehie5_top10,discounted_linucb,hybrid,z72_a0p5_hybrid_corr5_bsstablehie5_top10,72,10,MOM_pct_14_z|vol_expansion_72_log1p_z|MACD_hist_pct_z|vol_ratio_72_log1p_z|ema_spread_9_21_z|ema_spread_100_200_z|ADX_72_scaled|ema_spread_50_100_z|ADX_30_scaled|dist_to_high_168_sqrt_z,394.89100889169663,-2.716175817089468,True,dro_minimax_median,"[-14.0, 0.0]",-14.0,0.0,-2.716175817089468,-3.39882618241254,0.5,6.640138948216167,0.6533028567601918,229.0,64.0,1,3142,-2.716175817089468,-2.716175817089468,0.0,-2.716175817089468,-2.716175817089468,-3.39882618241254,-3.39882618241254,0.0,-0.6682247211202511,-3.39882618241254,-4.085236002636953,6.640138948216167,0.6533028567601918,229.0,64.0,4.0,8.43939393939394,4.0,9.25,0.75,0.25,12.0,0.1314999999999999,0.8685,0.8685,0.865,discounted_linucb,0.1,0.5964212970123116,0.9974676556885744,,0.5964212970123116,0.0025323443114255,,0.0056387874884861,0.0056387874884861,10
20,discounted_linucb__hybrid__z72_a0p5_hybrid_corr5_bsstablehie5_top10,discounted_linucb,hybrid,z72_a0p5_hybrid_corr5_bsstablehie5_top10,72,10,MOM_pct_14_z|vol_expansion_72_log1p_z|MACD_hist_pct_z|vol_ratio_72_log1p_z|ema_spread_9_21_z|ema_spread_100_200_z|ADX_72_scaled|ema_spread_50_100_z|ADX_30_scaled|dist_to_high_168_sqrt_z,432.39064580234265,-2.74421999958874,True,dro_minimax_median,"[-25.0, 0.0]",-25.0,0.0,-2.74421999958874,-3.5977974578836225,0.5,8.305476205093932,0.7162593816339214,340.0,75.0,1,3142,-2.74421999958874,-2.74421999958874,0.0,-2.74421999958874,-2.74421999958874,-3.5977974578836225,-3.5977974578836225,0.0,-0.1834876247040928,-3.5977974578836225,-3.743753773954384,8.305476205093932,0.7162593816339214,340.0,75.0,4.0,7.190476190476191,4.0,7.0,0.8,0.2,10.0,0.2095,0.7905,0.7905,0.789,discounted_linucb,0.1,10.50562584864767,0.997687276517871,,10.50562584864767,0.0023127234821289,,0.0249727337140379,0.0249727337140379,11
27,discounted_linucb__hybrid__z72_a0p5_hybrid_corr5_bsstablehie5_top10,discounted_linucb,hybrid,z72_a0p5_hybrid_corr5_bsstablehie5_top10,72,10,MOM_pct_14_z|vol_expansion_72_log1p_z|MACD_hist_pct_z|vol_ratio_72_log1p_z|ema_spread_9_21_z|ema_spread_100_200_z|ADX_72_scaled|ema_spread_50_100_z|ADX_30_scaled|dist_to_high_168_sqrt_z,418.9805296786507,-2.796013383470945,True,dro_minimax_median,"[-20.0, 0.0]",-20.0,0.0,-2.796013383470945,-3.755607871568175,0.5,5.388714815735229,0.6943596525746243,234.0,70.0,1,3142,-2.796013383470945,-2.796013383470945,0.0,-2.796013383470945,-2.796013383470945,-3.755607871568175,-3.755607871568175,0.0,0.082770080820745,-3.755607871568175,-3.692694169796747,5.388714815735229,0.6943596525746243,234.0,70.0,4.0,7.333333333333333,4.0,8.0,0.8045977011494253,0.1954022988505747,12.0,0.154,0.846,0.846,0.843,discounted_linucb,0.1,1.393960619122641,0.9976132542465233,,1.393960619122641,0.0023867457534768,,0.0076470478400547,0.0076470478400547,12
23,discounted_linucb__hybrid__z72_a0p5_hybrid_corr5_bsstablehie5_top10,discounted_linucb,hybrid,z72_a0p5_hybrid_corr5_bsstablehie5_top10,72,10,MOM_pct_14_z|vol_expansion_72_log1p_z|MACD_hist_pct_z|vol_ratio_72_log1p_z|ema_spread_9_21_z|ema_spread_100_200_z|ADX_72_scaled|ema_spread_50_100_z|ADX_30_scaled|dist_to_high_168_sqrt_z,432.01518017917306,-2.799928251344176,True,dro_minimax_median,"[-28.0, 0.0]",-28.0,0.0,-2.799928251344176,-3.206511398753191,0.5,7.173219191339575,0.6877969050452799,374.0,78.0,1,3142,-2.799928251344176,-2.799928251344176,0.0,-2.799928251344176,-2.799928251344176,-3.206511398753191,-3.206511398753191,0.0,-1.5801788091171314,-3.206511398753191,-4.739371144425749,7.173219191339575,0.6877969050452799,374.0,78.0,4.0,5.388429752066116,4.0,4.0,0.9314285714285714,0.0685714285714285,8.5,0.242,0.758,0.758,0.753,discounted_linucb,0.1,0.5672878562023523,0.9976852665233076,,0.5672878562023523,0.0023147334766923,,0.0157908822721819,0.0157908822721819,13
13,discounted_linucb__hybrid__z72_a0p5_hybrid_corr5_bsstablehie5_top10,discounted_linucb,hybrid,z72_a0p5_hybrid_corr5_bsstablehie5_top10,72,10,MOM_pct_14_z|vol_expansion_72_log1p_z|MACD_hist_pct_z|vol_ratio_72_log1p_z|ema_spread_9_21_z|ema_spread_100_200_z|ADX_72_scaled|ema_spread_50_100_z|ADX_30_scaled|dist_to_high_168_sqrt_z,422.4633511226986,-2.8084230189043327,True,dro_minimax_median,"[-43.0, 0.0]",-43.0,0.0,-2.8084230189043327,-3.5730438929609663,0.5,9.072759323338197,0.6756856277671985,284.0,93.0,1,3142,-2.8084230189043327,-2.8084230189043327,0.0,-2.8084230189043327,-2.8084230189043327,-3.5730438929609663,-3.5730438929609663,0.0,-0.5145603967344314,-3.5730438929609663,-4.093198239982595,9.072759323338197,0.6756856277671985,284.0,93.0,4.0,7.666666666666667,4.0,8.75,0.776595744680851,0.2234042553191489,10.0,0.1875,0.8125,0.8125,0.811,discounted_linucb,0.1,0.7177958873565421,0.9976329307682134,,0.7177958873565421,0.0023670692317866,,0.0437072988010669,0.0437072988010669,14
46,discounted_linucb__hybrid__z72_a0p5_hybrid_corr5_bsstablehie5_top10,discounted_linucb,hybrid,z72_a0p5_hybrid_corr5_bsstablehie5_top10,72,10,MOM_pct_14_z|vol_expansion_72_log1p_z|MACD_hist_pct_z|vol_ratio_72_log1p_z|ema_spread_9_21_z|ema_spread_100_200_z|ADX_72_scaled|ema_spread_50_100_z|ADX_30_scaled|dist_to_high_168_sqrt_z,349.41765889682875,-2.862496556497798,True,dro_minimax_median,"[-26.0, 0.0]",-26.0,0.0,-2.862496556497798,-3.513591400710085,0.5,7.923611194467828,0.6469318153563511,294.0,76.0,1,3142,-2.862496556497798,-2.862496556497798,0.0,-2.862496556497798,-2.862496556497798,-3.513591400710085,-3.513591400710085,0.0,-0.9092120238609392,-3.513591400710085,-4.378093839180175,7.923611194467828,0.6469318153563511,294.0,76.0,4.0,6.308510638297872,4.0,5.75,0.8617021276595744,0.1382978723404255,8.0,0.1875,0.8125,0.8125,0.811,discounted_linucb,0.1,1.7143472371921853,0.9971380954152198,,1.7143472371921853,0.0028619045847802,,0.0052147925979194,0.0052147925979194,15
44,discounted_linucb__hybrid__z72_a0p5_hybrid_corr5_bsstablehie5_top10,discounted_linucb,hybrid,z72_a0p5_hybrid_corr5_bsstablehie5_top10,72,10,MOM_pct_14_z|vol_expansion_72_log1p_z|MACD_hist_pct_z|vol_ratio_72_log1p_z|ema_spread_9_21_z|ema_spread_100_200_z|ADX_72_scaled|ema_spread_50_100_z|ADX_30_scaled|dist_to_high_168_sqrt_z,351.008707167498,-2.968539266731221,True,dro_minimax_median,"[-24.0, 0.0]",-24.0,0.0,-2.968539266731221,-3.34962012788443,0.5,6.663122879601824,0.6110567685781733,285.0,74.0,1,3142,-2.968539266731221,-2.968539266731221,0.0,-2.968539266731221,-2.968539266731221,-3.34962012788443,-3.34962012788443,0.0,-1.825296683271593,-3.34962012788443,-5.133161168536064,6.663122879601824,0.6110567685781733,285.0,74.0,4.0,6.945945945945946,4.0,6.75,0.8648648648648649,0.1351351351351351,12.0,0.1654999999999999,0.8345,0.8345,0.833,discounted_linucb,0.1,0.8498741935229963,0.9971510678237312,,0.8498741935229963,0.0028489321762688,,0.0169103200427707,0.0169103200427707,16
14,discounted_linucb__hybrid__z72_a0p5_hybrid_corr5_bsstablehie5_top10,discounted_linucb,hybrid,z72_a0p5_hybrid_corr5_bsstablehie5_top10,72,10,MOM_pct_14_z|vol_expansion_72_log1p_z|MACD_hist_pct_z|vol_ratio_72_log1p_z|ema_spread_9_21_z|ema_spread_100_200_z|ADX_72_scaled|ema_spread_50_100_z|ADX_30_scaled|dist_to_high_168_sqrt_z,413.8470984256232,-2.995982742554821,True,dro_minimax_median,"[-33.0, 0.0]",-33.0,0.0,-2.995982742554821,-3.472313494721583,0.5,6.898946643870129,0.6827449435329342,310.0,83.0,1,3142,-2.995982742554821,-2.995982742554821,0.0,-2.995982742554821,-2.995982742554821,-3.472313494721583,-3.472313494721583,0.0,-1.5669904860545352,-3.472313494721583,-4.995509063532766,6.898946643870129,0.6827449435329342,310.0,83.0,4.0,7.16,4.0,5.25,0.89,0.11,10.0,0.1995,0.8005,0.8005,0.7955,discounted_linucb,0.1,2.595559564938279,0.9975836486378562,,2.595559564938279,0.0024163513621437,,0.0091239251750454,0.0091239251750454,17
21,discounted_linucb__hybrid__z72_a0p5_hybrid_corr5_bsstablehie5_top10,discounted_linucb,hybrid,z72_a0p5_hybrid_corr5_bsstablehie5_top10,72,10,MOM_pct_14_z|vol_expansion_72_log1p_z|MACD_hist_pct_z|vol_ratio_72_log1p_z|ema_spread_9_21_z|ema_spread_100_200_z|ADX_72_scaled|ema_spread_50_100_z|ADX_30_scaled|dist_to_high_168_sqrt_z,418.8207939550268,-3.20927641549351,True,dro_minimax_median,"[-46.0, 0.0]",-46.0,0.0,-3.20927641549351,-3.6364992933985514,0.5,8.188018278216447,0.6682409193544114,375.0,96.0,1,3142,-3.20927641549351,-3.20927641549351,0.0,-3.20927641549351,-3.20927641549351,-3.6364992933985514,-3.6364992933985514,0.0,-1.927607781778388,-3.6364992933985514,-5.502866710589909,8.188018278216447,0.6682409193544114,375.0,96.0,4.0,6.0,4.0,5.0,0.8738738738738738,0.1261261261261261,8.0,0.2215,0.7785,0.7785,0.7735,discounted_linucb,0.1,0.751204849703402,0.9976123439560944,,0.751204849703402,0.0023876560439054,,0.0149536298919311,0.0149536298919311,18
36,discounted_linucb__hybrid__z72_a0p5_hybrid_corr5_bsstablehie5_top10,discounted_linucb,hybrid,z72_a0p5_hybrid_corr5_bsstablehie5_top10,72,10,MOM_pct_14_z|vol_expansion_72_log1p_z|MACD_hist_pct_z|vol_ratio_72_log1p_z|ema_spread_9_21_z|ema_spread_100_200_z|ADX_72_scaled|ema_spread_50_100_z|ADX_30_scaled|dist_to_high_168_sqrt_z,403.520503527607,-3.236670877792804,True,dro_minimax_median,"[-29.0, 0.0]",-29.0,0.0,-3.236670877792804,-3.672335287219716,0.5,6.723777586817525,0.6561044048612492,319.0,79.0,1,3142,-3.236670877792804,-3.236670877792804,0.0,-3.236670877792804,-3.236670877792804,-3.672335287219716,-3.672335287219716,0.0,-1.92967764951207,-3.672335287219716,-5.530738757431256,6.723777586817525,0.6561044048612492,319.0,79.0,4.0,6.714285714285714,4.0,6.0,0.8270676691729323,0.1729323308270676,10.0,0.2139999999999999,0.786,0.786,0.781,discounted_linucb,0.1,0.7042146512811668,0.9975218111811966,,0.7042146512811668,0.0024781888188033,,0.007085324580545,0.007085324580545,19
38,discounted_linucb__hybrid__z72_a0p5_hybrid_corr5_bsstablehie5_top10,discounted_linucb,hybrid,z72_a0p5_hybrid_corr5_bsstablehie5_top10,72,10,MOM_pct_14_z|vol_expansion_72_log1p_z|MACD_hist_pct_z|vol_ratio_72_log1p_z|ema_spread_9_21_z|ema_spread_100_200_z|ADX_72_scaled|ema_spread_50_100_z|ADX_30_scaled|dist_to_high_168_sqrt_z,427.6445829451556,-3.5088821982772127,True,dro_minimax_median,"[-26.0, 0.0]",-26.0,0.0,-3.5088821982772127,-4.248124669280699,0.5,8.322951156799252,0.6490198391174178,332.0,76.0,1,3142,-3.5088821982772127,-3.5088821982772127,0.0,-3.5088821982772127,-3.5088821982772127,-4.248124669280699,-4.248124669280699,0.0,-1.291154785266753,-4.248124669280699,-5.50891266838025,8.322951156799252,0.6490198391174178,332.0,76.0,4.0,6.951612903225806,4.0,6.0,0.8629032258064516,0.1370967741935483,11.0,0.2475,0.7525,0.7525,0.7495,discounted_linucb,0.1,0.8868984756760249,0.9976616095704685,,0.8868984756760249,0.0023383904295316,,0.0064992236175888,0.0064992236175888,20
26,discounted_linucb__hybrid__z72_a0p5_hybrid_corr5_bsstablehie5_top10,discounted_linucb,hybrid,z72_a0p5_hybrid_corr5_bsstablehie5_top10,72,10,MOM_pct_14_z|vol_expansion_72_log1p_z|MACD_hist_pct_z|vol_ratio_72_log1p_z|ema_spread_9_21_z|ema_spread_100_200_z|ADX_72_scaled|ema_spread_50_100_z|ADX_30_scaled|dist_to_high_168_sqrt_z,345.32558277818765,-3.540731020027372,True,dro_minimax_median,"[-83.0, 0.0]",-83.0,0.0,-3.540731020027372,-4.732575139829131,0.5,8.633550192557616,0.7122933610898795,482.0,133.0,1,3142,-3.540731020027372,-3.540731020027372,0.0,-3.540731020027372,-3.540731020027372,-4.732575139829131,-4.732575139829131,0.0,0.0348013393779063,-4.732575139829131,-4.698670304288262,8.633550192557616,0.7122933610898795,482.0,133.0,4.0,6.572289156626506,4.0,5.0,0.8493975903614458,0.1506024096385542,8.0,0.3315,0.6685,0.6685,0.667,discounted_linucb,0.1,8.523882714900125,0.9971041821114008,,8.523882714900125,0.0028958178885991,,0.1624354234060607,0.1624354234060607,21
41,discounted_linucb__hybrid__z72_a0p5_hybrid_corr5_bsstablehie5_top10,discounted_linucb,hybrid,z72_a0p5_hybrid_corr5_bsstablehie5_top10,72,10,MOM_pct_14_z|vol_expansion_72_log1p_z|MACD_hist_pct_z|vol_ratio_72_log1p_z|ema_spread_9_21_z|ema_spread_100_200_z|ADX_72_scaled|ema_spread_50_100_z|ADX_30_scaled|dist_to_high_168_sqrt_z,341.0884356016712,-3.540809108553943,True,dro_minimax_median,"[-51.0, 0.0]",-51.0,0.0,-3.540809108553943,-4.285439789139067,0.5,7.878847638351871,0.6939737381890829,429.0,101.0,1,3142,-3.540809108553943,-3.540809108553943,0.0,-3.540809108553943,-3.540809108553943,-4.285439789139067,-4.285439789139067,0.0,-1.3069170667985706,-4.285439789139067,-5.576117700535548,7.878847638351871,0.6939737381890829,429.0,101.0,4.0,5.251366120218579,4.0,4.0,0.9289617486338798,0.0710382513661202,7.0,0.2915,0.7085,0.7085,0.705,discounted_linucb,0.1,1.3256828037474202,0.9970682090167144,,1.3256828037474202,0.0029317909832856,,0.0095193142750459,0.0095193142750459,22
31,discounted_linucb__hybrid__z72_a0p5_hybrid_corr5_bsstablehie5_top10,discounted_linucb,hybrid,z72_a0p5_hybrid_corr5_bsstablehie5_top10,72,10,MOM_pct_14_z|vol_expansion_72_log1p_z|MACD_hist_pct_z|vol_ratio_72_log1p_z|ema_spread_9_21_z|ema_spread_100_200_z|ADX_72_scaled|ema_spread_50_100_z|ADX_30_scaled|dist_to_high_168_sqrt_z,393.1181618828811,-3.593480823995456,True,dro_minimax_median,"[-15.0, 0.0]",-15.0,0.0,-3.593480823995456,-4.005082847752802,0.5,6.86055892804035,0.5123920991193683,297.0,65.0,1,3142,-3.593480823995456,-3.593480823995456,0.0,-3.593480823995456,-3.593480823995456,-4.005082847752802,-4.005082847752802,0.0,-2.358674752723418,-4.005082847752802,-6.264232123319805,6.86055892804035,0.5123920991193683,297.0,65.0,4.0,6.369230769230769,4.0,5.0,0.8769230769230769,0.123076923076923,12.0,0.1674999999999999,0.8325,0.8325,0.829,discounted_linucb,0.1,0.5524804511133177,0.9974562355623297,,0.5524804511133177,0.0025437644376703,,0.009033844806376,0.009033844806376,23
10,discounted_linucb__hybrid__z72_a0p5_hybrid_corr5_bsstablehie5_top10,discounted_linucb,hybrid,z72_a0p5_hybrid_corr5_bsstablehie5_top10,72,10,MOM_pct_14_z|vol_expansion_72_log1p_z|MACD_hist_pct_z|vol_ratio_72_log1p_z|ema_spread_9_21_z|ema_spread_100_200_z|ADX_72_scaled|ema_spread_50_100_z|ADX_30_scaled|dist_to_high_168_sqrt_z,431.4527420093573,-3.610911654664017,True,dro_minimax_median,"[-25.0, 0.0]",-25.0,0.0,-3.610911654664017,-4.736977300876551,0.5,6.291307485490705,0.7615263016538221,302.0,75.0,1,3142,-3.610911654664017,-3.610911654664017,0.0,-3.610911654664017,-3.610911654664017,-4.736977300876551,-4.736977300876551,0.0,-0.2327147160264164,-4.736977300876551,-4.945173424288963,6.291307485490705,0.7615263016538221,302.0,75.0,4.0,8.55813953488372,4.0,8.0,0.8023255813953488,0.1976744186046511,11.0,0.1714999999999999,0.8285,0.8285,0.8235,discounted_linucb,0.1,2.5261334080919204,0.9976822490561936,,2.5261334080919204,0.0023177509438062,,0.0252618654078765,0.0252618654078765,24
35,discounted_linucb__hybrid__z72_a0p5_hybrid_corr5_bsstablehie5_top10,discounted_linucb,hybrid,z72_a0p5_hybrid_corr5_bsstablehie5_top10,72,10,MOM_pct_14_z|vol_expansion_72_log1p_z|MACD_hist_pct_z|vol_ratio_72_log1p_z|ema_spread_9_21_z|ema_spread_100_200_z|ADX_72_scaled|ema_spread_50_100_z|ADX_30_scaled|dist_to_high_168_sqrt_z,385.25535044954256,-3.700697460986487,True,dro_minimax_median,"[-12.0, 0.0]",-12.0,0.0,-3.700697460986487,-4.898520161256703,0.5,6.610246785230722,0.6727807491819939,304.0,62.0,1,3142,-3.700697460986487,-3.700697460986487,0.0,-3.700697460986487,-3.700697460986487,-4.898520161256703,-4.898520161256703,0.0,-0.1072293601758385,-4.898520161256703,-5.041503751301797,6.610246785230722,0.6727807491819939,304.0,62.0,4.0,8.594202898550725,4.0,8.0,0.7741935483870968,0.2258064516129032,14.5,0.1374999999999999,0.8625,0.8625,0.861,discounted_linucb,0.1,0.8328959006054334,0.9974043189826356,,0.8328959006054334,0.0025956810173645,,0.0050856803410234,0.0050856803410234,25
37,discounted_linucb__hybrid__z72_a0p5_hybrid_corr5_bsstablehie5_top10,discounted_linucb,hybrid,z72_a0p5_hybrid_corr5_bsstablehie5_top10,72,10,MOM_pct_14_z|vol_expansion_72_log1p_z|MACD_hist_pct_z|vol_ratio_72_log1p_z|ema_spread_9_21_z|ema_spread_100_200_z|ADX_72_scaled|ema_spread_50_100_z|ADX_30_scaled|dist_to_high_168_sqrt_z,342.3142660723843,-3.776589230548292,True,dro_minimax_median,"[-29.0, 0.0]",-29.0,0.0,-3.776589230548292,-4.942110634334996,0.5,8.976275484633467,0.6690536521096488,360.0,79.0,1,3142,-3.776589230548292,-3.776589230548292,0.0,-3.776589230548292,-3.776589230548292,-4.942110634334996,-4.942110634334996,0.0,-0.2800250191881792,-4.942110634334996,-5.208537987046946,8.976275484633467,0.6690536521096488,360.0,79.0,4.0,6.775,4.0,5.25,0.8666666666666667,0.1333333333333333,11.0,0.2415,0.7585,0.7585,0.7535,discounted_linucb,0.1,29.71201700244752,0.997078707786638,,29.71201700244752,0.002921292213362,,0.0074026682783705,0.0074026682783705,26
24,discounted_linucb__hybrid__z72_a0p5_hybrid_corr5_bsstablehie5_top10,discounted_linucb,hybrid,z72_a0p5_hybrid_corr5_bsstablehie5_top10,72,10,MOM_pct_14_z|vol_expansion_72_log1p_z|MACD_hist_pct_z|vol_ratio_72_log1p_z|ema_spread_9_21_z|ema_spread_100_200_z|ADX_72_scaled|ema_spread_50_100_z|ADX_30_scaled|dist_to_high_168_sqrt_z,312.01229326761154,-3.850765449612682,True,dro_minimax_median,"[-57.0, 0.0]",-57.0,0.0,-3.850765449612682,-4.399841092811623,0.5,9.633864196436392,0.6215349373656615,349.0,107.0,1,3142,-3.850765449612682,-3.850765449612682,0.0,-3.850765449612682,-3.850765449612682,-4.399841092811623,-4.399841092811623,0.0,-2.203538520015861,-4.399841092811623,-6.505151081756691,9.633864196436392,0.6215349373656615,349.0,107.0,4.0,7.227272727272727,4.0,7.0,0.8454545454545455,0.1545454545454545,10.0,0.2195,0.7805,0.7805,0.779,discounted_linucb,0.1,1.739609397107482,0.9967949980767512,,1.739609397107482,0.0032050019232489,,0.0183905546638382,0.0183905546638382,27
19,discounted_linucb__hybrid__z72_a0p5_hybrid_corr5_bsstablehie5_top10,discounted_linucb,hybrid,z72_a0p5_hybrid_corr5_bsstablehie5_top10,72,10,MOM_pct_14_z|vol_expansion_72_log1p_z|MACD_hist_pct_z|vol_ratio_72_log1p_z|ema_spread_9_21_z|ema_spread_100_200_z|ADX_72_scaled|ema_spread_50_100_z|ADX_30_scaled|dist_to_high_168_sqrt_z,296.2876615988841,-3.903551519394236,True,dro_minimax_median,"[-64.0, 0.0]",-64.0,0.0,-3.903551519394236,-4.658863574764243,0.5,8.733651869601644,0.6383176914942855,410.0,114.0,1,3142,-3.903551519394236,-3.903551519394236,0.0,-3.903551519394236,-3.903551519394236,-4.658863574764243,-4.658863574764243,0.0,-1.6376153532842164,-4.658863574764243,-6.243569483117169,8.733651869601644,0.6383176914942855,410.0,114.0,4.0,7.2265625,4.0,7.0,0.8046875,0.1953125,8.0,0.2574999999999999,0.7425,0.7425,0.7375,discounted_linucb,0.1,22.74137292966685,0.9966249016425336,,22.74137292966685,0.0033750983574665,,0.0530414301142909,0.0530414301142909,28
45,discounted_linucb__hybrid__z72_a0p5_hybrid_corr5_bsstablehie5_top10,discounted_linucb,hybrid,z72_a0p5_hybrid_corr5_bsstablehie5_top10,72,10,MOM_pct_14_z|vol_expansion_72_log1p_z|MACD_hist_pct_z|vol_ratio_72_log1p_z|ema_spread_9_21_z|ema_spread_100_200_z|ADX_72_scaled|ema_spread_50_100_z|ADX_30_scaled|dist_to_high_168_sqrt_z,243.02335542308933,-3.970004554949707,True,dro_minimax_median,"[-107.0, 0.0]",-107.0,0.0,-3.970004554949707,-4.965459562625152,0.5,10.457421644805876,0.8006089501107012,502.0,157.0,1,3142,-3.970004554949707,-3.970004554949707,0.0,-3.970004554949707,-3.970004554949707,-4.965459562625152,-4.965459562625152,0.0,-0.983639531923371,-4.965459562625152,-5.922515171310509,10.457421644805876,0.8006089501107012,502.0,157.0,4.0,6.464968152866242,4.0,5.0,0.8598726114649682,0.1401273885350318,7.0,0.3315,0.6685,0.6685,0.667,discounted_linucb,0.1,18.32227072851557,0.9958851691506808,,18.32227072851557,0.0041148308493192,,0.1969932415420719,0.1969932415420719,29
17,discounted_linucb__hybrid__z72_a0p5_hybrid_corr5_bsstablehie5_top10,discounted_linucb,hybrid,z72_a0p5_hybrid_corr5_bsstablehie5_top10,72,10,MOM_pct_14_z|vol_expansion_72_log1p_z|MACD_hist_pct_z|vol_ratio_72_log1p_z|ema_spread_9_21_z|ema_spread_100_200_z|ADX_72_scaled|ema_spread_50_100_z|ADX_30_scaled|dist_to_high_168_sqrt_z,194.17681947917853,-3.977788664524615,True,dro_minimax_median,"[-75.0, 0.0]",-75.0,0.0,-3.977788664524615,-4.538612366539019,0.5,8.409088699992829,0.6430583379021255,421.0,125.0,1,3142,-3.977788664524615,-3.977788664524615,0.0,-3.977788664524615,-3.977788664524615,-4.538612366539019,-4.538612366539019,0.0,-2.2953175584814023,-4.538612366539019,-6.736266260311971,8.409088699992829,0.6430583379021255,421.0,125.0,4.0,6.688,4.0,5.0,0.824,0.176,8.0,0.2594999999999999,0.7405,0.7405,0.7355,discounted_linucb,0.1,0.5411355757992977,0.9948500546940556,,0.5411355757992977,0.0051499453059443,,0.0558512941425342,0.0558512941425342,30
0,discounted_linucb__hybrid__z72_a0p5_hybrid_corr5_bsstablehie5_top10,discounted_linucb,hybrid,z72_a0p5_hybrid_corr5_bsstablehie5_top10,72,10,MOM_pct_14_z|vol_expansion_72_log1p_z|MACD_hist_pct_z|vol_ratio_72_log1p_z|ema_spread_9_21_z|ema_spread_100_200_z|ADX_72_scaled|ema_spread_50_100_z|ADX_30_scaled|dist_to_high_168_sqrt_z,325.0,-4.015739433676508,True,dro_minimax_median,"[-94.0, 0.0]",-94.0,0.0,-4.015739433676508,-4.835319826065269,0.5,8.269851538161122,0.6424358184890782,474.0,144.0,1,3142,-4.015739433676508,-4.015739433676508,0.0,-4.015739433676508,-4.015739433676508,-4.835319826065269,-4.835319826065269,0.0,-1.5569982565102265,-4.835319826065269,-6.358071805536954,8.269851538161122,0.6424358184890782,474.0,144.0,4.0,6.113333333333333,4.0,5.0,0.8466666666666667,0.1533333333333333,8.0,0.2995,0.7005,0.7005,0.699,discounted_linucb,0.1,1.0,0.9969230769230768,,1.0,0.003076923076923,,0.1,0.1,31
16,discounted_linucb__hybrid__z72_a0p5_hybrid_corr5_bsstablehie5_top10,discounted_linucb,hybrid,z72_a0p5_hybrid_corr5_bsstablehie5_top10,72,10,MOM_pct_14_z|vol_expansion_72_log1p_z|MACD_hist_pct_z|vol_ratio_72_log1p_z|ema_spread_9_21_z|ema_spread_100_200_z|ADX_72_scaled|ema_spread_50_100_z|ADX_30_scaled|dist_to_high_168_sqrt_z,237.1243003649917,-4.037382553655377,True,dro_minimax_median,"[-65.0, 0.0]",-65.0,0.0,-4.037382553655377,-5.15613757954259,0.5,7.730864860071495,0.6362452684525548,357.0,115.0,1,3142,-4.037382553655377,-4.037382553655377,0.0,-4.037382553655377,-4.037382553655377,-5.15613757954259,-5.15613757954259,0.0,-0.6811174759937346,-5.15613757954259,-5.8392621425763,7.730864860071495,0.6362452684525548,357.0,115.0,4.0,6.28695652173913,4.0,6.0,0.8695652173913043,0.1304347826086956,9.0,0.2415,0.7585,0.7585,0.754,discounted_linucb,0.1,1.6171927281770309,0.9957828025282068,,1.6171927281770309,0.0042171974717933,,0.0076029141277573,0.0076029141277573,32
28,discounted_linucb__hybrid__z72_a0p5_hybrid_corr5_bsstablehie5_top10,discounted_linucb,hybrid,z72_a0p5_hybrid_corr5_bsstablehie5_top10,72,10,MOM_pct_14_z|vol_expansion_72_log1p_z|MACD_hist_pct_z|vol_ratio_72_log1p_z|ema_spread_9_21_z|ema_spread_100_200_z|ADX_72_scaled|ema_spread_50_100_z|ADX_30_scaled|dist_to_high_168_sqrt_z,449.033989395746,-4.141532802717573,True,dro_minimax_median,"[-45.0, 0.0]",-45.0,0.0,-4.141532802717573,-5.098638467732855,0.5,8.2928076501958,0.6374600021202802,334.0,95.0,1,3142,-4.141532802717573,-4.141532802717573,0.0,-4.141532802717573,-4.141532802717573,-5.098638467732855,-5.098638467732855,0.0,-1.2702158076717265,-5.098638467732855,-6.301140285640224,8.2928076501958,0.6374600021202802,334.0,95.0,4.0,7.277227722772277,4.0,8.0,0.8105263157894737,0.1894736842105263,11.0,0.2015,0.7985,0.7985,0.797,discounted_linucb,0.1,1.0029851384070134,0.99777299709239,,1.0029851384070134,0.0022270029076099,,0.0357500550612015,0.0357500550612015,33
5,discounted_linucb__hybrid__z72_a0p5_hybrid_corr5_bsstablehie5_top10,discounted_linucb,hybrid,z72_a0p5_hybrid_corr5_bsstablehie5_top10,72,10,MOM_pct_14_z|vol_expansion_72_log1p_z|MACD_hist_pct_z|vol_ratio_72_log1p_z|ema_spread_9_21_z|ema_spread_100_200_z|ADX_72_scaled|ema_spread_50_100_z|ADX_30_scaled|dist_to_high_168_sqrt_z,293.5335378240097,-4.250625617117707,True,dro_minimax_median,"[-59.0, 0.0]",-59.0,0.0,-4.250625617117707,-5.436353928921392,0.5,8.554023549032285,0.6485436464219884,385.0,109.0,1,3142,-4.250625617117707,-4.250625617117707,0.0,-4.250625617117707,-4.250625617117707,-5.436353928921392,-5.436353928921392,0.0,-0.6934406817066511,-5.436353928921392,-6.100522701753293,8.554023549032285,0.6485436464219884,385.0,109.0,4.0,6.587155963302752,4.0,6.0,0.8532110091743119,0.146788990825688,10.0,0.2195,0.7805,0.7805,0.779,discounted_linucb,0.1,0.7139044928825661,0.9965932342606808,,0.7139044928825661,0.0034067657393192,,0.0302966813702391,0.0302966813702391,34
18,discounted_linucb__hybrid__z72_a0p5_hybrid_corr5_bsstablehie5_top10,discounted_linucb,hybrid,z72_a0p5_hybrid_corr5_bsstablehie5_top10,72,10,MOM_pct_14_z|vol_expansion_72_log1p_z|MACD_hist_pct_z|vol_ratio_72_log1p_z|ema_spread_9_21_z|ema_spread_100_200_z|ADX_72_scaled|ema_spread_50_100_z|ADX_30_scaled|dist_to_high_168_sqrt_z,446.4592689375313,-4.253381705667925,True,dro_minimax_median,"[-81.0, 0.0]",-81.0,0.0,-4.253381705667925,-5.370495558748814,0.5,9.967764889115385,0.6757300026584538,470.0,131.0,1,3142,-4.253381705667925,-4.253381705667925,0.0,-4.253381705667925,-4.253381705667925,-5.370495558748814,-5.370495558748814,0.0,-0.9020401464252572,-5.370495558748814,-6.239896892152775,9.967764889115385,0.6757300026584538,470.0,131.0,4.0,6.946308724832215,4.0,5.0,0.8187919463087249,0.1812080536912751,7.0,0.2975,0.7025,0.7025,0.701,discounted_linucb,0.1,0.61721308216835,0.9977601540172304,,0.61721308216835,0.0022398459827696,,0.1939837750275731,0.1939837750275731,35
22,discounted_linucb__hybrid__z72_a0p5_hybrid_corr5_bsstablehie5_top10,discounted_linucb,hybrid,z72_a0p5_hybrid_corr5_bsstablehie5_top10,72,10,MOM_pct_14_z|vol_expansion_72_log1p_z|MACD_hist_pct_z|vol_ratio_72_log1p_z|ema_spread_9_21_z|ema_spread_100_200_z|ADX_72_scaled|ema_spread_50_100_z|ADX_30_scaled|dist_to_high_168_sqrt_z,364.06549492219705,-4.279652491286119,True,dro_minimax_median,"[-51.0, 0.0]",-51.0,0.0,-4.279652491286119,-4.986713696279307,0.5,7.135972509969479,0.6889525681880588,360.0,101.0,1,3142,-4.279652491286119,-4.279652491286119,0.0,-4.279652491286119,-4.279652491286119,-4.986713696279307,-4.986713696279307,0.0,-2.158468876306556,-4.986713696279307,-7.028317088075165,7.135972509969479,0.6889525681880588,360.0,101.0,4.0,6.6422018348623855,4.0,6.0,0.8514851485148515,0.1485148514851485,9.0,0.2175,0.7825,0.7825,0.781,discounted_linucb,0.1,1.0574347654943264,0.9972532414800428,,1.0574347654943264,0.0027467585199572,,0.0243959030516199,0.0243959030516199,36
1,discounted_linucb__hybrid__z72_a0p5_hybrid_corr5_bsstablehie5_top10,discounted_linucb,hybrid,z72_a0p5_hybrid_corr5_bsstablehie5_top10,72,10,MOM_pct_14_z|vol_expansion_72_log1p_z|MACD_hist_pct_z|vol_ratio_72_log1p_z|ema_spread_9_21_z|ema_spread_100_200_z|ADX_72_scaled|ema_spread_50_100_z|ADX_30_scaled|dist_to_high_168_sqrt_z,351.1911804273633,-4.368475279414914,True,dro_minimax_median,"[-37.0, 0.0]",-37.0,0.0,-4.368475279414914,-5.731625762799482,0.5,8.537562870333348,0.6433433957957323,354.0,87.0,1,3142,-4.368475279414914,-4.368475279414914,0.0,-4.368475279414914,-4.368475279414914,-5.731625762799482,-5.731625762799482,0.0,-0.279023829261212,-5.731625762799482,-5.993965969166903,8.537562870333348,0.6433433957957323,354.0,87.0,4.0,7.481132075471698,4.0,7.0,0.8301886792452831,0.1698113207547169,10.5,0.2115,0.7885,0.7885,0.7835,discounted_linucb,0.1,7.81704884789038,0.9971525480828332,,7.81704884789038,0.0028474519171668,,0.0070215784892256,0.0070215784892256,37
32,discounted_linucb__hybrid__z72_a0p5_hybrid_corr5_bsstablehie5_top10,discounted_linucb,hybrid,z72_a0p5_hybrid_corr5_bsstablehie5_top10,72,10,MOM_pct_14_z|vol_expansion_72_log1p_z|MACD_hist_pct_z|vol_ratio_72_log1p_z|ema_spread_9_21_z|ema_spread_100_200_z|ADX_72_scaled|ema_spread_50_100_z|ADX_30_scaled|dist_to_high_168_sqrt_z,435.31622579156897,-4.370505575929327,True,dro_minimax_median,"[-28.0, 0.0]",-28.0,0.0,-4.370505575929327,-5.56200473513698,0.5,7.809944936451407,0.5929057079122299,329.0,78.0,1,3142,-4.370505575929327,-4.370505575929327,0.0,-4.370505575929327,-4.370505575929327,-5.56200473513698,-5.56200473513698,0.0,-0.7960080983063703,-5.56200473513698,-6.380189324635947,7.809944936451407,0.5929057079122299,329.0,78.0,4.0,6.719298245614035,4.0,6.0,0.8771929824561403,0.1228070175438596,11.0,0.2279999999999999,0.772,0.772,0.769,discounted_linucb,0.1,0.7645433845536519,0.997702819374165,,0.7645433845536519,0.0022971806258349,,0.0077035399156154,0.0077035399156154,38
25,discounted_linucb__hybrid__z72_a0p5_hybrid_corr5_bsstablehie5_top10,discounted_linucb,hybrid,z72_a0p5_hybrid_corr5_bsstablehie5_top10,72,10,MOM_pct_14_z|vol_expansion_72_log1p_z|MACD_hist_pct_z|vol_ratio_72_log1p_z|ema_spread_9_21_z|ema_spread_100_200_z|ADX_72_scaled|ema_spread_50_100_z|ADX_30_scaled|dist_to_high_168_sqrt_z,354.8857500383022,-4.424113885021895,True,dro_minimax_median,"[-37.0, 0.0]",-37.0,0.0,-4.424113885021895,-5.654414165009911,0.5,9.205042206707216,0.592337351286654,349.0,87.0,1,3142,-4.424113885021895,-4.424113885021895,0.0,-4.424113885021895,-4.424113885021895,-5.654414165009911,-5.654414165009911,0.0,-0.7332130450578491,-5.654414165009911,-6.413048601424847,9.205042206707216,0.592337351286654,349.0,87.0,4.0,7.693693693693693,4.0,8.0,0.8198198198198198,0.1801801801801801,12.0,0.2219999999999999,0.778,0.778,0.7755,discounted_linucb,0.1,0.5787629187951492,0.9971821917338408,,0.5787629187951492,0.002817808266159,,0.0316421926565227,0.0316421926565227,39
7,discounted_linucb__hybrid__z72_a0p5_hybrid_corr5_bsstablehie5_top10,discounted_linucb,hybrid,z72_a0p5_hybrid_corr5_bsstablehie5_top10,72,10,MOM_pct_14_z|vol_expansion_72_log1p_z|MACD_hist_pct_z|vol_ratio_72_log1p_z|ema_spread_9_21_z|ema_spread_100_200_z|ADX_72_scaled|ema_spread_50_100_z|ADX_30_scaled|dist_to_high_168_sqrt_z,219.98288294825304,-4.704509562299723,True,dro_minimax_median,"[-58.0, 0.0]",-58.0,0.0,-4.704509562299723,-5.7354313529022605,0.5,9.392193320457354,0.5677621031910679,403.0,108.0,1,3142,-4.704509562299723,-4.704509562299723,0.0,-4.704509562299723,-4.704509562299723,-5.7354313529022605,-5.7354313529022605,0.0,-1.611744190492111,-5.7354313529022605,-7.251064029671224,9.392193320457354,0.5677621031910679,403.0,108.0,4.0,6.36,4.0,5.0,0.8666666666666667,0.1333333333333333,7.0,0.2915,0.7085,0.7085,0.7035,discounted_linucb,0.1,23.022867216257907,0.9954541917689332,,23.022867216257907,0.0045458082310669,,0.0079753859160057,0.0079753859160057,40
6,discounted_linucb__hybrid__z72_a0p5_hybrid_corr5_bsstablehie5_top10,discounted_linucb,hybrid,z72_a0p5_hybrid_corr5_bsstablehie5_top10,72,10,MOM_pct_14_z|vol_expansion_72_log1p_z|MACD_hist_pct_z|vol_ratio_72_log1p_z|ema_spread_9_21_z|ema_spread_100_200_z|ADX_72_scaled|ema_spread_50_100_z|ADX_30_scaled|dist_to_high_168_sqrt_z,222.92616159695012,-4.80626374345519,True,dro_minimax_median,"[-111.0, 0.0]",-111.0,0.0,-4.80626374345519,-6.244358990159285,0.5,9.10347163312336,0.6864281209026248,512.0,161.0,1,3142,-4.80626374345519,-4.80626374345519,0.0,-4.80626374345519,-4.80626374345519,-6.244358990159285,-6.244358990159285,0.0,-0.491978003342904,-6.244358990159285,-6.718889818036196,9.10347163312336,0.6864281209026248,512.0,161.0,4.0,6.211180124223603,4.0,5.0,0.8695652173913043,0.1304347826086956,7.0,0.3275,0.6725,0.6725,0.669,discounted_linucb,0.1,2.17612266083751,0.9955142097596962,,2.17612266083751,0.0044857902403038,,0.1818666064523106,0.1818666064523106,41
48,discounted_linucb__hybrid__z72_a0p5_hybrid_corr5_bsstablehie5_top10,discounted_linucb,hybrid,z72_a0p5_hybrid_corr5_bsstablehie5_top10,72,10,MOM_pct_14_z|vol_expansion_72_log1p_z|MACD_hist_pct_z|vol_ratio_72_log1p_z|ema_spread_9_21_z|ema_spread_100_200_z|ADX_72_scaled|ema_spread_50_100_z|ADX_30_scaled|dist_to_high_168_sqrt_z,445.0618573173632,-4.888496433236645,True,dro_minimax_median,"[-91.0, 0.0]",-91.0,0.0,-4.888496433236645,-6.062371123315732,0.5,9.966091642461205,0.6632631390960612,468.0,141.0,1,3142,-4.888496433236645,-4.888496433236645,0.0,-4.888496433236645,-4.888496433236645,-6.062371123315732,-6.062371123315732,0.0,-1.366872362999383,-6.062371123315732,-7.3388961005523425,9.966091642461205,0.6632631390960612,468.0,141.0,4.0,6.625,4.0,6.0,0.8472222222222222,0.1527777777777778,8.0,0.2875,0.7125,0.7125,0.711,discounted_linucb,0.1,4.472571542794919,0.9977531213166018,,4.472571542794919,0.0022468786833982,,0.1040432721658981,0.1040432721658981,42
2,discounted_linucb__hybrid__z72_a0p5_hybrid_corr5_bsstablehie5_top10,discounted_linucb,hybrid,z72_a0p5_hybrid_corr5_bsstablehie5_top10,72,10,MOM_pct_14_z|vol_expansion_72_log1p_z|MACD_hist_pct_z|vol_ratio_72_log1p_z|ema_spread_9_21_z|ema_spread_100_200_z|ADX_72_scaled|ema_spread_50_100_z|ADX_30_scaled|dist_to_high_168_sqrt_z,266.993584168878,-5.076483726176397,True,dro_minimax_median,"[-92.0, 0.0]",-92.0,0.0,-5.076483726176397,-6.270888869322906,0.5,10.646250215200103,0.6510174567108641,469.0,142.0,1,3142,-5.076483726176397,-5.076483726176397,0.0,-5.076483726176397,-5.076483726176397,-6.270888869322906,-6.270888869322906,0.0,-1.4932682967368678,-6.270888869322906,-7.688148364070268,10.646250215200103,0.6510174567108641,469.0,142.0,4.0,6.333333333333333,4.0,5.0,0.8402777777777778,0.1597222222222222,8.0,0.2875,0.7125,0.7125,0.711,discounted_linucb,0.1,2.590090864414888,0.9962545916482868,,2.590090864414888,0.0037454083517133,,0.099493174995722,0.099493174995722,43
29,discounted_linucb__hybrid__z72_a0p5_hybrid_corr5_bsstablehie5_top10,discounted_linucb,hybrid,z72_a0p5_hybrid_corr5_bsstablehie5_top10,72,10,MOM_pct_14_z|vol_expansion_72_log1p_z|MACD_hist_pct_z|vol_ratio_72_log1p_z|ema_spread_9_21_z|ema_spread_100_200_z|ADX_72_scaled|ema_spread_50_100_z|ADX_30_scaled|dist_to_high_168_sqrt_z,187.7389073627824,-5.141840952146955,True,dro_minimax_median,"[-61.0, 0.0]",-61.0,0.0,-5.141840952146955,-6.009037927562737,0.5,11.3655001836221,0.5603454925733653,397.0,111.0,1,3142,-5.141840952146955,-5.141840952146955,0.0,-5.141840952146955,-5.141840952146955,-6.009037927562737,-6.009037927562737,0.0,-2.540250025899608,-6.009037927562737,-8.397115553014016,11.3655001836221,0.5603454925733653,397.0,111.0,4.0,6.594594594594595,4.0,5.0,0.8288288288288288,0.1711711711711711,9.0,0.2455,0.7545,0.7545,0.7495,discounted_linucb,0.1,7.056885837534306,0.9946734536061425,,7.056885837534306,0.0053265463938576,,0.0058881886127711,0.0058881886127711,44
4,discounted_linucb__hybrid__z72_a0p5_hybrid_corr5_bsstablehie5_top10,discounted_linucb,hybrid,z72_a0p5_hybrid_corr5_bsstablehie5_top10,72,10,MOM_pct_14_z|vol_expansion_72_log1p_z|MACD_hist_pct_z|vol_ratio_72_log1p_z|ema_spread_9_21_z|ema_spread_100_200_z|ADX_72_scaled|ema_spread_50_100_z|ADX_30_scaled|dist_to_high_168_sqrt_z,441.8929642347728,-5.3450052598961495,True,dro_minimax_median,"[-78.0, 0.0]",-78.0,0.0,-5.3450052598961495,-6.70718047442251,0.5,9.15415112566661,0.6387466262096614,449.0,128.0,1,3142,-5.3450052598961495,-5.3450052598961495,0.0,-5.3450052598961495,-5.3450052598961495,-6.70718047442251,-6.70718047442251,0.0,-1.2584796163170653,-6.70718047442251,-7.877995396182906,9.15415112566661,0.6387466262096614,449.0,128.0,4.0,6.433333333333334,4.0,5.0,0.8533333333333334,0.1466666666666666,7.0,0.2995,0.7005,0.7005,0.6955,discounted_linucb,0.1,28.74072224229912,0.9977370085497248,,28.74072224229912,0.002262991450275,,0.1055518481333876,0.1055518481333876,45
42,discounted_linucb__hybrid__z72_a0p5_hybrid_corr5_bsstablehie5_top10,discounted_linucb,hybrid,z72_a0p5_hybrid_corr5_bsstablehie5_top10,72,10,MOM_pct_14_z|vol_expansion_72_log1p_z|MACD_hist_pct_z|vol_ratio_72_log1p_z|ema_spread_9_21_z|ema_spread_100_200_z|ADX_72_scaled|ema_spread_50_100_z|ADX_30_scaled|dist_to_high_168_sqrt_z,230.10224300522523,-5.387754905525757,True,dro_minimax_median,"[-73.0, 0.0]",-73.0,0.0,-5.387754905525757,-6.546650714246785,0.5,10.549824922614071,0.5536372450190304,435.0,123.0,1,3142,-5.387754905525757,-5.387754905525757,0.0,-5.387754905525757,-5.387754905525757,-6.546650714246785,-6.546650714246785,0.0,-1.911067479362675,-6.546650714246785,-8.355852988942729,10.549824922614071,0.5536372450190304,435.0,123.0,4.0,6.166666666666667,4.0,5.0,0.8455284552845529,0.1544715447154471,9.0,0.2514999999999999,0.7485,0.7485,0.747,discounted_linucb,0.1,5.541701741291665,0.9956541058142692,,5.541701741291665,0.0043458941857306,,0.0247694035411833,0.0247694035411833,46
9,discounted_linucb__hybrid__z72_a0p5_hybrid_corr5_bsstablehie5_top10,discounted_linucb,hybrid,z72_a0p5_hybrid_corr5_bsstablehie5_top10,72,10,MOM_pct_14_z|vol_expansion_72_log1p_z|MACD_hist_pct_z|vol_ratio_72_log1p_z|ema_spread_9_21_z|ema_spread_100_200_z|ADX_72_scaled|ema_spread_50_100_z|ADX_30_scaled|dist_to_high_168_sqrt_z,188.7986696908553,-5.788218220296628,True,dro_minimax_median,"[-90.0, 0.0]",-90.0,0.0,-5.788218220296628,-7.181142866535983,0.5,9.112330969430928,0.6451514326662335,456.0,140.0,1,3142,-5.788218220296628,-5.788218220296628,0.0,-5.788218220296628,-5.788218220296628,-7.181142866535983,-7.181142866535983,0.0,-1.6094442815785612,-7.181142866535983,-8.665391064453296,9.112330969430928,0.6451514326662335,456.0,140.0,4.0,6.764285714285714,4.0,5.0,0.8428571428571429,0.1571428571428571,8.0,0.2794999999999999,0.7205,0.7205,0.7155,discounted_linucb,0.1,7.557556219121746,0.9947033525096473,,7.557556219121746,0.0052966474903527,,0.0874029982142577,0.0874029982142577,47
49,discounted_linucb__hybrid__z72_a0p5_hybrid_corr5_bsstablehie5_top10,discounted_linucb,hybrid,z72_a0p5_hybrid_corr5_bsstablehie5_top10,72,10,MOM_pct_14_z|vol_expansion_72_log1p_z|MACD_hist_pct_z|vol_ratio_72_log1p_z|ema_spread_9_21_z|ema_spread_100_200_z|ADX_72_scaled|ema_spread_50_100_z|ADX_30_scaled|dist_to_high_168_sqrt_z,279.72857037254033,-6.003941603947052,True,dro_minimax_median,"[-113.0, 0.0]",-113.0,0.0,-6.003941603947052,-7.718205104750972,0.5,9.988150423260954,0.6547196221443601,537.0,163.0,1,3142,-6.003941603947052,-6.003941603947052,0.0,-6.003941603947052,-6.003941603947052,-7.718205104750972,-7.718205104750972,0.0,-0.8611511015352921,-7.718205104750972,-8.507501366557424,9.988150423260954,0.6547196221443601,537.0,163.0,4.0,6.245398773006135,4.0,4.75,0.8546511627906976,0.1453488372093023,7.0,0.3435,0.6565,0.6565,0.655,discounted_linucb,0.1,0.7324438882748562,0.9964251059565772,,0.7324438882748562,0.0035748940434229,,0.1896514672254909,0.1896514672254909,48
39,discounted_linucb__hybrid__z72_a0p5_hybrid_corr5_bsstablehie5_top10,discounted_linucb,hybrid,z72_a0p5_hybrid_corr5_bsstablehie5_top10,72,10,MOM_pct_14_z|vol_expansion_72_log1p_z|MACD_hist_pct_z|vol_ratio_72_log1p_z|ema_spread_9_21_z|ema_spread_100_200_z|ADX_72_scaled|ema_spread_50_100_z|ADX_30_scaled|dist_to_high_168_sqrt_z,442.0504705823031,-1.4506168946896345,False,dro_minimax_median,"[3.0, 0.0]",3.0,0.0,-1.4506168946896345,-1.472161900838017,0.5,5.329128361658087,0.7028477123891076,223.0,47.0,1,3142,-1.4506168946896345,-1.4506168946896345,0.0,-1.4506168946896345,-1.4506168946896345,-1.472161900838017,-1.472161900838017,0.0,-1.472161900838017,-1.385981876244487,-2.86041080051744,5.329128361658087,0.7028477123891076,223.0,47.0,4.0,7.945945945945946,4.0,8.0,0.8378378378378378,0.1621621621621621,14.0,0.1474999999999999,0.8525,0.8525,0.8475,discounted_linucb,0.1,0.7433592166142786,0.9977378148728522,,0.7433592166142786,0.0022621851271478,,0.0055935158687434,0.0055935158687434,49
11,discounted_linucb__hybrid__z72_a0p5_hybrid_corr5_bsstablehie5_top10,discounted_linucb,hybrid,z72_a0p5_hybrid_corr5_bsstablehie5_top10,72,10,MOM_pct_14_z|vol_expansion_72_log1p_z|MACD_hist_pct_z|vol_ratio_72_log1p_z|ema_spread_9_21_z|ema_spread_100_200_z|ADX_72_scaled|ema_spread_50_100_z|ADX_30_scaled|dist_to_high_168_sqrt_z,340.1929586352581,-1.7918269982444983,False,dro_minimax_median,"[1.0, 0.0]",1.0,0.0,-1.7918269982444983,-2.048399890682203,0.5,5.995144003486219,0.6005241994442867,232.0,49.0,1,3142,-1.7918269982444983,-1.7918269982444983,0.0,-1.7918269982444983,-1.7918269982444983,-2.048399890682203,-2.048399890682203,0.0,-1.0221083209313846,-2.048399890682203,-3.042652376454188,5.995144003486219,0.6005241994442867,232.0,49.0,4.0,8.13,4.0,8.5,0.8072289156626506,0.1927710843373494,11.5,0.1654999999999999,0.8345,0.8345,0.833,discounted_linucb,0.1,0.5339370112355133,0.9970604917749866,,0.5339370112355133,0.0029395082250134,,0.0060589923729141,0.0060589923729141,50
