bandit_name,method_group,set_name,confirmation_rank,original_trial_number,confirmation_seed,symbol,mode,n_decisions,return_pct,drawdown_abs,trades,profit_factor,is_active,executed_action_1_ratio,constraint_applied_ratio,forced_singleton_ratio,decision_point_ratio,bandit_consulted_ratio,pending_update_queued_ratio,median_time_between_entries,median_holding_bars,mean_holding_bars,p25_holding_bars,p75_holding_bars,share_trades_closed_before_horizon,share_trades_closed_after_horizon
discounted_lints,corr,z24_a0p5_corr_pruned_top10,1,34,8000,BTCUSDT,val,2000.0,-5.4913973861714815,7.46753292849408,166,0.65468102397945,True,0.443,0.3335,0.3335,0.6665,0.6665,0.665,8.0,4.0,5.313253012048193,4.0,5.0,0.9216867469879518,0.0783132530120482
discounted_lints,corr,z24_a0p5_corr_pruned_top10,1,34,8000,BTCUSDT,val_first,,-1.1518844021831565,3.3212508643490235,74,0.8164925437577207,True,,,,,,,9.0,4.0,5.756756756756757,4.0,5.0,0.8648648648648649,0.13513513513513514
discounted_lints,corr,z24_a0p5_corr_pruned_top10,1,34,8000,BTCUSDT,val_second,,-4.390081649754962,6.389245245713537,91,0.5497576604116715,True,,,,,,,7.0,4.0,4.967032967032967,4.0,5.0,0.967032967032967,0.03296703296703297
discounted_lints,corr,z24_a0p5_corr_pruned_top10,1,34,8000,ETHUSDT,val,2000.0,-0.9662295966835877,5.368689623142964,172,0.9113805859980112,True,0.508,0.3445,0.34450000000000003,0.6555,0.6555,0.652,8.0,4.0,5.895348837209302,4.0,5.0,0.8662790697674418,0.13372093023255813
discounted_lints,corr,z24_a0p5_corr_pruned_top10,1,34,8000,ETHUSDT,val_first,,-1.6536255565778313,4.739888126647418,86,0.7931707335477673,True,,,,,,,8.0,4.0,5.883720930232558,4.0,4.0,0.8488372093023255,0.1511627906976744
discounted_lints,corr,z24_a0p5_corr_pruned_top10,1,34,8000,ETHUSDT,val_second,,0.6989540425709428,5.3267324538568195,86,1.011698486510469,True,,,,,,,8.0,4.0,5.906976744186046,4.0,5.0,0.8837209302325582,0.11627906976744186
discounted_lints,corr,z24_a0p5_corr_pruned_top10,1,34,8000,SOLUSDT,val,2000.0,-2.7939008146225075,9.60449143411104,159,0.8424739171361565,True,0.525,0.3185,0.3185,0.6815,0.6815,0.679,9.0,4.0,6.591194968553459,4.0,6.5,0.8301886792452831,0.16981132075471697
discounted_lints,corr,z24_a0p5_corr_pruned_top10,1,34,8000,SOLUSDT,val_first,,0.9623054733836289,4.70512734308871,65,1.0281726584943995,True,,,,,,,12.0,5.0,8.338461538461539,4.0,13.0,0.6923076923076923,0.3076923076923077
discounted_lints,corr,z24_a0p5_corr_pruned_top10,1,34,8000,SOLUSDT,val_second,,-3.720404630613716,9.60449143411104,94,0.7319630050298819,True,,,,,,,7.0,4.0,5.382978723404255,4.0,5.0,0.925531914893617,0.07446808510638298
discounted_lints,corr,z24_a0p5_corr_pruned_top10,1,34,8001,BTCUSDT,val,2000.0,-1.1628547967381997,4.51818808554012,131,0.8904972590966168,True,0.4875,0.2635,0.26349999999999996,0.7365,0.7365,0.735,11.0,4.0,7.412213740458015,4.0,7.0,0.8091603053435115,0.19083969465648856
discounted_lints,corr,z24_a0p5_corr_pruned_top10,1,34,8001,BTCUSDT,val_first,,1.150499426599061,2.010825548992501,57,1.1918371519555184,True,,,,,,,13.0,4.0,8.017543859649123,4.0,10.0,0.7368421052631579,0.2631578947368421
discounted_lints,corr,z24_a0p5_corr_pruned_top10,1,34,8001,BTCUSDT,val_second,,-2.287041820308544,4.51818808554012,73,0.7199017361276026,True,,,,,,,9.0,4.0,6.986301369863014,4.0,7.0,0.863013698630137,0.136986301369863
discounted_lints,corr,z24_a0p5_corr_pruned_top10,1,34,8001,ETHUSDT,val,2000.0,-7.749248602124037,10.199231734627679,175,0.6635148168771795,True,0.4905,0.35,0.35,0.65,0.65,0.648,8.0,4.0,5.605714285714286,4.0,5.0,0.8914285714285715,0.10857142857142857
discounted_lints,corr,z24_a0p5_corr_pruned_top10,1,34,8001,ETHUSDT,val_first,,-0.21603422159884866,3.7557182884286555,79,0.930971846683666,True,,,,,,,8.0,4.0,6.0,4.0,5.0,0.8607594936708861,0.13924050632911392
discounted_lints,corr,z24_a0p5_corr_pruned_top10,1,34,8001,ETHUSDT,val_second,,-7.549523935794311,9.459425970459968,96,0.5019041413763439,True,,,,,,,7.0,4.0,5.28125,4.0,4.0,0.9166666666666666,0.08333333333333333
discounted_lints,corr,z24_a0p5_corr_pruned_top10,1,34,8001,SOLUSDT,val,2000.0,-3.244799748063043,7.658731395574692,159,0.8270340875570232,True,0.524,0.3185,0.3185,0.6815,0.6815,0.677,8.0,4.0,6.578616352201258,4.0,6.0,0.8364779874213837,0.16352201257861634
discounted_lints,corr,z24_a0p5_corr_pruned_top10,1,34,8001,SOLUSDT,val_first,,-1.4740773401448304,4.935225324972736,70,0.8193537567375131,True,,,,,,,10.0,4.0,8.157142857142857,4.0,9.75,0.7428571428571429,0.2571428571428571
discounted_lints,corr,z24_a0p5_corr_pruned_top10,1,34,8001,SOLUSDT,val_second,,-1.7972147432014918,7.658731395574692,89,0.8329620221109085,True,,,,,,,7.0,4.0,5.337078651685394,4.0,4.0,0.9101123595505618,0.0898876404494382
discounted_lints,corr,z24_a0p5_corr_pruned_top10,1,34,8002,BTCUSDT,val,2000.0,-1.532590632596298,3.6057761860783133,130,0.8500369819052755,True,0.585,0.26,0.26,0.74,0.74,0.737,11.0,4.0,9.0,4.0,8.0,0.7769230769230769,0.2230769230769231
discounted_lints,corr,z24_a0p5_corr_pruned_top10,1,34,8002,BTCUSDT,val_first,,-0.3291886531060828,3.2712695217038124,73,0.8880758365201034,True,,,,,,,9.0,4.0,7.136986301369863,4.0,6.0,0.8082191780821918,0.1917808219178082
discounted_lints,corr,z24_a0p5_corr_pruned_top10,1,34,8002,BTCUSDT,val_second,,-1.2073765260141145,3.385122748948677,56,0.7841975013171636,True,,,,,,,12.0,5.0,10.964285714285714,4.0,9.5,0.75,0.25
discounted_lints,corr,z24_a0p5_corr_pruned_top10,1,34,8002,ETHUSDT,val,2000.0,-1.8266250398353723,6.70430656947093,163,0.8587125227522088,True,0.5125,0.3255,0.3255,0.6745,0.6745,0.671,8.0,4.0,6.288343558282208,4.0,6.0,0.8404907975460123,0.15950920245398773
discounted_lints,corr,z24_a0p5_corr_pruned_top10,1,34,8002,ETHUSDT,val_first,,-1.3092013254157542,4.20265232089192,79,0.8122939080735156,True,,,,,,,8.0,4.0,6.139240506329114,4.0,6.0,0.8607594936708861,0.13924050632911392
discounted_lints,corr,z24_a0p5_corr_pruned_top10,1,34,8002,ETHUSDT,val_second,,-0.5242876958831189,6.70430656947093,84,0.8942346431473296,True,,,,,,,9.0,4.0,6.428571428571429,4.0,6.25,0.8214285714285714,0.17857142857142858
discounted_lints,corr,z24_a0p5_corr_pruned_top10,1,34,8002,SOLUSDT,val,2000.0,-11.027563160766174,12.757256198154455,176,0.6109098323282446,True,0.507,0.3525,0.35250000000000004,0.6475,0.6475,0.643,8.0,4.0,5.75,4.0,6.0,0.8806818181818182,0.11931818181818182
discounted_lints,corr,z24_a0p5_corr_pruned_top10,1,34,8002,SOLUSDT,val_first,,-2.2715906061701263,4.824386216618959,81,0.7698281316280643,True,,,,,,,9.0,4.0,6.555555555555555,4.0,7.0,0.8271604938271605,0.1728395061728395
discounted_lints,corr,z24_a0p5_corr_pruned_top10,1,34,8002,SOLUSDT,val_second,,-8.959495615354673,10.725675509051868,95,0.5216703730333127,True,,,,,,,7.0,4.0,5.063157894736842,4.0,4.0,0.9263157894736842,0.07368421052631578
discounted_lints,corr,z24_a0p5_corr_pruned_top10,1,34,8003,BTCUSDT,val,2000.0,-2.320452848504251,5.06335251884903,145,0.8128156186761745,True,0.5305,0.29,0.29000000000000004,0.71,0.71,0.707,10.5,4.0,7.317241379310345,4.0,8.0,0.7862068965517242,0.21379310344827587
discounted_lints,corr,z24_a0p5_corr_pruned_top10,1,34,8003,BTCUSDT,val_first,,1.2425389547217724,1.9489521870781235,79,1.1181258785704031,True,,,,,,,10.0,4.0,6.822784810126582,4.0,7.0,0.7974683544303798,0.20253164556962025
discounted_lints,corr,z24_a0p5_corr_pruned_top10,1,34,8003,BTCUSDT,val_second,,-3.519263582296639,5.06335251884903,65,0.5533783132785026,True,,,,,,,12.0,5.0,7.707692307692308,4.0,8.0,0.7846153846153846,0.2153846153846154
discounted_lints,corr,z24_a0p5_corr_pruned_top10,1,34,8003,ETHUSDT,val,2000.0,-4.073726063744909,7.768957943496968,164,0.7769477238220154,True,0.5065,0.328,0.32799999999999996,0.672,0.672,0.669,8.0,4.0,6.176829268292683,4.0,6.0,0.8719512195121951,0.12804878048780488
discounted_lints,corr,z24_a0p5_corr_pruned_top10,1,34,8003,ETHUSDT,val_first,,-0.7810004858084252,3.148060655487017,83,0.8752170797228969,True,,,,,,,8.0,4.0,5.975903614457831,4.0,5.0,0.891566265060241,0.10843373493975904
discounted_lints,corr,z24_a0p5_corr_pruned_top10,1,34,8003,ETHUSDT,val_second,,-3.318644205302157,7.712227621594659,81,0.7031984211839184,True,,,,,,,9.0,4.0,6.382716049382716,4.0,7.0,0.8518518518518519,0.14814814814814814
discounted_lints,corr,z24_a0p5_corr_pruned_top10,1,34,8003,SOLUSDT,val,2000.0,-2.317558365484673,9.666933240696663,176,0.8765499320124317,True,0.519,0.3525,0.35250000000000004,0.6475,0.6475,0.643,8.0,4.0,5.886363636363637,4.0,5.0,0.8806818181818182,0.11931818181818182
discounted_lints,corr,z24_a0p5_corr_pruned_top10,1,34,8003,SOLUSDT,val_first,,2.2626528684196012,3.2956764588372156,81,1.1289009378516393,True,,,,,,,9.0,4.0,6.987654320987654,4.0,8.0,0.8024691358024691,0.19753086419753085
discounted_lints,corr,z24_a0p5_corr_pruned_top10,1,34,8003,SOLUSDT,val_second,,-4.478869954408083,9.666933240696663,95,0.7308518221965468,True,,,,,,,7.0,4.0,4.947368421052632,4.0,4.0,0.9473684210526315,0.05263157894736842
discounted_lints,corr,z24_a0p5_corr_pruned_top10,1,34,8004,BTCUSDT,val,2000.0,-4.233216085401271,6.164579584342389,160,0.7196040429523933,True,0.482,0.3215,0.3215,0.6785,0.6785,0.677,9.0,4.0,6.0,4.0,5.0,0.875,0.125
discounted_lints,corr,z24_a0p5_corr_pruned_top10,1,34,8004,BTCUSDT,val_first,,-1.7995196183546391,3.2149073860101685,82,0.7531563197657384,True,,,,,,,10.0,4.0,5.890243902439025,4.0,5.75,0.8536585365853658,0.14634146341463414
discounted_lints,corr,z24_a0p5_corr_pruned_top10,1,34,8004,BTCUSDT,val_second,,-2.4782938510976127,5.2570845416043515,77,0.6961887935969318,True,,,,,,,8.0,4.0,6.142857142857143,4.0,5.0,0.8961038961038961,0.1038961038961039
discounted_lints,corr,z24_a0p5_corr_pruned_top10,1,34,8004,ETHUSDT,val,2000.0,-5.775172756635872,8.920129398346411,150,0.702962480843164,True,0.522,0.3,0.30000000000000004,0.7,0.7,0.697,10.0,4.0,6.96,4.0,8.0,0.7866666666666666,0.21333333333333335
discounted_lints,corr,z24_a0p5_corr_pruned_top10,1,34,8004,ETHUSDT,val_first,,-3.1677075327086746,5.947431403991487,71,0.6606394861419885,True,,,,,,,10.0,4.0,7.23943661971831,4.0,8.5,0.7746478873239436,0.22535211267605634
discounted_lints,corr,z24_a0p5_corr_pruned_top10,1,34,8004,ETHUSDT,val_second,,-2.6927641156569315,6.192435438404775,79,0.7380252807953886,True,,,,,,,10.0,4.0,6.708860759493671,4.0,8.0,0.7974683544303798,0.20253164556962025
discounted_lints,corr,z24_a0p5_corr_pruned_top10,1,34,8004,SOLUSDT,val,2000.0,-10.070246899433489,13.676757314327382,180,0.6541755987441414,True,0.522,0.3615,0.36150000000000004,0.6385,0.6385,0.637,8.0,4.0,5.777777777777778,4.0,5.25,0.9055555555555556,0.09444444444444444
discounted_lints,corr,z24_a0p5_corr_pruned_top10,1,34,8004,SOLUSDT,val_first,,-2.7257832345420785,6.914547471639665,76,0.7466744279485552,True,,,,,,,11.0,5.0,7.2105263157894735,4.0,9.0,0.8289473684210527,0.17105263157894737
discounted_lints,corr,z24_a0p5_corr_pruned_top10,1,34,8004,SOLUSDT,val_second,,-7.550267593107396,11.616717709225322,104,0.5916876630810963,True,,,,,,,7.0,4.0,4.730769230769231,4.0,4.0,0.9615384615384616,0.038461538461538464
discounted_lints,corr,z24_a0p5_corr_pruned_top10,1,34,8005,BTCUSDT,val,2000.0,-5.42378770285723,6.395857351054179,144,0.63481208838682,True,0.4765,0.288,0.28800000000000003,0.712,0.712,0.709,10.0,4.0,6.618055555555555,4.0,7.0,0.8263888888888888,0.1736111111111111
discounted_lints,corr,z24_a0p5_corr_pruned_top10,1,34,8005,BTCUSDT,val_first,,0.09717521817593777,2.6508900096553045,61,0.9774531928056039,True,,,,,,,12.0,4.0,7.459016393442623,4.0,9.0,0.7540983606557377,0.2459016393442623
discounted_lints,corr,z24_a0p5_corr_pruned_top10,1,34,8005,BTCUSDT,val_second,,-5.515603121665979,6.170871084414975,83,0.43505814283292976,True,,,,,,,9.0,4.0,6.0,4.0,6.0,0.8795180722891566,0.12048192771084337
discounted_lints,corr,z24_a0p5_corr_pruned_top10,1,34,8005,ETHUSDT,val,2000.0,-7.875607425270603,11.403610597682645,170,0.6514255137417952,True,0.538,0.34,0.33999999999999997,0.66,0.66,0.658,8.0,4.0,6.329411764705882,4.0,6.0,0.8352941176470589,0.16470588235294117
discounted_lints,corr,z24_a0p5_corr_pruned_top10,1,34,8005,ETHUSDT,val_first,,-3.1969889299049092,6.151924893084148,93,0.6916411157364307,True,,,,,,,7.0,4.0,5.741935483870968,4.0,5.0,0.8817204301075269,0.11827956989247312
discounted_lints,corr,z24_a0p5_corr_pruned_top10,1,34,8005,ETHUSDT,val_second,,-4.833133229686326,9.006233283571019,77,0.6204337747422907,True,,,,,,,10.5,4.0,7.038961038961039,4.0,8.0,0.7792207792207793,0.22077922077922077
discounted_lints,corr,z24_a0p5_corr_pruned_top10,1,34,8005,SOLUSDT,val,2000.0,-6.01170583138585,8.622346300565919,169,0.7478698366085613,True,0.501,0.3385,0.3385,0.6615,0.6615,0.657,8.0,4.0,5.9171597633136095,4.0,5.0,0.8816568047337278,0.11834319526627218
discounted_lints,corr,z24_a0p5_corr_pruned_top10,1,34,8005,SOLUSDT,val_first,,-1.9002421373522038,4.840985682984689,73,0.785273981152977,True,,,,,,,10.0,4.0,7.287671232876712,4.0,8.0,0.7808219178082192,0.2191780821917808
discounted_lints,corr,z24_a0p5_corr_pruned_top10,1,34,8005,SOLUSDT,val_second,,-4.191104834112047,8.622346300565919,96,0.7243457812067647,True,,,,,,,7.0,4.0,4.875,4.0,4.0,0.9583333333333334,0.041666666666666664
discounted_lints,corr,z24_a0p5_corr_pruned_top10,1,34,8006,BTCUSDT,val,2000.0,-2.2479092428345337,5.868656617082568,144,0.8273521804816316,True,0.5215,0.2895,0.2895,0.7105,0.7105,0.709,10.0,4.5,7.215277777777778,4.0,7.0,0.7986111111111112,0.2013888888888889
discounted_lints,corr,z24_a0p5_corr_pruned_top10,1,34,8006,BTCUSDT,val_first,,0.682276704210949,2.235982526145275,77,1.0547693213039886,True,,,,,,,10.0,4.0,6.961038961038961,4.0,7.0,0.7792207792207793,0.22077922077922077
discounted_lints,corr,z24_a0p5_corr_pruned_top10,1,34,8006,BTCUSDT,val_second,,-2.9103294472113683,5.868656617082568,67,0.6275603510549307,True,,,,,,,11.0,5.0,7.507462686567164,4.0,7.0,0.8208955223880597,0.1791044776119403
discounted_lints,corr,z24_a0p5_corr_pruned_top10,1,34,8006,ETHUSDT,val,2000.0,-4.277535452072212,8.0787944281417,150,0.7484042756706625,True,0.519,0.3,0.30000000000000004,0.7,0.7,0.697,11.0,4.0,6.92,4.0,8.0,0.7866666666666666,0.21333333333333335
discounted_lints,corr,z24_a0p5_corr_pruned_top10,1,34,8006,ETHUSDT,val_first,,-3.2269545958564128,5.069242650935579,73,0.643829976350441,True,,,,,,,10.0,4.0,7.123287671232877,4.0,8.0,0.7808219178082192,0.2191780821917808
discounted_lints,corr,z24_a0p5_corr_pruned_top10,1,34,8006,ETHUSDT,val_second,,-1.085613097974092,5.668419207853237,77,0.8433563861438128,True,,,,,,,11.0,4.0,6.7272727272727275,4.0,8.0,0.7922077922077922,0.2077922077922078
discounted_lints,corr,z24_a0p5_corr_pruned_top10,1,34,8006,SOLUSDT,val,2000.0,-6.275336584221202,9.62930109331499,166,0.743683752626136,True,0.5335,0.332,0.33199999999999996,0.668,0.668,0.6645,9.0,4.0,6.427710843373494,4.0,7.0,0.8192771084337349,0.18072289156626506
discounted_lints,corr,z24_a0p5_corr_pruned_top10,1,34,8006,SOLUSDT,val_first,,-1.6349756473316712,5.4925087268258626,73,0.8132061175928713,True,,,,,,,11.0,4.0,7.657534246575342,4.0,10.0,0.7397260273972602,0.2602739726027397
discounted_lints,corr,z24_a0p5_corr_pruned_top10,1,34,8006,SOLUSDT,val_second,,-4.717490762013576,9.62930109331499,93,0.6991025644644628,True,,,,,,,8.0,4.0,5.462365591397849,4.0,5.0,0.8817204301075269,0.11827956989247312
discounted_lints,corr,z24_a0p5_corr_pruned_top10,1,34,8007,BTCUSDT,val,2000.0,-5.002469752228822,6.288525860875794,157,0.6753915350078539,True,0.451,0.3155,0.3155,0.6845,0.6845,0.683,8.0,4.0,5.719745222929936,4.0,5.0,0.8853503184713376,0.11464968152866242
discounted_lints,corr,z24_a0p5_corr_pruned_top10,1,34,8007,BTCUSDT,val_first,,-1.0494773902215981,3.1600086649155923,76,0.8414762323793913,True,,,,,,,8.0,4.0,6.0,4.0,5.25,0.8552631578947368,0.14473684210526316
discounted_lints,corr,z24_a0p5_corr_pruned_top10,1,34,8007,BTCUSDT,val_second,,-3.994918124481517,5.430779162940436,80,0.5383327446133457,True,,,,,,,8.0,4.0,5.475,4.0,5.0,0.9125,0.0875
discounted_lints,corr,z24_a0p5_corr_pruned_top10,1,34,8007,ETHUSDT,val,2000.0,-5.732435078624154,9.606545424390255,172,0.7241490062731735,True,0.505,0.3445,0.34450000000000003,0.6555,0.6555,0.653,8.0,4.0,5.8604651162790695,4.0,5.0,0.8837209302325582,0.11627906976744186
discounted_lints,corr,z24_a0p5_corr_pruned_top10,1,34,8007,ETHUSDT,val_first,,-2.6836247317448048,4.750791606378868,81,0.7032132891019341,True,,,,,,,7.5,4.0,6.283950617283951,4.0,5.0,0.8518518518518519,0.14814814814814814
discounted_lints,corr,z24_a0p5_corr_pruned_top10,1,34,8007,ETHUSDT,val_second,,-3.132885229721327,8.214579818701129,91,0.7386231667639902,True,,,,,,,8.0,4.0,5.483516483516484,4.0,5.0,0.9120879120879121,0.08791208791208792
discounted_lints,corr,z24_a0p5_corr_pruned_top10,1,34,8007,SOLUSDT,val,2000.0,-5.5898765134287824,9.11449043581738,150,0.7526220601186607,True,0.496,0.3005,0.3005,0.6995,0.6995,0.697,9.0,4.0,6.6,4.0,6.75,0.8533333333333334,0.14666666666666667
discounted_lints,corr,z24_a0p5_corr_pruned_top10,1,34,8007,SOLUSDT,val_first,,-1.9699611648675508,5.731154814346517,63,0.7643855781403199,True,,,,,,,11.5,5.0,8.317460317460318,4.0,9.5,0.746031746031746,0.25396825396825395
discounted_lints,corr,z24_a0p5_corr_pruned_top10,1,34,8007,SOLUSDT,val_second,,-3.6926593027767907,9.058981527320388,87,0.744949094254649,True,,,,,,,8.0,4.0,5.35632183908046,4.0,5.5,0.9310344827586207,0.06896551724137931
discounted_lints,corr,z24_a0p5_corr_pruned_top10,1,34,8008,BTCUSDT,val,2000.0,-5.516929895184985,6.429511147123113,175,0.6747188670700743,True,0.469,0.3495,0.34950000000000003,0.6505,0.6505,0.649,7.0,4.0,5.36,4.0,4.0,0.9314285714285714,0.06857142857142857
discounted_lints,corr,z24_a0p5_corr_pruned_top10,1,34,8008,BTCUSDT,val_first,,-0.15014197375141647,2.949391958579073,95,0.9562400244679565,True,,,,,,,6.0,4.0,4.936842105263158,4.0,4.0,0.9368421052631579,0.06315789473684211
discounted_lints,corr,z24_a0p5_corr_pruned_top10,1,34,8008,BTCUSDT,val_second,,-5.374857839079494,6.3369698695735055,80,0.46174811456245796,True,,,,,,,8.0,4.0,5.8625,4.0,5.0,0.925,0.075
discounted_lints,corr,z24_a0p5_corr_pruned_top10,1,34,8008,ETHUSDT,val,2000.0,-10.122607736045664,12.53316003781424,182,0.585171482881064,True,0.518,0.364,0.364,0.636,0.636,0.633,8.0,4.0,5.6923076923076925,4.0,4.75,0.8901098901098901,0.10989010989010989
discounted_lints,corr,z24_a0p5_corr_pruned_top10,1,34,8008,ETHUSDT,val_first,,-2.512754878125323,5.862911875238542,91,0.7361124684836386,True,,,,,,,7.5,4.0,5.538461538461538,4.0,4.0,0.9120879120879121,0.08791208791208792
discounted_lints,corr,z24_a0p5_corr_pruned_top10,1,34,8008,ETHUSDT,val_second,,-7.805998465139529,10.278683275090838,91,0.481904859198455,True,,,,,,,8.0,4.0,5.846153846153846,4.0,6.0,0.8681318681318682,0.13186813186813187
discounted_lints,corr,z24_a0p5_corr_pruned_top10,1,34,8008,SOLUSDT,val,2000.0,-6.823319760436053,11.156405968316774,156,0.7263327755693103,True,0.545,0.3125,0.3125,0.6875,0.6875,0.683,10.0,4.0,6.9743589743589745,4.0,8.0,0.8205128205128205,0.1794871794871795
discounted_lints,corr,z24_a0p5_corr_pruned_top10,1,34,8008,SOLUSDT,val_first,,-1.3135639743023009,5.528815507786733,69,0.8384948494161601,True,,,,,,,12.0,5.0,8.231884057971014,4.0,12.0,0.6956521739130435,0.30434782608695654
discounted_lints,corr,z24_a0p5_corr_pruned_top10,1,34,8008,SOLUSDT,val_second,,-5.583093288219498,11.156405968316774,87,0.6435260938859779,True,,,,,,,8.0,4.0,5.977011494252873,4.0,6.0,0.9195402298850575,0.08045977011494253
discounted_lints,corr,z24_a0p5_corr_pruned_top10,1,34,8009,BTCUSDT,val,2000.0,-2.5237927411413064,3.0721428025399344,170,0.8147699507533889,True,0.4795,0.34,0.33999999999999997,0.66,0.66,0.657,9.0,4.0,5.635294117647059,4.0,5.0,0.8941176470588236,0.10588235294117647
discounted_lints,corr,z24_a0p5_corr_pruned_top10,1,34,8009,BTCUSDT,val_first,,-0.6458957893431094,2.8287738031773424,80,0.894717389228686,True,,,,,,,9.0,4.0,6.275,4.0,6.25,0.8375,0.1625
discounted_lints,corr,z24_a0p5_corr_pruned_top10,1,34,8009,BTCUSDT,val_second,,-1.8901050608000625,3.0721428025399344,89,0.7412477106565488,True,,,,,,,8.0,4.0,5.078651685393258,4.0,5.0,0.9438202247191011,0.056179775280898875
discounted_lints,corr,z24_a0p5_corr_pruned_top10,1,34,8009,ETHUSDT,val,2000.0,-4.119715218545794,8.67062496117036,172,0.7757755181539416,True,0.5075,0.344,0.344,0.656,0.656,0.6535,8.0,4.0,5.901162790697675,4.0,5.25,0.877906976744186,0.12209302325581395
discounted_lints,corr,z24_a0p5_corr_pruned_top10,1,34,8009,ETHUSDT,val_first,,-0.3301372664309965,3.139410030763179,82,0.912862884884115,True,,,,,,,8.0,4.0,5.975609756097561,4.0,6.0,0.8902439024390244,0.10975609756097561
discounted_lints,corr,z24_a0p5_corr_pruned_top10,1,34,8009,ETHUSDT,val_second,,-3.8021302008259483,8.67062496117036,90,0.6944489215828199,True,,,,,,,7.0,4.0,5.833333333333333,4.0,5.0,0.8666666666666667,0.13333333333333333
discounted_lints,corr,z24_a0p5_corr_pruned_top10,1,34,8009,SOLUSDT,val,2000.0,-9.053646663578519,11.03271818284407,157,0.6661105779740991,True,0.516,0.314,0.31399999999999995,0.686,0.686,0.681,9.0,4.0,6.573248407643312,4.0,6.0,0.8343949044585988,0.16560509554140126
discounted_lints,corr,z24_a0p5_corr_pruned_top10,1,34,8009,SOLUSDT,val_first,,-2.7811544994906345,5.890311935762027,68,0.7178278070844508,True,,,,,,,13.0,4.5,8.382352941176471,4.0,12.25,0.7058823529411765,0.29411764705882354
discounted_lints,corr,z24_a0p5_corr_pruned_top10,1,34,8009,SOLUSDT,val_second,,-6.451930314328836,10.011533057515331,89,0.6365226284629281,True,,,,,,,8.0,4.0,5.191011235955056,4.0,5.0,0.9325842696629213,0.06741573033707865
discounted_lints,corr,z24_a0p5_corr_pruned_top10,1,34,8010,BTCUSDT,val,2000.0,-2.6982231686967117,4.6665307364543445,145,0.7982023193726749,True,0.494,0.2895,0.2895,0.7105,0.7105,0.709,9.0,4.0,6.813793103448276,4.0,6.0,0.8206896551724138,0.1793103448275862
discounted_lints,corr,z24_a0p5_corr_pruned_top10,1,34,8010,BTCUSDT,val_first,,0.10902603943527822,2.4654322098486725,68,0.9866590416907757,True,,,,,,,10.0,4.0,7.1911764705882355,4.0,8.0,0.7794117647058824,0.22058823529411764
discounted_lints,corr,z24_a0p5_corr_pruned_top10,1,34,8010,BTCUSDT,val_second,,-2.8041919087557154,4.500673746785111,76,0.6609526910521379,True,,,,,,,8.0,4.0,6.5131578947368425,4.0,6.0,0.8552631578947368,0.14473684210526316
discounted_lints,corr,z24_a0p5_corr_pruned_top10,1,34,8010,ETHUSDT,val,2000.0,-5.64291084667492,9.011810275657195,165,0.7209775375569121,True,0.5165,0.33,0.32999999999999996,0.67,0.67,0.6675,8.0,4.0,6.260606060606061,4.0,6.0,0.8545454545454545,0.14545454545454545
discounted_lints,corr,z24_a0p5_corr_pruned_top10,1,34,8010,ETHUSDT,val_first,,-1.1875087718495103,4.0948815070860345,81,0.8333516620078254,True,,,,,,,7.5,4.0,6.2592592592592595,4.0,6.0,0.8765432098765432,0.12345679012345678
discounted_lints,corr,z24_a0p5_corr_pruned_top10,1,34,8010,ETHUSDT,val_second,,-4.508946206546128,8.662376269832716,84,0.6523326225948196,True,,,,,,,9.0,4.0,6.261904761904762,4.0,6.25,0.8333333333333334,0.16666666666666666
discounted_lints,corr,z24_a0p5_corr_pruned_top10,1,34,8010,SOLUSDT,val,2000.0,-8.129250660416943,10.239066358853233,172,0.6992357115624559,True,0.511,0.345,0.345,0.655,0.655,0.651,8.0,4.0,5.924418604651163,4.0,5.0,0.872093023255814,0.12790697674418605
discounted_lints,corr,z24_a0p5_corr_pruned_top10,1,34,8010,SOLUSDT,val_first,,-1.8393842803553162,5.353043843503547,72,0.7948625065342706,True,,,,,,,11.0,4.0,7.569444444444445,4.0,9.0,0.7638888888888888,0.2361111111111111
discounted_lints,corr,z24_a0p5_corr_pruned_top10,1,34,8010,SOLUSDT,val_second,,-6.407729142639074,10.116282455526415,100,0.6327867460051422,True,,,,,,,6.0,4.0,4.74,4.0,4.0,0.95,0.05
discounted_lints,corr,z24_a0p5_corr_pruned_top10,1,34,8011,BTCUSDT,val,2000.0,-5.563212204715729,5.854507194014524,142,0.6400679236618355,True,0.491,0.284,0.28400000000000003,0.716,0.716,0.713,10.0,4.0,6.915492957746479,4.0,7.0,0.8380281690140845,0.1619718309859155
discounted_lints,corr,z24_a0p5_corr_pruned_top10,1,34,8011,BTCUSDT,val_first,,-0.8513185424834591,2.8146073448178544,64,0.8534848804649632,True,,,,,,,11.5,4.0,7.421875,4.0,8.0,0.8125,0.1875
discounted_lints,corr,z24_a0p5_corr_pruned_top10,1,34,8011,BTCUSDT,val_second,,-4.752351310139447,5.46674171067888,77,0.49463761765307734,True,,,,,,,9.0,4.0,6.532467532467533,4.0,6.0,0.8571428571428571,0.14285714285714285
discounted_lints,corr,z24_a0p5_corr_pruned_top10,1,34,8011,ETHUSDT,val,2000.0,-8.740580604841252,11.302333625785598,173,0.6285008702899504,True,0.515,0.3465,0.34650000000000003,0.6535,0.6535,0.651,8.0,4.0,5.942196531791907,4.0,6.0,0.8901734104046243,0.10982658959537572
discounted_lints,corr,z24_a0p5_corr_pruned_top10,1,34,8011,ETHUSDT,val_first,,-3.563262077037155,6.339859920881741,87,0.6591896799443207,True,,,,,,,8.0,4.0,5.873563218390805,4.0,5.0,0.8850574712643678,0.11494252873563218
discounted_lints,corr,z24_a0p5_corr_pruned_top10,1,34,8011,ETHUSDT,val_second,,-5.368616400048632,8.240063115237872,86,0.6044274922880623,True,,,,,,,8.0,4.0,6.011627906976744,4.0,6.0,0.8953488372093024,0.10465116279069768
discounted_lints,corr,z24_a0p5_corr_pruned_top10,1,34,8011,SOLUSDT,val,2000.0,-9.68424207556261,11.553438932474657,167,0.6597597867390979,True,0.536,0.3345,0.3345,0.6655,0.6655,0.661,9.0,4.0,6.407185628742515,4.0,6.0,0.8682634730538922,0.1317365269461078
discounted_lints,corr,z24_a0p5_corr_pruned_top10,1,34,8011,SOLUSDT,val_first,,-4.458657009849498,7.964083903520636,73,0.621044828939087,True,,,,,,,11.0,5.0,7.780821917808219,4.0,8.0,0.7945205479452054,0.2054794520547945
discounted_lints,corr,z24_a0p5_corr_pruned_top10,1,34,8011,SOLUSDT,val_second,,-5.4694490386761885,9.625955619368199,94,0.685265821797578,True,,,,,,,7.0,4.0,5.340425531914893,4.0,4.75,0.925531914893617,0.07446808510638298
discounted_lints,corr,z24_a0p5_corr_pruned_top10,1,34,8012,BTCUSDT,val,2000.0,-4.9860052208613,6.152491950579941,133,0.6607774827636191,True,0.5205,0.2655,0.26549999999999996,0.7345,0.7345,0.731,11.0,5.0,7.827067669172933,4.0,9.0,0.7744360902255639,0.22556390977443608
discounted_lints,corr,z24_a0p5_corr_pruned_top10,1,34,8012,BTCUSDT,val_first,,-1.6108615189152409,3.786122041477613,70,0.7627247863491441,True,,,,,,,12.0,4.0,7.742857142857143,4.0,10.0,0.7285714285714285,0.2714285714285714
discounted_lints,corr,z24_a0p5_corr_pruned_top10,1,34,8012,BTCUSDT,val_second,,-3.4304027396224512,5.169322450465142,63,0.5680664397576994,True,,,,,,,10.5,5.0,7.920634920634921,4.0,7.5,0.8253968253968254,0.1746031746031746
discounted_lints,corr,z24_a0p5_corr_pruned_top10,1,34,8012,ETHUSDT,val,2000.0,-5.392415994235278,9.776907077248854,178,0.7348192526678202,True,0.52,0.356,0.356,0.644,0.644,0.642,7.0,4.0,5.842696629213483,4.0,5.0,0.8764044943820225,0.12359550561797752
discounted_lints,corr,z24_a0p5_corr_pruned_top10,1,34,8012,ETHUSDT,val_first,,-2.398455552408152,5.329237321979918,94,0.7387966953473134,True,,,,,,,7.0,4.0,5.51063829787234,4.0,4.0,0.9042553191489362,0.09574468085106383
discounted_lints,corr,z24_a0p5_corr_pruned_top10,1,34,8012,ETHUSDT,val_second,,-3.067533878456985,8.812514963080098,84,0.7320864441285228,True,,,,,,,8.0,4.0,6.214285714285714,4.0,6.0,0.8452380952380952,0.15476190476190477
discounted_lints,corr,z24_a0p5_corr_pruned_top10,1,34,8012,SOLUSDT,val,2000.0,-8.792169938276528,10.844109543160696,156,0.6462986219400328,True,0.515,0.312,0.31200000000000006,0.688,0.688,0.685,10.0,4.0,6.602564102564102,4.0,7.0,0.8076923076923077,0.19230769230769232
discounted_lints,corr,z24_a0p5_corr_pruned_top10,1,34,8012,SOLUSDT,val_first,,-1.7575791321300493,6.130109933940453,68,0.8014204541109416,True,,,,,,,11.0,5.0,7.838235294117647,4.0,11.25,0.7352941176470589,0.2647058823529412
discounted_lints,corr,z24_a0p5_corr_pruned_top10,1,34,8012,SOLUSDT,val_second,,-7.160441226919256,10.844109543160696,88,0.5434425806058346,True,,,,,,,9.0,4.0,5.6477272727272725,4.0,6.0,0.8636363636363636,0.13636363636363635
discounted_lints,corr,z24_a0p5_corr_pruned_top10,1,34,8013,BTCUSDT,val,2000.0,-4.28506009717502,5.4166140440800925,139,0.6863446618261315,True,0.456,0.2775,0.27749999999999997,0.7225,0.7225,0.721,9.0,4.0,6.561151079136691,4.0,6.0,0.8345323741007195,0.16546762589928057
discounted_lints,corr,z24_a0p5_corr_pruned_top10,1,34,8013,BTCUSDT,val_first,,-1.3051400071140917,4.105986398109263,74,0.8019926880517811,True,,,,,,,8.0,4.0,5.918918918918919,4.0,5.0,0.8513513513513513,0.14864864864864866
discounted_lints,corr,z24_a0p5_corr_pruned_top10,1,34,8013,BTCUSDT,val_second,,-3.0193265285301862,4.768302681284952,65,0.5555501020351463,True,,,,,,,10.0,4.0,7.292307692307692,4.0,7.0,0.8153846153846154,0.18461538461538463
discounted_lints,corr,z24_a0p5_corr_pruned_top10,1,34,8013,ETHUSDT,val,2000.0,-6.932721262846597,10.403095577704402,190,0.7101403142934992,True,0.5355,0.3815,0.38149999999999995,0.6185,0.6185,0.616,7.0,4.0,5.6,4.0,5.0,0.9105263157894737,0.08947368421052632
discounted_lints,corr,z24_a0p5_corr_pruned_top10,1,34,8013,ETHUSDT,val_first,,-3.0893354720525124,6.123606736967813,101,0.7142066910381192,True,,,,,,,7.0,4.0,5.138613861386139,4.0,4.0,0.9306930693069307,0.06930693069306931
discounted_lints,corr,z24_a0p5_corr_pruned_top10,1,34,8013,ETHUSDT,val_second,,-3.9659059294611665,8.518924981775244,89,0.7068155558798698,True,,,,,,,8.0,4.0,6.123595505617978,4.0,6.0,0.8876404494382022,0.11235955056179775
discounted_lints,corr,z24_a0p5_corr_pruned_top10,1,34,8013,SOLUSDT,val,2000.0,-5.258655968738212,8.75041031513688,160,0.7789946244787003,True,0.5325,0.3205,0.3205,0.6795,0.6795,0.675,9.0,4.0,6.64375,4.0,7.0,0.81875,0.18125
discounted_lints,corr,z24_a0p5_corr_pruned_top10,1,34,8013,SOLUSDT,val_first,,-1.494749508617066,4.795912920639422,65,0.8128531561182832,True,,,,,,,13.5,5.0,8.661538461538461,4.0,13.0,0.6615384615384615,0.3384615384615385
discounted_lints,corr,z24_a0p5_corr_pruned_top10,1,34,8013,SOLUSDT,val_second,,-3.8210211550605666,8.75041031513688,95,0.7599111086528278,True,,,,,,,7.0,4.0,5.2631578947368425,4.0,5.0,0.9263157894736842,0.07368421052631578
discounted_lints,corr,z24_a0p5_corr_pruned_top10,1,34,8014,BTCUSDT,val,2000.0,-5.872684767631398,6.120864211874144,141,0.6230646309636705,True,0.475,0.282,0.28200000000000003,0.718,0.718,0.715,10.0,4.0,6.73758865248227,4.0,6.0,0.8297872340425532,0.1702127659574468
discounted_lints,corr,z24_a0p5_corr_pruned_top10,1,34,8014,BTCUSDT,val_first,,-0.5605960062420645,2.9277213376067035,61,0.8913676419484009,True,,,,,,,11.0,4.0,7.278688524590164,4.0,8.0,0.7868852459016393,0.21311475409836064
discounted_lints,corr,z24_a0p5_corr_pruned_top10,1,34,8014,BTCUSDT,val_second,,-5.342036001867823,5.923147751225011,79,0.44516591223609625,True,,,,,,,10.0,4.0,6.3544303797468356,4.0,6.0,0.8607594936708861,0.13924050632911392
discounted_lints,corr,z24_a0p5_corr_pruned_top10,1,34,8014,ETHUSDT,val,2000.0,-5.098784822472435,9.791282544288793,173,0.7468432278111391,True,0.5355,0.346,0.346,0.654,0.654,0.652,8.0,4.0,6.190751445086705,4.0,6.0,0.8554913294797688,0.14450867052023122
discounted_lints,corr,z24_a0p5_corr_pruned_top10,1,34,8014,ETHUSDT,val_first,,-2.3777729309048867,4.713320551169153,85,0.7402135439363101,True,,,,,,,9.0,4.0,6.305882352941176,4.0,6.0,0.8588235294117647,0.1411764705882353
discounted_lints,corr,z24_a0p5_corr_pruned_top10,1,34,8014,ETHUSDT,val_second,,-2.7872872533851067,8.811054703683086,88,0.7515997207913893,True,,,,,,,8.0,4.0,6.079545454545454,4.0,5.25,0.8522727272727273,0.14772727272727273
discounted_lints,corr,z24_a0p5_corr_pruned_top10,1,34,8014,SOLUSDT,val,2000.0,-1.5194370673619728,7.525329941786363,159,0.8864193707700557,True,0.5595,0.318,0.31799999999999995,0.682,0.682,0.6785,9.0,4.0,7.037735849056604,4.0,7.0,0.7987421383647799,0.20125786163522014
discounted_lints,corr,z24_a0p5_corr_pruned_top10,1,34,8014,SOLUSDT,val_first,,0.08697847657723745,5.928881571626176,64,0.9344578355965552,True,,,,,,,14.0,5.0,9.25,4.0,13.25,0.65625,0.34375
discounted_lints,corr,z24_a0p5_corr_pruned_top10,1,34,8014,SOLUSDT,val_second,,-1.6050195224098562,7.525329941786363,95,0.8523936338696843,True,,,,,,,8.0,4.0,5.5473684210526315,4.0,5.5,0.8947368421052632,0.10526315789473684
discounted_lints,corr,z24_a0p5_corr_pruned_top10,1,34,8015,BTCUSDT,val,2000.0,-3.097630300748022,5.016707512959484,155,0.7851066972732057,True,0.4765,0.3095,0.3095,0.6905,0.6905,0.689,9.0,4.0,6.148387096774194,4.0,7.0,0.8709677419354839,0.12903225806451613
discounted_lints,corr,z24_a0p5_corr_pruned_top10,1,34,8015,BTCUSDT,val_first,,0.6653843591478914,2.1054470088500477,74,1.050901034627661,True,,,,,,,10.0,4.0,6.337837837837838,4.0,7.0,0.8513513513513513,0.14864864864864866
discounted_lints,corr,z24_a0p5_corr_pruned_top10,1,34,8015,BTCUSDT,val_second,,-3.7381416500337994,5.016707512959484,81,0.5757240189066865,True,,,,,,,9.0,4.0,5.9753086419753085,4.0,6.0,0.8888888888888888,0.1111111111111111
discounted_lints,corr,z24_a0p5_corr_pruned_top10,1,34,8015,ETHUSDT,val,2000.0,-4.661996171291516,8.139300648133919,213,0.7793267247404693,True,0.496,0.4255,0.4255,0.5745,0.5745,0.572,7.0,4.0,4.657276995305164,4.0,4.0,0.9624413145539906,0.03755868544600939
discounted_lints,corr,z24_a0p5_corr_pruned_top10,1,34,8015,ETHUSDT,val_first,,-2.1827358790533213,4.370837461034083,104,0.7662533142662635,True,,,,,,,7.0,4.0,4.75,4.0,4.0,0.9519230769230769,0.04807692307692308
discounted_lints,corr,z24_a0p5_corr_pruned_top10,1,34,8015,ETHUSDT,val_second,,-2.5345835569196673,7.167212025756431,109,0.788925173597537,True,,,,,,,7.0,4.0,4.568807339449541,4.0,4.0,0.9724770642201835,0.027522935779816515
discounted_lints,corr,z24_a0p5_corr_pruned_top10,1,34,8015,SOLUSDT,val,2000.0,-6.200215462121039,10.69278923143553,166,0.7449388291883035,True,0.5395,0.332,0.33199999999999996,0.668,0.668,0.6645,9.0,4.0,6.5,4.0,6.0,0.8192771084337349,0.18072289156626506
discounted_lints,corr,z24_a0p5_corr_pruned_top10,1,34,8015,SOLUSDT,val_first,,-0.9845633346658222,4.300859992959127,69,0.8566681406646133,True,,,,,,,12.0,5.0,8.333333333333334,4.0,12.0,0.6956521739130435,0.30434782608695654
discounted_lints,corr,z24_a0p5_corr_pruned_top10,1,34,8015,SOLUSDT,val_second,,-5.267514140329233,10.69278923143553,97,0.6800818504221063,True,,,,,,,8.0,4.0,5.195876288659794,4.0,5.0,0.9072164948453608,0.09278350515463918
discounted_lints,corr,z24_a0p5_corr_pruned_top10,1,34,8016,BTCUSDT,val,2000.0,-5.659637903445702,6.334460760535931,132,0.6191914804594184,True,0.533,0.264,0.264,0.736,0.736,0.733,12.0,4.0,8.075757575757576,4.0,10.0,0.7121212121212122,0.2878787878787879
discounted_lints,corr,z24_a0p5_corr_pruned_top10,1,34,8016,BTCUSDT,val_first,,-2.3909431747688115,4.23409039926762,70,0.6707764193535352,True,,,,,,,11.0,4.0,7.685714285714286,4.0,10.0,0.7142857142857143,0.2857142857142857
discounted_lints,corr,z24_a0p5_corr_pruned_top10,1,34,8016,BTCUSDT,val_second,,-3.348761718422788,4.878601912930214,62,0.5709946346972737,True,,,,,,,12.0,5.0,8.516129032258064,4.0,10.0,0.7096774193548387,0.2903225806451613
discounted_lints,corr,z24_a0p5_corr_pruned_top10,1,34,8016,ETHUSDT,val,2000.0,-6.442333366792708,10.178417262760108,168,0.697435125588432,True,0.5385,0.336,0.33599999999999997,0.664,0.664,0.661,8.0,4.0,6.410714285714286,4.0,7.0,0.8511904761904762,0.1488095238095238
discounted_lints,corr,z24_a0p5_corr_pruned_top10,1,34,8016,ETHUSDT,val_first,,-3.5425068301039198,5.81099234608895,83,0.6650968911263867,True,,,,,,,8.0,4.0,6.240963855421687,4.0,6.0,0.8433734939759037,0.1566265060240964
discounted_lints,corr,z24_a0p5_corr_pruned_top10,1,34,8016,ETHUSDT,val_second,,-3.0063258347188926,7.184024065739935,85,0.726612156845739,True,,,,,,,9.0,4.0,6.576470588235294,4.0,7.0,0.8588235294117647,0.1411764705882353
discounted_lints,corr,z24_a0p5_corr_pruned_top10,1,34,8016,SOLUSDT,val,2000.0,-5.871733986705518,9.08452172334856,158,0.7567939356915101,True,0.512,0.3165,0.3165,0.6835,0.6835,0.679,9.0,4.0,6.468354430379747,4.0,7.0,0.8417721518987342,0.15822784810126583
discounted_lints,corr,z24_a0p5_corr_pruned_top10,1,34,8016,SOLUSDT,val_first,,-2.015035602819182,6.356251716598171,73,0.7767393594883603,True,,,,,,,11.0,5.0,7.602739726027397,4.0,9.0,0.7671232876712328,0.2328767123287671
discounted_lints,corr,z24_a0p5_corr_pruned_top10,1,34,8016,SOLUSDT,val_second,,-3.936010394669598,8.754412861339667,85,0.7447333112244957,True,,,,,,,8.0,4.0,5.4941176470588236,4.0,4.0,0.9058823529411765,0.09411764705882353
discounted_lints,corr,z24_a0p5_corr_pruned_top10,1,34,8017,BTCUSDT,val,2000.0,-4.197756461931479,5.282007873412686,121,0.6912650841726368,True,0.517,0.2415,0.24150000000000005,0.7585,0.7585,0.7555,12.0,5.0,8.545454545454545,4.0,11.0,0.7272727272727273,0.2727272727272727
discounted_lints,corr,z24_a0p5_corr_pruned_top10,1,34,8017,BTCUSDT,val_first,,-0.9901522134036167,3.166973173727372,66,0.8030571101599127,True,,,,,,,11.0,4.5,7.575757575757576,4.0,9.0,0.7575757575757576,0.24242424242424243
discounted_lints,corr,z24_a0p5_corr_pruned_top10,1,34,8017,BTCUSDT,val_second,,-3.239682031873692,4.9717028890794435,54,0.5419706518775655,True,,,,,,,12.0,5.0,9.518518518518519,4.0,12.5,0.7037037037037037,0.2962962962962963
discounted_lints,corr,z24_a0p5_corr_pruned_top10,1,34,8017,ETHUSDT,val,2000.0,-7.071484608447376,10.710220995282338,185,0.6933278826309978,True,0.4795,0.37,0.37,0.63,0.63,0.627,7.0,4.0,5.183783783783784,4.0,4.0,0.9135135135135135,0.08648648648648649
discounted_lints,corr,z24_a0p5_corr_pruned_top10,1,34,8017,ETHUSDT,val_first,,-3.8089105266446044,5.940525865288892,88,0.6468866050974706,True,,,,,,,7.0,4.0,5.3522727272727275,4.0,4.0,0.9090909090909091,0.09090909090909091
discounted_lints,corr,z24_a0p5_corr_pruned_top10,1,34,8017,ETHUSDT,val_second,,-3.391763311617846,7.174583952029567,97,0.728725340645614,True,,,,,,,8.0,4.0,5.030927835051546,4.0,4.0,0.9175257731958762,0.08247422680412371
discounted_lints,corr,z24_a0p5_corr_pruned_top10,1,34,8017,SOLUSDT,val,2000.0,-5.130568887895759,8.762151295352727,147,0.7800342284238542,True,0.5365,0.2945,0.2945,0.7055,0.7055,0.703,10.0,4.0,7.285714285714286,4.0,8.0,0.7755102040816326,0.22448979591836735
discounted_lints,corr,z24_a0p5_corr_pruned_top10,1,34,8017,SOLUSDT,val_first,,0.359458400792545,4.89833177933895,57,0.9562461502972065,True,,,,,,,16.5,6.0,10.087719298245615,4.0,13.0,0.5789473684210527,0.42105263157894735
discounted_lints,corr,z24_a0p5_corr_pruned_top10,1,34,8017,SOLUSDT,val_second,,-5.470363607148521,8.61485584569046,90,0.6694633478630742,True,,,,,,,8.0,4.0,5.511111111111111,4.0,5.75,0.9,0.1
discounted_lints,corr,z24_a0p5_corr_pruned_top10,1,34,8018,BTCUSDT,val,2000.0,-7.025959847951069,7.425971728088987,133,0.5641916090228405,True,0.552,0.266,0.266,0.734,0.734,0.7315,12.0,4.0,8.300751879699249,4.0,10.0,0.7218045112781954,0.2781954887218045
discounted_lints,corr,z24_a0p5_corr_pruned_top10,1,34,8018,BTCUSDT,val_first,,-1.7772954492770165,4.309578070788877,72,0.7536536816469783,True,,,,,,,10.0,4.0,7.666666666666667,4.0,10.0,0.7222222222222222,0.2777777777777778
discounted_lints,corr,z24_a0p5_corr_pruned_top10,1,34,8018,BTCUSDT,val_second,,-5.343636608950842,5.916523983342437,61,0.3870268605163293,True,,,,,,,12.0,5.0,9.049180327868852,4.0,10.0,0.7213114754098361,0.2786885245901639
discounted_lints,corr,z24_a0p5_corr_pruned_top10,1,34,8018,ETHUSDT,val,2000.0,-1.9377786572283173,5.3188303366673795,185,0.8777051043707612,True,0.4765,0.3695,0.36950000000000005,0.6305,0.6305,0.6265,7.0,4.0,5.151351351351352,4.0,5.0,0.9243243243243243,0.07567567567567568
discounted_lints,corr,z24_a0p5_corr_pruned_top10,1,34,8018,ETHUSDT,val_first,,-1.4082327995168398,3.423982422684324,82,0.8288098578593075,True,,,,,,,8.0,4.0,5.634146341463414,4.0,5.0,0.8780487804878049,0.12195121951219512
discounted_lints,corr,z24_a0p5_corr_pruned_top10,1,34,8018,ETHUSDT,val_second,,-0.5371096114289875,4.562898917989722,103,0.9160282890901565,True,,,,,,,7.0,4.0,4.766990291262136,4.0,4.0,0.9611650485436893,0.038834951456310676
discounted_lints,corr,z24_a0p5_corr_pruned_top10,1,34,8018,SOLUSDT,val,2000.0,-4.997247729642029,8.52998880498127,166,0.762287865643035,True,0.51,0.3325,0.3325,0.6675,0.6675,0.663,8.0,4.0,6.132530120481928,4.0,5.0,0.8795180722891566,0.12048192771084337
discounted_lints,corr,z24_a0p5_corr_pruned_top10,1,34,8018,SOLUSDT,val_first,,-1.2591851271163135,5.015610842491725,69,0.8107839379377947,True,,,,,,,11.0,4.0,7.72463768115942,4.0,8.0,0.7681159420289855,0.2318840579710145
discounted_lints,corr,z24_a0p5_corr_pruned_top10,1,34,8018,SOLUSDT,val_second,,-3.7857319765266295,8.52998880498127,97,0.7326531074692961,True,,,,,,,7.0,4.0,5.0,4.0,4.0,0.9587628865979382,0.041237113402061855
discounted_lints,corr,z24_a0p5_corr_pruned_top10,1,34,8019,BTCUSDT,val,2000.0,-4.380242909851417,5.425322867630578,125,0.6893769811547873,True,0.5355,0.25,0.25,0.75,0.75,0.7475,12.0,5.0,8.568,4.0,10.0,0.704,0.296
discounted_lints,corr,z24_a0p5_corr_pruned_top10,1,34,8019,BTCUSDT,val_first,,-1.8157011931619893,3.8630012514126677,66,0.7381064895476126,True,,,,,,,12.0,4.0,8.136363636363637,4.0,10.75,0.696969696969697,0.30303030303030304
discounted_lints,corr,z24_a0p5_corr_pruned_top10,1,34,8019,BTCUSDT,val_second,,-2.6119672369762093,4.321500435084557,59,0.6420992043281948,True,,,,,,,12.0,5.0,9.05084745762712,4.0,10.0,0.711864406779661,0.288135593220339
discounted_lints,corr,z24_a0p5_corr_pruned_top10,1,34,8019,ETHUSDT,val,2000.0,-4.8675352121298365,8.487004392604291,177,0.7619827073546027,True,0.5145,0.3555,0.35550000000000004,0.6445,0.6445,0.643,7.0,4.0,5.790960451977401,4.0,5.0,0.8757062146892656,0.12429378531073447
discounted_lints,corr,z24_a0p5_corr_pruned_top10,1,34,8019,ETHUSDT,val_first,,-1.3811335257270962,4.272672614267082,88,0.8227639703004976,True,,,,,,,7.0,4.0,5.840909090909091,4.0,5.0,0.8863636363636364,0.11363636363636363
discounted_lints,corr,z24_a0p5_corr_pruned_top10,1,34,8019,ETHUSDT,val_second,,-3.53522790419849,8.110012567408498,89,0.7214814812756779,True,,,,,,,7.0,4.0,5.741573033707865,4.0,5.0,0.8651685393258427,0.1348314606741573
discounted_lints,corr,z24_a0p5_corr_pruned_top10,1,34,8019,SOLUSDT,val,2000.0,-1.1473980861680944,8.147413126468173,178,0.9040150876867812,True,0.5205,0.3565,0.35650000000000004,0.6435,0.6435,0.639,8.0,4.0,5.837078651685394,4.0,5.0,0.8820224719101124,0.11797752808988764
discounted_lints,corr,z24_a0p5_corr_pruned_top10,1,34,8019,SOLUSDT,val_first,,2.17336344415493,4.6382618066713395,82,1.123661835916822,True,,,,,,,9.0,4.0,6.609756097560975,4.0,6.75,0.8170731707317073,0.18292682926829268
discounted_lints,corr,z24_a0p5_corr_pruned_top10,1,34,8019,SOLUSDT,val_second,,-3.2501245122835365,8.147413126468173,96,0.7707845883830738,True,,,,,,,7.0,4.0,5.177083333333333,4.0,5.0,0.9375,0.0625
discounted_lints,corr,z24_a0p5_corr_pruned_top10,1,34,8020,BTCUSDT,val,2000.0,-3.995748546265332,5.492969711817786,126,0.7164367098461987,True,0.535,0.252,0.252,0.748,0.748,0.745,12.0,4.0,8.492063492063492,4.0,9.75,0.746031746031746,0.25396825396825395
discounted_lints,corr,z24_a0p5_corr_pruned_top10,1,34,8020,BTCUSDT,val_first,,-1.8221087804682679,4.605846956116244,66,0.7130325260664635,True,,,,,,,11.5,4.0,8.196969696969697,4.0,10.0,0.7272727272727273,0.2727272727272727
discounted_lints,corr,z24_a0p5_corr_pruned_top10,1,34,8020,BTCUSDT,val_second,,-2.2139809062884375,4.243846847777954,59,0.6879838365204076,True,,,,,,,12.0,5.0,8.610169491525424,4.0,8.5,0.7796610169491526,0.22033898305084745
discounted_lints,corr,z24_a0p5_corr_pruned_top10,1,34,8020,ETHUSDT,val,2000.0,-6.543394473127062,10.143682124768361,188,0.7177410373957829,True,0.5085,0.376,0.376,0.624,0.624,0.622,8.0,4.0,5.409574468085107,4.0,4.0,0.9095744680851063,0.09042553191489362
discounted_lints,corr,z24_a0p5_corr_pruned_top10,1,34,8020,ETHUSDT,val_first,,-2.7418831545973354,5.100349660224901,98,0.7422248918609526,True,,,,,,,6.0,4.0,5.112244897959184,4.0,4.0,0.9285714285714286,0.07142857142857142
discounted_lints,corr,z24_a0p5_corr_pruned_top10,1,34,8020,ETHUSDT,val_second,,-3.908682834742172,9.013382865506214,90,0.6991319860328115,True,,,,,,,8.0,4.0,5.733333333333333,4.0,6.0,0.8888888888888888,0.1111111111111111
discounted_lints,corr,z24_a0p5_corr_pruned_top10,1,34,8020,SOLUSDT,val,2000.0,-8.074950158093264,10.600784157264476,168,0.6877555338826505,True,0.5185,0.337,0.33699999999999997,0.663,0.663,0.659,8.0,4.0,6.154761904761905,4.0,5.25,0.8630952380952381,0.13690476190476192
discounted_lints,corr,z24_a0p5_corr_pruned_top10,1,34,8020,SOLUSDT,val_first,,-4.064608869807362,5.441238529360848,76,0.636480343967771,True,,,,,,,11.0,4.0,7.2105263157894735,4.0,8.0,0.7894736842105263,0.21052631578947367
discounted_lints,corr,z24_a0p5_corr_pruned_top10,1,34,8020,SOLUSDT,val_second,,-4.180252189563205,8.571560411611422,92,0.7244170093613255,True,,,,,,,7.0,4.0,5.282608695652174,4.0,4.25,0.9239130434782609,0.07608695652173914
discounted_lints,corr,z24_a0p5_corr_pruned_top10,1,34,8021,BTCUSDT,val,2000.0,-4.776034447961342,5.42598712713489,170,0.6916365770142923,True,0.461,0.3395,0.3395,0.6605,0.6605,0.657,9.0,4.0,5.423529411764706,4.0,5.0,0.9117647058823529,0.08823529411764706
discounted_lints,corr,z24_a0p5_corr_pruned_top10,1,34,8021,BTCUSDT,val_first,,-1.5234081795401977,3.9804230583299294,84,0.7872677853764063,True,,,,,,,8.0,4.0,5.595238095238095,4.0,5.0,0.8690476190476191,0.13095238095238096
discounted_lints,corr,z24_a0p5_corr_pruned_top10,1,34,8021,BTCUSDT,val_second,,-3.3029435811012364,4.889759347211131,86,0.603317934790958,True,,,,,,,9.0,4.0,5.255813953488372,4.0,5.0,0.9534883720930233,0.046511627906976744
discounted_lints,corr,z24_a0p5_corr_pruned_top10,1,34,8021,ETHUSDT,val,2000.0,-7.4421581041390965,10.1824978755244,196,0.673962441479266,True,0.4685,0.3915,0.39149999999999996,0.6085,0.6085,0.6045,7.0,4.0,4.780612244897959,4.0,4.0,0.9438775510204082,0.05612244897959184
discounted_lints,corr,z24_a0p5_corr_pruned_top10,1,34,8021,ETHUSDT,val_first,,-1.4865378591475298,4.3953912214038215,97,0.8289390647047751,True,,,,,,,7.0,4.0,4.896907216494846,4.0,4.0,0.9381443298969072,0.061855670103092786
discounted_lints,corr,z24_a0p5_corr_pruned_top10,1,34,8021,ETHUSDT,val_second,,-6.045488723638948,9.737824904221748,99,0.5805369980686234,True,,,,,,,6.5,4.0,4.666666666666667,4.0,4.0,0.9494949494949495,0.050505050505050504
discounted_lints,corr,z24_a0p5_corr_pruned_top10,1,34,8021,SOLUSDT,val,2000.0,-2.4764872360779733,8.059138822568846,146,0.8461997284901742,True,0.5305,0.292,0.29200000000000004,0.708,0.708,0.703,10.0,4.0,7.267123287671233,4.0,8.0,0.7671232876712328,0.2328767123287671
discounted_lints,corr,z24_a0p5_corr_pruned_top10,1,34,8021,SOLUSDT,val_first,,1.245826720132337,3.5726653624525206,64,1.0381205081126628,True,,,,,,,14.0,5.0,8.921875,4.0,13.25,0.640625,0.359375
discounted_lints,corr,z24_a0p5_corr_pruned_top10,1,34,8021,SOLUSDT,val_second,,-3.6765109998061263,8.059138822568846,82,0.7329945624450931,True,,,,,,,9.0,4.0,5.975609756097561,4.0,6.0,0.8658536585365854,0.13414634146341464
discounted_lints,corr,z24_a0p5_corr_pruned_top10,1,34,8022,BTCUSDT,val,2000.0,-3.9630443189382913,6.006331225040896,139,0.7289982728150253,True,0.466,0.2795,0.27949999999999997,0.7205,0.7205,0.719,10.0,4.0,6.676258992805756,4.0,6.5,0.841726618705036,0.15827338129496402
discounted_lints,corr,z24_a0p5_corr_pruned_top10,1,34,8022,BTCUSDT,val_first,,-0.08452255679742837,2.332558588064737,72,0.9525147289821337,True,,,,,,,8.0,4.0,6.055555555555555,4.0,5.0,0.8472222222222222,0.1527777777777778
discounted_lints,corr,z24_a0p5_corr_pruned_top10,1,34,8022,BTCUSDT,val_second,,-3.881802761084363,6.006331225040896,67,0.5403966175001027,True,,,,,,,10.0,4.0,7.343283582089552,4.0,7.0,0.835820895522388,0.16417910447761194
discounted_lints,corr,z24_a0p5_corr_pruned_top10,1,34,8022,ETHUSDT,val,2000.0,-11.749633090201161,14.451506748480059,174,0.5483001119966604,True,0.531,0.3475,0.34750000000000003,0.6525,0.6525,0.6495,8.0,4.0,6.103448275862069,4.0,6.0,0.8390804597701149,0.16091954022988506
discounted_lints,corr,z24_a0p5_corr_pruned_top10,1,34,8022,ETHUSDT,val_first,,-4.4506107634168295,6.9300361909537145,90,0.6134367964077545,True,,,,,,,8.0,4.0,5.511111111111111,4.0,4.75,0.8888888888888888,0.1111111111111111
discounted_lints,corr,z24_a0p5_corr_pruned_top10,1,34,8022,ETHUSDT,val_second,,-7.63900469181621,10.692834902971049,84,0.5010383581480139,True,,,,,,,10.0,4.0,6.738095238095238,4.0,8.0,0.7857142857142857,0.21428571428571427
discounted_lints,corr,z24_a0p5_corr_pruned_top10,1,34,8022,SOLUSDT,val,2000.0,-7.183215339252714,10.720518148740311,155,0.7215641288235728,True,0.5335,0.3105,0.3105,0.6895,0.6895,0.685,9.0,4.0,6.870967741935484,4.0,6.0,0.8,0.2
discounted_lints,corr,z24_a0p5_corr_pruned_top10,1,34,8022,SOLUSDT,val_first,,-0.5801988977272465,3.63151118020022,62,0.8865541413262287,True,,,,,,,14.0,5.0,9.290322580645162,4.0,14.0,0.6290322580645161,0.3709677419354839
discounted_lints,corr,z24_a0p5_corr_pruned_top10,1,34,8022,SOLUSDT,val_second,,-6.641550645160688,10.720518148740311,93,0.6359711490383048,True,,,,,,,8.0,4.0,5.258064516129032,4.0,5.0,0.9139784946236559,0.08602150537634409
discounted_lints,corr,z24_a0p5_corr_pruned_top10,1,34,8023,BTCUSDT,val,2000.0,-4.824637283744915,6.888829451618261,137,0.6636325139046048,True,0.481,0.2755,0.27549999999999997,0.7245,0.7245,0.723,10.0,4.0,6.992700729927007,4.0,7.0,0.8248175182481752,0.17518248175182483
discounted_lints,corr,z24_a0p5_corr_pruned_top10,1,34,8023,BTCUSDT,val_first,,0.4226207252156611,2.3300091256729494,58,1.0372020942923457,True,,,,,,,14.0,4.0,8.086206896551724,4.0,9.75,0.7413793103448276,0.25862068965517243
discounted_lints,corr,z24_a0p5_corr_pruned_top10,1,34,8023,BTCUSDT,val_second,,-5.225175335065746,6.228801764386582,79,0.45803782514511365,True,,,,,,,9.0,4.0,6.189873417721519,4.0,5.5,0.8860759493670886,0.11392405063291139
discounted_lints,corr,z24_a0p5_corr_pruned_top10,1,34,8023,ETHUSDT,val,2000.0,-7.3213574260359575,9.068612370507767,165,0.6568004195111302,True,0.538,0.33,0.32999999999999996,0.67,0.67,0.667,8.0,4.0,6.5212121212121215,4.0,6.0,0.8303030303030303,0.1696969696969697
discounted_lints,corr,z24_a0p5_corr_pruned_top10,1,34,8023,ETHUSDT,val_first,,-1.2935179512216344,4.172203579191736,84,0.8312804709461861,True,,,,,,,8.0,4.0,6.464285714285714,4.0,6.25,0.7976190476190477,0.20238095238095238
discounted_lints,corr,z24_a0p5_corr_pruned_top10,1,34,8023,ETHUSDT,val_second,,-6.106832448790456,8.645844857319085,81,0.5229933877985078,True,,,,,,,8.0,4.0,6.580246913580247,4.0,6.0,0.8641975308641975,0.13580246913580246
discounted_lints,corr,z24_a0p5_corr_pruned_top10,1,34,8023,SOLUSDT,val,2000.0,-6.850031423571967,8.833669560530911,152,0.7130517628756124,True,0.4915,0.3045,0.3045,0.6955,0.6955,0.691,9.0,4.0,6.453947368421052,4.0,7.0,0.8223684210526315,0.17763157894736842
discounted_lints,corr,z24_a0p5_corr_pruned_top10,1,34,8023,SOLUSDT,val_first,,-1.2190054392286376,5.275444569745158,63,0.82805834201677,True,,,,,,,13.0,5.0,8.047619047619047,4.0,11.5,0.7142857142857143,0.2857142857142857
discounted_lints,corr,z24_a0p5_corr_pruned_top10,1,34,8023,SOLUSDT,val_second,,-5.7005155793192985,8.833669560530911,89,0.648840673598689,True,,,,,,,7.0,4.0,5.325842696629214,4.0,4.0,0.898876404494382,0.10112359550561797
discounted_lints,corr,z24_a0p5_corr_pruned_top10,1,34,8024,BTCUSDT,val,2000.0,-2.8422632116020585,5.0167362645553215,142,0.7954111399864978,True,0.5135,0.2855,0.2855,0.7145,0.7145,0.713,10.0,4.0,7.204225352112676,4.0,7.75,0.8028169014084507,0.19718309859154928
discounted_lints,corr,z24_a0p5_corr_pruned_top10,1,34,8024,BTCUSDT,val_first,,-1.6703544555334182,4.173350272042375,68,0.7563947048672238,True,,,,,,,11.5,4.0,7.367647058823529,4.0,10.0,0.7352941176470589,0.2647058823529412
discounted_lints,corr,z24_a0p5_corr_pruned_top10,1,34,8024,BTCUSDT,val_second,,-1.1918163129538417,4.257904501042297,74,0.8308953174281786,True,,,,,,,9.0,4.0,7.054054054054054,4.0,7.0,0.8648648648648649,0.13513513513513514
discounted_lints,corr,z24_a0p5_corr_pruned_top10,1,34,8024,ETHUSDT,val,2000.0,-8.777515268437508,12.373456586341359,206,0.6477305587543697,True,0.502,0.412,0.41200000000000003,0.588,0.588,0.586,7.0,4.0,4.87378640776699,4.0,4.0,0.941747572815534,0.05825242718446602
discounted_lints,corr,z24_a0p5_corr_pruned_top10,1,34,8024,ETHUSDT,val_first,,-5.042070205786519,6.84679110771389,107,0.5876320930730824,True,,,,,,,6.0,4.0,4.757009345794392,4.0,4.0,0.9532710280373832,0.04672897196261682
discounted_lints,corr,z24_a0p5_corr_pruned_top10,1,34,8024,ETHUSDT,val_second,,-3.9337894905103754,7.78527604861069,99,0.6995361023578714,True,,,,,,,7.0,4.0,5.0,4.0,4.0,0.9292929292929293,0.0707070707070707
discounted_lints,corr,z24_a0p5_corr_pruned_top10,1,34,8024,SOLUSDT,val,2000.0,-7.255831870319662,11.41960839795999,182,0.717092735606981,True,0.5,0.364,0.364,0.636,0.636,0.631,7.0,4.0,5.4945054945054945,4.0,5.0,0.9120879120879121,0.08791208791208792
discounted_lints,corr,z24_a0p5_corr_pruned_top10,1,34,8024,SOLUSDT,val_first,,-3.002754083847592,6.738228058722163,83,0.7396498021116286,True,,,,,,,10.0,4.0,6.0602409638554215,4.0,7.0,0.891566265060241,0.10843373493975904
discounted_lints,corr,z24_a0p5_corr_pruned_top10,1,34,8024,SOLUSDT,val_second,,-4.384740768978713,10.369530689257466,99,0.6979125937874412,True,,,,,,,7.0,4.0,5.02020202020202,4.0,4.0,0.9292929292929293,0.0707070707070707
discounted_lints,corr,z24_a0p5_corr_pruned_top10,2,3,8000,BTCUSDT,val,2000.0,-5.057077044436853,5.94159710136537,137,0.6554340267576019,True,0.4515,0.274,0.274,0.726,0.726,0.723,9.0,4.0,6.591240875912408,4.0,7.0,0.8467153284671532,0.15328467153284672
discounted_lints,corr,z24_a0p5_corr_pruned_top10,2,3,8000,BTCUSDT,val_first,,-0.922140793701387,3.727866717079331,63,0.8320857679968321,True,,,,,,,8.5,4.0,6.666666666666667,4.0,7.0,0.8253968253968254,0.1746031746031746
discounted_lints,corr,z24_a0p5_corr_pruned_top10,2,3,8000,BTCUSDT,val_second,,-4.173421068904759,5.398418625061896,74,0.5236380860490069,True,,,,,,,10.0,4.0,6.527027027027027,4.0,6.0,0.8648648648648649,0.13513513513513514
discounted_lints,corr,z24_a0p5_corr_pruned_top10,2,3,8000,ETHUSDT,val,2000.0,-5.480227366724122,8.780668920947365,161,0.7298054889613077,True,0.511,0.322,0.32199999999999995,0.678,0.678,0.6755,9.0,4.0,6.3478260869565215,4.0,6.0,0.84472049689441,0.15527950310559005
discounted_lints,corr,z24_a0p5_corr_pruned_top10,2,3,8000,ETHUSDT,val_first,,-0.8801854693954447,3.5670923224029205,78,0.8640136751976503,True,,,,,,,8.0,4.0,6.448717948717949,4.0,5.0,0.8333333333333334,0.16666666666666666
discounted_lints,corr,z24_a0p5_corr_pruned_top10,2,3,8000,ETHUSDT,val_second,,-4.6408903397497365,8.04597196677631,83,0.6510223176065014,True,,,,,,,9.5,4.0,6.253012048192771,4.0,6.5,0.8554216867469879,0.14457831325301204
discounted_lints,corr,z24_a0p5_corr_pruned_top10,2,3,8000,SOLUSDT,val,2000.0,-2.279896102739598,9.522099274271035,154,0.864661713767753,True,0.536,0.3085,0.3085,0.6915,0.6915,0.687,10.0,4.0,6.9480519480519485,4.0,7.0,0.8051948051948052,0.19480519480519481
discounted_lints,corr,z24_a0p5_corr_pruned_top10,2,3,8000,SOLUSDT,val_first,,1.8301566146681214,4.379112284384057,64,1.094460007407217,True,,,,,,,15.0,5.0,8.65625,4.0,13.0,0.671875,0.328125
discounted_lints,corr,z24_a0p5_corr_pruned_top10,2,3,8000,SOLUSDT,val_second,,-4.03618422483667,9.522099274271035,90,0.7225547905051629,True,,,,,,,8.0,4.0,5.733333333333333,4.0,5.75,0.9,0.1
discounted_lints,corr,z24_a0p5_corr_pruned_top10,2,3,8001,BTCUSDT,val,2000.0,-4.089597247544985,4.766557174879759,128,0.7041283320975598,True,0.528,0.256,0.256,0.744,0.744,0.741,12.0,4.0,8.25,4.0,10.0,0.71875,0.28125
discounted_lints,corr,z24_a0p5_corr_pruned_top10,2,3,8001,BTCUSDT,val_first,,-1.8238981766770523,3.9818780207043103,64,0.7285480542249705,True,,,,,,,12.0,4.0,8.015625,4.0,10.25,0.6875,0.3125
discounted_lints,corr,z24_a0p5_corr_pruned_top10,2,3,8001,BTCUSDT,val_second,,-2.307790825658651,3.8854674284493074,64,0.6824838406765346,True,,,,,,,12.0,5.0,8.484375,4.0,9.25,0.75,0.25
discounted_lints,corr,z24_a0p5_corr_pruned_top10,2,3,8001,ETHUSDT,val,2000.0,-8.910770776485666,11.545362285685812,174,0.6246329433688832,True,0.499,0.348,0.348,0.652,0.652,0.6495,8.0,4.0,5.735632183908046,4.0,5.0,0.8735632183908046,0.12643678160919541
discounted_lints,corr,z24_a0p5_corr_pruned_top10,2,3,8001,ETHUSDT,val_first,,-2.46303720953176,5.156210154151031,86,0.7309009182059591,True,,,,,,,8.0,4.0,5.813953488372093,4.0,5.0,0.872093023255814,0.12790697674418605
discounted_lints,corr,z24_a0p5_corr_pruned_top10,2,3,8001,ETHUSDT,val_second,,-6.610553971016209,10.718989088170405,88,0.5579060034545902,True,,,,,,,8.0,4.0,5.659090909090909,4.0,6.0,0.875,0.125
discounted_lints,corr,z24_a0p5_corr_pruned_top10,2,3,8001,SOLUSDT,val,2000.0,-5.93232006778538,11.426184504912895,160,0.7559648872314734,True,0.5045,0.32,0.31999999999999995,0.68,0.68,0.677,10.0,4.0,6.30625,4.0,6.25,0.825,0.175
discounted_lints,corr,z24_a0p5_corr_pruned_top10,2,3,8001,SOLUSDT,val_first,,1.2031484469458231,5.265928060760472,71,1.044220829897015,True,,,,,,,12.0,5.0,7.47887323943662,4.0,10.0,0.7183098591549296,0.28169014084507044
discounted_lints,corr,z24_a0p5_corr_pruned_top10,2,3,8001,SOLUSDT,val_second,,-7.0506388627542105,11.426184504912895,89,0.6056051599683375,True,,,,,,,8.0,4.0,5.370786516853933,4.0,5.0,0.9101123595505618,0.0898876404494382
discounted_lints,corr,z24_a0p5_corr_pruned_top10,2,3,8002,BTCUSDT,val,2000.0,-5.284071703252602,6.021967320292687,139,0.653118939947916,True,0.545,0.2775,0.27749999999999997,0.7225,0.7225,0.721,11.5,4.0,7.841726618705036,4.0,8.5,0.7841726618705036,0.2158273381294964
discounted_lints,corr,z24_a0p5_corr_pruned_top10,2,3,8002,BTCUSDT,val_first,,-1.4787069695937571,3.875903484770016,69,0.7541876815727919,True,,,,,,,12.0,4.0,7.608695652173913,4.0,9.0,0.7536231884057971,0.2463768115942029
discounted_lints,corr,z24_a0p5_corr_pruned_top10,2,3,8002,BTCUSDT,val_second,,-3.862479487032733,5.749407316252652,69,0.5141676880314843,True,,,,,,,11.0,4.0,7.826086956521739,4.0,7.0,0.8260869565217391,0.17391304347826086
discounted_lints,corr,z24_a0p5_corr_pruned_top10,2,3,8002,ETHUSDT,val,2000.0,-7.643748584572252,11.20486663750061,205,0.6868131735565693,True,0.519,0.41,0.41000000000000003,0.59,0.59,0.588,7.0,4.0,5.0634146341463415,4.0,4.0,0.926829268292683,0.07317073170731707
discounted_lints,corr,z24_a0p5_corr_pruned_top10,2,3,8002,ETHUSDT,val_first,,-3.68656300179111,5.4385780862099775,108,0.6889523470577117,True,,,,,,,7.0,4.0,4.916666666666667,4.0,4.0,0.9351851851851852,0.06481481481481481
discounted_lints,corr,z24_a0p5_corr_pruned_top10,2,3,8002,ETHUSDT,val_second,,-4.10865368957265,7.647353913991051,97,0.6850472355518156,True,,,,,,,7.0,4.0,5.22680412371134,4.0,5.0,0.9175257731958762,0.08247422680412371
discounted_lints,corr,z24_a0p5_corr_pruned_top10,2,3,8002,SOLUSDT,val,2000.0,-10.509826873072614,12.994174670416147,169,0.6312259585824812,True,0.5125,0.338,0.33799999999999997,0.662,0.662,0.6575,8.0,4.0,6.06508875739645,4.0,6.0,0.8757396449704142,0.1242603550295858
discounted_lints,corr,z24_a0p5_corr_pruned_top10,2,3,8002,SOLUSDT,val_first,,-2.80530064596074,7.057449399040205,76,0.7459681889657188,True,,,,,,,10.0,4.0,6.907894736842105,4.0,7.25,0.8157894736842105,0.18421052631578946
discounted_lints,corr,z24_a0p5_corr_pruned_top10,2,3,8002,SOLUSDT,val_second,,-7.926899592587389,12.45813151614561,93,0.5523345644981997,True,,,,,,,8.0,4.0,5.376344086021505,4.0,5.0,0.9247311827956989,0.07526881720430108
discounted_lints,corr,z24_a0p5_corr_pruned_top10,2,3,8003,BTCUSDT,val,2000.0,-2.222528228720322,4.31526950483393,110,0.7906541210192586,True,0.5565,0.2195,0.21950000000000003,0.7805,0.7805,0.777,14.0,6.0,10.118181818181819,4.0,13.75,0.6545454545454545,0.34545454545454546
discounted_lints,corr,z24_a0p5_corr_pruned_top10,2,3,8003,BTCUSDT,val_first,,-0.2757174022808728,3.177421601369368,54,0.909578143688716,True,,,,,,,16.0,7.0,10.203703703703704,4.0,14.0,0.5740740740740741,0.42592592592592593
discounted_lints,corr,z24_a0p5_corr_pruned_top10,2,3,8003,BTCUSDT,val_second,,-1.952193363268151,3.932083795883201,56,0.6735236666412754,True,,,,,,,13.0,5.0,10.035714285714286,4.0,10.25,0.7321428571428571,0.26785714285714285
discounted_lints,corr,z24_a0p5_corr_pruned_top10,2,3,8003,ETHUSDT,val,2000.0,-5.7863278841835175,10.482404818256208,165,0.7200607701970679,True,0.5075,0.33,0.32999999999999996,0.67,0.67,0.6675,8.0,4.0,6.151515151515151,4.0,6.0,0.8424242424242424,0.15757575757575756
discounted_lints,corr,z24_a0p5_corr_pruned_top10,2,3,8003,ETHUSDT,val_first,,-1.4915588463962903,4.351638643328015,80,0.8048864950006396,True,,,,,,,9.0,4.0,6.3625,4.0,6.0,0.8375,0.1625
discounted_lints,corr,z24_a0p5_corr_pruned_top10,2,3,8003,ETHUSDT,val_second,,-4.359797990398018,10.211857847694361,85,0.6671424855286419,True,,,,,,,8.0,4.0,5.952941176470588,4.0,5.0,0.8470588235294118,0.15294117647058825
discounted_lints,corr,z24_a0p5_corr_pruned_top10,2,3,8003,SOLUSDT,val,2000.0,-11.631577909469282,11.870927479482852,166,0.5947111387752714,True,0.509,0.3325,0.3325,0.6675,0.6675,0.663,9.0,4.0,6.120481927710843,4.0,6.0,0.8433734939759037,0.1566265060240964
discounted_lints,corr,z24_a0p5_corr_pruned_top10,2,3,8003,SOLUSDT,val_first,,-2.0542191138216648,5.749886806347293,71,0.7846521637540222,True,,,,,,,11.5,4.0,7.549295774647887,4.0,10.0,0.7323943661971831,0.2676056338028169
discounted_lints,corr,z24_a0p5_corr_pruned_top10,2,3,8003,SOLUSDT,val_second,,-9.778224961805515,10.836987353478245,95,0.46530761034809237,True,,,,,,,7.0,4.0,5.052631578947368,4.0,5.0,0.9263157894736842,0.07368421052631578
discounted_lints,corr,z24_a0p5_corr_pruned_top10,2,3,8004,BTCUSDT,val,2000.0,-3.8470524885744317,5.985589992146512,142,0.7394294487987708,True,0.486,0.2855,0.2855,0.7145,0.7145,0.713,10.0,4.0,6.816901408450704,4.0,7.0,0.8450704225352113,0.15492957746478872
discounted_lints,corr,z24_a0p5_corr_pruned_top10,2,3,8004,BTCUSDT,val_first,,-1.0433115114825475,3.9369780095344864,72,0.840249405850673,True,,,,,,,11.0,4.0,6.916666666666667,4.0,8.0,0.8055555555555556,0.19444444444444445
discounted_lints,corr,z24_a0p5_corr_pruned_top10,2,3,8004,BTCUSDT,val_second,,-2.8333011339776504,5.569503988659708,69,0.6585350261186754,True,,,,,,,10.0,4.0,6.753623188405797,4.0,6.0,0.8840579710144928,0.11594202898550725
discounted_lints,corr,z24_a0p5_corr_pruned_top10,2,3,8004,ETHUSDT,val,2000.0,-5.574730709394549,9.171577824378952,159,0.7073785384289063,True,0.5205,0.3175,0.3175,0.6825,0.6825,0.6795,9.0,4.0,6.547169811320755,4.0,6.5,0.8364779874213837,0.16352201257861634
discounted_lints,corr,z24_a0p5_corr_pruned_top10,2,3,8004,ETHUSDT,val_first,,-2.485878237048167,5.242730613544444,78,0.6908760223589205,True,,,,,,,9.0,4.0,6.67948717948718,4.0,6.0,0.8461538461538461,0.15384615384615385
discounted_lints,corr,z24_a0p5_corr_pruned_top10,2,3,8004,ETHUSDT,val_second,,-3.167595027779768,7.1281612973752235,81,0.7178034609699392,True,,,,,,,9.5,4.0,6.419753086419753,4.0,7.0,0.8271604938271605,0.1728395061728395
discounted_lints,corr,z24_a0p5_corr_pruned_top10,2,3,8004,SOLUSDT,val,2000.0,-5.068105093596243,11.040331207390375,159,0.7773281092131826,True,0.5295,0.318,0.31799999999999995,0.682,0.682,0.679,9.0,4.0,6.660377358490566,4.0,7.0,0.8113207547169812,0.18867924528301888
discounted_lints,corr,z24_a0p5_corr_pruned_top10,2,3,8004,SOLUSDT,val_first,,1.0283306668820824,4.175282651194245,64,1.0247925068656998,True,,,,,,,14.0,5.0,8.609375,4.0,13.0,0.6875,0.3125
discounted_lints,corr,z24_a0p5_corr_pruned_top10,2,3,8004,SOLUSDT,val_second,,-6.03438235615309,11.040331207390375,95,0.6268538561675155,True,,,,,,,7.0,4.0,5.347368421052631,4.0,5.0,0.8947368421052632,0.10526315789473684
discounted_lints,corr,z24_a0p5_corr_pruned_top10,2,3,8005,BTCUSDT,val,2000.0,-4.624960061585693,4.878973222290261,152,0.6993547576371427,True,0.4505,0.304,0.30400000000000005,0.696,0.696,0.693,9.0,4.0,5.927631578947368,4.0,6.0,0.8881578947368421,0.1118421052631579
discounted_lints,corr,z24_a0p5_corr_pruned_top10,2,3,8005,BTCUSDT,val_first,,-0.7206347103509647,3.1843356519412502,65,0.8727645558768239,True,,,,,,,11.0,4.0,6.769230769230769,4.0,7.0,0.8307692307692308,0.16923076923076924
discounted_lints,corr,z24_a0p5_corr_pruned_top10,2,3,8005,BTCUSDT,val_second,,-3.932665503897814,4.539199314725018,86,0.5803310097856348,True,,,,,,,9.0,4.0,5.313953488372093,4.0,5.0,0.9302325581395349,0.06976744186046512
discounted_lints,corr,z24_a0p5_corr_pruned_top10,2,3,8005,ETHUSDT,val,2000.0,-4.793364495385566,9.27191803409102,171,0.748824277280494,True,0.516,0.342,0.34199999999999997,0.658,0.658,0.6555,8.0,4.0,6.035087719298246,4.0,5.0,0.8713450292397661,0.1286549707602339
discounted_lints,corr,z24_a0p5_corr_pruned_top10,2,3,8005,ETHUSDT,val_first,,-1.301197445360469,4.166034333206148,85,0.8229861979500951,True,,,,,,,8.0,4.0,6.023529411764706,4.0,5.0,0.8588235294117647,0.1411764705882353
discounted_lints,corr,z24_a0p5_corr_pruned_top10,2,3,8005,ETHUSDT,val_second,,-3.538206097375729,8.378840246498154,86,0.6944484552523829,True,,,,,,,9.0,4.0,6.046511627906977,4.0,5.0,0.8837209302325582,0.11627906976744186
discounted_lints,corr,z24_a0p5_corr_pruned_top10,2,3,8005,SOLUSDT,val,2000.0,-10.183883350139,12.792398835402608,160,0.6316226403150597,True,0.533,0.32,0.31999999999999995,0.68,0.68,0.675,10.0,4.0,6.6625,4.0,8.0,0.8,0.2
discounted_lints,corr,z24_a0p5_corr_pruned_top10,2,3,8005,SOLUSDT,val_first,,-2.9345219135758382,7.217679949371747,76,0.7335880563872069,True,,,,,,,11.0,4.0,7.631578947368421,4.0,10.75,0.7368421052631579,0.2631578947368421
discounted_lints,corr,z24_a0p5_corr_pruned_top10,2,3,8005,SOLUSDT,val_second,,-7.468526997939007,12.679933202810656,84,0.5572929500929037,True,,,,,,,9.0,4.0,5.785714285714286,4.0,5.25,0.8571428571428571,0.14285714285714285
discounted_lints,corr,z24_a0p5_corr_pruned_top10,2,3,8006,BTCUSDT,val,2000.0,-4.5834641590987495,5.49379916113929,138,0.6864475315994903,True,0.4615,0.2755,0.27549999999999997,0.7245,0.7245,0.721,9.0,4.0,6.688405797101449,4.0,6.75,0.8623188405797102,0.13768115942028986
discounted_lints,corr,z24_a0p5_corr_pruned_top10,2,3,8006,BTCUSDT,val_first,,-1.2976609494231184,4.203260714401102,72,0.8061634244273085,True,,,,,,,9.0,4.0,6.180555555555555,4.0,5.25,0.8611111111111112,0.1388888888888889
discounted_lints,corr,z24_a0p5_corr_pruned_top10,2,3,8006,BTCUSDT,val_second,,-3.329002373481671,5.011449427519299,66,0.5688648752081793,True,,,,,,,10.0,4.0,7.242424242424242,4.0,7.0,0.8636363636363636,0.13636363636363635
discounted_lints,corr,z24_a0p5_corr_pruned_top10,2,3,8006,ETHUSDT,val,2000.0,-4.3476441318407115,9.260314115635815,183,0.7900839990762051,True,0.5005,0.366,0.366,0.634,0.634,0.632,7.0,4.0,5.469945355191257,4.0,4.0,0.907103825136612,0.09289617486338798
discounted_lints,corr,z24_a0p5_corr_pruned_top10,2,3,8006,ETHUSDT,val_first,,-0.38843317104305664,3.21034304823522,92,0.9214681562391737,True,,,,,,,8.0,4.0,5.576086956521739,4.0,5.0,0.9021739130434783,0.09782608695652174
discounted_lints,corr,z24_a0p5_corr_pruned_top10,2,3,8006,ETHUSDT,val_second,,-3.97464981912794,9.260314115635815,91,0.7074021120865643,True,,,,,,,7.0,4.0,5.362637362637362,4.0,4.0,0.9120879120879121,0.08791208791208792
discounted_lints,corr,z24_a0p5_corr_pruned_top10,2,3,8006,SOLUSDT,val,2000.0,-6.518063037955047,11.15686568714106,146,0.7169924328232493,True,0.5055,0.2925,0.2925,0.7075,0.7075,0.705,9.0,4.0,6.910958904109589,4.0,7.75,0.7945205479452054,0.2054794520547945
discounted_lints,corr,z24_a0p5_corr_pruned_top10,2,3,8006,SOLUSDT,val_first,,0.0024206584812835885,4.819253149944858,57,0.9398324359961302,True,,,,,,,13.5,5.0,9.105263157894736,4.0,12.0,0.6666666666666666,0.3333333333333333
discounted_lints,corr,z24_a0p5_corr_pruned_top10,2,3,8006,SOLUSDT,val_second,,-6.52032586161535,11.15686568714106,89,0.5954471538489401,True,,,,,,,8.0,4.0,5.50561797752809,4.0,5.0,0.8764044943820225,0.12359550561797752
discounted_lints,corr,z24_a0p5_corr_pruned_top10,2,3,8007,BTCUSDT,val,2000.0,-5.409724549565698,6.861434195315985,139,0.6515871554069673,True,0.498,0.2775,0.27749999999999997,0.7225,0.7225,0.719,11.0,4.0,7.16546762589928,4.0,8.0,0.8057553956834532,0.19424460431654678
discounted_lints,corr,z24_a0p5_corr_pruned_top10,2,3,8007,BTCUSDT,val_first,,-2.3957571681423984,4.788092978423064,69,0.6670473554996552,True,,,,,,,11.0,4.0,7.260869565217392,4.0,8.0,0.7681159420289855,0.2318840579710145
discounted_lints,corr,z24_a0p5_corr_pruned_top10,2,3,8007,BTCUSDT,val_second,,-3.087947095307575,5.299533115512234,70,0.6386063260834566,True,,,,,,,11.0,4.0,7.071428571428571,4.0,7.0,0.8428571428571429,0.15714285714285714
discounted_lints,corr,z24_a0p5_corr_pruned_top10,2,3,8007,ETHUSDT,val,2000.0,-6.03481285245997,10.1610583259108,172,0.7065721305746918,True,0.536,0.344,0.344,0.656,0.656,0.653,8.0,4.0,6.232558139534884,4.0,6.0,0.8604651162790697,0.13953488372093023
discounted_lints,corr,z24_a0p5_corr_pruned_top10,2,3,8007,ETHUSDT,val_first,,-0.6023686906336922,4.313123701337118,87,0.893184078988928,True,,,,,,,7.0,4.0,5.988505747126437,4.0,5.0,0.8735632183908046,0.12643678160919541
discounted_lints,corr,z24_a0p5_corr_pruned_top10,2,3,8007,ETHUSDT,val_second,,-5.465365814320333,9.76188604003867,85,0.584256266703178,True,,,,,,,8.0,4.0,6.482352941176471,4.0,7.0,0.8470588235294118,0.15294117647058825
discounted_lints,corr,z24_a0p5_corr_pruned_top10,2,3,8007,SOLUSDT,val,2000.0,-4.851844461258448,8.559897785941983,160,0.7795305791687486,True,0.506,0.32,0.31999999999999995,0.68,0.68,0.675,9.0,4.0,6.325,4.0,6.0,0.81875,0.18125
discounted_lints,corr,z24_a0p5_corr_pruned_top10,2,3,8007,SOLUSDT,val_first,,1.6860896450468177,3.9518193262196855,72,1.0811078746471363,True,,,,,,,11.0,4.0,7.541666666666667,4.0,9.25,0.75,0.25
discounted_lints,corr,z24_a0p5_corr_pruned_top10,2,3,8007,SOLUSDT,val_second,,-6.429526525336038,8.559897785941983,88,0.5929998059850466,True,,,,,,,8.0,4.0,5.329545454545454,4.0,5.0,0.875,0.125
discounted_lints,corr,z24_a0p5_corr_pruned_top10,2,3,8008,BTCUSDT,val,2000.0,-3.719253587839688,5.229992895445745,133,0.7280809722439817,True,0.531,0.266,0.266,0.734,0.734,0.731,12.0,5.0,7.984962406015038,4.0,9.0,0.7593984962406015,0.24060150375939848
discounted_lints,corr,z24_a0p5_corr_pruned_top10,2,3,8008,BTCUSDT,val_first,,-0.8806182998921774,3.8305223258544907,68,0.8369419007658833,True,,,,,,,11.5,4.0,7.514705882352941,4.0,9.25,0.75,0.25
discounted_lints,corr,z24_a0p5_corr_pruned_top10,2,3,8008,BTCUSDT,val_second,,-2.863854918441666,4.586173442576735,64,0.6125627427239901,True,,,,,,,12.0,5.0,8.3125,4.0,8.25,0.78125,0.21875
discounted_lints,corr,z24_a0p5_corr_pruned_top10,2,3,8008,ETHUSDT,val,2000.0,-8.618119702503934,10.695433446550329,163,0.6098672361855636,True,0.5105,0.3255,0.3255,0.6745,0.6745,0.6715,9.0,4.0,6.263803680981595,4.0,6.0,0.852760736196319,0.147239263803681
discounted_lints,corr,z24_a0p5_corr_pruned_top10,2,3,8008,ETHUSDT,val_first,,-3.167003522262357,5.424661182095692,79,0.6540666943866214,True,,,,,,,9.0,4.0,6.481012658227848,4.0,7.0,0.8354430379746836,0.16455696202531644
discounted_lints,corr,z24_a0p5_corr_pruned_top10,2,3,8008,ETHUSDT,val_second,,-5.629399459403084,8.02986145915019,84,0.5791946026808296,True,,,,,,,9.0,4.0,6.059523809523809,4.0,6.0,0.8690476190476191,0.13095238095238096
discounted_lints,corr,z24_a0p5_corr_pruned_top10,2,3,8008,SOLUSDT,val,2000.0,-4.853807133771648,7.653780477797756,158,0.793140691120311,True,0.5265,0.3165,0.3165,0.6835,0.6835,0.679,9.0,4.0,6.651898734177215,4.0,7.0,0.8037974683544303,0.1962025316455696
discounted_lints,corr,z24_a0p5_corr_pruned_top10,2,3,8008,SOLUSDT,val_first,,-2.421814600362371,5.322936713308934,66,0.7592906672526919,True,,,,,,,13.0,5.0,8.515151515151516,4.0,13.0,0.6515151515151515,0.3484848484848485
discounted_lints,corr,z24_a0p5_corr_pruned_top10,2,3,8008,SOLUSDT,val_second,,-2.4923526948660735,7.653780477797756,92,0.8175152252086614,True,,,,,,,8.0,4.0,5.315217391304348,4.0,5.0,0.9130434782608695,0.08695652173913043
discounted_lints,corr,z24_a0p5_corr_pruned_top10,2,3,8009,BTCUSDT,val,2000.0,-1.8330755399341148,4.305734710795317,117,0.8387784456548666,True,0.5205,0.2355,0.23550000000000004,0.7645,0.7645,0.763,13.0,5.0,8.863247863247864,4.0,11.0,0.7264957264957265,0.27350427350427353
discounted_lints,corr,z24_a0p5_corr_pruned_top10,2,3,8009,BTCUSDT,val_first,,0.3521927638504341,2.9424526977532284,56,0.9689707291169317,True,,,,,,,13.0,5.0,8.767857142857142,4.0,11.0,0.6607142857142857,0.3392857142857143
discounted_lints,corr,z24_a0p5_corr_pruned_top10,2,3,8009,BTCUSDT,val_second,,-2.1775989578293964,4.305734710795317,60,0.7119868357385997,True,,,,,,,12.0,5.0,8.766666666666667,4.0,7.25,0.8,0.2
discounted_lints,corr,z24_a0p5_corr_pruned_top10,2,3,8009,ETHUSDT,val,2000.0,-2.2737777288347916,6.356166474971148,173,0.8532469305168403,True,0.525,0.346,0.346,0.654,0.654,0.652,8.0,4.0,6.069364161849711,4.0,6.0,0.8786127167630058,0.12138728323699421
discounted_lints,corr,z24_a0p5_corr_pruned_top10,2,3,8009,ETHUSDT,val_first,,-1.4528431362419991,4.631149374365206,88,0.8097016721849738,True,,,,,,,7.0,4.0,6.125,4.0,6.0,0.875,0.125
discounted_lints,corr,z24_a0p5_corr_pruned_top10,2,3,8009,ETHUSDT,val_second,,-0.8330373180910122,5.9944689347528834,85,0.8863060163409234,True,,,,,,,9.0,4.0,6.011764705882353,4.0,6.0,0.8823529411764706,0.11764705882352941
discounted_lints,corr,z24_a0p5_corr_pruned_top10,2,3,8009,SOLUSDT,val,2000.0,-4.9811841229079,7.933303413731552,158,0.7778242145660645,True,0.4955,0.3165,0.3165,0.6835,0.6835,0.679,8.0,4.0,6.2594936708860756,4.0,6.0,0.8481012658227848,0.1518987341772152
discounted_lints,corr,z24_a0p5_corr_pruned_top10,2,3,8009,SOLUSDT,val_first,,-1.6632995163970876,4.863828972002016,72,0.809596117643909,True,,,,,,,9.0,4.0,7.083333333333333,4.0,8.0,0.7916666666666666,0.20833333333333334
discounted_lints,corr,z24_a0p5_corr_pruned_top10,2,3,8009,SOLUSDT,val_second,,-3.374004405470221,7.933303413731552,86,0.7566956042582931,True,,,,,,,8.0,4.0,5.569767441860465,4.0,5.0,0.8953488372093024,0.10465116279069768
discounted_lints,corr,z24_a0p5_corr_pruned_top10,2,3,8010,BTCUSDT,val,2000.0,-5.269599442284489,6.090722550179162,152,0.6603529886885965,True,0.465,0.3055,0.3055,0.6945,0.6945,0.693,8.0,4.0,6.092105263157895,4.0,5.25,0.875,0.125
discounted_lints,corr,z24_a0p5_corr_pruned_top10,2,3,8010,BTCUSDT,val_first,,-1.4338688440263314,3.647165641862582,71,0.7728925654848253,True,,,,,,,9.0,4.0,6.408450704225352,4.0,5.5,0.8028169014084507,0.19718309859154928
discounted_lints,corr,z24_a0p5_corr_pruned_top10,2,3,8010,BTCUSDT,val_second,,-3.891530034985735,5.179116298166264,81,0.5732782574267893,True,,,,,,,8.0,4.0,5.814814814814815,4.0,5.0,0.9382716049382716,0.06172839506172839
discounted_lints,corr,z24_a0p5_corr_pruned_top10,2,3,8010,ETHUSDT,val,2000.0,-4.710686688474941,6.7478474010915885,174,0.761967085802488,True,0.509,0.3485,0.34850000000000003,0.6515,0.6515,0.649,8.0,4.0,5.839080459770115,4.0,5.0,0.896551724137931,0.10344827586206896
discounted_lints,corr,z24_a0p5_corr_pruned_top10,2,3,8010,ETHUSDT,val_first,,-1.4131666521744801,3.664145390200846,77,0.8011325068403328,True,,,,,,,8.0,4.0,6.181818181818182,4.0,6.0,0.8831168831168831,0.11688311688311688
discounted_lints,corr,z24_a0p5_corr_pruned_top10,2,3,8010,ETHUSDT,val_second,,-3.344787457232179,5.954902001454698,97,0.7389744044202899,True,,,,,,,7.0,4.0,5.56701030927835,4.0,5.0,0.9072164948453608,0.09278350515463918
discounted_lints,corr,z24_a0p5_corr_pruned_top10,2,3,8010,SOLUSDT,val,2000.0,-7.503928801078441,12.965911990111012,167,0.7042329084691571,True,0.497,0.3345,0.3345,0.6655,0.6655,0.663,8.0,4.0,5.940119760479042,4.0,5.5,0.8922155688622755,0.10778443113772455
discounted_lints,corr,z24_a0p5_corr_pruned_top10,2,3,8010,SOLUSDT,val_first,,0.050052398166777756,3.869714861898643,76,0.9582013894990025,True,,,,,,,9.0,4.0,6.881578947368421,4.0,7.0,0.8157894736842105,0.18421052631578946
discounted_lints,corr,z24_a0p5_corr_pruned_top10,2,3,8010,SOLUSDT,val_second,,-7.550202142006713,12.965911990111012,91,0.5923577440690008,True,,,,,,,8.0,4.0,5.153846153846154,4.0,4.5,0.9560439560439561,0.04395604395604396
discounted_lints,corr,z24_a0p5_corr_pruned_top10,2,3,8011,BTCUSDT,val,2000.0,-3.659805411539452,5.790452932296597,139,0.7321619972472385,True,0.4925,0.2775,0.27749999999999997,0.7225,0.7225,0.721,10.0,4.0,7.086330935251799,4.0,8.0,0.8057553956834532,0.19424460431654678
discounted_lints,corr,z24_a0p5_corr_pruned_top10,2,3,8011,BTCUSDT,val_first,,0.6228365695578164,2.2180675614392187,71,1.0712460198177032,True,,,,,,,11.0,4.0,7.042253521126761,4.0,8.0,0.7746478873239436,0.22535211267605634
discounted_lints,corr,z24_a0p5_corr_pruned_top10,2,3,8011,BTCUSDT,val_second,,-4.256133226910963,5.790452932296597,68,0.49774710695323054,True,,,,,,,10.0,4.0,7.132352941176471,4.0,7.25,0.8382352941176471,0.16176470588235295
discounted_lints,corr,z24_a0p5_corr_pruned_top10,2,3,8011,ETHUSDT,val,2000.0,-7.7056213709963295,11.46293711639209,172,0.6484446932429584,True,0.508,0.344,0.344,0.656,0.656,0.6535,8.0,4.0,5.906976744186046,4.0,6.0,0.872093023255814,0.12790697674418605
discounted_lints,corr,z24_a0p5_corr_pruned_top10,2,3,8011,ETHUSDT,val_first,,-2.3142854413429337,4.929013489056732,84,0.747949989108385,True,,,,,,,7.0,4.0,5.9523809523809526,4.0,5.25,0.8690476190476191,0.13095238095238096
discounted_lints,corr,z24_a0p5_corr_pruned_top10,2,3,8011,ETHUSDT,val_second,,-5.519062796450214,10.139109822628445,88,0.5779281111246773,True,,,,,,,8.0,4.0,5.863636363636363,4.0,6.0,0.875,0.125
discounted_lints,corr,z24_a0p5_corr_pruned_top10,2,3,8011,SOLUSDT,val,2000.0,-6.96335009257294,10.657644273958821,179,0.7339535429116358,True,0.528,0.358,0.358,0.642,0.642,0.637,8.0,4.0,5.899441340782123,4.0,6.0,0.8659217877094972,0.1340782122905028
discounted_lints,corr,z24_a0p5_corr_pruned_top10,2,3,8011,SOLUSDT,val_first,,-2.021193227127127,5.396062979583627,79,0.7960870578538032,True,,,,,,,9.0,5.0,6.886075949367089,4.0,8.0,0.7848101265822784,0.21518987341772153
discounted_lints,corr,z24_a0p5_corr_pruned_top10,2,3,8011,SOLUSDT,val_second,,-5.044108035426831,8.5371014014462,100,0.6914277157588332,True,,,,,,,7.0,4.0,5.12,4.0,5.25,0.93,0.07
discounted_lints,corr,z24_a0p5_corr_pruned_top10,2,3,8012,BTCUSDT,val,2000.0,-4.172391964988831,5.134564968736655,122,0.6980938618105997,True,0.542,0.244,0.244,0.756,0.756,0.753,13.0,5.0,8.885245901639344,4.0,10.0,0.7295081967213115,0.27049180327868855
discounted_lints,corr,z24_a0p5_corr_pruned_top10,2,3,8012,BTCUSDT,val_first,,-1.071697892653578,4.572741767793476,65,0.7926240866294842,True,,,,,,,12.0,4.0,8.261538461538462,4.0,10.0,0.7076923076923077,0.2923076923076923
discounted_lints,corr,z24_a0p5_corr_pruned_top10,2,3,8012,BTCUSDT,val_second,,-3.1342841292987256,4.1138755021092095,56,0.5659060097194062,True,,,,,,,14.0,5.0,9.392857142857142,4.0,8.25,0.7678571428571429,0.23214285714285715
discounted_lints,corr,z24_a0p5_corr_pruned_top10,2,3,8012,ETHUSDT,val,2000.0,-5.912749647929649,8.901537634192003,185,0.7150833135396142,True,0.5235,0.3705,0.37050000000000005,0.6295,0.6295,0.627,8.0,4.0,5.648648648648648,4.0,5.0,0.8648648648648649,0.13513513513513514
discounted_lints,corr,z24_a0p5_corr_pruned_top10,2,3,8012,ETHUSDT,val_first,,-1.6956658099783528,3.9359159370981778,95,0.7992042512515993,True,,,,,,,7.0,4.0,5.621052631578947,4.0,5.0,0.8526315789473684,0.14736842105263157
discounted_lints,corr,z24_a0p5_corr_pruned_top10,2,3,8012,ETHUSDT,val_second,,-4.289824932642028,7.257198801331077,90,0.6544306448727559,True,,,,,,,9.0,4.0,5.677777777777778,4.0,5.0,0.8777777777777778,0.12222222222222222
discounted_lints,corr,z24_a0p5_corr_pruned_top10,2,3,8012,SOLUSDT,val,2000.0,-4.879075964112001,8.874648152457077,167,0.7661540105462351,True,0.505,0.334,0.33399999999999996,0.666,0.666,0.663,8.0,4.0,6.047904191616767,4.0,5.0,0.8862275449101796,0.11377245508982035
discounted_lints,corr,z24_a0p5_corr_pruned_top10,2,3,8012,SOLUSDT,val_first,,-1.1693883678900119,5.019730721025651,81,0.8462186704897116,True,,,,,,,9.0,4.0,6.271604938271605,4.0,6.0,0.8641975308641975,0.13580246913580246
discounted_lints,corr,z24_a0p5_corr_pruned_top10,2,3,8012,SOLUSDT,val_second,,-3.7535815421552265,8.331751961838407,86,0.7113629734753525,True,,,,,,,7.0,4.0,5.837209302325581,4.0,5.0,0.9069767441860465,0.09302325581395349
discounted_lints,corr,z24_a0p5_corr_pruned_top10,2,3,8013,BTCUSDT,val,2000.0,-6.883648704288136,7.571884156761255,132,0.5503885465473105,True,0.496,0.2655,0.26549999999999996,0.7345,0.7345,0.733,12.0,4.0,7.484848484848484,4.0,9.0,0.7878787878787878,0.21212121212121213
discounted_lints,corr,z24_a0p5_corr_pruned_top10,2,3,8013,BTCUSDT,val_first,,-2.2302007308220073,4.388883331101945,67,0.6743159401248446,True,,,,,,,12.0,4.0,7.373134328358209,4.0,9.5,0.746268656716418,0.2537313432835821
discounted_lints,corr,z24_a0p5_corr_pruned_top10,2,3,8013,BTCUSDT,val_second,,-4.759596530063792,5.705090404936463,65,0.44473562780099146,True,,,,,,,11.0,4.0,7.6,4.0,8.0,0.8307692307692308,0.16923076923076924
discounted_lints,corr,z24_a0p5_corr_pruned_top10,2,3,8013,ETHUSDT,val,2000.0,-7.020354659811301,9.11961244364684,163,0.6644183243406996,True,0.513,0.3265,0.3265,0.6735,0.6735,0.671,9.0,4.0,6.282208588957055,4.0,5.5,0.8588957055214724,0.1411042944785276
discounted_lints,corr,z24_a0p5_corr_pruned_top10,2,3,8013,ETHUSDT,val_first,,-1.8649990738785927,5.12713071065437,76,0.7620648132787244,True,,,,,,,8.0,4.0,6.7105263157894735,4.0,6.0,0.8552631578947368,0.14473684210526316
discounted_lints,corr,z24_a0p5_corr_pruned_top10,2,3,8013,ETHUSDT,val_second,,-5.253330144474955,7.707058080995866,87,0.5999975379734261,True,,,,,,,9.0,4.0,5.908045977011494,4.0,5.0,0.8620689655172413,0.13793103448275862
discounted_lints,corr,z24_a0p5_corr_pruned_top10,2,3,8013,SOLUSDT,val,2000.0,-5.428378917164068,8.306305551659609,168,0.7779739241533076,True,0.5255,0.3365,0.3365,0.6635,0.6635,0.659,9.0,4.0,6.244047619047619,4.0,5.0,0.8273809523809523,0.17261904761904762
discounted_lints,corr,z24_a0p5_corr_pruned_top10,2,3,8013,SOLUSDT,val_first,,-1.8233466793869058,5.794674813901257,70,0.8062856549935986,True,,,,,,,12.0,5.0,7.914285714285715,4.0,10.75,0.7142857142857143,0.2857142857142857
discounted_lints,corr,z24_a0p5_corr_pruned_top10,2,3,8013,SOLUSDT,val_second,,-3.671985259065924,6.796294796260671,98,0.7584135669359902,True,,,,,,,7.0,4.0,5.051020408163265,4.0,4.0,0.9081632653061225,0.09183673469387756
discounted_lints,corr,z24_a0p5_corr_pruned_top10,2,3,8014,BTCUSDT,val,2000.0,-5.8027066545586425,6.310033595123443,118,0.5949987793095093,True,0.5385,0.2355,0.23550000000000004,0.7645,0.7645,0.761,12.0,5.0,9.127118644067796,4.0,10.0,0.7203389830508474,0.2796610169491525
discounted_lints,corr,z24_a0p5_corr_pruned_top10,2,3,8014,BTCUSDT,val_first,,-1.3298182075813014,4.19309748341038,65,0.779285069558298,True,,,,,,,12.0,4.0,8.015384615384615,4.0,10.0,0.7384615384615385,0.26153846153846155
discounted_lints,corr,z24_a0p5_corr_pruned_top10,2,3,8014,BTCUSDT,val_second,,-4.533171385441825,5.338030974563557,52,0.4120970006938642,True,,,,,,,15.0,6.0,10.326923076923077,4.0,11.0,0.7115384615384616,0.28846153846153844
discounted_lints,corr,z24_a0p5_corr_pruned_top10,2,3,8014,ETHUSDT,val,2000.0,-8.324263094273466,10.340550938102789,177,0.6394231811905702,True,0.5365,0.354,0.354,0.646,0.646,0.644,8.0,4.0,6.062146892655368,4.0,5.0,0.864406779661017,0.13559322033898305
discounted_lints,corr,z24_a0p5_corr_pruned_top10,2,3,8014,ETHUSDT,val_first,,-3.167757329755194,5.212992536282801,81,0.658394917700528,True,,,,,,,8.0,4.0,6.691358024691358,4.0,6.0,0.8148148148148148,0.18518518518518517
discounted_lints,corr,z24_a0p5_corr_pruned_top10,2,3,8014,ETHUSDT,val_second,,-5.325195020090967,8.87021220165154,96,0.6275081290194215,True,,,,,,,7.0,4.0,5.53125,4.0,5.0,0.90625,0.09375
discounted_lints,corr,z24_a0p5_corr_pruned_top10,2,3,8014,SOLUSDT,val,2000.0,-9.532086363496816,11.865418515750815,179,0.6562678250195043,True,0.5085,0.359,0.359,0.641,0.641,0.637,8.0,4.0,5.664804469273743,4.0,5.0,0.9106145251396648,0.0893854748603352
discounted_lints,corr,z24_a0p5_corr_pruned_top10,2,3,8014,SOLUSDT,val_first,,-2.215468487685035,6.01780333235199,85,0.7736487246379594,True,,,,,,,9.0,4.0,6.2,4.0,7.0,0.8705882352941177,0.12941176470588237
discounted_lints,corr,z24_a0p5_corr_pruned_top10,2,3,8014,SOLUSDT,val_second,,-7.482387820092318,10.842136250503865,94,0.5872254727006062,True,,,,,,,8.0,4.0,5.180851063829787,4.0,5.0,0.9468085106382979,0.05319148936170213
discounted_lints,corr,z24_a0p5_corr_pruned_top10,2,3,8015,BTCUSDT,val,2000.0,-3.5292411855625816,4.900855175896634,99,0.7079117973832287,True,0.5545,0.1975,0.1975,0.8025,0.8025,0.799,17.5,6.0,11.202020202020202,4.0,13.5,0.6363636363636364,0.36363636363636365
discounted_lints,corr,z24_a0p5_corr_pruned_top10,2,3,8015,BTCUSDT,val_first,,-0.37749057982194856,3.9973074169004086,46,0.8483161047095162,True,,,,,,,18.5,7.5,11.152173913043478,4.0,17.0,0.5652173913043478,0.43478260869565216
discounted_lints,corr,z24_a0p5_corr_pruned_top10,2,3,8015,BTCUSDT,val_second,,-3.163693249732835,4.419396932964437,52,0.5492549728590608,True,,,,,,,15.0,5.0,10.826923076923077,4.0,11.25,0.7115384615384616,0.28846153846153844
discounted_lints,corr,z24_a0p5_corr_pruned_top10,2,3,8015,ETHUSDT,val,2000.0,-5.220659823863183,9.018537831332086,156,0.7341012774133759,True,0.5245,0.3135,0.3135,0.6865,0.6865,0.685,9.0,4.0,6.698717948717949,4.0,7.0,0.8333333333333334,0.16666666666666666
discounted_lints,corr,z24_a0p5_corr_pruned_top10,2,3,8015,ETHUSDT,val_first,,-2.73701173438361,5.305849456557443,69,0.6681413305286169,True,,,,,,,11.5,4.0,7.550724637681159,4.0,8.0,0.7681159420289855,0.2318840579710145
discounted_lints,corr,z24_a0p5_corr_pruned_top10,2,3,8015,ETHUSDT,val_second,,-2.553538744560213,7.013694668555203,87,0.777574391502127,True,,,,,,,8.0,4.0,6.022988505747127,4.0,5.0,0.8850574712643678,0.11494252873563218
discounted_lints,corr,z24_a0p5_corr_pruned_top10,2,3,8015,SOLUSDT,val,2000.0,-10.450698643107902,11.05606903516394,172,0.6249164519164557,True,0.509,0.345,0.345,0.655,0.655,0.651,8.0,4.0,5.901162790697675,4.0,5.0,0.872093023255814,0.12790697674418605
discounted_lints,corr,z24_a0p5_corr_pruned_top10,2,3,8015,SOLUSDT,val_first,,-3.837626998672372,6.2349067603032715,76,0.6562092946975286,True,,,,,,,9.0,4.0,6.894736842105263,4.0,7.25,0.7894736842105263,0.21052631578947367
discounted_lints,corr,z24_a0p5_corr_pruned_top10,2,3,8015,SOLUSDT,val_second,,-6.876984664619523,9.171150399713657,96,0.6031786554513949,True,,,,,,,7.0,4.0,5.114583333333333,4.0,4.0,0.9375,0.0625
discounted_lints,corr,z24_a0p5_corr_pruned_top10,2,3,8016,BTCUSDT,val,2000.0,-6.348163326542522,7.090867016625557,163,0.6143584709082104,True,0.4845,0.3255,0.3255,0.6745,0.6745,0.673,9.0,4.0,5.9447852760736195,4.0,6.0,0.8773006134969326,0.12269938650306748
discounted_lints,corr,z24_a0p5_corr_pruned_top10,2,3,8016,BTCUSDT,val_first,,-2.6666165567322597,4.699736254223252,83,0.7021858564974173,True,,,,,,,10.0,4.0,6.0843373493975905,4.0,6.5,0.8433734939759037,0.1566265060240964
discounted_lints,corr,z24_a0p5_corr_pruned_top10,2,3,8016,BTCUSDT,val_second,,-3.7824091175830743,4.5683699226132575,80,0.5056584109362189,True,,,,,,,9.0,4.0,5.8,4.0,5.0,0.9125,0.0875
discounted_lints,corr,z24_a0p5_corr_pruned_top10,2,3,8016,ETHUSDT,val,2000.0,-11.010581013087883,12.85224383581336,187,0.5786890044389361,True,0.5275,0.374,0.374,0.626,0.626,0.624,7.0,4.0,5.641711229946524,4.0,5.0,0.8877005347593583,0.11229946524064172
discounted_lints,corr,z24_a0p5_corr_pruned_top10,2,3,8016,ETHUSDT,val_first,,-3.2459625889250554,5.9852135555092385,94,0.705217929894323,True,,,,,,,7.0,4.0,5.585106382978723,4.0,5.0,0.8936170212765957,0.10638297872340426
discounted_lints,corr,z24_a0p5_corr_pruned_top10,2,3,8016,ETHUSDT,val_second,,-8.025110509005028,10.26368636958317,93,0.48480629766827754,True,,,,,,,8.0,4.0,5.698924731182796,4.0,5.0,0.8817204301075269,0.11827956989247312
discounted_lints,corr,z24_a0p5_corr_pruned_top10,2,3,8016,SOLUSDT,val,2000.0,-4.995416528361119,10.10509929068114,154,0.7797705000239662,True,0.5245,0.3085,0.3085,0.6915,0.6915,0.689,9.0,4.0,6.798701298701299,4.0,6.75,0.8051948051948052,0.19480519480519481
discounted_lints,corr,z24_a0p5_corr_pruned_top10,2,3,8016,SOLUSDT,val_first,,0.17738772676143544,4.372011971623846,59,0.9464169812975869,True,,,,,,,16.5,5.0,9.254237288135593,4.0,14.0,0.5932203389830508,0.4067796610169492
discounted_lints,corr,z24_a0p5_corr_pruned_top10,2,3,8016,SOLUSDT,val_second,,-5.1636445833780575,10.10509929068114,95,0.688419813407702,True,,,,,,,8.0,4.0,5.273684210526316,4.0,5.0,0.9368421052631579,0.06315789473684211
discounted_lints,corr,z24_a0p5_corr_pruned_top10,2,3,8017,BTCUSDT,val,2000.0,-4.606432646817071,6.2232365141823065,141,0.672768547111848,True,0.497,0.282,0.28200000000000003,0.718,0.718,0.715,11.0,4.0,7.049645390070922,4.0,7.0,0.8014184397163121,0.19858156028368795
discounted_lints,corr,z24_a0p5_corr_pruned_top10,2,3,8017,BTCUSDT,val_first,,-1.2865110800425739,3.9998717237114567,64,0.7920171681530372,True,,,,,,,13.0,4.0,7.359375,4.0,9.25,0.75,0.25
discounted_lints,corr,z24_a0p5_corr_pruned_top10,2,3,8017,BTCUSDT,val_second,,-3.3631893706709937,5.0435283940072795,76,0.5834195986296733,True,,,,,,,10.0,4.0,6.828947368421052,4.0,6.25,0.8421052631578947,0.15789473684210525
discounted_lints,corr,z24_a0p5_corr_pruned_top10,2,3,8017,ETHUSDT,val,2000.0,-2.683266160627795,7.808115265110393,172,0.8361030187066405,True,0.512,0.344,0.344,0.656,0.656,0.653,8.0,4.0,5.953488372093023,4.0,6.0,0.872093023255814,0.12790697674418605
discounted_lints,corr,z24_a0p5_corr_pruned_top10,2,3,8017,ETHUSDT,val_first,,-0.6475399471011611,3.6320812653916845,84,0.8903737569779803,True,,,,,,,7.0,4.0,5.988095238095238,4.0,6.0,0.8690476190476191,0.13095238095238096
discounted_lints,corr,z24_a0p5_corr_pruned_top10,2,3,8017,ETHUSDT,val_second,,-2.048994269938298,7.808115265110393,88,0.8006781611198913,True,,,,,,,8.0,4.0,5.920454545454546,4.0,6.0,0.875,0.125
discounted_lints,corr,z24_a0p5_corr_pruned_top10,2,3,8017,SOLUSDT,val,2000.0,-2.3618899146449324,8.854302487225707,157,0.8581911341290215,True,0.5265,0.3145,0.3145,0.6855,0.6855,0.683,8.0,4.0,6.694267515923567,4.0,6.0,0.8280254777070064,0.17197452229299362
discounted_lints,corr,z24_a0p5_corr_pruned_top10,2,3,8017,SOLUSDT,val_first,,2.3026513112154756,3.371208875565612,61,1.177907016187652,True,,,,,,,13.0,5.0,8.918032786885245,4.0,13.0,0.6557377049180327,0.3442622950819672
discounted_lints,corr,z24_a0p5_corr_pruned_top10,2,3,8017,SOLUSDT,val_second,,-4.559550672514234,8.854302487225707,96,0.7021578183488577,True,,,,,,,7.5,4.0,5.28125,4.0,5.0,0.9375,0.0625
discounted_lints,corr,z24_a0p5_corr_pruned_top10,2,3,8018,BTCUSDT,val,2000.0,-5.0531785026563085,6.4473691910475805,146,0.6636151266458649,True,0.5105,0.2935,0.2935,0.7065,0.7065,0.705,10.0,4.0,6.965753424657534,4.0,7.0,0.8013698630136986,0.19863013698630136
discounted_lints,corr,z24_a0p5_corr_pruned_top10,2,3,8018,BTCUSDT,val_first,,-1.754883561277376,4.770278843315889,72,0.7378458083752042,True,,,,,,,11.0,4.0,7.097222222222222,4.0,9.25,0.75,0.25
discounted_lints,corr,z24_a0p5_corr_pruned_top10,2,3,8018,BTCUSDT,val_second,,-3.3572100689973072,6.046111297432255,74,0.5997793707082526,True,,,,,,,9.0,4.0,6.837837837837838,4.0,6.75,0.8513513513513513,0.14864864864864866
discounted_lints,corr,z24_a0p5_corr_pruned_top10,2,3,8018,ETHUSDT,val,2000.0,-6.174884773460887,9.0892602620956,186,0.7163451973353757,True,0.519,0.3715,0.37150000000000005,0.6285,0.6285,0.6255,7.0,4.0,5.580645161290323,4.0,5.0,0.8817204301075269,0.11827956989247312
discounted_lints,corr,z24_a0p5_corr_pruned_top10,2,3,8018,ETHUSDT,val_first,,-0.858711062740769,4.013653648541149,99,0.8724577086543753,True,,,,,,,7.0,4.0,5.101010101010101,4.0,4.0,0.9090909090909091,0.09090909090909091
discounted_lints,corr,z24_a0p5_corr_pruned_top10,2,3,8018,ETHUSDT,val_second,,-5.3622196843581715,8.162597766530933,87,0.6294275879522424,True,,,,,,,9.5,4.0,6.126436781609195,4.0,6.5,0.8505747126436781,0.14942528735632185
discounted_lints,corr,z24_a0p5_corr_pruned_top10,2,3,8018,SOLUSDT,val,2000.0,-4.874994800233612,7.499918323481114,140,0.7768135055048051,True,0.5235,0.2805,0.28049999999999997,0.7195,0.7195,0.715,10.5,4.0,7.464285714285714,4.0,8.0,0.7785714285714286,0.22142857142857142
discounted_lints,corr,z24_a0p5_corr_pruned_top10,2,3,8018,SOLUSDT,val_first,,-1.2789256398343718,5.375715670038838,53,0.8270078620547633,True,,,,,,,17.0,7.0,10.584905660377359,4.0,17.0,0.5849056603773585,0.41509433962264153
discounted_lints,corr,z24_a0p5_corr_pruned_top10,2,3,8018,SOLUSDT,val_second,,-3.6426560222386217,7.3106528752116535,87,0.7435158128658863,True,,,,,,,9.0,4.0,5.563218390804598,4.0,5.0,0.896551724137931,0.10344827586206896
discounted_lints,corr,z24_a0p5_corr_pruned_top10,2,3,8019,BTCUSDT,val,2000.0,-6.61576329803808,7.67552252443362,145,0.5731667076204635,True,0.4695,0.2915,0.2915,0.7085,0.7085,0.707,10.0,4.0,6.448275862068965,4.0,7.0,0.8413793103448276,0.15862068965517243
discounted_lints,corr,z24_a0p5_corr_pruned_top10,2,3,8019,BTCUSDT,val_first,,-1.368809364622292,3.180699950094501,70,0.7856733914917308,True,,,,,,,9.0,4.0,6.371428571428571,4.0,7.0,0.8428571428571429,0.15714285714285714
discounted_lints,corr,z24_a0p5_corr_pruned_top10,2,3,8019,BTCUSDT,val_second,,-5.319771463383072,6.440982466931732,74,0.42567993314161706,True,,,,,,,11.0,4.0,6.554054054054054,4.0,6.75,0.8378378378378378,0.16216216216216217
discounted_lints,corr,z24_a0p5_corr_pruned_top10,2,3,8019,ETHUSDT,val,2000.0,-6.018747575756578,9.359350952025093,175,0.7153889420790809,True,0.5165,0.35,0.35,0.65,0.65,0.648,8.0,4.0,5.897142857142857,4.0,5.0,0.8685714285714285,0.13142857142857142
discounted_lints,corr,z24_a0p5_corr_pruned_top10,2,3,8019,ETHUSDT,val_first,,-1.3110068629341498,5.152899299661174,87,0.8282303624006753,True,,,,,,,8.0,4.0,6.0344827586206895,4.0,4.5,0.8390804597701149,0.16091954022988506
discounted_lints,corr,z24_a0p5_corr_pruned_top10,2,3,8019,ETHUSDT,val_second,,-4.770279403179245,8.36874311111523,88,0.6332633278123267,True,,,,,,,7.0,4.0,5.761363636363637,4.0,5.0,0.8977272727272727,0.10227272727272728
discounted_lints,corr,z24_a0p5_corr_pruned_top10,2,3,8019,SOLUSDT,val,2000.0,-5.453492907928236,9.04767077207591,156,0.7645307349703574,True,0.5345,0.3125,0.3125,0.6875,0.6875,0.683,9.0,4.0,6.839743589743589,4.0,7.0,0.8076923076923077,0.19230769230769232
discounted_lints,corr,z24_a0p5_corr_pruned_top10,2,3,8019,SOLUSDT,val_first,,-0.036669811508915906,6.038944182695971,61,0.935554562279966,True,,,,,,,12.0,5.0,9.01639344262295,4.0,13.0,0.639344262295082,0.36065573770491804
discounted_lints,corr,z24_a0p5_corr_pruned_top10,2,3,8019,SOLUSDT,val_second,,-5.418810163892451,9.04767077207591,95,0.6702898734464927,True,,,,,,,8.0,4.0,5.442105263157894,4.0,5.0,0.9157894736842105,0.08421052631578947
discounted_lints,corr,z24_a0p5_corr_pruned_top10,2,3,8020,BTCUSDT,val,2000.0,-5.469890422809309,6.896711300301783,146,0.661294472964334,True,0.5275,0.2915,0.2915,0.7085,0.7085,0.705,10.0,4.0,7.226027397260274,4.0,8.0,0.7876712328767124,0.21232876712328766
discounted_lints,corr,z24_a0p5_corr_pruned_top10,2,3,8020,BTCUSDT,val_first,,-2.4663507789382644,4.017402224491018,79,0.7016820738351517,True,,,,,,,9.0,4.0,6.493670886075949,4.0,7.0,0.8227848101265823,0.17721518987341772
discounted_lints,corr,z24_a0p5_corr_pruned_top10,2,3,8020,BTCUSDT,val_second,,-3.079490686402464,4.750915576137715,67,0.6198527078580722,True,,,,,,,11.5,4.0,8.08955223880597,4.0,9.5,0.746268656716418,0.2537313432835821
discounted_lints,corr,z24_a0p5_corr_pruned_top10,2,3,8020,ETHUSDT,val,2000.0,-8.561480411978085,11.56999925763097,163,0.6247236516128928,True,0.519,0.326,0.32599999999999996,0.674,0.674,0.6715,8.5,4.0,6.368098159509202,4.0,6.0,0.8466257668711656,0.15337423312883436
discounted_lints,corr,z24_a0p5_corr_pruned_top10,2,3,8020,ETHUSDT,val_first,,-2.2227613157939974,4.0527143271890225,82,0.7513934392217099,True,,,,,,,8.0,4.0,6.2682926829268295,4.0,5.75,0.8658536585365854,0.13414634146341464
discounted_lints,corr,z24_a0p5_corr_pruned_top10,2,3,8020,ETHUSDT,val_second,,-6.482816636555288,10.351437715771494,81,0.5423981368481597,True,,,,,,,9.0,4.0,6.469135802469136,4.0,6.0,0.8271604938271605,0.1728395061728395
discounted_lints,corr,z24_a0p5_corr_pruned_top10,2,3,8020,SOLUSDT,val,2000.0,-3.3355087118804194,7.379795183501193,159,0.8269534799451338,True,0.482,0.3185,0.3185,0.6815,0.6815,0.677,9.0,4.0,6.050314465408805,4.0,5.0,0.8238993710691824,0.1761006289308176
discounted_lints,corr,z24_a0p5_corr_pruned_top10,2,3,8020,SOLUSDT,val_first,,0.4544832408663213,5.123072439237664,68,0.9728275176174184,True,,,,,,,12.0,4.0,7.455882352941177,4.0,11.0,0.7205882352941176,0.27941176470588236
discounted_lints,corr,z24_a0p5_corr_pruned_top10,2,3,8020,SOLUSDT,val_second,,-3.772845004497438,7.379795183501193,91,0.739205455834051,True,,,,,,,7.0,4.0,5.0,4.0,4.0,0.9010989010989011,0.0989010989010989
discounted_lints,corr,z24_a0p5_corr_pruned_top10,2,3,8021,BTCUSDT,val,2000.0,-5.932605808411184,6.178768101996424,159,0.6315517661612225,True,0.443,0.3195,0.3195,0.6805,0.6805,0.679,8.0,4.0,5.547169811320755,4.0,5.0,0.8930817610062893,0.1069182389937107
discounted_lints,corr,z24_a0p5_corr_pruned_top10,2,3,8021,BTCUSDT,val_first,,-0.4958987830155248,2.355310756583029,72,0.8990795696386995,True,,,,,,,8.5,4.0,5.916666666666667,4.0,5.0,0.8472222222222222,0.1527777777777778
discounted_lints,corr,z24_a0p5_corr_pruned_top10,2,3,8021,BTCUSDT,val_second,,-5.463801952785907,6.178768101996424,87,0.4684236257462773,True,,,,,,,8.0,4.0,5.241379310344827,4.0,5.0,0.9310344827586207,0.06896551724137931
discounted_lints,corr,z24_a0p5_corr_pruned_top10,2,3,8021,ETHUSDT,val,2000.0,-10.5689124863384,12.593281539716584,163,0.5615550328577402,True,0.513,0.326,0.32599999999999996,0.674,0.674,0.6715,8.0,4.0,6.294478527607362,4.0,6.0,0.8466257668711656,0.15337423312883436
discounted_lints,corr,z24_a0p5_corr_pruned_top10,2,3,8021,ETHUSDT,val_first,,-2.675763379263396,5.2703789359573765,80,0.6949500908754535,True,,,,,,,8.0,4.0,6.3125,4.0,6.0,0.85,0.15
discounted_lints,corr,z24_a0p5_corr_pruned_top10,2,3,8021,ETHUSDT,val_second,,-8.110157737824197,10.177365505877523,83,0.48318955450266565,True,,,,,,,9.0,4.0,6.27710843373494,4.0,6.0,0.8433734939759037,0.1566265060240964
discounted_lints,corr,z24_a0p5_corr_pruned_top10,2,3,8021,SOLUSDT,val,2000.0,-7.6400119528377,10.903115548811314,158,0.6862907248056433,True,0.508,0.3165,0.3165,0.6835,0.6835,0.679,9.0,4.0,6.417721518987341,4.0,6.0,0.8544303797468354,0.14556962025316456
discounted_lints,corr,z24_a0p5_corr_pruned_top10,2,3,8021,SOLUSDT,val_first,,-1.6312053281777983,4.697063611150765,65,0.7953967516478595,True,,,,,,,10.5,4.0,8.076923076923077,4.0,9.0,0.7692307692307693,0.23076923076923078
discounted_lints,corr,z24_a0p5_corr_pruned_top10,2,3,8021,SOLUSDT,val_second,,-6.1084479531404945,10.826434078122016,93,0.6264089910156074,True,,,,,,,8.0,4.0,5.258064516129032,4.0,5.0,0.9139784946236559,0.08602150537634409
discounted_lints,corr,z24_a0p5_corr_pruned_top10,2,3,8022,BTCUSDT,val,2000.0,-5.799448760540105,6.676506231313139,134,0.6247621755675649,True,0.4685,0.2695,0.26949999999999996,0.7305,0.7305,0.729,10.0,4.0,6.962686567164179,4.0,7.0,0.8283582089552238,0.17164179104477612
discounted_lints,corr,z24_a0p5_corr_pruned_top10,2,3,8022,BTCUSDT,val_first,,-2.19401503763873,4.318900727832553,69,0.6899809216392971,True,,,,,,,10.0,4.0,6.753623188405797,4.0,7.0,0.7971014492753623,0.2028985507246377
discounted_lints,corr,z24_a0p5_corr_pruned_top10,2,3,8022,BTCUSDT,val_second,,-3.686311961674782,4.897770356638819,65,0.5679637521671688,True,,,,,,,10.0,4.0,7.184615384615385,4.0,7.0,0.8615384615384616,0.13846153846153847
discounted_lints,corr,z24_a0p5_corr_pruned_top10,2,3,8022,ETHUSDT,val,2000.0,-7.356178604133379,10.873058050307094,189,0.6750106659981371,True,0.4885,0.3785,0.37849999999999995,0.6215,0.6215,0.6185,7.0,4.0,5.158730158730159,4.0,4.0,0.9259259259259259,0.07407407407407407
discounted_lints,corr,z24_a0p5_corr_pruned_top10,2,3,8022,ETHUSDT,val_first,,-3.3666907909177146,5.923753466770975,92,0.6754205506645028,True,,,,,,,7.0,4.0,5.489130434782608,4.0,5.0,0.9021739130434783,0.09782608695652174
discounted_lints,corr,z24_a0p5_corr_pruned_top10,2,3,8022,ETHUSDT,val_second,,-4.128481002946649,7.657827569938169,97,0.6746870949409536,True,,,,,,,7.0,4.0,4.845360824742268,4.0,4.0,0.9484536082474226,0.05154639175257732
discounted_lints,corr,z24_a0p5_corr_pruned_top10,2,3,8022,SOLUSDT,val,2000.0,-4.431099967862395,10.012475061403814,148,0.7937368646965989,True,0.523,0.296,0.29600000000000004,0.704,0.704,0.699,9.0,4.0,7.0675675675675675,4.0,7.25,0.777027027027027,0.22297297297297297
discounted_lints,corr,z24_a0p5_corr_pruned_top10,2,3,8022,SOLUSDT,val_first,,1.288292616641873,4.597416527104558,60,1.0587301437655414,True,,,,,,,14.0,5.0,9.233333333333333,4.0,14.0,0.6166666666666667,0.38333333333333336
discounted_lints,corr,z24_a0p5_corr_pruned_top10,2,3,8022,SOLUSDT,val_second,,-5.6466472449596345,10.012475061403814,88,0.6637470120202326,True,,,,,,,8.0,4.0,5.590909090909091,4.0,5.0,0.8863636363636364,0.11363636363636363
discounted_lints,corr,z24_a0p5_corr_pruned_top10,2,3,8023,BTCUSDT,val,2000.0,-2.890870841738602,4.340037772292127,119,0.7668662194102163,True,0.548,0.238,0.238,0.762,0.762,0.759,13.0,6.0,9.210084033613445,4.0,11.0,0.7310924369747899,0.2689075630252101
discounted_lints,corr,z24_a0p5_corr_pruned_top10,2,3,8023,BTCUSDT,val_first,,-0.08817876561963978,3.5251465730373854,58,0.9247148145187344,True,,,,,,,13.0,6.0,9.068965517241379,4.0,11.0,0.6896551724137931,0.3103448275862069
discounted_lints,corr,z24_a0p5_corr_pruned_top10,2,3,8023,BTCUSDT,val_second,,-2.805165636550855,4.340037772292127,60,0.6133361077484755,True,,,,,,,12.0,5.0,9.183333333333334,4.0,8.0,0.7833333333333333,0.21666666666666667
discounted_lints,corr,z24_a0p5_corr_pruned_top10,2,3,8023,ETHUSDT,val,2000.0,-7.7839468779880905,11.445444157047257,174,0.6433242004225664,True,0.5195,0.348,0.348,0.652,0.652,0.65,8.0,4.0,5.971264367816092,4.0,6.0,0.8793103448275862,0.1206896551724138
discounted_lints,corr,z24_a0p5_corr_pruned_top10,2,3,8023,ETHUSDT,val_first,,-1.8304376817825152,4.809113538202481,85,0.7946411104972236,True,,,,,,,7.0,4.0,5.858823529411764,4.0,6.0,0.8823529411764706,0.11764705882352941
discounted_lints,corr,z24_a0p5_corr_pruned_top10,2,3,8023,ETHUSDT,val_second,,-6.064516389415308,9.98318845104963,89,0.5263308950047547,True,,,,,,,8.0,4.0,6.078651685393258,4.0,6.0,0.8764044943820225,0.12359550561797752
discounted_lints,corr,z24_a0p5_corr_pruned_top10,2,3,8023,SOLUSDT,val,2000.0,-9.21572891635849,10.67970430757217,153,0.6540566715078877,True,0.5055,0.3065,0.3065,0.6935,0.6935,0.691,10.0,4.0,6.594771241830065,4.0,7.0,0.8169934640522876,0.1830065359477124
discounted_lints,corr,z24_a0p5_corr_pruned_top10,2,3,8023,SOLUSDT,val_first,,-2.044277133048411,6.054526304534025,65,0.7666091311623575,True,,,,,,,13.0,4.0,8.184615384615384,4.0,10.0,0.7076923076923077,0.2923076923076923
discounted_lints,corr,z24_a0p5_corr_pruned_top10,2,3,8023,SOLUSDT,val_second,,-7.3211156769785735,10.322613827686322,88,0.5914489460546528,True,,,,,,,8.5,4.0,5.420454545454546,4.0,5.0,0.8977272727272727,0.10227272727272728
discounted_lints,corr,z24_a0p5_corr_pruned_top10,2,3,8024,BTCUSDT,val,2000.0,-5.316295185252729,5.640885406744434,132,0.6464861897187937,True,0.528,0.264,0.264,0.736,0.736,0.733,12.0,4.0,8.0,4.0,10.0,0.7424242424242424,0.25757575757575757
discounted_lints,corr,z24_a0p5_corr_pruned_top10,2,3,8024,BTCUSDT,val_first,,-1.7167983599827852,3.5513646184691994,72,0.7412552253622736,True,,,,,,,11.0,4.0,7.5,4.0,10.0,0.7361111111111112,0.2638888888888889
discounted_lints,corr,z24_a0p5_corr_pruned_top10,2,3,8024,BTCUSDT,val_second,,-3.662372374125389,4.530347585751815,60,0.5707072521824718,True,,,,,,,12.0,5.0,8.6,4.0,9.25,0.75,0.25
discounted_lints,corr,z24_a0p5_corr_pruned_top10,2,3,8024,ETHUSDT,val,2000.0,-6.944675902325869,9.398069481747717,169,0.679423376595152,True,0.53,0.338,0.33799999999999997,0.662,0.662,0.659,8.0,4.0,6.272189349112426,4.0,6.0,0.8520710059171598,0.14792899408284024
discounted_lints,corr,z24_a0p5_corr_pruned_top10,2,3,8024,ETHUSDT,val_first,,-1.71685682560897,4.418456579715135,80,0.7945463800307425,True,,,,,,,8.0,4.0,6.4125,4.0,5.25,0.85,0.15
discounted_lints,corr,z24_a0p5_corr_pruned_top10,2,3,8024,ETHUSDT,val_second,,-5.319141113996317,7.98502311973076,89,0.598557325043584,True,,,,,,,8.0,4.0,6.146067415730337,4.0,6.0,0.8539325842696629,0.14606741573033707
discounted_lints,corr,z24_a0p5_corr_pruned_top10,2,3,8024,SOLUSDT,val,2000.0,-5.025708909920934,8.835430739183048,162,0.786774736372035,True,0.5065,0.3245,0.3245,0.6755,0.6755,0.671,9.0,4.0,6.2407407407407405,4.0,7.0,0.8518518518518519,0.14814814814814814
discounted_lints,corr,z24_a0p5_corr_pruned_top10,2,3,8024,SOLUSDT,val_first,,-1.6761747054601428,6.41664084380481,69,0.8098021340320394,True,,,,,,,11.0,4.0,7.550724637681159,4.0,11.0,0.7246376811594203,0.2753623188405797
discounted_lints,corr,z24_a0p5_corr_pruned_top10,2,3,8024,SOLUSDT,val_second,,-3.406635364752031,8.835430739183048,93,0.7720903956600659,True,,,,,,,7.0,4.0,5.268817204301075,4.0,5.0,0.946236559139785,0.053763440860215055
discounted_lints,corr,z24_a0p5_corr_pruned_top10,3,39,8000,BTCUSDT,val,2000.0,-3.0340268356545907,5.363338235239922,131,0.7824089115229295,True,0.4795,0.2635,0.26349999999999996,0.7365,0.7365,0.735,12.0,4.0,7.290076335877862,4.0,8.0,0.7786259541984732,0.22137404580152673
discounted_lints,corr,z24_a0p5_corr_pruned_top10,3,39,8000,BTCUSDT,val_first,,-1.733254895814118,4.260758071180149,64,0.7530341904147603,True,,,,,,,12.5,4.0,7.09375,4.0,8.25,0.765625,0.234375
discounted_lints,corr,z24_a0p5_corr_pruned_top10,3,39,8000,BTCUSDT,val_second,,-1.3237153000858481,4.46213290901194,66,0.819529932822184,True,,,,,,,11.5,4.0,7.53030303030303,4.0,8.0,0.7878787878787878,0.21212121212121213
discounted_lints,corr,z24_a0p5_corr_pruned_top10,3,39,8000,ETHUSDT,val,2000.0,-6.368908448195754,9.629674436445745,187,0.6963592506896439,True,0.4975,0.374,0.374,0.626,0.626,0.6225,7.0,4.0,5.315508021390374,4.0,4.0,0.9251336898395722,0.0748663101604278
discounted_lints,corr,z24_a0p5_corr_pruned_top10,3,39,8000,ETHUSDT,val_first,,-1.746992052857832,4.488052336189852,84,0.7746626252840266,True,,,,,,,8.0,4.0,5.928571428571429,4.0,5.0,0.9047619047619048,0.09523809523809523
discounted_lints,corr,z24_a0p5_corr_pruned_top10,3,39,8000,ETHUSDT,val_second,,-4.704096588904838,8.022840774328888,103,0.6471134615657528,True,,,,,,,7.0,4.0,4.815533980582524,4.0,4.0,0.941747572815534,0.05825242718446602
discounted_lints,corr,z24_a0p5_corr_pruned_top10,3,39,8000,SOLUSDT,val,2000.0,-3.999269226899127,7.081899856145101,172,0.8122632407435051,True,0.509,0.344,0.344,0.656,0.656,0.651,8.0,4.0,5.9186046511627906,4.0,5.0,0.8662790697674418,0.13372093023255813
discounted_lints,corr,z24_a0p5_corr_pruned_top10,3,39,8000,SOLUSDT,val_first,,0.1456467843388598,4.603752032062158,78,0.9562737259604728,True,,,,,,,9.0,4.0,6.82051282051282,4.0,7.0,0.8205128205128205,0.1794871794871795
discounted_lints,corr,z24_a0p5_corr_pruned_top10,3,39,8000,SOLUSDT,val_second,,-4.138887854171003,7.081899856145101,94,0.72526692914154,True,,,,,,,8.0,4.0,5.170212765957447,4.0,5.0,0.9042553191489362,0.09574468085106383
discounted_lints,corr,z24_a0p5_corr_pruned_top10,3,39,8001,BTCUSDT,val,2000.0,-6.17715441251222,6.961867490603213,138,0.6098771146624128,True,0.503,0.2755,0.27549999999999997,0.7245,0.7245,0.723,11.0,4.0,7.2898550724637685,4.0,8.0,0.8043478260869565,0.1956521739130435
discounted_lints,corr,z24_a0p5_corr_pruned_top10,3,39,8001,BTCUSDT,val_first,,-2.3706591426558288,5.005918454485247,65,0.681088275272203,True,,,,,,,11.5,4.0,7.676923076923077,4.0,9.0,0.7538461538461538,0.24615384615384617
discounted_lints,corr,z24_a0p5_corr_pruned_top10,3,39,8001,BTCUSDT,val_second,,-3.8989255037770287,5.136758996557211,73,0.5432592478381436,True,,,,,,,9.0,4.0,6.945205479452055,4.0,7.0,0.8493150684931506,0.1506849315068493
discounted_lints,corr,z24_a0p5_corr_pruned_top10,3,39,8001,ETHUSDT,val,2000.0,-8.959377857072292,13.411269697134355,164,0.5933567888483477,True,0.507,0.328,0.32799999999999996,0.672,0.672,0.669,8.0,4.0,6.182926829268292,4.0,6.0,0.8414634146341463,0.15853658536585366
discounted_lints,corr,z24_a0p5_corr_pruned_top10,3,39,8001,ETHUSDT,val_first,,-4.318666243124136,6.452363570533992,83,0.583520039386713,True,,,,,,,8.0,4.0,6.168674698795181,4.0,5.5,0.8554216867469879,0.14457831325301204
discounted_lints,corr,z24_a0p5_corr_pruned_top10,3,39,8001,ETHUSDT,val_second,,-4.850174461133772,10.028511076817292,81,0.6011759058602485,True,,,,,,,10.0,4.0,6.197530864197531,4.0,7.0,0.8271604938271605,0.1728395061728395
discounted_lints,corr,z24_a0p5_corr_pruned_top10,3,39,8001,SOLUSDT,val,2000.0,-14.507432280697753,16.489024459272418,210,0.5676362772431259,True,0.517,0.42,0.42000000000000004,0.58,0.58,0.575,8.0,4.0,4.923809523809524,4.0,5.0,0.9523809523809523,0.047619047619047616
discounted_lints,corr,z24_a0p5_corr_pruned_top10,3,39,8001,SOLUSDT,val_first,,-5.639785863035696,8.909861546176923,104,0.619442239937284,True,,,,,,,8.0,4.0,5.048076923076923,4.0,4.25,0.9423076923076923,0.057692307692307696
discounted_lints,corr,z24_a0p5_corr_pruned_top10,3,39,8001,SOLUSDT,val_second,,-9.397653978180498,10.28300979418615,106,0.5299544325427161,True,,,,,,,7.0,4.0,4.80188679245283,4.0,5.0,0.9622641509433962,0.03773584905660377
discounted_lints,corr,z24_a0p5_corr_pruned_top10,3,39,8002,BTCUSDT,val,2000.0,-5.555546897115516,6.3252193730377275,114,0.6230338931554666,True,0.585,0.228,0.22799999999999998,0.772,0.772,0.769,13.0,5.0,10.263157894736842,4.0,11.0,0.6842105263157895,0.3157894736842105
discounted_lints,corr,z24_a0p5_corr_pruned_top10,3,39,8002,BTCUSDT,val_first,,-1.7419718745503299,5.1302329524752555,62,0.7487661283589518,True,,,,,,,12.5,5.5,8.919354838709678,4.0,11.0,0.6451612903225806,0.3548387096774194
discounted_lints,corr,z24_a0p5_corr_pruned_top10,3,39,8002,BTCUSDT,val_second,,-3.881184159014728,4.949333902321939,51,0.4539024754343576,True,,,,,,,12.5,5.0,11.235294117647058,4.0,8.5,0.7450980392156863,0.2549019607843137
discounted_lints,corr,z24_a0p5_corr_pruned_top10,3,39,8002,ETHUSDT,val,2000.0,-11.63653404389714,13.898265336166936,176,0.5497446136415628,True,0.5525,0.352,0.352,0.648,0.648,0.6455,8.0,4.0,6.278409090909091,4.0,6.0,0.8693181818181818,0.13068181818181818
discounted_lints,corr,z24_a0p5_corr_pruned_top10,3,39,8002,ETHUSDT,val_first,,-4.473891266561036,7.12204263404529,92,0.6012105651118681,True,,,,,,,7.0,4.0,6.0978260869565215,4.0,5.25,0.8695652173913043,0.13043478260869565
discounted_lints,corr,z24_a0p5_corr_pruned_top10,3,39,8002,ETHUSDT,val_second,,-7.498099600521901,9.993223897058723,84,0.5125526524402564,True,,,,,,,9.0,4.0,6.476190476190476,4.0,7.0,0.8690476190476191,0.13095238095238096
discounted_lints,corr,z24_a0p5_corr_pruned_top10,3,39,8002,SOLUSDT,val,2000.0,-3.8922286327875533,7.542418487293967,143,0.8103513084389363,True,0.522,0.2865,0.2865,0.7135,0.7135,0.709,10.0,4.0,7.286713286713287,4.0,8.0,0.7762237762237763,0.22377622377622378
discounted_lints,corr,z24_a0p5_corr_pruned_top10,3,39,8002,SOLUSDT,val_first,,1.4365682481938036,3.6798902685650003,60,1.06729103910219,True,,,,,,,13.0,5.0,9.666666666666666,4.0,13.25,0.6333333333333333,0.36666666666666664
discounted_lints,corr,z24_a0p5_corr_pruned_top10,3,39,8002,SOLUSDT,val_second,,-5.253329221413427,7.542418487293967,83,0.6537530981084129,True,,,,,,,9.0,4.0,5.566265060240964,4.0,6.0,0.8795180722891566,0.12048192771084337
discounted_lints,corr,z24_a0p5_corr_pruned_top10,3,39,8003,BTCUSDT,val,2000.0,-6.498839365752107,6.584761906854297,162,0.6096602883928103,True,0.4645,0.3235,0.3235,0.6765,0.6765,0.675,8.0,4.0,5.734567901234568,4.0,5.0,0.8888888888888888,0.1111111111111111
discounted_lints,corr,z24_a0p5_corr_pruned_top10,3,39,8003,BTCUSDT,val_first,,-1.4229598826571932,3.467987042043841,83,0.8033759150157738,True,,,,,,,7.0,4.0,5.614457831325301,4.0,5.0,0.8795180722891566,0.12048192771084337
discounted_lints,corr,z24_a0p5_corr_pruned_top10,3,39,8003,BTCUSDT,val_second,,-5.149149819321774,5.705195705107846,79,0.4347810079872683,True,,,,,,,8.0,4.0,5.860759493670886,4.0,4.5,0.8987341772151899,0.10126582278481013
discounted_lints,corr,z24_a0p5_corr_pruned_top10,3,39,8003,ETHUSDT,val,2000.0,-3.880055489284384,7.349091860138179,170,0.787627020335843,True,0.512,0.3395,0.3395,0.6605,0.6605,0.6575,8.0,4.0,6.023529411764706,4.0,6.0,0.8705882352941177,0.12941176470588237
discounted_lints,corr,z24_a0p5_corr_pruned_top10,3,39,8003,ETHUSDT,val_first,,-2.8039562081365377,5.030533871894738,84,0.6931165185289181,True,,,,,,,7.0,4.0,5.678571428571429,4.0,5.0,0.8928571428571429,0.10714285714285714
discounted_lints,corr,z24_a0p5_corr_pruned_top10,3,39,8003,ETHUSDT,val_second,,-1.1071430885111089,5.383133312326582,85,0.8613526085566411,True,,,,,,,8.0,4.0,6.223529411764706,4.0,6.0,0.8588235294117647,0.1411764705882353
discounted_lints,corr,z24_a0p5_corr_pruned_top10,3,39,8003,SOLUSDT,val,2000.0,-8.195408589511777,9.86256606601853,173,0.6931274650561132,True,0.529,0.3465,0.34650000000000003,0.6535,0.6535,0.649,8.0,4.0,6.104046242774566,4.0,6.0,0.861271676300578,0.13872832369942195
discounted_lints,corr,z24_a0p5_corr_pruned_top10,3,39,8003,SOLUSDT,val_first,,-2.2084482720534426,6.237232663918746,78,0.7831889978344575,True,,,,,,,10.0,4.5,7.217948717948718,4.0,8.75,0.782051282051282,0.21794871794871795
discounted_lints,corr,z24_a0p5_corr_pruned_top10,3,39,8003,SOLUSDT,val_second,,-6.122165168330584,9.397340513500495,95,0.6224600492218871,True,,,,,,,7.0,4.0,5.189473684210526,4.0,5.0,0.9263157894736842,0.07368421052631578
discounted_lints,corr,z24_a0p5_corr_pruned_top10,3,39,8004,BTCUSDT,val,2000.0,-2.9672611667390547,4.183494495291118,118,0.7655225252944711,True,0.559,0.2355,0.23550000000000004,0.7645,0.7645,0.761,13.0,5.0,9.474576271186441,4.0,11.0,0.6864406779661016,0.3135593220338983
discounted_lints,corr,z24_a0p5_corr_pruned_top10,3,39,8004,BTCUSDT,val_first,,-0.5374524521678414,4.183494495291118,59,0.8457785866306247,True,,,,,,,13.0,5.0,8.915254237288135,4.0,11.0,0.6610169491525424,0.3389830508474576
discounted_lints,corr,z24_a0p5_corr_pruned_top10,3,39,8004,BTCUSDT,val_second,,-2.4429383466200716,3.8586193743306296,58,0.6571604815128981,True,,,,,,,12.0,5.0,9.844827586206897,4.0,10.0,0.7241379310344828,0.27586206896551724
discounted_lints,corr,z24_a0p5_corr_pruned_top10,3,39,8004,ETHUSDT,val,2000.0,-7.7455465672815365,11.096685043024223,171,0.6664648366937602,True,0.527,0.342,0.34199999999999997,0.658,0.658,0.6555,9.0,4.0,6.16374269005848,4.0,6.5,0.8362573099415205,0.16374269005847952
discounted_lints,corr,z24_a0p5_corr_pruned_top10,3,39,8004,ETHUSDT,val_first,,-4.441627550927619,6.656925594960528,89,0.607515592487248,True,,,,,,,8.0,4.0,5.820224719101123,4.0,5.0,0.8539325842696629,0.14606741573033707
discounted_lints,corr,z24_a0p5_corr_pruned_top10,3,39,8004,ETHUSDT,val_second,,-3.457487744587462,7.108002919285661,82,0.713560512544278,True,,,,,,,11.0,4.0,6.536585365853658,4.0,8.0,0.8170731707317073,0.18292682926829268
discounted_lints,corr,z24_a0p5_corr_pruned_top10,3,39,8004,SOLUSDT,val,2000.0,-4.459665561343018,8.158508298235045,164,0.7841306341775188,True,0.4995,0.3285,0.3285,0.6715,0.6715,0.669,8.0,4.0,6.079268292682927,4.0,5.0,0.8597560975609756,0.1402439024390244
discounted_lints,corr,z24_a0p5_corr_pruned_top10,3,39,8004,SOLUSDT,val_first,,-0.7028068466169768,3.921752060419159,69,0.8677990337449784,True,,,,,,,10.0,4.0,7.449275362318841,4.0,8.0,0.782608695652174,0.21739130434782608
discounted_lints,corr,z24_a0p5_corr_pruned_top10,3,39,8004,SOLUSDT,val_second,,-3.7834490537138055,8.158508298235045,95,0.7409028230018695,True,,,,,,,7.0,4.0,5.08421052631579,4.0,4.0,0.9157894736842105,0.08421052631578947
discounted_lints,corr,z24_a0p5_corr_pruned_top10,3,39,8005,BTCUSDT,val,2000.0,-4.892215366568376,5.489385408193703,130,0.6683838806910106,True,0.5355,0.2595,0.25949999999999995,0.7405,0.7405,0.737,12.0,4.0,8.238461538461538,4.0,9.75,0.7461538461538462,0.25384615384615383
discounted_lints,corr,z24_a0p5_corr_pruned_top10,3,39,8005,BTCUSDT,val_first,,-1.0048314324262675,3.603800675108082,73,0.8408617806287453,True,,,,,,,11.0,4.0,7.493150684931507,4.0,10.0,0.7397260273972602,0.2602739726027397
discounted_lints,corr,z24_a0p5_corr_pruned_top10,3,39,8005,BTCUSDT,val_second,,-3.9268420776399693,5.01734662288138,57,0.5137002769982301,True,,,,,,,12.0,5.0,9.192982456140351,4.0,9.0,0.7543859649122807,0.24561403508771928
discounted_lints,corr,z24_a0p5_corr_pruned_top10,3,39,8005,ETHUSDT,val,2000.0,-5.974009032891525,8.971808861753471,168,0.7143614592807721,True,0.517,0.336,0.33599999999999997,0.664,0.664,0.661,9.0,4.0,6.154761904761905,4.0,6.25,0.8452380952380952,0.15476190476190477
discounted_lints,corr,z24_a0p5_corr_pruned_top10,3,39,8005,ETHUSDT,val_first,,-1.5750901489377633,4.262229019875374,79,0.8018196658601255,True,,,,,,,10.0,4.0,6.569620253164557,4.0,6.5,0.8227848101265823,0.17721518987341772
discounted_lints,corr,z24_a0p5_corr_pruned_top10,3,39,8005,ETHUSDT,val_second,,-4.469314618230557,6.557358057955787,89,0.6538908191129996,True,,,,,,,9.0,4.0,5.786516853932584,4.0,6.0,0.8651685393258427,0.1348314606741573
discounted_lints,corr,z24_a0p5_corr_pruned_top10,3,39,8005,SOLUSDT,val,2000.0,-7.954324615366781,11.978063739378552,153,0.6900020521413569,True,0.5385,0.306,0.30600000000000005,0.694,0.694,0.6905,9.0,4.0,7.03921568627451,4.0,7.0,0.7777777777777778,0.2222222222222222
discounted_lints,corr,z24_a0p5_corr_pruned_top10,3,39,8005,SOLUSDT,val_first,,0.28195004977007443,4.5844151534670585,53,0.9456686052763139,True,,,,,,,14.5,7.0,10.622641509433961,4.0,15.0,0.5471698113207547,0.4528301886792453
discounted_lints,corr,z24_a0p5_corr_pruned_top10,3,39,8005,SOLUSDT,val_second,,-8.213117775481216,11.978063739378552,100,0.5664415817936487,True,,,,,,,8.0,4.0,5.14,4.0,5.0,0.9,0.1
discounted_lints,corr,z24_a0p5_corr_pruned_top10,3,39,8006,BTCUSDT,val,2000.0,-5.09541618135766,5.956672928498263,146,0.6606283960066966,True,0.4565,0.2915,0.2915,0.7085,0.7085,0.707,9.0,4.0,6.2534246575342465,4.0,6.0,0.8698630136986302,0.13013698630136986
discounted_lints,corr,z24_a0p5_corr_pruned_top10,3,39,8006,BTCUSDT,val_first,,-1.3406032607713003,3.2378643924903305,67,0.7875367650551591,True,,,,,,,8.0,4.0,6.462686567164179,4.0,6.0,0.835820895522388,0.16417910447761194
discounted_lints,corr,z24_a0p5_corr_pruned_top10,3,39,8006,BTCUSDT,val_second,,-3.8058340560411907,5.107002739586031,79,0.5538528754418149,True,,,,,,,10.0,4.0,6.075949367088608,4.0,6.0,0.8987341772151899,0.10126582278481013
discounted_lints,corr,z24_a0p5_corr_pruned_top10,3,39,8006,ETHUSDT,val,2000.0,-7.20645792963518,10.144107872691544,185,0.6771483331577693,True,0.5155,0.3695,0.36950000000000005,0.6305,0.6305,0.6275,8.0,4.0,5.572972972972973,4.0,5.0,0.8810810810810811,0.11891891891891893
discounted_lints,corr,z24_a0p5_corr_pruned_top10,3,39,8006,ETHUSDT,val_first,,-3.7385487787648053,6.032958856874815,94,0.6554551238467105,True,,,,,,,7.0,4.0,5.053191489361702,4.0,4.0,0.925531914893617,0.07446808510638298
discounted_lints,corr,z24_a0p5_corr_pruned_top10,3,39,8006,ETHUSDT,val_second,,-3.6025938803895263,6.880572563363618,91,0.6951439299182308,True,,,,,,,9.0,4.0,6.1098901098901095,4.0,6.5,0.8351648351648352,0.16483516483516483
discounted_lints,corr,z24_a0p5_corr_pruned_top10,3,39,8006,SOLUSDT,val,2000.0,-8.107761668478242,11.555753731030105,186,0.6956585946247041,True,0.495,0.3725,0.37250000000000005,0.6275,0.6275,0.623,8.0,4.0,5.311827956989247,4.0,4.75,0.9247311827956989,0.07526881720430108
discounted_lints,corr,z24_a0p5_corr_pruned_top10,3,39,8006,SOLUSDT,val_first,,-3.985463505197584,6.575509318795025,86,0.6770050268478681,True,,,,,,,10.0,4.0,5.883720930232558,4.0,6.0,0.8837209302325582,0.11627906976744186
discounted_lints,corr,z24_a0p5_corr_pruned_top10,3,39,8006,SOLUSDT,val_second,,-4.293410470719516,8.901544028513042,100,0.7113775108107402,True,,,,,,,7.0,4.0,4.82,4.0,4.0,0.96,0.04
discounted_lints,corr,z24_a0p5_corr_pruned_top10,3,39,8007,BTCUSDT,val,2000.0,-3.452301892580323,6.004035513326533,144,0.7613159881042133,True,0.465,0.2895,0.2895,0.7105,0.7105,0.709,9.0,4.0,6.430555555555555,4.0,7.0,0.8472222222222222,0.1527777777777778
discounted_lints,corr,z24_a0p5_corr_pruned_top10,3,39,8007,BTCUSDT,val_first,,0.406944545336696,2.4993689892216286,70,1.0361288535737934,True,,,,,,,9.0,4.0,6.428571428571429,4.0,6.75,0.8285714285714286,0.17142857142857143
discounted_lints,corr,z24_a0p5_corr_pruned_top10,3,39,8007,BTCUSDT,val_second,,-3.8436050966319857,6.004035513326533,73,0.56939449703637,True,,,,,,,9.0,4.0,6.465753424657534,4.0,7.0,0.863013698630137,0.136986301369863
discounted_lints,corr,z24_a0p5_corr_pruned_top10,3,39,8007,ETHUSDT,val,2000.0,-7.605590156488962,10.146655858523024,173,0.672332652138251,True,0.5245,0.3455,0.34550000000000003,0.6545,0.6545,0.6515,8.0,4.0,6.063583815028902,4.0,5.0,0.8786127167630058,0.12138728323699421
discounted_lints,corr,z24_a0p5_corr_pruned_top10,3,39,8007,ETHUSDT,val_first,,-2.175344384351452,5.415644220976301,92,0.7668630885137466,True,,,,,,,7.0,4.0,5.554347826086956,4.0,4.0,0.9239130434782609,0.07608695652173914
discounted_lints,corr,z24_a0p5_corr_pruned_top10,3,39,8007,ETHUSDT,val_second,,-5.55099911976471,7.914265513560082,81,0.6012774259065583,True,,,,,,,9.0,4.0,6.6419753086419755,4.0,7.0,0.8271604938271605,0.1728395061728395
discounted_lints,corr,z24_a0p5_corr_pruned_top10,3,39,8007,SOLUSDT,val,2000.0,-10.124614801964826,12.647863003375527,150,0.6221515055446378,True,0.4945,0.3005,0.3005,0.6995,0.6995,0.695,10.0,4.0,6.58,4.0,7.0,0.8066666666666666,0.19333333333333333
discounted_lints,corr,z24_a0p5_corr_pruned_top10,3,39,8007,SOLUSDT,val_first,,-2.2014620021851394,6.7189827858236235,64,0.7601287668363901,True,,,,,,,12.0,5.0,8.21875,4.0,11.5,0.71875,0.28125
discounted_lints,corr,z24_a0p5_corr_pruned_top10,3,39,8007,SOLUSDT,val_second,,-8.101504339417342,12.572047992889424,86,0.5391664915623984,True,,,,,,,9.0,4.0,5.3604651162790695,4.0,5.0,0.872093023255814,0.12790697674418605
discounted_lints,corr,z24_a0p5_corr_pruned_top10,3,39,8008,BTCUSDT,val,2000.0,-5.64830598716668,6.6488337250902525,132,0.626456707524064,True,0.509,0.2655,0.26549999999999996,0.7345,0.7345,0.733,11.0,4.0,7.681818181818182,4.0,9.0,0.7727272727272727,0.22727272727272727
discounted_lints,corr,z24_a0p5_corr_pruned_top10,3,39,8008,BTCUSDT,val_first,,-1.6590347349967227,4.404417119402293,65,0.7592642246963565,True,,,,,,,12.0,6.0,7.984615384615385,4.0,11.0,0.7230769230769231,0.27692307692307694
discounted_lints,corr,z24_a0p5_corr_pruned_top10,3,39,8008,BTCUSDT,val_second,,-4.05657117704703,5.916560102893942,67,0.4971821551025854,True,,,,,,,10.0,4.0,7.388059701492537,4.0,7.5,0.8208955223880597,0.1791044776119403
discounted_lints,corr,z24_a0p5_corr_pruned_top10,3,39,8008,ETHUSDT,val,2000.0,-4.855422547394738,9.076207378606238,162,0.7327742235688052,True,0.5195,0.324,0.32399999999999995,0.676,0.676,0.673,9.0,4.0,6.41358024691358,4.0,7.0,0.845679012345679,0.15432098765432098
discounted_lints,corr,z24_a0p5_corr_pruned_top10,3,39,8008,ETHUSDT,val_first,,-0.6659599039546271,2.897930280842176,78,0.8809722828412991,True,,,,,,,8.0,4.0,6.32051282051282,4.0,6.0,0.8589743589743589,0.14102564102564102
discounted_lints,corr,z24_a0p5_corr_pruned_top10,3,39,8008,ETHUSDT,val_second,,-4.217549834265622,8.965263998098527,84,0.6361115422422038,True,,,,,,,9.0,4.0,6.5,4.0,7.0,0.8333333333333334,0.16666666666666666
discounted_lints,corr,z24_a0p5_corr_pruned_top10,3,39,8008,SOLUSDT,val,2000.0,-6.8383809450595745,9.48309617825166,150,0.720660577060995,True,0.5165,0.3,0.30000000000000004,0.7,0.7,0.6955,10.0,4.0,6.886666666666667,4.0,8.0,0.8,0.2
discounted_lints,corr,z24_a0p5_corr_pruned_top10,3,39,8008,SOLUSDT,val_first,,-1.6541970252217042,6.004438806055901,61,0.8051526108563188,True,,,,,,,14.0,5.0,8.901639344262295,4.0,13.0,0.6721311475409836,0.32786885245901637
discounted_lints,corr,z24_a0p5_corr_pruned_top10,3,39,8008,SOLUSDT,val_second,,-5.271382980285799,8.703973815237752,89,0.6612566095254949,True,,,,,,,9.0,4.0,5.50561797752809,4.0,5.0,0.8876404494382022,0.11235955056179775
discounted_lints,corr,z24_a0p5_corr_pruned_top10,3,39,8009,BTCUSDT,val,2000.0,-3.3969699001788145,5.832787570601594,143,0.7442886245188111,True,0.47,0.2875,0.2875,0.7125,0.7125,0.711,9.0,4.0,6.545454545454546,4.0,7.0,0.8601398601398601,0.13986013986013987
discounted_lints,corr,z24_a0p5_corr_pruned_top10,3,39,8009,BTCUSDT,val_first,,0.21689709788037526,2.7142865340228695,65,1.0073633029613793,True,,,,,,,10.0,4.0,6.707692307692308,4.0,7.0,0.8461538461538461,0.15384615384615385
discounted_lints,corr,z24_a0p5_corr_pruned_top10,3,39,8009,BTCUSDT,val_second,,-3.606045589826612,5.685970548362174,78,0.5735240197330741,True,,,,,,,9.0,4.0,6.410256410256411,4.0,6.75,0.8717948717948718,0.1282051282051282
discounted_lints,corr,z24_a0p5_corr_pruned_top10,3,39,8009,ETHUSDT,val,2000.0,-3.9086406348490588,8.65339040799855,169,0.7900102035051138,True,0.541,0.338,0.33799999999999997,0.662,0.662,0.66,8.0,4.0,6.396449704142012,4.0,6.0,0.834319526627219,0.16568047337278108
discounted_lints,corr,z24_a0p5_corr_pruned_top10,3,39,8009,ETHUSDT,val_first,,-1.4387814789602604,4.542286376047255,84,0.8141760050739726,True,,,,,,,8.0,4.0,6.511904761904762,4.0,6.0,0.8095238095238095,0.19047619047619047
discounted_lints,corr,z24_a0p5_corr_pruned_top10,3,39,8009,ETHUSDT,val_second,,-2.505913779222968,8.65339040799855,85,0.7720974639153457,True,,,,,,,7.0,4.0,6.2823529411764705,4.0,7.0,0.8588235294117647,0.1411764705882353
discounted_lints,corr,z24_a0p5_corr_pruned_top10,3,39,8009,SOLUSDT,val,2000.0,-7.2747188432113585,12.427373719794243,167,0.7170500906333406,True,0.507,0.3345,0.3345,0.6655,0.6655,0.661,9.0,4.0,6.059880239520958,4.0,5.0,0.8622754491017964,0.1377245508982036
discounted_lints,corr,z24_a0p5_corr_pruned_top10,3,39,8009,SOLUSDT,val_first,,0.48793507050943763,4.197365232581085,69,0.9892411029538772,True,,,,,,,11.0,4.0,7.608695652173913,4.0,8.0,0.782608695652174,0.21739130434782608
discounted_lints,corr,z24_a0p5_corr_pruned_top10,3,39,8009,SOLUSDT,val_second,,-7.724961119236817,12.427373719794243,98,0.5927254622149022,True,,,,,,,7.0,4.0,4.969387755102041,4.0,4.0,0.9183673469387755,0.08163265306122448
discounted_lints,corr,z24_a0p5_corr_pruned_top10,3,39,8010,BTCUSDT,val,2000.0,-4.328111170487192,5.9259790652881446,138,0.7182760287063207,True,0.4835,0.2775,0.27749999999999997,0.7225,0.7225,0.721,10.0,4.0,6.978260869565218,4.0,6.0,0.8333333333333334,0.16666666666666666
discounted_lints,corr,z24_a0p5_corr_pruned_top10,3,39,8010,BTCUSDT,val_first,,-2.7300924077153454,4.765001182580386,70,0.6625243051946843,True,,,,,,,10.0,4.0,6.5,4.0,6.0,0.8285714285714286,0.17142857142857143
discounted_lints,corr,z24_a0p5_corr_pruned_top10,3,39,8010,BTCUSDT,val_second,,-1.6428706496464218,4.005120712269383,68,0.7802835833817244,True,,,,,,,9.0,4.0,7.470588235294118,4.0,6.0,0.8382352941176471,0.16176470588235295
discounted_lints,corr,z24_a0p5_corr_pruned_top10,3,39,8010,ETHUSDT,val,2000.0,-5.399968747557682,7.873017791175063,176,0.7403702091743224,True,0.5345,0.352,0.352,0.648,0.648,0.6455,7.0,4.0,6.073863636363637,4.0,5.0,0.8863636363636364,0.11363636363636363
discounted_lints,corr,z24_a0p5_corr_pruned_top10,3,39,8010,ETHUSDT,val_first,,-0.9716783443790566,4.490555564951826,90,0.8534768919688546,True,,,,,,,6.0,4.0,5.688888888888889,4.0,4.0,0.9222222222222223,0.07777777777777778
discounted_lints,corr,z24_a0p5_corr_pruned_top10,3,39,8010,ETHUSDT,val_second,,-4.471741345448999,6.969056257255357,86,0.6587018817970793,True,,,,,,,8.0,4.0,6.476744186046512,4.0,7.0,0.8488372093023255,0.1511627906976744
discounted_lints,corr,z24_a0p5_corr_pruned_top10,3,39,8010,SOLUSDT,val,2000.0,-5.593769844819462,11.134802144621602,158,0.7501617793346923,True,0.4985,0.3165,0.3165,0.6835,0.6835,0.681,9.0,4.0,6.2974683544303796,4.0,6.0,0.8417721518987342,0.15822784810126583
discounted_lints,corr,z24_a0p5_corr_pruned_top10,3,39,8010,SOLUSDT,val_first,,-1.1185118504539182,4.7031986202849545,68,0.8351232342864306,True,,,,,,,12.0,4.0,7.647058823529412,4.0,10.0,0.7352941176470589,0.2647058823529412
discounted_lints,corr,z24_a0p5_corr_pruned_top10,3,39,8010,SOLUSDT,val_second,,-4.525880504141755,11.134802144621602,90,0.7018618503855699,True,,,,,,,7.5,4.0,5.277777777777778,4.0,4.0,0.9222222222222223,0.07777777777777778
discounted_lints,corr,z24_a0p5_corr_pruned_top10,3,39,8011,BTCUSDT,val,2000.0,-6.074581054733086,6.725866806975455,130,0.6246002408293806,True,0.5285,0.2595,0.25949999999999995,0.7405,0.7405,0.739,12.0,4.0,8.13076923076923,4.0,8.75,0.7615384615384615,0.23846153846153847
discounted_lints,corr,z24_a0p5_corr_pruned_top10,3,39,8011,BTCUSDT,val_first,,-2.3029943752417292,4.536206370581352,67,0.706283556119995,True,,,,,,,12.0,4.0,7.940298507462686,4.0,10.0,0.7164179104477612,0.2835820895522388
discounted_lints,corr,z24_a0p5_corr_pruned_top10,3,39,8011,BTCUSDT,val_second,,-3.8604936306620763,4.913323471872221,63,0.5441517647037544,True,,,,,,,10.5,4.0,8.333333333333334,4.0,7.0,0.8095238095238095,0.19047619047619047
discounted_lints,corr,z24_a0p5_corr_pruned_top10,3,39,8011,ETHUSDT,val,2000.0,-3.013505253749149,6.413648275724293,201,0.8398214704084475,True,0.4875,0.4015,0.40149999999999997,0.5985,0.5985,0.5945,7.0,4.0,4.850746268656716,4.0,4.0,0.9402985074626866,0.05970149253731343
discounted_lints,corr,z24_a0p5_corr_pruned_top10,3,39,8011,ETHUSDT,val_first,,-3.4715590837168353,5.274072869746471,96,0.6814318202386273,True,,,,,,,7.0,4.0,5.083333333333333,4.0,4.0,0.9166666666666666,0.08333333333333333
discounted_lints,corr,z24_a0p5_corr_pruned_top10,3,39,8011,ETHUSDT,val_second,,0.4745273264746386,3.248322239119006,105,0.9922956977066242,True,,,,,,,7.0,4.0,4.6380952380952385,4.0,4.0,0.9619047619047619,0.0380952380952381
discounted_lints,corr,z24_a0p5_corr_pruned_top10,3,39,8011,SOLUSDT,val,2000.0,-1.2931111945536644,9.710036394150546,152,0.8883458763147796,True,0.5285,0.304,0.30400000000000005,0.696,0.696,0.693,10.0,4.0,6.953947368421052,4.0,7.0,0.7828947368421053,0.21710526315789475
discounted_lints,corr,z24_a0p5_corr_pruned_top10,3,39,8011,SOLUSDT,val_first,,1.9880925343033429,3.3951658930147954,67,1.12302434409873,True,,,,,,,13.0,5.0,8.373134328358208,4.0,13.0,0.6716417910447762,0.3283582089552239
discounted_lints,corr,z24_a0p5_corr_pruned_top10,3,39,8011,SOLUSDT,val_second,,-3.217241981217933,9.710036394150546,85,0.7637436537151787,True,,,,,,,9.0,4.0,5.8352941176470585,4.0,5.0,0.8705882352941177,0.12941176470588237
discounted_lints,corr,z24_a0p5_corr_pruned_top10,3,39,8012,BTCUSDT,val,2000.0,-5.282160854664664,6.3584748119952845,142,0.668111648427624,True,0.542,0.284,0.28400000000000003,0.716,0.716,0.7135,11.0,4.0,7.633802816901408,4.0,9.0,0.7676056338028169,0.2323943661971831
discounted_lints,corr,z24_a0p5_corr_pruned_top10,3,39,8012,BTCUSDT,val_first,,-2.298149927655291,3.9434146683419824,79,0.679142130008846,True,,,,,,,10.0,4.0,6.7215189873417724,4.0,8.0,0.7848101265822784,0.21518987341772153
discounted_lints,corr,z24_a0p5_corr_pruned_top10,3,39,8012,BTCUSDT,val_second,,-3.0542010461417357,4.516355883244138,62,0.6299516960027586,True,,,,,,,12.0,5.0,8.596774193548388,4.0,9.0,0.7580645161290323,0.24193548387096775
discounted_lints,corr,z24_a0p5_corr_pruned_top10,3,39,8012,ETHUSDT,val,2000.0,-2.5282805185371293,6.868484497204097,186,0.8486567812725865,True,0.534,0.3735,0.37350000000000005,0.6265,0.6265,0.625,8.0,4.0,5.720430107526882,4.0,5.0,0.8817204301075269,0.11827956989247312
discounted_lints,corr,z24_a0p5_corr_pruned_top10,3,39,8012,ETHUSDT,val_first,,-0.848172808325176,4.044161177530913,94,0.8729793989306392,True,,,,,,,8.0,4.0,5.5638297872340425,4.0,5.0,0.8829787234042553,0.11702127659574468
discounted_lints,corr,z24_a0p5_corr_pruned_top10,3,39,8012,ETHUSDT,val_second,,-1.6944798273500927,6.676032867484172,92,0.8327398661703452,True,,,,,,,8.0,4.0,5.880434782608695,4.0,5.0,0.8804347826086957,0.11956521739130435
discounted_lints,corr,z24_a0p5_corr_pruned_top10,3,39,8012,SOLUSDT,val,2000.0,-4.889852936594618,7.828090513463282,156,0.7764467911770703,True,0.507,0.3125,0.3125,0.6875,0.6875,0.683,8.5,4.0,6.487179487179487,4.0,5.25,0.8653846153846154,0.1346153846153846
discounted_lints,corr,z24_a0p5_corr_pruned_top10,3,39,8012,SOLUSDT,val_first,,-0.7529467950794233,5.166702140274082,63,0.8728556738504474,True,,,,,,,11.5,4.0,8.46031746031746,4.0,8.0,0.7619047619047619,0.23809523809523808
discounted_lints,corr,z24_a0p5_corr_pruned_top10,3,39,8012,SOLUSDT,val_second,,-4.168291156185278,7.828090513463282,93,0.722241390939581,True,,,,,,,7.0,4.0,5.150537634408602,4.0,4.0,0.9354838709677419,0.06451612903225806
discounted_lints,corr,z24_a0p5_corr_pruned_top10,3,39,8013,BTCUSDT,val,2000.0,-3.9754725921125833,5.344023236433825,179,0.7454928196364804,True,0.4485,0.358,0.358,0.642,0.642,0.639,7.0,4.0,5.011173184357542,4.0,4.0,0.9385474860335196,0.061452513966480445
discounted_lints,corr,z24_a0p5_corr_pruned_top10,3,39,8013,BTCUSDT,val_first,,-2.064634293514045,4.505615539436247,90,0.7484920509880965,True,,,,,,,7.0,4.0,5.0,4.0,4.0,0.9222222222222223,0.07777777777777778
discounted_lints,corr,z24_a0p5_corr_pruned_top10,3,39,8013,BTCUSDT,val_second,,-1.951121828988056,4.417106148267957,88,0.7453458655417269,True,,,,,,,7.0,4.0,5.034090909090909,4.0,5.0,0.9545454545454546,0.045454545454545456
discounted_lints,corr,z24_a0p5_corr_pruned_top10,3,39,8013,ETHUSDT,val,2000.0,-8.60030569924879,11.138209185241832,191,0.6433383876493779,True,0.5045,0.382,0.382,0.618,0.618,0.6155,7.0,4.0,5.282722513089006,4.0,4.0,0.9162303664921466,0.08376963350785341
discounted_lints,corr,z24_a0p5_corr_pruned_top10,3,39,8013,ETHUSDT,val_first,,-2.4210442442514246,5.119734112383245,97,0.7449921324508125,True,,,,,,,6.0,4.0,5.010309278350515,4.0,4.0,0.9278350515463918,0.07216494845360824
discounted_lints,corr,z24_a0p5_corr_pruned_top10,3,39,8013,ETHUSDT,val_second,,-6.332575919816952,8.802074975032204,94,0.575617369656349,True,,,,,,,8.0,4.0,5.5638297872340425,4.0,5.0,0.9042553191489362,0.09574468085106383
discounted_lints,corr,z24_a0p5_corr_pruned_top10,3,39,8013,SOLUSDT,val,2000.0,-2.950284332057107,7.939165504160794,155,0.8313358438578641,True,0.4885,0.3105,0.3105,0.6895,0.6895,0.685,9.0,4.0,6.290322580645161,4.0,6.0,0.864516129032258,0.13548387096774195
discounted_lints,corr,z24_a0p5_corr_pruned_top10,3,39,8013,SOLUSDT,val_first,,-0.9595911986561401,4.625740934912126,62,0.8470681294235578,True,,,,,,,12.0,5.0,7.967741935483871,4.0,9.0,0.7580645161290323,0.24193548387096775
discounted_lints,corr,z24_a0p5_corr_pruned_top10,3,39,8013,SOLUSDT,val_second,,-2.0099807315960505,7.939165504160794,93,0.821505887720551,True,,,,,,,7.0,4.0,5.172043010752688,4.0,4.0,0.9354838709677419,0.06451612903225806
discounted_lints,corr,z24_a0p5_corr_pruned_top10,3,39,8014,BTCUSDT,val,2000.0,-6.281638062832373,6.696106995093187,128,0.5803081069728441,True,0.5565,0.2555,0.25549999999999995,0.7445,0.7445,0.741,12.0,5.0,8.6953125,4.0,10.25,0.7109375,0.2890625
discounted_lints,corr,z24_a0p5_corr_pruned_top10,3,39,8014,BTCUSDT,val_first,,-2.7799833766168125,4.503828491256789,73,0.6203183870602839,True,,,,,,,11.0,4.0,7.342465753424658,4.0,10.0,0.7397260273972602,0.2602739726027397
discounted_lints,corr,z24_a0p5_corr_pruned_top10,3,39,8014,BTCUSDT,val_second,,-3.6017836736034314,4.523514589376331,54,0.5029191373564164,True,,,,,,,14.0,6.0,10.296296296296296,4.0,11.0,0.6851851851851852,0.3148148148148148
discounted_lints,corr,z24_a0p5_corr_pruned_top10,3,39,8014,ETHUSDT,val,2000.0,-5.625267303095393,8.558336096536634,166,0.7212129728755567,True,0.5145,0.332,0.33199999999999996,0.668,0.668,0.6655,9.0,4.0,6.198795180722891,4.0,7.0,0.8313253012048193,0.1686746987951807
discounted_lints,corr,z24_a0p5_corr_pruned_top10,3,39,8014,ETHUSDT,val_first,,-3.1663949586662854,4.793170740333452,85,0.6687361924576172,True,,,,,,,7.5,4.0,6.035294117647059,4.0,5.0,0.8352941176470589,0.16470588235294117
discounted_lints,corr,z24_a0p5_corr_pruned_top10,3,39,8014,ETHUSDT,val_second,,-2.5392758468297583,5.884697966409647,81,0.7603839585076343,True,,,,,,,9.0,4.0,6.37037037037037,4.0,7.0,0.8271604938271605,0.1728395061728395
discounted_lints,corr,z24_a0p5_corr_pruned_top10,3,39,8014,SOLUSDT,val,2000.0,-6.89759321051906,10.991947609763619,144,0.7148979098983566,True,0.541,0.288,0.28800000000000003,0.712,0.712,0.709,10.0,4.0,7.513888888888889,4.0,8.0,0.7638888888888888,0.2361111111111111
discounted_lints,corr,z24_a0p5_corr_pruned_top10,3,39,8014,SOLUSDT,val_first,,-0.09144957160471812,4.703764703569114,62,0.9279411993148131,True,,,,,,,13.0,4.0,9.129032258064516,4.0,13.0,0.6451612903225806,0.3548387096774194
discounted_lints,corr,z24_a0p5_corr_pruned_top10,3,39,8014,SOLUSDT,val_second,,-6.812373525319371,10.991947609763619,82,0.5966504629913458,True,,,,,,,9.0,4.0,6.2926829268292686,4.0,6.0,0.8536585365853658,0.14634146341463414
discounted_lints,corr,z24_a0p5_corr_pruned_top10,3,39,8015,BTCUSDT,val,2000.0,-2.8390047430664977,4.685576887381715,109,0.7535190228440185,True,0.554,0.2175,0.21750000000000003,0.7825,0.7825,0.779,15.5,6.0,10.1651376146789,4.0,13.0,0.6513761467889908,0.3486238532110092
discounted_lints,corr,z24_a0p5_corr_pruned_top10,3,39,8015,BTCUSDT,val_first,,-0.9485368381355497,3.322143680167544,58,0.826119668573844,True,,,,,,,14.0,6.0,9.275862068965518,4.0,11.0,0.6379310344827587,0.3620689655172414
discounted_lints,corr,z24_a0p5_corr_pruned_top10,3,39,8015,BTCUSDT,val_second,,-1.9085714078162064,4.033546269830768,51,0.6782406990007325,True,,,,,,,18.0,5.0,11.176470588235293,4.0,14.5,0.6666666666666666,0.3333333333333333
discounted_lints,corr,z24_a0p5_corr_pruned_top10,3,39,8015,ETHUSDT,val,2000.0,-6.253508284437603,9.412386973055764,167,0.7097396165982726,True,0.5195,0.334,0.33399999999999996,0.666,0.666,0.6635,9.0,4.0,6.221556886227545,4.0,6.0,0.844311377245509,0.15568862275449102
discounted_lints,corr,z24_a0p5_corr_pruned_top10,3,39,8015,ETHUSDT,val_first,,-3.770597354899974,6.410126065166688,88,0.653436359233989,True,,,,,,,8.0,4.0,5.7272727272727275,4.0,5.0,0.8636363636363636,0.13636363636363635
discounted_lints,corr,z24_a0p5_corr_pruned_top10,3,39,8015,ETHUSDT,val_second,,-2.5801998778842594,6.724696039488798,79,0.7570375592599559,True,,,,,,,10.0,4.0,6.772151898734177,4.0,8.0,0.8227848101265823,0.17721518987341772
discounted_lints,corr,z24_a0p5_corr_pruned_top10,3,39,8015,SOLUSDT,val,2000.0,-11.455485670308097,13.446218109627338,172,0.5864048039360227,True,0.502,0.3445,0.34450000000000003,0.6555,0.6555,0.653,7.0,4.0,5.825581395348837,4.0,5.0,0.877906976744186,0.12209302325581395
discounted_lints,corr,z24_a0p5_corr_pruned_top10,3,39,8015,SOLUSDT,val_first,,-4.658393993914311,6.834464750715508,66,0.5549263081052805,True,,,,,,,10.0,4.0,7.818181818181818,4.0,9.75,0.7424242424242424,0.25757575757575757
discounted_lints,corr,z24_a0p5_corr_pruned_top10,3,39,8015,SOLUSDT,val_second,,-7.129197798451092,9.659173020694944,106,0.6043743578607981,True,,,,,,,6.0,4.0,4.584905660377358,4.0,4.0,0.9622641509433962,0.03773584905660377
discounted_lints,corr,z24_a0p5_corr_pruned_top10,3,39,8016,BTCUSDT,val,2000.0,-0.37961768789179784,3.4507244333420672,121,0.9310888089989734,True,0.5405,0.2415,0.24150000000000005,0.7585,0.7585,0.755,13.0,5.0,8.933884297520661,4.0,11.0,0.7024793388429752,0.2975206611570248
discounted_lints,corr,z24_a0p5_corr_pruned_top10,3,39,8016,BTCUSDT,val_first,,1.0252703782052563,2.3394947628716745,59,1.0760262946361412,True,,,,,,,13.0,6.0,8.76271186440678,4.0,11.0,0.6610169491525424,0.3389830508474576
discounted_lints,corr,z24_a0p5_corr_pruned_top10,3,39,8016,BTCUSDT,val_second,,-1.3906303450984203,3.4507244333420672,61,0.7724419518289694,True,,,,,,,12.5,5.0,8.918032786885245,4.0,8.0,0.7540983606557377,0.2459016393442623
discounted_lints,corr,z24_a0p5_corr_pruned_top10,3,39,8016,ETHUSDT,val,2000.0,-5.652328089546188,8.836846196619263,188,0.7336632413422863,True,0.552,0.376,0.376,0.624,0.624,0.6215,7.0,4.0,5.872340425531915,4.0,4.0,0.9095744680851063,0.09042553191489362
discounted_lints,corr,z24_a0p5_corr_pruned_top10,3,39,8016,ETHUSDT,val_first,,-2.289652631041117,5.6039120986903335,100,0.7528893368888139,True,,,,,,,7.0,4.0,5.6,4.0,4.0,0.94,0.06
discounted_lints,corr,z24_a0p5_corr_pruned_top10,3,39,8016,ETHUSDT,val_second,,-3.441473241116877,6.839163896992584,88,0.7184782899210088,True,,,,,,,8.0,4.0,6.181818181818182,4.0,6.25,0.875,0.125
discounted_lints,corr,z24_a0p5_corr_pruned_top10,3,39,8016,SOLUSDT,val,2000.0,-5.096065001794936,8.974434070914528,157,0.7752119143542681,True,0.5185,0.314,0.31399999999999995,0.686,0.686,0.681,9.0,4.0,6.6050955414012735,4.0,7.0,0.8089171974522293,0.1910828025477707
discounted_lints,corr,z24_a0p5_corr_pruned_top10,3,39,8016,SOLUSDT,val_first,,0.8900081434728646,4.440739895784162,59,1.017891898935286,True,,,,,,,14.5,7.0,8.94915254237288,4.0,13.0,0.6610169491525424,0.3389830508474576
discounted_lints,corr,z24_a0p5_corr_pruned_top10,3,39,8016,SOLUSDT,val_second,,-5.933266589447761,8.974434070914528,98,0.6420460471270701,True,,,,,,,7.0,4.0,5.1938775510204085,4.0,5.0,0.8979591836734694,0.10204081632653061
discounted_lints,corr,z24_a0p5_corr_pruned_top10,3,39,8017,BTCUSDT,val,2000.0,-4.093053476323627,6.024130348152812,145,0.7296659014465651,True,0.5005,0.2915,0.2915,0.7085,0.7085,0.707,10.0,4.0,6.875862068965517,4.0,6.0,0.8482758620689655,0.15172413793103448
discounted_lints,corr,z24_a0p5_corr_pruned_top10,3,39,8017,BTCUSDT,val_first,,-0.782860043821143,3.079807480649277,67,0.8653078324230384,True,,,,,,,11.0,4.0,7.223880597014926,4.0,8.0,0.8059701492537313,0.19402985074626866
discounted_lints,corr,z24_a0p5_corr_pruned_top10,3,39,8017,BTCUSDT,val_second,,-3.336312086766957,5.400471679472041,77,0.6317555161979622,True,,,,,,,9.0,4.0,6.6103896103896105,4.0,6.0,0.8831168831168831,0.11688311688311688
discounted_lints,corr,z24_a0p5_corr_pruned_top10,3,39,8017,ETHUSDT,val,2000.0,-7.358911182026651,10.423919780802294,166,0.6573712913480664,True,0.5215,0.3325,0.3325,0.6675,0.6675,0.665,8.0,4.0,6.271084337349397,4.0,6.0,0.8614457831325302,0.13855421686746988
discounted_lints,corr,z24_a0p5_corr_pruned_top10,3,39,8017,ETHUSDT,val_first,,-2.7598193914978975,5.543019762170276,82,0.7040031578778141,True,,,,,,,8.0,4.0,6.365853658536586,4.0,6.0,0.8536585365853658,0.14634146341463414
discounted_lints,corr,z24_a0p5_corr_pruned_top10,3,39,8017,ETHUSDT,val_second,,-4.729620782015109,8.176348215113006,84,0.6218346898378874,True,,,,,,,8.5,4.0,6.178571428571429,4.0,6.25,0.8690476190476191,0.13095238095238096
discounted_lints,corr,z24_a0p5_corr_pruned_top10,3,39,8017,SOLUSDT,val,2000.0,-2.808299528540237,9.147939476254308,145,0.8365662237848258,True,0.5015,0.2905,0.2905,0.7095,0.7095,0.705,9.0,4.0,6.903448275862069,4.0,7.0,0.8,0.2
discounted_lints,corr,z24_a0p5_corr_pruned_top10,3,39,8017,SOLUSDT,val_first,,0.7186331800266066,4.737953030879383,63,0.9843034698071776,True,,,,,,,13.0,5.0,8.444444444444445,4.0,13.0,0.6666666666666666,0.3333333333333333
discounted_lints,corr,z24_a0p5_corr_pruned_top10,3,39,8017,SOLUSDT,val_second,,-3.5017678429598242,9.147939476254308,82,0.7530651205890634,True,,,,,,,7.0,4.0,5.719512195121951,4.0,4.0,0.9024390243902439,0.0975609756097561
discounted_lints,corr,z24_a0p5_corr_pruned_top10,3,39,8018,BTCUSDT,val,2000.0,-5.303913686998096,5.471713146717039,129,0.6488899781804749,True,0.506,0.258,0.258,0.742,0.742,0.739,12.0,4.0,7.844961240310077,4.0,10.0,0.7364341085271318,0.26356589147286824
discounted_lints,corr,z24_a0p5_corr_pruned_top10,3,39,8018,BTCUSDT,val_first,,-2.6077340588102182,5.305419027365943,60,0.643101077462697,True,,,,,,,13.0,4.0,8.216666666666667,4.0,11.0,0.6666666666666666,0.3333333333333333
discounted_lints,corr,z24_a0p5_corr_pruned_top10,3,39,8018,BTCUSDT,val_second,,-2.768371391847446,3.3921549232847403,69,0.6542427315886507,True,,,,,,,11.0,4.0,7.521739130434782,4.0,7.0,0.7971014492753623,0.2028985507246377
discounted_lints,corr,z24_a0p5_corr_pruned_top10,3,39,8018,ETHUSDT,val,2000.0,-7.080160167706683,8.074406407946134,158,0.6471531058583376,True,0.516,0.3155,0.3155,0.6845,0.6845,0.681,10.0,4.0,6.531645569620253,4.0,6.75,0.8291139240506329,0.17088607594936708
discounted_lints,corr,z24_a0p5_corr_pruned_top10,3,39,8018,ETHUSDT,val_first,,-1.8132745585687449,4.48963618618251,76,0.7748292171857711,True,,,,,,,11.0,4.0,6.7631578947368425,4.0,7.5,0.8157894736842105,0.18421052631578946
discounted_lints,corr,z24_a0p5_corr_pruned_top10,3,39,8018,ETHUSDT,val_second,,-5.364152420257307,6.492707983563017,82,0.5511616352116939,True,,,,,,,9.0,4.0,6.317073170731708,4.0,6.0,0.8414634146341463,0.15853658536585366
discounted_lints,corr,z24_a0p5_corr_pruned_top10,3,39,8018,SOLUSDT,val,2000.0,-5.410678108747025,9.080894153893237,173,0.7699707878320112,True,0.515,0.3465,0.34650000000000003,0.6535,0.6535,0.649,8.0,4.0,5.942196531791907,4.0,5.0,0.8439306358381503,0.15606936416184972
discounted_lints,corr,z24_a0p5_corr_pruned_top10,3,39,8018,SOLUSDT,val_first,,-2.118824553560361,6.969152044073324,77,0.7850252182248868,True,,,,,,,10.0,4.0,7.103896103896104,4.0,8.0,0.7792207792207793,0.22077922077922077
discounted_lints,corr,z24_a0p5_corr_pruned_top10,3,39,8018,SOLUSDT,val_second,,-3.363111997963242,7.898011628533553,96,0.7572978277172736,True,,,,,,,7.0,4.0,5.010416666666667,4.0,4.0,0.8958333333333334,0.10416666666666667
discounted_lints,corr,z24_a0p5_corr_pruned_top10,3,39,8019,BTCUSDT,val,2000.0,-3.994741221098541,5.313698611819662,131,0.7170289100551994,True,0.5335,0.262,0.262,0.738,0.738,0.735,12.0,4.0,8.145038167938932,4.0,10.0,0.7175572519083969,0.2824427480916031
discounted_lints,corr,z24_a0p5_corr_pruned_top10,3,39,8019,BTCUSDT,val_first,,-1.5150109208363127,3.5348203016676627,69,0.7891878261440226,True,,,,,,,12.0,4.0,7.695652173913044,4.0,10.0,0.7101449275362319,0.2898550724637681
discounted_lints,corr,z24_a0p5_corr_pruned_top10,3,39,8019,BTCUSDT,val_second,,-2.5178764027368405,4.494432007292515,62,0.642808406085875,True,,,,,,,12.0,5.0,8.64516129032258,4.0,10.0,0.7258064516129032,0.27419354838709675
discounted_lints,corr,z24_a0p5_corr_pruned_top10,3,39,8019,ETHUSDT,val,2000.0,-5.26349450885657,9.117397248214932,170,0.7419024119054943,True,0.495,0.3415,0.3415,0.6585,0.6585,0.657,9.0,4.0,5.8,4.0,5.0,0.8823529411764706,0.11764705882352941
discounted_lints,corr,z24_a0p5_corr_pruned_top10,3,39,8019,ETHUSDT,val_first,,-2.3184851936205564,5.865844887970562,88,0.7526495881141233,True,,,,,,,7.0,4.0,5.454545454545454,4.0,4.0,0.8977272727272727,0.10227272727272728
discounted_lints,corr,z24_a0p5_corr_pruned_top10,3,39,8019,ETHUSDT,val_second,,-3.0149095466767584,6.558759441712758,82,0.7326875389970744,True,,,,,,,9.0,4.0,6.170731707317073,4.0,6.0,0.8658536585365854,0.13414634146341464
discounted_lints,corr,z24_a0p5_corr_pruned_top10,3,39,8019,SOLUSDT,val,2000.0,-5.208079079697415,10.416286562713372,168,0.7796325488878376,True,0.523,0.336,0.33599999999999997,0.664,0.664,0.659,9.0,4.0,6.226190476190476,4.0,6.0,0.8452380952380952,0.15476190476190477
discounted_lints,corr,z24_a0p5_corr_pruned_top10,3,39,8019,SOLUSDT,val_first,,0.6057112250624552,4.560767474763427,70,0.9989660459448461,True,,,,,,,10.0,5.0,7.885714285714286,4.0,8.75,0.7571428571428571,0.24285714285714285
discounted_lints,corr,z24_a0p5_corr_pruned_top10,3,39,8019,SOLUSDT,val_second,,-5.7787875399578414,10.416286562713372,98,0.6711731758376641,True,,,,,,,7.0,4.0,5.040816326530612,4.0,5.0,0.9081632653061225,0.09183673469387756
discounted_lints,corr,z24_a0p5_corr_pruned_top10,3,39,8020,BTCUSDT,val,2000.0,-4.589252730241711,5.3255854195234935,154,0.690817073133822,True,0.466,0.3095,0.3095,0.6905,0.6905,0.689,8.0,4.0,6.025974025974026,4.0,6.0,0.8831168831168831,0.11688311688311688
discounted_lints,corr,z24_a0p5_corr_pruned_top10,3,39,8020,BTCUSDT,val_first,,-1.5498004081186845,3.995723186089839,77,0.7720219289929289,True,,,,,,,8.0,4.0,5.974025974025974,4.0,6.0,0.8701298701298701,0.12987012987012986
discounted_lints,corr,z24_a0p5_corr_pruned_top10,3,39,8020,BTCUSDT,val_second,,-3.0872992992628467,4.503611883632241,77,0.6134130686155148,True,,,,,,,9.0,4.0,6.077922077922078,4.0,6.0,0.8961038961038961,0.1038961038961039
discounted_lints,corr,z24_a0p5_corr_pruned_top10,3,39,8020,ETHUSDT,val,2000.0,-8.174405527957207,9.742180999778027,172,0.635882304671719,True,0.5365,0.344,0.344,0.656,0.656,0.654,8.0,4.0,6.238372093023256,4.0,6.0,0.8604651162790697,0.13953488372093023
discounted_lints,corr,z24_a0p5_corr_pruned_top10,3,39,8020,ETHUSDT,val_first,,-1.6338619030488277,4.346446723910169,86,0.8061147569043514,True,,,,,,,8.0,4.0,6.069767441860465,4.0,6.0,0.8488372093023255,0.1511627906976744
discounted_lints,corr,z24_a0p5_corr_pruned_top10,3,39,8020,ETHUSDT,val_second,,-6.649182077740945,7.90696599723476,86,0.5136139397235967,True,,,,,,,8.0,4.0,6.406976744186046,4.0,6.75,0.872093023255814,0.12790697674418605
discounted_lints,corr,z24_a0p5_corr_pruned_top10,3,39,8020,SOLUSDT,val,2000.0,-5.291257054681031,7.510863907514775,176,0.7720893017097776,True,0.5025,0.352,0.352,0.648,0.648,0.643,8.0,4.0,5.7102272727272725,4.0,5.0,0.9034090909090909,0.09659090909090909
discounted_lints,corr,z24_a0p5_corr_pruned_top10,3,39,8020,SOLUSDT,val_first,,-0.9026047851638075,5.150452124479266,75,0.8609216621401589,True,,,,,,,10.0,4.0,6.906666666666666,4.0,7.5,0.8533333333333334,0.14666666666666667
discounted_lints,corr,z24_a0p5_corr_pruned_top10,3,39,8020,SOLUSDT,val_second,,-4.428625252967477,7.510863907514775,101,0.7178390635136899,True,,,,,,,7.0,4.0,4.821782178217822,4.0,4.0,0.9405940594059405,0.0594059405940594
discounted_lints,corr,z24_a0p5_corr_pruned_top10,3,39,8021,BTCUSDT,val,2000.0,-3.264361012482564,4.41992102616362,160,0.7714689532409916,True,0.461,0.3215,0.3215,0.6785,0.6785,0.677,8.0,4.0,5.7375,4.0,5.25,0.875,0.125
discounted_lints,corr,z24_a0p5_corr_pruned_top10,3,39,8021,BTCUSDT,val_first,,-0.5138784890838966,3.9692748679078016,84,0.9064885744049209,True,,,,,,,7.0,4.0,5.142857142857143,4.0,4.0,0.8928571428571429,0.10714285714285714
discounted_lints,corr,z24_a0p5_corr_pruned_top10,3,39,8021,BTCUSDT,val_second,,-2.764689668897058,4.39615174825867,76,0.6475407967439154,True,,,,,,,10.0,4.0,6.394736842105263,4.0,7.0,0.8552631578947368,0.14473684210526316
discounted_lints,corr,z24_a0p5_corr_pruned_top10,3,39,8021,ETHUSDT,val,2000.0,-13.362464499969073,14.062816517270193,208,0.5220474777104825,True,0.498,0.4155,0.4155,0.5845,0.5845,0.581,7.0,4.0,4.788461538461538,4.0,4.0,0.9471153846153846,0.052884615384615384
discounted_lints,corr,z24_a0p5_corr_pruned_top10,3,39,8021,ETHUSDT,val_first,,-5.234922967998723,6.516978765022863,100,0.5821959902267865,True,,,,,,,7.0,4.0,5.02,4.0,4.0,0.92,0.08
discounted_lints,corr,z24_a0p5_corr_pruned_top10,3,39,8021,ETHUSDT,val_second,,-8.57651551238201,9.379047248461504,108,0.47573223151668803,True,,,,,,,7.0,4.0,4.574074074074074,4.0,4.0,0.9722222222222222,0.027777777777777776
discounted_lints,corr,z24_a0p5_corr_pruned_top10,3,39,8021,SOLUSDT,val,2000.0,-12.089606706089672,14.014851345285862,178,0.5807509362106793,True,0.507,0.3565,0.35650000000000004,0.6435,0.6435,0.641,8.0,4.0,5.685393258426966,4.0,5.0,0.898876404494382,0.10112359550561797
discounted_lints,corr,z24_a0p5_corr_pruned_top10,3,39,8021,SOLUSDT,val_first,,-1.990395151765767,5.727049625806657,82,0.7787441352004761,True,,,,,,,10.0,4.0,6.304878048780488,4.0,8.0,0.8414634146341463,0.15853658536585366
discounted_lints,corr,z24_a0p5_corr_pruned_top10,3,39,8021,SOLUSDT,val_second,,-10.304308001202855,13.967851023452415,96,0.47101720148873943,True,,,,,,,7.0,4.0,5.15625,4.0,5.0,0.9479166666666666,0.052083333333333336
discounted_lints,corr,z24_a0p5_corr_pruned_top10,3,39,8022,BTCUSDT,val,2000.0,-5.639380882043232,7.055157837862813,138,0.6465359887676944,True,0.4835,0.2775,0.27749999999999997,0.7225,0.7225,0.721,11.0,4.0,6.978260869565218,4.0,6.75,0.8115942028985508,0.18840579710144928
discounted_lints,corr,z24_a0p5_corr_pruned_top10,3,39,8022,BTCUSDT,val_first,,-2.185463195279369,4.865545810903383,66,0.7116660800043897,True,,,,,,,13.0,4.0,7.075757575757576,4.0,8.75,0.7575757575757576,0.24242424242424243
discounted_lints,corr,z24_a0p5_corr_pruned_top10,3,39,8022,BTCUSDT,val_second,,-3.531088322443676,5.454614503358057,71,0.5914736661860356,True,,,,,,,10.0,4.0,6.929577464788732,4.0,6.0,0.8591549295774648,0.14084507042253522
discounted_lints,corr,z24_a0p5_corr_pruned_top10,3,39,8022,ETHUSDT,val,2000.0,-8.386343200052238,11.550809339907964,172,0.6317768292416831,True,0.548,0.344,0.344,0.656,0.656,0.6535,8.0,4.0,6.372093023255814,4.0,6.0,0.8255813953488372,0.1744186046511628
discounted_lints,corr,z24_a0p5_corr_pruned_top10,3,39,8022,ETHUSDT,val_first,,-2.3550257503393346,5.437931801266882,85,0.7425478820267659,True,,,,,,,8.0,4.0,6.376470588235295,4.0,6.0,0.8235294117647058,0.17647058823529413
discounted_lints,corr,z24_a0p5_corr_pruned_top10,3,39,8022,ETHUSDT,val_second,,-6.176782262538061,9.759810957653137,87,0.5588642832821353,True,,,,,,,8.0,4.0,6.367816091954023,4.0,6.0,0.8275862068965517,0.1724137931034483
discounted_lints,corr,z24_a0p5_corr_pruned_top10,3,39,8022,SOLUSDT,val,2000.0,-14.296778718597903,16.009444395531315,191,0.5482008470383163,True,0.512,0.3835,0.38349999999999995,0.6165,0.6165,0.615,8.0,4.0,5.340314136125654,4.0,5.0,0.9162303664921466,0.08376963350785341
discounted_lints,corr,z24_a0p5_corr_pruned_top10,3,39,8022,SOLUSDT,val_first,,-2.9455157118191244,4.712427692619137,83,0.7202647832986641,True,,,,,,,9.0,4.0,6.204819277108434,4.0,6.0,0.8433734939759037,0.1566265060240964
discounted_lints,corr,z24_a0p5_corr_pruned_top10,3,39,8022,SOLUSDT,val_second,,-11.695763560057493,13.604255120072873,108,0.4595989913461418,True,,,,,,,6.5,4.0,4.675925925925926,4.0,4.0,0.9722222222222222,0.027777777777777776
discounted_lints,corr,z24_a0p5_corr_pruned_top10,3,39,8023,BTCUSDT,val,2000.0,-4.420563393019905,5.291663249272771,135,0.690330540846585,True,0.561,0.27,0.27,0.73,0.73,0.727,11.5,4.0,8.311111111111112,4.0,9.5,0.7481481481481481,0.2518518518518518
discounted_lints,corr,z24_a0p5_corr_pruned_top10,3,39,8023,BTCUSDT,val_first,,-1.980203185576257,4.8181305947731845,73,0.7255650150478165,True,,,,,,,11.0,4.0,7.465753424657534,4.0,9.0,0.7534246575342466,0.2465753424657534
discounted_lints,corr,z24_a0p5_corr_pruned_top10,3,39,8023,BTCUSDT,val_second,,-2.4896605448630593,3.7211890421633864,61,0.6452328987086917,True,,,,,,,12.0,5.0,9.147540983606557,4.0,9.0,0.7540983606557377,0.2459016393442623
discounted_lints,corr,z24_a0p5_corr_pruned_top10,3,39,8023,ETHUSDT,val,2000.0,-8.123462030036633,10.20754408173673,176,0.6380723379872841,True,0.509,0.352,0.352,0.648,0.648,0.6455,8.0,4.0,5.784090909090909,4.0,5.0,0.8693181818181818,0.13068181818181818
discounted_lints,corr,z24_a0p5_corr_pruned_top10,3,39,8023,ETHUSDT,val_first,,-3.527436877145962,6.304803523593828,95,0.6594120158324295,True,,,,,,,7.0,4.0,5.3052631578947365,4.0,4.0,0.8947368421052632,0.10526315789473684
discounted_lints,corr,z24_a0p5_corr_pruned_top10,3,39,8023,ETHUSDT,val_second,,-4.764074887320879,7.372033470167194,81,0.6210596002468953,True,,,,,,,10.0,4.0,6.345679012345679,4.0,7.0,0.8395061728395061,0.16049382716049382
discounted_lints,corr,z24_a0p5_corr_pruned_top10,3,39,8023,SOLUSDT,val,2000.0,-6.4356039474869124,8.764488546308414,161,0.7474516105553247,True,0.528,0.3225,0.3225,0.6775,0.6775,0.673,9.0,4.0,6.546583850931677,4.0,7.0,0.8136645962732919,0.18633540372670807
discounted_lints,corr,z24_a0p5_corr_pruned_top10,3,39,8023,SOLUSDT,val_first,,-1.772761924752675,6.266414855657798,66,0.8070628124597081,True,,,,,,,13.0,5.0,8.43939393939394,4.0,12.75,0.6818181818181818,0.3181818181818182
discounted_lints,corr,z24_a0p5_corr_pruned_top10,3,39,8023,SOLUSDT,val_second,,-4.746994941629379,8.022016107814123,95,0.7032368195543525,True,,,,,,,7.0,4.0,5.231578947368421,4.0,4.0,0.9052631578947369,0.09473684210526316
discounted_lints,corr,z24_a0p5_corr_pruned_top10,3,39,8024,BTCUSDT,val,2000.0,-4.768113944166141,6.671062814944262,146,0.6855482154225048,True,0.475,0.2915,0.2915,0.7085,0.7085,0.707,10.0,4.0,6.506849315068493,4.0,6.0,0.8493150684931506,0.1506849315068493
discounted_lints,corr,z24_a0p5_corr_pruned_top10,3,39,8024,BTCUSDT,val_first,,0.2555635160797376,2.5934153913169,63,1.0162568483072199,True,,,,,,,11.0,4.0,7.142857142857143,4.0,8.0,0.7936507936507936,0.20634920634920634
discounted_lints,corr,z24_a0p5_corr_pruned_top10,3,39,8024,BTCUSDT,val_second,,-5.0108715008520655,6.671062814944262,82,0.5075112291590879,True,,,,,,,9.0,4.0,6.048780487804878,4.0,5.0,0.8902439024390244,0.10975609756097561
discounted_lints,corr,z24_a0p5_corr_pruned_top10,3,39,8024,ETHUSDT,val,2000.0,-10.47920789525506,12.925462514440467,170,0.5469027214424962,True,0.511,0.34,0.33999999999999997,0.66,0.66,0.658,8.0,4.0,6.011764705882353,4.0,5.0,0.8529411764705882,0.14705882352941177
discounted_lints,corr,z24_a0p5_corr_pruned_top10,3,39,8024,ETHUSDT,val_first,,-3.5732499903159187,5.910458894212489,77,0.6195293532905435,True,,,,,,,8.5,4.0,6.51948051948052,4.0,6.0,0.8051948051948052,0.19480519480519481
discounted_lints,corr,z24_a0p5_corr_pruned_top10,3,39,8024,ETHUSDT,val_second,,-7.161869402676723,10.095124835237733,93,0.5000942125769928,True,,,,,,,7.0,4.0,5.591397849462366,4.0,5.0,0.8924731182795699,0.10752688172043011
discounted_lints,corr,z24_a0p5_corr_pruned_top10,3,39,8024,SOLUSDT,val,2000.0,-11.136022509714605,13.369556114392012,168,0.6084744602068827,True,0.528,0.336,0.33599999999999997,0.664,0.664,0.661,9.0,4.0,6.285714285714286,4.0,6.0,0.8333333333333334,0.16666666666666666
discounted_lints,corr,z24_a0p5_corr_pruned_top10,3,39,8024,SOLUSDT,val_first,,-3.2404145072660095,5.092368123892522,72,0.7087426178781151,True,,,,,,,12.0,5.0,7.902777777777778,4.0,11.25,0.7083333333333334,0.2916666666666667
discounted_lints,corr,z24_a0p5_corr_pruned_top10,3,39,8024,SOLUSDT,val_second,,-8.16002669114525,11.244347070287564,96,0.5411463789154246,True,,,,,,,7.0,4.0,5.072916666666667,4.0,5.0,0.9270833333333334,0.07291666666666667
discounted_lints,hybrid,z72_a0p5_hybrid_corr5_bsstablehie5_top10,1,40,8000,BTCUSDT,val,2000.0,0.516720498304557,2.9018093700799996,52,1.0496241719241068,True,0.2675,0.1035,0.10350000000000004,0.8965,0.8965,0.8915,20.0,6.0,10.288461538461538,4.0,13.0,0.7115384615384616,0.28846153846153844
discounted_lints,hybrid,z72_a0p5_hybrid_corr5_bsstablehie5_top10,1,40,8000,BTCUSDT,val_first,,0.5960333415136798,0.9981687925970206,17,1.338696512759003,True,,,,,,,34.0,6.0,9.823529411764707,5.0,13.0,0.6470588235294118,0.35294117647058826
discounted_lints,hybrid,z72_a0p5_hybrid_corr5_bsstablehie5_top10,1,40,8000,BTCUSDT,val_second,,-0.07884291315926051,2.738379645266875,35,0.9357646846164714,True,,,,,,,16.0,6.0,10.514285714285714,4.0,10.5,0.7428571428571429,0.2571428571428571
discounted_lints,hybrid,z72_a0p5_hybrid_corr5_bsstablehie5_top10,1,40,8000,ETHUSDT,val,2000.0,-5.60125267449918,8.101484595431508,82,0.6286097832628278,True,0.3155,0.1635,0.16349999999999998,0.8365,0.8365,0.835,10.0,4.0,7.695121951219512,4.0,6.0,0.8414634146341463,0.15853658536585366
discounted_lints,hybrid,z72_a0p5_hybrid_corr5_bsstablehie5_top10,1,40,8000,ETHUSDT,val_first,,-3.582829280048616,4.318986597800912,33,0.38557271595278564,True,,,,,,,15.5,4.0,8.212121212121213,4.0,7.0,0.8181818181818182,0.18181818181818182
discounted_lints,hybrid,z72_a0p5_hybrid_corr5_bsstablehie5_top10,1,40,8000,ETHUSDT,val_second,,-2.0934273214811228,5.912265717277254,49,0.7569330705567135,True,,,,,,,8.0,4.0,7.346938775510204,4.0,6.0,0.8571428571428571,0.14285714285714285
discounted_lints,hybrid,z72_a0p5_hybrid_corr5_bsstablehie5_top10,1,40,8000,SOLUSDT,val,2000.0,-6.99226587786711,8.627954633741986,96,0.6152729322085561,True,0.328,0.192,0.19199999999999995,0.808,0.808,0.803,12.0,4.0,6.833333333333333,4.0,5.25,0.84375,0.15625
discounted_lints,hybrid,z72_a0p5_hybrid_corr5_bsstablehie5_top10,1,40,8000,SOLUSDT,val_first,,0.18714956061294252,3.104851840210021,40,0.9405075568467202,True,,,,,,,12.0,4.0,9.175,4.0,12.0,0.7,0.3
discounted_lints,hybrid,z72_a0p5_hybrid_corr5_bsstablehie5_top10,1,40,8000,SOLUSDT,val_second,,-7.166004292932337,8.171129743621774,56,0.36238274048534425,True,,,,,,,9.0,4.0,5.160714285714286,4.0,4.0,0.9464285714285714,0.05357142857142857
discounted_lints,hybrid,z72_a0p5_hybrid_corr5_bsstablehie5_top10,1,40,8001,BTCUSDT,val,2000.0,-1.636180809160137,3.8537734758508413,42,0.690107002056731,True,0.243,0.0855,0.08550000000000002,0.9145,0.9145,0.9095,26.0,4.0,9.30952380952381,4.0,11.5,0.7142857142857143,0.2857142857142857
discounted_lints,hybrid,z72_a0p5_hybrid_corr5_bsstablehie5_top10,1,40,8001,BTCUSDT,val_first,,0.5017757428529501,0.8909092706961164,18,1.3339935615801253,True,,,,,,,24.0,5.0,9.5,4.0,13.5,0.6111111111111112,0.3888888888888889
discounted_lints,hybrid,z72_a0p5_hybrid_corr5_bsstablehie5_top10,1,40,8001,BTCUSDT,val_second,,-2.127282365122918,3.5774431552257346,24,0.5202906607351298,True,,,,,,,29.0,4.0,9.166666666666666,4.0,7.5,0.7916666666666666,0.20833333333333334
discounted_lints,hybrid,z72_a0p5_hybrid_corr5_bsstablehie5_top10,1,40,8001,ETHUSDT,val,2000.0,-2.68995696721116,7.515220360222252,68,0.7267419655468342,True,0.3275,0.1355,0.13549999999999995,0.8645,0.8645,0.863,11.0,5.0,9.632352941176471,4.0,10.0,0.7352941176470589,0.2647058823529412
discounted_lints,hybrid,z72_a0p5_hybrid_corr5_bsstablehie5_top10,1,40,8001,ETHUSDT,val_first,,-4.818399396227302,5.253579971328037,22,0.14910936958012755,True,,,,,,,28.0,10.5,15.727272727272727,5.0,22.75,0.45454545454545453,0.5454545454545454
discounted_lints,hybrid,z72_a0p5_hybrid_corr5_bsstablehie5_top10,1,40,8001,ETHUSDT,val_second,,2.236191044818159,3.0764957115707148,46,1.2464766897255375,True,,,,,,,9.0,4.0,6.717391304347826,4.0,7.0,0.8695652173913043,0.13043478260869565
discounted_lints,hybrid,z72_a0p5_hybrid_corr5_bsstablehie5_top10,1,40,8001,SOLUSDT,val,2000.0,-1.1188348883733434,4.105266270433683,47,0.8095519915527155,True,0.185,0.094,0.09399999999999997,0.906,0.906,0.901,22.5,4.0,7.872340425531915,4.0,6.0,0.8085106382978723,0.19148936170212766
discounted_lints,hybrid,z72_a0p5_hybrid_corr5_bsstablehie5_top10,1,40,8001,SOLUSDT,val_first,,1.8351223230197444,3.2002871763309737,19,1.617226936253954,True,,,,,,,24.0,4.0,9.263157894736842,4.0,8.5,0.7894736842105263,0.21052631578947367
discounted_lints,hybrid,z72_a0p5_hybrid_corr5_bsstablehie5_top10,1,40,8001,SOLUSDT,val_second,,-2.9007253529123034,3.8475273076443717,28,0.49985693279064075,True,,,,,,,15.0,4.0,6.928571428571429,4.0,5.0,0.8214285714285714,0.17857142857142858
discounted_lints,hybrid,z72_a0p5_hybrid_corr5_bsstablehie5_top10,1,40,8002,BTCUSDT,val,2000.0,-3.2690043016894155,4.486763181327369,46,0.4083058070598493,True,0.206,0.0935,0.09350000000000003,0.9065,0.9065,0.9015,18.5,4.0,7.260869565217392,4.0,5.0,0.8478260869565217,0.15217391304347827
discounted_lints,hybrid,z72_a0p5_hybrid_corr5_bsstablehie5_top10,1,40,8002,BTCUSDT,val_first,,-0.7080073536496312,1.8847934211610906,26,0.6260823660764294,True,,,,,,,22.0,4.0,6.346153846153846,4.0,4.0,0.8461538461538461,0.15384615384615385
discounted_lints,hybrid,z72_a0p5_hybrid_corr5_bsstablehie5_top10,1,40,8002,BTCUSDT,val_second,,-2.579258286376951,3.414083156736558,20,0.30472655693056555,True,,,,,,,10.5,4.0,8.45,4.0,5.5,0.85,0.15
discounted_lints,hybrid,z72_a0p5_hybrid_corr5_bsstablehie5_top10,1,40,8002,ETHUSDT,val,2000.0,1.9816197546406844,4.712520545286491,75,1.1199462792926398,True,0.32,0.1495,0.14949999999999997,0.8505,0.8505,0.847,11.0,4.0,8.533333333333333,4.0,8.5,0.8,0.2
discounted_lints,hybrid,z72_a0p5_hybrid_corr5_bsstablehie5_top10,1,40,8002,ETHUSDT,val_first,,1.0586309480300482,2.63292415307107,36,1.2275614581887648,True,,,,,,,14.0,4.0,8.38888888888889,4.0,8.0,0.8055555555555556,0.19444444444444445
discounted_lints,hybrid,z72_a0p5_hybrid_corr5_bsstablehie5_top10,1,40,8002,ETHUSDT,val_second,,0.9133201171954042,4.712520545286491,39,1.0635259451862955,True,,,,,,,10.0,4.0,8.666666666666666,4.0,9.0,0.7948717948717948,0.20512820512820512
discounted_lints,hybrid,z72_a0p5_hybrid_corr5_bsstablehie5_top10,1,40,8002,SOLUSDT,val,2000.0,-12.117559388094401,12.963715531388399,102,0.4387934421845238,True,0.3655,0.204,0.20399999999999996,0.796,0.796,0.7915,13.0,4.0,7.166666666666667,4.0,5.0,0.8431372549019608,0.1568627450980392
discounted_lints,hybrid,z72_a0p5_hybrid_corr5_bsstablehie5_top10,1,40,8002,SOLUSDT,val_first,,-2.585857960499738,4.801589124165129,41,0.6722924408526759,True,,,,,,,18.0,4.0,9.292682926829269,4.0,11.0,0.7317073170731707,0.2682926829268293
discounted_lints,hybrid,z72_a0p5_hybrid_corr5_bsstablehie5_top10,1,40,8002,SOLUSDT,val_second,,-9.784720398943392,10.546730190464038,61,0.28456591139822307,True,,,,,,,10.0,4.0,5.737704918032787,4.0,4.0,0.9180327868852459,0.08196721311475409
discounted_lints,hybrid,z72_a0p5_hybrid_corr5_bsstablehie5_top10,1,40,8003,BTCUSDT,val,2000.0,-2.5961629725380075,3.8578506322763384,50,0.6244817692738982,True,0.2385,0.1015,0.10150000000000003,0.8985,0.8985,0.8935,11.5,4.0,8.9,4.0,9.5,0.74,0.26
discounted_lints,hybrid,z72_a0p5_hybrid_corr5_bsstablehie5_top10,1,40,8003,BTCUSDT,val_first,,-0.6345299810070371,1.634935511339708,19,0.6766669988828983,True,,,,,,,19.0,5.0,8.68421052631579,4.0,13.5,0.6842105263157895,0.3157894736842105
discounted_lints,hybrid,z72_a0p5_hybrid_corr5_bsstablehie5_top10,1,40,8003,BTCUSDT,val_second,,-1.9741596262323524,2.980097773084933,31,0.6001421123174948,True,,,,,,,9.0,4.0,9.03225806451613,4.0,7.5,0.7741935483870968,0.22580645161290322
discounted_lints,hybrid,z72_a0p5_hybrid_corr5_bsstablehie5_top10,1,40,8003,ETHUSDT,val,2000.0,-5.07120686083522,7.726694960770186,66,0.5726320867962121,True,0.3115,0.1315,0.13149999999999995,0.8685,0.8685,0.865,14.0,4.5,9.43939393939394,4.0,10.75,0.696969696969697,0.30303030303030304
discounted_lints,hybrid,z72_a0p5_hybrid_corr5_bsstablehie5_top10,1,40,8003,ETHUSDT,val_first,,-2.7513816705131644,3.380936826104697,30,0.4218601283718476,True,,,,,,,16.5,4.0,8.566666666666666,4.0,10.0,0.7,0.3
discounted_lints,hybrid,z72_a0p5_hybrid_corr5_bsstablehie5_top10,1,40,8003,ETHUSDT,val_second,,-2.385458251409067,5.168777924877677,36,0.6605375529481361,True,,,,,,,13.0,5.0,10.166666666666666,4.0,11.25,0.6944444444444444,0.3055555555555556
discounted_lints,hybrid,z72_a0p5_hybrid_corr5_bsstablehie5_top10,1,40,8003,SOLUSDT,val,2000.0,-0.9558261090366393,3.1665209442808817,48,0.8481073492863332,True,0.195,0.096,0.09599999999999997,0.904,0.904,0.901,14.0,5.0,8.125,4.0,8.25,0.7708333333333334,0.22916666666666666
discounted_lints,hybrid,z72_a0p5_hybrid_corr5_bsstablehie5_top10,1,40,8003,SOLUSDT,val_first,,0.2983418733077725,2.4144071674015666,17,1.017984028121335,True,,,,,,,11.0,5.0,9.294117647058824,4.0,7.0,0.8235294117647058,0.17647058823529413
discounted_lints,hybrid,z72_a0p5_hybrid_corr5_bsstablehie5_top10,1,40,8003,SOLUSDT,val_second,,-1.2504374039688515,3.093337321990264,31,0.7644255791865745,True,,,,,,,14.5,5.0,7.483870967741935,4.0,9.5,0.7419354838709677,0.25806451612903225
discounted_lints,hybrid,z72_a0p5_hybrid_corr5_bsstablehie5_top10,1,40,8004,BTCUSDT,val,2000.0,-5.337521173909499,6.899960371504621,148,0.6447187361937983,True,0.4425,0.2955,0.2955,0.7045,0.7045,0.7015,9.0,4.0,5.97972972972973,4.0,4.0,0.918918918918919,0.08108108108108109
discounted_lints,hybrid,z72_a0p5_hybrid_corr5_bsstablehie5_top10,1,40,8004,BTCUSDT,val_first,,-1.1059893486027428,2.9010881991977433,86,0.8278381398301617,True,,,,,,,8.0,4.0,4.767441860465116,4.0,4.0,0.9534883720930233,0.046511627906976744
discounted_lints,hybrid,z72_a0p5_hybrid_corr5_bsstablehie5_top10,1,40,8004,BTCUSDT,val_second,,-4.278855511506108,5.8238301212014125,62,0.49485269303957996,True,,,,,,,11.0,4.0,7.661290322580645,4.0,4.75,0.8709677419354839,0.12903225806451613
discounted_lints,hybrid,z72_a0p5_hybrid_corr5_bsstablehie5_top10,1,40,8004,ETHUSDT,val,2000.0,-5.025546137525117,6.037782088769827,62,0.5939024669969349,True,0.272,0.1235,0.12350000000000005,0.8765,0.8765,0.873,15.0,4.0,8.774193548387096,4.0,8.75,0.7580645161290323,0.24193548387096775
discounted_lints,hybrid,z72_a0p5_hybrid_corr5_bsstablehie5_top10,1,40,8004,ETHUSDT,val_first,,-2.0443111117667723,3.0214209047280893,23,0.5092480227156999,True,,,,,,,27.0,4.0,9.130434782608695,4.0,8.5,0.782608695652174,0.21739130434782608
discounted_lints,hybrid,z72_a0p5_hybrid_corr5_bsstablehie5_top10,1,40,8004,ETHUSDT,val_second,,-3.043452666807245,5.250638002598295,39,0.6320851342931465,True,,,,,,,10.0,4.0,8.564102564102564,4.0,9.0,0.7435897435897436,0.2564102564102564
discounted_lints,hybrid,z72_a0p5_hybrid_corr5_bsstablehie5_top10,1,40,8004,SOLUSDT,val,2000.0,1.0202691186612434,3.6731418082040834,46,1.0233807256947283,True,0.189,0.092,0.09199999999999997,0.908,0.908,0.903,21.0,4.0,8.217391304347826,4.0,6.75,0.782608695652174,0.21739130434782608
discounted_lints,hybrid,z72_a0p5_hybrid_corr5_bsstablehie5_top10,1,40,8004,SOLUSDT,val_first,,1.5339865543616549,3.6731418082040834,17,1.318156921107382,True,,,,,,,25.0,4.0,10.647058823529411,4.0,10.0,0.7058823529411765,0.29411764705882354
discounted_lints,hybrid,z72_a0p5_hybrid_corr5_bsstablehie5_top10,1,40,8004,SOLUSDT,val_second,,-0.5059561365940879,2.8922301889053315,29,0.854264399704933,True,,,,,,,18.0,4.0,6.793103448275862,4.0,4.0,0.8275862068965517,0.1724137931034483
discounted_lints,hybrid,z72_a0p5_hybrid_corr5_bsstablehie5_top10,1,40,8005,BTCUSDT,val,2000.0,-0.6771152942670389,2.847887512553282,55,0.9037541787196163,True,0.2825,0.1115,0.11150000000000004,0.8885,0.8885,0.8835,18.0,5.0,9.672727272727272,4.0,9.5,0.7454545454545455,0.2545454545454545
discounted_lints,hybrid,z72_a0p5_hybrid_corr5_bsstablehie5_top10,1,40,8005,BTCUSDT,val_first,,0.49007019591560397,1.8697099449793364,24,1.1440927665499887,True,,,,,,,17.0,5.5,8.458333333333334,4.75,9.25,0.75,0.25
discounted_lints,hybrid,z72_a0p5_hybrid_corr5_bsstablehie5_top10,1,40,8005,BTCUSDT,val_second,,-1.161493357410437,2.3731479655758836,31,0.7611818175836536,True,,,,,,,18.0,5.0,10.612903225806452,4.0,10.0,0.7419354838709677,0.25806451612903225
discounted_lints,hybrid,z72_a0p5_hybrid_corr5_bsstablehie5_top10,1,40,8005,ETHUSDT,val,2000.0,-1.2236986036477382,2.974316329355442,78,0.8449739857140388,True,0.3035,0.1555,0.15549999999999997,0.8445,0.8445,0.841,11.0,4.0,7.782051282051282,4.0,5.0,0.8589743589743589,0.14102564102564102
discounted_lints,hybrid,z72_a0p5_hybrid_corr5_bsstablehie5_top10,1,40,8005,ETHUSDT,val_first,,-2.181734632956689,2.974316329355442,39,0.5495053272329189,True,,,,,,,13.5,4.0,6.897435897435898,4.0,5.0,0.8717948717948718,0.1282051282051282
discounted_lints,hybrid,z72_a0p5_hybrid_corr5_bsstablehie5_top10,1,40,8005,ETHUSDT,val_second,,0.9794040261439152,2.306353904036451,39,1.089211476614638,True,,,,,,,10.5,4.0,8.666666666666666,4.0,4.5,0.8461538461538461,0.15384615384615385
discounted_lints,hybrid,z72_a0p5_hybrid_corr5_bsstablehie5_top10,1,40,8005,SOLUSDT,val,2000.0,-5.190542995732484,7.02946334083564,117,0.734337484807462,True,0.435,0.2355,0.23550000000000004,0.7645,0.7645,0.763,12.0,4.0,7.401709401709402,4.0,5.0,0.8461538461538461,0.15384615384615385
discounted_lints,hybrid,z72_a0p5_hybrid_corr5_bsstablehie5_top10,1,40,8005,SOLUSDT,val_first,,0.015396634119757557,2.951922170449628,51,0.9268651461373517,True,,,,,,,13.5,4.0,9.705882352941176,4.0,9.5,0.7450980392156863,0.2549019607843137
discounted_lints,hybrid,z72_a0p5_hybrid_corr5_bsstablehie5_top10,1,40,8005,SOLUSDT,val_second,,-5.205138213766036,5.977855912034613,66,0.5889589094050182,True,,,,,,,11.0,4.0,5.621212121212121,4.0,5.0,0.9242424242424242,0.07575757575757576
discounted_lints,hybrid,z72_a0p5_hybrid_corr5_bsstablehie5_top10,1,40,8006,BTCUSDT,val,2000.0,-1.3717697196968581,3.1348800831,37,0.69227466287707,True,0.2195,0.0755,0.07550000000000001,0.9245,0.9245,0.9195,26.0,7.0,9.594594594594595,4.0,13.0,0.7027027027027027,0.2972972972972973
discounted_lints,hybrid,z72_a0p5_hybrid_corr5_bsstablehie5_top10,1,40,8006,BTCUSDT,val_first,,-0.13959414987906316,1.0083501998438438,16,0.8942168531499289,True,,,,,,,33.0,7.0,9.9375,5.0,11.0,0.75,0.25
discounted_lints,hybrid,z72_a0p5_hybrid_corr5_bsstablehie5_top10,1,40,8006,BTCUSDT,val_second,,-1.2338980192681648,2.947073028874647,21,0.5965420246689019,True,,,,,,,16.0,6.0,9.333333333333334,4.0,13.0,0.6666666666666666,0.3333333333333333
discounted_lints,hybrid,z72_a0p5_hybrid_corr5_bsstablehie5_top10,1,40,8006,ETHUSDT,val,2000.0,-4.607565980344585,5.772402906232199,71,0.580717464624824,True,0.268,0.142,0.14200000000000002,0.858,0.858,0.853,9.0,4.0,7.549295774647887,4.0,7.0,0.8309859154929577,0.16901408450704225
discounted_lints,hybrid,z72_a0p5_hybrid_corr5_bsstablehie5_top10,1,40,8006,ETHUSDT,val_first,,-2.3839709893680783,2.7293755041021384,26,0.38867184367779256,True,,,,,,,16.0,4.0,7.923076923076923,4.0,7.75,0.8076923076923077,0.19230769230769232
discounted_lints,hybrid,z72_a0p5_hybrid_corr5_bsstablehie5_top10,1,40,8006,ETHUSDT,val_second,,-2.277899453105514,4.126496157509385,45,0.6784312064969222,True,,,,,,,8.5,4.0,7.333333333333333,4.0,6.0,0.8444444444444444,0.15555555555555556
discounted_lints,hybrid,z72_a0p5_hybrid_corr5_bsstablehie5_top10,1,40,8006,SOLUSDT,val,2000.0,-4.37427036260215,5.179575057713537,46,0.5331196657724896,True,0.158,0.092,0.09199999999999997,0.908,0.908,0.905,14.0,4.0,6.869565217391305,4.0,7.75,0.7608695652173914,0.2391304347826087
discounted_lints,hybrid,z72_a0p5_hybrid_corr5_bsstablehie5_top10,1,40,8006,SOLUSDT,val_first,,-1.6067310607391416,3.2399847187646547,17,0.521008234758792,True,,,,,,,11.0,4.0,6.0588235294117645,4.0,7.0,0.7647058823529411,0.23529411764705882
discounted_lints,hybrid,z72_a0p5_hybrid_corr5_bsstablehie5_top10,1,40,8006,SOLUSDT,val_second,,-2.8127323461236364,4.044393581588068,29,0.5395836065978905,True,,,,,,,16.5,4.0,7.344827586206897,4.0,8.0,0.7586206896551724,0.2413793103448276
discounted_lints,hybrid,z72_a0p5_hybrid_corr5_bsstablehie5_top10,1,40,8007,BTCUSDT,val,2000.0,-2.143926184391276,3.7686345840240554,68,0.7473250325888477,True,0.2735,0.1375,0.13749999999999996,0.8625,0.8625,0.8575,14.0,4.0,7.661764705882353,4.0,6.0,0.7941176470588235,0.20588235294117646
discounted_lints,hybrid,z72_a0p5_hybrid_corr5_bsstablehie5_top10,1,40,8007,BTCUSDT,val_first,,1.293504243682908,1.1036543332262894,28,1.614259454069104,True,,,,,,,20.0,4.0,7.25,4.0,8.0,0.7857142857142857,0.21428571428571427
discounted_lints,hybrid,z72_a0p5_hybrid_corr5_bsstablehie5_top10,1,40,8007,BTCUSDT,val_second,,-3.393534910002438,3.6081624652679167,40,0.4634471372300064,True,,,,,,,9.5,4.0,7.95,4.0,5.25,0.8,0.2
discounted_lints,hybrid,z72_a0p5_hybrid_corr5_bsstablehie5_top10,1,40,8007,ETHUSDT,val,2000.0,1.5009009099874238,2.7242446930555997,79,1.0813228806148327,True,0.3,0.1575,0.15749999999999997,0.8425,0.8425,0.839,11.5,4.0,7.594936708860759,4.0,9.5,0.7468354430379747,0.25316455696202533
discounted_lints,hybrid,z72_a0p5_hybrid_corr5_bsstablehie5_top10,1,40,8007,ETHUSDT,val_first,,0.6743608038069837,2.281137210740214,31,1.141221169532961,True,,,,,,,21.5,5.0,9.612903225806452,4.0,11.0,0.6451612903225806,0.3548387096774194
discounted_lints,hybrid,z72_a0p5_hybrid_corr5_bsstablehie5_top10,1,40,8007,ETHUSDT,val_second,,0.8210035798401405,2.640677771418243,48,1.0535998383523963,True,,,,,,,8.0,4.0,6.291666666666667,4.0,6.0,0.8125,0.1875
discounted_lints,hybrid,z72_a0p5_hybrid_corr5_bsstablehie5_top10,1,40,8007,SOLUSDT,val,2000.0,-4.978928057196386,6.323015285567413,141,0.7421592117788519,True,0.35,0.282,0.28200000000000003,0.718,0.718,0.715,9.0,4.0,4.964539007092198,4.0,4.0,0.9361702127659575,0.06382978723404255
discounted_lints,hybrid,z72_a0p5_hybrid_corr5_bsstablehie5_top10,1,40,8007,SOLUSDT,val_first,,-1.544290951577476,3.3541204349711085,60,0.8019814728303171,True,,,,,,,11.0,4.0,5.733333333333333,4.0,6.0,0.8833333333333333,0.11666666666666667
discounted_lints,hybrid,z72_a0p5_hybrid_corr5_bsstablehie5_top10,1,40,8007,SOLUSDT,val_second,,-3.488509847539345,4.852087083864831,81,0.6892866920893338,True,,,,,,,7.0,4.0,4.395061728395062,4.0,4.0,0.9753086419753086,0.024691358024691357
discounted_lints,hybrid,z72_a0p5_hybrid_corr5_bsstablehie5_top10,1,40,8008,BTCUSDT,val,2000.0,-4.388252820427397,5.807512507746471,85,0.5490506059308393,True,0.2775,0.17,0.17000000000000004,0.83,0.83,0.8255,9.5,4.0,6.529411764705882,4.0,5.0,0.8823529411764706,0.11764705882352941
discounted_lints,hybrid,z72_a0p5_hybrid_corr5_bsstablehie5_top10,1,40,8008,BTCUSDT,val_first,,-1.2423091651635576,2.6141457760489484,34,0.6649020020386008,True,,,,,,,13.0,4.0,5.5,4.0,5.0,0.9117647058823529,0.08823529411764706
discounted_lints,hybrid,z72_a0p5_hybrid_corr5_bsstablehie5_top10,1,40,8008,BTCUSDT,val_second,,-3.1855176327736823,4.241114818591196,51,0.4744414023228964,True,,,,,,,8.0,4.0,7.215686274509804,4.0,5.0,0.8627450980392157,0.13725490196078433
discounted_lints,hybrid,z72_a0p5_hybrid_corr5_bsstablehie5_top10,1,40,8008,ETHUSDT,val,2000.0,-1.2693796079341846,3.577597704027724,75,0.8444931617324247,True,0.25,0.1495,0.14949999999999997,0.8505,0.8505,0.847,10.5,4.0,6.666666666666667,4.0,6.0,0.8666666666666667,0.13333333333333333
discounted_lints,hybrid,z72_a0p5_hybrid_corr5_bsstablehie5_top10,1,40,8008,ETHUSDT,val_first,,-1.003669841385102,2.276291672757824,25,0.692047762571543,True,,,,,,,20.0,4.0,7.56,4.0,6.0,0.84,0.16
discounted_lints,hybrid,z72_a0p5_hybrid_corr5_bsstablehie5_top10,1,40,8008,ETHUSDT,val_second,,-0.26840365306809444,3.577597704027724,50,0.9121594020522038,True,,,,,,,8.0,4.0,6.22,4.0,6.0,0.88,0.12
discounted_lints,hybrid,z72_a0p5_hybrid_corr5_bsstablehie5_top10,1,40,8008,SOLUSDT,val,2000.0,-10.581953441079573,13.429354843487207,162,0.6224599083582752,True,0.6025,0.3255,0.3255,0.6745,0.6745,0.6715,8.0,4.0,7.41358024691358,4.0,7.0,0.8395061728395061,0.16049382716049382
discounted_lints,hybrid,z72_a0p5_hybrid_corr5_bsstablehie5_top10,1,40,8008,SOLUSDT,val_first,,2.853219589582645,3.313729435030066,71,1.1807630426098372,True,,,,,,,9.0,4.0,9.43661971830986,4.0,9.0,0.8028169014084507,0.19718309859154928
discounted_lints,hybrid,z72_a0p5_hybrid_corr5_bsstablehie5_top10,1,40,8008,SOLUSDT,val_second,,-13.062472020100946,13.429354843487207,91,0.3476256623726112,True,,,,,,,7.0,4.0,5.835164835164835,4.0,5.0,0.8681318681318682,0.13186813186813187
discounted_lints,hybrid,z72_a0p5_hybrid_corr5_bsstablehie5_top10,1,40,8009,BTCUSDT,val,2000.0,-2.069882578415927,3.4443143220940553,87,0.7984107857939176,True,0.28,0.1755,0.1755,0.8245,0.8245,0.8195,13.0,4.0,6.137931034482759,4.0,5.0,0.8850574712643678,0.11494252873563218
discounted_lints,hybrid,z72_a0p5_hybrid_corr5_bsstablehie5_top10,1,40,8009,BTCUSDT,val_first,,-0.4565880569437408,1.6261948495474354,35,0.8460537900031548,True,,,,,,,14.0,4.0,5.628571428571429,4.0,5.0,0.8857142857142857,0.11428571428571428
discounted_lints,hybrid,z72_a0p5_hybrid_corr5_bsstablehie5_top10,1,40,8009,BTCUSDT,val_second,,-1.6206944186271888,3.0087248250089793,52,0.7697072066114597,True,,,,,,,11.0,4.0,6.480769230769231,4.0,5.0,0.8846153846153846,0.11538461538461539
discounted_lints,hybrid,z72_a0p5_hybrid_corr5_bsstablehie5_top10,1,40,8009,ETHUSDT,val,2000.0,-2.1009641376188215,6.49506301870173,70,0.7757500846482316,True,0.296,0.1395,0.13949999999999996,0.8605,0.8605,0.859,13.0,5.0,8.457142857142857,4.0,8.75,0.7857142857142857,0.21428571428571427
discounted_lints,hybrid,z72_a0p5_hybrid_corr5_bsstablehie5_top10,1,40,8009,ETHUSDT,val_first,,0.23792313654225072,2.1299774815221495,31,1.006918051114718,True,,,,,,,18.0,5.0,9.838709677419354,4.0,9.0,0.7741935483870968,0.22580645161290322
discounted_lints,hybrid,z72_a0p5_hybrid_corr5_bsstablehie5_top10,1,40,8009,ETHUSDT,val_second,,-2.333335728609498,6.49506301870173,39,0.6648246727978934,True,,,,,,,11.5,5.0,7.358974358974359,4.0,8.0,0.7948717948717948,0.20512820512820512
discounted_lints,hybrid,z72_a0p5_hybrid_corr5_bsstablehie5_top10,1,40,8009,SOLUSDT,val,2000.0,-5.374849673772186,6.6390842341863205,122,0.7109097704825419,True,0.339,0.244,0.244,0.756,0.756,0.753,9.0,4.0,5.557377049180328,4.0,4.0,0.9344262295081968,0.06557377049180328
discounted_lints,hybrid,z72_a0p5_hybrid_corr5_bsstablehie5_top10,1,40,8009,SOLUSDT,val_first,,-0.1537979788364563,4.459408792955544,61,0.9158570984668365,True,,,,,,,9.5,4.0,6.131147540983607,4.0,5.0,0.9344262295081968,0.06557377049180328
discounted_lints,hybrid,z72_a0p5_hybrid_corr5_bsstablehie5_top10,1,40,8009,SOLUSDT,val_second,,-5.22909393572033,6.144283786422655,61,0.49107606179130314,True,,,,,,,9.0,4.0,4.983606557377049,4.0,4.0,0.9344262295081968,0.06557377049180328
discounted_lints,hybrid,z72_a0p5_hybrid_corr5_bsstablehie5_top10,1,40,8010,BTCUSDT,val,2000.0,-3.7958247360872166,4.796175852751727,93,0.6214724500115946,True,0.2955,0.186,0.18600000000000005,0.814,0.814,0.8115,12.0,4.0,6.354838709677419,4.0,7.0,0.8172043010752689,0.1827956989247312
discounted_lints,hybrid,z72_a0p5_hybrid_corr5_bsstablehie5_top10,1,40,8010,BTCUSDT,val_first,,0.003261688817723929,1.387555711141908,24,0.9713944773456464,True,,,,,,,20.0,6.0,7.833333333333333,4.0,9.0,0.7916666666666666,0.20833333333333334
discounted_lints,hybrid,z72_a0p5_hybrid_corr5_bsstablehie5_top10,1,40,8010,BTCUSDT,val_second,,-3.798962514569415,3.8531018036122244,69,0.5202657762821199,True,,,,,,,10.5,4.0,5.840579710144928,4.0,6.0,0.8260869565217391,0.17391304347826086
discounted_lints,hybrid,z72_a0p5_hybrid_corr5_bsstablehie5_top10,1,40,8010,ETHUSDT,val,2000.0,-3.9863118169535916,4.9208212837286265,76,0.6526929470811467,True,0.285,0.1515,0.15149999999999997,0.8485,0.8485,0.845,10.0,4.0,7.5,4.0,8.0,0.7894736842105263,0.21052631578947367
discounted_lints,hybrid,z72_a0p5_hybrid_corr5_bsstablehie5_top10,1,40,8010,ETHUSDT,val_first,,-2.95390693829809,3.1778217070610237,34,0.4196953268666125,True,,,,,,,14.0,4.0,7.411764705882353,4.0,5.0,0.7941176470588235,0.20588235294117646
discounted_lints,hybrid,z72_a0p5_hybrid_corr5_bsstablehie5_top10,1,40,8010,ETHUSDT,val_second,,-1.0638294093911593,3.3179167328933556,41,0.8214195141452649,True,,,,,,,10.0,4.0,7.658536585365853,4.0,8.0,0.7804878048780488,0.21951219512195122
discounted_lints,hybrid,z72_a0p5_hybrid_corr5_bsstablehie5_top10,1,40,8010,SOLUSDT,val,2000.0,-1.4760875078560165,4.458861102107159,42,0.787338943450097,True,0.186,0.084,0.08399999999999996,0.916,0.916,0.911,16.0,5.0,8.857142857142858,4.0,9.0,0.7619047619047619,0.23809523809523808
discounted_lints,hybrid,z72_a0p5_hybrid_corr5_bsstablehie5_top10,1,40,8010,SOLUSDT,val_first,,0.1207499422529068,2.5783766590419477,16,0.9919412611623463,True,,,,,,,12.0,5.5,9.25,4.0,8.25,0.8125,0.1875
discounted_lints,hybrid,z72_a0p5_hybrid_corr5_bsstablehie5_top10,1,40,8010,SOLUSDT,val_second,,-1.5949115952786364,4.458861102107159,26,0.7163952567759938,True,,,,,,,20.0,4.0,8.615384615384615,4.0,9.75,0.7307692307692307,0.2692307692307692
discounted_lints,hybrid,z72_a0p5_hybrid_corr5_bsstablehie5_top10,1,40,8011,BTCUSDT,val,2000.0,1.2284096795761812,2.0984633448093537,79,1.134373324130074,True,0.2565,0.1595,0.15949999999999998,0.8405,0.8405,0.8355,12.0,4.0,5.6075949367088604,4.0,5.0,0.8860759493670886,0.11392405063291139
discounted_lints,hybrid,z72_a0p5_hybrid_corr5_bsstablehie5_top10,1,40,8011,BTCUSDT,val_first,,1.5183713628035944,0.6613607778176211,20,2.058133412519561,True,,,,,,,19.0,5.0,6.8,4.0,8.25,0.8,0.2
discounted_lints,hybrid,z72_a0p5_hybrid_corr5_bsstablehie5_top10,1,40,8011,BTCUSDT,val_second,,-0.2856248374899062,2.0984633448093537,59,0.910117079237935,True,,,,,,,11.0,4.0,5.203389830508475,4.0,4.0,0.9152542372881356,0.0847457627118644
discounted_lints,hybrid,z72_a0p5_hybrid_corr5_bsstablehie5_top10,1,40,8011,ETHUSDT,val,2000.0,-4.393531265875906,5.593263351058598,78,0.6221225279219199,True,0.2715,0.1555,0.15549999999999997,0.8445,0.8445,0.841,12.0,4.0,6.961538461538462,4.0,7.0,0.8205128205128205,0.1794871794871795
discounted_lints,hybrid,z72_a0p5_hybrid_corr5_bsstablehie5_top10,1,40,8011,ETHUSDT,val_first,,-2.4190901099199635,3.0549950756672217,30,0.4321514848548184,True,,,,,,,15.0,4.0,7.166666666666667,4.0,6.5,0.8333333333333334,0.16666666666666666
discounted_lints,hybrid,z72_a0p5_hybrid_corr5_bsstablehie5_top10,1,40,8011,ETHUSDT,val_second,,-2.0233887531690864,4.71792832970549,48,0.7190212719041952,True,,,,,,,11.0,4.0,6.833333333333333,4.0,7.0,0.8125,0.1875
discounted_lints,hybrid,z72_a0p5_hybrid_corr5_bsstablehie5_top10,1,40,8011,SOLUSDT,val,2000.0,-5.473308296430746,7.158333981442089,115,0.678037458074364,True,0.269,0.23,0.22999999999999998,0.77,0.77,0.767,10.0,4.0,4.678260869565217,4.0,4.0,0.9565217391304348,0.043478260869565216
discounted_lints,hybrid,z72_a0p5_hybrid_corr5_bsstablehie5_top10,1,40,8011,SOLUSDT,val_first,,-2.1799943416711987,3.7566520956595073,65,0.7568926829331741,True,,,,,,,9.0,4.0,4.4,4.0,4.0,0.9692307692307692,0.03076923076923077
discounted_lints,hybrid,z72_a0p5_hybrid_corr5_bsstablehie5_top10,1,40,8011,SOLUSDT,val_second,,-3.3667079986302695,5.079608755946152,50,0.5777955132232753,True,,,,,,,11.0,4.0,5.04,4.0,4.0,0.94,0.06
discounted_lints,hybrid,z72_a0p5_hybrid_corr5_bsstablehie5_top10,1,40,8012,BTCUSDT,val,2000.0,-2.032504085706266,4.0238853756566435,83,0.7732208063662652,True,0.241,0.167,0.16700000000000004,0.833,0.833,0.8315,9.0,4.0,5.771084337349397,4.0,5.0,0.8795180722891566,0.12048192771084337
discounted_lints,hybrid,z72_a0p5_hybrid_corr5_bsstablehie5_top10,1,40,8012,BTCUSDT,val_first,,0.0017009335555595584,1.3261291966801925,28,0.9671676578765458,True,,,,,,,12.0,4.0,5.714285714285714,4.0,6.0,0.8928571428571429,0.10714285714285714
discounted_lints,hybrid,z72_a0p5_hybrid_corr5_bsstablehie5_top10,1,40,8012,BTCUSDT,val_second,,-2.0341704193745813,3.1410591518073017,55,0.6963310270041696,True,,,,,,,7.0,4.0,5.8,4.0,4.5,0.8727272727272727,0.12727272727272726
discounted_lints,hybrid,z72_a0p5_hybrid_corr5_bsstablehie5_top10,1,40,8012,ETHUSDT,val,2000.0,-5.741192110060023,7.8945155599321915,69,0.56869823369336,True,0.3125,0.1375,0.13749999999999996,0.8625,0.8625,0.859,14.5,5.0,9.057971014492754,4.0,11.0,0.7101449275362319,0.2898550724637681
discounted_lints,hybrid,z72_a0p5_hybrid_corr5_bsstablehie5_top10,1,40,8012,ETHUSDT,val_first,,-2.617090206785011,3.708333652038587,34,0.5328249056557376,True,,,,,,,20.0,5.0,8.470588235294118,4.0,9.5,0.7352941176470589,0.2647058823529412
discounted_lints,hybrid,z72_a0p5_hybrid_corr5_bsstablehie5_top10,1,40,8012,ETHUSDT,val_second,,-3.208059720035894,5.676543482691154,34,0.6025069836893592,True,,,,,,,13.0,6.5,9.794117647058824,4.0,12.5,0.6764705882352942,0.3235294117647059
discounted_lints,hybrid,z72_a0p5_hybrid_corr5_bsstablehie5_top10,1,40,8012,SOLUSDT,val,2000.0,-5.489548884533746,6.393674077730194,79,0.6180273704337079,True,0.2575,0.158,0.15800000000000003,0.842,0.842,0.839,11.0,4.0,6.518987341772152,4.0,5.0,0.8860759493670886,0.11392405063291139
discounted_lints,hybrid,z72_a0p5_hybrid_corr5_bsstablehie5_top10,1,40,8012,SOLUSDT,val_first,,-3.7133295031094637,4.475289951993034,37,0.5638387410009433,True,,,,,,,11.5,4.0,8.054054054054054,4.0,6.0,0.8108108108108109,0.1891891891891892
discounted_lints,hybrid,z72_a0p5_hybrid_corr5_bsstablehie5_top10,1,40,8012,SOLUSDT,val_second,,-1.8447199100955936,3.428536723031672,42,0.6942398380522639,True,,,,,,,11.0,4.0,5.166666666666667,4.0,4.0,0.9523809523809523,0.047619047619047616
discounted_lints,hybrid,z72_a0p5_hybrid_corr5_bsstablehie5_top10,1,40,8013,BTCUSDT,val,2000.0,-0.05404049703530145,3.7969592873158486,47,0.9200631450965434,True,0.2785,0.0955,0.09550000000000003,0.9045,0.9045,0.8995,24.0,6.0,9.957446808510639,4.0,11.0,0.6382978723404256,0.3617021276595745
discounted_lints,hybrid,z72_a0p5_hybrid_corr5_bsstablehie5_top10,1,40,8013,BTCUSDT,val_first,,2.191354824463976,0.7758872481341994,17,2.750853599089089,True,,,,,,,28.5,10.0,11.764705882352942,4.0,13.0,0.47058823529411764,0.5294117647058824
discounted_lints,hybrid,z72_a0p5_hybrid_corr5_bsstablehie5_top10,1,40,8013,BTCUSDT,val_second,,-2.1972458681619678,3.6350362239934486,30,0.516063901742628,True,,,,,,,17.0,5.0,8.933333333333334,4.0,9.75,0.7333333333333333,0.26666666666666666
discounted_lints,hybrid,z72_a0p5_hybrid_corr5_bsstablehie5_top10,1,40,8013,ETHUSDT,val,2000.0,-4.094620174184927,6.499018090225062,73,0.6709787957921668,True,0.2915,0.1455,0.14549999999999996,0.8545,0.8545,0.853,13.0,4.0,7.986301369863014,4.0,10.0,0.7397260273972602,0.2602739726027397
discounted_lints,hybrid,z72_a0p5_hybrid_corr5_bsstablehie5_top10,1,40,8013,ETHUSDT,val_first,,-2.276209718924571,3.9251151806433016,31,0.5680826537482812,True,,,,,,,15.5,4.0,8.064516129032258,4.0,11.5,0.7096774193548387,0.2903225806451613
discounted_lints,hybrid,z72_a0p5_hybrid_corr5_bsstablehie5_top10,1,40,8013,ETHUSDT,val_second,,-1.8607653776324007,4.322423140891585,42,0.7388841909071265,True,,,,,,,11.0,5.0,7.928571428571429,4.0,9.0,0.7619047619047619,0.23809523809523808
discounted_lints,hybrid,z72_a0p5_hybrid_corr5_bsstablehie5_top10,1,40,8013,SOLUSDT,val,2000.0,-1.9970782188333036,3.9084166956735666,57,0.7424465487717622,True,0.1935,0.114,0.11399999999999999,0.886,0.886,0.883,14.0,4.0,6.7894736842105265,4.0,7.0,0.8070175438596491,0.19298245614035087
discounted_lints,hybrid,z72_a0p5_hybrid_corr5_bsstablehie5_top10,1,40,8013,SOLUSDT,val_first,,-1.360037078571541,2.84622483498006,25,0.6547857064948672,True,,,,,,,13.5,4.0,6.64,4.0,6.0,0.8,0.2
discounted_lints,hybrid,z72_a0p5_hybrid_corr5_bsstablehie5_top10,1,40,8013,SOLUSDT,val_second,,-0.6458245942055019,3.271049155350736,32,0.8182167094079941,True,,,,,,,13.0,4.5,6.90625,4.0,7.0,0.8125,0.1875
discounted_lints,hybrid,z72_a0p5_hybrid_corr5_bsstablehie5_top10,1,40,8014,BTCUSDT,val,2000.0,0.7211932458824677,3.12979184781107,65,1.0661415834112669,True,0.275,0.1295,0.12949999999999995,0.8705,0.8705,0.8655,17.0,5.0,8.461538461538462,4.0,7.0,0.7692307692307693,0.23076923076923078
discounted_lints,hybrid,z72_a0p5_hybrid_corr5_bsstablehie5_top10,1,40,8014,BTCUSDT,val_first,,2.1931554561726685,0.7260922291984273,16,2.467429636406833,True,,,,,,,36.0,6.0,10.5,4.0,14.0,0.625,0.375
discounted_lints,hybrid,z72_a0p5_hybrid_corr5_bsstablehie5_top10,1,40,8014,BTCUSDT,val_second,,-1.440372600023565,2.958768463315087,49,0.6948651006928629,True,,,,,,,11.0,4.0,7.795918367346939,4.0,7.0,0.8163265306122449,0.1836734693877551
discounted_lints,hybrid,z72_a0p5_hybrid_corr5_bsstablehie5_top10,1,40,8014,ETHUSDT,val,2000.0,-6.9587389224115554,6.995227410907945,71,0.4678660739672994,True,0.2935,0.1415,0.14149999999999996,0.8585,0.8585,0.855,13.0,4.0,8.267605633802816,4.0,9.0,0.7605633802816901,0.23943661971830985
discounted_lints,hybrid,z72_a0p5_hybrid_corr5_bsstablehie5_top10,1,40,8014,ETHUSDT,val_first,,-2.7232034070224342,3.387347195101831,32,0.480656181941544,True,,,,,,,14.5,4.0,7.03125,4.0,6.75,0.8125,0.1875
discounted_lints,hybrid,z72_a0p5_hybrid_corr5_bsstablehie5_top10,1,40,8014,ETHUSDT,val_second,,-4.354106697315818,4.479829932134594,38,0.46961216359639596,True,,,,,,,12.0,4.0,9.421052631578947,4.0,10.0,0.7105263157894737,0.2894736842105263
discounted_lints,hybrid,z72_a0p5_hybrid_corr5_bsstablehie5_top10,1,40,8014,SOLUSDT,val,2000.0,-1.230394501933818,2.519693827524383,45,0.805411364007884,True,0.153,0.09,0.08999999999999997,0.91,0.91,0.905,13.5,4.0,6.8,4.0,7.0,0.8,0.2
discounted_lints,hybrid,z72_a0p5_hybrid_corr5_bsstablehie5_top10,1,40,8014,SOLUSDT,val_first,,-0.5511748693768248,2.4144071674015666,17,0.78472816329844,True,,,,,,,14.0,4.0,7.294117647058823,4.0,7.0,0.7647058823529411,0.23529411764705882
discounted_lints,hybrid,z72_a0p5_hybrid_corr5_bsstablehie5_top10,1,40,8014,SOLUSDT,val_second,,-0.6829840691077615,2.2422023498592902,28,0.816783069538029,True,,,,,,,12.0,4.0,6.5,4.0,5.0,0.8214285714285714,0.17857142857142858
discounted_lints,hybrid,z72_a0p5_hybrid_corr5_bsstablehie5_top10,1,40,8015,BTCUSDT,val,2000.0,-1.7902505456930728,4.514827856206383,54,0.7709166121561577,True,0.242,0.1095,0.10950000000000004,0.8905,0.8905,0.8855,19.5,4.0,8.481481481481481,4.0,11.25,0.7407407407407407,0.25925925925925924
discounted_lints,hybrid,z72_a0p5_hybrid_corr5_bsstablehie5_top10,1,40,8015,BTCUSDT,val_first,,-1.3243899166633821,1.9629017357361334,17,0.4910818308536372,True,,,,,,,33.0,8.0,10.058823529411764,4.0,13.0,0.5882352941176471,0.4117647058823529
discounted_lints,hybrid,z72_a0p5_hybrid_corr5_bsstablehie5_top10,1,40,8015,BTCUSDT,val_second,,-0.4721132492986335,2.7572452289500893,37,0.9428443181412901,True,,,,,,,12.0,4.0,7.756756756756757,4.0,6.0,0.8108108108108109,0.1891891891891892
discounted_lints,hybrid,z72_a0p5_hybrid_corr5_bsstablehie5_top10,1,40,8015,ETHUSDT,val,2000.0,-2.6159230471949346,4.725985801322386,82,0.7630933206754812,True,0.3095,0.1635,0.16349999999999998,0.8365,0.8365,0.833,12.0,4.0,7.548780487804878,4.0,8.75,0.8048780487804879,0.1951219512195122
discounted_lints,hybrid,z72_a0p5_hybrid_corr5_bsstablehie5_top10,1,40,8015,ETHUSDT,val_first,,-1.2787360040604434,2.5431132326818595,36,0.6625373170626456,True,,,,,,,14.0,4.0,7.583333333333333,4.0,9.0,0.8055555555555556,0.19444444444444445
discounted_lints,hybrid,z72_a0p5_hybrid_corr5_bsstablehie5_top10,1,40,8015,ETHUSDT,val_second,,-1.354507619745926,4.725985801322386,45,0.8144024895658589,True,,,,,,,10.5,4.0,7.6,4.0,8.0,0.8,0.2
discounted_lints,hybrid,z72_a0p5_hybrid_corr5_bsstablehie5_top10,1,40,8015,SOLUSDT,val,2000.0,0.44415324229292175,2.424327037495433,55,0.9973408560765943,True,0.1665,0.11,0.10999999999999999,0.89,0.89,0.885,11.0,4.0,6.054545454545455,4.0,5.0,0.8545454545454545,0.14545454545454545
discounted_lints,hybrid,z72_a0p5_hybrid_corr5_bsstablehie5_top10,1,40,8015,SOLUSDT,val_first,,1.1088885780790259,2.4144071674015666,24,1.3488386478817411,True,,,,,,,8.0,4.0,5.916666666666667,4.0,5.75,0.875,0.125
discounted_lints,hybrid,z72_a0p5_hybrid_corr5_bsstablehie5_top10,1,40,8015,SOLUSDT,val_second,,-0.6574450032380663,2.424327037495433,31,0.8316063953747274,True,,,,,,,11.5,4.0,6.161290322580645,4.0,4.0,0.8387096774193549,0.16129032258064516
discounted_lints,hybrid,z72_a0p5_hybrid_corr5_bsstablehie5_top10,1,40,8016,BTCUSDT,val,2000.0,-4.623357278601858,5.886302927804543,71,0.5238395509360773,True,0.261,0.1435,0.14349999999999996,0.8565,0.8565,0.8515,10.0,4.0,6.366197183098592,4.0,4.5,0.9014084507042254,0.09859154929577464
discounted_lints,hybrid,z72_a0p5_hybrid_corr5_bsstablehie5_top10,1,40,8016,BTCUSDT,val_first,,-2.1116340933797217,3.2852415160462556,32,0.5394206261563879,True,,,,,,,8.0,4.0,6.65625,4.0,4.0,0.90625,0.09375
discounted_lints,hybrid,z72_a0p5_hybrid_corr5_bsstablehie5_top10,1,40,8016,BTCUSDT,val_second,,-2.565905725322015,3.303575100564582,39,0.5104803295791448,True,,,,,,,10.0,4.0,6.128205128205129,4.0,5.0,0.8974358974358975,0.10256410256410256
discounted_lints,hybrid,z72_a0p5_hybrid_corr5_bsstablehie5_top10,1,40,8016,ETHUSDT,val,2000.0,-5.081901626649488,7.717741196269312,86,0.6277644457744008,True,0.3005,0.1715,0.17149999999999999,0.8285,0.8285,0.825,13.0,4.0,6.988372093023256,4.0,8.0,0.7790697674418605,0.22093023255813954
discounted_lints,hybrid,z72_a0p5_hybrid_corr5_bsstablehie5_top10,1,40,8016,ETHUSDT,val_first,,-3.1822999008340624,3.7696040671096998,41,0.5040612112138902,True,,,,,,,14.0,4.0,6.682926829268292,4.0,8.0,0.7804878048780488,0.21951219512195122
discounted_lints,hybrid,z72_a0p5_hybrid_corr5_bsstablehie5_top10,1,40,8016,ETHUSDT,val_second,,-1.962039713678121,5.492923333498146,44,0.7319713559622257,True,,,,,,,12.0,4.5,7.340909090909091,4.0,9.0,0.7727272727272727,0.22727272727272727
discounted_lints,hybrid,z72_a0p5_hybrid_corr5_bsstablehie5_top10,1,40,8016,SOLUSDT,val,2000.0,-5.758666419192426,7.7918886849063895,63,0.5456160367600086,True,0.2285,0.126,0.126,0.874,0.874,0.869,11.0,4.0,7.253968253968254,4.0,7.0,0.8412698412698413,0.15873015873015872
discounted_lints,hybrid,z72_a0p5_hybrid_corr5_bsstablehie5_top10,1,40,8016,SOLUSDT,val_first,,0.11131894468578984,3.10841152329423,24,0.9736447455997057,True,,,,,,,14.0,5.0,8.833333333333334,4.0,9.25,0.75,0.25
discounted_lints,hybrid,z72_a0p5_hybrid_corr5_bsstablehie5_top10,1,40,8016,SOLUSDT,val_second,,-5.863458224061102,7.108235437121957,39,0.40164939179745324,True,,,,,,,9.0,4.0,6.282051282051282,4.0,5.0,0.8974358974358975,0.10256410256410256
discounted_lints,hybrid,z72_a0p5_hybrid_corr5_bsstablehie5_top10,1,40,8017,BTCUSDT,val,2000.0,-5.358192693463126,7.567398885997267,114,0.5872179705010152,True,0.321,0.2295,0.22950000000000004,0.7705,0.7705,0.7655,11.0,4.0,5.017543859649122,4.0,4.0,0.9385964912280702,0.06140350877192982
discounted_lints,hybrid,z72_a0p5_hybrid_corr5_bsstablehie5_top10,1,40,8017,BTCUSDT,val_first,,-3.1111361346147226,4.024197584492628,54,0.515723770406694,True,,,,,,,11.0,4.0,4.537037037037037,4.0,4.0,0.9629629629629629,0.037037037037037035
discounted_lints,hybrid,z72_a0p5_hybrid_corr5_bsstablehie5_top10,1,40,8017,BTCUSDT,val_second,,-2.319210350087697,4.319276864708554,60,0.6513326640483094,True,,,,,,,10.5,4.0,5.45,4.0,5.0,0.9166666666666666,0.08333333333333333
discounted_lints,hybrid,z72_a0p5_hybrid_corr5_bsstablehie5_top10,1,40,8017,ETHUSDT,val,2000.0,-5.023825145470662,5.90229115953268,92,0.6089612082197857,True,0.2895,0.1835,0.1835,0.8165,0.8165,0.813,11.0,4.0,6.293478260869565,4.0,6.25,0.8478260869565217,0.15217391304347827
discounted_lints,hybrid,z72_a0p5_hybrid_corr5_bsstablehie5_top10,1,40,8017,ETHUSDT,val_first,,-0.9042323404102048,2.9717573386978113,40,0.75105201890881,True,,,,,,,12.0,4.0,6.55,4.0,7.25,0.85,0.15
discounted_lints,hybrid,z72_a0p5_hybrid_corr5_bsstablehie5_top10,1,40,8017,ETHUSDT,val_second,,-4.157183401829978,5.1643328433457425,52,0.5520798326465934,True,,,,,,,9.0,4.0,6.096153846153846,4.0,6.0,0.8461538461538461,0.15384615384615385
discounted_lints,hybrid,z72_a0p5_hybrid_corr5_bsstablehie5_top10,1,40,8017,SOLUSDT,val,2000.0,-0.9473113472255879,3.154511674872018,63,0.862434444427203,True,0.215,0.126,0.126,0.874,0.874,0.871,11.0,4.0,6.825396825396825,4.0,5.0,0.8571428571428571,0.14285714285714285
discounted_lints,hybrid,z72_a0p5_hybrid_corr5_bsstablehie5_top10,1,40,8017,SOLUSDT,val_first,,-0.10473393359030636,2.4144071674015666,26,0.9288509393517217,True,,,,,,,11.0,4.0,7.6923076923076925,4.0,6.5,0.8461538461538461,0.15384615384615385
discounted_lints,hybrid,z72_a0p5_hybrid_corr5_bsstablehie5_top10,1,40,8017,SOLUSDT,val_second,,-0.8434608033128899,3.154511674872018,37,0.8218523814794192,True,,,,,,,11.0,4.0,6.216216216216216,4.0,5.0,0.8648648648648649,0.13513513513513514
discounted_lints,hybrid,z72_a0p5_hybrid_corr5_bsstablehie5_top10,1,40,8018,BTCUSDT,val,2000.0,-3.2902381615723897,4.6090524498149215,75,0.6021526980375634,True,0.2375,0.1495,0.14949999999999997,0.8505,0.8505,0.8475,13.5,4.0,6.333333333333333,4.0,7.0,0.84,0.16
discounted_lints,hybrid,z72_a0p5_hybrid_corr5_bsstablehie5_top10,1,40,8018,BTCUSDT,val_first,,-0.6325515739731724,1.8811078513643276,22,0.7196190401326631,True,,,,,,,17.0,4.0,6.7727272727272725,4.0,7.75,0.7727272727272727,0.22727272727272727
discounted_lints,hybrid,z72_a0p5_hybrid_corr5_bsstablehie5_top10,1,40,8018,BTCUSDT,val_second,,-2.674604842628825,3.5295814186444563,53,0.5563349504094701,True,,,,,,,11.0,4.0,6.150943396226415,4.0,7.0,0.8679245283018868,0.1320754716981132
discounted_lints,hybrid,z72_a0p5_hybrid_corr5_bsstablehie5_top10,1,40,8018,ETHUSDT,val,2000.0,-6.455574103846972,9.431562718608655,72,0.5375150576081351,True,0.337,0.1435,0.14349999999999996,0.8565,0.8565,0.855,15.0,4.0,9.36111111111111,4.0,10.5,0.7222222222222222,0.2777777777777778
discounted_lints,hybrid,z72_a0p5_hybrid_corr5_bsstablehie5_top10,1,40,8018,ETHUSDT,val_first,,-2.4506313386882805,3.2381633036763224,36,0.5222573055597537,True,,,,,,,15.0,4.0,8.694444444444445,4.0,8.25,0.7777777777777778,0.2222222222222222
discounted_lints,hybrid,z72_a0p5_hybrid_corr5_bsstablehie5_top10,1,40,8018,ETHUSDT,val_second,,-4.1055547771546514,7.487342485432958,36,0.5455471250139087,True,,,,,,,16.0,4.0,10.027777777777779,4.0,12.5,0.6666666666666666,0.3333333333333333
discounted_lints,hybrid,z72_a0p5_hybrid_corr5_bsstablehie5_top10,1,40,8018,SOLUSDT,val,2000.0,-4.930704860328461,6.36672278708581,64,0.5504574022217229,True,0.161,0.128,0.128,0.872,0.872,0.869,12.0,4.0,5.03125,4.0,4.0,0.921875,0.078125
discounted_lints,hybrid,z72_a0p5_hybrid_corr5_bsstablehie5_top10,1,40,8018,SOLUSDT,val_first,,-0.41878369712228247,2.612370842373146,25,0.8437459074384609,True,,,,,,,10.0,4.0,5.0,4.0,5.0,0.96,0.04
discounted_lints,hybrid,z72_a0p5_hybrid_corr5_bsstablehie5_top10,1,40,8018,SOLUSDT,val_second,,-4.530895816218095,6.133613267710669,39,0.4360644890199934,True,,,,,,,12.5,4.0,5.051282051282051,4.0,4.0,0.8974358974358975,0.10256410256410256
discounted_lints,hybrid,z72_a0p5_hybrid_corr5_bsstablehie5_top10,1,40,8019,BTCUSDT,val,2000.0,-3.0954929369215844,4.242223393019495,35,0.41472889086707937,True,0.205,0.0715,0.07150000000000001,0.9285,0.9285,0.9235,21.0,6.0,9.17142857142857,4.0,11.0,0.7142857142857143,0.2857142857142857
discounted_lints,hybrid,z72_a0p5_hybrid_corr5_bsstablehie5_top10,1,40,8019,BTCUSDT,val_first,,-0.10008147183678817,1.0481941143845153,12,0.8886570570216039,True,,,,,,,27.0,8.5,10.833333333333334,6.0,13.25,0.5833333333333334,0.4166666666666667
discounted_lints,hybrid,z72_a0p5_hybrid_corr5_bsstablehie5_top10,1,40,8019,BTCUSDT,val_second,,-2.9984123202666635,3.7946026174270786,23,0.290511344749834,True,,,,,,,15.0,4.0,8.304347826086957,4.0,8.0,0.782608695652174,0.21739130434782608
discounted_lints,hybrid,z72_a0p5_hybrid_corr5_bsstablehie5_top10,1,40,8019,ETHUSDT,val,2000.0,-2.8237055334964456,5.396914641679307,89,0.7575935312321133,True,0.2975,0.1775,0.1775,0.8225,0.8225,0.819,10.0,4.0,6.685393258426966,4.0,7.0,0.8426966292134831,0.15730337078651685
discounted_lints,hybrid,z72_a0p5_hybrid_corr5_bsstablehie5_top10,1,40,8019,ETHUSDT,val_first,,-2.91860267293762,3.5303571930506705,30,0.3618999421358375,True,,,,,,,24.0,4.0,8.433333333333334,4.0,8.75,0.7666666666666667,0.23333333333333334
discounted_lints,hybrid,z72_a0p5_hybrid_corr5_bsstablehie5_top10,1,40,8019,ETHUSDT,val_second,,0.09775007576524608,3.960276119785122,59,0.9533630199476331,True,,,,,,,8.0,4.0,5.796610169491525,4.0,5.5,0.8813559322033898,0.11864406779661017
discounted_lints,hybrid,z72_a0p5_hybrid_corr5_bsstablehie5_top10,1,40,8019,SOLUSDT,val,2000.0,-1.6150303168094626,6.50751118900631,111,0.8600549060863492,True,0.3815,0.222,0.22199999999999998,0.778,0.778,0.775,11.0,4.0,6.873873873873874,4.0,6.0,0.8468468468468469,0.15315315315315314
discounted_lints,hybrid,z72_a0p5_hybrid_corr5_bsstablehie5_top10,1,40,8019,SOLUSDT,val_first,,2.4972733227643484,2.881790367089243,58,1.1582948074697794,True,,,,,,,12.0,4.0,8.172413793103448,4.0,8.75,0.7758620689655172,0.22413793103448276
discounted_lints,hybrid,z72_a0p5_hybrid_corr5_bsstablehie5_top10,1,40,8019,SOLUSDT,val_second,,-4.0121102798746255,4.870110393773319,53,0.5533380618147086,True,,,,,,,10.0,4.0,5.452830188679245,4.0,4.0,0.9245283018867925,0.07547169811320754
discounted_lints,hybrid,z72_a0p5_hybrid_corr5_bsstablehie5_top10,1,40,8020,BTCUSDT,val,2000.0,-6.330644756986303,7.287592981091229,116,0.4951674885671168,True,0.362,0.2315,0.23150000000000004,0.7685,0.7685,0.7655,12.0,4.0,6.241379310344827,4.0,7.0,0.8620689655172413,0.13793103448275862
discounted_lints,hybrid,z72_a0p5_hybrid_corr5_bsstablehie5_top10,1,40,8020,BTCUSDT,val_first,,-1.8707792479789265,3.2210697644691866,49,0.6037850137904482,True,,,,,,,13.5,4.0,6.204081632653061,4.0,7.0,0.8571428571428571,0.14285714285714285
discounted_lints,hybrid,z72_a0p5_hybrid_corr5_bsstablehie5_top10,1,40,8020,BTCUSDT,val_second,,-4.544890374985999,5.799968999561511,67,0.43112868101552315,True,,,,,,,11.5,4.0,6.268656716417911,4.0,6.5,0.8656716417910447,0.13432835820895522
discounted_lints,hybrid,z72_a0p5_hybrid_corr5_bsstablehie5_top10,1,40,8020,ETHUSDT,val,2000.0,-5.61512740563842,6.635363857408971,88,0.5949973349222498,True,0.3095,0.1755,0.1755,0.8245,0.8245,0.821,11.0,4.0,7.034090909090909,4.0,7.0,0.8295454545454546,0.17045454545454544
discounted_lints,hybrid,z72_a0p5_hybrid_corr5_bsstablehie5_top10,1,40,8020,ETHUSDT,val_first,,-3.6450160812025456,4.206493490900732,39,0.4023131595828557,True,,,,,,,10.5,4.0,7.487179487179487,4.0,5.5,0.8461538461538461,0.15384615384615385
discounted_lints,hybrid,z72_a0p5_hybrid_corr5_bsstablehie5_top10,1,40,8020,ETHUSDT,val_second,,-2.044638735134008,4.379324656607276,49,0.730223105572905,True,,,,,,,10.5,5.0,6.673469387755102,4.0,8.0,0.8163265306122449,0.1836734693877551
discounted_lints,hybrid,z72_a0p5_hybrid_corr5_bsstablehie5_top10,1,40,8020,SOLUSDT,val,2000.0,-6.88283884977653,8.476011168338516,80,0.539197384003158,True,0.2345,0.16,0.16000000000000003,0.84,0.84,0.837,11.0,4.0,5.8625,4.0,4.0,0.9,0.1
discounted_lints,hybrid,z72_a0p5_hybrid_corr5_bsstablehie5_top10,1,40,8020,SOLUSDT,val_first,,-1.5092505893605335,4.928999921264499,38,0.7406072612293182,True,,,,,,,12.0,4.0,6.5,4.0,5.0,0.8947368421052632,0.10526315789473684
discounted_lints,hybrid,z72_a0p5_hybrid_corr5_bsstablehie5_top10,1,40,8020,SOLUSDT,val_second,,-5.455931945457937,7.071962653341101,42,0.368705631578929,True,,,,,,,10.0,4.0,5.285714285714286,4.0,4.0,0.9047619047619048,0.09523809523809523
discounted_lints,hybrid,z72_a0p5_hybrid_corr5_bsstablehie5_top10,1,40,8021,BTCUSDT,val,2000.0,-2.5249253968358087,4.183482482113144,61,0.6813590425789852,True,0.2485,0.1235,0.12350000000000005,0.8765,0.8765,0.8715,13.0,4.0,7.721311475409836,4.0,9.0,0.7704918032786885,0.22950819672131148
discounted_lints,hybrid,z72_a0p5_hybrid_corr5_bsstablehie5_top10,1,40,8021,BTCUSDT,val_first,,-0.10026473089870258,1.08276789157854,21,0.9181755956234595,True,,,,,,,17.5,6.0,7.619047619047619,4.0,10.0,0.7142857142857143,0.2857142857142857
discounted_lints,hybrid,z72_a0p5_hybrid_corr5_bsstablehie5_top10,1,40,8021,BTCUSDT,val_second,,-2.4270941853907546,3.5710081742340583,40,0.6102513821974562,True,,,,,,,12.5,4.0,7.775,4.0,8.25,0.8,0.2
discounted_lints,hybrid,z72_a0p5_hybrid_corr5_bsstablehie5_top10,1,40,8021,ETHUSDT,val,2000.0,-4.864933941358474,6.228369429426417,80,0.6259208872608696,True,0.315,0.1595,0.15949999999999998,0.8405,0.8405,0.837,12.0,4.0,7.875,4.0,10.0,0.7375,0.2625
discounted_lints,hybrid,z72_a0p5_hybrid_corr5_bsstablehie5_top10,1,40,8021,ETHUSDT,val_first,,-3.0812455340890166,4.249247372784437,37,0.44610720965942635,True,,,,,,,14.0,4.0,7.648648648648648,4.0,10.0,0.7297297297297297,0.2702702702702703
discounted_lints,hybrid,z72_a0p5_hybrid_corr5_bsstablehie5_top10,1,40,8021,ETHUSDT,val_second,,-1.8403955117859305,4.505395625195218,42,0.7536309953890418,True,,,,,,,10.0,4.0,8.166666666666666,4.0,9.75,0.7380952380952381,0.2619047619047619
discounted_lints,hybrid,z72_a0p5_hybrid_corr5_bsstablehie5_top10,1,40,8021,SOLUSDT,val,2000.0,-5.611241834129544,8.846930655416973,133,0.7167328375056015,True,0.407,0.2665,0.26649999999999996,0.7335,0.7335,0.731,10.0,4.0,6.105263157894737,4.0,6.0,0.8947368421052632,0.10526315789473684
discounted_lints,hybrid,z72_a0p5_hybrid_corr5_bsstablehie5_top10,1,40,8021,SOLUSDT,val_first,,1.974787961890856,2.7554840500709554,67,1.1060505328414556,True,,,,,,,10.0,4.0,6.641791044776119,4.0,7.0,0.8507462686567164,0.14925373134328357
discounted_lints,hybrid,z72_a0p5_hybrid_corr5_bsstablehie5_top10,1,40,8021,SOLUSDT,val_second,,-7.439122892665773,8.570302628272863,66,0.39013231284045297,True,,,,,,,10.0,4.0,5.5606060606060606,4.0,5.0,0.9393939393939394,0.06060606060606061
discounted_lints,hybrid,z72_a0p5_hybrid_corr5_bsstablehie5_top10,1,40,8022,BTCUSDT,val,2000.0,-0.7447166673600791,4.738090917153325,65,0.8730296666951485,True,0.304,0.1295,0.12949999999999995,0.8705,0.8705,0.8675,15.5,5.0,9.353846153846154,4.0,9.0,0.8,0.2
discounted_lints,hybrid,z72_a0p5_hybrid_corr5_bsstablehie5_top10,1,40,8022,BTCUSDT,val_first,,2.782861000004355,1.037467865245767,19,2.972690561097144,True,,,,,,,31.5,6.0,9.736842105263158,4.5,10.5,0.631578947368421,0.3684210526315789
discounted_lints,hybrid,z72_a0p5_hybrid_corr5_bsstablehie5_top10,1,40,8022,BTCUSDT,val_second,,-3.4320679858914183,4.446484181720978,46,0.4963410160633277,True,,,,,,,12.0,4.0,9.195652173913043,4.0,6.75,0.8695652173913043,0.13043478260869565
discounted_lints,hybrid,z72_a0p5_hybrid_corr5_bsstablehie5_top10,1,40,8022,ETHUSDT,val,2000.0,-0.7848471450400463,2.605968100585987,85,0.8873319960742361,True,0.3265,0.1695,0.16949999999999998,0.8305,0.8305,0.827,10.0,4.0,7.682352941176471,4.0,7.0,0.788235294117647,0.21176470588235294
discounted_lints,hybrid,z72_a0p5_hybrid_corr5_bsstablehie5_top10,1,40,8022,ETHUSDT,val_first,,-1.1283211638780544,2.605968100585987,41,0.7187233224246737,True,,,,,,,11.5,4.0,7.853658536585366,4.0,6.0,0.7804878048780488,0.21951219512195122
discounted_lints,hybrid,z72_a0p5_hybrid_corr5_bsstablehie5_top10,1,40,8022,ETHUSDT,val_second,,0.3473937358819512,2.3178605532040986,44,1.0072001651122175,True,,,,,,,9.0,4.0,7.5227272727272725,4.0,7.25,0.7954545454545454,0.20454545454545456
discounted_lints,hybrid,z72_a0p5_hybrid_corr5_bsstablehie5_top10,1,40,8022,SOLUSDT,val,2000.0,-3.077681594959425,4.8517951279995035,90,0.7670843778269258,True,0.263,0.18,0.18000000000000005,0.82,0.82,0.817,11.0,4.0,5.844444444444444,4.0,4.0,0.9333333333333333,0.06666666666666667
discounted_lints,hybrid,z72_a0p5_hybrid_corr5_bsstablehie5_top10,1,40,8022,SOLUSDT,val_first,,-1.9257733654407527,4.8517951279995035,40,0.7380085509507643,True,,,,,,,12.0,4.0,7.0,4.0,5.25,0.9,0.1
discounted_lints,hybrid,z72_a0p5_hybrid_corr5_bsstablehie5_top10,1,40,8022,SOLUSDT,val_second,,-1.1745269568231076,4.208455488083473,50,0.8050128827742601,True,,,,,,,10.0,4.0,4.92,4.0,4.0,0.96,0.04
discounted_lints,hybrid,z72_a0p5_hybrid_corr5_bsstablehie5_top10,1,40,8023,BTCUSDT,val,2000.0,-3.145049797425148,4.146920938451482,95,0.6842300296277141,True,0.288,0.1895,0.1895,0.8105,0.8105,0.8075,12.0,4.0,6.063157894736842,4.0,5.0,0.8736842105263158,0.12631578947368421
discounted_lints,hybrid,z72_a0p5_hybrid_corr5_bsstablehie5_top10,1,40,8023,BTCUSDT,val_first,,-1.1200694286085056,1.971551279961803,32,0.6421861102002904,True,,,,,,,21.0,4.0,5.625,4.0,5.0,0.875,0.125
discounted_lints,hybrid,z72_a0p5_hybrid_corr5_bsstablehie5_top10,1,40,8023,BTCUSDT,val_second,,-2.047918477607147,2.724981264908455,63,0.7020063391683242,True,,,,,,,9.0,4.0,6.285714285714286,4.0,5.0,0.873015873015873,0.12698412698412698
discounted_lints,hybrid,z72_a0p5_hybrid_corr5_bsstablehie5_top10,1,40,8023,ETHUSDT,val,2000.0,-4.113845107586444,4.81132496932225,73,0.6393330536555693,True,0.277,0.1455,0.14549999999999996,0.8545,0.8545,0.851,11.5,4.0,7.589041095890411,4.0,7.0,0.8356164383561644,0.1643835616438356
discounted_lints,hybrid,z72_a0p5_hybrid_corr5_bsstablehie5_top10,1,40,8023,ETHUSDT,val_first,,-1.8917974504105595,2.814140715406832,29,0.5416245883657637,True,,,,,,,15.0,4.0,8.03448275862069,4.0,7.0,0.8275862068965517,0.1724137931034483
discounted_lints,hybrid,z72_a0p5_hybrid_corr5_bsstablehie5_top10,1,40,8023,ETHUSDT,val_second,,-2.264894880785051,4.207943893643506,44,0.6895637156836898,True,,,,,,,10.0,4.0,7.295454545454546,4.0,7.25,0.8409090909090909,0.1590909090909091
discounted_lints,hybrid,z72_a0p5_hybrid_corr5_bsstablehie5_top10,1,40,8023,SOLUSDT,val,2000.0,-4.081678177043546,5.726577579039793,87,0.6854757894440255,True,0.223,0.174,0.17400000000000004,0.826,0.826,0.821,11.0,4.0,5.126436781609195,4.0,4.0,0.9195402298850575,0.08045977011494253
discounted_lints,hybrid,z72_a0p5_hybrid_corr5_bsstablehie5_top10,1,40,8023,SOLUSDT,val_first,,-1.9348782116011543,3.6322335474939127,50,0.7085792137142616,True,,,,,,,8.0,4.0,4.7,4.0,4.0,0.94,0.06
discounted_lints,hybrid,z72_a0p5_hybrid_corr5_bsstablehie5_top10,1,40,8023,SOLUSDT,val_second,,-2.189157496866889,3.6649309462578383,37,0.6627533751808213,True,,,,,,,13.5,4.0,5.702702702702703,4.0,4.0,0.8918918918918919,0.10810810810810811
discounted_lints,hybrid,z72_a0p5_hybrid_corr5_bsstablehie5_top10,1,40,8024,BTCUSDT,val,2000.0,-2.4687829420427687,3.5272158247265595,67,0.7045888965958196,True,0.246,0.1355,0.13549999999999995,0.8645,0.8645,0.8595,11.0,4.0,6.955223880597015,4.0,5.5,0.8656716417910447,0.13432835820895522
discounted_lints,hybrid,z72_a0p5_hybrid_corr5_bsstablehie5_top10,1,40,8024,BTCUSDT,val_first,,0.2239457050478011,1.091407611380002,20,1.0892336018114228,True,,,,,,,36.0,4.0,7.1,4.0,6.75,0.8,0.2
discounted_lints,hybrid,z72_a0p5_hybrid_corr5_bsstablehie5_top10,1,40,8024,BTCUSDT,val_second,,-2.6867118712479043,3.27260501568305,47,0.5714711200636936,True,,,,,,,10.0,4.0,6.8936170212765955,4.0,5.0,0.8936170212765957,0.10638297872340426
discounted_lints,hybrid,z72_a0p5_hybrid_corr5_bsstablehie5_top10,1,40,8024,ETHUSDT,val,2000.0,-2.8694644591283236,5.704253183545216,89,0.7355857601932794,True,0.3225,0.1775,0.1775,0.8225,0.8225,0.821,11.5,4.0,7.247191011235955,4.0,8.0,0.8089887640449438,0.19101123595505617
discounted_lints,hybrid,z72_a0p5_hybrid_corr5_bsstablehie5_top10,1,40,8024,ETHUSDT,val_first,,-2.022114490342619,2.9964040654891555,39,0.5743131537431176,True,,,,,,,14.0,4.0,7.564102564102564,4.0,8.0,0.7948717948717948,0.20512820512820512
discounted_lints,hybrid,z72_a0p5_hybrid_corr5_bsstablehie5_top10,1,40,8024,ETHUSDT,val_second,,-0.8648379829570674,5.29831947654732,50,0.8373074483667821,True,,,,,,,11.0,4.0,7.0,4.0,8.0,0.82,0.18
discounted_lints,hybrid,z72_a0p5_hybrid_corr5_bsstablehie5_top10,1,40,8024,SOLUSDT,val,2000.0,0.5269791948097957,3.84010018350861,70,0.9811124146547355,True,0.2475,0.14,0.14,0.86,0.86,0.857,13.0,4.0,7.071428571428571,4.0,5.0,0.8428571428571429,0.15714285714285714
discounted_lints,hybrid,z72_a0p5_hybrid_corr5_bsstablehie5_top10,1,40,8024,SOLUSDT,val_first,,1.3792616456359985,3.536129138955635,23,1.2476069824760132,True,,,,,,,28.0,5.0,10.608695652173912,4.0,9.5,0.7391304347826086,0.2608695652173913
discounted_lints,hybrid,z72_a0p5_hybrid_corr5_bsstablehie5_top10,1,40,8024,SOLUSDT,val_second,,-0.8406871750608058,3.84010018350861,47,0.8466953003321964,True,,,,,,,10.5,4.0,5.340425531914893,4.0,4.0,0.8936170212765957,0.10638297872340426
discounted_lints,hybrid,z72_a0p5_hybrid_corr5_bsstablehie5_top10,2,39,8000,BTCUSDT,val,2000.0,-0.679336662282437,2.8084740075004166,82,0.9376414797485965,True,0.285,0.1655,0.16549999999999998,0.8345,0.8345,0.8295,11.0,4.0,6.634146341463414,4.0,6.0,0.8658536585365854,0.13414634146341464
discounted_lints,hybrid,z72_a0p5_hybrid_corr5_bsstablehie5_top10,2,39,8000,BTCUSDT,val_first,,-0.7745569504726824,1.926161172609575,23,0.6916722770116771,True,,,,,,,20.0,5.0,7.304347826086956,4.0,9.0,0.8695652173913043,0.13043478260869565
discounted_lints,hybrid,z72_a0p5_hybrid_corr5_bsstablehie5_top10,2,39,8000,BTCUSDT,val_second,,0.09596358077506029,1.7924773427019591,59,1.0673895153798993,True,,,,,,,9.0,4.0,6.372881355932203,4.0,5.5,0.864406779661017,0.13559322033898305
discounted_lints,hybrid,z72_a0p5_hybrid_corr5_bsstablehie5_top10,2,39,8000,ETHUSDT,val,2000.0,-4.2673718103515945,5.841415461277089,64,0.6394654411202488,True,0.2755,0.1275,0.12749999999999995,0.8725,0.8725,0.869,12.0,5.0,8.609375,4.0,8.25,0.765625,0.234375
discounted_lints,hybrid,z72_a0p5_hybrid_corr5_bsstablehie5_top10,2,39,8000,ETHUSDT,val_first,,-1.3832964329439812,2.940673566930929,23,0.6373599867227612,True,,,,,,,23.5,5.0,9.173913043478262,4.0,9.5,0.7391304347826086,0.2608695652173913
discounted_lints,hybrid,z72_a0p5_hybrid_corr5_bsstablehie5_top10,2,39,8000,ETHUSDT,val_second,,-2.924530300738093,4.604160886981079,41,0.6404208547940291,True,,,,,,,10.5,5.0,8.292682926829269,4.0,8.0,0.7804878048780488,0.21951219512195122
discounted_lints,hybrid,z72_a0p5_hybrid_corr5_bsstablehie5_top10,2,39,8000,SOLUSDT,val,2000.0,-8.485327251154862,10.692614701026015,144,0.6318575412891146,True,0.4795,0.2895,0.2895,0.7105,0.7105,0.708,9.0,4.0,6.631944444444445,4.0,5.0,0.8958333333333334,0.10416666666666667
discounted_lints,hybrid,z72_a0p5_hybrid_corr5_bsstablehie5_top10,2,39,8000,SOLUSDT,val_first,,-0.6331605790408812,4.1637283620737815,75,0.8894706519207994,True,,,,,,,8.0,4.0,7.56,4.0,5.5,0.88,0.12
discounted_lints,hybrid,z72_a0p5_hybrid_corr5_bsstablehie5_top10,2,39,8000,SOLUSDT,val_second,,-7.902200289222194,8.710452993867401,69,0.4100972118634538,True,,,,,,,10.0,4.0,5.6231884057971016,4.0,5.0,0.9130434782608695,0.08695652173913043
discounted_lints,hybrid,z72_a0p5_hybrid_corr5_bsstablehie5_top10,2,39,8001,BTCUSDT,val,2000.0,-5.231221740346658,5.745784572352752,85,0.4912696076687118,True,0.275,0.1715,0.17149999999999999,0.8285,0.8285,0.8235,13.0,4.0,6.1647058823529415,4.0,5.0,0.8823529411764706,0.11764705882352941
discounted_lints,hybrid,z72_a0p5_hybrid_corr5_bsstablehie5_top10,2,39,8001,BTCUSDT,val_first,,-1.2015967884406398,1.841940931094821,36,0.6479320893611089,True,,,,,,,15.0,4.0,6.138888888888889,4.0,5.25,0.8611111111111112,0.1388888888888889
discounted_lints,hybrid,z72_a0p5_hybrid_corr5_bsstablehie5_top10,2,39,8001,BTCUSDT,val_second,,-4.0786336832562835,4.449042770148237,49,0.403648276745729,True,,,,,,,12.0,4.0,6.183673469387755,4.0,4.0,0.8979591836734694,0.10204081632653061
discounted_lints,hybrid,z72_a0p5_hybrid_corr5_bsstablehie5_top10,2,39,8001,ETHUSDT,val,2000.0,-1.0969680701507056,4.078205918623123,72,0.8554834564209218,True,0.322,0.1435,0.14349999999999996,0.8565,0.8565,0.853,14.0,4.0,8.944444444444445,4.0,9.0,0.7638888888888888,0.2361111111111111
discounted_lints,hybrid,z72_a0p5_hybrid_corr5_bsstablehie5_top10,2,39,8001,ETHUSDT,val_first,,-1.229008910241225,3.0988598987150007,34,0.7064435494019687,True,,,,,,,18.0,4.0,8.970588235294118,4.0,9.0,0.7647058823529411,0.23529411764705882
discounted_lints,hybrid,z72_a0p5_hybrid_corr5_bsstablehie5_top10,2,39,8001,ETHUSDT,val_second,,0.13368382622638286,2.9249277719769373,38,0.9582800544405827,True,,,,,,,12.0,4.5,8.921052631578947,4.0,9.0,0.7631578947368421,0.23684210526315788
discounted_lints,hybrid,z72_a0p5_hybrid_corr5_bsstablehie5_top10,2,39,8001,SOLUSDT,val,2000.0,-1.0731115365719135,3.853400779552374,69,0.857257568893171,True,0.2195,0.138,0.138,0.862,0.862,0.857,11.0,4.0,6.36231884057971,4.0,5.0,0.855072463768116,0.14492753623188406
discounted_lints,hybrid,z72_a0p5_hybrid_corr5_bsstablehie5_top10,2,39,8001,SOLUSDT,val_first,,0.014914289689205162,3.853400779552374,30,0.9460509531125806,True,,,,,,,12.0,4.0,7.333333333333333,4.0,7.0,0.8333333333333334,0.16666666666666666
discounted_lints,hybrid,z72_a0p5_hybrid_corr5_bsstablehie5_top10,2,39,8001,SOLUSDT,val_second,,-1.0878635791355173,3.326472726135743,39,0.7909862201448649,True,,,,,,,10.5,4.0,5.615384615384615,4.0,4.0,0.8717948717948718,0.1282051282051282
discounted_lints,hybrid,z72_a0p5_hybrid_corr5_bsstablehie5_top10,2,39,8002,BTCUSDT,val,2000.0,-1.9640249399459409,3.4962162881667203,84,0.7950513632978694,True,0.294,0.1695,0.16949999999999998,0.8305,0.8305,0.8255,13.0,4.0,6.690476190476191,4.0,6.25,0.8571428571428571,0.14285714285714285
discounted_lints,hybrid,z72_a0p5_hybrid_corr5_bsstablehie5_top10,2,39,8002,BTCUSDT,val_first,,0.18120396991556653,1.7085265394002125,36,1.029784362168217,True,,,,,,,18.0,4.0,6.055555555555555,4.0,7.0,0.8611111111111112,0.1388888888888889
discounted_lints,hybrid,z72_a0p5_hybrid_corr5_bsstablehie5_top10,2,39,8002,BTCUSDT,val_second,,-2.141348701005541,2.8659515964129856,48,0.6512978212035988,True,,,,,,,10.5,4.0,7.166666666666667,4.0,6.0,0.8541666666666666,0.14583333333333334
discounted_lints,hybrid,z72_a0p5_hybrid_corr5_bsstablehie5_top10,2,39,8002,ETHUSDT,val,2000.0,-3.725217376625889,6.37475951974139,85,0.6856674354812803,True,0.2945,0.1695,0.16949999999999998,0.8305,0.8305,0.827,11.0,4.0,6.929411764705883,4.0,8.0,0.8235294117647058,0.17647058823529413
discounted_lints,hybrid,z72_a0p5_hybrid_corr5_bsstablehie5_top10,2,39,8002,ETHUSDT,val_first,,-3.4280470089082193,3.801797480441127,36,0.41777578029835355,True,,,,,,,14.5,4.0,7.388888888888889,4.0,8.0,0.8333333333333334,0.16666666666666666
discounted_lints,hybrid,z72_a0p5_hybrid_corr5_bsstablehie5_top10,2,39,8002,ETHUSDT,val_second,,-0.30771912394179646,4.460298522568529,48,0.9226489592942964,True,,,,,,,9.0,4.0,6.645833333333333,4.0,8.0,0.8125,0.1875
discounted_lints,hybrid,z72_a0p5_hybrid_corr5_bsstablehie5_top10,2,39,8002,SOLUSDT,val,2000.0,-7.528355371896279,9.772053955702786,153,0.6976852008941136,True,0.5715,0.3075,0.3075,0.6925,0.6925,0.691,8.0,4.0,7.444444444444445,4.0,6.0,0.8235294117647058,0.17647058823529413
discounted_lints,hybrid,z72_a0p5_hybrid_corr5_bsstablehie5_top10,2,39,8002,SOLUSDT,val_first,,1.3060776995234669,3.077497017328479,69,1.039466931139636,True,,,,,,,10.0,4.0,9.159420289855072,4.0,9.0,0.7536231884057971,0.2463768115942029
discounted_lints,hybrid,z72_a0p5_hybrid_corr5_bsstablehie5_top10,2,39,8002,SOLUSDT,val_second,,-8.720536094214326,9.772053955702786,84,0.4677734612426956,True,,,,,,,7.0,4.0,6.035714285714286,4.0,5.0,0.8809523809523809,0.11904761904761904
discounted_lints,hybrid,z72_a0p5_hybrid_corr5_bsstablehie5_top10,2,39,8003,BTCUSDT,val,2000.0,-2.402863179368031,3.8191223676024233,69,0.738048473999342,True,0.2495,0.1395,0.13949999999999996,0.8605,0.8605,0.8555,12.0,4.0,6.855072463768116,4.0,7.0,0.8405797101449275,0.15942028985507245
discounted_lints,hybrid,z72_a0p5_hybrid_corr5_bsstablehie5_top10,2,39,8003,BTCUSDT,val_first,,-0.7448935877478524,2.135803350260612,23,0.70259791772192,True,,,,,,,17.5,5.0,7.217391304347826,4.0,7.5,0.8260869565217391,0.17391304347826086
discounted_lints,hybrid,z72_a0p5_hybrid_corr5_bsstablehie5_top10,2,39,8003,BTCUSDT,val_second,,-1.6704123863752307,2.7785700512595324,46,0.755928159702561,True,,,,,,,10.5,4.0,6.673913043478261,4.0,4.75,0.8478260869565217,0.15217391304347827
discounted_lints,hybrid,z72_a0p5_hybrid_corr5_bsstablehie5_top10,2,39,8003,ETHUSDT,val,2000.0,-5.419432212143638,6.044065276897692,61,0.4791791132462752,True,0.258,0.1215,0.12150000000000005,0.8785,0.8785,0.875,13.0,4.0,8.459016393442623,4.0,10.0,0.7213114754098361,0.2786885245901639
discounted_lints,hybrid,z72_a0p5_hybrid_corr5_bsstablehie5_top10,2,39,8003,ETHUSDT,val_first,,-2.059296846335512,3.519562260092768,20,0.3808670154826163,True,,,,,,,17.0,4.0,10.0,4.0,10.5,0.7,0.3
discounted_lints,hybrid,z72_a0p5_hybrid_corr5_bsstablehie5_top10,2,39,8003,ETHUSDT,val_second,,-3.4307854218038614,4.430846712966097,41,0.523375676739856,True,,,,,,,11.5,4.0,7.7073170731707314,4.0,10.0,0.7317073170731707,0.2682926829268293
discounted_lints,hybrid,z72_a0p5_hybrid_corr5_bsstablehie5_top10,2,39,8003,SOLUSDT,val,2000.0,0.5940933234539036,2.770540596422588,48,1.0009740862079388,True,0.176,0.096,0.09599999999999997,0.904,0.904,0.901,13.0,4.0,7.333333333333333,4.0,7.25,0.7916666666666666,0.20833333333333334
discounted_lints,hybrid,z72_a0p5_hybrid_corr5_bsstablehie5_top10,2,39,8003,SOLUSDT,val_first,,-0.6850920825431484,2.4144071674015666,19,0.7336990480754964,True,,,,,,,11.0,4.0,7.2631578947368425,4.0,7.0,0.7894736842105263,0.21052631578947367
discounted_lints,hybrid,z72_a0p5_hybrid_corr5_bsstablehie5_top10,2,39,8003,SOLUSDT,val_second,,1.288009456808048,2.402912629628484,29,1.156131722164521,True,,,,,,,13.0,4.0,7.379310344827586,4.0,8.0,0.7931034482758621,0.20689655172413793
discounted_lints,hybrid,z72_a0p5_hybrid_corr5_bsstablehie5_top10,2,39,8004,BTCUSDT,val,2000.0,-6.415374599776724,7.871988223522486,105,0.4878940211593594,True,0.3575,0.2095,0.20950000000000002,0.7905,0.7905,0.7875,11.0,4.0,6.809523809523809,4.0,4.0,0.9047619047619048,0.09523809523809523
discounted_lints,hybrid,z72_a0p5_hybrid_corr5_bsstablehie5_top10,2,39,8004,BTCUSDT,val_first,,-3.744126989704144,5.01886187288817,61,0.448864420972891,True,,,,,,,9.0,4.0,4.819672131147541,4.0,4.0,0.9508196721311475,0.04918032786885246
discounted_lints,hybrid,z72_a0p5_hybrid_corr5_bsstablehie5_top10,2,39,8004,BTCUSDT,val_second,,-2.7751528572047324,3.726969009861647,44,0.5323685404174529,True,,,,,,,15.0,4.0,9.568181818181818,4.0,5.25,0.8409090909090909,0.1590909090909091
discounted_lints,hybrid,z72_a0p5_hybrid_corr5_bsstablehie5_top10,2,39,8004,ETHUSDT,val,2000.0,-4.636459751088029,7.778141932961891,78,0.6400956793299938,True,0.3295,0.1555,0.15549999999999997,0.8445,0.8445,0.843,10.0,4.0,8.448717948717949,4.0,9.0,0.7564102564102564,0.24358974358974358
discounted_lints,hybrid,z72_a0p5_hybrid_corr5_bsstablehie5_top10,2,39,8004,ETHUSDT,val_first,,-3.0529058493618866,3.4902470208029723,23,0.29525334226670996,True,,,,,,,22.0,10.0,13.869565217391305,5.5,17.0,0.4782608695652174,0.5217391304347826
discounted_lints,hybrid,z72_a0p5_hybrid_corr5_bsstablehie5_top10,2,39,8004,ETHUSDT,val_second,,-1.6334206977525079,4.874035807878752,54,0.7966131975273562,True,,,,,,,7.0,4.0,6.222222222222222,4.0,5.0,0.8703703703703703,0.12962962962962962
discounted_lints,hybrid,z72_a0p5_hybrid_corr5_bsstablehie5_top10,2,39,8004,SOLUSDT,val,2000.0,-1.902686581239943,3.2429614889336156,43,0.7326441155905329,True,0.169,0.086,0.08599999999999997,0.914,0.914,0.909,18.5,4.0,7.8604651162790695,4.0,10.0,0.7209302325581395,0.27906976744186046
discounted_lints,hybrid,z72_a0p5_hybrid_corr5_bsstablehie5_top10,2,39,8004,SOLUSDT,val_first,,-0.8062267029615766,2.4144071674015666,17,0.7261320699603331,True,,,,,,,16.0,7.0,8.294117647058824,4.0,10.0,0.6470588235294118,0.35294117647058826
discounted_lints,hybrid,z72_a0p5_hybrid_corr5_bsstablehie5_top10,2,39,8004,SOLUSDT,val_second,,-1.1053716799289237,2.423823676459458,26,0.736880262721833,True,,,,,,,18.0,4.0,7.576923076923077,4.0,6.5,0.7692307692307693,0.23076923076923078
discounted_lints,hybrid,z72_a0p5_hybrid_corr5_bsstablehie5_top10,2,39,8005,BTCUSDT,val,2000.0,-0.7355278378839758,2.5533389820639463,69,0.8775155623639612,True,0.256,0.138,0.138,0.862,0.862,0.8595,11.0,4.0,7.405797101449275,4.0,9.0,0.7681159420289855,0.2318840579710145
discounted_lints,hybrid,z72_a0p5_hybrid_corr5_bsstablehie5_top10,2,39,8005,BTCUSDT,val_first,,-0.23908128907628168,1.688105988140809,23,0.8873729528504268,True,,,,,,,12.0,5.0,6.869565217391305,4.0,8.5,0.782608695652174,0.21739130434782608
discounted_lints,hybrid,z72_a0p5_hybrid_corr5_bsstablehie5_top10,2,39,8005,BTCUSDT,val_second,,-0.4976363040984477,2.2898857067551126,46,0.8714449392933655,True,,,,,,,10.5,4.0,7.673913043478261,4.0,8.75,0.7608695652173914,0.2391304347826087
discounted_lints,hybrid,z72_a0p5_hybrid_corr5_bsstablehie5_top10,2,39,8005,ETHUSDT,val,2000.0,-2.485387017469931,5.047325397809333,101,0.7970187162165409,True,0.354,0.202,0.20199999999999996,0.798,0.798,0.795,10.0,4.0,7.00990099009901,4.0,7.0,0.801980198019802,0.19801980198019803
discounted_lints,hybrid,z72_a0p5_hybrid_corr5_bsstablehie5_top10,2,39,8005,ETHUSDT,val_first,,-0.036397383125974514,2.149089655524594,45,0.9843664818905582,True,,,,,,,13.0,4.0,7.888888888888889,4.0,8.0,0.7555555555555555,0.24444444444444444
discounted_lints,hybrid,z72_a0p5_hybrid_corr5_bsstablehie5_top10,2,39,8005,ETHUSDT,val_second,,-2.449881327036696,4.473109081627468,55,0.7250062452450371,True,,,,,,,8.5,4.0,6.345454545454546,4.0,7.0,0.8363636363636363,0.16363636363636364
discounted_lints,hybrid,z72_a0p5_hybrid_corr5_bsstablehie5_top10,2,39,8005,SOLUSDT,val,2000.0,-3.488552638578757,4.537521134046307,46,0.5963775589076133,True,0.184,0.092,0.09199999999999997,0.908,0.908,0.903,14.0,4.0,8.0,4.0,8.0,0.782608695652174,0.21739130434782608
discounted_lints,hybrid,z72_a0p5_hybrid_corr5_bsstablehie5_top10,2,39,8005,SOLUSDT,val_first,,-0.6223847731027798,2.4144071674015666,16,0.755841904094738,True,,,,,,,12.0,5.5,10.0,4.0,8.5,0.75,0.25
discounted_lints,hybrid,z72_a0p5_hybrid_corr5_bsstablehie5_top10,2,39,8005,SOLUSDT,val_second,,-2.884118177853223,4.096940362545043,30,0.5155539788653482,True,,,,,,,14.0,4.0,6.933333333333334,4.0,7.75,0.8,0.2
discounted_lints,hybrid,z72_a0p5_hybrid_corr5_bsstablehie5_top10,2,39,8006,BTCUSDT,val,2000.0,-3.302278848876117,5.01209080966275,116,0.6961313017754096,True,0.3195,0.2315,0.23150000000000004,0.7685,0.7685,0.767,10.0,4.0,5.508620689655173,4.0,5.0,0.9051724137931034,0.09482758620689655
discounted_lints,hybrid,z72_a0p5_hybrid_corr5_bsstablehie5_top10,2,39,8006,BTCUSDT,val_first,,-1.5310929273297802,3.2913712786551974,43,0.6290641249657158,True,,,,,,,18.0,4.0,5.930232558139535,4.0,6.0,0.8837209302325582,0.11627906976744186
discounted_lints,hybrid,z72_a0p5_hybrid_corr5_bsstablehie5_top10,2,39,8006,BTCUSDT,val_second,,-1.7987260894844703,3.1832504694396135,73,0.7355120957055267,True,,,,,,,7.0,4.0,5.260273972602739,4.0,4.0,0.9178082191780822,0.0821917808219178
discounted_lints,hybrid,z72_a0p5_hybrid_corr5_bsstablehie5_top10,2,39,8006,ETHUSDT,val,2000.0,-1.7530313771272565,5.592469884885576,79,0.8147234497030849,True,0.298,0.1575,0.15749999999999997,0.8425,0.8425,0.841,10.0,4.0,7.544303797468355,4.0,5.5,0.8227848101265823,0.17721518987341772
discounted_lints,hybrid,z72_a0p5_hybrid_corr5_bsstablehie5_top10,2,39,8006,ETHUSDT,val_first,,-1.8231000638709416,2.7229730539495733,28,0.571556367229639,True,,,,,,,30.0,4.0,8.785714285714286,4.0,7.25,0.7857142857142857,0.21428571428571427
discounted_lints,hybrid,z72_a0p5_hybrid_corr5_bsstablehie5_top10,2,39,8006,ETHUSDT,val_second,,0.0713698301629595,5.208108017481972,51,0.9505568314565904,True,,,,,,,7.5,4.0,6.862745098039215,4.0,5.0,0.8431372549019608,0.1568627450980392
discounted_lints,hybrid,z72_a0p5_hybrid_corr5_bsstablehie5_top10,2,39,8006,SOLUSDT,val,2000.0,-2.3035034790012454,4.493433202187857,92,0.8028939582392548,True,0.27,0.184,0.18400000000000005,0.816,0.816,0.813,10.0,4.0,5.869565217391305,4.0,5.0,0.9239130434782609,0.07608695652173914
discounted_lints,hybrid,z72_a0p5_hybrid_corr5_bsstablehie5_top10,2,39,8006,SOLUSDT,val_first,,-1.0099997743532096,4.229344114286615,40,0.8060446428353204,True,,,,,,,12.0,4.0,7.025,4.0,6.0,0.875,0.125
discounted_lints,hybrid,z72_a0p5_hybrid_corr5_bsstablehie5_top10,2,39,8006,SOLUSDT,val_second,,-1.3067013856950416,4.493433202187857,52,0.7998992908714674,True,,,,,,,10.0,4.0,4.980769230769231,4.0,4.0,0.9615384615384616,0.038461538461538464
discounted_lints,hybrid,z72_a0p5_hybrid_corr5_bsstablehie5_top10,2,39,8007,BTCUSDT,val,2000.0,-2.9691383740392374,5.833653347949063,101,0.702255722320969,True,0.292,0.2015,0.2015,0.7985,0.7985,0.7955,11.0,4.0,5.782178217821782,4.0,6.0,0.9306930693069307,0.06930693069306931
discounted_lints,hybrid,z72_a0p5_hybrid_corr5_bsstablehie5_top10,2,39,8007,BTCUSDT,val_first,,1.9877072398311268,1.24079605987929,34,1.748993174584728,True,,,,,,,13.0,4.0,5.352941176470588,4.0,6.0,0.9411764705882353,0.058823529411764705
discounted_lints,hybrid,z72_a0p5_hybrid_corr5_bsstablehie5_top10,2,39,8007,BTCUSDT,val_second,,-4.860238305204756,5.252255975311382,67,0.3973491004770077,True,,,,,,,10.5,4.0,6.0,4.0,7.0,0.9253731343283582,0.07462686567164178
discounted_lints,hybrid,z72_a0p5_hybrid_corr5_bsstablehie5_top10,2,39,8007,ETHUSDT,val,2000.0,-4.338117780266815,5.511800338205108,79,0.6171099549845488,True,0.264,0.1575,0.15749999999999997,0.8425,0.8425,0.839,9.5,4.0,6.6835443037974684,4.0,5.5,0.8354430379746836,0.16455696202531644
discounted_lints,hybrid,z72_a0p5_hybrid_corr5_bsstablehie5_top10,2,39,8007,ETHUSDT,val_first,,-1.5323664312468233,3.165210619644676,27,0.6272829734055717,True,,,,,,,12.0,4.0,7.2592592592592595,4.0,8.0,0.8518518518518519,0.14814814814814814
discounted_lints,hybrid,z72_a0p5_hybrid_corr5_bsstablehie5_top10,2,39,8007,ETHUSDT,val_second,,-2.849414825289698,4.681090411924826,51,0.6253283874221166,True,,,,,,,7.0,4.0,6.431372549019608,4.0,4.5,0.8235294117647058,0.17647058823529413
discounted_lints,hybrid,z72_a0p5_hybrid_corr5_bsstablehie5_top10,2,39,8007,SOLUSDT,val,2000.0,-1.5236787942582541,3.558334889721726,52,0.7946879889250745,True,0.1955,0.104,0.10399999999999998,0.896,0.896,0.891,15.0,4.0,7.519230769230769,4.0,7.25,0.8461538461538461,0.15384615384615385
discounted_lints,hybrid,z72_a0p5_hybrid_corr5_bsstablehie5_top10,2,39,8007,SOLUSDT,val_first,,0.3859348865213219,3.5110149063175666,22,1.0277410267330827,True,,,,,,,18.0,4.5,8.681818181818182,4.0,8.0,0.8181818181818182,0.18181818181818182
discounted_lints,hybrid,z72_a0p5_hybrid_corr5_bsstablehie5_top10,2,39,8007,SOLUSDT,val_second,,-1.9022721489203254,3.558334889721726,30,0.6622990000706566,True,,,,,,,13.0,4.0,6.666666666666667,4.0,5.75,0.8666666666666667,0.13333333333333333
discounted_lints,hybrid,z72_a0p5_hybrid_corr5_bsstablehie5_top10,2,39,8008,BTCUSDT,val,2000.0,-1.7386636234931863,3.040970032039425,75,0.8152916656838055,True,0.281,0.1515,0.15149999999999997,0.8485,0.8485,0.8435,12.0,4.0,7.1466666666666665,4.0,7.5,0.7866666666666666,0.21333333333333335
discounted_lints,hybrid,z72_a0p5_hybrid_corr5_bsstablehie5_top10,2,39,8008,BTCUSDT,val_first,,1.0733612033227313,1.0745118474112747,21,1.5524214301386974,True,,,,,,,27.0,5.0,8.285714285714286,4.0,10.0,0.7142857142857143,0.2857142857142857
discounted_lints,hybrid,z72_a0p5_hybrid_corr5_bsstablehie5_top10,2,39,8008,BTCUSDT,val_second,,-2.7821621773902905,2.8363807728525647,54,0.6278857328446694,True,,,,,,,11.0,4.0,6.703703703703703,4.0,6.0,0.8148148148148148,0.18518518518518517
discounted_lints,hybrid,z72_a0p5_hybrid_corr5_bsstablehie5_top10,2,39,8008,ETHUSDT,val,2000.0,0.4662648132101488,3.949209880085469,83,0.9861437958904473,True,0.301,0.1655,0.16549999999999998,0.8345,0.8345,0.833,9.0,4.0,7.253012048192771,4.0,8.0,0.7951807228915663,0.20481927710843373
discounted_lints,hybrid,z72_a0p5_hybrid_corr5_bsstablehie5_top10,2,39,8008,ETHUSDT,val_first,,-0.4960058014612745,2.2552404503158874,33,0.8379369326398172,True,,,,,,,18.5,6.0,9.030303030303031,4.0,10.0,0.696969696969697,0.30303030303030304
discounted_lints,hybrid,z72_a0p5_hybrid_corr5_bsstablehie5_top10,2,39,8008,ETHUSDT,val_second,,0.9670673247060169,3.3727669811845162,50,1.0568370824160782,True,,,,,,,8.0,4.0,6.08,4.0,6.75,0.86,0.14
discounted_lints,hybrid,z72_a0p5_hybrid_corr5_bsstablehie5_top10,2,39,8008,SOLUSDT,val,2000.0,-0.022413611998761684,4.3127381835204925,76,0.9292981200156382,True,0.217,0.152,0.15200000000000002,0.848,0.848,0.843,10.0,4.0,5.7105263157894735,4.0,4.0,0.9078947368421053,0.09210526315789473
discounted_lints,hybrid,z72_a0p5_hybrid_corr5_bsstablehie5_top10,2,39,8008,SOLUSDT,val_first,,3.345779254382464,2.81737868840658,42,1.4485008401092374,True,,,,,,,12.0,4.0,5.5,4.0,4.0,0.9285714285714286,0.07142857142857142
discounted_lints,hybrid,z72_a0p5_hybrid_corr5_bsstablehie5_top10,2,39,8008,SOLUSDT,val_second,,-3.259148937365419,4.3127381835204925,34,0.5301259440034356,True,,,,,,,10.0,4.0,5.970588235294118,4.0,4.0,0.8823529411764706,0.11764705882352941
discounted_lints,hybrid,z72_a0p5_hybrid_corr5_bsstablehie5_top10,2,39,8009,BTCUSDT,val,2000.0,0.8532273002913593,2.772636848122978,83,1.0556637846343744,True,0.318,0.1655,0.16549999999999998,0.8345,0.8345,0.833,13.0,5.0,7.662650602409639,4.0,8.0,0.7710843373493976,0.2289156626506024
discounted_lints,hybrid,z72_a0p5_hybrid_corr5_bsstablehie5_top10,2,39,8009,BTCUSDT,val_first,,1.875472128577682,1.5698476169661912,27,1.8046508882504517,True,,,,,,,14.5,5.0,7.962962962962963,4.0,8.5,0.7777777777777778,0.2222222222222222
discounted_lints,hybrid,z72_a0p5_hybrid_corr5_bsstablehie5_top10,2,39,8009,BTCUSDT,val_second,,-1.0034258560256193,2.5659679338745467,56,0.8175753107938112,True,,,,,,,10.0,4.0,7.517857142857143,4.0,7.25,0.7678571428571429,0.23214285714285715
discounted_lints,hybrid,z72_a0p5_hybrid_corr5_bsstablehie5_top10,2,39,8009,ETHUSDT,val,2000.0,-4.7675075577564785,9.618225098515342,79,0.6253047144889939,True,0.3025,0.1575,0.15749999999999997,0.8425,0.8425,0.841,10.0,4.0,7.658227848101266,4.0,8.0,0.7721518987341772,0.22784810126582278
discounted_lints,hybrid,z72_a0p5_hybrid_corr5_bsstablehie5_top10,2,39,8009,ETHUSDT,val_first,,-3.952336946817181,4.128376267538469,30,0.2051104203294988,True,,,,,,,24.0,4.0,9.566666666666666,4.0,13.75,0.6666666666666666,0.3333333333333333
discounted_lints,hybrid,z72_a0p5_hybrid_corr5_bsstablehie5_top10,2,39,8009,ETHUSDT,val_second,,-0.8487146745964291,5.923621549787461,49,0.8413815959849632,True,,,,,,,9.0,4.0,6.489795918367347,4.0,7.0,0.8367346938775511,0.16326530612244897
discounted_lints,hybrid,z72_a0p5_hybrid_corr5_bsstablehie5_top10,2,39,8009,SOLUSDT,val,2000.0,-10.503399323664864,12.236936433146406,130,0.5663365265888204,True,0.4915,0.26,0.26,0.74,0.74,0.737,11.0,4.0,7.561538461538461,4.0,7.0,0.8538461538461538,0.14615384615384616
discounted_lints,hybrid,z72_a0p5_hybrid_corr5_bsstablehie5_top10,2,39,8009,SOLUSDT,val_first,,-0.6228186852872519,3.8332138892907652,71,0.8867124038395011,True,,,,,,,9.0,4.0,8.52112676056338,4.0,7.5,0.8169014084507042,0.18309859154929578
discounted_lints,hybrid,z72_a0p5_hybrid_corr5_bsstablehie5_top10,2,39,8009,SOLUSDT,val_second,,-9.942504413651342,10.373260707851307,59,0.3151826410085517,True,,,,,,,11.5,4.0,6.406779661016949,4.0,6.5,0.8983050847457628,0.1016949152542373
discounted_lints,hybrid,z72_a0p5_hybrid_corr5_bsstablehie5_top10,2,39,8010,BTCUSDT,val,2000.0,0.8135809394527405,3.281022937119382,49,1.103740368484807,True,0.2275,0.098,0.09799999999999998,0.902,0.902,0.8995,14.0,5.0,9.26530612244898,4.0,10.0,0.7142857142857143,0.2857142857142857
discounted_lints,hybrid,z72_a0p5_hybrid_corr5_bsstablehie5_top10,2,39,8010,BTCUSDT,val_first,,1.0830408071744513,0.9514611482097424,13,2.166300448110439,True,,,,,,,32.5,7.0,10.846153846153847,5.0,13.0,0.6153846153846154,0.38461538461538464
discounted_lints,hybrid,z72_a0p5_hybrid_corr5_bsstablehie5_top10,2,39,8010,BTCUSDT,val_second,,-0.2665727757791836,3.0513768917427186,36,0.9031918045872737,True,,,,,,,12.5,4.5,8.694444444444445,4.0,8.5,0.75,0.25
discounted_lints,hybrid,z72_a0p5_hybrid_corr5_bsstablehie5_top10,2,39,8010,ETHUSDT,val,2000.0,-3.224298707787565,4.285550654279035,71,0.699103048086873,True,0.2925,0.1415,0.14149999999999996,0.8585,0.8585,0.855,13.0,4.0,8.23943661971831,4.0,8.0,0.7746478873239436,0.22535211267605634
discounted_lints,hybrid,z72_a0p5_hybrid_corr5_bsstablehie5_top10,2,39,8010,ETHUSDT,val_first,,-1.9336313129818317,3.5705114947928163,29,0.5515061972978803,True,,,,,,,15.5,4.0,8.89655172413793,4.0,12.0,0.7241379310344828,0.27586206896551724
discounted_lints,hybrid,z72_a0p5_hybrid_corr5_bsstablehie5_top10,2,39,8010,ETHUSDT,val_second,,-1.3161162303510388,3.6448897764705723,42,0.78525536359749,True,,,,,,,9.0,4.0,7.785714285714286,4.0,7.75,0.8095238095238095,0.19047619047619047
discounted_lints,hybrid,z72_a0p5_hybrid_corr5_bsstablehie5_top10,2,39,8010,SOLUSDT,val,2000.0,-7.902355158633611,10.26592940740807,142,0.6672333928104055,True,0.491,0.2855,0.2855,0.7145,0.7145,0.711,9.0,4.0,6.887323943661972,4.0,6.0,0.8873239436619719,0.11267605633802817
discounted_lints,hybrid,z72_a0p5_hybrid_corr5_bsstablehie5_top10,2,39,8010,SOLUSDT,val_first,,-1.214336033094554,4.937594307639959,68,0.846957176971393,True,,,,,,,9.0,4.0,8.294117647058824,4.0,7.25,0.8382352941176471,0.16176470588235295
discounted_lints,hybrid,z72_a0p5_hybrid_corr5_bsstablehie5_top10,2,39,8010,SOLUSDT,val_second,,-6.770232498290074,7.982387089712462,74,0.5086125996254597,True,,,,,,,9.0,4.0,5.594594594594595,4.0,5.0,0.9324324324324325,0.06756756756756757
discounted_lints,hybrid,z72_a0p5_hybrid_corr5_bsstablehie5_top10,2,39,8011,BTCUSDT,val,2000.0,-6.435013810235635,7.774400612325483,97,0.5167154425571937,True,0.434,0.1935,0.1935,0.8065,0.8065,0.8035,14.0,4.0,8.948453608247423,4.0,9.0,0.7525773195876289,0.24742268041237114
discounted_lints,hybrid,z72_a0p5_hybrid_corr5_bsstablehie5_top10,2,39,8011,BTCUSDT,val_first,,-2.425923745088243,4.957053516680821,56,0.6457157470762435,True,,,,,,,12.0,4.0,8.214285714285714,4.0,10.0,0.7321428571428571,0.26785714285714285
discounted_lints,hybrid,z72_a0p5_hybrid_corr5_bsstablehie5_top10,2,39,8011,BTCUSDT,val_second,,-4.1087655851065,5.240189765910452,41,0.37140170821025453,True,,,,,,,17.0,5.0,9.951219512195122,4.0,8.0,0.7804878048780488,0.21951219512195122
discounted_lints,hybrid,z72_a0p5_hybrid_corr5_bsstablehie5_top10,2,39,8011,ETHUSDT,val,2000.0,-5.167491503073207,7.31089397754523,71,0.5910427949103444,True,0.3035,0.1415,0.14149999999999996,0.8585,0.8585,0.857,13.0,4.0,8.549295774647888,4.0,9.5,0.7464788732394366,0.2535211267605634
discounted_lints,hybrid,z72_a0p5_hybrid_corr5_bsstablehie5_top10,2,39,8011,ETHUSDT,val_first,,-3.5240721933287533,4.157491106225953,31,0.31958694050087005,True,,,,,,,16.0,4.0,8.32258064516129,4.0,9.0,0.7419354838709677,0.25806451612903225
discounted_lints,hybrid,z72_a0p5_hybrid_corr5_bsstablehie5_top10,2,39,8011,ETHUSDT,val_second,,-1.7034501218145537,5.240674012468006,40,0.7554939733944349,True,,,,,,,11.0,4.5,8.725,4.0,9.25,0.75,0.25
discounted_lints,hybrid,z72_a0p5_hybrid_corr5_bsstablehie5_top10,2,39,8011,SOLUSDT,val,2000.0,-4.452498786605153,6.054533686085084,86,0.6615880887215317,True,0.259,0.172,0.17200000000000004,0.828,0.828,0.825,12.0,4.0,6.023255813953488,4.0,4.0,0.9069767441860465,0.09302325581395349
discounted_lints,hybrid,z72_a0p5_hybrid_corr5_bsstablehie5_top10,2,39,8011,SOLUSDT,val_first,,0.05171017136200717,3.5027841080831235,42,0.9626970730560821,True,,,,,,,17.0,4.0,6.9523809523809526,4.0,5.0,0.9047619047619048,0.09523809523809523
discounted_lints,hybrid,z72_a0p5_hybrid_corr5_bsstablehie5_top10,2,39,8011,SOLUSDT,val_second,,-4.501881027573296,5.413804912456721,44,0.4258287755743956,True,,,,,,,11.0,4.0,5.136363636363637,4.0,4.0,0.9090909090909091,0.09090909090909091
discounted_lints,hybrid,z72_a0p5_hybrid_corr5_bsstablehie5_top10,2,39,8012,BTCUSDT,val,2000.0,0.3364126115825261,2.160272526209539,73,1.0639637950355694,True,0.299,0.1475,0.14749999999999996,0.8525,0.8525,0.8475,11.0,4.0,7.835616438356165,4.0,7.0,0.821917808219178,0.1780821917808219
discounted_lints,hybrid,z72_a0p5_hybrid_corr5_bsstablehie5_top10,2,39,8012,BTCUSDT,val_first,,1.1835059898974487,1.186701152851355,25,1.4325677605185296,True,,,,,,,15.5,5.0,8.48,4.0,7.0,0.76,0.24
discounted_lints,hybrid,z72_a0p5_hybrid_corr5_bsstablehie5_top10,2,39,8012,BTCUSDT,val_second,,-0.8371852408430192,1.9275182371782495,48,0.8967382730481864,True,,,,,,,11.0,4.0,7.5,4.0,7.0,0.8541666666666666,0.14583333333333334
discounted_lints,hybrid,z72_a0p5_hybrid_corr5_bsstablehie5_top10,2,39,8012,ETHUSDT,val,2000.0,-3.849783175160615,7.226423693790618,79,0.6828400124030831,True,0.2955,0.1575,0.15749999999999997,0.8425,0.8425,0.841,12.5,4.0,7.481012658227848,4.0,9.0,0.7721518987341772,0.22784810126582278
discounted_lints,hybrid,z72_a0p5_hybrid_corr5_bsstablehie5_top10,2,39,8012,ETHUSDT,val_first,,-3.808921410461219,4.3163867456221805,37,0.2920548268814338,True,,,,,,,13.0,4.0,6.756756756756757,4.0,7.0,0.8648648648648649,0.13513513513513514
discounted_lints,hybrid,z72_a0p5_hybrid_corr5_bsstablehie5_top10,2,39,8012,ETHUSDT,val_second,,-0.042479786377846995,4.99381610013192,42,0.9343770501821494,True,,,,,,,12.0,4.0,8.119047619047619,4.0,11.0,0.6904761904761905,0.30952380952380953
discounted_lints,hybrid,z72_a0p5_hybrid_corr5_bsstablehie5_top10,2,39,8012,SOLUSDT,val,2000.0,-6.874376740668298,7.74190803618795,169,0.703844498175918,True,0.3675,0.3395,0.3395,0.6605,0.6605,0.659,8.0,4.0,4.325443786982248,4.0,4.0,0.9822485207100592,0.01775147928994083
discounted_lints,hybrid,z72_a0p5_hybrid_corr5_bsstablehie5_top10,2,39,8012,SOLUSDT,val_first,,-1.3354116535526872,2.984620100907187,87,0.8474637482347488,True,,,,,,,8.0,4.0,4.252873563218391,4.0,4.0,0.9770114942528736,0.022988505747126436
discounted_lints,hybrid,z72_a0p5_hybrid_corr5_bsstablehie5_top10,2,39,8012,SOLUSDT,val_second,,-5.613934218897554,6.5285841252709425,82,0.5911791749638947,True,,,,,,,8.0,4.0,4.402439024390244,4.0,4.0,0.9878048780487805,0.012195121951219513
discounted_lints,hybrid,z72_a0p5_hybrid_corr5_bsstablehie5_top10,2,39,8013,BTCUSDT,val,2000.0,-1.590820249968472,4.186092341779091,54,0.7791348862390115,True,0.256,0.1095,0.10950000000000004,0.8905,0.8905,0.8855,19.0,4.0,8.833333333333334,4.0,8.0,0.8333333333333334,0.16666666666666666
discounted_lints,hybrid,z72_a0p5_hybrid_corr5_bsstablehie5_top10,2,39,8013,BTCUSDT,val_first,,1.2059502260612254,0.9718884498813085,24,1.6818021710337525,True,,,,,,,28.0,4.5,7.458333333333333,4.0,7.5,0.8333333333333334,0.16666666666666666
discounted_lints,hybrid,z72_a0p5_hybrid_corr5_bsstablehie5_top10,2,39,8013,BTCUSDT,val_second,,-2.7634447083226044,3.9400389297242655,30,0.4783222533267288,True,,,,,,,10.5,4.0,9.933333333333334,4.0,8.0,0.8333333333333334,0.16666666666666666
discounted_lints,hybrid,z72_a0p5_hybrid_corr5_bsstablehie5_top10,2,39,8013,ETHUSDT,val,2000.0,-5.565419755567991,6.236733733290711,79,0.5798867888387516,True,0.304,0.1575,0.15749999999999997,0.8425,0.8425,0.839,10.0,4.0,7.69620253164557,4.0,7.0,0.7848101265822784,0.21518987341772153
discounted_lints,hybrid,z72_a0p5_hybrid_corr5_bsstablehie5_top10,2,39,8013,ETHUSDT,val_first,,-3.760392871457119,3.9980364318775385,34,0.38330328885759807,True,,,,,,,9.5,4.0,8.147058823529411,4.0,7.0,0.7941176470588235,0.20588235294117646
discounted_lints,hybrid,z72_a0p5_hybrid_corr5_bsstablehie5_top10,2,39,8013,ETHUSDT,val_second,,-1.8755551253445746,3.7794623659594184,45,0.7290831765089213,True,,,,,,,10.5,4.0,7.355555555555555,4.0,8.0,0.7777777777777778,0.2222222222222222
discounted_lints,hybrid,z72_a0p5_hybrid_corr5_bsstablehie5_top10,2,39,8013,SOLUSDT,val,2000.0,-7.727665041370457,9.035369542489702,100,0.580568724845739,True,0.2705,0.2,0.19999999999999996,0.8,0.8,0.797,10.0,4.0,5.41,4.0,4.0,0.93,0.07
discounted_lints,hybrid,z72_a0p5_hybrid_corr5_bsstablehie5_top10,2,39,8013,SOLUSDT,val_first,,-3.572487081813036,4.5657111733260365,59,0.6444896848816183,True,,,,,,,8.5,4.0,5.47457627118644,4.0,4.0,0.9322033898305084,0.06779661016949153
discounted_lints,hybrid,z72_a0p5_hybrid_corr5_bsstablehie5_top10,2,39,8013,SOLUSDT,val_second,,-4.309120741383055,6.878052798906409,41,0.4996116401196074,True,,,,,,,11.0,4.0,5.317073170731708,4.0,4.0,0.926829268292683,0.07317073170731707
discounted_lints,hybrid,z72_a0p5_hybrid_corr5_bsstablehie5_top10,2,39,8014,BTCUSDT,val,2000.0,-6.558627368024805,7.217948113953165,97,0.46471250340058456,True,0.2975,0.1935,0.1935,0.8065,0.8065,0.8015,11.0,4.0,6.134020618556701,4.0,5.0,0.8969072164948454,0.10309278350515463
discounted_lints,hybrid,z72_a0p5_hybrid_corr5_bsstablehie5_top10,2,39,8014,BTCUSDT,val_first,,-3.6163541222691165,4.47489818641108,43,0.4003765032537882,True,,,,,,,12.5,4.0,5.6976744186046515,4.0,5.5,0.9069767441860465,0.09302325581395349
discounted_lints,hybrid,z72_a0p5_hybrid_corr5_bsstablehie5_top10,2,39,8014,BTCUSDT,val_second,,-3.0526685507291984,3.784798754627239,54,0.5244963431343792,True,,,,,,,9.0,4.0,6.481481481481482,4.0,5.0,0.8888888888888888,0.1111111111111111
discounted_lints,hybrid,z72_a0p5_hybrid_corr5_bsstablehie5_top10,2,39,8014,ETHUSDT,val,2000.0,-6.904041752236001,8.214345335565898,79,0.48607623032635267,True,0.3045,0.1575,0.15749999999999997,0.8425,0.8425,0.839,13.5,4.0,7.708860759493671,4.0,7.0,0.7974683544303798,0.20253164556962025
discounted_lints,hybrid,z72_a0p5_hybrid_corr5_bsstablehie5_top10,2,39,8014,ETHUSDT,val_first,,-2.876264234317105,3.7545752423605694,33,0.39250207347401006,True,,,,,,,18.5,4.0,7.606060606060606,4.0,7.0,0.7878787878787878,0.21212121212121213
discounted_lints,hybrid,z72_a0p5_hybrid_corr5_bsstablehie5_top10,2,39,8014,ETHUSDT,val_second,,-4.147057859920212,5.520854127494179,46,0.5329597413694113,True,,,,,,,11.0,4.0,7.782608695652174,4.0,7.0,0.8043478260869565,0.1956521739130435
discounted_lints,hybrid,z72_a0p5_hybrid_corr5_bsstablehie5_top10,2,39,8014,SOLUSDT,val,2000.0,-0.48356720302484835,2.8380319760559436,50,0.8840181053417877,True,0.1805,0.1,0.09999999999999998,0.9,0.9,0.895,16.0,4.0,7.22,4.0,8.0,0.78,0.22
discounted_lints,hybrid,z72_a0p5_hybrid_corr5_bsstablehie5_top10,2,39,8014,SOLUSDT,val_first,,-0.7533486866344363,2.4144071674016,20,0.7436263777776091,True,,,,,,,16.0,4.0,7.05,4.0,7.75,0.75,0.25
discounted_lints,hybrid,z72_a0p5_hybrid_corr5_bsstablehie5_top10,2,39,8014,SOLUSDT,val_second,,0.27182930611711065,2.1894268407237516,30,0.9711987915370437,True,,,,,,,16.0,4.5,7.333333333333333,4.0,8.0,0.8,0.2
discounted_lints,hybrid,z72_a0p5_hybrid_corr5_bsstablehie5_top10,2,39,8015,BTCUSDT,val,2000.0,-2.6887294543878837,4.0769475044070465,72,0.7112014684355049,True,0.259,0.1455,0.14549999999999996,0.8545,0.8545,0.8495,13.0,4.0,6.833333333333333,4.0,6.0,0.8055555555555556,0.19444444444444445
discounted_lints,hybrid,z72_a0p5_hybrid_corr5_bsstablehie5_top10,2,39,8015,BTCUSDT,val_first,,-0.6533668746952825,1.623603610154345,24,0.6740872635895051,True,,,,,,,19.0,5.0,6.916666666666667,4.0,7.75,0.75,0.25
discounted_lints,hybrid,z72_a0p5_hybrid_corr5_bsstablehie5_top10,2,39,8015,BTCUSDT,val_second,,-2.048748423235869,2.93307314110125,48,0.7231361379175734,True,,,,,,,12.0,4.0,6.791666666666667,4.0,5.25,0.8333333333333334,0.16666666666666666
discounted_lints,hybrid,z72_a0p5_hybrid_corr5_bsstablehie5_top10,2,39,8015,ETHUSDT,val,2000.0,0.6129091273004539,3.578969455356873,81,1.0058100117237323,True,0.332,0.1615,0.16149999999999998,0.8385,0.8385,0.835,13.0,5.0,8.197530864197532,4.0,10.0,0.7283950617283951,0.2716049382716049
discounted_lints,hybrid,z72_a0p5_hybrid_corr5_bsstablehie5_top10,2,39,8015,ETHUSDT,val_first,,-1.2112781545855045,2.8967892153484165,36,0.7088416470409556,True,,,,,,,20.0,6.0,9.972222222222221,4.0,14.0,0.6111111111111112,0.3888888888888889
discounted_lints,hybrid,z72_a0p5_hybrid_corr5_bsstablehie5_top10,2,39,8015,ETHUSDT,val_second,,1.846554189394678,2.396722274103691,45,1.2324730418198686,True,,,,,,,10.5,4.0,6.777777777777778,4.0,8.0,0.8222222222222222,0.17777777777777778
discounted_lints,hybrid,z72_a0p5_hybrid_corr5_bsstablehie5_top10,2,39,8015,SOLUSDT,val,2000.0,-7.97309649033121,8.895978460402887,111,0.5546326242954477,True,0.283,0.222,0.22199999999999998,0.778,0.778,0.775,9.5,4.0,5.099099099099099,4.0,4.0,0.9459459459459459,0.05405405405405406
discounted_lints,hybrid,z72_a0p5_hybrid_corr5_bsstablehie5_top10,2,39,8015,SOLUSDT,val_first,,-2.728085185611051,3.6169546398650554,62,0.695476231347171,True,,,,,,,9.0,4.0,4.983870967741935,4.0,4.0,0.9516129032258065,0.04838709677419355
discounted_lints,hybrid,z72_a0p5_hybrid_corr5_bsstablehie5_top10,2,39,8015,SOLUSDT,val_second,,-5.392112733391263,6.295571926480726,49,0.40155370477064006,True,,,,,,,12.5,4.0,5.244897959183674,4.0,4.0,0.9387755102040817,0.061224489795918366
discounted_lints,hybrid,z72_a0p5_hybrid_corr5_bsstablehie5_top10,2,39,8016,BTCUSDT,val,2000.0,-1.076524315576477,2.6941418439325737,103,0.8568451729278143,True,0.3125,0.2055,0.20550000000000002,0.7945,0.7945,0.7895,10.0,4.0,6.067961165048544,4.0,5.0,0.8737864077669902,0.1262135922330097
discounted_lints,hybrid,z72_a0p5_hybrid_corr5_bsstablehie5_top10,2,39,8016,BTCUSDT,val_first,,0.5822251301187409,1.1868200172183818,36,1.1503049884897665,True,,,,,,,14.0,5.0,6.416666666666667,4.0,7.25,0.8055555555555556,0.19444444444444445
discounted_lints,hybrid,z72_a0p5_hybrid_corr5_bsstablehie5_top10,2,39,8016,BTCUSDT,val_second,,-1.6491476933915172,2.474123822141694,67,0.7164140169327807,True,,,,,,,9.0,4.0,5.880597014925373,4.0,4.5,0.9104477611940298,0.08955223880597014
discounted_lints,hybrid,z72_a0p5_hybrid_corr5_bsstablehie5_top10,2,39,8016,ETHUSDT,val,2000.0,-6.707281227864604,8.42179619481158,65,0.40689028782855147,True,0.2955,0.1295,0.12949999999999995,0.8705,0.8705,0.869,15.5,4.0,9.092307692307692,4.0,11.0,0.7076923076923077,0.2923076923076923
discounted_lints,hybrid,z72_a0p5_hybrid_corr5_bsstablehie5_top10,2,39,8016,ETHUSDT,val_first,,-3.1193956158511615,3.7061524587611028,26,0.3518671611826804,True,,,,,,,17.0,5.0,9.076923076923077,4.0,10.75,0.6923076923076923,0.3076923076923077
discounted_lints,hybrid,z72_a0p5_hybrid_corr5_bsstablehie5_top10,2,39,8016,ETHUSDT,val_second,,-3.703409608993391,5.473129129062293,39,0.44484827084249046,True,,,,,,,13.0,4.0,9.102564102564102,4.0,12.5,0.717948717948718,0.28205128205128205
discounted_lints,hybrid,z72_a0p5_hybrid_corr5_bsstablehie5_top10,2,39,8016,SOLUSDT,val,2000.0,1.383371061782479,2.555516072618924,45,1.1101721282055095,True,0.1565,0.09,0.08999999999999997,0.91,0.91,0.905,12.5,4.0,6.955555555555556,4.0,8.0,0.8222222222222222,0.17777777777777778
discounted_lints,hybrid,z72_a0p5_hybrid_corr5_bsstablehie5_top10,2,39,8016,SOLUSDT,val_first,,0.47473667883892734,2.555516072618924,18,1.1256045625194133,True,,,,,,,12.0,6.0,6.666666666666667,4.0,7.75,0.8888888888888888,0.1111111111111111
discounted_lints,hybrid,z72_a0p5_hybrid_corr5_bsstablehie5_top10,2,39,8016,SOLUSDT,val_second,,0.9043411438319549,2.1894268407237405,27,1.101592528777793,True,,,,,,,12.5,4.0,7.148148148148148,4.0,7.5,0.7777777777777778,0.2222222222222222
discounted_lints,hybrid,z72_a0p5_hybrid_corr5_bsstablehie5_top10,2,39,8017,BTCUSDT,val,2000.0,-4.092995792350418,6.213493794827151,59,0.4538334640383826,True,0.2245,0.1195,0.11950000000000005,0.8805,0.8805,0.8755,14.0,4.0,6.423728813559322,4.0,6.0,0.864406779661017,0.13559322033898305
discounted_lints,hybrid,z72_a0p5_hybrid_corr5_bsstablehie5_top10,2,39,8017,BTCUSDT,val_first,,-1.1709872104831653,1.7168577040015176,23,0.5401556062265048,True,,,,,,,15.0,4.0,5.304347826086956,4.0,4.5,0.9130434782608695,0.08695652173913043
discounted_lints,hybrid,z72_a0p5_hybrid_corr5_bsstablehie5_top10,2,39,8017,BTCUSDT,val_second,,-2.956630345069289,4.645165569322662,36,0.41178163256231276,True,,,,,,,13.0,4.0,7.138888888888889,4.0,8.0,0.8333333333333334,0.16666666666666666
discounted_lints,hybrid,z72_a0p5_hybrid_corr5_bsstablehie5_top10,2,39,8017,ETHUSDT,val,2000.0,-4.502874605233432,6.777314485836627,82,0.645713590784417,True,0.3055,0.1635,0.16349999999999998,0.8365,0.8365,0.833,11.0,4.0,7.451219512195122,4.0,8.0,0.8170731707317073,0.18292682926829268
discounted_lints,hybrid,z72_a0p5_hybrid_corr5_bsstablehie5_top10,2,39,8017,ETHUSDT,val_first,,-1.8222672095846049,2.866561081597918,39,0.6027374624970753,True,,,,,,,13.0,4.0,7.461538461538462,4.0,8.0,0.8205128205128205,0.1794871794871795
discounted_lints,hybrid,z72_a0p5_hybrid_corr5_bsstablehie5_top10,2,39,8017,ETHUSDT,val_second,,-2.7303618849818356,5.3109222162527665,43,0.6676086248933271,True,,,,,,,9.0,5.0,7.441860465116279,4.0,8.0,0.813953488372093,0.18604651162790697
discounted_lints,hybrid,z72_a0p5_hybrid_corr5_bsstablehie5_top10,2,39,8017,SOLUSDT,val,2000.0,-7.613642187356707,9.858272588306406,135,0.6433343325317171,True,0.48,0.2715,0.27149999999999996,0.7285,0.7285,0.7265,9.0,4.0,7.0814814814814815,4.0,6.0,0.8814814814814815,0.11851851851851852
discounted_lints,hybrid,z72_a0p5_hybrid_corr5_bsstablehie5_top10,2,39,8017,SOLUSDT,val_first,,0.016930251863866985,4.126956086278277,68,0.9359663226700125,True,,,,,,,9.0,4.0,8.073529411764707,4.0,7.0,0.8382352941176471,0.16176470588235295
discounted_lints,hybrid,z72_a0p5_hybrid_corr5_bsstablehie5_top10,2,39,8017,SOLUSDT,val_second,,-7.629280782768644,8.616686936112028,67,0.3868333459751568,True,,,,,,,9.0,4.0,6.074626865671642,4.0,5.0,0.9253731343283582,0.07462686567164178
discounted_lints,hybrid,z72_a0p5_hybrid_corr5_bsstablehie5_top10,2,39,8018,BTCUSDT,val,2000.0,-4.519802269884421,5.798785191815703,79,0.5766557460507641,True,0.273,0.1595,0.15949999999999998,0.8405,0.8405,0.8355,14.0,4.0,6.582278481012659,4.0,6.5,0.8734177215189873,0.12658227848101267
discounted_lints,hybrid,z72_a0p5_hybrid_corr5_bsstablehie5_top10,2,39,8018,BTCUSDT,val_first,,-1.0422773374360372,2.9980627557855355,36,0.7205851404446274,True,,,,,,,18.0,4.0,5.555555555555555,4.0,6.0,0.9166666666666666,0.08333333333333333
discounted_lints,hybrid,z72_a0p5_hybrid_corr5_bsstablehie5_top10,2,39,8018,BTCUSDT,val_second,,-3.514152143846727,4.854143220740981,43,0.4849452750872509,True,,,,,,,12.0,4.0,7.441860465116279,4.0,8.0,0.8372093023255814,0.16279069767441862
discounted_lints,hybrid,z72_a0p5_hybrid_corr5_bsstablehie5_top10,2,39,8018,ETHUSDT,val,2000.0,-5.827931223475257,8.905987535945526,62,0.5088739553981518,True,0.284,0.1235,0.12350000000000005,0.8765,0.8765,0.875,15.0,5.0,9.161290322580646,4.0,9.0,0.7741935483870968,0.22580645161290322
discounted_lints,hybrid,z72_a0p5_hybrid_corr5_bsstablehie5_top10,2,39,8018,ETHUSDT,val_first,,-3.4214566680476954,3.5012750084048805,29,0.3121627182739477,True,,,,,,,24.5,5.0,10.172413793103448,4.0,15.0,0.6206896551724138,0.3793103448275862
discounted_lints,hybrid,z72_a0p5_hybrid_corr5_bsstablehie5_top10,2,39,8018,ETHUSDT,val_second,,-2.4917279474346743,5.8364626972053575,33,0.6302554853538767,True,,,,,,,10.5,4.0,8.272727272727273,4.0,7.0,0.9090909090909091,0.09090909090909091
discounted_lints,hybrid,z72_a0p5_hybrid_corr5_bsstablehie5_top10,2,39,8018,SOLUSDT,val,2000.0,-10.121324319953152,11.916821474559436,150,0.6357523522467201,True,0.5455,0.3015,0.3015,0.6985,0.6985,0.697,9.0,4.0,7.246666666666667,4.0,6.0,0.8466666666666667,0.15333333333333332
discounted_lints,hybrid,z72_a0p5_hybrid_corr5_bsstablehie5_top10,2,39,8018,SOLUSDT,val_first,,-0.6836922454500072,4.9495434256038084,66,0.8863205653914836,True,,,,,,,11.0,4.5,9.287878787878787,4.0,9.0,0.7727272727272727,0.22727272727272727
discounted_lints,hybrid,z72_a0p5_hybrid_corr5_bsstablehie5_top10,2,39,8018,SOLUSDT,val_second,,-9.502600618044799,10.702452326718081,84,0.45811147777685096,True,,,,,,,7.5,4.0,5.642857142857143,4.0,4.25,0.9047619047619048,0.09523809523809523
discounted_lints,hybrid,z72_a0p5_hybrid_corr5_bsstablehie5_top10,2,39,8019,BTCUSDT,val,2000.0,-1.6872978586124354,2.8625839730382463,92,0.8335017396803992,True,0.2925,0.1855,0.1855,0.8145,0.8145,0.8095,12.0,4.0,6.076086956521739,4.0,5.25,0.8586956521739131,0.14130434782608695
discounted_lints,hybrid,z72_a0p5_hybrid_corr5_bsstablehie5_top10,2,39,8019,BTCUSDT,val_first,,-0.028724608268360097,1.2565182172168732,33,0.9625802980773899,True,,,,,,,16.5,4.0,5.787878787878788,4.0,6.0,0.8484848484848485,0.15151515151515152
discounted_lints,hybrid,z72_a0p5_hybrid_corr5_bsstablehie5_top10,2,39,8019,BTCUSDT,val_second,,-1.6590498059018022,2.2689805224205495,59,0.7719373974646262,True,,,,,,,10.0,4.0,6.237288135593221,4.0,4.0,0.864406779661017,0.13559322033898305
discounted_lints,hybrid,z72_a0p5_hybrid_corr5_bsstablehie5_top10,2,39,8019,ETHUSDT,val,2000.0,-1.2570755668680378,6.605184928102625,110,0.8665925705147131,True,0.3,0.2195,0.21950000000000003,0.7805,0.7805,0.779,8.0,4.0,5.454545454545454,4.0,5.0,0.9454545454545454,0.05454545454545454
discounted_lints,hybrid,z72_a0p5_hybrid_corr5_bsstablehie5_top10,2,39,8019,ETHUSDT,val_first,,-0.9514343585323659,2.2568409498806785,57,0.8240882807504087,True,,,,,,,9.0,4.0,5.684210526315789,4.0,5.0,0.9298245614035088,0.07017543859649122
discounted_lints,hybrid,z72_a0p5_hybrid_corr5_bsstablehie5_top10,2,39,8019,ETHUSDT,val_second,,-0.30857711704985746,5.588045331926628,53,0.8945886510676491,True,,,,,,,7.5,4.0,5.2075471698113205,4.0,5.0,0.9622641509433962,0.03773584905660377
discounted_lints,hybrid,z72_a0p5_hybrid_corr5_bsstablehie5_top10,2,39,8019,SOLUSDT,val,2000.0,-6.469023348992176,7.776562871581172,114,0.6116134357557378,True,0.239,0.228,0.22799999999999998,0.772,0.772,0.769,9.0,4.0,4.192982456140351,4.0,4.0,0.9912280701754386,0.008771929824561403
discounted_lints,hybrid,z72_a0p5_hybrid_corr5_bsstablehie5_top10,2,39,8019,SOLUSDT,val_first,,-1.1054099347722834,2.456189748242543,47,0.7991069152549408,True,,,,,,,11.0,4.0,4.085106382978723,4.0,4.0,1.0,0.0
discounted_lints,hybrid,z72_a0p5_hybrid_corr5_bsstablehie5_top10,2,39,8019,SOLUSDT,val_second,,-5.423566052179629,6.058962331117545,67,0.5025704719031081,True,,,,,,,7.0,4.0,4.268656716417911,4.0,4.0,0.9850746268656716,0.014925373134328358
discounted_lints,hybrid,z72_a0p5_hybrid_corr5_bsstablehie5_top10,2,39,8020,BTCUSDT,val,2000.0,-2.676962224001489,3.9476731298042855,70,0.6907667329030045,True,0.2315,0.1415,0.14149999999999996,0.8585,0.8585,0.8535,10.0,4.0,6.242857142857143,4.0,6.0,0.8428571428571429,0.15714285714285714
discounted_lints,hybrid,z72_a0p5_hybrid_corr5_bsstablehie5_top10,2,39,8020,BTCUSDT,val_first,,0.022035918757334905,1.110856409691141,19,0.9868795246841698,True,,,,,,,20.0,4.0,6.631578947368421,4.0,7.0,0.7894736842105263,0.21052631578947367
discounted_lints,hybrid,z72_a0p5_hybrid_corr5_bsstablehie5_top10,2,39,8020,BTCUSDT,val_second,,-2.69840352475037,3.1520713798068978,51,0.6124148279702291,True,,,,,,,9.0,4.0,6.098039215686274,4.0,5.5,0.8627450980392157,0.13725490196078433
discounted_lints,hybrid,z72_a0p5_hybrid_corr5_bsstablehie5_top10,2,39,8020,ETHUSDT,val,2000.0,-6.636478439576255,8.17284232472224,98,0.5397455818962215,True,0.334,0.1955,0.1955,0.8045,0.8045,0.801,10.0,4.0,6.816326530612245,4.0,7.0,0.826530612244898,0.17346938775510204
discounted_lints,hybrid,z72_a0p5_hybrid_corr5_bsstablehie5_top10,2,39,8020,ETHUSDT,val_first,,-3.154811771920718,4.218491676657776,42,0.46917009047624353,True,,,,,,,14.0,4.5,7.738095238095238,4.0,7.75,0.7857142857142857,0.21428571428571427
discounted_lints,hybrid,z72_a0p5_hybrid_corr5_bsstablehie5_top10,2,39,8020,ETHUSDT,val_second,,-3.595084826987882,5.700065047394376,56,0.5869011264288432,True,,,,,,,8.0,4.0,6.125,4.0,6.0,0.8571428571428571,0.14285714285714285
discounted_lints,hybrid,z72_a0p5_hybrid_corr5_bsstablehie5_top10,2,39,8020,SOLUSDT,val,2000.0,-2.6570490539810643,4.243884083127558,53,0.6925095068316731,True,0.208,0.106,0.10599999999999998,0.894,0.894,0.889,17.5,4.0,7.849056603773585,4.0,8.0,0.8113207547169812,0.18867924528301888
discounted_lints,hybrid,z72_a0p5_hybrid_corr5_bsstablehie5_top10,2,39,8020,SOLUSDT,val_first,,0.28019785841642,3.371423290815523,18,1.0136480025543873,True,,,,,,,24.0,6.5,10.61111111111111,4.0,12.75,0.7222222222222222,0.2777777777777778
discounted_lints,hybrid,z72_a0p5_hybrid_corr5_bsstablehie5_top10,2,39,8020,SOLUSDT,val_second,,-2.9290398055900613,3.7145913443579315,35,0.5623617653062645,True,,,,,,,13.5,4.0,6.428571428571429,4.0,4.0,0.8571428571428571,0.14285714285714285
discounted_lints,hybrid,z72_a0p5_hybrid_corr5_bsstablehie5_top10,2,39,8021,BTCUSDT,val,2000.0,-2.1740011487407007,4.457070278856367,64,0.6725317943110779,True,0.2875,0.1295,0.12949999999999995,0.8705,0.8705,0.8655,20.0,4.0,7.390625,4.0,7.25,0.84375,0.15625
discounted_lints,hybrid,z72_a0p5_hybrid_corr5_bsstablehie5_top10,2,39,8021,BTCUSDT,val_first,,0.8292276880848215,1.0503549414778934,37,1.2407233778756572,True,,,,,,,18.0,4.0,6.054054054054054,4.0,6.0,0.8918918918918919,0.10810810810810811
discounted_lints,hybrid,z72_a0p5_hybrid_corr5_bsstablehie5_top10,2,39,8021,BTCUSDT,val_second,,-2.978530041027394,3.8673152825797863,27,0.30187011832222227,True,,,,,,,20.0,4.0,9.222222222222221,4.0,8.5,0.7777777777777778,0.2222222222222222
discounted_lints,hybrid,z72_a0p5_hybrid_corr5_bsstablehie5_top10,2,39,8021,ETHUSDT,val,2000.0,-1.5899095899855276,4.770166040567569,82,0.8339107995000687,True,0.3125,0.1635,0.16349999999999998,0.8365,0.8365,0.835,12.0,4.0,7.621951219512195,4.0,7.75,0.7926829268292683,0.2073170731707317
discounted_lints,hybrid,z72_a0p5_hybrid_corr5_bsstablehie5_top10,2,39,8021,ETHUSDT,val_first,,-2.6109106489042633,3.0091621970832927,37,0.5548080310316095,True,,,,,,,11.0,4.0,7.324324324324325,4.0,5.0,0.8378378378378378,0.16216216216216217
discounted_lints,hybrid,z72_a0p5_hybrid_corr5_bsstablehie5_top10,2,39,8021,ETHUSDT,val_second,,1.0483731450018574,3.484118410149717,45,1.0449554289773844,True,,,,,,,13.0,4.0,7.866666666666666,4.0,9.0,0.7555555555555555,0.24444444444444444
discounted_lints,hybrid,z72_a0p5_hybrid_corr5_bsstablehie5_top10,2,39,8021,SOLUSDT,val,2000.0,-1.4757562217418418,3.5001703955481522,37,0.7608283570578985,True,0.1775,0.074,0.07399999999999995,0.926,0.926,0.921,20.5,4.0,9.594594594594595,4.0,11.0,0.7027027027027027,0.2972972972972973
discounted_lints,hybrid,z72_a0p5_hybrid_corr5_bsstablehie5_top10,2,39,8021,SOLUSDT,val_first,,-1.5447815550939215,3.244999523883263,15,0.49810191639188295,True,,,,,,,15.0,5.0,10.533333333333333,4.0,11.0,0.6666666666666666,0.3333333333333333
discounted_lints,hybrid,z72_a0p5_hybrid_corr5_bsstablehie5_top10,2,39,8021,SOLUSDT,val_second,,0.0701083542775427,2.6440304587005303,22,0.945156260622986,True,,,,,,,25.0,4.0,8.954545454545455,4.0,13.5,0.7272727272727273,0.2727272727272727
discounted_lints,hybrid,z72_a0p5_hybrid_corr5_bsstablehie5_top10,2,39,8022,BTCUSDT,val,2000.0,-2.376237260770031,3.2081939284496652,110,0.8055551866478637,True,0.316,0.2215,0.22150000000000003,0.7785,0.7785,0.7735,10.0,4.0,5.509090909090909,4.0,5.0,0.9090909090909091,0.09090909090909091
discounted_lints,hybrid,z72_a0p5_hybrid_corr5_bsstablehie5_top10,2,39,8022,BTCUSDT,val_first,,-0.935145946102689,3.178664236205686,39,0.7686554365823057,True,,,,,,,12.5,4.0,5.230769230769231,4.0,5.0,0.9230769230769231,0.07692307692307693
discounted_lints,hybrid,z72_a0p5_hybrid_corr5_bsstablehie5_top10,2,39,8022,BTCUSDT,val_second,,-1.4546948344397626,2.319643988198794,71,0.8299465521788152,True,,,,,,,9.0,4.0,5.661971830985915,4.0,4.0,0.9014084507042254,0.09859154929577464
discounted_lints,hybrid,z72_a0p5_hybrid_corr5_bsstablehie5_top10,2,39,8022,ETHUSDT,val,2000.0,-2.9452194625950057,4.7116027029457275,75,0.7111030336388674,True,0.246,0.1495,0.14949999999999997,0.8505,0.8505,0.847,10.0,4.0,6.56,4.0,6.5,0.8533333333333334,0.14666666666666667
discounted_lints,hybrid,z72_a0p5_hybrid_corr5_bsstablehie5_top10,2,39,8022,ETHUSDT,val_first,,-0.9470378132161228,2.781292734715479,29,0.7193739062397824,True,,,,,,,11.5,4.0,6.344827586206897,4.0,4.0,0.8620689655172413,0.13793103448275862
discounted_lints,hybrid,z72_a0p5_hybrid_corr5_bsstablehie5_top10,2,39,8022,ETHUSDT,val_second,,-2.017286111657024,4.7116027029457275,46,0.7071668004582675,True,,,,,,,10.0,4.0,6.695652173913044,4.0,8.0,0.8478260869565217,0.15217391304347827
discounted_lints,hybrid,z72_a0p5_hybrid_corr5_bsstablehie5_top10,2,39,8022,SOLUSDT,val,2000.0,-7.832329238207681,13.695093550189409,157,0.7016631924701671,True,0.628,0.3155,0.3155,0.6845,0.6845,0.6815,9.0,4.0,7.974522292993631,4.0,8.0,0.802547770700637,0.19745222929936307
discounted_lints,hybrid,z72_a0p5_hybrid_corr5_bsstablehie5_top10,2,39,8022,SOLUSDT,val_first,,4.075709782264081,3.285842633422953,70,1.2778500891674236,True,,,,,,,8.0,4.0,10.014285714285714,4.0,9.0,0.7857142857142857,0.21428571428571427
discounted_lints,hybrid,z72_a0p5_hybrid_corr5_bsstablehie5_top10,2,39,8022,SOLUSDT,val_second,,-11.441708200102084,13.695093550189409,87,0.3983650905771206,True,,,,,,,9.0,4.0,6.333333333333333,4.0,7.0,0.8160919540229885,0.1839080459770115
discounted_lints,hybrid,z72_a0p5_hybrid_corr5_bsstablehie5_top10,2,39,8023,BTCUSDT,val,2000.0,-2.1188042744166857,3.500045470116153,51,0.6542732194940349,True,0.2595,0.1015,0.10150000000000003,0.8985,0.8985,0.8935,20.5,5.0,10.176470588235293,4.0,12.0,0.6862745098039216,0.3137254901960784
discounted_lints,hybrid,z72_a0p5_hybrid_corr5_bsstablehie5_top10,2,39,8023,BTCUSDT,val_first,,0.22658983667267485,1.286428289307917,20,1.0899079787546766,True,,,,,,,22.0,7.5,9.75,5.0,13.25,0.55,0.45
discounted_lints,hybrid,z72_a0p5_hybrid_corr5_bsstablehie5_top10,2,39,8023,BTCUSDT,val_second,,-2.3400917011257905,3.500045470116153,31,0.5043193073242399,True,,,,,,,16.5,5.0,10.451612903225806,4.0,9.0,0.7741935483870968,0.22580645161290322
discounted_lints,hybrid,z72_a0p5_hybrid_corr5_bsstablehie5_top10,2,39,8023,ETHUSDT,val,2000.0,-4.348547471976771,6.357887488737301,79,0.6452291337748066,True,0.3115,0.1575,0.15749999999999997,0.8425,0.8425,0.839,11.5,4.0,7.886075949367089,4.0,9.0,0.7721518987341772,0.22784810126582278
discounted_lints,hybrid,z72_a0p5_hybrid_corr5_bsstablehie5_top10,2,39,8023,ETHUSDT,val_first,,-2.075537168336783,3.091764448554457,37,0.548816733207191,True,,,,,,,13.0,4.0,7.972972972972973,4.0,9.0,0.7837837837837838,0.21621621621621623
discounted_lints,hybrid,z72_a0p5_hybrid_corr5_bsstablehie5_top10,2,39,8023,ETHUSDT,val_second,,-2.3211874111042197,5.831981423052424,42,0.6951966409387438,True,,,,,,,11.0,4.0,7.809523809523809,4.0,8.75,0.7619047619047619,0.23809523809523808
discounted_lints,hybrid,z72_a0p5_hybrid_corr5_bsstablehie5_top10,2,39,8023,SOLUSDT,val,2000.0,-2.504024083842493,4.510213610171987,49,0.7022998219852604,True,0.216,0.098,0.09799999999999998,0.902,0.902,0.8975,13.5,4.0,8.816326530612244,4.0,10.0,0.7346938775510204,0.2653061224489796
discounted_lints,hybrid,z72_a0p5_hybrid_corr5_bsstablehie5_top10,2,39,8023,SOLUSDT,val_first,,-0.49122493990572114,2.957988345216278,13,0.7842853506365705,True,,,,,,,22.0,9.0,13.153846153846153,4.0,13.0,0.5384615384615384,0.46153846153846156
discounted_lints,hybrid,z72_a0p5_hybrid_corr5_bsstablehie5_top10,2,39,8023,SOLUSDT,val_second,,-2.0227353243181034,4.347302160559718,36,0.6667334099108708,True,,,,,,,11.0,4.0,7.25,4.0,8.0,0.8055555555555556,0.19444444444444445
discounted_lints,hybrid,z72_a0p5_hybrid_corr5_bsstablehie5_top10,2,39,8024,BTCUSDT,val,2000.0,-4.636713223226696,4.894288215605746,118,0.5559928515857894,True,0.3215,0.2355,0.23550000000000004,0.7645,0.7645,0.763,8.0,4.0,5.4491525423728815,4.0,4.0,0.8898305084745762,0.11016949152542373
discounted_lints,hybrid,z72_a0p5_hybrid_corr5_bsstablehie5_top10,2,39,8024,BTCUSDT,val_first,,-0.6688284477226136,1.619236896731513,30,0.714600749888123,True,,,,,,,15.0,4.0,7.133333333333334,4.0,8.75,0.7666666666666667,0.23333333333333334
discounted_lints,hybrid,z72_a0p5_hybrid_corr5_bsstablehie5_top10,2,39,8024,BTCUSDT,val_second,,-3.9946018087744006,4.422394471433688,88,0.5099201268941221,True,,,,,,,6.0,4.0,4.875,4.0,4.0,0.9318181818181818,0.06818181818181818
discounted_lints,hybrid,z72_a0p5_hybrid_corr5_bsstablehie5_top10,2,39,8024,ETHUSDT,val,2000.0,-2.5099034542935605,5.235480194327979,82,0.7726713577614152,True,0.318,0.1635,0.16349999999999998,0.8365,0.8365,0.833,10.0,4.0,7.7560975609756095,4.0,8.0,0.8048780487804879,0.1951219512195122
discounted_lints,hybrid,z72_a0p5_hybrid_corr5_bsstablehie5_top10,2,39,8024,ETHUSDT,val_first,,-1.3413394090549091,2.5645586357910033,40,0.7057550495300012,True,,,,,,,11.0,4.0,7.775,4.0,7.25,0.85,0.15
discounted_lints,hybrid,z72_a0p5_hybrid_corr5_bsstablehie5_top10,2,39,8024,ETHUSDT,val_second,,-1.1844515608049,5.09961741771785,42,0.8109294923021693,True,,,,,,,9.0,4.0,7.738095238095238,4.0,8.75,0.7619047619047619,0.23809523809523808
discounted_lints,hybrid,z72_a0p5_hybrid_corr5_bsstablehie5_top10,2,39,8024,SOLUSDT,val,2000.0,-1.3963377306894342,3.8106991422935166,62,0.8152016463433117,True,0.221,0.124,0.124,0.876,0.876,0.871,12.0,4.0,7.129032258064516,4.0,5.0,0.8225806451612904,0.1774193548387097
discounted_lints,hybrid,z72_a0p5_hybrid_corr5_bsstablehie5_top10,2,39,8024,SOLUSDT,val_first,,-0.4584769356556495,3.8106991422935166,23,0.8230393367551165,True,,,,,,,20.0,4.0,9.434782608695652,4.0,9.5,0.7391304347826086,0.2608695652173913
discounted_lints,hybrid,z72_a0p5_hybrid_corr5_bsstablehie5_top10,2,39,8024,SOLUSDT,val_second,,-0.9421804752048457,2.1709396957203864,39,0.8105834647952984,True,,,,,,,11.5,4.0,5.769230769230769,4.0,4.0,0.8717948717948718,0.1282051282051282
discounted_lints,hybrid,z72_a0p5_hybrid_corr5_bsstablehie5_top10,3,32,8000,BTCUSDT,val,2000.0,-0.4705190806740367,3.506679836227611,90,0.9107506699381888,True,0.2905,0.1795,0.1795,0.8205,0.8205,0.8155,12.0,4.0,6.455555555555556,4.0,5.0,0.8555555555555555,0.14444444444444443
discounted_lints,hybrid,z72_a0p5_hybrid_corr5_bsstablehie5_top10,3,32,8000,BTCUSDT,val_first,,0.4022225770319299,1.0441119118959952,31,1.1466919539648865,True,,,,,,,14.5,4.0,5.741935483870968,4.0,5.5,0.8387096774193549,0.16129032258064516
discounted_lints,hybrid,z72_a0p5_hybrid_corr5_bsstablehie5_top10,3,32,8000,BTCUSDT,val_second,,-0.8692453566317981,2.693295617234459,59,0.8364559241839534,True,,,,,,,9.0,4.0,6.830508474576271,4.0,4.0,0.864406779661017,0.13559322033898305
discounted_lints,hybrid,z72_a0p5_hybrid_corr5_bsstablehie5_top10,3,32,8000,ETHUSDT,val,2000.0,-5.213645627810037,7.138326728818245,72,0.5921458171709718,True,0.327,0.1435,0.14349999999999996,0.8565,0.8565,0.853,13.0,4.0,9.083333333333334,4.0,9.25,0.75,0.25
discounted_lints,hybrid,z72_a0p5_hybrid_corr5_bsstablehie5_top10,3,32,8000,ETHUSDT,val_first,,-1.4813763356781307,4.045308417723803,43,0.7273296016953751,True,,,,,,,11.5,4.0,7.488372093023256,4.0,7.0,0.8372093023255814,0.16279069767441862
discounted_lints,hybrid,z72_a0p5_hybrid_corr5_bsstablehie5_top10,3,32,8000,ETHUSDT,val_second,,-3.788389599157105,5.899538733167608,29,0.49117622022309526,True,,,,,,,14.5,7.0,11.448275862068966,4.0,14.0,0.6206896551724138,0.3793103448275862
discounted_lints,hybrid,z72_a0p5_hybrid_corr5_bsstablehie5_top10,3,32,8000,SOLUSDT,val,2000.0,-5.960280774581694,8.435213129454844,105,0.6441263733844619,True,0.317,0.21,0.20999999999999996,0.79,0.79,0.787,11.0,4.0,6.038095238095238,4.0,4.0,0.9142857142857143,0.08571428571428572
discounted_lints,hybrid,z72_a0p5_hybrid_corr5_bsstablehie5_top10,3,32,8000,SOLUSDT,val_first,,-2.8891794358826273,5.637320970786208,46,0.6525730246968442,True,,,,,,,17.0,4.0,7.108695652173913,4.0,6.5,0.8695652173913043,0.13043478260869565
discounted_lints,hybrid,z72_a0p5_hybrid_corr5_bsstablehie5_top10,3,32,8000,SOLUSDT,val_second,,-3.162470794561323,7.253686274714588,59,0.6357189198962774,True,,,,,,,7.5,4.0,5.203389830508475,4.0,4.0,0.9491525423728814,0.05084745762711865
discounted_lints,hybrid,z72_a0p5_hybrid_corr5_bsstablehie5_top10,3,32,8001,BTCUSDT,val,2000.0,-4.958777255666491,5.679962761664514,95,0.5482330432150029,True,0.3055,0.1895,0.1895,0.8105,0.8105,0.8055,12.0,4.0,6.431578947368421,4.0,6.0,0.8736842105263158,0.12631578947368421
discounted_lints,hybrid,z72_a0p5_hybrid_corr5_bsstablehie5_top10,3,32,8001,BTCUSDT,val_first,,-2.453188141789786,4.170100999397286,40,0.5290176011262768,True,,,,,,,14.0,4.0,5.975,4.0,6.25,0.9,0.1
discounted_lints,hybrid,z72_a0p5_hybrid_corr5_bsstablehie5_top10,3,32,8001,BTCUSDT,val_second,,-2.5686017473525724,3.2720392842731205,55,0.5654777560251328,True,,,,,,,10.5,4.0,6.763636363636364,4.0,5.0,0.8545454545454545,0.14545454545454545
discounted_lints,hybrid,z72_a0p5_hybrid_corr5_bsstablehie5_top10,3,32,8001,ETHUSDT,val,2000.0,-3.973630334947953,6.637884557450102,64,0.609317203548217,True,0.27,0.1275,0.12749999999999995,0.8725,0.8725,0.869,13.0,5.0,8.4375,4.0,10.25,0.71875,0.28125
discounted_lints,hybrid,z72_a0p5_hybrid_corr5_bsstablehie5_top10,3,32,8001,ETHUSDT,val_first,,-2.20042222769109,2.967677552053516,22,0.3892858897247727,True,,,,,,,26.0,7.0,10.636363636363637,5.0,13.75,0.5909090909090909,0.4090909090909091
discounted_lints,hybrid,z72_a0p5_hybrid_corr5_bsstablehie5_top10,3,32,8001,ETHUSDT,val_second,,-1.8131040518243768,4.662064487831685,41,0.7185469894481435,True,,,,,,,11.0,5.0,7.365853658536586,4.0,8.0,0.7804878048780488,0.21951219512195122
discounted_lints,hybrid,z72_a0p5_hybrid_corr5_bsstablehie5_top10,3,32,8001,SOLUSDT,val,2000.0,-2.9418725999898254,3.5181414630707453,46,0.658864076444196,True,0.187,0.092,0.09199999999999997,0.908,0.908,0.903,13.0,4.0,8.130434782608695,4.0,7.75,0.782608695652174,0.21739130434782608
discounted_lints,hybrid,z72_a0p5_hybrid_corr5_bsstablehie5_top10,3,32,8001,SOLUSDT,val_first,,-1.2899498369931428,2.6827061562879617,18,0.6254294001855008,True,,,,,,,12.0,4.0,9.722222222222221,4.0,9.25,0.7222222222222222,0.2777777777777778
discounted_lints,hybrid,z72_a0p5_hybrid_corr5_bsstablehie5_top10,3,32,8001,SOLUSDT,val_second,,-1.6735102051602002,2.576896178260868,28,0.6797852674771416,True,,,,,,,13.0,4.0,7.107142857142857,4.0,6.5,0.8214285714285714,0.17857142857142858
discounted_lints,hybrid,z72_a0p5_hybrid_corr5_bsstablehie5_top10,3,32,8002,BTCUSDT,val,2000.0,-2.276129267781246,3.955268872845119,97,0.7383734462161078,True,0.269,0.1935,0.1935,0.8065,0.8065,0.8045,10.0,4.0,5.546391752577319,4.0,5.0,0.9175257731958762,0.08247422680412371
discounted_lints,hybrid,z72_a0p5_hybrid_corr5_bsstablehie5_top10,3,32,8002,BTCUSDT,val_first,,-0.6360473843591286,1.7005068434884918,33,0.7897835093371627,True,,,,,,,10.5,4.0,5.03030303030303,4.0,4.0,0.9393939393939394,0.06060606060606061
discounted_lints,hybrid,z72_a0p5_hybrid_corr5_bsstablehie5_top10,3,32,8002,BTCUSDT,val_second,,-1.6505803566070565,3.123838996170336,64,0.7109808007721422,True,,,,,,,10.0,4.0,5.8125,4.0,5.0,0.90625,0.09375
discounted_lints,hybrid,z72_a0p5_hybrid_corr5_bsstablehie5_top10,3,32,8002,ETHUSDT,val,2000.0,-1.1158746046829982,5.259521865828698,81,0.8615060359341807,True,0.296,0.1615,0.16149999999999998,0.8385,0.8385,0.835,10.5,4.0,7.308641975308642,4.0,9.0,0.7654320987654321,0.2345679012345679
discounted_lints,hybrid,z72_a0p5_hybrid_corr5_bsstablehie5_top10,3,32,8002,ETHUSDT,val_first,,-1.48719463257031,2.7954292093745226,29,0.5898324533302455,True,,,,,,,16.0,7.0,9.724137931034482,4.0,12.0,0.6206896551724138,0.3793103448275862
discounted_lints,hybrid,z72_a0p5_hybrid_corr5_bsstablehie5_top10,3,32,8002,ETHUSDT,val_second,,0.3769256458613368,5.259521865828698,52,0.9709560688039817,True,,,,,,,8.0,4.0,5.961538461538462,4.0,5.25,0.8461538461538461,0.15384615384615385
discounted_lints,hybrid,z72_a0p5_hybrid_corr5_bsstablehie5_top10,3,32,8002,SOLUSDT,val,2000.0,-3.9364573442110196,4.844258280441894,90,0.6988594896670743,True,0.256,0.18,0.18000000000000005,0.82,0.82,0.817,12.0,4.0,5.688888888888889,4.0,4.0,0.8888888888888888,0.1111111111111111
discounted_lints,hybrid,z72_a0p5_hybrid_corr5_bsstablehie5_top10,3,32,8002,SOLUSDT,val_first,,-0.8456487008634661,3.902298999680387,45,0.8302146162170332,True,,,,,,,12.0,4.0,6.155555555555556,4.0,4.0,0.8666666666666667,0.13333333333333333
discounted_lints,hybrid,z72_a0p5_hybrid_corr5_bsstablehie5_top10,3,32,8002,SOLUSDT,val_second,,-3.117168942009374,4.064242981046451,45,0.5951007406754742,True,,,,,,,12.5,4.0,5.222222222222222,4.0,4.0,0.9111111111111111,0.08888888888888889
discounted_lints,hybrid,z72_a0p5_hybrid_corr5_bsstablehie5_top10,3,32,8003,BTCUSDT,val,2000.0,-4.214864939073082,5.268553034402467,68,0.5335372566054182,True,0.251,0.1375,0.13749999999999996,0.8625,0.8625,0.8575,14.0,4.0,7.0,4.0,7.25,0.8529411764705882,0.14705882352941177
discounted_lints,hybrid,z72_a0p5_hybrid_corr5_bsstablehie5_top10,3,32,8003,BTCUSDT,val_first,,-1.0130457110061664,1.7967152857554236,27,0.5764442124830597,True,,,,,,,12.0,4.0,6.666666666666667,4.0,7.5,0.8518518518518519,0.14814814814814814
discounted_lints,hybrid,z72_a0p5_hybrid_corr5_bsstablehie5_top10,3,32,8003,BTCUSDT,val_second,,-3.2345870736856464,3.8282879568334427,41,0.5163017616054494,True,,,,,,,15.0,4.0,7.219512195121951,4.0,7.0,0.8536585365853658,0.14634146341463414
discounted_lints,hybrid,z72_a0p5_hybrid_corr5_bsstablehie5_top10,3,32,8003,ETHUSDT,val,2000.0,0.07935111325827471,2.6289900131401756,85,0.9638458455278057,True,0.28,0.1695,0.16949999999999998,0.8305,0.8305,0.829,10.0,4.0,6.588235294117647,4.0,7.0,0.8470588235294118,0.15294117647058825
discounted_lints,hybrid,z72_a0p5_hybrid_corr5_bsstablehie5_top10,3,32,8003,ETHUSDT,val_first,,-1.4369725750456475,2.6289900131401756,33,0.5483231721316888,True,,,,,,,14.5,4.0,6.787878787878788,4.0,8.0,0.8181818181818182,0.18181818181818182
discounted_lints,hybrid,z72_a0p5_hybrid_corr5_bsstablehie5_top10,3,32,8003,ETHUSDT,val_second,,1.5384305128598674,2.4107791053721517,52,1.1587769353342583,True,,,,,,,9.0,4.0,6.461538461538462,4.0,7.0,0.8653846153846154,0.1346153846153846
discounted_lints,hybrid,z72_a0p5_hybrid_corr5_bsstablehie5_top10,3,32,8003,SOLUSDT,val,2000.0,0.15451025755950365,3.9929742921670397,64,0.9567248502895354,True,0.221,0.128,0.128,0.872,0.872,0.869,11.0,4.0,6.90625,4.0,5.0,0.859375,0.140625
discounted_lints,hybrid,z72_a0p5_hybrid_corr5_bsstablehie5_top10,3,32,8003,SOLUSDT,val_first,,1.6383507964828459,2.4144071674015666,25,1.4154381746334004,True,,,,,,,11.5,4.0,8.36,4.0,7.0,0.84,0.16
discounted_lints,hybrid,z72_a0p5_hybrid_corr5_bsstablehie5_top10,3,32,8003,SOLUSDT,val_second,,-1.459921896897487,3.9588038654577606,39,0.7496960592027376,True,,,,,,,11.5,4.0,5.9743589743589745,4.0,4.5,0.8717948717948718,0.1282051282051282
discounted_lints,hybrid,z72_a0p5_hybrid_corr5_bsstablehie5_top10,3,32,8004,BTCUSDT,val,2000.0,-1.1685774566228546,2.798973029888163,43,0.7052552979687735,True,0.2335,0.0875,0.08750000000000002,0.9125,0.9125,0.9075,29.0,4.0,8.767441860465116,4.0,10.5,0.6976744186046512,0.3023255813953488
discounted_lints,hybrid,z72_a0p5_hybrid_corr5_bsstablehie5_top10,3,32,8004,BTCUSDT,val_first,,0.6626156826253116,1.0512150481742477,20,1.2918961570574519,True,,,,,,,31.0,5.0,7.75,4.0,10.75,0.7,0.3
discounted_lints,hybrid,z72_a0p5_hybrid_corr5_bsstablehie5_top10,3,32,8004,BTCUSDT,val_second,,-1.8191392373725357,2.53640472463571,23,0.36917080790445916,True,,,,,,,18.0,4.0,9.652173913043478,4.0,10.5,0.6956521739130435,0.30434782608695654
discounted_lints,hybrid,z72_a0p5_hybrid_corr5_bsstablehie5_top10,3,32,8004,ETHUSDT,val,2000.0,-3.5478148074264637,5.936061845269947,63,0.6362050460618467,True,0.303,0.1255,0.12549999999999994,0.8745,0.8745,0.871,14.5,4.0,9.619047619047619,4.0,11.5,0.6984126984126984,0.30158730158730157
discounted_lints,hybrid,z72_a0p5_hybrid_corr5_bsstablehie5_top10,3,32,8004,ETHUSDT,val_first,,-2.1571549730308726,3.1309236965246345,29,0.5056116175203599,True,,,,,,,15.0,4.0,8.448275862068966,4.0,10.0,0.6896551724137931,0.3103448275862069
discounted_lints,hybrid,z72_a0p5_hybrid_corr5_bsstablehie5_top10,3,32,8004,ETHUSDT,val_second,,-1.421319907462093,3.9156192542768364,34,0.7239584164041576,True,,,,,,,13.0,4.5,10.617647058823529,4.0,12.75,0.7058823529411765,0.29411764705882354
discounted_lints,hybrid,z72_a0p5_hybrid_corr5_bsstablehie5_top10,3,32,8004,SOLUSDT,val,2000.0,-3.532470122972664,3.682729232689541,47,0.6088006949536403,True,0.1975,0.094,0.09399999999999997,0.906,0.906,0.901,16.5,4.0,8.404255319148936,4.0,7.5,0.7872340425531915,0.2127659574468085
discounted_lints,hybrid,z72_a0p5_hybrid_corr5_bsstablehie5_top10,3,32,8004,SOLUSDT,val_first,,-0.8888815623930402,3.0373644169032765,15,0.7095380017774274,True,,,,,,,17.0,6.0,11.666666666666666,4.0,14.0,0.6666666666666666,0.3333333333333333
discounted_lints,hybrid,z72_a0p5_hybrid_corr5_bsstablehie5_top10,3,32,8004,SOLUSDT,val_second,,-2.6672976778521984,3.1086096657618967,32,0.5495950339842537,True,,,,,,,14.0,4.0,6.875,4.0,7.0,0.84375,0.15625
discounted_lints,hybrid,z72_a0p5_hybrid_corr5_bsstablehie5_top10,3,32,8005,BTCUSDT,val,2000.0,-1.3742364930574347,3.1088479185377382,55,0.7756166946129734,True,0.228,0.1115,0.11150000000000004,0.8885,0.8885,0.8835,13.0,4.0,6.454545454545454,4.0,6.5,0.8727272727272727,0.12727272727272726
discounted_lints,hybrid,z72_a0p5_hybrid_corr5_bsstablehie5_top10,3,32,8005,BTCUSDT,val_first,,-0.5192701176570447,1.652435173194211,20,0.7421136495587104,True,,,,,,,23.0,6.0,7.0,4.0,8.0,0.85,0.15
discounted_lints,hybrid,z72_a0p5_hybrid_corr5_bsstablehie5_top10,3,32,8005,BTCUSDT,val_second,,-0.8594291340760951,2.33076724690201,35,0.7889311589710171,True,,,,,,,11.0,4.0,6.142857142857143,4.0,5.0,0.8857142857142857,0.11428571428571428
discounted_lints,hybrid,z72_a0p5_hybrid_corr5_bsstablehie5_top10,3,32,8005,ETHUSDT,val,2000.0,-2.3816019226999052,4.241072544753221,77,0.7479429146739722,True,0.266,0.1535,0.15349999999999997,0.8465,0.8465,0.843,10.5,4.0,6.909090909090909,4.0,8.0,0.8311688311688312,0.16883116883116883
discounted_lints,hybrid,z72_a0p5_hybrid_corr5_bsstablehie5_top10,3,32,8005,ETHUSDT,val_first,,-1.9869439528042099,2.9986449521540504,31,0.44011603616379275,True,,,,,,,12.5,4.0,6.774193548387097,4.0,7.5,0.8387096774193549,0.16129032258064516
discounted_lints,hybrid,z72_a0p5_hybrid_corr5_bsstablehie5_top10,3,32,8005,ETHUSDT,val_second,,-0.4026585700028118,3.779322312973288,46,0.893889340619376,True,,,,,,,10.0,4.0,7.0,4.0,7.75,0.8260869565217391,0.17391304347826086
discounted_lints,hybrid,z72_a0p5_hybrid_corr5_bsstablehie5_top10,3,32,8005,SOLUSDT,val,2000.0,-1.489736424680177,2.8836035410843674,72,0.8240961962458551,True,0.2035,0.144,0.14400000000000002,0.856,0.856,0.851,11.0,4.0,5.652777777777778,4.0,5.0,0.9166666666666666,0.08333333333333333
discounted_lints,hybrid,z72_a0p5_hybrid_corr5_bsstablehie5_top10,3,32,8005,SOLUSDT,val_first,,-0.8915499413009842,2.84622483498006,30,0.7632136254854306,True,,,,,,,9.0,4.0,5.6,4.0,5.0,0.9,0.1
discounted_lints,hybrid,z72_a0p5_hybrid_corr5_bsstablehie5_top10,3,32,8005,SOLUSDT,val_second,,-0.6035675898724113,2.127914591700808,42,0.8616395101109564,True,,,,,,,12.0,4.0,5.690476190476191,4.0,5.0,0.9285714285714286,0.07142857142857142
discounted_lints,hybrid,z72_a0p5_hybrid_corr5_bsstablehie5_top10,3,32,8006,BTCUSDT,val,2000.0,-4.114842866998913,5.008839953001831,82,0.5662541676548941,True,0.2605,0.1655,0.16549999999999998,0.8345,0.8345,0.8295,10.0,4.0,6.036585365853658,4.0,5.0,0.8658536585365854,0.13414634146341464
discounted_lints,hybrid,z72_a0p5_hybrid_corr5_bsstablehie5_top10,3,32,8006,BTCUSDT,val_first,,-1.1002396571048512,1.87693678982922,27,0.534451230758205,True,,,,,,,19.5,4.0,5.777777777777778,4.0,5.5,0.8888888888888888,0.1111111111111111
discounted_lints,hybrid,z72_a0p5_hybrid_corr5_bsstablehie5_top10,3,32,8006,BTCUSDT,val_second,,-3.048140055589754,3.2689520355710378,55,0.5782010151612708,True,,,,,,,10.0,4.0,6.163636363636364,4.0,4.5,0.8545454545454545,0.14545454545454545
discounted_lints,hybrid,z72_a0p5_hybrid_corr5_bsstablehie5_top10,3,32,8006,ETHUSDT,val,2000.0,0.08004443015121598,3.4117583445426147,69,0.946038037817107,True,0.2845,0.1375,0.13749999999999996,0.8625,0.8625,0.859,12.0,5.0,8.246376811594203,4.0,10.0,0.7101449275362319,0.2898550724637681
discounted_lints,hybrid,z72_a0p5_hybrid_corr5_bsstablehie5_top10,3,32,8006,ETHUSDT,val_first,,-1.368866951040959,2.5481101157328823,23,0.6293648108602222,True,,,,,,,25.0,6.0,10.782608695652174,4.5,10.0,0.7391304347826086,0.2608695652173913
discounted_lints,hybrid,z72_a0p5_hybrid_corr5_bsstablehie5_top10,3,32,8006,ETHUSDT,val_second,,1.469020314785352,3.4117583445426147,46,1.1297525031110947,True,,,,,,,9.0,4.0,6.978260869565218,4.0,10.0,0.6956521739130435,0.30434782608695654
discounted_lints,hybrid,z72_a0p5_hybrid_corr5_bsstablehie5_top10,3,32,8006,SOLUSDT,val,2000.0,-5.565807315018856,5.5658073150198,42,0.4091991843551532,True,0.151,0.084,0.08399999999999996,0.916,0.916,0.911,11.0,5.0,7.190476190476191,4.0,8.75,0.8333333333333334,0.16666666666666666
discounted_lints,hybrid,z72_a0p5_hybrid_corr5_bsstablehie5_top10,3,32,8006,SOLUSDT,val_first,,-1.36585887044689,2.4144071674015666,21,0.5826397259036035,True,,,,,,,9.0,5.0,6.0476190476190474,4.0,8.0,0.9047619047619048,0.09523809523809523
discounted_lints,hybrid,z72_a0p5_hybrid_corr5_bsstablehie5_top10,3,32,8006,SOLUSDT,val_second,,-4.258108193039833,4.900817328969076,21,0.3172097747726251,True,,,,,,,16.5,5.0,8.333333333333334,4.0,9.0,0.7619047619047619,0.23809523809523808
discounted_lints,hybrid,z72_a0p5_hybrid_corr5_bsstablehie5_top10,3,32,8007,BTCUSDT,val,2000.0,-3.262655217936339,4.793197055720599,62,0.6266064700688262,True,0.274,0.1255,0.12549999999999994,0.8745,0.8745,0.8695,18.0,4.5,8.419354838709678,4.0,9.75,0.7419354838709677,0.25806451612903225
discounted_lints,hybrid,z72_a0p5_hybrid_corr5_bsstablehie5_top10,3,32,8007,BTCUSDT,val_first,,0.7588807391275765,1.3659655763731626,19,1.4661058589021154,True,,,,,,,26.0,9.0,9.842105263157896,4.5,13.5,0.5263157894736842,0.47368421052631576
discounted_lints,hybrid,z72_a0p5_hybrid_corr5_bsstablehie5_top10,3,32,8007,BTCUSDT,val_second,,-3.9912471511826197,4.475395234429547,43,0.44152008159866674,True,,,,,,,16.0,4.0,7.790697674418604,4.0,7.0,0.8372093023255814,0.16279069767441862
discounted_lints,hybrid,z72_a0p5_hybrid_corr5_bsstablehie5_top10,3,32,8007,ETHUSDT,val,2000.0,-6.543068024938547,8.294047141525596,73,0.5311871896231124,True,0.313,0.1455,0.14549999999999996,0.8545,0.8545,0.851,13.0,5.0,8.575342465753424,4.0,10.0,0.7397260273972602,0.2602739726027397
discounted_lints,hybrid,z72_a0p5_hybrid_corr5_bsstablehie5_top10,3,32,8007,ETHUSDT,val_first,,-3.9749422852725425,4.835094368805526,33,0.3105156387127905,True,,,,,,,16.0,4.0,8.0,4.0,9.0,0.7878787878787878,0.21212121212121213
discounted_lints,hybrid,z72_a0p5_hybrid_corr5_bsstablehie5_top10,3,32,8007,ETHUSDT,val_second,,-2.674432904060753,5.7861509669335565,40,0.6702853164286453,True,,,,,,,12.0,6.0,9.05,4.0,10.0,0.7,0.3
discounted_lints,hybrid,z72_a0p5_hybrid_corr5_bsstablehie5_top10,3,32,8007,SOLUSDT,val,2000.0,-0.7335402698382287,3.161588466419829,79,0.8822050549329912,True,0.228,0.158,0.15800000000000003,0.842,0.842,0.839,10.0,4.0,5.772151898734177,4.0,4.5,0.8987341772151899,0.10126582278481013
discounted_lints,hybrid,z72_a0p5_hybrid_corr5_bsstablehie5_top10,3,32,8007,SOLUSDT,val_first,,0.38100253371278203,2.746664564423129,50,0.9837956534378404,True,,,,,,,10.0,4.0,5.2,4.0,4.0,0.92,0.08
discounted_lints,hybrid,z72_a0p5_hybrid_corr5_bsstablehie5_top10,3,32,8007,SOLUSDT,val_second,,-1.1103124848516055,3.161588466419829,29,0.7176063983103944,True,,,,,,,11.5,4.0,6.758620689655173,4.0,5.0,0.8620689655172413,0.13793103448275862
discounted_lints,hybrid,z72_a0p5_hybrid_corr5_bsstablehie5_top10,3,32,8008,BTCUSDT,val,2000.0,-1.167762651098092,3.1654232058336285,76,0.8257045470617284,True,0.2265,0.152,0.15200000000000002,0.848,0.848,0.8455,8.5,4.0,5.947368421052632,4.0,6.0,0.8421052631578947,0.15789473684210525
discounted_lints,hybrid,z72_a0p5_hybrid_corr5_bsstablehie5_top10,3,32,8008,BTCUSDT,val_first,,-0.47143444561700276,1.477984597885429,13,0.6810479010003088,True,,,,,,,15.0,7.0,7.923076923076923,4.0,10.0,0.6153846153846154,0.38461538461538464
discounted_lints,hybrid,z72_a0p5_hybrid_corr5_bsstablehie5_top10,3,32,8008,BTCUSDT,val_second,,-0.6996264857254464,1.9930682430942648,63,0.8604114995872763,True,,,,,,,8.0,4.0,5.5396825396825395,4.0,4.0,0.8888888888888888,0.1111111111111111
discounted_lints,hybrid,z72_a0p5_hybrid_corr5_bsstablehie5_top10,3,32,8008,ETHUSDT,val,2000.0,-5.799090259451445,7.6477226997442305,79,0.5927882792498679,True,0.318,0.1575,0.15749999999999997,0.8425,0.8425,0.839,11.5,4.0,8.050632911392405,4.0,9.5,0.7468354430379747,0.25316455696202533
discounted_lints,hybrid,z72_a0p5_hybrid_corr5_bsstablehie5_top10,3,32,8008,ETHUSDT,val_first,,-3.7396999855707214,4.3535159028508685,35,0.36134197032928544,True,,,,,,,15.5,4.0,8.2,4.0,9.0,0.7428571428571429,0.2571428571428571
discounted_lints,hybrid,z72_a0p5_hybrid_corr5_bsstablehie5_top10,3,32,8008,ETHUSDT,val_second,,-2.139397314959568,5.4047851001699065,44,0.7332809125987135,True,,,,,,,9.0,4.5,7.931818181818182,4.0,9.25,0.75,0.25
discounted_lints,hybrid,z72_a0p5_hybrid_corr5_bsstablehie5_top10,3,32,8008,SOLUSDT,val,2000.0,-3.3788274396767237,4.452193865334064,59,0.6661226800017256,True,0.2105,0.118,0.118,0.882,0.882,0.877,17.5,4.0,7.135593220338983,4.0,5.0,0.7966101694915254,0.2033898305084746
discounted_lints,hybrid,z72_a0p5_hybrid_corr5_bsstablehie5_top10,3,32,8008,SOLUSDT,val_first,,0.08531568750544949,3.407573401657915,23,0.9551587680693626,True,,,,,,,23.0,4.0,8.91304347826087,4.0,10.5,0.6956521739130435,0.30434782608695654
discounted_lints,hybrid,z72_a0p5_hybrid_corr5_bsstablehie5_top10,3,32,8008,SOLUSDT,val_second,,-3.4611901889765817,4.305871328937883,36,0.5212862863746528,True,,,,,,,14.0,4.0,6.0,4.0,4.0,0.8611111111111112,0.1388888888888889
discounted_lints,hybrid,z72_a0p5_hybrid_corr5_bsstablehie5_top10,3,32,8009,BTCUSDT,val,2000.0,-1.4177086512379589,3.2186279942248763,63,0.8210521235224637,True,0.2505,0.1275,0.12749999999999995,0.8725,0.8725,0.8675,13.0,4.0,7.5396825396825395,4.0,7.0,0.8095238095238095,0.19047619047619047
discounted_lints,hybrid,z72_a0p5_hybrid_corr5_bsstablehie5_top10,3,32,8009,BTCUSDT,val_first,,0.2447982994591591,0.8462865329317504,20,1.1318041989718246,True,,,,,,,20.0,4.5,7.85,4.0,11.25,0.7,0.3
discounted_lints,hybrid,z72_a0p5_hybrid_corr5_bsstablehie5_top10,3,32,8009,BTCUSDT,val_second,,-1.6584471003979084,2.94651080692232,43,0.7317414624961884,True,,,,,,,11.0,4.0,7.395348837209302,4.0,6.0,0.8604651162790697,0.13953488372093023
discounted_lints,hybrid,z72_a0p5_hybrid_corr5_bsstablehie5_top10,3,32,8009,ETHUSDT,val,2000.0,-4.1338558211553185,6.247348764694172,74,0.6424407291151386,True,0.296,0.1475,0.14749999999999996,0.8525,0.8525,0.849,11.0,4.0,8.0,4.0,8.0,0.7972972972972973,0.20270270270270271
discounted_lints,hybrid,z72_a0p5_hybrid_corr5_bsstablehie5_top10,3,32,8009,ETHUSDT,val_first,,-1.941471726700461,3.325631414760577,30,0.508856662425798,True,,,,,,,14.0,4.0,7.733333333333333,4.0,10.5,0.7333333333333333,0.26666666666666666
discounted_lints,hybrid,z72_a0p5_hybrid_corr5_bsstablehie5_top10,3,32,8009,ETHUSDT,val_second,,-2.23579135141051,4.459179992256168,44,0.7043992474463786,True,,,,,,,9.0,4.0,8.181818181818182,4.0,7.0,0.8409090909090909,0.1590909090909091
discounted_lints,hybrid,z72_a0p5_hybrid_corr5_bsstablehie5_top10,3,32,8009,SOLUSDT,val,2000.0,-5.983610068437539,8.533654489191944,117,0.6850804185261723,True,0.433,0.234,0.23399999999999999,0.766,0.766,0.763,11.0,4.0,7.401709401709402,4.0,7.0,0.8547008547008547,0.1452991452991453
discounted_lints,hybrid,z72_a0p5_hybrid_corr5_bsstablehie5_top10,3,32,8009,SOLUSDT,val_first,,0.2930143435642574,3.1311680293992117,55,0.9551609001264678,True,,,,,,,15.0,4.0,9.218181818181819,4.0,8.5,0.7818181818181819,0.21818181818181817
discounted_lints,hybrid,z72_a0p5_hybrid_corr5_bsstablehie5_top10,3,32,8009,SOLUSDT,val_second,,-6.258286734209184,7.632276325785781,62,0.449079221722943,True,,,,,,,9.0,4.0,5.790322580645161,4.0,5.75,0.9193548387096774,0.08064516129032258
discounted_lints,hybrid,z72_a0p5_hybrid_corr5_bsstablehie5_top10,3,32,8010,BTCUSDT,val,2000.0,-0.9014453185770877,2.7883206354839762,74,0.8514594655955936,True,0.2455,0.1475,0.14749999999999996,0.8525,0.8525,0.8475,13.0,4.0,6.635135135135135,4.0,7.0,0.8378378378378378,0.16216216216216217
discounted_lints,hybrid,z72_a0p5_hybrid_corr5_bsstablehie5_top10,3,32,8010,BTCUSDT,val_first,,-0.6078976628659971,1.379222714642836,23,0.6959135691956486,True,,,,,,,22.5,5.0,6.869565217391305,4.0,9.0,0.782608695652174,0.21739130434782608
discounted_lints,hybrid,z72_a0p5_hybrid_corr5_bsstablehie5_top10,3,32,8010,BTCUSDT,val_second,,-0.2953430391434808,2.002504840570163,51,0.912939743081629,True,,,,,,,10.0,4.0,6.529411764705882,4.0,6.5,0.8627450980392157,0.13725490196078433
discounted_lints,hybrid,z72_a0p5_hybrid_corr5_bsstablehie5_top10,3,32,8010,ETHUSDT,val,2000.0,-6.851379243319144,7.975941072842508,71,0.4809510478394233,True,0.2775,0.1415,0.14149999999999996,0.8585,0.8585,0.855,13.0,4.0,7.816901408450704,4.0,8.0,0.8028169014084507,0.19718309859154928
discounted_lints,hybrid,z72_a0p5_hybrid_corr5_bsstablehie5_top10,3,32,8010,ETHUSDT,val_first,,-2.4801956989112695,2.7564722289745047,24,0.3559428550822439,True,,,,,,,16.0,4.0,8.75,4.0,8.25,0.7916666666666666,0.20833333333333334
discounted_lints,hybrid,z72_a0p5_hybrid_corr5_bsstablehie5_top10,3,32,8010,ETHUSDT,val_second,,-4.482354713214976,5.635517229878095,47,0.528392647049145,True,,,,,,,11.0,4.0,7.340425531914893,4.0,8.0,0.8085106382978723,0.19148936170212766
discounted_lints,hybrid,z72_a0p5_hybrid_corr5_bsstablehie5_top10,3,32,8010,SOLUSDT,val,2000.0,-3.1680544260075605,4.53362246740221,60,0.6699556809973767,True,0.1575,0.12,0.12,0.88,0.88,0.875,12.0,4.0,5.25,4.0,5.0,0.9,0.1
discounted_lints,hybrid,z72_a0p5_hybrid_corr5_bsstablehie5_top10,3,32,8010,SOLUSDT,val_first,,-0.4864818531416293,2.4144071674015666,22,0.8098322776596912,True,,,,,,,11.0,4.0,4.454545454545454,4.0,4.0,0.9545454545454546,0.045454545454545456
discounted_lints,hybrid,z72_a0p5_hybrid_corr5_bsstablehie5_top10,3,32,8010,SOLUSDT,val_second,,-2.6946817103868925,4.2073586383117645,38,0.611846734588078,True,,,,,,,12.0,4.0,5.7105263157894735,4.0,5.0,0.868421052631579,0.13157894736842105
discounted_lints,hybrid,z72_a0p5_hybrid_corr5_bsstablehie5_top10,3,32,8011,BTCUSDT,val,2000.0,-1.7771191282889065,4.148159185736111,69,0.8024036562030608,True,0.2675,0.1395,0.13949999999999996,0.8605,0.8605,0.8555,18.0,4.0,7.3768115942028984,4.0,8.0,0.855072463768116,0.14492753623188406
discounted_lints,hybrid,z72_a0p5_hybrid_corr5_bsstablehie5_top10,3,32,8011,BTCUSDT,val_first,,0.6723525046470558,1.5067531416888436,23,1.2606401836982493,True,,,,,,,25.0,6.0,7.043478260869565,4.0,8.0,0.8695652173913043,0.13043478260869565
discounted_lints,hybrid,z72_a0p5_hybrid_corr5_bsstablehie5_top10,3,32,8011,BTCUSDT,val_second,,-2.433112539833504,3.428038935854172,46,0.6236240025921388,True,,,,,,,14.0,4.0,7.543478260869565,4.0,7.0,0.8478260869565217,0.15217391304347827
discounted_lints,hybrid,z72_a0p5_hybrid_corr5_bsstablehie5_top10,3,32,8011,ETHUSDT,val,2000.0,-2.6994557480774173,5.08769555818408,66,0.7362313253539209,True,0.2585,0.1315,0.13149999999999995,0.8685,0.8685,0.865,11.0,4.0,7.833333333333333,4.0,8.0,0.7878787878787878,0.21212121212121213
discounted_lints,hybrid,z72_a0p5_hybrid_corr5_bsstablehie5_top10,3,32,8011,ETHUSDT,val_first,,-0.30491390720051026,2.1445620213976,21,0.8506690350946264,True,,,,,,,16.0,5.0,8.095238095238095,4.0,10.0,0.7142857142857143,0.2857142857142857
discounted_lints,hybrid,z72_a0p5_hybrid_corr5_bsstablehie5_top10,3,32,8011,ETHUSDT,val_second,,-2.401865462704933,4.238469884299012,45,0.7023539178965933,True,,,,,,,9.5,4.0,7.711111111111111,4.0,7.0,0.8222222222222222,0.17777777777777778
discounted_lints,hybrid,z72_a0p5_hybrid_corr5_bsstablehie5_top10,3,32,8011,SOLUSDT,val,2000.0,-3.7294887438863777,4.918942409896743,49,0.6013026460741308,True,0.2025,0.098,0.09799999999999998,0.902,0.902,0.897,16.5,4.0,8.26530612244898,4.0,9.0,0.7755102040816326,0.22448979591836735
discounted_lints,hybrid,z72_a0p5_hybrid_corr5_bsstablehie5_top10,3,32,8011,SOLUSDT,val_first,,-2.297961131402415,3.466425489592395,12,0.4168112130358643,True,,,,,,,28.0,5.0,13.083333333333334,4.0,14.75,0.5833333333333334,0.4166666666666667
discounted_lints,hybrid,z72_a0p5_hybrid_corr5_bsstablehie5_top10,3,32,8011,SOLUSDT,val_second,,-1.4651972763938592,3.0768952824852036,37,0.7246413146057381,True,,,,,,,11.5,4.0,6.702702702702703,4.0,8.0,0.8378378378378378,0.16216216216216217
discounted_lints,hybrid,z72_a0p5_hybrid_corr5_bsstablehie5_top10,3,32,8012,BTCUSDT,val,2000.0,-0.2681398528420864,3.8076676545729993,50,0.9653349577838497,True,0.251,0.1015,0.10150000000000003,0.8985,0.8985,0.8935,25.5,6.0,9.4,4.0,10.0,0.7,0.3
discounted_lints,hybrid,z72_a0p5_hybrid_corr5_bsstablehie5_top10,3,32,8012,BTCUSDT,val_first,,1.176765933241053,1.0112557263598054,18,1.714405430814963,True,,,,,,,32.0,6.0,8.5,4.0,9.0,0.7777777777777778,0.2222222222222222
discounted_lints,hybrid,z72_a0p5_hybrid_corr5_bsstablehie5_top10,3,32,8012,BTCUSDT,val_second,,-1.4281003872336884,3.498958374276673,32,0.717850787410819,True,,,,,,,20.0,5.5,9.90625,4.0,11.0,0.65625,0.34375
discounted_lints,hybrid,z72_a0p5_hybrid_corr5_bsstablehie5_top10,3,32,8012,ETHUSDT,val,2000.0,-4.732200926886931,6.948730090981215,83,0.6247138575617905,True,0.302,0.1655,0.16549999999999998,0.8345,0.8345,0.833,12.5,4.0,7.27710843373494,4.0,8.0,0.7710843373493976,0.2289156626506024
discounted_lints,hybrid,z72_a0p5_hybrid_corr5_bsstablehie5_top10,3,32,8012,ETHUSDT,val_first,,-2.754121025879286,3.4484443253054997,38,0.5161355942464794,True,,,,,,,14.5,4.0,7.315789473684211,4.0,7.5,0.7894736842105263,0.21052631578947367
discounted_lints,hybrid,z72_a0p5_hybrid_corr5_bsstablehie5_top10,3,32,8012,ETHUSDT,val_second,,-2.03410151861968,4.313405472141641,44,0.7142840743938679,True,,,,,,,11.0,4.0,7.318181818181818,4.0,9.25,0.75,0.25
discounted_lints,hybrid,z72_a0p5_hybrid_corr5_bsstablehie5_top10,3,32,8012,SOLUSDT,val,2000.0,-5.7962581581159185,8.004846643322526,136,0.7214992276665441,True,0.324,0.2725,0.27249999999999996,0.7275,0.7275,0.725,8.5,4.0,4.75,4.0,4.0,0.9558823529411765,0.04411764705882353
discounted_lints,hybrid,z72_a0p5_hybrid_corr5_bsstablehie5_top10,3,32,8012,SOLUSDT,val_first,,-2.3784511763718985,3.087605488988221,61,0.7342899872312114,True,,,,,,,10.0,4.0,5.19672131147541,4.0,4.0,0.9180327868852459,0.08196721311475409
discounted_lints,hybrid,z72_a0p5_hybrid_corr5_bsstablehie5_top10,3,32,8012,SOLUSDT,val_second,,-3.501078422673809,6.205733578051875,75,0.7107931109567562,True,,,,,,,7.0,4.0,4.386666666666667,4.0,4.0,0.9866666666666667,0.013333333333333334
discounted_lints,hybrid,z72_a0p5_hybrid_corr5_bsstablehie5_top10,3,32,8013,BTCUSDT,val,2000.0,-4.185020529464422,5.4498995927305565,87,0.5508563312173274,True,0.287,0.1735,0.1735,0.8265,0.8265,0.8215,10.5,4.0,6.597701149425287,4.0,6.0,0.9195402298850575,0.08045977011494253
discounted_lints,hybrid,z72_a0p5_hybrid_corr5_bsstablehie5_top10,3,32,8013,BTCUSDT,val_first,,-0.6199932916059914,1.3721829036140276,26,0.7083635044275212,True,,,,,,,19.0,4.5,6.038461538461538,4.0,6.75,0.8846153846153846,0.11538461538461539
discounted_lints,hybrid,z72_a0p5_hybrid_corr5_bsstablehie5_top10,3,32,8013,BTCUSDT,val_second,,-3.587268059177251,4.845893789565736,61,0.5054156442498109,True,,,,,,,10.0,4.0,6.836065573770492,4.0,5.0,0.9344262295081968,0.06557377049180328
discounted_lints,hybrid,z72_a0p5_hybrid_corr5_bsstablehie5_top10,3,32,8013,ETHUSDT,val,2000.0,-4.945880056774765,7.164202819820309,82,0.6157215398814078,True,0.298,0.1635,0.16349999999999998,0.8365,0.8365,0.835,12.0,4.0,7.2682926829268295,4.0,8.0,0.7926829268292683,0.2073170731707317
discounted_lints,hybrid,z72_a0p5_hybrid_corr5_bsstablehie5_top10,3,32,8013,ETHUSDT,val_first,,-2.869637513809553,3.556472711506964,39,0.46306744493971197,True,,,,,,,13.5,4.0,6.846153846153846,4.0,7.0,0.8461538461538461,0.15384615384615385
discounted_lints,hybrid,z72_a0p5_hybrid_corr5_bsstablehie5_top10,3,32,8013,ETHUSDT,val_second,,-2.1375834392262316,4.906583538000442,43,0.710507449065109,True,,,,,,,11.0,5.0,7.651162790697675,4.0,9.5,0.7441860465116279,0.2558139534883721
discounted_lints,hybrid,z72_a0p5_hybrid_corr5_bsstablehie5_top10,3,32,8013,SOLUSDT,val,2000.0,-3.245081032407038,4.7045391340660885,45,0.6276077787349686,True,0.2035,0.09,0.08999999999999997,0.91,0.91,0.907,17.5,4.0,9.044444444444444,4.0,10.0,0.7111111111111111,0.28888888888888886
discounted_lints,hybrid,z72_a0p5_hybrid_corr5_bsstablehie5_top10,3,32,8013,SOLUSDT,val_first,,-1.3495818510190438,2.7760077029129304,14,0.5848986900143435,True,,,,,,,19.0,7.5,10.785714285714286,4.0,12.25,0.5714285714285714,0.42857142857142855
discounted_lints,hybrid,z72_a0p5_hybrid_corr5_bsstablehie5_top10,3,32,8013,SOLUSDT,val_second,,-1.9214304581308905,3.8558202092445315,31,0.6522827896840385,True,,,,,,,13.0,4.0,8.258064516129032,4.0,7.5,0.7741935483870968,0.22580645161290322
discounted_lints,hybrid,z72_a0p5_hybrid_corr5_bsstablehie5_top10,3,32,8014,BTCUSDT,val,2000.0,0.8637732114027408,2.393411249659916,68,1.0969042554798774,True,0.2295,0.1355,0.13549999999999995,0.8645,0.8645,0.8595,11.0,4.0,6.75,4.0,7.0,0.8823529411764706,0.11764705882352941
discounted_lints,hybrid,z72_a0p5_hybrid_corr5_bsstablehie5_top10,3,32,8014,BTCUSDT,val_first,,1.3387078822203025,0.6245708628116686,19,2.1769870250421084,True,,,,,,,17.5,6.0,6.842105263157895,4.0,8.5,0.8421052631578947,0.15789473684210525
discounted_lints,hybrid,z72_a0p5_hybrid_corr5_bsstablehie5_top10,3,32,8014,BTCUSDT,val_second,,-0.46866067344133455,2.1725994615603983,49,0.8790131944307159,True,,,,,,,9.0,4.0,6.714285714285714,4.0,7.0,0.8979591836734694,0.10204081632653061
discounted_lints,hybrid,z72_a0p5_hybrid_corr5_bsstablehie5_top10,3,32,8014,ETHUSDT,val,2000.0,-0.994874985316907,3.764354567509265,89,0.8610506328384911,True,0.3075,0.1775,0.1775,0.8225,0.8225,0.819,8.0,4.0,6.910112359550562,4.0,7.0,0.8314606741573034,0.16853932584269662
discounted_lints,hybrid,z72_a0p5_hybrid_corr5_bsstablehie5_top10,3,32,8014,ETHUSDT,val_first,,-1.4703343281457726,2.759397299353583,39,0.6152203058931521,True,,,,,,,13.0,4.0,7.153846153846154,4.0,8.0,0.7948717948717948,0.20512820512820512
discounted_lints,hybrid,z72_a0p5_hybrid_corr5_bsstablehie5_top10,3,32,8014,ETHUSDT,val_second,,0.48255450740322114,2.4458235005173745,49,1.015530023218778,True,,,,,,,7.0,4.0,6.775510204081633,4.0,5.0,0.8571428571428571,0.14285714285714285
discounted_lints,hybrid,z72_a0p5_hybrid_corr5_bsstablehie5_top10,3,32,8014,SOLUSDT,val,2000.0,-8.403770238029862,12.835752659776645,143,0.6702504626818464,True,0.6535,0.2875,0.2875,0.7125,0.7125,0.7095,9.0,4.0,9.111888111888112,4.0,8.5,0.7622377622377622,0.23776223776223776
discounted_lints,hybrid,z72_a0p5_hybrid_corr5_bsstablehie5_top10,3,32,8014,SOLUSDT,val_first,,2.3774720123656223,4.084686219575618,58,1.1365647206450804,True,,,,,,,8.0,5.0,12.89655172413793,4.0,12.0,0.6896551724137931,0.3103448275862069
discounted_lints,hybrid,z72_a0p5_hybrid_corr5_bsstablehie5_top10,3,32,8014,SOLUSDT,val_second,,-10.530873676088904,11.672248918385176,85,0.421958458729416,True,,,,,,,10.0,4.0,6.529411764705882,4.0,8.0,0.8117647058823529,0.18823529411764706
discounted_lints,hybrid,z72_a0p5_hybrid_corr5_bsstablehie5_top10,3,32,8015,BTCUSDT,val,2000.0,-3.659548287131864,3.878758948260852,55,0.4626803060232972,True,0.2205,0.1115,0.11150000000000004,0.8885,0.8885,0.8835,18.0,4.0,7.545454545454546,4.0,5.5,0.8,0.2
discounted_lints,hybrid,z72_a0p5_hybrid_corr5_bsstablehie5_top10,3,32,8015,BTCUSDT,val_first,,-0.9687019486647297,1.7315252736716413,27,0.5892449063998996,True,,,,,,,18.0,4.0,6.37037037037037,4.0,4.5,0.8518518518518519,0.14814814814814814
discounted_lints,hybrid,z72_a0p5_hybrid_corr5_bsstablehie5_top10,3,32,8015,BTCUSDT,val_second,,-2.717167593897718,2.801351495768134,28,0.38388808796139307,True,,,,,,,16.0,4.0,8.678571428571429,4.0,7.25,0.75,0.25
discounted_lints,hybrid,z72_a0p5_hybrid_corr5_bsstablehie5_top10,3,32,8015,ETHUSDT,val,2000.0,-2.6428225061758903,3.9795911859841326,76,0.7197365956617598,True,0.3095,0.1515,0.15149999999999997,0.8485,0.8485,0.845,10.0,4.0,8.144736842105264,4.0,8.0,0.8157894736842105,0.18421052631578946
discounted_lints,hybrid,z72_a0p5_hybrid_corr5_bsstablehie5_top10,3,32,8015,ETHUSDT,val_first,,-2.123668041580773,3.620403145416462,36,0.5575286112970613,True,,,,,,,13.0,4.0,7.722222222222222,4.0,7.25,0.8055555555555556,0.19444444444444445
discounted_lints,hybrid,z72_a0p5_hybrid_corr5_bsstablehie5_top10,3,32,8015,ETHUSDT,val_second,,-0.5304187991185372,2.0450354216191236,39,0.8781810170955251,True,,,,,,,10.0,4.0,8.64102564102564,4.0,8.0,0.8205128205128205,0.1794871794871795
discounted_lints,hybrid,z72_a0p5_hybrid_corr5_bsstablehie5_top10,3,32,8015,SOLUSDT,val,2000.0,-4.676420476110654,10.642912775895786,163,0.7990039964994157,True,0.6625,0.3275,0.3275,0.6725,0.6725,0.671,8.0,4.0,8.104294478527608,4.0,8.0,0.8159509202453987,0.18404907975460122
discounted_lints,hybrid,z72_a0p5_hybrid_corr5_bsstablehie5_top10,3,32,8015,SOLUSDT,val_first,,3.90886349545736,2.8880877073907962,69,1.260615189479785,True,,,,,,,9.5,4.0,10.942028985507246,4.0,11.0,0.7246376811594203,0.2753623188405797
discounted_lints,hybrid,z72_a0p5_hybrid_corr5_bsstablehie5_top10,3,32,8015,SOLUSDT,val_second,,-8.262321117527504,10.451149925852965,94,0.5352091922546701,True,,,,,,,7.0,4.0,6.0212765957446805,4.0,5.0,0.8829787234042553,0.11702127659574468
discounted_lints,hybrid,z72_a0p5_hybrid_corr5_bsstablehie5_top10,3,32,8016,BTCUSDT,val,2000.0,-4.554756563533157,6.005971323943049,97,0.5528960975338655,True,0.266,0.1935,0.1935,0.8065,0.8065,0.8015,9.0,4.0,5.484536082474227,4.0,4.0,0.8969072164948454,0.10309278350515463
discounted_lints,hybrid,z72_a0p5_hybrid_corr5_bsstablehie5_top10,3,32,8016,BTCUSDT,val_first,,-1.8188032491364248,2.7385913178688437,37,0.5333681915159659,True,,,,,,,13.0,4.0,5.162162162162162,4.0,4.0,0.8918918918918919,0.10810810810810811
discounted_lints,hybrid,z72_a0p5_hybrid_corr5_bsstablehie5_top10,3,32,8016,BTCUSDT,val_second,,-2.786636754224203,4.014828604471221,60,0.5646591857169513,True,,,,,,,8.0,4.0,5.683333333333334,4.0,4.25,0.9,0.1
discounted_lints,hybrid,z72_a0p5_hybrid_corr5_bsstablehie5_top10,3,32,8016,ETHUSDT,val,2000.0,-5.687577066274341,8.328566607444031,95,0.6055548314792525,True,0.3185,0.1895,0.1895,0.8105,0.8105,0.807,9.0,4.0,6.705263157894737,4.0,6.0,0.8421052631578947,0.15789473684210525
discounted_lints,hybrid,z72_a0p5_hybrid_corr5_bsstablehie5_top10,3,32,8016,ETHUSDT,val_first,,-2.3448431645096246,3.6086357268074964,55,0.6550460598309118,True,,,,,,,7.0,4.0,5.672727272727273,4.0,5.0,0.8909090909090909,0.10909090909090909
discounted_lints,hybrid,z72_a0p5_hybrid_corr5_bsstablehie5_top10,3,32,8016,ETHUSDT,val_second,,-3.4229978324604837,6.1739865800014115,40,0.562331907561377,True,,,,,,,10.0,4.5,8.125,4.0,9.0,0.775,0.225
discounted_lints,hybrid,z72_a0p5_hybrid_corr5_bsstablehie5_top10,3,32,8016,SOLUSDT,val,2000.0,-3.1646678642834214,4.413469367259982,87,0.7604892593215425,True,0.273,0.174,0.17400000000000004,0.826,0.826,0.823,13.0,4.0,6.275862068965517,4.0,4.0,0.8620689655172413,0.13793103448275862
discounted_lints,hybrid,z72_a0p5_hybrid_corr5_bsstablehie5_top10,3,32,8016,SOLUSDT,val_first,,-0.9682968090492627,3.5670329216666463,45,0.8318387020457899,True,,,,,,,16.0,4.0,6.488888888888889,4.0,4.0,0.8444444444444444,0.15555555555555556
discounted_lints,hybrid,z72_a0p5_hybrid_corr5_bsstablehie5_top10,3,32,8016,SOLUSDT,val_second,,-2.2178463910684787,2.957243298181078,42,0.6876896711312143,True,,,,,,,11.0,4.0,6.0476190476190474,4.0,4.0,0.8809523809523809,0.11904761904761904
discounted_lints,hybrid,z72_a0p5_hybrid_corr5_bsstablehie5_top10,3,32,8017,BTCUSDT,val,2000.0,-2.766471459770836,4.589999046644088,82,0.6657912638793755,True,0.2745,0.1655,0.16549999999999998,0.8345,0.8345,0.8295,11.0,4.0,5.853658536585366,4.0,5.0,0.8658536585365854,0.13414634146341464
discounted_lints,hybrid,z72_a0p5_hybrid_corr5_bsstablehie5_top10,3,32,8017,BTCUSDT,val_first,,0.39899536217076204,1.819189879835792,27,1.1156550587161318,True,,,,,,,17.5,5.0,6.074074074074074,4.0,6.0,0.8518518518518519,0.14814814814814814
discounted_lints,hybrid,z72_a0p5_hybrid_corr5_bsstablehie5_top10,3,32,8017,BTCUSDT,val_second,,-3.1528869492396527,4.035138331967348,55,0.47443917812727693,True,,,,,,,10.0,4.0,5.745454545454545,4.0,5.0,0.8727272727272727,0.12727272727272726
discounted_lints,hybrid,z72_a0p5_hybrid_corr5_bsstablehie5_top10,3,32,8017,ETHUSDT,val,2000.0,-5.806442732683282,6.292788390267468,63,0.536189144449888,True,0.2585,0.1255,0.12549999999999994,0.8745,0.8745,0.871,11.5,4.0,8.206349206349206,4.0,9.0,0.7619047619047619,0.23809523809523808
discounted_lints,hybrid,z72_a0p5_hybrid_corr5_bsstablehie5_top10,3,32,8017,ETHUSDT,val_first,,-1.3422417800230346,3.2643104982576054,20,0.609186881054891,True,,,,,,,15.0,5.5,10.1,4.0,10.5,0.7,0.3
discounted_lints,hybrid,z72_a0p5_hybrid_corr5_bsstablehie5_top10,3,32,8017,ETHUSDT,val_second,,-4.524936541438973,6.144128886610234,43,0.5094493452070217,True,,,,,,,11.0,4.0,7.325581395348837,4.0,9.0,0.7906976744186046,0.20930232558139536
discounted_lints,hybrid,z72_a0p5_hybrid_corr5_bsstablehie5_top10,3,32,8017,SOLUSDT,val,2000.0,-2.239500258074545,3.3904603725933513,51,0.711185320607761,True,0.178,0.102,0.10199999999999998,0.898,0.898,0.895,17.5,4.0,6.980392156862745,4.0,8.0,0.7843137254901961,0.21568627450980393
discounted_lints,hybrid,z72_a0p5_hybrid_corr5_bsstablehie5_top10,3,32,8017,SOLUSDT,val_first,,-0.685972791093381,2.612370842373146,22,0.7739206117827494,True,,,,,,,14.0,5.5,6.2727272727272725,4.0,7.75,0.8181818181818182,0.18181818181818182
discounted_lints,hybrid,z72_a0p5_hybrid_corr5_bsstablehie5_top10,3,32,8017,SOLUSDT,val_second,,-1.5642578502161886,2.837756745721498,29,0.6694463012590783,True,,,,,,,22.0,4.0,7.517241379310345,4.0,8.0,0.7586206896551724,0.2413793103448276
discounted_lints,hybrid,z72_a0p5_hybrid_corr5_bsstablehie5_top10,3,32,8018,BTCUSDT,val,2000.0,-2.789162272077872,4.3427991693612995,59,0.5638379403904673,True,0.212,0.1195,0.11950000000000005,0.8805,0.8805,0.8755,9.0,4.0,6.033898305084746,4.0,6.0,0.8813559322033898,0.11864406779661017
discounted_lints,hybrid,z72_a0p5_hybrid_corr5_bsstablehie5_top10,3,32,8018,BTCUSDT,val_first,,-0.4962517022514379,1.5296564857943173,16,0.5974355913872637,True,,,,,,,22.0,5.5,7.4375,4.0,7.5,0.8125,0.1875
discounted_lints,hybrid,z72_a0p5_hybrid_corr5_bsstablehie5_top10,3,32,8018,BTCUSDT,val_second,,-2.3043459257085175,3.3928288082147984,43,0.5564712196893872,True,,,,,,,8.0,4.0,5.511627906976744,4.0,4.5,0.9069767441860465,0.09302325581395349
discounted_lints,hybrid,z72_a0p5_hybrid_corr5_bsstablehie5_top10,3,32,8018,ETHUSDT,val,2000.0,-4.793409731006837,6.80122124422291,81,0.6490628167691894,True,0.344,0.1615,0.16149999999999998,0.8385,0.8385,0.837,13.0,5.0,8.493827160493828,4.0,10.0,0.7283950617283951,0.2716049382716049
discounted_lints,hybrid,z72_a0p5_hybrid_corr5_bsstablehie5_top10,3,32,8018,ETHUSDT,val_first,,-3.6193401637287126,4.853405882227014,41,0.4850987991381139,True,,,,,,,13.5,5.0,8.073170731707316,4.0,11.0,0.7317073170731707,0.2682926829268293
discounted_lints,hybrid,z72_a0p5_hybrid_corr5_bsstablehie5_top10,3,32,8018,ETHUSDT,val_second,,-1.218158880913034,4.4774031465986575,40,0.8013640181262275,True,,,,,,,12.0,6.0,8.925,4.0,10.0,0.725,0.275
discounted_lints,hybrid,z72_a0p5_hybrid_corr5_bsstablehie5_top10,3,32,8018,SOLUSDT,val,2000.0,-1.0874609838481653,3.073572627707799,45,0.8199626966334561,True,0.1775,0.09,0.08999999999999997,0.91,0.91,0.905,12.5,4.0,7.888888888888889,4.0,7.0,0.7555555555555555,0.24444444444444444
discounted_lints,hybrid,z72_a0p5_hybrid_corr5_bsstablehie5_top10,3,32,8018,SOLUSDT,val_first,,-0.6768983747286073,2.4144071674015666,16,0.7521068714705189,True,,,,,,,12.0,5.0,9.5,4.0,10.25,0.6875,0.3125
discounted_lints,hybrid,z72_a0p5_hybrid_corr5_bsstablehie5_top10,3,32,8018,SOLUSDT,val_second,,-0.4133606405773871,2.5614112378598675,29,0.8621201166027292,True,,,,,,,12.5,4.0,7.0,4.0,6.0,0.7931034482758621,0.20689655172413793
discounted_lints,hybrid,z72_a0p5_hybrid_corr5_bsstablehie5_top10,3,32,8019,BTCUSDT,val,2000.0,-0.3425336205962193,3.7002767646267753,54,0.9824206821162412,True,0.2535,0.1095,0.10950000000000004,0.8905,0.8905,0.8855,20.0,6.0,8.907407407407407,4.0,10.0,0.6481481481481481,0.35185185185185186
discounted_lints,hybrid,z72_a0p5_hybrid_corr5_bsstablehie5_top10,3,32,8019,BTCUSDT,val_first,,1.9570273831630791,0.7751327504776584,17,3.0529817418639764,True,,,,,,,36.5,8.0,9.764705882352942,4.0,10.0,0.5294117647058824,0.47058823529411764
discounted_lints,hybrid,z72_a0p5_hybrid_corr5_bsstablehie5_top10,3,32,8019,BTCUSDT,val_second,,-2.255421781882039,3.446959879292788,37,0.6122414189643548,True,,,,,,,16.0,5.0,8.513513513513514,4.0,10.0,0.7027027027027027,0.2972972972972973
discounted_lints,hybrid,z72_a0p5_hybrid_corr5_bsstablehie5_top10,3,32,8019,ETHUSDT,val,2000.0,-2.4398341135366097,5.146489049333958,65,0.7466893688329739,True,0.268,0.1295,0.12949999999999995,0.8705,0.8705,0.869,12.5,6.0,8.246153846153845,4.0,9.0,0.7846153846153846,0.2153846153846154
discounted_lints,hybrid,z72_a0p5_hybrid_corr5_bsstablehie5_top10,3,32,8019,ETHUSDT,val_first,,-2.290387041476616,3.5133774602082224,26,0.4685135888278829,True,,,,,,,16.0,6.0,9.076923076923077,4.0,8.75,0.8076923076923077,0.19230769230769232
discounted_lints,hybrid,z72_a0p5_hybrid_corr5_bsstablehie5_top10,3,32,8019,ETHUSDT,val_second,,-0.1529502241743863,3.950528076503379,39,0.9214234406831632,True,,,,,,,11.5,5.0,7.6923076923076925,4.0,9.0,0.7692307692307693,0.23076923076923078
discounted_lints,hybrid,z72_a0p5_hybrid_corr5_bsstablehie5_top10,3,32,8019,SOLUSDT,val,2000.0,-1.828067188478244,3.905403652799855,43,0.7583359571105092,True,0.209,0.086,0.08599999999999997,0.914,0.914,0.911,23.0,5.0,9.720930232558139,4.0,11.0,0.6976744186046512,0.3023255813953488
discounted_lints,hybrid,z72_a0p5_hybrid_corr5_bsstablehie5_top10,3,32,8019,SOLUSDT,val_first,,-1.8853739956032012,3.466425489592395,12,0.5035301545978843,True,,,,,,,28.0,6.5,13.333333333333334,4.0,15.25,0.5833333333333334,0.4166666666666667
discounted_lints,hybrid,z72_a0p5_hybrid_corr5_bsstablehie5_top10,3,32,8019,SOLUSDT,val_second,,0.05840801668284268,2.6540343632932006,31,0.9452589046403338,True,,,,,,,14.0,4.0,8.32258064516129,4.0,9.5,0.7419354838709677,0.25806451612903225
discounted_lints,hybrid,z72_a0p5_hybrid_corr5_bsstablehie5_top10,3,32,8020,BTCUSDT,val,2000.0,-1.8111046221995775,3.4843198579568413,74,0.7181650589535418,True,0.2255,0.1475,0.14749999999999996,0.8525,0.8525,0.8495,9.0,4.0,6.094594594594595,4.0,5.75,0.8783783783783784,0.12162162162162163
discounted_lints,hybrid,z72_a0p5_hybrid_corr5_bsstablehie5_top10,3,32,8020,BTCUSDT,val_first,,0.4382677698677506,0.9978484189594017,24,1.230606626040183,True,,,,,,,9.0,4.0,5.625,4.0,5.0,0.9166666666666666,0.08333333333333333
discounted_lints,hybrid,z72_a0p5_hybrid_corr5_bsstablehie5_top10,3,32,8020,BTCUSDT,val_second,,-2.2395571349570376,3.2917281524215025,50,0.5646965566473232,True,,,,,,,11.0,4.0,6.32,4.0,6.0,0.86,0.14
discounted_lints,hybrid,z72_a0p5_hybrid_corr5_bsstablehie5_top10,3,32,8020,ETHUSDT,val,2000.0,-1.7548985146769058,3.5061787248142906,76,0.8079784151159011,True,0.268,0.1515,0.15149999999999997,0.8485,0.8485,0.845,11.0,4.0,7.052631578947368,4.0,8.0,0.8289473684210527,0.17105263157894737
discounted_lints,hybrid,z72_a0p5_hybrid_corr5_bsstablehie5_top10,3,32,8020,ETHUSDT,val_first,,-0.7987634164439594,2.684967669288496,29,0.7426359242082157,True,,,,,,,12.0,4.0,7.206896551724138,4.0,4.0,0.8620689655172413,0.13793103448275862
discounted_lints,hybrid,z72_a0p5_hybrid_corr5_bsstablehie5_top10,3,32,8020,ETHUSDT,val_second,,-0.9638338504254551,3.5061787248142906,47,0.8355614278982544,True,,,,,,,10.5,4.0,6.957446808510638,4.0,8.0,0.8085106382978723,0.19148936170212766
discounted_lints,hybrid,z72_a0p5_hybrid_corr5_bsstablehie5_top10,3,32,8020,SOLUSDT,val,2000.0,-5.790350679397294,6.466990742733126,94,0.6087374966136508,True,0.284,0.188,0.18799999999999994,0.812,0.812,0.809,12.0,4.0,6.042553191489362,4.0,5.0,0.9148936170212766,0.0851063829787234
discounted_lints,hybrid,z72_a0p5_hybrid_corr5_bsstablehie5_top10,3,32,8020,SOLUSDT,val_first,,-1.1955324622802133,6.078655929847832,42,0.7899006435320367,True,,,,,,,12.0,4.0,6.904761904761905,4.0,5.0,0.8809523809523809,0.11904761904761904
discounted_lints,hybrid,z72_a0p5_hybrid_corr5_bsstablehie5_top10,3,32,8020,SOLUSDT,val_second,,-4.650415443373501,6.240070876967641,52,0.4659419954875402,True,,,,,,,11.0,4.0,5.346153846153846,4.0,4.0,0.9423076923076923,0.057692307692307696
discounted_lints,hybrid,z72_a0p5_hybrid_corr5_bsstablehie5_top10,3,32,8021,BTCUSDT,val,2000.0,-0.30477885169253316,2.928043349763243,76,0.9272129404296187,True,0.271,0.1515,0.15149999999999997,0.8485,0.8485,0.8435,12.0,4.0,7.131578947368421,4.0,6.0,0.868421052631579,0.13157894736842105
discounted_lints,hybrid,z72_a0p5_hybrid_corr5_bsstablehie5_top10,3,32,8021,BTCUSDT,val_first,,0.864740972150102,0.9630816316049673,30,1.3328164850162072,True,,,,,,,13.0,4.0,6.266666666666667,4.0,6.75,0.8333333333333334,0.16666666666666666
discounted_lints,hybrid,z72_a0p5_hybrid_corr5_bsstablehie5_top10,3,32,8021,BTCUSDT,val_second,,-1.1594932109780132,2.2413741300539525,46,0.7465090768647507,True,,,,,,,11.0,4.0,7.695652173913044,4.0,5.0,0.8913043478260869,0.10869565217391304
discounted_lints,hybrid,z72_a0p5_hybrid_corr5_bsstablehie5_top10,3,32,8021,ETHUSDT,val,2000.0,-4.595009961873497,7.519151186245865,67,0.5860743732088005,True,0.302,0.1335,0.13349999999999995,0.8665,0.8665,0.863,14.0,4.0,9.014925373134329,4.0,10.0,0.7164179104477612,0.2835820895522388
discounted_lints,hybrid,z72_a0p5_hybrid_corr5_bsstablehie5_top10,3,32,8021,ETHUSDT,val_first,,-2.06589582195682,3.4151292555349544,29,0.444661390183577,True,,,,,,,16.0,4.0,8.344827586206897,4.0,10.0,0.7241379310344828,0.27586206896551724
discounted_lints,hybrid,z72_a0p5_hybrid_corr5_bsstablehie5_top10,3,32,8021,ETHUSDT,val_second,,-2.5824651801774623,5.723413172658709,38,0.6499546472146475,True,,,,,,,10.0,4.0,9.526315789473685,4.0,10.75,0.7105263157894737,0.2894736842105263
discounted_lints,hybrid,z72_a0p5_hybrid_corr5_bsstablehie5_top10,3,32,8021,SOLUSDT,val,2000.0,-5.924747681605935,9.609661369490375,136,0.7210347069006228,True,0.471,0.2735,0.27349999999999997,0.7265,0.7265,0.724,9.5,4.0,6.897058823529412,4.0,7.0,0.875,0.125
discounted_lints,hybrid,z72_a0p5_hybrid_corr5_bsstablehie5_top10,3,32,8021,SOLUSDT,val_first,,2.0751780072821857,2.7902724379342603,71,1.107962465810954,True,,,,,,,8.5,4.0,7.746478873239437,4.0,8.0,0.8309859154929577,0.16901408450704225
discounted_lints,hybrid,z72_a0p5_hybrid_corr5_bsstablehie5_top10,3,32,8021,SOLUSDT,val_second,,-7.837288011701915,9.032386343295794,65,0.41430249389215656,True,,,,,,,11.0,4.0,5.969230769230769,4.0,6.0,0.9230769230769231,0.07692307692307693
discounted_lints,hybrid,z72_a0p5_hybrid_corr5_bsstablehie5_top10,3,32,8022,BTCUSDT,val,2000.0,-0.6173977302028955,2.4009100734833533,61,0.8701527289398996,True,0.211,0.1215,0.12150000000000005,0.8785,0.8785,0.8735,10.5,4.0,6.918032786885246,4.0,5.0,0.8360655737704918,0.16393442622950818
discounted_lints,hybrid,z72_a0p5_hybrid_corr5_bsstablehie5_top10,3,32,8022,BTCUSDT,val_first,,0.7807474133058934,0.8394533528773729,17,1.5182233453030476,True,,,,,,,17.5,5.0,6.411764705882353,4.0,8.0,0.7647058823529411,0.23529411764705882
discounted_lints,hybrid,z72_a0p5_hybrid_corr5_bsstablehie5_top10,3,32,8022,BTCUSDT,val_second,,-1.3873137274671654,2.4009100734833533,44,0.702048092141182,True,,,,,,,8.0,4.0,7.113636363636363,4.0,4.25,0.8636363636363636,0.13636363636363635
discounted_lints,hybrid,z72_a0p5_hybrid_corr5_bsstablehie5_top10,3,32,8022,ETHUSDT,val,2000.0,-4.260980563836158,5.982636231149385,65,0.5782621276830123,True,0.301,0.1295,0.12949999999999995,0.8705,0.8705,0.869,15.0,4.0,9.261538461538462,4.0,10.0,0.7230769230769231,0.27692307692307694
discounted_lints,hybrid,z72_a0p5_hybrid_corr5_bsstablehie5_top10,3,32,8022,ETHUSDT,val_first,,-0.7616429699591531,2.8592002949220374,32,0.7839111335305586,True,,,,,,,15.0,4.0,7.8125,4.0,8.5,0.75,0.25
discounted_lints,hybrid,z72_a0p5_hybrid_corr5_bsstablehie5_top10,3,32,8022,ETHUSDT,val_second,,-3.526194607209898,5.982636231149385,33,0.451909098135532,True,,,,,,,13.0,4.0,10.666666666666666,4.0,14.0,0.696969696969697,0.30303030303030304
discounted_lints,hybrid,z72_a0p5_hybrid_corr5_bsstablehie5_top10,3,32,8022,SOLUSDT,val,2000.0,-6.570947672842475,8.22810754184501,94,0.6053610840534468,True,0.2765,0.188,0.18799999999999994,0.812,0.812,0.809,13.0,4.0,5.882978723404255,4.0,4.0,0.9042553191489362,0.09574468085106383
discounted_lints,hybrid,z72_a0p5_hybrid_corr5_bsstablehie5_top10,3,32,8022,SOLUSDT,val_first,,-2.302126870728405,3.9591699023519333,44,0.7139061497263819,True,,,,,,,13.0,4.0,6.818181818181818,4.0,5.25,0.8636363636363636,0.13636363636363635
discounted_lints,hybrid,z72_a0p5_hybrid_corr5_bsstablehie5_top10,3,32,8022,SOLUSDT,val_second,,-4.369410167676502,5.867425195531817,50,0.47965215022287705,True,,,,,,,12.0,4.0,5.06,4.0,4.0,0.94,0.06
discounted_lints,hybrid,z72_a0p5_hybrid_corr5_bsstablehie5_top10,3,32,8023,BTCUSDT,val,2000.0,-0.9121315489042603,3.9618467130073776,83,0.8771421119549903,True,0.2935,0.1675,0.16749999999999998,0.8325,0.8325,0.8275,15.0,4.0,6.240963855421687,4.0,6.0,0.8674698795180723,0.13253012048192772
discounted_lints,hybrid,z72_a0p5_hybrid_corr5_bsstablehie5_top10,3,32,8023,BTCUSDT,val_first,,0.9810137595473556,1.3068202494178283,30,1.359931976134688,True,,,,,,,17.0,4.0,5.8,4.0,6.0,0.8333333333333334,0.16666666666666666
discounted_lints,hybrid,z72_a0p5_hybrid_corr5_bsstablehie5_top10,3,32,8023,BTCUSDT,val_second,,-1.8747537165347716,3.213932633481209,53,0.6690420836918987,True,,,,,,,14.0,4.0,6.490566037735849,4.0,5.0,0.8867924528301887,0.11320754716981132
discounted_lints,hybrid,z72_a0p5_hybrid_corr5_bsstablehie5_top10,3,32,8023,ETHUSDT,val,2000.0,-1.6508349419512403,4.279407426271497,81,0.8233005824124741,True,0.2985,0.1615,0.16149999999999998,0.8385,0.8385,0.835,9.5,4.0,7.37037037037037,4.0,8.0,0.8271604938271605,0.1728395061728395
discounted_lints,hybrid,z72_a0p5_hybrid_corr5_bsstablehie5_top10,3,32,8023,ETHUSDT,val_first,,-0.427704028952991,2.8592002949220374,34,0.85532204241166,True,,,,,,,12.0,4.5,8.205882352941176,4.0,8.75,0.7941176470588235,0.20588235294117646
discounted_lints,hybrid,z72_a0p5_hybrid_corr5_bsstablehie5_top10,3,32,8023,ETHUSDT,val_second,,-1.2283847641254675,4.279407426271497,47,0.8082292639190007,True,,,,,,,9.0,4.0,6.76595744680851,4.0,7.0,0.851063829787234,0.14893617021276595
discounted_lints,hybrid,z72_a0p5_hybrid_corr5_bsstablehie5_top10,3,32,8023,SOLUSDT,val,2000.0,-2.3319099968782897,5.032050651657927,58,0.7501803629133033,True,0.238,0.116,0.11599999999999999,0.884,0.884,0.8795,17.0,4.0,8.206896551724139,4.0,9.5,0.7413793103448276,0.25862068965517243
discounted_lints,hybrid,z72_a0p5_hybrid_corr5_bsstablehie5_top10,3,32,8023,SOLUSDT,val_first,,0.22103324944615643,3.466425489592395,23,0.9959511433882082,True,,,,,,,17.0,4.0,9.0,4.0,11.0,0.6956521739130435,0.30434782608695654
discounted_lints,hybrid,z72_a0p5_hybrid_corr5_bsstablehie5_top10,3,32,8023,SOLUSDT,val_second,,-2.547312837985105,4.740874361184955,35,0.635695678277863,True,,,,,,,13.5,4.0,7.685714285714286,4.0,8.0,0.7714285714285715,0.22857142857142856
discounted_lints,hybrid,z72_a0p5_hybrid_corr5_bsstablehie5_top10,3,32,8024,BTCUSDT,val,2000.0,-1.7220819143486943,3.1783591091914754,48,0.747791615978521,True,0.242,0.0975,0.09750000000000003,0.9025,0.9025,0.8975,17.0,5.0,9.416666666666666,4.0,13.0,0.6875,0.3125
discounted_lints,hybrid,z72_a0p5_hybrid_corr5_bsstablehie5_top10,3,32,8024,BTCUSDT,val_first,,-0.2829812227788886,1.6882484125022912,12,0.8036390029307638,True,,,,,,,37.0,9.5,12.0,5.0,16.5,0.5,0.5
discounted_lints,hybrid,z72_a0p5_hybrid_corr5_bsstablehie5_top10,3,32,8024,BTCUSDT,val_second,,-1.4431846330914877,2.271353865369541,36,0.7275297534246711,True,,,,,,,12.0,4.0,8.555555555555555,4.0,7.75,0.75,0.25
discounted_lints,hybrid,z72_a0p5_hybrid_corr5_bsstablehie5_top10,3,32,8024,ETHUSDT,val,2000.0,-1.8796403715189869,4.754976322007199,78,0.7973268005183852,True,0.268,0.1555,0.15549999999999997,0.8445,0.8445,0.843,10.0,4.0,6.871794871794871,4.0,6.0,0.8461538461538461,0.15384615384615385
discounted_lints,hybrid,z72_a0p5_hybrid_corr5_bsstablehie5_top10,3,32,8024,ETHUSDT,val_first,,-0.5193775994135175,2.3025874076158748,23,0.7792473408176865,True,,,,,,,24.5,4.0,9.173913043478262,4.0,11.0,0.7391304347826086,0.2608695652173913
discounted_lints,hybrid,z72_a0p5_hybrid_corr5_bsstablehie5_top10,3,32,8024,ETHUSDT,val_second,,-1.3673645573185067,4.754976322007199,55,0.802715389182501,True,,,,,,,8.0,4.0,5.909090909090909,4.0,5.0,0.8909090909090909,0.10909090909090909
discounted_lints,hybrid,z72_a0p5_hybrid_corr5_bsstablehie5_top10,3,32,8024,SOLUSDT,val,2000.0,-6.692333928568017,7.281573318406642,135,0.6812584663427809,True,0.448,0.2715,0.27149999999999996,0.7285,0.7285,0.725,9.0,4.0,6.607407407407408,4.0,5.0,0.8814814814814815,0.11851851851851852
discounted_lints,hybrid,z72_a0p5_hybrid_corr5_bsstablehie5_top10,3,32,8024,SOLUSDT,val_first,,-1.3096425323642413,3.6561060746048146,68,0.8326120302540547,True,,,,,,,9.0,4.0,7.75,4.0,5.25,0.8382352941176471,0.16176470588235295
discounted_lints,hybrid,z72_a0p5_hybrid_corr5_bsstablehie5_top10,3,32,8024,SOLUSDT,val_second,,-5.454120883054825,6.950590135490464,67,0.5309796653812933,True,,,,,,,9.0,4.0,5.447761194029851,4.0,5.0,0.9253731343283582,0.07462686567164178
