subsample_id,z_window,alpha_out,top_k,feature,union_rank,best_rank,best_hie_norm,best_p_value,regime_coverage_topk,best_regime_source,subsample_size,entry_n_samples,entry_n_bins_used,entry_min_bin_size_used,entry_min_action_count_in_bin,entry_reason,exit_n_samples,exit_n_bins_used,exit_min_bin_size_used,exit_min_action_count_in_bin,exit_reason
0,24,0.5,7,ADX_72_scaled,1,1.0,0.02968766754796115,0.0,2,both_tie,8400,16800,15,1120,560,ok,16800,15,1120,560,ok
0,24,0.5,7,RSI_72_bounded,2,2.0,0.023295696471911376,0.0,1,entry,8400,16800,15,1120,560,ok,16800,15,1120,560,ok
0,24,0.5,7,volatility_24_sqrt_z,3,2.0,0.009705049199628668,0.0,1,exit,8400,16800,15,1120,560,ok,16800,15,1120,560,ok
0,24,0.5,7,ADX_30_scaled,4,3.0,0.02194301863136333,0.0,2,entry,8400,16800,15,1120,560,ok,16800,15,1120,560,ok
0,24,0.5,7,dist_ema_200_z,5,3.0,0.011183030769249924,0.0,1,exit,8400,16800,15,1120,560,ok,16800,15,1120,560,ok
0,24,0.5,7,ema_spread_50_100_z,6,4.0,0.015155345015894106,0.0,2,exit,8400,16800,15,1120,560,ok,16800,15,1120,560,ok
0,24,0.5,7,RSI_30_bounded,7,4.0,0.019805525424578585,0.0,1,entry,8400,16800,15,1120,560,ok,16800,15,1120,560,ok
0,24,0.5,14,ADX_72_scaled,1,1.0,0.02968766754796115,0.0,2,both_tie,8400,16800,15,1120,560,ok,16800,15,1120,560,ok
0,24,0.5,14,RSI_72_bounded,2,2.0,0.023295696471911376,0.0,1,entry,8400,16800,15,1120,560,ok,16800,15,1120,560,ok
0,24,0.5,14,volatility_24_sqrt_z,3,2.0,0.009705049199628668,0.0,1,exit,8400,16800,15,1120,560,ok,16800,15,1120,560,ok
0,24,0.5,14,ADX_30_scaled,4,3.0,0.02194301863136333,0.0,2,entry,8400,16800,15,1120,560,ok,16800,15,1120,560,ok
0,24,0.5,14,dist_ema_200_z,5,3.0,0.011183030769249924,0.0,1,exit,8400,16800,15,1120,560,ok,16800,15,1120,560,ok
0,24,0.5,14,ema_spread_50_100_z,6,4.0,0.015155345015894106,0.0,2,exit,8400,16800,15,1120,560,ok,16800,15,1120,560,ok
0,24,0.5,14,RSI_30_bounded,7,4.0,0.019805525424578585,0.0,1,entry,8400,16800,15,1120,560,ok,16800,15,1120,560,ok
0,24,0.5,14,RSI_14_bounded,8,5.0,0.017781844838809235,0.0,1,entry,8400,16800,15,1120,560,ok,16800,15,1120,560,ok
0,24,0.5,14,ema_spread_9_21_z,9,6.0,0.016056682154253488,0.0,2,entry,8400,16800,15,1120,560,ok,16800,15,1120,560,ok
0,24,0.5,14,ema_spread_100_200_z,10,6.0,0.01357108002088886,0.0,2,exit,8400,16800,15,1120,560,ok,16800,15,1120,560,ok
0,24,0.5,14,volatility_168_sqrt_z,11,7.0,0.015871278582937354,0.0,1,entry,8400,16800,15,1120,560,ok,16800,15,1120,560,ok
0,24,0.5,14,ema_slope_21_z,12,7.0,0.008240172536261192,0.0,1,exit,8400,16800,15,1120,560,ok,16800,15,1120,560,ok
0,24,0.5,14,log_ret_168_z,13,8.0,0.015108095995411297,0.0,2,exit,8400,16800,15,1120,560,ok,16800,15,1120,560,ok
0,24,0.5,14,NATR_14_z,14,9.0,0.013479805431041547,0.0,1,exit,8400,16800,15,1120,560,ok,16800,15,1120,560,ok
0,24,0.5,20,ADX_72_scaled,1,1.0,0.02968766754796115,0.0,2,both_tie,8400,16800,15,1120,560,ok,16800,15,1120,560,ok
0,24,0.5,20,RSI_72_bounded,2,2.0,0.023295696471911376,0.0,1,entry,8400,16800,15,1120,560,ok,16800,15,1120,560,ok
0,24,0.5,20,volatility_24_sqrt_z,3,2.0,0.009705049199628668,0.0,1,exit,8400,16800,15,1120,560,ok,16800,15,1120,560,ok
0,24,0.5,20,ADX_30_scaled,4,3.0,0.02194301863136333,0.0,2,entry,8400,16800,15,1120,560,ok,16800,15,1120,560,ok
0,24,0.5,20,dist_ema_200_z,5,3.0,0.011183030769249924,0.0,1,exit,8400,16800,15,1120,560,ok,16800,15,1120,560,ok
0,24,0.5,20,ema_spread_50_100_z,6,4.0,0.015155345015894106,0.0,2,exit,8400,16800,15,1120,560,ok,16800,15,1120,560,ok
0,24,0.5,20,RSI_30_bounded,7,4.0,0.019805525424578585,0.0,1,entry,8400,16800,15,1120,560,ok,16800,15,1120,560,ok
0,24,0.5,20,RSI_14_bounded,8,5.0,0.017781844838809235,0.0,1,entry,8400,16800,15,1120,560,ok,16800,15,1120,560,ok
0,24,0.5,20,ema_spread_9_21_z,9,6.0,0.016056682154253488,0.0,2,entry,8400,16800,15,1120,560,ok,16800,15,1120,560,ok
0,24,0.5,20,ema_spread_100_200_z,10,6.0,0.01357108002088886,0.0,2,exit,8400,16800,15,1120,560,ok,16800,15,1120,560,ok
0,24,0.5,20,volatility_168_sqrt_z,11,7.0,0.015871278582937354,0.0,1,entry,8400,16800,15,1120,560,ok,16800,15,1120,560,ok
0,24,0.5,20,ema_slope_21_z,12,7.0,0.008240172536261192,0.0,1,exit,8400,16800,15,1120,560,ok,16800,15,1120,560,ok
0,24,0.5,20,log_ret_168_z,13,8.0,0.015108095995411297,0.0,2,exit,8400,16800,15,1120,560,ok,16800,15,1120,560,ok
0,24,0.5,20,NATR_14_z,14,9.0,0.013479805431041547,0.0,1,exit,8400,16800,15,1120,560,ok,16800,15,1120,560,ok
0,24,0.5,20,volatility_72_sqrt_z,15,10.0,0.014971783566800234,0.0,2,entry,8400,16800,15,1120,560,ok,16800,15,1120,560,ok
0,24,0.5,20,ema_spread_21_50_z,16,11.0,0.01452007671077532,0.0,1,entry,8400,16800,15,1120,560,ok,16800,15,1120,560,ok
0,24,0.5,20,MOM_pct_72_z,17,11.0,0.0079647956446528,0.0,1,exit,8400,16800,15,1120,560,ok,16800,15,1120,560,ok
0,24,0.5,20,dist_ema_9_z,18,12.0,0.01383794789004894,0.0,1,entry,8400,16800,15,1120,560,ok,16800,15,1120,560,ok
0,24,0.5,20,vol_ratio_168_log1p_z,19,12.0,0.012600664814346352,0.0,1,exit,8400,16800,15,1120,560,ok,16800,15,1120,560,ok
0,24,0.5,20,ret_accel_24_72_z,20,13.0,0.013619422755116573,0.0,1,entry,8400,16800,15,1120,560,ok,16800,15,1120,560,ok
0,24,0.5,26,ADX_72_scaled,1,1.0,0.02968766754796115,0.0,2,both_tie,8400,16800,15,1120,560,ok,16800,15,1120,560,ok
0,24,0.5,26,RSI_72_bounded,2,2.0,0.023295696471911376,0.0,1,entry,8400,16800,15,1120,560,ok,16800,15,1120,560,ok
0,24,0.5,26,volatility_24_sqrt_z,3,2.0,0.009705049199628668,0.0,1,exit,8400,16800,15,1120,560,ok,16800,15,1120,560,ok
0,24,0.5,26,ADX_30_scaled,4,3.0,0.02194301863136333,0.0,2,entry,8400,16800,15,1120,560,ok,16800,15,1120,560,ok
0,24,0.5,26,dist_ema_200_z,5,3.0,0.011183030769249924,0.0,1,exit,8400,16800,15,1120,560,ok,16800,15,1120,560,ok
0,24,0.5,26,ema_spread_50_100_z,6,4.0,0.015155345015894106,0.0,2,exit,8400,16800,15,1120,560,ok,16800,15,1120,560,ok
0,24,0.5,26,RSI_30_bounded,7,4.0,0.019805525424578585,0.0,1,entry,8400,16800,15,1120,560,ok,16800,15,1120,560,ok
0,24,0.5,26,RSI_14_bounded,8,5.0,0.017781844838809235,0.0,1,entry,8400,16800,15,1120,560,ok,16800,15,1120,560,ok
0,24,0.5,26,ema_spread_9_21_z,9,6.0,0.016056682154253488,0.0,2,entry,8400,16800,15,1120,560,ok,16800,15,1120,560,ok
0,24,0.5,26,ema_spread_100_200_z,10,6.0,0.01357108002088886,0.0,2,exit,8400,16800,15,1120,560,ok,16800,15,1120,560,ok
0,24,0.5,26,volatility_168_sqrt_z,11,7.0,0.015871278582937354,0.0,1,entry,8400,16800,15,1120,560,ok,16800,15,1120,560,ok
0,24,0.5,26,ema_slope_21_z,12,7.0,0.008240172536261192,0.0,1,exit,8400,16800,15,1120,560,ok,16800,15,1120,560,ok
0,24,0.5,26,log_ret_168_z,13,8.0,0.015108095995411297,0.0,2,exit,8400,16800,15,1120,560,ok,16800,15,1120,560,ok
0,24,0.5,26,NATR_14_z,14,9.0,0.013479805431041547,0.0,1,exit,8400,16800,15,1120,560,ok,16800,15,1120,560,ok
0,24,0.5,26,volatility_72_sqrt_z,15,10.0,0.014971783566800234,0.0,2,entry,8400,16800,15,1120,560,ok,16800,15,1120,560,ok
0,24,0.5,26,ema_spread_21_50_z,16,11.0,0.01452007671077532,0.0,1,entry,8400,16800,15,1120,560,ok,16800,15,1120,560,ok
0,24,0.5,26,MOM_pct_72_z,17,11.0,0.0079647956446528,0.0,1,exit,8400,16800,15,1120,560,ok,16800,15,1120,560,ok
0,24,0.5,26,dist_ema_9_z,18,12.0,0.01383794789004894,0.0,1,entry,8400,16800,15,1120,560,ok,16800,15,1120,560,ok
0,24,0.5,26,vol_ratio_168_log1p_z,19,12.0,0.012600664814346352,0.0,1,exit,8400,16800,15,1120,560,ok,16800,15,1120,560,ok
0,24,0.5,26,ret_accel_24_72_z,20,13.0,0.013619422755116573,0.0,1,entry,8400,16800,15,1120,560,ok,16800,15,1120,560,ok
0,24,0.5,26,MOM_pct_30_z,21,13.0,0.0064006569453275985,0.0,1,exit,8400,16800,15,1120,560,ok,16800,15,1120,560,ok
0,24,0.5,26,MOM_pct_14_z,22,15.0,0.007652020329422193,0.0,0,exit,8400,16800,15,1120,560,ok,16800,15,1120,560,ok
0,24,0.5,26,ADX_14_scaled,23,16.0,0.013216823066128258,0.0,0,entry,8400,16800,15,1120,560,ok,16800,15,1120,560,ok
0,24,0.5,26,vol_expansion_72_log1p_z,24,16.0,0.004403390215661662,0.0,0,exit,8400,16800,15,1120,560,ok,16800,15,1120,560,ok
0,24,0.5,26,ema_slope_50_z,25,17.0,0.009237592697335484,0.0,0,exit,8400,16800,15,1120,560,ok,16800,15,1120,560,ok
0,24,0.5,26,ret_accel_6_24_z,26,18.0,0.011304573245997152,0.0,0,entry,8400,16800,15,1120,560,ok,16800,15,1120,560,ok
1,24,0.5,7,RSI_72_bounded,1,1.0,0.026991998363187275,0.0,2,entry,8400,16800,15,1120,560,ok,16800,15,1120,560,ok
1,24,0.5,7,ADX_72_scaled,2,1.0,0.021734197768515706,0.0,2,exit,8400,16800,15,1120,560,ok,16800,15,1120,560,ok
1,24,0.5,7,price_pos_in_range_168_norm,3,2.0,0.023057679419370036,0.0,2,both_tie,8400,16800,15,1116,558,ok,16800,15,1116,558,ok
1,24,0.5,7,volatility_24_sqrt_z,4,3.0,0.009064909849860858,0.0,1,exit,8400,16800,15,1120,560,ok,16800,15,1120,560,ok
1,24,0.5,7,RSI_30_bounded,5,4.0,0.021197178490643342,0.0,2,entry,8400,16800,15,1120,560,ok,16800,15,1120,560,ok
1,24,0.5,7,ema_spread_100_200_z,6,4.0,0.019503711036526983,0.0,2,exit,8400,16800,15,1120,560,ok,16800,15,1120,560,ok
1,24,0.5,7,log_ret_168_z,7,5.0,0.009793612671133656,0.0,1,exit,8400,16800,15,1120,560,ok,16800,15,1120,560,ok
1,24,0.5,14,RSI_72_bounded,1,1.0,0.026991998363187275,0.0,2,entry,8400,16800,15,1120,560,ok,16800,15,1120,560,ok
1,24,0.5,14,ADX_72_scaled,2,1.0,0.021734197768515706,0.0,2,exit,8400,16800,15,1120,560,ok,16800,15,1120,560,ok
1,24,0.5,14,price_pos_in_range_168_norm,3,2.0,0.023057679419370036,0.0,2,both_tie,8400,16800,15,1116,558,ok,16800,15,1116,558,ok
1,24,0.5,14,volatility_24_sqrt_z,4,3.0,0.009064909849860858,0.0,1,exit,8400,16800,15,1120,560,ok,16800,15,1120,560,ok
1,24,0.5,14,RSI_30_bounded,5,4.0,0.021197178490643342,0.0,2,entry,8400,16800,15,1120,560,ok,16800,15,1120,560,ok
1,24,0.5,14,ema_spread_100_200_z,6,4.0,0.019503711036526983,0.0,2,exit,8400,16800,15,1120,560,ok,16800,15,1120,560,ok
1,24,0.5,14,log_ret_168_z,7,5.0,0.009793612671133656,0.0,1,exit,8400,16800,15,1120,560,ok,16800,15,1120,560,ok
1,24,0.5,14,RSI_14_bounded,8,6.0,0.01734481465561838,0.0,2,entry,8400,16800,15,1120,560,ok,16800,15,1120,560,ok
1,24,0.5,14,ret_accel_24_72_z,9,7.0,0.016116128716755662,0.0,1,entry,8400,16800,15,1120,560,ok,16800,15,1120,560,ok
1,24,0.5,14,price_pos_in_range_72_norm,10,7.0,0.010555408555498302,0.0,1,exit,8400,16800,15,1120,560,ok,16800,15,1120,560,ok
1,24,0.5,14,ema_spread_50_100_z,11,8.0,0.014134666266345686,0.0,2,both_tie,8400,16800,15,1120,560,ok,16800,15,1120,560,ok
1,24,0.5,14,volatility_72_sqrt_z,12,9.0,0.013833549821328228,0.0,2,both_tie,8400,16800,15,1120,560,ok,16800,15,1120,560,ok
1,24,0.5,14,NATR_14_z,13,10.0,0.012401938667334023,0.0,1,entry,8400,16800,15,1120,560,ok,16800,15,1120,560,ok
1,24,0.5,14,ema_spread_21_50_z,14,11.0,0.011831346000627407,0.0,1,entry,8400,16800,15,1120,560,ok,16800,15,1120,560,ok
1,24,0.5,20,RSI_72_bounded,1,1.0,0.026991998363187275,0.0,2,entry,8400,16800,15,1120,560,ok,16800,15,1120,560,ok
1,24,0.5,20,ADX_72_scaled,2,1.0,0.021734197768515706,0.0,2,exit,8400,16800,15,1120,560,ok,16800,15,1120,560,ok
1,24,0.5,20,price_pos_in_range_168_norm,3,2.0,0.023057679419370036,0.0,2,both_tie,8400,16800,15,1116,558,ok,16800,15,1116,558,ok
1,24,0.5,20,volatility_24_sqrt_z,4,3.0,0.009064909849860858,0.0,1,exit,8400,16800,15,1120,560,ok,16800,15,1120,560,ok
1,24,0.5,20,RSI_30_bounded,5,4.0,0.021197178490643342,0.0,2,entry,8400,16800,15,1120,560,ok,16800,15,1120,560,ok
1,24,0.5,20,ema_spread_100_200_z,6,4.0,0.019503711036526983,0.0,2,exit,8400,16800,15,1120,560,ok,16800,15,1120,560,ok
1,24,0.5,20,log_ret_168_z,7,5.0,0.009793612671133656,0.0,1,exit,8400,16800,15,1120,560,ok,16800,15,1120,560,ok
1,24,0.5,20,RSI_14_bounded,8,6.0,0.01734481465561838,0.0,2,entry,8400,16800,15,1120,560,ok,16800,15,1120,560,ok
1,24,0.5,20,ret_accel_24_72_z,9,7.0,0.016116128716755662,0.0,1,entry,8400,16800,15,1120,560,ok,16800,15,1120,560,ok
1,24,0.5,20,price_pos_in_range_72_norm,10,7.0,0.010555408555498302,0.0,1,exit,8400,16800,15,1120,560,ok,16800,15,1120,560,ok
1,24,0.5,20,ema_spread_50_100_z,11,8.0,0.014134666266345686,0.0,2,both_tie,8400,16800,15,1120,560,ok,16800,15,1120,560,ok
1,24,0.5,20,volatility_72_sqrt_z,12,9.0,0.013833549821328228,0.0,2,both_tie,8400,16800,15,1120,560,ok,16800,15,1120,560,ok
1,24,0.5,20,NATR_14_z,13,10.0,0.012401938667334023,0.0,1,entry,8400,16800,15,1120,560,ok,16800,15,1120,560,ok
1,24,0.5,20,ema_spread_21_50_z,14,11.0,0.011831346000627407,0.0,1,entry,8400,16800,15,1120,560,ok,16800,15,1120,560,ok
1,24,0.5,20,ADX_14_scaled,15,11.0,0.0040057078937477675,0.0,1,exit,8400,16800,15,1120,560,ok,16800,15,1120,560,ok
1,24,0.5,20,dist_to_low_24_sqrt_z,16,12.0,0.011605189542801875,0.0,1,entry,8400,16800,15,1120,560,ok,16800,15,1120,560,ok
1,24,0.5,20,dist_to_high_24_sqrt_z,17,13.0,0.011111074228662865,0.0,1,entry,8400,16800,15,1120,560,ok,16800,15,1120,560,ok
1,24,0.5,20,dist_to_high_168_sqrt_z,18,13.0,0.010229350138490634,0.0,1,exit,8400,16800,15,1120,560,ok,16800,15,1120,560,ok
1,24,0.5,20,dist_to_high_72_sqrt_z,19,14.0,0.011091645277562456,0.0,1,entry,8400,16800,15,1120,560,ok,16800,15,1120,560,ok
1,24,0.5,20,ret_accel_72_168_z,20,14.0,0.005119505531661628,0.0,1,exit,8400,16800,15,1120,560,ok,16800,15,1120,560,ok
1,24,0.5,26,RSI_72_bounded,1,1.0,0.026991998363187275,0.0,2,entry,8400,16800,15,1120,560,ok,16800,15,1120,560,ok
1,24,0.5,26,ADX_72_scaled,2,1.0,0.021734197768515706,0.0,2,exit,8400,16800,15,1120,560,ok,16800,15,1120,560,ok
1,24,0.5,26,price_pos_in_range_168_norm,3,2.0,0.023057679419370036,0.0,2,both_tie,8400,16800,15,1116,558,ok,16800,15,1116,558,ok
1,24,0.5,26,volatility_24_sqrt_z,4,3.0,0.009064909849860858,0.0,1,exit,8400,16800,15,1120,560,ok,16800,15,1120,560,ok
1,24,0.5,26,RSI_30_bounded,5,4.0,0.021197178490643342,0.0,2,entry,8400,16800,15,1120,560,ok,16800,15,1120,560,ok
1,24,0.5,26,ema_spread_100_200_z,6,4.0,0.019503711036526983,0.0,2,exit,8400,16800,15,1120,560,ok,16800,15,1120,560,ok
1,24,0.5,26,log_ret_168_z,7,5.0,0.009793612671133656,0.0,1,exit,8400,16800,15,1120,560,ok,16800,15,1120,560,ok
1,24,0.5,26,RSI_14_bounded,8,6.0,0.01734481465561838,0.0,2,entry,8400,16800,15,1120,560,ok,16800,15,1120,560,ok
1,24,0.5,26,ret_accel_24_72_z,9,7.0,0.016116128716755662,0.0,1,entry,8400,16800,15,1120,560,ok,16800,15,1120,560,ok
1,24,0.5,26,price_pos_in_range_72_norm,10,7.0,0.010555408555498302,0.0,1,exit,8400,16800,15,1120,560,ok,16800,15,1120,560,ok
1,24,0.5,26,ema_spread_50_100_z,11,8.0,0.014134666266345686,0.0,2,both_tie,8400,16800,15,1120,560,ok,16800,15,1120,560,ok
1,24,0.5,26,volatility_72_sqrt_z,12,9.0,0.013833549821328228,0.0,2,both_tie,8400,16800,15,1120,560,ok,16800,15,1120,560,ok
1,24,0.5,26,NATR_14_z,13,10.0,0.012401938667334023,0.0,1,entry,8400,16800,15,1120,560,ok,16800,15,1120,560,ok
1,24,0.5,26,ema_spread_21_50_z,14,11.0,0.011831346000627407,0.0,1,entry,8400,16800,15,1120,560,ok,16800,15,1120,560,ok
1,24,0.5,26,ADX_14_scaled,15,11.0,0.0040057078937477675,0.0,1,exit,8400,16800,15,1120,560,ok,16800,15,1120,560,ok
1,24,0.5,26,dist_to_low_24_sqrt_z,16,12.0,0.011605189542801875,0.0,1,entry,8400,16800,15,1120,560,ok,16800,15,1120,560,ok
1,24,0.5,26,dist_to_high_24_sqrt_z,17,13.0,0.011111074228662865,0.0,1,entry,8400,16800,15,1120,560,ok,16800,15,1120,560,ok
1,24,0.5,26,dist_to_high_168_sqrt_z,18,13.0,0.010229350138490634,0.0,1,exit,8400,16800,15,1120,560,ok,16800,15,1120,560,ok
1,24,0.5,26,dist_to_high_72_sqrt_z,19,14.0,0.011091645277562456,0.0,1,entry,8400,16800,15,1120,560,ok,16800,15,1120,560,ok
1,24,0.5,26,ret_accel_72_168_z,20,14.0,0.005119505531661628,0.0,1,exit,8400,16800,15,1120,560,ok,16800,15,1120,560,ok
1,24,0.5,26,range_sqrt_z,21,15.0,0.010931784675433875,0.0,0,entry,8400,16800,15,1120,560,ok,16800,15,1120,560,ok
1,24,0.5,26,vol_expansion_72_log1p_z,22,15.0,0.009289726825966904,0.0,0,exit,8400,16800,15,1120,560,ok,16800,15,1120,560,ok
1,24,0.5,26,MACD_hist_pct_z,23,16.0,0.01074671208832273,0.0,0,entry,8400,16800,15,1120,560,ok,16800,15,1120,560,ok
1,24,0.5,26,vol_expansion_168_log1p_z,24,17.0,0.01063324383655423,0.0,0,entry,8400,16800,15,1120,560,ok,16800,15,1120,560,ok
1,24,0.5,26,bb_width_20_sqrt_z,25,17.0,0.003805532344085316,0.0,0,exit,8400,16800,15,1120,560,ok,16800,15,1120,560,ok
1,24,0.5,26,dist_to_low_72_sqrt_z,26,18.0,0.0014573395280380597,0.0,0,exit,8400,16800,15,1120,560,ok,16800,15,1120,560,ok
2,24,0.5,7,ADX_30_scaled,1,1.0,0.020035910283749625,0.0,2,entry,8400,16800,15,1120,560,ok,16800,15,1120,560,ok
2,24,0.5,7,price_pos_in_range_168_norm,2,1.0,0.020031909906478296,0.0,1,exit,8400,16800,15,1120,560,ok,16800,15,1120,560,ok
2,24,0.5,7,volatility_72_sqrt_z,3,2.0,0.018047164755648826,0.0,2,both_tie,8400,16800,15,1120,560,ok,16800,15,1120,560,ok
2,24,0.5,7,ema_spread_100_200_z,4,3.0,0.017036974500350188,0.0,2,exit,8400,16800,15,1120,560,ok,16800,15,1120,560,ok
2,24,0.5,7,ema_spread_50_100_z,5,3.0,0.012698784860320722,0.0,1,entry,8400,16800,15,1120,560,ok,16800,15,1120,560,ok
2,24,0.5,7,RSI_72_bounded,6,4.0,0.01676727028438829,0.0,2,entry,8400,16800,15,1120,560,ok,16800,15,1120,560,ok
2,24,0.5,7,bb_width_20_sqrt_z,7,4.0,0.017036457000173144,0.0,1,exit,8400,16800,15,1120,560,ok,16800,15,1120,560,ok
2,24,0.5,14,ADX_30_scaled,1,1.0,0.020035910283749625,0.0,2,entry,8400,16800,15,1120,560,ok,16800,15,1120,560,ok
2,24,0.5,14,price_pos_in_range_168_norm,2,1.0,0.020031909906478296,0.0,1,exit,8400,16800,15,1120,560,ok,16800,15,1120,560,ok
2,24,0.5,14,volatility_72_sqrt_z,3,2.0,0.018047164755648826,0.0,2,both_tie,8400,16800,15,1120,560,ok,16800,15,1120,560,ok
2,24,0.5,14,ema_spread_100_200_z,4,3.0,0.017036974500350188,0.0,2,exit,8400,16800,15,1120,560,ok,16800,15,1120,560,ok
2,24,0.5,14,ema_spread_50_100_z,5,3.0,0.012698784860320722,0.0,1,entry,8400,16800,15,1120,560,ok,16800,15,1120,560,ok
2,24,0.5,14,RSI_72_bounded,6,4.0,0.01676727028438829,0.0,2,entry,8400,16800,15,1120,560,ok,16800,15,1120,560,ok
2,24,0.5,14,bb_width_20_sqrt_z,7,4.0,0.017036457000173144,0.0,1,exit,8400,16800,15,1120,560,ok,16800,15,1120,560,ok
2,24,0.5,14,ema_spread_9_21_z,8,5.0,0.014319767413320583,0.0,2,entry,8400,16800,15,1120,560,ok,16800,15,1120,560,ok
2,24,0.5,14,dist_to_high_168_sqrt_z,9,5.0,0.016859866874815832,0.0,1,exit,8400,16800,15,1120,560,ok,16800,15,1120,560,ok
2,24,0.5,14,ema_slope_21_z,10,6.0,0.014131527032608171,0.0,2,entry,8400,16800,15,1120,560,ok,16800,15,1120,560,ok
2,24,0.5,14,volatility_24_sqrt_z,11,7.0,0.016008576122841622,0.0,1,exit,8400,16800,15,1120,560,ok,16800,15,1120,560,ok
2,24,0.5,14,ema_slope_50_z,12,8.0,0.015587549624793251,0.0,2,exit,8400,16800,15,1120,560,ok,16800,15,1120,560,ok
2,24,0.5,14,RSI_30_bounded,13,8.0,0.010314646359662116,0.0,1,entry,8400,16800,15,1120,560,ok,16800,15,1120,560,ok
2,24,0.5,14,ADX_72_scaled,14,9.0,0.015573705929504578,0.0,2,exit,8400,16800,15,1120,560,ok,16800,15,1120,560,ok
2,24,0.5,20,ADX_30_scaled,1,1.0,0.020035910283749625,0.0,2,entry,8400,16800,15,1120,560,ok,16800,15,1120,560,ok
2,24,0.5,20,price_pos_in_range_168_norm,2,1.0,0.020031909906478296,0.0,1,exit,8400,16800,15,1120,560,ok,16800,15,1120,560,ok
2,24,0.5,20,volatility_72_sqrt_z,3,2.0,0.018047164755648826,0.0,2,both_tie,8400,16800,15,1120,560,ok,16800,15,1120,560,ok
2,24,0.5,20,ema_spread_100_200_z,4,3.0,0.017036974500350188,0.0,2,exit,8400,16800,15,1120,560,ok,16800,15,1120,560,ok
2,24,0.5,20,ema_spread_50_100_z,5,3.0,0.012698784860320722,0.0,1,entry,8400,16800,15,1120,560,ok,16800,15,1120,560,ok
2,24,0.5,20,RSI_72_bounded,6,4.0,0.01676727028438829,0.0,2,entry,8400,16800,15,1120,560,ok,16800,15,1120,560,ok
2,24,0.5,20,bb_width_20_sqrt_z,7,4.0,0.017036457000173144,0.0,1,exit,8400,16800,15,1120,560,ok,16800,15,1120,560,ok
2,24,0.5,20,ema_spread_9_21_z,8,5.0,0.014319767413320583,0.0,2,entry,8400,16800,15,1120,560,ok,16800,15,1120,560,ok
2,24,0.5,20,dist_to_high_168_sqrt_z,9,5.0,0.016859866874815832,0.0,1,exit,8400,16800,15,1120,560,ok,16800,15,1120,560,ok
2,24,0.5,20,ema_slope_21_z,10,6.0,0.014131527032608171,0.0,2,entry,8400,16800,15,1120,560,ok,16800,15,1120,560,ok
2,24,0.5,20,volatility_24_sqrt_z,11,7.0,0.016008576122841622,0.0,1,exit,8400,16800,15,1120,560,ok,16800,15,1120,560,ok
2,24,0.5,20,ema_slope_50_z,12,8.0,0.015587549624793251,0.0,2,exit,8400,16800,15,1120,560,ok,16800,15,1120,560,ok
2,24,0.5,20,RSI_30_bounded,13,8.0,0.010314646359662116,0.0,1,entry,8400,16800,15,1120,560,ok,16800,15,1120,560,ok
2,24,0.5,20,ADX_72_scaled,14,9.0,0.015573705929504578,0.0,2,exit,8400,16800,15,1120,560,ok,16800,15,1120,560,ok
2,24,0.5,20,ema_slope_100_z,15,10.0,0.01436273432261792,0.0,1,exit,8400,16800,15,1120,560,ok,16800,15,1120,560,ok
2,24,0.5,20,dist_to_low_24_sqrt_z,16,10.0,0.00900069885063548,0.0,1,entry,8400,16800,15,1120,560,ok,16800,15,1120,560,ok
2,24,0.5,20,ret_accel_6_24_z,17,11.0,0.00778713653332852,0.0,1,entry,8400,16800,15,1120,560,ok,16800,15,1120,560,ok
2,24,0.5,20,volatility_168_sqrt_z,18,13.0,0.009573667947643416,0.0,1,entry,8400,16800,15,1120,560,ok,16800,15,1120,560,ok
2,24,0.5,20,ema_slope_200_z,19,14.0,0.01298653494322094,0.0,1,exit,8400,16800,15,1120,560,ok,16800,15,1120,560,ok
2,24,0.5,20,log_ret_24_z,20,14.0,0.007300490813929583,0.0,1,entry,8400,16800,15,1120,560,ok,16800,15,1120,560,ok
2,24,0.5,26,ADX_30_scaled,1,1.0,0.020035910283749625,0.0,2,entry,8400,16800,15,1120,560,ok,16800,15,1120,560,ok
2,24,0.5,26,price_pos_in_range_168_norm,2,1.0,0.020031909906478296,0.0,1,exit,8400,16800,15,1120,560,ok,16800,15,1120,560,ok
2,24,0.5,26,volatility_72_sqrt_z,3,2.0,0.018047164755648826,0.0,2,both_tie,8400,16800,15,1120,560,ok,16800,15,1120,560,ok
2,24,0.5,26,ema_spread_100_200_z,4,3.0,0.017036974500350188,0.0,2,exit,8400,16800,15,1120,560,ok,16800,15,1120,560,ok
2,24,0.5,26,ema_spread_50_100_z,5,3.0,0.012698784860320722,0.0,1,entry,8400,16800,15,1120,560,ok,16800,15,1120,560,ok
2,24,0.5,26,RSI_72_bounded,6,4.0,0.01676727028438829,0.0,2,entry,8400,16800,15,1120,560,ok,16800,15,1120,560,ok
2,24,0.5,26,bb_width_20_sqrt_z,7,4.0,0.017036457000173144,0.0,1,exit,8400,16800,15,1120,560,ok,16800,15,1120,560,ok
2,24,0.5,26,ema_spread_9_21_z,8,5.0,0.014319767413320583,0.0,2,entry,8400,16800,15,1120,560,ok,16800,15,1120,560,ok
2,24,0.5,26,dist_to_high_168_sqrt_z,9,5.0,0.016859866874815832,0.0,1,exit,8400,16800,15,1120,560,ok,16800,15,1120,560,ok
2,24,0.5,26,ema_slope_21_z,10,6.0,0.014131527032608171,0.0,2,entry,8400,16800,15,1120,560,ok,16800,15,1120,560,ok
2,24,0.5,26,volatility_24_sqrt_z,11,7.0,0.016008576122841622,0.0,1,exit,8400,16800,15,1120,560,ok,16800,15,1120,560,ok
2,24,0.5,26,ema_slope_50_z,12,8.0,0.015587549624793251,0.0,2,exit,8400,16800,15,1120,560,ok,16800,15,1120,560,ok
2,24,0.5,26,RSI_30_bounded,13,8.0,0.010314646359662116,0.0,1,entry,8400,16800,15,1120,560,ok,16800,15,1120,560,ok
2,24,0.5,26,ADX_72_scaled,14,9.0,0.015573705929504578,0.0,2,exit,8400,16800,15,1120,560,ok,16800,15,1120,560,ok
2,24,0.5,26,ema_slope_100_z,15,10.0,0.01436273432261792,0.0,1,exit,8400,16800,15,1120,560,ok,16800,15,1120,560,ok
2,24,0.5,26,dist_to_low_24_sqrt_z,16,10.0,0.00900069885063548,0.0,1,entry,8400,16800,15,1120,560,ok,16800,15,1120,560,ok
2,24,0.5,26,ret_accel_6_24_z,17,11.0,0.00778713653332852,0.0,1,entry,8400,16800,15,1120,560,ok,16800,15,1120,560,ok
2,24,0.5,26,volatility_168_sqrt_z,18,13.0,0.009573667947643416,0.0,1,entry,8400,16800,15,1120,560,ok,16800,15,1120,560,ok
2,24,0.5,26,ema_slope_200_z,19,14.0,0.01298653494322094,0.0,1,exit,8400,16800,15,1120,560,ok,16800,15,1120,560,ok
2,24,0.5,26,log_ret_24_z,20,14.0,0.007300490813929583,0.0,1,entry,8400,16800,15,1120,560,ok,16800,15,1120,560,ok
2,24,0.5,26,MOM_pct_14_z,21,15.0,0.01278692071297266,0.0,0,exit,8400,16800,15,1120,560,ok,16800,15,1120,560,ok
2,24,0.5,26,dist_to_low_168_sqrt_z,22,15.0,0.0068634446138040595,0.0,0,entry,8400,16800,15,1120,560,ok,16800,15,1120,560,ok
2,24,0.5,26,MACD_hist_pct_z,23,16.0,0.012613666875502305,0.0,0,exit,8400,16800,15,1120,560,ok,16800,15,1120,560,ok
2,24,0.5,26,dist_ema_200_z,24,16.0,0.006794580263960404,0.0,0,entry,8400,16800,15,1120,560,ok,16800,15,1120,560,ok
2,24,0.5,26,price_pos_in_range_24_norm,25,17.0,0.007595121935037696,0.0,0,entry,8400,16800,15,1120,560,ok,16800,15,1120,560,ok
2,24,0.5,26,ema_slope_9_z,26,18.0,0.012311898953679956,0.0,0,exit,8400,16800,15,1120,560,ok,16800,15,1120,560,ok
3,24,0.5,7,ema_spread_100_200_z,1,1.0,0.02974413753291727,0.0,2,both_tie,8400,16800,15,1120,560,ok,16800,15,1120,560,ok
3,24,0.5,7,price_pos_in_range_72_norm,2,2.0,0.01837173584437729,0.0,2,exit,8400,16800,15,1120,560,ok,16800,15,1120,560,ok
3,24,0.5,7,ADX_30_scaled,3,2.0,0.01884905982196139,0.0,1,entry,8400,16800,15,1120,560,ok,16800,15,1120,560,ok
3,24,0.5,7,RSI_30_bounded,4,3.0,0.018567715607767155,0.0,2,entry,8400,16800,15,1120,560,ok,16800,15,1120,560,ok
3,24,0.5,7,RSI_72_bounded,5,3.0,0.018396042953265357,0.0,2,exit,8400,16800,15,1120,560,ok,16800,15,1120,560,ok
3,24,0.5,7,ema_spread_50_100_z,6,4.0,0.01796866492720861,0.0,2,exit,8400,16800,15,1120,560,ok,16800,15,1120,560,ok
3,24,0.5,7,ADX_72_scaled,7,5.0,0.017714742783408677,0.0,2,exit,8400,16800,15,1120,560,ok,16800,15,1120,560,ok
3,24,0.5,14,ema_spread_100_200_z,1,1.0,0.02974413753291727,0.0,2,both_tie,8400,16800,15,1120,560,ok,16800,15,1120,560,ok
3,24,0.5,14,price_pos_in_range_72_norm,2,2.0,0.01837173584437729,0.0,2,exit,8400,16800,15,1120,560,ok,16800,15,1120,560,ok
3,24,0.5,14,ADX_30_scaled,3,2.0,0.01884905982196139,0.0,1,entry,8400,16800,15,1120,560,ok,16800,15,1120,560,ok
3,24,0.5,14,RSI_30_bounded,4,3.0,0.018567715607767155,0.0,2,entry,8400,16800,15,1120,560,ok,16800,15,1120,560,ok
3,24,0.5,14,RSI_72_bounded,5,3.0,0.018396042953265357,0.0,2,exit,8400,16800,15,1120,560,ok,16800,15,1120,560,ok
3,24,0.5,14,ema_spread_50_100_z,6,4.0,0.01796866492720861,0.0,2,exit,8400,16800,15,1120,560,ok,16800,15,1120,560,ok
3,24,0.5,14,ADX_72_scaled,7,5.0,0.017714742783408677,0.0,2,exit,8400,16800,15,1120,560,ok,16800,15,1120,560,ok
3,24,0.5,14,price_pos_in_range_168_norm,8,6.0,0.016967133787691657,0.0,2,both_tie,8400,16800,15,1120,560,ok,16800,15,1120,560,ok
3,24,0.5,14,volatility_72_sqrt_z,9,7.0,0.011999720100226263,0.0,2,exit,8400,16800,15,1120,560,ok,16800,15,1120,560,ok
3,24,0.5,14,ema_slope_21_z,10,7.0,0.014658539068686194,0.0,1,entry,8400,16800,15,1120,560,ok,16800,15,1120,560,ok
3,24,0.5,14,RSI_14_bounded,11,8.0,0.013952627043903765,0.0,2,entry,8400,16800,15,1120,560,ok,16800,15,1120,560,ok
3,24,0.5,14,volatility_24_sqrt_z,12,8.0,0.011785293014160203,0.0,1,exit,8400,16800,15,1120,560,ok,16800,15,1120,560,ok
3,24,0.5,14,ema_spread_9_21_z,13,11.0,0.011899712364914716,0.0,1,entry,8400,16800,15,1120,560,ok,16800,15,1120,560,ok
3,24,0.5,14,log_ret_72_z,14,11.0,0.010032634989308509,0.0,1,exit,8400,16800,15,1120,560,ok,16800,15,1120,560,ok
3,24,0.5,20,ema_spread_100_200_z,1,1.0,0.02974413753291727,0.0,2,both_tie,8400,16800,15,1120,560,ok,16800,15,1120,560,ok
3,24,0.5,20,price_pos_in_range_72_norm,2,2.0,0.01837173584437729,0.0,2,exit,8400,16800,15,1120,560,ok,16800,15,1120,560,ok
3,24,0.5,20,ADX_30_scaled,3,2.0,0.01884905982196139,0.0,1,entry,8400,16800,15,1120,560,ok,16800,15,1120,560,ok
3,24,0.5,20,RSI_30_bounded,4,3.0,0.018567715607767155,0.0,2,entry,8400,16800,15,1120,560,ok,16800,15,1120,560,ok
3,24,0.5,20,RSI_72_bounded,5,3.0,0.018396042953265357,0.0,2,exit,8400,16800,15,1120,560,ok,16800,15,1120,560,ok
3,24,0.5,20,ema_spread_50_100_z,6,4.0,0.01796866492720861,0.0,2,exit,8400,16800,15,1120,560,ok,16800,15,1120,560,ok
3,24,0.5,20,ADX_72_scaled,7,5.0,0.017714742783408677,0.0,2,exit,8400,16800,15,1120,560,ok,16800,15,1120,560,ok
3,24,0.5,20,price_pos_in_range_168_norm,8,6.0,0.016967133787691657,0.0,2,both_tie,8400,16800,15,1120,560,ok,16800,15,1120,560,ok
3,24,0.5,20,volatility_72_sqrt_z,9,7.0,0.011999720100226263,0.0,2,exit,8400,16800,15,1120,560,ok,16800,15,1120,560,ok
3,24,0.5,20,ema_slope_21_z,10,7.0,0.014658539068686194,0.0,1,entry,8400,16800,15,1120,560,ok,16800,15,1120,560,ok
3,24,0.5,20,RSI_14_bounded,11,8.0,0.013952627043903765,0.0,2,entry,8400,16800,15,1120,560,ok,16800,15,1120,560,ok
3,24,0.5,20,volatility_24_sqrt_z,12,8.0,0.011785293014160203,0.0,1,exit,8400,16800,15,1120,560,ok,16800,15,1120,560,ok
3,24,0.5,20,ema_spread_9_21_z,13,11.0,0.011899712364914716,0.0,1,entry,8400,16800,15,1120,560,ok,16800,15,1120,560,ok
3,24,0.5,20,log_ret_72_z,14,11.0,0.010032634989308509,0.0,1,exit,8400,16800,15,1120,560,ok,16800,15,1120,560,ok
3,24,0.5,20,dist_to_high_72_sqrt_z,15,12.0,0.010516869218219593,0.0,2,exit,8400,16800,15,1120,560,ok,16800,15,1120,560,ok
3,24,0.5,20,ret_accel_24_72_z,16,13.0,0.010522067850164518,0.0,1,entry,8400,16800,15,1120,560,ok,16800,15,1120,560,ok
3,24,0.5,20,ret_accel_6_24_z,17,13.0,0.009860427116699988,0.0,1,exit,8400,16800,15,1120,560,ok,16800,15,1120,560,ok
3,24,0.5,20,MOM_pct_72_z,18,14.0,0.010375034305086905,0.0,1,exit,8400,16800,15,1120,560,ok,16800,15,1120,560,ok
3,24,0.5,20,volatility_168_sqrt_z,19,15.0,0.008722375680350558,0.0,0,exit,8400,16800,15,1120,560,ok,16800,15,1120,560,ok
3,24,0.5,20,ema_slope_50_z,20,16.0,0.01009963238173095,0.0,0,entry,8400,16800,15,1120,560,ok,16800,15,1120,560,ok
3,24,0.5,26,ema_spread_100_200_z,1,1.0,0.02974413753291727,0.0,2,both_tie,8400,16800,15,1120,560,ok,16800,15,1120,560,ok
3,24,0.5,26,price_pos_in_range_72_norm,2,2.0,0.01837173584437729,0.0,2,exit,8400,16800,15,1120,560,ok,16800,15,1120,560,ok
3,24,0.5,26,ADX_30_scaled,3,2.0,0.01884905982196139,0.0,1,entry,8400,16800,15,1120,560,ok,16800,15,1120,560,ok
3,24,0.5,26,RSI_30_bounded,4,3.0,0.018567715607767155,0.0,2,entry,8400,16800,15,1120,560,ok,16800,15,1120,560,ok
3,24,0.5,26,RSI_72_bounded,5,3.0,0.018396042953265357,0.0,2,exit,8400,16800,15,1120,560,ok,16800,15,1120,560,ok
3,24,0.5,26,ema_spread_50_100_z,6,4.0,0.01796866492720861,0.0,2,exit,8400,16800,15,1120,560,ok,16800,15,1120,560,ok
3,24,0.5,26,ADX_72_scaled,7,5.0,0.017714742783408677,0.0,2,exit,8400,16800,15,1120,560,ok,16800,15,1120,560,ok
3,24,0.5,26,price_pos_in_range_168_norm,8,6.0,0.016967133787691657,0.0,2,both_tie,8400,16800,15,1120,560,ok,16800,15,1120,560,ok
3,24,0.5,26,volatility_72_sqrt_z,9,7.0,0.011999720100226263,0.0,2,exit,8400,16800,15,1120,560,ok,16800,15,1120,560,ok
3,24,0.5,26,ema_slope_21_z,10,7.0,0.014658539068686194,0.0,1,entry,8400,16800,15,1120,560,ok,16800,15,1120,560,ok
3,24,0.5,26,RSI_14_bounded,11,8.0,0.013952627043903765,0.0,2,entry,8400,16800,15,1120,560,ok,16800,15,1120,560,ok
3,24,0.5,26,volatility_24_sqrt_z,12,8.0,0.011785293014160203,0.0,1,exit,8400,16800,15,1120,560,ok,16800,15,1120,560,ok
3,24,0.5,26,ema_spread_9_21_z,13,11.0,0.011899712364914716,0.0,1,entry,8400,16800,15,1120,560,ok,16800,15,1120,560,ok
3,24,0.5,26,log_ret_72_z,14,11.0,0.010032634989308509,0.0,1,exit,8400,16800,15,1120,560,ok,16800,15,1120,560,ok
3,24,0.5,26,dist_to_high_72_sqrt_z,15,12.0,0.010516869218219593,0.0,2,exit,8400,16800,15,1120,560,ok,16800,15,1120,560,ok
3,24,0.5,26,ret_accel_24_72_z,16,13.0,0.010522067850164518,0.0,1,entry,8400,16800,15,1120,560,ok,16800,15,1120,560,ok
3,24,0.5,26,ret_accel_6_24_z,17,13.0,0.009860427116699988,0.0,1,exit,8400,16800,15,1120,560,ok,16800,15,1120,560,ok
3,24,0.5,26,MOM_pct_72_z,18,14.0,0.010375034305086905,0.0,1,exit,8400,16800,15,1120,560,ok,16800,15,1120,560,ok
3,24,0.5,26,volatility_168_sqrt_z,19,15.0,0.008722375680350558,0.0,0,exit,8400,16800,15,1120,560,ok,16800,15,1120,560,ok
3,24,0.5,26,ema_slope_50_z,20,16.0,0.01009963238173095,0.0,0,entry,8400,16800,15,1120,560,ok,16800,15,1120,560,ok
3,24,0.5,26,ADX_14_scaled,21,17.0,0.007559136590393145,0.0,0,exit,8400,16800,15,1120,560,ok,16800,15,1120,560,ok
3,24,0.5,26,ema_slope_200_z,22,18.0,0.006825812536076559,0.0,0,exit,8400,16800,15,1120,560,ok,16800,15,1120,560,ok
3,24,0.5,26,ret_accel_72_168_z,23,19.0,0.008101093050493113,0.0,0,entry,8400,16800,15,1120,560,ok,16800,15,1120,560,ok
3,24,0.5,26,dist_to_high_168_sqrt_z,24,19.0,0.007528715984942758,0.0,0,exit,8400,16800,15,1120,560,ok,16800,15,1120,560,ok
3,24,0.5,26,ema_spread_21_50_z,25,20.0,0.008069897057828679,0.0,0,both_tie,8400,16800,15,1120,560,ok,16800,15,1120,560,ok
3,24,0.5,26,MOM_pct_30_z,26,21.0,0.007797436553036996,0.0,0,entry,8400,16800,15,1120,560,ok,16800,15,1120,560,ok
4,24,0.5,7,ADX_72_scaled,1,1.0,0.02287772172055491,0.0,2,exit,8400,16800,15,1120,560,ok,16800,15,1120,560,ok
4,24,0.5,7,RSI_14_bounded,2,1.0,0.01844411672352536,0.0,2,entry,8400,16800,15,1120,560,ok,16800,15,1120,560,ok
4,24,0.5,7,RSI_72_bounded,3,3.0,0.01709623760779655,0.0,2,entry,8400,16800,15,1120,560,ok,16800,15,1120,560,ok
4,24,0.5,7,volatility_24_sqrt_z,4,3.0,0.01582704744530955,0.0,1,exit,8400,16800,15,1120,560,ok,16800,15,1120,560,ok
4,24,0.5,7,RSI_30_bounded,5,4.0,0.016844838316126154,0.0,2,entry,8400,16800,15,1120,560,ok,16800,15,1120,560,ok
4,24,0.5,7,ADX_30_scaled,6,4.0,0.016075545136558733,0.0,2,exit,8400,16800,15,1120,560,ok,16800,15,1120,560,ok
4,24,0.5,7,NATR_14_z,7,5.0,0.014839498525958728,0.0,1,exit,8400,16800,15,1120,560,ok,16800,15,1120,560,ok
4,24,0.5,14,ADX_72_scaled,1,1.0,0.02287772172055491,0.0,2,exit,8400,16800,15,1120,560,ok,16800,15,1120,560,ok
4,24,0.5,14,RSI_14_bounded,2,1.0,0.01844411672352536,0.0,2,entry,8400,16800,15,1120,560,ok,16800,15,1120,560,ok
4,24,0.5,14,RSI_72_bounded,3,3.0,0.01709623760779655,0.0,2,entry,8400,16800,15,1120,560,ok,16800,15,1120,560,ok
4,24,0.5,14,volatility_24_sqrt_z,4,3.0,0.01582704744530955,0.0,1,exit,8400,16800,15,1120,560,ok,16800,15,1120,560,ok
4,24,0.5,14,RSI_30_bounded,5,4.0,0.016844838316126154,0.0,2,entry,8400,16800,15,1120,560,ok,16800,15,1120,560,ok
4,24,0.5,14,ADX_30_scaled,6,4.0,0.016075545136558733,0.0,2,exit,8400,16800,15,1120,560,ok,16800,15,1120,560,ok
4,24,0.5,14,NATR_14_z,7,5.0,0.014839498525958728,0.0,1,exit,8400,16800,15,1120,560,ok,16800,15,1120,560,ok
4,24,0.5,14,volatility_72_sqrt_z,8,6.0,0.014400690736379285,0.0,2,entry,8400,16800,15,1120,560,ok,16800,15,1120,560,ok
4,24,0.5,14,volatility_168_sqrt_z,9,6.0,0.013155061187600736,0.0,2,exit,8400,16800,15,1120,560,ok,16800,15,1120,560,ok
4,24,0.5,14,bb_width_20_sqrt_z,10,8.0,0.011313543957727212,0.0,2,exit,8400,16800,15,1120,560,ok,16800,15,1120,560,ok
4,24,0.5,14,ret_accel_24_72_z,11,8.0,0.01163918021678878,0.0,1,entry,8400,16800,15,1120,560,ok,16800,15,1120,560,ok
4,24,0.5,14,price_pos_in_range_72_norm,12,9.0,0.011133990873439581,0.0,1,exit,8400,16800,15,1120,560,ok,16800,15,1120,560,ok
4,24,0.5,14,ret_accel_6_24_z,13,9.0,0.009443523371115203,0.0,1,entry,8400,16800,15,1120,560,ok,16800,15,1120,560,ok
4,24,0.5,14,price_pos_in_range_168_norm,14,10.0,0.010672912404343982,0.0,1,exit,8400,16800,15,1118,559,ok,16800,15,1118,559,ok
4,24,0.5,20,ADX_72_scaled,1,1.0,0.02287772172055491,0.0,2,exit,8400,16800,15,1120,560,ok,16800,15,1120,560,ok
4,24,0.5,20,RSI_14_bounded,2,1.0,0.01844411672352536,0.0,2,entry,8400,16800,15,1120,560,ok,16800,15,1120,560,ok
4,24,0.5,20,RSI_72_bounded,3,3.0,0.01709623760779655,0.0,2,entry,8400,16800,15,1120,560,ok,16800,15,1120,560,ok
4,24,0.5,20,volatility_24_sqrt_z,4,3.0,0.01582704744530955,0.0,1,exit,8400,16800,15,1120,560,ok,16800,15,1120,560,ok
4,24,0.5,20,RSI_30_bounded,5,4.0,0.016844838316126154,0.0,2,entry,8400,16800,15,1120,560,ok,16800,15,1120,560,ok
4,24,0.5,20,ADX_30_scaled,6,4.0,0.016075545136558733,0.0,2,exit,8400,16800,15,1120,560,ok,16800,15,1120,560,ok
4,24,0.5,20,NATR_14_z,7,5.0,0.014839498525958728,0.0,1,exit,8400,16800,15,1120,560,ok,16800,15,1120,560,ok
4,24,0.5,20,volatility_72_sqrt_z,8,6.0,0.014400690736379285,0.0,2,entry,8400,16800,15,1120,560,ok,16800,15,1120,560,ok
4,24,0.5,20,volatility_168_sqrt_z,9,6.0,0.013155061187600736,0.0,2,exit,8400,16800,15,1120,560,ok,16800,15,1120,560,ok
4,24,0.5,20,bb_width_20_sqrt_z,10,8.0,0.011313543957727212,0.0,2,exit,8400,16800,15,1120,560,ok,16800,15,1120,560,ok
4,24,0.5,20,ret_accel_24_72_z,11,8.0,0.01163918021678878,0.0,1,entry,8400,16800,15,1120,560,ok,16800,15,1120,560,ok
4,24,0.5,20,price_pos_in_range_72_norm,12,9.0,0.011133990873439581,0.0,1,exit,8400,16800,15,1120,560,ok,16800,15,1120,560,ok
4,24,0.5,20,ret_accel_6_24_z,13,9.0,0.009443523371115203,0.0,1,entry,8400,16800,15,1120,560,ok,16800,15,1120,560,ok
4,24,0.5,20,price_pos_in_range_168_norm,14,10.0,0.010672912404343982,0.0,1,exit,8400,16800,15,1118,559,ok,16800,15,1118,559,ok
4,24,0.5,20,ema_spread_9_21_z,15,10.0,0.009260953294769725,0.0,1,entry,8400,16800,15,1120,560,ok,16800,15,1120,560,ok
4,24,0.5,20,log_ret_168_z,16,12.0,0.00990544215784428,0.0,1,exit,8400,16800,15,1120,560,ok,16800,15,1120,560,ok
4,24,0.5,20,ADX_14_scaled,17,12.0,0.00876263951758327,0.0,1,entry,8400,16800,15,1120,560,ok,16800,15,1120,560,ok
4,24,0.5,20,dist_to_low_24_sqrt_z,18,13.0,0.009853305299986903,0.0,1,exit,8400,16800,15,1120,560,ok,16800,15,1120,560,ok
4,24,0.5,20,log_ret_72_z,19,13.0,0.008209462287349867,0.0,1,entry,8400,16800,15,1120,560,ok,16800,15,1120,560,ok
4,24,0.5,20,range_sqrt_z,20,14.0,0.007866474855842354,0.0,1,entry,8400,16800,15,1120,560,ok,16800,15,1120,560,ok
4,24,0.5,26,ADX_72_scaled,1,1.0,0.02287772172055491,0.0,2,exit,8400,16800,15,1120,560,ok,16800,15,1120,560,ok
4,24,0.5,26,RSI_14_bounded,2,1.0,0.01844411672352536,0.0,2,entry,8400,16800,15,1120,560,ok,16800,15,1120,560,ok
4,24,0.5,26,RSI_72_bounded,3,3.0,0.01709623760779655,0.0,2,entry,8400,16800,15,1120,560,ok,16800,15,1120,560,ok
4,24,0.5,26,volatility_24_sqrt_z,4,3.0,0.01582704744530955,0.0,1,exit,8400,16800,15,1120,560,ok,16800,15,1120,560,ok
4,24,0.5,26,RSI_30_bounded,5,4.0,0.016844838316126154,0.0,2,entry,8400,16800,15,1120,560,ok,16800,15,1120,560,ok
4,24,0.5,26,ADX_30_scaled,6,4.0,0.016075545136558733,0.0,2,exit,8400,16800,15,1120,560,ok,16800,15,1120,560,ok
4,24,0.5,26,NATR_14_z,7,5.0,0.014839498525958728,0.0,1,exit,8400,16800,15,1120,560,ok,16800,15,1120,560,ok
4,24,0.5,26,volatility_72_sqrt_z,8,6.0,0.014400690736379285,0.0,2,entry,8400,16800,15,1120,560,ok,16800,15,1120,560,ok
4,24,0.5,26,volatility_168_sqrt_z,9,6.0,0.013155061187600736,0.0,2,exit,8400,16800,15,1120,560,ok,16800,15,1120,560,ok
4,24,0.5,26,bb_width_20_sqrt_z,10,8.0,0.011313543957727212,0.0,2,exit,8400,16800,15,1120,560,ok,16800,15,1120,560,ok
4,24,0.5,26,ret_accel_24_72_z,11,8.0,0.01163918021678878,0.0,1,entry,8400,16800,15,1120,560,ok,16800,15,1120,560,ok
4,24,0.5,26,price_pos_in_range_72_norm,12,9.0,0.011133990873439581,0.0,1,exit,8400,16800,15,1120,560,ok,16800,15,1120,560,ok
4,24,0.5,26,ret_accel_6_24_z,13,9.0,0.009443523371115203,0.0,1,entry,8400,16800,15,1120,560,ok,16800,15,1120,560,ok
4,24,0.5,26,price_pos_in_range_168_norm,14,10.0,0.010672912404343982,0.0,1,exit,8400,16800,15,1118,559,ok,16800,15,1118,559,ok
4,24,0.5,26,ema_spread_9_21_z,15,10.0,0.009260953294769725,0.0,1,entry,8400,16800,15,1120,560,ok,16800,15,1120,560,ok
4,24,0.5,26,log_ret_168_z,16,12.0,0.00990544215784428,0.0,1,exit,8400,16800,15,1120,560,ok,16800,15,1120,560,ok
4,24,0.5,26,ADX_14_scaled,17,12.0,0.00876263951758327,0.0,1,entry,8400,16800,15,1120,560,ok,16800,15,1120,560,ok
4,24,0.5,26,dist_to_low_24_sqrt_z,18,13.0,0.009853305299986903,0.0,1,exit,8400,16800,15,1120,560,ok,16800,15,1120,560,ok
4,24,0.5,26,log_ret_72_z,19,13.0,0.008209462287349867,0.0,1,entry,8400,16800,15,1120,560,ok,16800,15,1120,560,ok
4,24,0.5,26,range_sqrt_z,20,14.0,0.007866474855842354,0.0,1,entry,8400,16800,15,1120,560,ok,16800,15,1120,560,ok
4,24,0.5,26,MOM_pct_72_z,21,15.0,0.007334194952032802,0.0,0,entry,8400,16800,15,1120,560,ok,16800,15,1120,560,ok
4,24,0.5,26,dist_to_high_72_sqrt_z,22,16.0,0.0071049348479790275,0.0,0,entry,8400,16800,15,1120,560,ok,16800,15,1120,560,ok
4,24,0.5,26,ret_accel_72_168_z,23,18.0,0.006492315737701981,0.0,0,entry,8400,16800,15,1120,560,ok,16800,15,1120,560,ok
4,24,0.5,26,MOM_pct_30_z,24,19.0,0.006809201768484874,0.0,0,exit,8400,16800,15,1120,560,ok,16800,15,1120,560,ok
4,24,0.5,26,vol_expansion_72_log1p_z,25,19.0,0.006396039371577789,0.0,0,entry,8400,16800,15,1120,560,ok,16800,15,1120,560,ok
4,24,0.5,26,ema_slope_50_z,26,20.0,0.0046038709095613806,0.0,0,entry,8400,16800,15,1120,560,ok,16800,15,1120,560,ok
5,24,0.5,7,ADX_72_scaled,1,1.0,0.020862429918311443,0.0,2,both_tie,8400,16800,15,1120,560,ok,16800,15,1120,560,ok
5,24,0.5,7,RSI_14_bounded,2,2.0,0.019424558065889996,0.0,2,exit,8400,16800,15,1120,560,ok,16800,15,1120,560,ok
5,24,0.5,7,volatility_72_sqrt_z,3,2.0,0.014835647169961885,0.0,2,entry,8400,16800,15,1120,560,ok,16800,15,1120,560,ok
5,24,0.5,7,RSI_30_bounded,4,3.0,0.014551810370572293,0.0,2,both_tie,8400,16800,15,1120,560,ok,16800,15,1120,560,ok
5,24,0.5,7,ADX_30_scaled,5,4.0,0.011577529173650625,0.0,2,exit,8400,16800,15,1120,560,ok,16800,15,1120,560,ok
5,24,0.5,7,price_pos_in_range_168_norm,6,5.0,0.013120896899588175,0.0,1,entry,8400,16800,15,1118,559,ok,16800,15,1118,559,ok
5,24,0.5,7,volatility_24_sqrt_z,7,5.0,0.010558418342242415,0.0,1,exit,8400,16800,15,1120,560,ok,16800,15,1120,560,ok
5,24,0.5,14,ADX_72_scaled,1,1.0,0.020862429918311443,0.0,2,both_tie,8400,16800,15,1120,560,ok,16800,15,1120,560,ok
5,24,0.5,14,RSI_14_bounded,2,2.0,0.019424558065889996,0.0,2,exit,8400,16800,15,1120,560,ok,16800,15,1120,560,ok
5,24,0.5,14,volatility_72_sqrt_z,3,2.0,0.014835647169961885,0.0,2,entry,8400,16800,15,1120,560,ok,16800,15,1120,560,ok
5,24,0.5,14,RSI_30_bounded,4,3.0,0.014551810370572293,0.0,2,both_tie,8400,16800,15,1120,560,ok,16800,15,1120,560,ok
5,24,0.5,14,ADX_30_scaled,5,4.0,0.011577529173650625,0.0,2,exit,8400,16800,15,1120,560,ok,16800,15,1120,560,ok
5,24,0.5,14,price_pos_in_range_168_norm,6,5.0,0.013120896899588175,0.0,1,entry,8400,16800,15,1118,559,ok,16800,15,1118,559,ok
5,24,0.5,14,volatility_24_sqrt_z,7,5.0,0.010558418342242415,0.0,1,exit,8400,16800,15,1120,560,ok,16800,15,1120,560,ok
5,24,0.5,14,RSI_72_bounded,8,6.0,0.012198986981349469,0.0,1,entry,8400,16800,15,1120,560,ok,16800,15,1120,560,ok
5,24,0.5,14,ema_spread_50_100_z,9,6.0,0.010142512149137084,0.0,1,exit,8400,16800,15,1120,560,ok,16800,15,1120,560,ok
5,24,0.5,14,NATR_14_z,10,7.0,0.011925501444158937,0.0,2,entry,8400,16800,15,1120,560,ok,16800,15,1120,560,ok
5,24,0.5,14,ADX_14_scaled,11,7.0,0.009334616503709925,0.0,2,exit,8400,16800,15,1120,560,ok,16800,15,1120,560,ok
5,24,0.5,14,bb_pos_20_norm,12,9.0,0.008275001439744356,0.0,2,exit,8400,16800,15,1120,560,ok,16800,15,1120,560,ok
5,24,0.5,14,ema_slope_50_z,13,9.0,0.009768927163615326,0.0,1,entry,8400,16800,15,1120,560,ok,16800,15,1120,560,ok
5,24,0.5,14,dist_ema_21_z,14,10.0,0.009295252536184462,0.0,1,entry,8400,16800,15,1120,560,ok,16800,15,1120,560,ok
5,24,0.5,20,ADX_72_scaled,1,1.0,0.020862429918311443,0.0,2,both_tie,8400,16800,15,1120,560,ok,16800,15,1120,560,ok
5,24,0.5,20,RSI_14_bounded,2,2.0,0.019424558065889996,0.0,2,exit,8400,16800,15,1120,560,ok,16800,15,1120,560,ok
5,24,0.5,20,volatility_72_sqrt_z,3,2.0,0.014835647169961885,0.0,2,entry,8400,16800,15,1120,560,ok,16800,15,1120,560,ok
5,24,0.5,20,RSI_30_bounded,4,3.0,0.014551810370572293,0.0,2,both_tie,8400,16800,15,1120,560,ok,16800,15,1120,560,ok
5,24,0.5,20,ADX_30_scaled,5,4.0,0.011577529173650625,0.0,2,exit,8400,16800,15,1120,560,ok,16800,15,1120,560,ok
5,24,0.5,20,price_pos_in_range_168_norm,6,5.0,0.013120896899588175,0.0,1,entry,8400,16800,15,1118,559,ok,16800,15,1118,559,ok
5,24,0.5,20,volatility_24_sqrt_z,7,5.0,0.010558418342242415,0.0,1,exit,8400,16800,15,1120,560,ok,16800,15,1120,560,ok
5,24,0.5,20,RSI_72_bounded,8,6.0,0.012198986981349469,0.0,1,entry,8400,16800,15,1120,560,ok,16800,15,1120,560,ok
5,24,0.5,20,ema_spread_50_100_z,9,6.0,0.010142512149137084,0.0,1,exit,8400,16800,15,1120,560,ok,16800,15,1120,560,ok
5,24,0.5,20,NATR_14_z,10,7.0,0.011925501444158937,0.0,2,entry,8400,16800,15,1120,560,ok,16800,15,1120,560,ok
5,24,0.5,20,ADX_14_scaled,11,7.0,0.009334616503709925,0.0,2,exit,8400,16800,15,1120,560,ok,16800,15,1120,560,ok
5,24,0.5,20,bb_pos_20_norm,12,9.0,0.008275001439744356,0.0,2,exit,8400,16800,15,1120,560,ok,16800,15,1120,560,ok
5,24,0.5,20,ema_slope_50_z,13,9.0,0.009768927163615326,0.0,1,entry,8400,16800,15,1120,560,ok,16800,15,1120,560,ok
5,24,0.5,20,dist_ema_21_z,14,10.0,0.009295252536184462,0.0,1,entry,8400,16800,15,1120,560,ok,16800,15,1120,560,ok
5,24,0.5,20,log_ret_168_z,15,10.0,0.0072475092345803405,0.0,1,exit,8400,16800,15,1120,560,ok,16800,15,1120,560,ok
5,24,0.5,20,ema_spread_100_200_z,16,11.0,0.008717778936941256,0.0,2,entry,8400,16800,15,1120,560,ok,16800,15,1120,560,ok
5,24,0.5,20,dist_to_low_168_sqrt_z,17,13.0,0.00772861257124724,0.0,1,exit,8400,16800,15,1120,560,ok,16800,15,1120,560,ok
5,24,0.5,20,dist_to_low_24_sqrt_z,18,14.0,0.008225307970467721,0.0,1,entry,8400,16800,15,1120,560,ok,16800,15,1120,560,ok
5,24,0.5,20,ema_slope_200_z,19,14.0,0.007342287011859017,0.0,1,exit,8400,16800,15,1120,560,ok,16800,15,1120,560,ok
5,24,0.5,20,dist_ema_9_z,20,15.0,0.008087058675802061,0.0,0,entry,8400,16800,15,1120,560,ok,16800,15,1120,560,ok
5,24,0.5,26,ADX_72_scaled,1,1.0,0.020862429918311443,0.0,2,both_tie,8400,16800,15,1120,560,ok,16800,15,1120,560,ok
5,24,0.5,26,RSI_14_bounded,2,2.0,0.019424558065889996,0.0,2,exit,8400,16800,15,1120,560,ok,16800,15,1120,560,ok
5,24,0.5,26,volatility_72_sqrt_z,3,2.0,0.014835647169961885,0.0,2,entry,8400,16800,15,1120,560,ok,16800,15,1120,560,ok
5,24,0.5,26,RSI_30_bounded,4,3.0,0.014551810370572293,0.0,2,both_tie,8400,16800,15,1120,560,ok,16800,15,1120,560,ok
5,24,0.5,26,ADX_30_scaled,5,4.0,0.011577529173650625,0.0,2,exit,8400,16800,15,1120,560,ok,16800,15,1120,560,ok
5,24,0.5,26,price_pos_in_range_168_norm,6,5.0,0.013120896899588175,0.0,1,entry,8400,16800,15,1118,559,ok,16800,15,1118,559,ok
5,24,0.5,26,volatility_24_sqrt_z,7,5.0,0.010558418342242415,0.0,1,exit,8400,16800,15,1120,560,ok,16800,15,1120,560,ok
5,24,0.5,26,RSI_72_bounded,8,6.0,0.012198986981349469,0.0,1,entry,8400,16800,15,1120,560,ok,16800,15,1120,560,ok
5,24,0.5,26,ema_spread_50_100_z,9,6.0,0.010142512149137084,0.0,1,exit,8400,16800,15,1120,560,ok,16800,15,1120,560,ok
5,24,0.5,26,NATR_14_z,10,7.0,0.011925501444158937,0.0,2,entry,8400,16800,15,1120,560,ok,16800,15,1120,560,ok
5,24,0.5,26,ADX_14_scaled,11,7.0,0.009334616503709925,0.0,2,exit,8400,16800,15,1120,560,ok,16800,15,1120,560,ok
5,24,0.5,26,bb_pos_20_norm,12,9.0,0.008275001439744356,0.0,2,exit,8400,16800,15,1120,560,ok,16800,15,1120,560,ok
5,24,0.5,26,ema_slope_50_z,13,9.0,0.009768927163615326,0.0,1,entry,8400,16800,15,1120,560,ok,16800,15,1120,560,ok
5,24,0.5,26,dist_ema_21_z,14,10.0,0.009295252536184462,0.0,1,entry,8400,16800,15,1120,560,ok,16800,15,1120,560,ok
5,24,0.5,26,log_ret_168_z,15,10.0,0.0072475092345803405,0.0,1,exit,8400,16800,15,1120,560,ok,16800,15,1120,560,ok
5,24,0.5,26,ema_spread_100_200_z,16,11.0,0.008717778936941256,0.0,2,entry,8400,16800,15,1120,560,ok,16800,15,1120,560,ok
5,24,0.5,26,dist_to_low_168_sqrt_z,17,13.0,0.00772861257124724,0.0,1,exit,8400,16800,15,1120,560,ok,16800,15,1120,560,ok
5,24,0.5,26,dist_to_low_24_sqrt_z,18,14.0,0.008225307970467721,0.0,1,entry,8400,16800,15,1120,560,ok,16800,15,1120,560,ok
5,24,0.5,26,ema_slope_200_z,19,14.0,0.007342287011859017,0.0,1,exit,8400,16800,15,1120,560,ok,16800,15,1120,560,ok
5,24,0.5,26,dist_ema_9_z,20,15.0,0.008087058675802061,0.0,0,entry,8400,16800,15,1120,560,ok,16800,15,1120,560,ok
5,24,0.5,26,bb_width_20_sqrt_z,21,15.0,0.006579986885481115,0.0,0,exit,8400,16800,15,1120,560,ok,16800,15,1120,560,ok
5,24,0.5,26,ret_accel_6_24_z,22,16.0,0.007962411560996419,0.0,0,entry,8400,16800,15,1120,560,ok,16800,15,1120,560,ok
5,24,0.5,26,volatility_168_sqrt_z,23,17.0,0.0053608385395388924,0.0,0,exit,8400,16800,15,1120,560,ok,16800,15,1120,560,ok
5,24,0.5,26,dist_to_high_72_sqrt_z,24,18.0,0.007565121619105608,0.0,0,entry,8400,16800,15,1120,560,ok,16800,15,1120,560,ok
5,24,0.5,26,price_pos_in_range_72_norm,25,18.0,0.004874335549212405,0.0,0,exit,8400,16800,15,1120,560,ok,16800,15,1120,560,ok
5,24,0.5,26,ema_slope_100_z,26,19.0,0.004514058314288916,0.0,0,exit,8400,16800,15,1120,560,ok,16800,15,1120,560,ok
6,24,0.5,7,ema_spread_100_200_z,1,1.0,0.028711911925988154,0.0,2,both_tie,8400,16800,15,1120,560,ok,16800,15,1120,560,ok
6,24,0.5,7,RSI_72_bounded,2,2.0,0.020258689925153728,0.0,2,exit,8400,16800,15,1120,560,ok,16800,15,1120,560,ok
6,24,0.5,7,ADX_30_scaled,3,2.0,0.027277032892330744,0.0,1,entry,8400,16800,15,1120,560,ok,16800,15,1120,560,ok
6,24,0.5,7,ADX_14_scaled,4,3.0,0.023761201805164334,0.0,2,both_tie,8400,16800,15,1120,560,ok,16800,15,1120,560,ok
6,24,0.5,7,volatility_168_sqrt_z,5,4.0,0.023532579859824987,0.0,2,entry,8400,16800,15,1120,560,ok,16800,15,1120,560,ok
6,24,0.5,7,volatility_24_sqrt_z,6,4.0,0.0152889719627744,0.0,1,exit,8400,16800,15,1120,560,ok,16800,15,1120,560,ok
6,24,0.5,7,volatility_72_sqrt_z,7,5.0,0.022660636654676602,0.0,2,entry,8400,16800,15,1120,560,ok,16800,15,1120,560,ok
6,24,0.5,14,ema_spread_100_200_z,1,1.0,0.028711911925988154,0.0,2,both_tie,8400,16800,15,1120,560,ok,16800,15,1120,560,ok
6,24,0.5,14,RSI_72_bounded,2,2.0,0.020258689925153728,0.0,2,exit,8400,16800,15,1120,560,ok,16800,15,1120,560,ok
6,24,0.5,14,ADX_30_scaled,3,2.0,0.027277032892330744,0.0,1,entry,8400,16800,15,1120,560,ok,16800,15,1120,560,ok
6,24,0.5,14,ADX_14_scaled,4,3.0,0.023761201805164334,0.0,2,both_tie,8400,16800,15,1120,560,ok,16800,15,1120,560,ok
6,24,0.5,14,volatility_168_sqrt_z,5,4.0,0.023532579859824987,0.0,2,entry,8400,16800,15,1120,560,ok,16800,15,1120,560,ok
6,24,0.5,14,volatility_24_sqrt_z,6,4.0,0.0152889719627744,0.0,1,exit,8400,16800,15,1120,560,ok,16800,15,1120,560,ok
6,24,0.5,14,volatility_72_sqrt_z,7,5.0,0.022660636654676602,0.0,2,entry,8400,16800,15,1120,560,ok,16800,15,1120,560,ok
6,24,0.5,14,RSI_30_bounded,8,5.0,0.020653456258893366,0.0,2,exit,8400,16800,15,1120,560,ok,16800,15,1120,560,ok
6,24,0.5,14,ema_spread_9_21_z,9,6.0,0.022339075405278908,0.0,1,entry,8400,16800,15,1120,560,ok,16800,15,1120,560,ok
6,24,0.5,14,bb_width_20_sqrt_z,10,6.0,0.014642881031355637,0.0,1,exit,8400,16800,15,1120,560,ok,16800,15,1120,560,ok
6,24,0.5,14,vol_ratio_168_log1p_z,11,7.0,0.00927537303019288,0.0,1,exit,8400,16800,15,1120,560,ok,16800,15,1120,560,ok
6,24,0.5,14,NATR_14_z,12,8.0,0.017096004371903673,0.0,1,exit,8400,16800,15,1120,560,ok,16800,15,1120,560,ok
6,24,0.5,14,ema_slope_50_z,13,9.0,0.020232609070989005,0.0,1,entry,8400,16800,15,1120,560,ok,16800,15,1120,560,ok
6,24,0.5,14,price_pos_in_range_168_norm,14,9.0,0.012493743430663784,0.0,1,exit,8400,16800,15,1120,560,ok,16800,15,1120,560,ok
6,24,0.5,20,ema_spread_100_200_z,1,1.0,0.028711911925988154,0.0,2,both_tie,8400,16800,15,1120,560,ok,16800,15,1120,560,ok
6,24,0.5,20,RSI_72_bounded,2,2.0,0.020258689925153728,0.0,2,exit,8400,16800,15,1120,560,ok,16800,15,1120,560,ok
6,24,0.5,20,ADX_30_scaled,3,2.0,0.027277032892330744,0.0,1,entry,8400,16800,15,1120,560,ok,16800,15,1120,560,ok
6,24,0.5,20,ADX_14_scaled,4,3.0,0.023761201805164334,0.0,2,both_tie,8400,16800,15,1120,560,ok,16800,15,1120,560,ok
6,24,0.5,20,volatility_168_sqrt_z,5,4.0,0.023532579859824987,0.0,2,entry,8400,16800,15,1120,560,ok,16800,15,1120,560,ok
6,24,0.5,20,volatility_24_sqrt_z,6,4.0,0.0152889719627744,0.0,1,exit,8400,16800,15,1120,560,ok,16800,15,1120,560,ok
6,24,0.5,20,volatility_72_sqrt_z,7,5.0,0.022660636654676602,0.0,2,entry,8400,16800,15,1120,560,ok,16800,15,1120,560,ok
6,24,0.5,20,RSI_30_bounded,8,5.0,0.020653456258893366,0.0,2,exit,8400,16800,15,1120,560,ok,16800,15,1120,560,ok
6,24,0.5,20,ema_spread_9_21_z,9,6.0,0.022339075405278908,0.0,1,entry,8400,16800,15,1120,560,ok,16800,15,1120,560,ok
6,24,0.5,20,bb_width_20_sqrt_z,10,6.0,0.014642881031355637,0.0,1,exit,8400,16800,15,1120,560,ok,16800,15,1120,560,ok
6,24,0.5,20,vol_ratio_168_log1p_z,11,7.0,0.00927537303019288,0.0,1,exit,8400,16800,15,1120,560,ok,16800,15,1120,560,ok
6,24,0.5,20,NATR_14_z,12,8.0,0.017096004371903673,0.0,1,exit,8400,16800,15,1120,560,ok,16800,15,1120,560,ok
6,24,0.5,20,ema_slope_50_z,13,9.0,0.020232609070989005,0.0,1,entry,8400,16800,15,1120,560,ok,16800,15,1120,560,ok
6,24,0.5,20,price_pos_in_range_168_norm,14,9.0,0.012493743430663784,0.0,1,exit,8400,16800,15,1120,560,ok,16800,15,1120,560,ok
6,24,0.5,20,RSI_14_bounded,15,10.0,0.018022872966481418,0.0,1,entry,8400,16800,15,1120,560,ok,16800,15,1120,560,ok
6,24,0.5,20,ADX_72_scaled,16,10.0,0.015707519545542337,0.0,1,exit,8400,16800,15,1120,560,ok,16800,15,1120,560,ok
6,24,0.5,20,dist_to_high_24_sqrt_z,17,11.0,0.017995279517282692,0.0,1,entry,8400,16800,15,1120,560,ok,16800,15,1120,560,ok
6,24,0.5,20,ema_spread_21_50_z,18,11.0,0.014868945309326975,0.0,1,exit,8400,16800,15,1120,560,ok,16800,15,1120,560,ok
6,24,0.5,20,ema_slope_21_z,19,12.0,0.017817047090289417,0.0,2,exit,8400,16800,15,1120,560,ok,16800,15,1120,560,ok
6,24,0.5,20,dist_ema_21_z,20,12.0,0.01793790520570049,0.0,1,entry,8400,16800,15,1120,560,ok,16800,15,1120,560,ok
6,24,0.5,26,ema_spread_100_200_z,1,1.0,0.028711911925988154,0.0,2,both_tie,8400,16800,15,1120,560,ok,16800,15,1120,560,ok
6,24,0.5,26,RSI_72_bounded,2,2.0,0.020258689925153728,0.0,2,exit,8400,16800,15,1120,560,ok,16800,15,1120,560,ok
6,24,0.5,26,ADX_30_scaled,3,2.0,0.027277032892330744,0.0,1,entry,8400,16800,15,1120,560,ok,16800,15,1120,560,ok
6,24,0.5,26,ADX_14_scaled,4,3.0,0.023761201805164334,0.0,2,both_tie,8400,16800,15,1120,560,ok,16800,15,1120,560,ok
6,24,0.5,26,volatility_168_sqrt_z,5,4.0,0.023532579859824987,0.0,2,entry,8400,16800,15,1120,560,ok,16800,15,1120,560,ok
6,24,0.5,26,volatility_24_sqrt_z,6,4.0,0.0152889719627744,0.0,1,exit,8400,16800,15,1120,560,ok,16800,15,1120,560,ok
6,24,0.5,26,volatility_72_sqrt_z,7,5.0,0.022660636654676602,0.0,2,entry,8400,16800,15,1120,560,ok,16800,15,1120,560,ok
6,24,0.5,26,RSI_30_bounded,8,5.0,0.020653456258893366,0.0,2,exit,8400,16800,15,1120,560,ok,16800,15,1120,560,ok
6,24,0.5,26,ema_spread_9_21_z,9,6.0,0.022339075405278908,0.0,1,entry,8400,16800,15,1120,560,ok,16800,15,1120,560,ok
6,24,0.5,26,bb_width_20_sqrt_z,10,6.0,0.014642881031355637,0.0,1,exit,8400,16800,15,1120,560,ok,16800,15,1120,560,ok
6,24,0.5,26,vol_ratio_168_log1p_z,11,7.0,0.00927537303019288,0.0,1,exit,8400,16800,15,1120,560,ok,16800,15,1120,560,ok
6,24,0.5,26,NATR_14_z,12,8.0,0.017096004371903673,0.0,1,exit,8400,16800,15,1120,560,ok,16800,15,1120,560,ok
6,24,0.5,26,ema_slope_50_z,13,9.0,0.020232609070989005,0.0,1,entry,8400,16800,15,1120,560,ok,16800,15,1120,560,ok
6,24,0.5,26,price_pos_in_range_168_norm,14,9.0,0.012493743430663784,0.0,1,exit,8400,16800,15,1120,560,ok,16800,15,1120,560,ok
6,24,0.5,26,RSI_14_bounded,15,10.0,0.018022872966481418,0.0,1,entry,8400,16800,15,1120,560,ok,16800,15,1120,560,ok
6,24,0.5,26,ADX_72_scaled,16,10.0,0.015707519545542337,0.0,1,exit,8400,16800,15,1120,560,ok,16800,15,1120,560,ok
6,24,0.5,26,dist_to_high_24_sqrt_z,17,11.0,0.017995279517282692,0.0,1,entry,8400,16800,15,1120,560,ok,16800,15,1120,560,ok
6,24,0.5,26,ema_spread_21_50_z,18,11.0,0.014868945309326975,0.0,1,exit,8400,16800,15,1120,560,ok,16800,15,1120,560,ok
6,24,0.5,26,ema_slope_21_z,19,12.0,0.017817047090289417,0.0,2,exit,8400,16800,15,1120,560,ok,16800,15,1120,560,ok
6,24,0.5,26,dist_ema_21_z,20,12.0,0.01793790520570049,0.0,1,entry,8400,16800,15,1120,560,ok,16800,15,1120,560,ok
6,24,0.5,26,dist_to_low_24_sqrt_z,21,14.0,0.017636572044511634,0.0,1,entry,8400,16800,15,1120,560,ok,16800,15,1120,560,ok
6,24,0.5,26,ret_accel_24_72_z,22,15.0,0.016592639889869587,0.0,0,exit,8400,16800,15,1120,560,ok,16800,15,1120,560,ok
6,24,0.5,26,dist_ema_200_z,23,16.0,0.016800024904638,0.0,0,entry,8400,16800,15,1120,560,ok,16800,15,1120,560,ok
6,24,0.5,26,ret_accel_6_24_z,24,16.0,0.015151326211373772,0.0,0,exit,8400,16800,15,1120,560,ok,16800,15,1120,560,ok
6,24,0.5,26,dist_ema_50_z,25,17.0,0.01678022344257518,0.0,0,entry,8400,16800,15,1120,560,ok,16800,15,1120,560,ok
6,24,0.5,26,ret_accel_72_168_z,26,19.0,0.0160880164119499,0.0,0,entry,8400,16800,15,1120,560,ok,16800,15,1120,560,ok
7,24,0.5,7,ADX_30_scaled,1,1.0,0.02032318958124313,0.0,2,both_tie,8400,16800,15,1120,560,ok,16800,15,1120,560,ok
7,24,0.5,7,ADX_14_scaled,2,2.0,0.016415759194262414,0.0,2,entry,8400,16800,15,1120,560,ok,16800,15,1120,560,ok
7,24,0.5,7,volatility_24_sqrt_z,3,2.0,0.015118104146824907,0.0,2,exit,8400,16800,15,1120,560,ok,16800,15,1120,560,ok
7,24,0.5,7,ema_slope_21_z,4,3.0,0.015258982806452437,0.0,1,entry,8400,16800,15,1120,560,ok,16800,15,1120,560,ok
7,24,0.5,7,price_pos_in_range_168_norm,5,3.0,0.014668057726787642,0.0,1,exit,8400,16800,15,1120,560,ok,16800,15,1120,560,ok
7,24,0.5,7,ret_accel_6_24_z,6,4.0,0.01512711381538201,0.0,1,entry,8400,16800,15,1120,560,ok,16800,15,1120,560,ok
7,24,0.5,7,volatility_72_sqrt_z,7,5.0,0.01263907078009524,0.0,2,exit,8400,16800,15,1120,560,ok,16800,15,1120,560,ok
7,24,0.5,14,ADX_30_scaled,1,1.0,0.02032318958124313,0.0,2,both_tie,8400,16800,15,1120,560,ok,16800,15,1120,560,ok
7,24,0.5,14,ADX_14_scaled,2,2.0,0.016415759194262414,0.0,2,entry,8400,16800,15,1120,560,ok,16800,15,1120,560,ok
7,24,0.5,14,volatility_24_sqrt_z,3,2.0,0.015118104146824907,0.0,2,exit,8400,16800,15,1120,560,ok,16800,15,1120,560,ok
7,24,0.5,14,ema_slope_21_z,4,3.0,0.015258982806452437,0.0,1,entry,8400,16800,15,1120,560,ok,16800,15,1120,560,ok
7,24,0.5,14,price_pos_in_range_168_norm,5,3.0,0.014668057726787642,0.0,1,exit,8400,16800,15,1120,560,ok,16800,15,1120,560,ok
7,24,0.5,14,ret_accel_6_24_z,6,4.0,0.01512711381538201,0.0,1,entry,8400,16800,15,1120,560,ok,16800,15,1120,560,ok
7,24,0.5,14,volatility_72_sqrt_z,7,5.0,0.01263907078009524,0.0,2,exit,8400,16800,15,1120,560,ok,16800,15,1120,560,ok
7,24,0.5,14,ema_slope_50_z,8,5.0,0.015077420780119533,0.0,1,entry,8400,16800,15,1120,560,ok,16800,15,1120,560,ok
7,24,0.5,14,RSI_30_bounded,9,6.0,0.014807488606050523,0.0,2,entry,8400,16800,15,1120,560,ok,16800,15,1120,560,ok
7,24,0.5,14,ema_spread_50_100_z,10,6.0,0.011619071006039705,0.0,1,exit,8400,16800,15,1120,560,ok,16800,15,1120,560,ok
7,24,0.5,14,RSI_14_bounded,11,7.0,0.01412779180834689,0.0,1,entry,8400,16800,15,1120,560,ok,16800,15,1120,560,ok
7,24,0.5,14,ema_spread_100_200_z,12,7.0,0.011453507325467405,0.0,1,exit,8400,16800,15,1120,560,ok,16800,15,1120,560,ok
7,24,0.5,14,price_pos_in_range_72_norm,13,8.0,0.013094265659977067,0.0,2,exit,8400,16800,15,1120,560,ok,16800,15,1120,560,ok
7,24,0.5,14,ema_spread_9_21_z,14,8.0,0.013511581286046681,0.0,1,entry,8400,16800,15,1120,560,ok,16800,15,1120,560,ok
7,24,0.5,20,ADX_30_scaled,1,1.0,0.02032318958124313,0.0,2,both_tie,8400,16800,15,1120,560,ok,16800,15,1120,560,ok
7,24,0.5,20,ADX_14_scaled,2,2.0,0.016415759194262414,0.0,2,entry,8400,16800,15,1120,560,ok,16800,15,1120,560,ok
7,24,0.5,20,volatility_24_sqrt_z,3,2.0,0.015118104146824907,0.0,2,exit,8400,16800,15,1120,560,ok,16800,15,1120,560,ok
7,24,0.5,20,ema_slope_21_z,4,3.0,0.015258982806452437,0.0,1,entry,8400,16800,15,1120,560,ok,16800,15,1120,560,ok
7,24,0.5,20,price_pos_in_range_168_norm,5,3.0,0.014668057726787642,0.0,1,exit,8400,16800,15,1120,560,ok,16800,15,1120,560,ok
7,24,0.5,20,ret_accel_6_24_z,6,4.0,0.01512711381538201,0.0,1,entry,8400,16800,15,1120,560,ok,16800,15,1120,560,ok
7,24,0.5,20,volatility_72_sqrt_z,7,5.0,0.01263907078009524,0.0,2,exit,8400,16800,15,1120,560,ok,16800,15,1120,560,ok
7,24,0.5,20,ema_slope_50_z,8,5.0,0.015077420780119533,0.0,1,entry,8400,16800,15,1120,560,ok,16800,15,1120,560,ok
7,24,0.5,20,RSI_30_bounded,9,6.0,0.014807488606050523,0.0,2,entry,8400,16800,15,1120,560,ok,16800,15,1120,560,ok
7,24,0.5,20,ema_spread_50_100_z,10,6.0,0.011619071006039705,0.0,1,exit,8400,16800,15,1120,560,ok,16800,15,1120,560,ok
7,24,0.5,20,RSI_14_bounded,11,7.0,0.01412779180834689,0.0,1,entry,8400,16800,15,1120,560,ok,16800,15,1120,560,ok
7,24,0.5,20,ema_spread_100_200_z,12,7.0,0.011453507325467405,0.0,1,exit,8400,16800,15,1120,560,ok,16800,15,1120,560,ok
7,24,0.5,20,price_pos_in_range_72_norm,13,8.0,0.013094265659977067,0.0,2,exit,8400,16800,15,1120,560,ok,16800,15,1120,560,ok
7,24,0.5,20,ema_spread_9_21_z,14,8.0,0.013511581286046681,0.0,1,entry,8400,16800,15,1120,560,ok,16800,15,1120,560,ok
7,24,0.5,20,ADX_72_scaled,15,9.0,0.011612398973439575,0.0,2,exit,8400,16800,15,1120,560,ok,16800,15,1120,560,ok
7,24,0.5,20,volatility_168_sqrt_z,16,10.0,0.01300695623979653,0.0,1,entry,8400,16800,15,1120,560,ok,16800,15,1120,560,ok
7,24,0.5,20,dist_to_high_168_sqrt_z,17,10.0,0.008314118027485384,0.0,1,exit,8400,16800,15,1120,560,ok,16800,15,1120,560,ok
7,24,0.5,20,ret_accel_24_72_z,18,11.0,0.012534701442980634,0.0,1,entry,8400,16800,15,1120,560,ok,16800,15,1120,560,ok
7,24,0.5,20,dist_ema_200_z,19,11.0,0.008203878322933955,0.0,1,exit,8400,16800,15,1120,560,ok,16800,15,1120,560,ok
7,24,0.5,20,MOM_pct_30_z,20,12.0,0.009122586676134303,0.0,1,exit,8400,16800,15,1120,560,ok,16800,15,1120,560,ok
7,24,0.5,26,ADX_30_scaled,1,1.0,0.02032318958124313,0.0,2,both_tie,8400,16800,15,1120,560,ok,16800,15,1120,560,ok
7,24,0.5,26,ADX_14_scaled,2,2.0,0.016415759194262414,0.0,2,entry,8400,16800,15,1120,560,ok,16800,15,1120,560,ok
7,24,0.5,26,volatility_24_sqrt_z,3,2.0,0.015118104146824907,0.0,2,exit,8400,16800,15,1120,560,ok,16800,15,1120,560,ok
7,24,0.5,26,ema_slope_21_z,4,3.0,0.015258982806452437,0.0,1,entry,8400,16800,15,1120,560,ok,16800,15,1120,560,ok
7,24,0.5,26,price_pos_in_range_168_norm,5,3.0,0.014668057726787642,0.0,1,exit,8400,16800,15,1120,560,ok,16800,15,1120,560,ok
7,24,0.5,26,ret_accel_6_24_z,6,4.0,0.01512711381538201,0.0,1,entry,8400,16800,15,1120,560,ok,16800,15,1120,560,ok
7,24,0.5,26,volatility_72_sqrt_z,7,5.0,0.01263907078009524,0.0,2,exit,8400,16800,15,1120,560,ok,16800,15,1120,560,ok
7,24,0.5,26,ema_slope_50_z,8,5.0,0.015077420780119533,0.0,1,entry,8400,16800,15,1120,560,ok,16800,15,1120,560,ok
7,24,0.5,26,RSI_30_bounded,9,6.0,0.014807488606050523,0.0,2,entry,8400,16800,15,1120,560,ok,16800,15,1120,560,ok
7,24,0.5,26,ema_spread_50_100_z,10,6.0,0.011619071006039705,0.0,1,exit,8400,16800,15,1120,560,ok,16800,15,1120,560,ok
7,24,0.5,26,RSI_14_bounded,11,7.0,0.01412779180834689,0.0,1,entry,8400,16800,15,1120,560,ok,16800,15,1120,560,ok
7,24,0.5,26,ema_spread_100_200_z,12,7.0,0.011453507325467405,0.0,1,exit,8400,16800,15,1120,560,ok,16800,15,1120,560,ok
7,24,0.5,26,price_pos_in_range_72_norm,13,8.0,0.013094265659977067,0.0,2,exit,8400,16800,15,1120,560,ok,16800,15,1120,560,ok
7,24,0.5,26,ema_spread_9_21_z,14,8.0,0.013511581286046681,0.0,1,entry,8400,16800,15,1120,560,ok,16800,15,1120,560,ok
7,24,0.5,26,ADX_72_scaled,15,9.0,0.011612398973439575,0.0,2,exit,8400,16800,15,1120,560,ok,16800,15,1120,560,ok
7,24,0.5,26,volatility_168_sqrt_z,16,10.0,0.01300695623979653,0.0,1,entry,8400,16800,15,1120,560,ok,16800,15,1120,560,ok
7,24,0.5,26,dist_to_high_168_sqrt_z,17,10.0,0.008314118027485384,0.0,1,exit,8400,16800,15,1120,560,ok,16800,15,1120,560,ok
7,24,0.5,26,ret_accel_24_72_z,18,11.0,0.012534701442980634,0.0,1,entry,8400,16800,15,1120,560,ok,16800,15,1120,560,ok
7,24,0.5,26,dist_ema_200_z,19,11.0,0.008203878322933955,0.0,1,exit,8400,16800,15,1120,560,ok,16800,15,1120,560,ok
7,24,0.5,26,MOM_pct_30_z,20,12.0,0.009122586676134303,0.0,1,exit,8400,16800,15,1120,560,ok,16800,15,1120,560,ok
7,24,0.5,26,RSI_72_bounded,21,14.0,0.011028102642837379,0.0,1,exit,8400,16800,15,1118,559,ok,16800,15,1118,559,ok
7,24,0.5,26,bb_width_20_sqrt_z,22,15.0,0.01151135551091409,0.0,0,entry,8400,16800,15,1120,560,ok,16800,15,1120,560,ok
7,24,0.5,26,MOM_pct_14_z,23,15.0,0.007894639638741596,0.0,0,exit,8400,16800,15,1120,560,ok,16800,15,1120,560,ok
7,24,0.5,26,price_pos_in_range_24_norm,24,16.0,0.0061801372443341385,0.0,0,exit,8400,16800,15,1120,560,ok,16800,15,1120,560,ok
7,24,0.5,26,ema_slope_100_z,25,17.0,0.01088940664695126,0.0,0,entry,8400,16800,15,1120,560,ok,16800,15,1120,560,ok
7,24,0.5,26,log_ret_168_z,26,17.0,0.005736866043438593,0.0,0,exit,8400,16800,15,1120,560,ok,16800,15,1120,560,ok
8,24,0.5,7,ADX_72_scaled,1,1.0,0.025745948986038325,0.0,2,both_tie,8400,16800,15,1120,560,ok,16800,15,1120,560,ok
8,24,0.5,7,ADX_30_scaled,2,2.0,0.024435127763663522,0.0,2,entry,8400,16800,15,1120,560,ok,16800,15,1120,560,ok
8,24,0.5,7,ema_spread_50_100_z,3,2.0,0.01437196305710886,0.0,2,exit,8400,16800,15,1120,560,ok,16800,15,1120,560,ok
8,24,0.5,7,RSI_30_bounded,4,3.0,0.015694272841141,0.0,2,entry,8400,16800,15,1120,560,ok,16800,15,1120,560,ok
8,24,0.5,7,bb_width_20_sqrt_z,5,3.0,0.010768453821132118,0.0,1,exit,8400,16800,15,1120,560,ok,16800,15,1120,560,ok
8,24,0.5,7,RSI_72_bounded,6,5.0,0.014280348919589403,0.0,1,entry,8400,16800,15,1120,560,ok,16800,15,1120,560,ok
8,24,0.5,7,RSI_14_bounded,7,6.0,0.013657255873005147,0.0,2,entry,8400,16800,15,1120,560,ok,16800,15,1120,560,ok
8,24,0.5,14,ADX_72_scaled,1,1.0,0.025745948986038325,0.0,2,both_tie,8400,16800,15,1120,560,ok,16800,15,1120,560,ok
8,24,0.5,14,ADX_30_scaled,2,2.0,0.024435127763663522,0.0,2,entry,8400,16800,15,1120,560,ok,16800,15,1120,560,ok
8,24,0.5,14,ema_spread_50_100_z,3,2.0,0.01437196305710886,0.0,2,exit,8400,16800,15,1120,560,ok,16800,15,1120,560,ok
8,24,0.5,14,RSI_30_bounded,4,3.0,0.015694272841141,0.0,2,entry,8400,16800,15,1120,560,ok,16800,15,1120,560,ok
8,24,0.5,14,bb_width_20_sqrt_z,5,3.0,0.010768453821132118,0.0,1,exit,8400,16800,15,1120,560,ok,16800,15,1120,560,ok
8,24,0.5,14,RSI_72_bounded,6,5.0,0.014280348919589403,0.0,1,entry,8400,16800,15,1120,560,ok,16800,15,1120,560,ok
8,24,0.5,14,RSI_14_bounded,7,6.0,0.013657255873005147,0.0,2,entry,8400,16800,15,1120,560,ok,16800,15,1120,560,ok
8,24,0.5,14,ema_spread_100_200_z,8,6.0,0.010084789463985278,0.0,2,exit,8400,16800,15,1120,560,ok,16800,15,1120,560,ok
8,24,0.5,14,ema_slope_21_z,9,7.0,0.013457982278240688,0.0,2,both_tie,8400,16800,15,1120,560,ok,16800,15,1120,560,ok
8,24,0.5,14,price_pos_in_range_72_norm,10,8.0,0.013181038696437386,0.0,1,entry,8400,16800,15,1118,559,ok,16800,15,1118,559,ok
8,24,0.5,14,log_ret_168_z,11,8.0,0.007467905263161212,0.0,1,exit,8400,16800,15,1120,560,ok,16800,15,1120,560,ok
8,24,0.5,14,price_pos_in_range_168_norm,12,9.0,0.01141314706190677,0.0,2,entry,8400,16800,15,1120,560,ok,16800,15,1120,560,ok
8,24,0.5,14,ema_spread_9_21_z,13,10.0,0.011411490556235249,0.0,2,both_tie,8400,16800,15,1120,560,ok,16800,15,1120,560,ok
8,24,0.5,14,ret_accel_72_168_z,14,11.0,0.010765841930721498,0.0,1,entry,8400,16800,15,1120,560,ok,16800,15,1120,560,ok
8,24,0.5,20,ADX_72_scaled,1,1.0,0.025745948986038325,0.0,2,both_tie,8400,16800,15,1120,560,ok,16800,15,1120,560,ok
8,24,0.5,20,ADX_30_scaled,2,2.0,0.024435127763663522,0.0,2,entry,8400,16800,15,1120,560,ok,16800,15,1120,560,ok
8,24,0.5,20,ema_spread_50_100_z,3,2.0,0.01437196305710886,0.0,2,exit,8400,16800,15,1120,560,ok,16800,15,1120,560,ok
8,24,0.5,20,RSI_30_bounded,4,3.0,0.015694272841141,0.0,2,entry,8400,16800,15,1120,560,ok,16800,15,1120,560,ok
8,24,0.5,20,bb_width_20_sqrt_z,5,3.0,0.010768453821132118,0.0,1,exit,8400,16800,15,1120,560,ok,16800,15,1120,560,ok
8,24,0.5,20,RSI_72_bounded,6,5.0,0.014280348919589403,0.0,1,entry,8400,16800,15,1120,560,ok,16800,15,1120,560,ok
8,24,0.5,20,RSI_14_bounded,7,6.0,0.013657255873005147,0.0,2,entry,8400,16800,15,1120,560,ok,16800,15,1120,560,ok
8,24,0.5,20,ema_spread_100_200_z,8,6.0,0.010084789463985278,0.0,2,exit,8400,16800,15,1120,560,ok,16800,15,1120,560,ok
8,24,0.5,20,ema_slope_21_z,9,7.0,0.013457982278240688,0.0,2,both_tie,8400,16800,15,1120,560,ok,16800,15,1120,560,ok
8,24,0.5,20,price_pos_in_range_72_norm,10,8.0,0.013181038696437386,0.0,1,entry,8400,16800,15,1118,559,ok,16800,15,1118,559,ok
8,24,0.5,20,log_ret_168_z,11,8.0,0.007467905263161212,0.0,1,exit,8400,16800,15,1120,560,ok,16800,15,1120,560,ok
8,24,0.5,20,price_pos_in_range_168_norm,12,9.0,0.01141314706190677,0.0,2,entry,8400,16800,15,1120,560,ok,16800,15,1120,560,ok
8,24,0.5,20,ema_spread_9_21_z,13,10.0,0.011411490556235249,0.0,2,both_tie,8400,16800,15,1120,560,ok,16800,15,1120,560,ok
8,24,0.5,20,ret_accel_72_168_z,14,11.0,0.010765841930721498,0.0,1,entry,8400,16800,15,1120,560,ok,16800,15,1120,560,ok
8,24,0.5,20,log_ret_72_z,15,12.0,0.010572930835036187,0.0,1,entry,8400,16800,15,1120,560,ok,16800,15,1120,560,ok
8,24,0.5,20,ret_accel_24_72_z,16,12.0,0.00963747944316884,0.0,1,exit,8400,16800,15,1120,560,ok,16800,15,1120,560,ok
8,24,0.5,20,ema_slope_50_z,17,13.0,0.0070917464955387866,0.0,1,exit,8400,16800,15,1120,560,ok,16800,15,1120,560,ok
8,24,0.5,20,MACD_hist_pct_z,18,14.0,0.01002648744534329,0.0,1,entry,8400,16800,15,1120,560,ok,16800,15,1120,560,ok
8,24,0.5,20,vol_expansion_72_log1p_z,19,14.0,0.005919480512788178,0.0,1,exit,8400,16800,15,1120,560,ok,16800,15,1120,560,ok
8,24,0.5,20,ret_accel_6_24_z,20,15.0,0.009650214885806419,0.0,0,both_tie,8400,16800,15,1120,560,ok,16800,15,1120,560,ok
8,24,0.5,26,ADX_72_scaled,1,1.0,0.025745948986038325,0.0,2,both_tie,8400,16800,15,1120,560,ok,16800,15,1120,560,ok
8,24,0.5,26,ADX_30_scaled,2,2.0,0.024435127763663522,0.0,2,entry,8400,16800,15,1120,560,ok,16800,15,1120,560,ok
8,24,0.5,26,ema_spread_50_100_z,3,2.0,0.01437196305710886,0.0,2,exit,8400,16800,15,1120,560,ok,16800,15,1120,560,ok
8,24,0.5,26,RSI_30_bounded,4,3.0,0.015694272841141,0.0,2,entry,8400,16800,15,1120,560,ok,16800,15,1120,560,ok
8,24,0.5,26,bb_width_20_sqrt_z,5,3.0,0.010768453821132118,0.0,1,exit,8400,16800,15,1120,560,ok,16800,15,1120,560,ok
8,24,0.5,26,RSI_72_bounded,6,5.0,0.014280348919589403,0.0,1,entry,8400,16800,15,1120,560,ok,16800,15,1120,560,ok
8,24,0.5,26,RSI_14_bounded,7,6.0,0.013657255873005147,0.0,2,entry,8400,16800,15,1120,560,ok,16800,15,1120,560,ok
8,24,0.5,26,ema_spread_100_200_z,8,6.0,0.010084789463985278,0.0,2,exit,8400,16800,15,1120,560,ok,16800,15,1120,560,ok
8,24,0.5,26,ema_slope_21_z,9,7.0,0.013457982278240688,0.0,2,both_tie,8400,16800,15,1120,560,ok,16800,15,1120,560,ok
8,24,0.5,26,price_pos_in_range_72_norm,10,8.0,0.013181038696437386,0.0,1,entry,8400,16800,15,1118,559,ok,16800,15,1118,559,ok
8,24,0.5,26,log_ret_168_z,11,8.0,0.007467905263161212,0.0,1,exit,8400,16800,15,1120,560,ok,16800,15,1120,560,ok
8,24,0.5,26,price_pos_in_range_168_norm,12,9.0,0.01141314706190677,0.0,2,entry,8400,16800,15,1120,560,ok,16800,15,1120,560,ok
8,24,0.5,26,ema_spread_9_21_z,13,10.0,0.011411490556235249,0.0,2,both_tie,8400,16800,15,1120,560,ok,16800,15,1120,560,ok
8,24,0.5,26,ret_accel_72_168_z,14,11.0,0.010765841930721498,0.0,1,entry,8400,16800,15,1120,560,ok,16800,15,1120,560,ok
8,24,0.5,26,log_ret_72_z,15,12.0,0.010572930835036187,0.0,1,entry,8400,16800,15,1120,560,ok,16800,15,1120,560,ok
8,24,0.5,26,ret_accel_24_72_z,16,12.0,0.00963747944316884,0.0,1,exit,8400,16800,15,1120,560,ok,16800,15,1120,560,ok
8,24,0.5,26,ema_slope_50_z,17,13.0,0.0070917464955387866,0.0,1,exit,8400,16800,15,1120,560,ok,16800,15,1120,560,ok
8,24,0.5,26,MACD_hist_pct_z,18,14.0,0.01002648744534329,0.0,1,entry,8400,16800,15,1120,560,ok,16800,15,1120,560,ok
8,24,0.5,26,vol_expansion_72_log1p_z,19,14.0,0.005919480512788178,0.0,1,exit,8400,16800,15,1120,560,ok,16800,15,1120,560,ok
8,24,0.5,26,ret_accel_6_24_z,20,15.0,0.009650214885806419,0.0,0,both_tie,8400,16800,15,1120,560,ok,16800,15,1120,560,ok
8,24,0.5,26,MOM_pct_72_z,21,17.0,0.009633464975138617,0.0,0,entry,8400,16800,15,1120,560,ok,16800,15,1120,560,ok
8,24,0.5,26,volatility_24_sqrt_z,22,17.0,0.005986756950785099,0.0,0,exit,8400,16800,15,1120,560,ok,16800,15,1120,560,ok
8,24,0.5,26,MOM_pct_14_z,23,18.0,0.009184451027576257,0.0,0,both_tie,8400,16800,15,1120,560,ok,16800,15,1120,560,ok
8,24,0.5,26,ema_spread_21_50_z,24,19.0,0.008449379794064682,0.0,0,entry,8400,16800,15,1120,560,ok,16800,15,1120,560,ok
8,24,0.5,26,ADX_14_scaled,25,19.0,0.006236343292739144,0.0,0,exit,8400,16800,15,1120,560,ok,16800,15,1120,560,ok
8,24,0.5,26,body_sqrt_z,26,21.0,0.007562777192362202,0.0,0,entry,8400,16800,15,1120,560,ok,16800,15,1120,560,ok
9,24,0.5,7,ema_spread_9_21_z,1,1.0,0.02503977264352375,0.0,2,entry,8400,16800,15,1120,560,ok,16800,15,1120,560,ok
9,24,0.5,7,ADX_30_scaled,2,1.0,0.01671186133061442,0.0,2,exit,8400,16800,15,1120,560,ok,16800,15,1120,560,ok
9,24,0.5,7,ema_slope_50_z,3,2.0,0.02156901205564865,0.0,2,both_tie,8400,16800,15,1120,560,ok,16800,15,1120,560,ok
9,24,0.5,7,RSI_72_bounded,4,3.0,0.020464096684750466,0.0,1,entry,8400,16800,15,1120,560,ok,16800,15,1120,560,ok
9,24,0.5,7,ADX_14_scaled,5,3.0,0.00885980735781755,0.0,1,exit,8400,16800,15,1120,560,ok,16800,15,1120,560,ok
9,24,0.5,7,ema_slope_100_z,6,5.0,0.01651982497165727,0.0,1,entry,8400,16800,15,1120,560,ok,16800,15,1120,560,ok
9,24,0.5,7,bb_width_20_sqrt_z,7,5.0,0.006615388578629922,0.0,1,exit,8400,16800,15,1120,560,ok,16800,15,1120,560,ok
9,24,0.5,14,ema_spread_9_21_z,1,1.0,0.02503977264352375,0.0,2,entry,8400,16800,15,1120,560,ok,16800,15,1120,560,ok
9,24,0.5,14,ADX_30_scaled,2,1.0,0.01671186133061442,0.0,2,exit,8400,16800,15,1120,560,ok,16800,15,1120,560,ok
9,24,0.5,14,ema_slope_50_z,3,2.0,0.02156901205564865,0.0,2,both_tie,8400,16800,15,1120,560,ok,16800,15,1120,560,ok
9,24,0.5,14,RSI_72_bounded,4,3.0,0.020464096684750466,0.0,1,entry,8400,16800,15,1120,560,ok,16800,15,1120,560,ok
9,24,0.5,14,ADX_14_scaled,5,3.0,0.00885980735781755,0.0,1,exit,8400,16800,15,1120,560,ok,16800,15,1120,560,ok
9,24,0.5,14,ema_slope_100_z,6,5.0,0.01651982497165727,0.0,1,entry,8400,16800,15,1120,560,ok,16800,15,1120,560,ok
9,24,0.5,14,bb_width_20_sqrt_z,7,5.0,0.006615388578629922,0.0,1,exit,8400,16800,15,1120,560,ok,16800,15,1120,560,ok
9,24,0.5,14,ema_slope_200_z,8,6.0,0.01634480122825155,0.0,1,entry,8400,16800,15,1120,560,ok,16800,15,1120,560,ok
9,24,0.5,14,dist_ema_200_z,9,6.0,0.006767132290094402,0.0,1,exit,8400,16800,15,1120,560,ok,16800,15,1120,560,ok
9,24,0.5,14,ema_slope_21_z,10,7.0,0.0163150514845537,0.0,2,entry,8400,16800,15,1120,560,ok,16800,15,1120,560,ok
9,24,0.5,14,volatility_168_sqrt_z,11,7.0,0.01107495412523285,0.0,2,exit,8400,16800,15,1120,560,ok,16800,15,1120,560,ok
9,24,0.5,14,ADX_72_scaled,12,8.0,0.014530258123348516,0.0,2,exit,8400,16800,15,1120,560,ok,16800,15,1120,560,ok
9,24,0.5,14,ema_spread_21_50_z,13,8.0,0.01504060507064009,0.0,1,entry,8400,16800,15,1120,560,ok,16800,15,1120,560,ok
9,24,0.5,14,dist_to_low_24_sqrt_z,14,9.0,0.013850593325002603,0.0,2,exit,8400,16800,15,1120,560,ok,16800,15,1120,560,ok
9,24,0.5,20,ema_spread_9_21_z,1,1.0,0.02503977264352375,0.0,2,entry,8400,16800,15,1120,560,ok,16800,15,1120,560,ok
9,24,0.5,20,ADX_30_scaled,2,1.0,0.01671186133061442,0.0,2,exit,8400,16800,15,1120,560,ok,16800,15,1120,560,ok
9,24,0.5,20,ema_slope_50_z,3,2.0,0.02156901205564865,0.0,2,both_tie,8400,16800,15,1120,560,ok,16800,15,1120,560,ok
9,24,0.5,20,RSI_72_bounded,4,3.0,0.020464096684750466,0.0,1,entry,8400,16800,15,1120,560,ok,16800,15,1120,560,ok
9,24,0.5,20,ADX_14_scaled,5,3.0,0.00885980735781755,0.0,1,exit,8400,16800,15,1120,560,ok,16800,15,1120,560,ok
9,24,0.5,20,ema_slope_100_z,6,5.0,0.01651982497165727,0.0,1,entry,8400,16800,15,1120,560,ok,16800,15,1120,560,ok
9,24,0.5,20,bb_width_20_sqrt_z,7,5.0,0.006615388578629922,0.0,1,exit,8400,16800,15,1120,560,ok,16800,15,1120,560,ok
9,24,0.5,20,ema_slope_200_z,8,6.0,0.01634480122825155,0.0,1,entry,8400,16800,15,1120,560,ok,16800,15,1120,560,ok
9,24,0.5,20,dist_ema_200_z,9,6.0,0.006767132290094402,0.0,1,exit,8400,16800,15,1120,560,ok,16800,15,1120,560,ok
9,24,0.5,20,ema_slope_21_z,10,7.0,0.0163150514845537,0.0,2,entry,8400,16800,15,1120,560,ok,16800,15,1120,560,ok
9,24,0.5,20,volatility_168_sqrt_z,11,7.0,0.01107495412523285,0.0,2,exit,8400,16800,15,1120,560,ok,16800,15,1120,560,ok
9,24,0.5,20,ADX_72_scaled,12,8.0,0.014530258123348516,0.0,2,exit,8400,16800,15,1120,560,ok,16800,15,1120,560,ok
9,24,0.5,20,ema_spread_21_50_z,13,8.0,0.01504060507064009,0.0,1,entry,8400,16800,15,1120,560,ok,16800,15,1120,560,ok
9,24,0.5,20,dist_to_low_24_sqrt_z,14,9.0,0.013850593325002603,0.0,2,exit,8400,16800,15,1120,560,ok,16800,15,1120,560,ok
9,24,0.5,20,NATR_14_z,15,9.0,0.014740555441407954,0.0,1,entry,8400,16800,15,1120,560,ok,16800,15,1120,560,ok
9,24,0.5,20,RSI_14_bounded,16,11.0,0.014321998749104226,0.0,1,entry,8400,16800,15,1120,560,ok,16800,15,1120,560,ok
9,24,0.5,20,ema_spread_100_200_z,17,11.0,0.009927711840277298,0.0,1,exit,8400,16800,15,1120,560,ok,16800,15,1120,560,ok
9,24,0.5,20,RSI_30_bounded,18,12.0,0.008671804617609968,0.0,1,exit,8400,16800,15,1120,560,ok,16800,15,1120,560,ok
9,24,0.5,20,log_ret_168_z,19,13.0,0.004400811631679602,0.0,1,exit,8400,16800,15,1120,560,ok,16800,15,1120,560,ok
9,24,0.5,20,dist_to_high_72_sqrt_z,20,14.0,0.011020858081437934,0.0,1,entry,8400,16800,15,1120,560,ok,16800,15,1120,560,ok
9,24,0.5,26,ema_spread_9_21_z,1,1.0,0.02503977264352375,0.0,2,entry,8400,16800,15,1120,560,ok,16800,15,1120,560,ok
9,24,0.5,26,ADX_30_scaled,2,1.0,0.01671186133061442,0.0,2,exit,8400,16800,15,1120,560,ok,16800,15,1120,560,ok
9,24,0.5,26,ema_slope_50_z,3,2.0,0.02156901205564865,0.0,2,both_tie,8400,16800,15,1120,560,ok,16800,15,1120,560,ok
9,24,0.5,26,RSI_72_bounded,4,3.0,0.020464096684750466,0.0,1,entry,8400,16800,15,1120,560,ok,16800,15,1120,560,ok
9,24,0.5,26,ADX_14_scaled,5,3.0,0.00885980735781755,0.0,1,exit,8400,16800,15,1120,560,ok,16800,15,1120,560,ok
9,24,0.5,26,ema_slope_100_z,6,5.0,0.01651982497165727,0.0,1,entry,8400,16800,15,1120,560,ok,16800,15,1120,560,ok
9,24,0.5,26,bb_width_20_sqrt_z,7,5.0,0.006615388578629922,0.0,1,exit,8400,16800,15,1120,560,ok,16800,15,1120,560,ok
9,24,0.5,26,ema_slope_200_z,8,6.0,0.01634480122825155,0.0,1,entry,8400,16800,15,1120,560,ok,16800,15,1120,560,ok
9,24,0.5,26,dist_ema_200_z,9,6.0,0.006767132290094402,0.0,1,exit,8400,16800,15,1120,560,ok,16800,15,1120,560,ok
9,24,0.5,26,ema_slope_21_z,10,7.0,0.0163150514845537,0.0,2,entry,8400,16800,15,1120,560,ok,16800,15,1120,560,ok
9,24,0.5,26,volatility_168_sqrt_z,11,7.0,0.01107495412523285,0.0,2,exit,8400,16800,15,1120,560,ok,16800,15,1120,560,ok
9,24,0.5,26,ADX_72_scaled,12,8.0,0.014530258123348516,0.0,2,exit,8400,16800,15,1120,560,ok,16800,15,1120,560,ok
9,24,0.5,26,ema_spread_21_50_z,13,8.0,0.01504060507064009,0.0,1,entry,8400,16800,15,1120,560,ok,16800,15,1120,560,ok
9,24,0.5,26,dist_to_low_24_sqrt_z,14,9.0,0.013850593325002603,0.0,2,exit,8400,16800,15,1120,560,ok,16800,15,1120,560,ok
9,24,0.5,26,NATR_14_z,15,9.0,0.014740555441407954,0.0,1,entry,8400,16800,15,1120,560,ok,16800,15,1120,560,ok
9,24,0.5,26,RSI_14_bounded,16,11.0,0.014321998749104226,0.0,1,entry,8400,16800,15,1120,560,ok,16800,15,1120,560,ok
9,24,0.5,26,ema_spread_100_200_z,17,11.0,0.009927711840277298,0.0,1,exit,8400,16800,15,1120,560,ok,16800,15,1120,560,ok
9,24,0.5,26,RSI_30_bounded,18,12.0,0.008671804617609968,0.0,1,exit,8400,16800,15,1120,560,ok,16800,15,1120,560,ok
9,24,0.5,26,log_ret_168_z,19,13.0,0.004400811631679602,0.0,1,exit,8400,16800,15,1120,560,ok,16800,15,1120,560,ok
9,24,0.5,26,dist_to_high_72_sqrt_z,20,14.0,0.011020858081437934,0.0,1,entry,8400,16800,15,1120,560,ok,16800,15,1120,560,ok
9,24,0.5,26,dist_ema_50_z,21,14.0,0.010763029161699356,0.0,1,exit,8400,16800,15,1120,560,ok,16800,15,1120,560,ok
9,24,0.5,26,bb_pos_20_norm,22,16.0,0.010185030855296318,0.0,0,entry,8400,16800,15,1120,560,ok,16800,15,1120,560,ok
9,24,0.5,26,dist_to_high_168_sqrt_z,23,16.0,0.00819089495038694,0.0,0,exit,8400,16800,15,1120,560,ok,16800,15,1120,560,ok
9,24,0.5,26,volatility_72_sqrt_z,24,17.0,0.009263321173690886,0.0,0,exit,8400,16800,15,1120,560,ok,16800,15,1120,560,ok
9,24,0.5,26,price_pos_in_range_24_norm,25,19.0,0.008886749455562781,0.0,0,entry,8400,16800,15,1118,559,ok,16800,15,1118,559,ok
9,24,0.5,26,ema_slope_9_z,26,19.0,0.0033089778727131702,0.0,0,exit,8400,16800,15,1120,560,ok,16800,15,1120,560,ok
10,24,0.5,7,ADX_72_scaled,1,1.0,0.027904268421869882,0.0,2,both_tie,8400,16800,15,1120,560,ok,16800,15,1120,560,ok
10,24,0.5,7,ema_spread_100_200_z,2,2.0,0.02491928571800439,0.0,2,both_tie,8400,16800,15,1120,560,ok,16800,15,1120,560,ok
10,24,0.5,7,ret_accel_6_24_z,3,3.0,0.014257427241793463,0.0,2,entry,8400,16800,15,1120,560,ok,16800,15,1120,560,ok
10,24,0.5,7,price_pos_in_range_168_norm,4,3.0,0.01227892675503739,0.0,2,exit,8400,16800,15,1120,560,ok,16800,15,1120,560,ok
10,24,0.5,7,ema_slope_50_z,5,4.0,0.014173776107615388,0.0,2,entry,8400,16800,15,1120,560,ok,16800,15,1120,560,ok
10,24,0.5,7,ema_spread_9_21_z,6,4.0,0.013047858660811706,0.0,2,exit,8400,16800,15,1120,560,ok,16800,15,1120,560,ok
10,24,0.5,7,ema_spread_21_50_z,7,5.0,0.014076715244747406,0.0,2,exit,8400,16800,15,1120,560,ok,16800,15,1120,560,ok
10,24,0.5,14,ADX_72_scaled,1,1.0,0.027904268421869882,0.0,2,both_tie,8400,16800,15,1120,560,ok,16800,15,1120,560,ok
10,24,0.5,14,ema_spread_100_200_z,2,2.0,0.02491928571800439,0.0,2,both_tie,8400,16800,15,1120,560,ok,16800,15,1120,560,ok
10,24,0.5,14,ret_accel_6_24_z,3,3.0,0.014257427241793463,0.0,2,entry,8400,16800,15,1120,560,ok,16800,15,1120,560,ok
10,24,0.5,14,price_pos_in_range_168_norm,4,3.0,0.01227892675503739,0.0,2,exit,8400,16800,15,1120,560,ok,16800,15,1120,560,ok
10,24,0.5,14,ema_slope_50_z,5,4.0,0.014173776107615388,0.0,2,entry,8400,16800,15,1120,560,ok,16800,15,1120,560,ok
10,24,0.5,14,ema_spread_9_21_z,6,4.0,0.013047858660811706,0.0,2,exit,8400,16800,15,1120,560,ok,16800,15,1120,560,ok
10,24,0.5,14,ema_spread_21_50_z,7,5.0,0.014076715244747406,0.0,2,exit,8400,16800,15,1120,560,ok,16800,15,1120,560,ok
10,24,0.5,14,ADX_30_scaled,8,5.0,0.014119581696974581,0.0,1,entry,8400,16800,15,1120,560,ok,16800,15,1120,560,ok
10,24,0.5,14,ema_slope_100_z,9,6.0,0.011813696536663199,0.0,2,exit,8400,16800,15,1120,560,ok,16800,15,1120,560,ok
10,24,0.5,14,ret_accel_24_72_z,10,7.0,0.013449346562730669,0.0,1,entry,8400,16800,15,1120,560,ok,16800,15,1120,560,ok
10,24,0.5,14,bb_width_20_sqrt_z,11,7.0,0.01145615066034078,0.0,1,exit,8400,16800,15,1120,560,ok,16800,15,1120,560,ok
10,24,0.5,14,NATR_14_z,12,8.0,0.012854851708349435,0.0,2,exit,8400,16800,15,1120,560,ok,16800,15,1120,560,ok
10,24,0.5,14,RSI_72_bounded,13,8.0,0.013412604448405974,0.0,1,entry,8400,16800,15,1120,560,ok,16800,15,1120,560,ok
10,24,0.5,14,ema_spread_50_100_z,14,9.0,0.010532852605350751,0.0,1,exit,8400,16800,15,1120,560,ok,16800,15,1120,560,ok
10,24,0.5,20,ADX_72_scaled,1,1.0,0.027904268421869882,0.0,2,both_tie,8400,16800,15,1120,560,ok,16800,15,1120,560,ok
10,24,0.5,20,ema_spread_100_200_z,2,2.0,0.02491928571800439,0.0,2,both_tie,8400,16800,15,1120,560,ok,16800,15,1120,560,ok
10,24,0.5,20,ret_accel_6_24_z,3,3.0,0.014257427241793463,0.0,2,entry,8400,16800,15,1120,560,ok,16800,15,1120,560,ok
10,24,0.5,20,price_pos_in_range_168_norm,4,3.0,0.01227892675503739,0.0,2,exit,8400,16800,15,1120,560,ok,16800,15,1120,560,ok
10,24,0.5,20,ema_slope_50_z,5,4.0,0.014173776107615388,0.0,2,entry,8400,16800,15,1120,560,ok,16800,15,1120,560,ok
10,24,0.5,20,ema_spread_9_21_z,6,4.0,0.013047858660811706,0.0,2,exit,8400,16800,15,1120,560,ok,16800,15,1120,560,ok
10,24,0.5,20,ema_spread_21_50_z,7,5.0,0.014076715244747406,0.0,2,exit,8400,16800,15,1120,560,ok,16800,15,1120,560,ok
10,24,0.5,20,ADX_30_scaled,8,5.0,0.014119581696974581,0.0,1,entry,8400,16800,15,1120,560,ok,16800,15,1120,560,ok
10,24,0.5,20,ema_slope_100_z,9,6.0,0.011813696536663199,0.0,2,exit,8400,16800,15,1120,560,ok,16800,15,1120,560,ok
10,24,0.5,20,ret_accel_24_72_z,10,7.0,0.013449346562730669,0.0,1,entry,8400,16800,15,1120,560,ok,16800,15,1120,560,ok
10,24,0.5,20,bb_width_20_sqrt_z,11,7.0,0.01145615066034078,0.0,1,exit,8400,16800,15,1120,560,ok,16800,15,1120,560,ok
10,24,0.5,20,NATR_14_z,12,8.0,0.012854851708349435,0.0,2,exit,8400,16800,15,1120,560,ok,16800,15,1120,560,ok
10,24,0.5,20,RSI_72_bounded,13,8.0,0.013412604448405974,0.0,1,entry,8400,16800,15,1120,560,ok,16800,15,1120,560,ok
10,24,0.5,20,ema_spread_50_100_z,14,9.0,0.010532852605350751,0.0,1,exit,8400,16800,15,1120,560,ok,16800,15,1120,560,ok
10,24,0.5,20,ema_slope_200_z,15,10.0,0.0129610082174062,0.0,2,entry,8400,16800,15,1120,560,ok,16800,15,1120,560,ok
10,24,0.5,20,ADX_14_scaled,16,12.0,0.007562457421970203,0.0,1,exit,8400,16800,15,1120,560,ok,16800,15,1120,560,ok
10,24,0.5,20,dist_to_high_168_sqrt_z,17,14.0,0.011147639639211948,0.0,1,entry,8400,16800,15,1120,560,ok,16800,15,1120,560,ok
10,24,0.5,20,price_pos_in_range_72_norm,18,14.0,0.007250506358297104,0.0,1,exit,8400,16800,15,1120,560,ok,16800,15,1120,560,ok
10,24,0.5,20,log_ret_168_z,19,15.0,0.006872646956000317,0.0,0,exit,8400,16800,15,1120,560,ok,16800,15,1120,560,ok
10,24,0.5,20,dist_to_low_24_sqrt_z,20,16.0,0.010463384525357555,0.0,0,entry,8400,16800,15,1120,560,ok,16800,15,1120,560,ok
10,24,0.5,26,ADX_72_scaled,1,1.0,0.027904268421869882,0.0,2,both_tie,8400,16800,15,1120,560,ok,16800,15,1120,560,ok
10,24,0.5,26,ema_spread_100_200_z,2,2.0,0.02491928571800439,0.0,2,both_tie,8400,16800,15,1120,560,ok,16800,15,1120,560,ok
10,24,0.5,26,ret_accel_6_24_z,3,3.0,0.014257427241793463,0.0,2,entry,8400,16800,15,1120,560,ok,16800,15,1120,560,ok
10,24,0.5,26,price_pos_in_range_168_norm,4,3.0,0.01227892675503739,0.0,2,exit,8400,16800,15,1120,560,ok,16800,15,1120,560,ok
10,24,0.5,26,ema_slope_50_z,5,4.0,0.014173776107615388,0.0,2,entry,8400,16800,15,1120,560,ok,16800,15,1120,560,ok
10,24,0.5,26,ema_spread_9_21_z,6,4.0,0.013047858660811706,0.0,2,exit,8400,16800,15,1120,560,ok,16800,15,1120,560,ok
10,24,0.5,26,ema_spread_21_50_z,7,5.0,0.014076715244747406,0.0,2,exit,8400,16800,15,1120,560,ok,16800,15,1120,560,ok
10,24,0.5,26,ADX_30_scaled,8,5.0,0.014119581696974581,0.0,1,entry,8400,16800,15,1120,560,ok,16800,15,1120,560,ok
10,24,0.5,26,ema_slope_100_z,9,6.0,0.011813696536663199,0.0,2,exit,8400,16800,15,1120,560,ok,16800,15,1120,560,ok
10,24,0.5,26,ret_accel_24_72_z,10,7.0,0.013449346562730669,0.0,1,entry,8400,16800,15,1120,560,ok,16800,15,1120,560,ok
10,24,0.5,26,bb_width_20_sqrt_z,11,7.0,0.01145615066034078,0.0,1,exit,8400,16800,15,1120,560,ok,16800,15,1120,560,ok
10,24,0.5,26,NATR_14_z,12,8.0,0.012854851708349435,0.0,2,exit,8400,16800,15,1120,560,ok,16800,15,1120,560,ok
10,24,0.5,26,RSI_72_bounded,13,8.0,0.013412604448405974,0.0,1,entry,8400,16800,15,1120,560,ok,16800,15,1120,560,ok
10,24,0.5,26,ema_spread_50_100_z,14,9.0,0.010532852605350751,0.0,1,exit,8400,16800,15,1120,560,ok,16800,15,1120,560,ok
10,24,0.5,26,ema_slope_200_z,15,10.0,0.0129610082174062,0.0,2,entry,8400,16800,15,1120,560,ok,16800,15,1120,560,ok
10,24,0.5,26,ADX_14_scaled,16,12.0,0.007562457421970203,0.0,1,exit,8400,16800,15,1120,560,ok,16800,15,1120,560,ok
10,24,0.5,26,dist_to_high_168_sqrt_z,17,14.0,0.011147639639211948,0.0,1,entry,8400,16800,15,1120,560,ok,16800,15,1120,560,ok
10,24,0.5,26,price_pos_in_range_72_norm,18,14.0,0.007250506358297104,0.0,1,exit,8400,16800,15,1120,560,ok,16800,15,1120,560,ok
10,24,0.5,26,log_ret_168_z,19,15.0,0.006872646956000317,0.0,0,exit,8400,16800,15,1120,560,ok,16800,15,1120,560,ok
10,24,0.5,26,dist_to_low_24_sqrt_z,20,16.0,0.010463384525357555,0.0,0,entry,8400,16800,15,1120,560,ok,16800,15,1120,560,ok
10,24,0.5,26,dist_ema_200_z,21,17.0,0.010130866499067692,0.0,0,entry,8400,16800,15,1120,560,ok,16800,15,1120,560,ok
10,24,0.5,26,dist_to_high_72_sqrt_z,22,17.0,0.009071691647800084,0.0,0,exit,8400,16800,15,1120,560,ok,16800,15,1120,560,ok
10,24,0.5,26,bb_pos_20_norm,23,18.0,0.009868099456116775,0.0,0,entry,8400,16800,15,1120,560,ok,16800,15,1120,560,ok
10,24,0.5,26,dist_ema_9_z,24,19.0,0.00968221858491669,0.0,0,entry,8400,16800,15,1120,560,ok,16800,15,1120,560,ok
10,24,0.5,26,dist_to_low_168_sqrt_z,25,19.0,0.005267249179001676,0.0,0,exit,8400,16800,15,1120,560,ok,16800,15,1120,560,ok
10,24,0.5,26,dist_to_high_24_sqrt_z,26,20.0,0.009241730304112794,0.0,0,entry,8400,16800,15,1120,560,ok,16800,15,1120,560,ok
11,24,0.5,7,ema_spread_50_100_z,1,1.0,0.02406179378847051,0.0,2,both_tie,8400,16800,15,1120,560,ok,16800,15,1120,560,ok
11,24,0.5,7,ADX_72_scaled,2,2.0,0.01675448930174578,0.0,2,exit,8400,16800,15,1120,560,ok,16800,15,1120,560,ok
11,24,0.5,7,ADX_30_scaled,3,2.0,0.015405909854345312,0.0,2,entry,8400,16800,15,1120,560,ok,16800,15,1120,560,ok
11,24,0.5,7,ema_spread_100_200_z,4,3.0,0.013879389396375341,0.0,2,entry,8400,16800,15,1120,560,ok,16800,15,1120,560,ok
11,24,0.5,7,ema_slope_50_z,5,3.0,0.013291886572964429,0.0,2,exit,8400,16800,15,1120,560,ok,16800,15,1120,560,ok
11,24,0.5,7,ret_accel_6_24_z,6,4.0,0.013412250364166711,0.0,2,entry,8400,16800,15,1120,560,ok,16800,15,1120,560,ok
11,24,0.5,7,price_pos_in_range_72_norm,7,4.0,0.01286036410165664,0.0,1,exit,8400,16800,15,1120,560,ok,16800,15,1120,560,ok
11,24,0.5,14,ema_spread_50_100_z,1,1.0,0.02406179378847051,0.0,2,both_tie,8400,16800,15,1120,560,ok,16800,15,1120,560,ok
11,24,0.5,14,ADX_72_scaled,2,2.0,0.01675448930174578,0.0,2,exit,8400,16800,15,1120,560,ok,16800,15,1120,560,ok
11,24,0.5,14,ADX_30_scaled,3,2.0,0.015405909854345312,0.0,2,entry,8400,16800,15,1120,560,ok,16800,15,1120,560,ok
11,24,0.5,14,ema_spread_100_200_z,4,3.0,0.013879389396375341,0.0,2,entry,8400,16800,15,1120,560,ok,16800,15,1120,560,ok
11,24,0.5,14,ema_slope_50_z,5,3.0,0.013291886572964429,0.0,2,exit,8400,16800,15,1120,560,ok,16800,15,1120,560,ok
11,24,0.5,14,ret_accel_6_24_z,6,4.0,0.013412250364166711,0.0,2,entry,8400,16800,15,1120,560,ok,16800,15,1120,560,ok
11,24,0.5,14,price_pos_in_range_72_norm,7,4.0,0.01286036410165664,0.0,1,exit,8400,16800,15,1120,560,ok,16800,15,1120,560,ok
11,24,0.5,14,ret_accel_24_72_z,8,5.0,0.01257318965347709,0.0,2,entry,8400,16800,15,1120,560,ok,16800,15,1120,560,ok
11,24,0.5,14,ema_slope_21_z,9,6.0,0.012338088525156499,0.0,2,entry,8400,16800,15,1120,560,ok,16800,15,1120,560,ok
11,24,0.5,14,volatility_72_sqrt_z,10,7.0,0.012221381296158018,0.0,2,entry,8400,16800,15,1120,560,ok,16800,15,1120,560,ok
11,24,0.5,14,ema_spread_9_21_z,11,8.0,0.011379685116635674,0.0,2,entry,8400,16800,15,1120,560,ok,16800,15,1120,560,ok
11,24,0.5,14,volatility_168_sqrt_z,12,9.0,0.010029501963418008,0.0,2,entry,8400,16800,15,1120,560,ok,16800,15,1120,560,ok
11,24,0.5,14,MOM_pct_72_z,13,11.0,0.009542167001141855,0.0,2,exit,8400,16800,15,1120,560,ok,16800,15,1120,560,ok
11,24,0.5,14,MOM_pct_14_z,14,12.0,0.008597327207226446,0.0,1,entry,8400,16800,15,1120,560,ok,16800,15,1120,560,ok
11,24,0.5,20,ema_spread_50_100_z,1,1.0,0.02406179378847051,0.0,2,both_tie,8400,16800,15,1120,560,ok,16800,15,1120,560,ok
11,24,0.5,20,ADX_72_scaled,2,2.0,0.01675448930174578,0.0,2,exit,8400,16800,15,1120,560,ok,16800,15,1120,560,ok
11,24,0.5,20,ADX_30_scaled,3,2.0,0.015405909854345312,0.0,2,entry,8400,16800,15,1120,560,ok,16800,15,1120,560,ok
11,24,0.5,20,ema_spread_100_200_z,4,3.0,0.013879389396375341,0.0,2,entry,8400,16800,15,1120,560,ok,16800,15,1120,560,ok
11,24,0.5,20,ema_slope_50_z,5,3.0,0.013291886572964429,0.0,2,exit,8400,16800,15,1120,560,ok,16800,15,1120,560,ok
11,24,0.5,20,ret_accel_6_24_z,6,4.0,0.013412250364166711,0.0,2,entry,8400,16800,15,1120,560,ok,16800,15,1120,560,ok
11,24,0.5,20,price_pos_in_range_72_norm,7,4.0,0.01286036410165664,0.0,1,exit,8400,16800,15,1120,560,ok,16800,15,1120,560,ok
11,24,0.5,20,ret_accel_24_72_z,8,5.0,0.01257318965347709,0.0,2,entry,8400,16800,15,1120,560,ok,16800,15,1120,560,ok
11,24,0.5,20,ema_slope_21_z,9,6.0,0.012338088525156499,0.0,2,entry,8400,16800,15,1120,560,ok,16800,15,1120,560,ok
11,24,0.5,20,volatility_72_sqrt_z,10,7.0,0.012221381296158018,0.0,2,entry,8400,16800,15,1120,560,ok,16800,15,1120,560,ok
11,24,0.5,20,ema_spread_9_21_z,11,8.0,0.011379685116635674,0.0,2,entry,8400,16800,15,1120,560,ok,16800,15,1120,560,ok
11,24,0.5,20,volatility_168_sqrt_z,12,9.0,0.010029501963418008,0.0,2,entry,8400,16800,15,1120,560,ok,16800,15,1120,560,ok
11,24,0.5,20,MOM_pct_72_z,13,11.0,0.009542167001141855,0.0,2,exit,8400,16800,15,1120,560,ok,16800,15,1120,560,ok
11,24,0.5,20,MOM_pct_14_z,14,12.0,0.008597327207226446,0.0,1,entry,8400,16800,15,1120,560,ok,16800,15,1120,560,ok
11,24,0.5,20,MOM_pct_30_z,15,13.0,0.009337038166779665,0.0,1,exit,8400,16800,15,1120,560,ok,16800,15,1120,560,ok
11,24,0.5,20,RSI_72_bounded,16,13.0,0.007425660456572114,0.0,1,entry,8400,16800,15,1120,560,ok,16800,15,1120,560,ok
11,24,0.5,20,log_ret_72_z,17,15.0,0.008937488428494567,0.0,0,exit,8400,16800,15,1120,560,ok,16800,15,1120,560,ok
11,24,0.5,20,log_ret_24_z,18,15.0,0.007471736299381304,0.0,0,entry,8400,16800,15,1120,560,ok,16800,15,1120,560,ok
11,24,0.5,20,RSI_30_bounded,19,16.0,0.006899215479210907,0.0,0,entry,8400,16800,15,1120,560,ok,16800,15,1120,560,ok
11,24,0.5,20,bb_width_20_sqrt_z,20,17.0,0.0066452377566082466,0.0,0,entry,8400,16800,15,1120,560,ok,16800,15,1120,560,ok
11,24,0.5,26,ema_spread_50_100_z,1,1.0,0.02406179378847051,0.0,2,both_tie,8400,16800,15,1120,560,ok,16800,15,1120,560,ok
11,24,0.5,26,ADX_72_scaled,2,2.0,0.01675448930174578,0.0,2,exit,8400,16800,15,1120,560,ok,16800,15,1120,560,ok
11,24,0.5,26,ADX_30_scaled,3,2.0,0.015405909854345312,0.0,2,entry,8400,16800,15,1120,560,ok,16800,15,1120,560,ok
11,24,0.5,26,ema_spread_100_200_z,4,3.0,0.013879389396375341,0.0,2,entry,8400,16800,15,1120,560,ok,16800,15,1120,560,ok
11,24,0.5,26,ema_slope_50_z,5,3.0,0.013291886572964429,0.0,2,exit,8400,16800,15,1120,560,ok,16800,15,1120,560,ok
11,24,0.5,26,ret_accel_6_24_z,6,4.0,0.013412250364166711,0.0,2,entry,8400,16800,15,1120,560,ok,16800,15,1120,560,ok
11,24,0.5,26,price_pos_in_range_72_norm,7,4.0,0.01286036410165664,0.0,1,exit,8400,16800,15,1120,560,ok,16800,15,1120,560,ok
11,24,0.5,26,ret_accel_24_72_z,8,5.0,0.01257318965347709,0.0,2,entry,8400,16800,15,1120,560,ok,16800,15,1120,560,ok
11,24,0.5,26,ema_slope_21_z,9,6.0,0.012338088525156499,0.0,2,entry,8400,16800,15,1120,560,ok,16800,15,1120,560,ok
11,24,0.5,26,volatility_72_sqrt_z,10,7.0,0.012221381296158018,0.0,2,entry,8400,16800,15,1120,560,ok,16800,15,1120,560,ok
11,24,0.5,26,ema_spread_9_21_z,11,8.0,0.011379685116635674,0.0,2,entry,8400,16800,15,1120,560,ok,16800,15,1120,560,ok
11,24,0.5,26,volatility_168_sqrt_z,12,9.0,0.010029501963418008,0.0,2,entry,8400,16800,15,1120,560,ok,16800,15,1120,560,ok
11,24,0.5,26,MOM_pct_72_z,13,11.0,0.009542167001141855,0.0,2,exit,8400,16800,15,1120,560,ok,16800,15,1120,560,ok
11,24,0.5,26,MOM_pct_14_z,14,12.0,0.008597327207226446,0.0,1,entry,8400,16800,15,1120,560,ok,16800,15,1120,560,ok
11,24,0.5,26,MOM_pct_30_z,15,13.0,0.009337038166779665,0.0,1,exit,8400,16800,15,1120,560,ok,16800,15,1120,560,ok
11,24,0.5,26,RSI_72_bounded,16,13.0,0.007425660456572114,0.0,1,entry,8400,16800,15,1120,560,ok,16800,15,1120,560,ok
11,24,0.5,26,log_ret_72_z,17,15.0,0.008937488428494567,0.0,0,exit,8400,16800,15,1120,560,ok,16800,15,1120,560,ok
11,24,0.5,26,log_ret_24_z,18,15.0,0.007471736299381304,0.0,0,entry,8400,16800,15,1120,560,ok,16800,15,1120,560,ok
11,24,0.5,26,RSI_30_bounded,19,16.0,0.006899215479210907,0.0,0,entry,8400,16800,15,1120,560,ok,16800,15,1120,560,ok
11,24,0.5,26,bb_width_20_sqrt_z,20,17.0,0.0066452377566082466,0.0,0,entry,8400,16800,15,1120,560,ok,16800,15,1120,560,ok
11,24,0.5,26,dist_to_high_168_sqrt_z,21,18.0,0.006236379197980035,0.0,0,entry,8400,16800,15,1120,560,ok,16800,15,1120,560,ok
11,24,0.5,26,dist_to_high_72_sqrt_z,22,19.0,0.006235037573488755,0.0,0,entry,8400,16800,15,1120,560,ok,16800,15,1120,560,ok
11,24,0.5,26,volatility_24_sqrt_z,23,20.0,0.006295964589309255,0.0,0,exit,8400,16800,15,1120,560,ok,16800,15,1120,560,ok
11,24,0.5,26,ret_accel_72_168_z,24,21.0,0.005898743359809333,0.0,0,entry,8400,16800,15,1120,560,ok,16800,15,1120,560,ok
11,24,0.5,26,vol_expansion_168_log1p_z,25,22.0,0.006225568288361905,0.0,0,exit,8400,16800,15,1120,560,ok,16800,15,1120,560,ok
11,24,0.5,26,dist_to_low_24_sqrt_z,26,23.0,0.005937387257635762,0.0,0,exit,8400,16800,15,1120,560,ok,16800,15,1120,560,ok
12,24,0.5,7,ADX_72_scaled,1,1.0,0.030496437108655183,0.0,2,both_tie,8400,16800,15,1120,560,ok,16800,15,1120,560,ok
12,24,0.5,7,RSI_72_bounded,2,2.0,0.019214096626216315,0.0,2,exit,8400,16800,15,1120,560,ok,16800,15,1120,560,ok
12,24,0.5,7,ADX_30_scaled,3,2.0,0.015748283663021945,0.0,2,entry,8400,16800,15,1120,560,ok,16800,15,1120,560,ok
12,24,0.5,7,RSI_30_bounded,4,3.0,0.011488996040273869,0.0,2,entry,8400,16800,15,1120,560,ok,16800,15,1120,560,ok
12,24,0.5,7,bb_width_20_sqrt_z,5,3.0,0.016591379371434067,0.0,1,exit,8400,16800,15,1120,560,ok,16800,15,1120,560,ok
12,24,0.5,7,RSI_14_bounded,6,4.0,0.0106150852834484,0.0,2,entry,8400,16800,15,1120,560,ok,16800,15,1120,560,ok
12,24,0.5,7,ema_spread_50_100_z,7,4.0,0.013440159312556321,0.0,1,exit,8400,16800,15,1120,560,ok,16800,15,1120,560,ok
12,24,0.5,14,ADX_72_scaled,1,1.0,0.030496437108655183,0.0,2,both_tie,8400,16800,15,1120,560,ok,16800,15,1120,560,ok
12,24,0.5,14,RSI_72_bounded,2,2.0,0.019214096626216315,0.0,2,exit,8400,16800,15,1120,560,ok,16800,15,1120,560,ok
12,24,0.5,14,ADX_30_scaled,3,2.0,0.015748283663021945,0.0,2,entry,8400,16800,15,1120,560,ok,16800,15,1120,560,ok
12,24,0.5,14,RSI_30_bounded,4,3.0,0.011488996040273869,0.0,2,entry,8400,16800,15,1120,560,ok,16800,15,1120,560,ok
12,24,0.5,14,bb_width_20_sqrt_z,5,3.0,0.016591379371434067,0.0,1,exit,8400,16800,15,1120,560,ok,16800,15,1120,560,ok
12,24,0.5,14,RSI_14_bounded,6,4.0,0.0106150852834484,0.0,2,entry,8400,16800,15,1120,560,ok,16800,15,1120,560,ok
12,24,0.5,14,ema_spread_50_100_z,7,4.0,0.013440159312556321,0.0,1,exit,8400,16800,15,1120,560,ok,16800,15,1120,560,ok
12,24,0.5,14,volatility_168_sqrt_z,8,5.0,0.01312802746610886,0.0,1,exit,8400,16800,15,1120,560,ok,16800,15,1120,560,ok
12,24,0.5,14,ret_accel_6_24_z,9,6.0,0.009421328100801596,0.0,2,entry,8400,16800,15,1120,560,ok,16800,15,1120,560,ok
12,24,0.5,14,ema_slope_200_z,10,7.0,0.011172890994784801,0.0,1,exit,8400,16800,15,1120,560,ok,16800,15,1120,560,ok
12,24,0.5,14,ema_slope_50_z,11,7.0,0.008823198884229722,0.0,1,entry,8400,16800,15,1120,560,ok,16800,15,1120,560,ok
12,24,0.5,14,dist_to_high_72_sqrt_z,12,8.0,0.00793727840734848,0.0,1,entry,8400,16800,15,1120,560,ok,16800,15,1120,560,ok
12,24,0.5,14,price_pos_in_range_168_norm,13,9.0,0.009807562673366021,0.0,2,entry,8400,16800,15,1120,560,ok,16800,15,1120,560,ok
12,24,0.5,14,NATR_14_z,14,9.0,0.010778416473355146,0.0,1,exit,8400,16800,15,1120,560,ok,16800,15,1120,560,ok
12,24,0.5,20,ADX_72_scaled,1,1.0,0.030496437108655183,0.0,2,both_tie,8400,16800,15,1120,560,ok,16800,15,1120,560,ok
12,24,0.5,20,RSI_72_bounded,2,2.0,0.019214096626216315,0.0,2,exit,8400,16800,15,1120,560,ok,16800,15,1120,560,ok
12,24,0.5,20,ADX_30_scaled,3,2.0,0.015748283663021945,0.0,2,entry,8400,16800,15,1120,560,ok,16800,15,1120,560,ok
12,24,0.5,20,RSI_30_bounded,4,3.0,0.011488996040273869,0.0,2,entry,8400,16800,15,1120,560,ok,16800,15,1120,560,ok
12,24,0.5,20,bb_width_20_sqrt_z,5,3.0,0.016591379371434067,0.0,1,exit,8400,16800,15,1120,560,ok,16800,15,1120,560,ok
12,24,0.5,20,RSI_14_bounded,6,4.0,0.0106150852834484,0.0,2,entry,8400,16800,15,1120,560,ok,16800,15,1120,560,ok
12,24,0.5,20,ema_spread_50_100_z,7,4.0,0.013440159312556321,0.0,1,exit,8400,16800,15,1120,560,ok,16800,15,1120,560,ok
12,24,0.5,20,volatility_168_sqrt_z,8,5.0,0.01312802746610886,0.0,1,exit,8400,16800,15,1120,560,ok,16800,15,1120,560,ok
12,24,0.5,20,ret_accel_6_24_z,9,6.0,0.009421328100801596,0.0,2,entry,8400,16800,15,1120,560,ok,16800,15,1120,560,ok
12,24,0.5,20,ema_slope_200_z,10,7.0,0.011172890994784801,0.0,1,exit,8400,16800,15,1120,560,ok,16800,15,1120,560,ok
12,24,0.5,20,ema_slope_50_z,11,7.0,0.008823198884229722,0.0,1,entry,8400,16800,15,1120,560,ok,16800,15,1120,560,ok
12,24,0.5,20,dist_to_high_72_sqrt_z,12,8.0,0.00793727840734848,0.0,1,entry,8400,16800,15,1120,560,ok,16800,15,1120,560,ok
12,24,0.5,20,price_pos_in_range_168_norm,13,9.0,0.009807562673366021,0.0,2,entry,8400,16800,15,1120,560,ok,16800,15,1120,560,ok
12,24,0.5,20,NATR_14_z,14,9.0,0.010778416473355146,0.0,1,exit,8400,16800,15,1120,560,ok,16800,15,1120,560,ok
12,24,0.5,20,ema_slope_21_z,15,10.0,0.006446043788059352,0.0,1,entry,8400,16800,15,1120,560,ok,16800,15,1120,560,ok
12,24,0.5,20,ret_accel_24_72_z,16,11.0,0.006403844581899798,0.0,1,entry,8400,16800,15,1120,560,ok,16800,15,1120,560,ok
12,24,0.5,20,volatility_72_sqrt_z,17,12.0,0.009724956997480105,0.0,1,exit,8400,16800,15,1120,560,ok,16800,15,1120,560,ok
12,24,0.5,20,ema_spread_100_200_z,18,12.0,0.008668822188321601,0.0,1,entry,8400,16800,15,1120,560,ok,16800,15,1120,560,ok
12,24,0.5,20,log_ret_72_z,19,13.0,0.006199649119703943,0.0,1,entry,8400,16800,15,1120,560,ok,16800,15,1120,560,ok
12,24,0.5,20,volatility_24_sqrt_z,20,14.0,0.009389788053306092,0.0,1,exit,8400,16800,15,1120,560,ok,16800,15,1120,560,ok
12,24,0.5,26,ADX_72_scaled,1,1.0,0.030496437108655183,0.0,2,both_tie,8400,16800,15,1120,560,ok,16800,15,1120,560,ok
12,24,0.5,26,RSI_72_bounded,2,2.0,0.019214096626216315,0.0,2,exit,8400,16800,15,1120,560,ok,16800,15,1120,560,ok
12,24,0.5,26,ADX_30_scaled,3,2.0,0.015748283663021945,0.0,2,entry,8400,16800,15,1120,560,ok,16800,15,1120,560,ok
12,24,0.5,26,RSI_30_bounded,4,3.0,0.011488996040273869,0.0,2,entry,8400,16800,15,1120,560,ok,16800,15,1120,560,ok
12,24,0.5,26,bb_width_20_sqrt_z,5,3.0,0.016591379371434067,0.0,1,exit,8400,16800,15,1120,560,ok,16800,15,1120,560,ok
12,24,0.5,26,RSI_14_bounded,6,4.0,0.0106150852834484,0.0,2,entry,8400,16800,15,1120,560,ok,16800,15,1120,560,ok
12,24,0.5,26,ema_spread_50_100_z,7,4.0,0.013440159312556321,0.0,1,exit,8400,16800,15,1120,560,ok,16800,15,1120,560,ok
12,24,0.5,26,volatility_168_sqrt_z,8,5.0,0.01312802746610886,0.0,1,exit,8400,16800,15,1120,560,ok,16800,15,1120,560,ok
12,24,0.5,26,ret_accel_6_24_z,9,6.0,0.009421328100801596,0.0,2,entry,8400,16800,15,1120,560,ok,16800,15,1120,560,ok
12,24,0.5,26,ema_slope_200_z,10,7.0,0.011172890994784801,0.0,1,exit,8400,16800,15,1120,560,ok,16800,15,1120,560,ok
12,24,0.5,26,ema_slope_50_z,11,7.0,0.008823198884229722,0.0,1,entry,8400,16800,15,1120,560,ok,16800,15,1120,560,ok
12,24,0.5,26,dist_to_high_72_sqrt_z,12,8.0,0.00793727840734848,0.0,1,entry,8400,16800,15,1120,560,ok,16800,15,1120,560,ok
12,24,0.5,26,price_pos_in_range_168_norm,13,9.0,0.009807562673366021,0.0,2,entry,8400,16800,15,1120,560,ok,16800,15,1120,560,ok
12,24,0.5,26,NATR_14_z,14,9.0,0.010778416473355146,0.0,1,exit,8400,16800,15,1120,560,ok,16800,15,1120,560,ok
12,24,0.5,26,ema_slope_21_z,15,10.0,0.006446043788059352,0.0,1,entry,8400,16800,15,1120,560,ok,16800,15,1120,560,ok
12,24,0.5,26,ret_accel_24_72_z,16,11.0,0.006403844581899798,0.0,1,entry,8400,16800,15,1120,560,ok,16800,15,1120,560,ok
12,24,0.5,26,volatility_72_sqrt_z,17,12.0,0.009724956997480105,0.0,1,exit,8400,16800,15,1120,560,ok,16800,15,1120,560,ok
12,24,0.5,26,ema_spread_100_200_z,18,12.0,0.008668822188321601,0.0,1,entry,8400,16800,15,1120,560,ok,16800,15,1120,560,ok
12,24,0.5,26,log_ret_72_z,19,13.0,0.006199649119703943,0.0,1,entry,8400,16800,15,1120,560,ok,16800,15,1120,560,ok
12,24,0.5,26,volatility_24_sqrt_z,20,14.0,0.009389788053306092,0.0,1,exit,8400,16800,15,1120,560,ok,16800,15,1120,560,ok
12,24,0.5,26,ADX_14_scaled,21,14.0,0.007676010537424727,0.0,1,entry,8400,16800,15,1120,560,ok,16800,15,1120,560,ok
12,24,0.5,26,ema_spread_21_50_z,22,15.0,0.005764338990798201,0.0,0,entry,8400,16800,15,1120,560,ok,16800,15,1120,560,ok
12,24,0.5,26,dist_ema_9_z,23,17.0,0.008440271835398638,0.0,0,exit,8400,16800,15,1120,560,ok,16800,15,1120,560,ok
12,24,0.5,26,ret_accel_72_168_z,24,17.0,0.006274200710392364,0.0,0,entry,8400,16800,15,1120,560,ok,16800,15,1120,560,ok
12,24,0.5,26,dist_to_low_72_sqrt_z,25,18.0,0.008392611867632405,0.0,0,exit,8400,16800,15,1120,560,ok,16800,15,1120,560,ok
12,24,0.5,26,ema_spread_9_21_z,26,18.0,0.005162134597962553,0.0,0,entry,8400,16800,15,1120,560,ok,16800,15,1120,560,ok
13,24,0.5,7,ADX_72_scaled,1,1.0,0.02968186535216555,0.0,2,both_tie,8400,16800,15,1120,560,ok,16800,15,1120,560,ok
13,24,0.5,7,RSI_72_bounded,2,2.0,0.02671892808563736,0.0,2,entry,8400,16800,15,1120,560,ok,16800,15,1120,560,ok
13,24,0.5,7,volatility_72_sqrt_z,3,2.0,0.025480522234986924,0.0,2,exit,8400,16800,15,1120,560,ok,16800,15,1120,560,ok
13,24,0.5,7,ADX_14_scaled,4,3.0,0.018854659643049443,0.0,2,exit,8400,16800,15,1120,560,ok,16800,15,1120,560,ok
13,24,0.5,7,ema_slope_50_z,5,4.0,0.023459700593426225,0.0,2,entry,8400,16800,15,1120,560,ok,16800,15,1120,560,ok
13,24,0.5,7,ema_spread_50_100_z,6,4.0,0.016923733334838653,0.0,2,exit,8400,16800,15,1120,560,ok,16800,15,1120,560,ok
13,24,0.5,7,volatility_168_sqrt_z,7,5.0,0.018686678351557018,0.0,2,exit,8400,16800,15,1120,560,ok,16800,15,1120,560,ok
13,24,0.5,14,ADX_72_scaled,1,1.0,0.02968186535216555,0.0,2,both_tie,8400,16800,15,1120,560,ok,16800,15,1120,560,ok
13,24,0.5,14,RSI_72_bounded,2,2.0,0.02671892808563736,0.0,2,entry,8400,16800,15,1120,560,ok,16800,15,1120,560,ok
13,24,0.5,14,volatility_72_sqrt_z,3,2.0,0.025480522234986924,0.0,2,exit,8400,16800,15,1120,560,ok,16800,15,1120,560,ok
13,24,0.5,14,ADX_14_scaled,4,3.0,0.018854659643049443,0.0,2,exit,8400,16800,15,1120,560,ok,16800,15,1120,560,ok
13,24,0.5,14,ema_slope_50_z,5,4.0,0.023459700593426225,0.0,2,entry,8400,16800,15,1120,560,ok,16800,15,1120,560,ok
13,24,0.5,14,ema_spread_50_100_z,6,4.0,0.016923733334838653,0.0,2,exit,8400,16800,15,1120,560,ok,16800,15,1120,560,ok
13,24,0.5,14,volatility_168_sqrt_z,7,5.0,0.018686678351557018,0.0,2,exit,8400,16800,15,1120,560,ok,16800,15,1120,560,ok
13,24,0.5,14,RSI_30_bounded,8,5.0,0.02001861969330987,0.0,1,entry,8400,16800,15,1120,560,ok,16800,15,1120,560,ok
13,24,0.5,14,ADX_30_scaled,9,6.0,0.01906043456780515,0.0,2,entry,8400,16800,15,1120,560,ok,16800,15,1120,560,ok
13,24,0.5,14,price_pos_in_range_72_norm,10,6.0,0.006598781573553425,0.0,1,exit,8400,16800,15,1118,559,ok,16800,15,1118,559,ok
13,24,0.5,14,volatility_24_sqrt_z,11,8.0,0.015399825836968695,0.0,1,exit,8400,16800,15,1120,560,ok,16800,15,1120,560,ok
13,24,0.5,14,ema_spread_9_21_z,12,9.0,0.01862664888958082,0.0,2,entry,8400,16800,15,1120,560,ok,16800,15,1120,560,ok
13,24,0.5,14,price_pos_in_range_168_norm,13,9.0,0.010827346452314535,0.0,1,exit,8400,16800,15,1120,560,ok,16800,15,1120,560,ok
13,24,0.5,14,vol_expansion_168_log1p_z,14,10.0,0.017768090986083063,0.0,1,entry,8400,16800,15,1120,560,ok,16800,15,1120,560,ok
13,24,0.5,20,ADX_72_scaled,1,1.0,0.02968186535216555,0.0,2,both_tie,8400,16800,15,1120,560,ok,16800,15,1120,560,ok
13,24,0.5,20,RSI_72_bounded,2,2.0,0.02671892808563736,0.0,2,entry,8400,16800,15,1120,560,ok,16800,15,1120,560,ok
13,24,0.5,20,volatility_72_sqrt_z,3,2.0,0.025480522234986924,0.0,2,exit,8400,16800,15,1120,560,ok,16800,15,1120,560,ok
13,24,0.5,20,ADX_14_scaled,4,3.0,0.018854659643049443,0.0,2,exit,8400,16800,15,1120,560,ok,16800,15,1120,560,ok
13,24,0.5,20,ema_slope_50_z,5,4.0,0.023459700593426225,0.0,2,entry,8400,16800,15,1120,560,ok,16800,15,1120,560,ok
13,24,0.5,20,ema_spread_50_100_z,6,4.0,0.016923733334838653,0.0,2,exit,8400,16800,15,1120,560,ok,16800,15,1120,560,ok
13,24,0.5,20,volatility_168_sqrt_z,7,5.0,0.018686678351557018,0.0,2,exit,8400,16800,15,1120,560,ok,16800,15,1120,560,ok
13,24,0.5,20,RSI_30_bounded,8,5.0,0.02001861969330987,0.0,1,entry,8400,16800,15,1120,560,ok,16800,15,1120,560,ok
13,24,0.5,20,ADX_30_scaled,9,6.0,0.01906043456780515,0.0,2,entry,8400,16800,15,1120,560,ok,16800,15,1120,560,ok
13,24,0.5,20,price_pos_in_range_72_norm,10,6.0,0.006598781573553425,0.0,1,exit,8400,16800,15,1118,559,ok,16800,15,1118,559,ok
13,24,0.5,20,volatility_24_sqrt_z,11,8.0,0.015399825836968695,0.0,1,exit,8400,16800,15,1120,560,ok,16800,15,1120,560,ok
13,24,0.5,20,ema_spread_9_21_z,12,9.0,0.01862664888958082,0.0,2,entry,8400,16800,15,1120,560,ok,16800,15,1120,560,ok
13,24,0.5,20,price_pos_in_range_168_norm,13,9.0,0.010827346452314535,0.0,1,exit,8400,16800,15,1120,560,ok,16800,15,1120,560,ok
13,24,0.5,20,vol_expansion_168_log1p_z,14,10.0,0.017768090986083063,0.0,1,entry,8400,16800,15,1120,560,ok,16800,15,1120,560,ok
13,24,0.5,20,NATR_14_z,15,10.0,0.012323255324902527,0.0,1,exit,8400,16800,15,1120,560,ok,16800,15,1120,560,ok
13,24,0.5,20,ema_spread_100_200_z,16,12.0,0.016850758108330477,0.0,1,entry,8400,16800,15,1120,560,ok,16800,15,1120,560,ok
13,24,0.5,20,dist_ema_200_z,17,13.0,0.016340904262909572,0.0,1,entry,8400,16800,15,1120,560,ok,16800,15,1120,560,ok
13,24,0.5,20,ema_slope_200_z,18,13.0,0.015045714709145785,0.0,1,exit,8400,16800,15,1120,560,ok,16800,15,1120,560,ok
13,24,0.5,20,ema_slope_100_z,19,14.0,0.016238597426480206,0.0,1,entry,8400,16800,15,1120,560,ok,16800,15,1120,560,ok
13,24,0.5,20,range_sqrt_z,20,15.0,0.015414632381098858,0.0,0,entry,8400,16800,15,1120,560,ok,16800,15,1120,560,ok
13,24,0.5,26,ADX_72_scaled,1,1.0,0.02968186535216555,0.0,2,both_tie,8400,16800,15,1120,560,ok,16800,15,1120,560,ok
13,24,0.5,26,RSI_72_bounded,2,2.0,0.02671892808563736,0.0,2,entry,8400,16800,15,1120,560,ok,16800,15,1120,560,ok
13,24,0.5,26,volatility_72_sqrt_z,3,2.0,0.025480522234986924,0.0,2,exit,8400,16800,15,1120,560,ok,16800,15,1120,560,ok
13,24,0.5,26,ADX_14_scaled,4,3.0,0.018854659643049443,0.0,2,exit,8400,16800,15,1120,560,ok,16800,15,1120,560,ok
13,24,0.5,26,ema_slope_50_z,5,4.0,0.023459700593426225,0.0,2,entry,8400,16800,15,1120,560,ok,16800,15,1120,560,ok
13,24,0.5,26,ema_spread_50_100_z,6,4.0,0.016923733334838653,0.0,2,exit,8400,16800,15,1120,560,ok,16800,15,1120,560,ok
13,24,0.5,26,volatility_168_sqrt_z,7,5.0,0.018686678351557018,0.0,2,exit,8400,16800,15,1120,560,ok,16800,15,1120,560,ok
13,24,0.5,26,RSI_30_bounded,8,5.0,0.02001861969330987,0.0,1,entry,8400,16800,15,1120,560,ok,16800,15,1120,560,ok
13,24,0.5,26,ADX_30_scaled,9,6.0,0.01906043456780515,0.0,2,entry,8400,16800,15,1120,560,ok,16800,15,1120,560,ok
13,24,0.5,26,price_pos_in_range_72_norm,10,6.0,0.006598781573553425,0.0,1,exit,8400,16800,15,1118,559,ok,16800,15,1118,559,ok
13,24,0.5,26,volatility_24_sqrt_z,11,8.0,0.015399825836968695,0.0,1,exit,8400,16800,15,1120,560,ok,16800,15,1120,560,ok
13,24,0.5,26,ema_spread_9_21_z,12,9.0,0.01862664888958082,0.0,2,entry,8400,16800,15,1120,560,ok,16800,15,1120,560,ok
13,24,0.5,26,price_pos_in_range_168_norm,13,9.0,0.010827346452314535,0.0,1,exit,8400,16800,15,1120,560,ok,16800,15,1120,560,ok
13,24,0.5,26,vol_expansion_168_log1p_z,14,10.0,0.017768090986083063,0.0,1,entry,8400,16800,15,1120,560,ok,16800,15,1120,560,ok
13,24,0.5,26,NATR_14_z,15,10.0,0.012323255324902527,0.0,1,exit,8400,16800,15,1120,560,ok,16800,15,1120,560,ok
13,24,0.5,26,ema_spread_100_200_z,16,12.0,0.016850758108330477,0.0,1,entry,8400,16800,15,1120,560,ok,16800,15,1120,560,ok
13,24,0.5,26,dist_ema_200_z,17,13.0,0.016340904262909572,0.0,1,entry,8400,16800,15,1120,560,ok,16800,15,1120,560,ok
13,24,0.5,26,ema_slope_200_z,18,13.0,0.015045714709145785,0.0,1,exit,8400,16800,15,1120,560,ok,16800,15,1120,560,ok
13,24,0.5,26,ema_slope_100_z,19,14.0,0.016238597426480206,0.0,1,entry,8400,16800,15,1120,560,ok,16800,15,1120,560,ok
13,24,0.5,26,range_sqrt_z,20,15.0,0.015414632381098858,0.0,0,entry,8400,16800,15,1120,560,ok,16800,15,1120,560,ok
13,24,0.5,26,vol_expansion_24_log1p_z,21,15.0,0.007137589531981514,0.0,0,exit,8400,16800,15,1120,560,ok,16800,15,1120,560,ok
13,24,0.5,26,RSI_14_bounded,22,16.0,0.01541150036619826,0.0,0,entry,8400,16800,15,1120,560,ok,16800,15,1120,560,ok
13,24,0.5,26,bb_width_20_sqrt_z,23,17.0,0.006943559356301532,0.0,0,exit,8400,16800,15,1120,560,ok,16800,15,1120,560,ok
13,24,0.5,26,ret_accel_24_72_z,24,18.0,0.015120036590704156,0.0,0,entry,8400,16800,15,1120,560,ok,16800,15,1120,560,ok
13,24,0.5,26,vol_ratio_24_log1p_z,25,18.0,0.012503556235258895,0.0,0,exit,8400,16800,15,1120,560,ok,16800,15,1120,560,ok
13,24,0.5,26,vol_expansion_72_log1p_z,26,19.0,0.011836162847945364,0.0,0,exit,8400,16800,15,1120,560,ok,16800,15,1120,560,ok
14,24,0.5,7,ADX_72_scaled,1,1.0,0.02398024597783599,0.0,2,both_tie,8400,16800,15,1120,560,ok,16800,15,1120,560,ok
14,24,0.5,7,RSI_72_bounded,2,2.0,0.01493098029867046,0.0,1,entry,8400,16800,15,1120,560,ok,16800,15,1120,560,ok
14,24,0.5,7,ema_spread_50_100_z,3,2.0,0.012122880868108088,0.0,1,exit,8400,16800,15,1120,560,ok,16800,15,1120,560,ok
14,24,0.5,7,NATR_14_z,4,3.0,0.013928300362045176,0.0,1,entry,8400,16800,15,1120,560,ok,16800,15,1120,560,ok
14,24,0.5,7,volatility_24_sqrt_z,5,3.0,0.010025095669336792,0.0,1,exit,8400,16800,15,1120,560,ok,16800,15,1120,560,ok
14,24,0.5,7,RSI_14_bounded,6,4.0,0.009460096008932106,0.0,2,exit,8400,16800,15,1120,560,ok,16800,15,1120,560,ok
14,24,0.5,7,ema_spread_9_21_z,7,4.0,0.012185047811556049,0.0,1,entry,8400,16800,15,1120,560,ok,16800,15,1120,560,ok
14,24,0.5,14,ADX_72_scaled,1,1.0,0.02398024597783599,0.0,2,both_tie,8400,16800,15,1120,560,ok,16800,15,1120,560,ok
14,24,0.5,14,RSI_72_bounded,2,2.0,0.01493098029867046,0.0,1,entry,8400,16800,15,1120,560,ok,16800,15,1120,560,ok
14,24,0.5,14,ema_spread_50_100_z,3,2.0,0.012122880868108088,0.0,1,exit,8400,16800,15,1120,560,ok,16800,15,1120,560,ok
14,24,0.5,14,NATR_14_z,4,3.0,0.013928300362045176,0.0,1,entry,8400,16800,15,1120,560,ok,16800,15,1120,560,ok
14,24,0.5,14,volatility_24_sqrt_z,5,3.0,0.010025095669336792,0.0,1,exit,8400,16800,15,1120,560,ok,16800,15,1120,560,ok
14,24,0.5,14,RSI_14_bounded,6,4.0,0.009460096008932106,0.0,2,exit,8400,16800,15,1120,560,ok,16800,15,1120,560,ok
14,24,0.5,14,ema_spread_9_21_z,7,4.0,0.012185047811556049,0.0,1,entry,8400,16800,15,1120,560,ok,16800,15,1120,560,ok
14,24,0.5,14,dist_to_low_168_sqrt_z,8,5.0,0.01181555223841646,0.0,1,entry,8400,16800,15,1120,560,ok,16800,15,1120,560,ok
14,24,0.5,14,bb_width_20_sqrt_z,9,5.0,0.008174029357992996,0.0,1,exit,8400,16800,15,1120,560,ok,16800,15,1120,560,ok
14,24,0.5,14,ADX_30_scaled,10,6.0,0.011181453925518614,0.0,2,entry,8400,16800,15,1120,560,ok,16800,15,1120,560,ok
14,24,0.5,14,RSI_30_bounded,11,6.0,0.00828819279499482,0.0,2,exit,8400,16800,15,1120,560,ok,16800,15,1120,560,ok
14,24,0.5,14,dist_to_low_72_sqrt_z,12,7.0,0.010809840420551997,0.0,2,entry,8400,16800,15,1120,560,ok,16800,15,1120,560,ok
14,24,0.5,14,ema_slope_9_z,13,7.0,0.007060262023186603,0.0,1,exit,8400,16800,15,1120,560,ok,16800,15,1120,560,ok
14,24,0.5,14,ema_slope_21_z,14,8.0,0.010563285903609998,0.0,1,entry,8400,16800,15,1120,560,ok,16800,15,1120,560,ok
14,24,0.5,20,ADX_72_scaled,1,1.0,0.02398024597783599,0.0,2,both_tie,8400,16800,15,1120,560,ok,16800,15,1120,560,ok
14,24,0.5,20,RSI_72_bounded,2,2.0,0.01493098029867046,0.0,1,entry,8400,16800,15,1120,560,ok,16800,15,1120,560,ok
14,24,0.5,20,ema_spread_50_100_z,3,2.0,0.012122880868108088,0.0,1,exit,8400,16800,15,1120,560,ok,16800,15,1120,560,ok
14,24,0.5,20,NATR_14_z,4,3.0,0.013928300362045176,0.0,1,entry,8400,16800,15,1120,560,ok,16800,15,1120,560,ok
14,24,0.5,20,volatility_24_sqrt_z,5,3.0,0.010025095669336792,0.0,1,exit,8400,16800,15,1120,560,ok,16800,15,1120,560,ok
14,24,0.5,20,RSI_14_bounded,6,4.0,0.009460096008932106,0.0,2,exit,8400,16800,15,1120,560,ok,16800,15,1120,560,ok
14,24,0.5,20,ema_spread_9_21_z,7,4.0,0.012185047811556049,0.0,1,entry,8400,16800,15,1120,560,ok,16800,15,1120,560,ok
14,24,0.5,20,dist_to_low_168_sqrt_z,8,5.0,0.01181555223841646,0.0,1,entry,8400,16800,15,1120,560,ok,16800,15,1120,560,ok
14,24,0.5,20,bb_width_20_sqrt_z,9,5.0,0.008174029357992996,0.0,1,exit,8400,16800,15,1120,560,ok,16800,15,1120,560,ok
14,24,0.5,20,ADX_30_scaled,10,6.0,0.011181453925518614,0.0,2,entry,8400,16800,15,1120,560,ok,16800,15,1120,560,ok
14,24,0.5,20,RSI_30_bounded,11,6.0,0.00828819279499482,0.0,2,exit,8400,16800,15,1120,560,ok,16800,15,1120,560,ok
14,24,0.5,20,dist_to_low_72_sqrt_z,12,7.0,0.010809840420551997,0.0,2,entry,8400,16800,15,1120,560,ok,16800,15,1120,560,ok
14,24,0.5,20,ema_slope_9_z,13,7.0,0.007060262023186603,0.0,1,exit,8400,16800,15,1120,560,ok,16800,15,1120,560,ok
14,24,0.5,20,ema_slope_21_z,14,8.0,0.010563285903609998,0.0,1,entry,8400,16800,15,1120,560,ok,16800,15,1120,560,ok
14,24,0.5,20,MACD_hist_pct_z,15,9.0,0.008440067867343526,0.0,2,exit,8400,16800,15,1120,560,ok,16800,15,1120,560,ok
14,24,0.5,20,MOM_pct_14_z,16,9.0,0.010194865907721784,0.0,1,entry,8400,16800,15,1120,560,ok,16800,15,1120,560,ok
14,24,0.5,20,ema_slope_50_z,17,10.0,0.009422199925479657,0.0,1,entry,8400,16800,15,1120,560,ok,16800,15,1120,560,ok
14,24,0.5,20,ret_accel_24_72_z,18,11.0,0.006690153039373481,0.0,1,exit,8400,16800,15,1120,560,ok,16800,15,1120,560,ok
14,24,0.5,20,MOM_pct_72_z,19,12.0,0.005313628711017482,0.0,1,exit,8400,16800,15,1120,560,ok,16800,15,1120,560,ok
14,24,0.5,20,ADX_14_scaled,20,13.0,0.007782996063512737,0.0,1,exit,8400,16800,15,1120,560,ok,16800,15,1120,560,ok
14,24,0.5,26,ADX_72_scaled,1,1.0,0.02398024597783599,0.0,2,both_tie,8400,16800,15,1120,560,ok,16800,15,1120,560,ok
14,24,0.5,26,RSI_72_bounded,2,2.0,0.01493098029867046,0.0,1,entry,8400,16800,15,1120,560,ok,16800,15,1120,560,ok
14,24,0.5,26,ema_spread_50_100_z,3,2.0,0.012122880868108088,0.0,1,exit,8400,16800,15,1120,560,ok,16800,15,1120,560,ok
14,24,0.5,26,NATR_14_z,4,3.0,0.013928300362045176,0.0,1,entry,8400,16800,15,1120,560,ok,16800,15,1120,560,ok
14,24,0.5,26,volatility_24_sqrt_z,5,3.0,0.010025095669336792,0.0,1,exit,8400,16800,15,1120,560,ok,16800,15,1120,560,ok
14,24,0.5,26,RSI_14_bounded,6,4.0,0.009460096008932106,0.0,2,exit,8400,16800,15,1120,560,ok,16800,15,1120,560,ok
14,24,0.5,26,ema_spread_9_21_z,7,4.0,0.012185047811556049,0.0,1,entry,8400,16800,15,1120,560,ok,16800,15,1120,560,ok
14,24,0.5,26,dist_to_low_168_sqrt_z,8,5.0,0.01181555223841646,0.0,1,entry,8400,16800,15,1120,560,ok,16800,15,1120,560,ok
14,24,0.5,26,bb_width_20_sqrt_z,9,5.0,0.008174029357992996,0.0,1,exit,8400,16800,15,1120,560,ok,16800,15,1120,560,ok
14,24,0.5,26,ADX_30_scaled,10,6.0,0.011181453925518614,0.0,2,entry,8400,16800,15,1120,560,ok,16800,15,1120,560,ok
14,24,0.5,26,RSI_30_bounded,11,6.0,0.00828819279499482,0.0,2,exit,8400,16800,15,1120,560,ok,16800,15,1120,560,ok
14,24,0.5,26,dist_to_low_72_sqrt_z,12,7.0,0.010809840420551997,0.0,2,entry,8400,16800,15,1120,560,ok,16800,15,1120,560,ok
14,24,0.5,26,ema_slope_9_z,13,7.0,0.007060262023186603,0.0,1,exit,8400,16800,15,1120,560,ok,16800,15,1120,560,ok
14,24,0.5,26,ema_slope_21_z,14,8.0,0.010563285903609998,0.0,1,entry,8400,16800,15,1120,560,ok,16800,15,1120,560,ok
14,24,0.5,26,MACD_hist_pct_z,15,9.0,0.008440067867343526,0.0,2,exit,8400,16800,15,1120,560,ok,16800,15,1120,560,ok
14,24,0.5,26,MOM_pct_14_z,16,9.0,0.010194865907721784,0.0,1,entry,8400,16800,15,1120,560,ok,16800,15,1120,560,ok
14,24,0.5,26,ema_slope_50_z,17,10.0,0.009422199925479657,0.0,1,entry,8400,16800,15,1120,560,ok,16800,15,1120,560,ok
14,24,0.5,26,ret_accel_24_72_z,18,11.0,0.006690153039373481,0.0,1,exit,8400,16800,15,1120,560,ok,16800,15,1120,560,ok
14,24,0.5,26,MOM_pct_72_z,19,12.0,0.005313628711017482,0.0,1,exit,8400,16800,15,1120,560,ok,16800,15,1120,560,ok
14,24,0.5,26,ADX_14_scaled,20,13.0,0.007782996063512737,0.0,1,exit,8400,16800,15,1120,560,ok,16800,15,1120,560,ok
14,24,0.5,26,ret_accel_6_24_z,21,14.0,0.008072038753935251,0.0,1,entry,8400,16800,15,1120,560,ok,16800,15,1120,560,ok
14,24,0.5,26,log_ret_72_z,22,14.0,0.004901000946906708,0.0,1,exit,8400,16800,15,1120,560,ok,16800,15,1120,560,ok
14,24,0.5,26,ema_slope_200_z,23,15.0,0.007851103918881441,0.0,0,entry,8400,16800,15,1120,560,ok,16800,15,1120,560,ok
14,24,0.5,26,volatility_72_sqrt_z,24,16.0,0.00779088070124323,0.0,0,entry,8400,16800,15,1120,560,ok,16800,15,1120,560,ok
14,24,0.5,26,price_pos_in_range_168_norm,25,18.0,0.007769910159696525,0.0,0,entry,8400,16800,15,1120,560,ok,16800,15,1120,560,ok
14,24,0.5,26,ema_slope_100_z,26,21.0,0.006358491976932057,0.0,0,entry,8400,16800,15,1120,560,ok,16800,15,1120,560,ok
15,24,0.5,7,ema_spread_9_21_z,1,1.0,0.025864553621591124,0.0,2,entry,8400,16800,15,1120,560,ok,16800,15,1120,560,ok
15,24,0.5,7,ADX_72_scaled,2,1.0,0.01253616075809627,0.0,1,exit,8400,16800,15,1120,560,ok,16800,15,1120,560,ok
15,24,0.5,7,ema_slope_50_z,3,2.0,0.0241320015172799,0.0,2,entry,8400,16800,15,1120,560,ok,16800,15,1120,560,ok
15,24,0.5,7,ret_accel_24_72_z,4,2.0,0.015895404770163712,0.0,2,exit,8400,16800,15,1120,560,ok,16800,15,1120,560,ok
15,24,0.5,7,ema_slope_200_z,5,3.0,0.023071775442809805,0.0,2,entry,8400,16800,15,1120,560,ok,16800,15,1120,560,ok
15,24,0.5,7,bb_width_20_sqrt_z,6,3.0,0.01154964897435895,0.0,1,exit,8400,16800,15,1120,560,ok,16800,15,1120,560,ok
15,24,0.5,7,ema_slope_21_z,7,4.0,0.022029835183275726,0.0,2,entry,8400,16800,15,1120,560,ok,16800,15,1120,560,ok
15,24,0.5,14,ema_spread_9_21_z,1,1.0,0.025864553621591124,0.0,2,entry,8400,16800,15,1120,560,ok,16800,15,1120,560,ok
15,24,0.5,14,ADX_72_scaled,2,1.0,0.01253616075809627,0.0,1,exit,8400,16800,15,1120,560,ok,16800,15,1120,560,ok
15,24,0.5,14,ema_slope_50_z,3,2.0,0.0241320015172799,0.0,2,entry,8400,16800,15,1120,560,ok,16800,15,1120,560,ok
15,24,0.5,14,ret_accel_24_72_z,4,2.0,0.015895404770163712,0.0,2,exit,8400,16800,15,1120,560,ok,16800,15,1120,560,ok
15,24,0.5,14,ema_slope_200_z,5,3.0,0.023071775442809805,0.0,2,entry,8400,16800,15,1120,560,ok,16800,15,1120,560,ok
15,24,0.5,14,bb_width_20_sqrt_z,6,3.0,0.01154964897435895,0.0,1,exit,8400,16800,15,1120,560,ok,16800,15,1120,560,ok
15,24,0.5,14,ema_slope_21_z,7,4.0,0.022029835183275726,0.0,2,entry,8400,16800,15,1120,560,ok,16800,15,1120,560,ok
15,24,0.5,14,dist_to_high_168_sqrt_z,8,4.0,0.016892618024951345,0.0,2,exit,8400,16800,15,1120,560,ok,16800,15,1120,560,ok
15,24,0.5,14,ema_slope_100_z,9,5.0,0.01806487827283132,0.0,2,entry,8400,16800,15,1120,560,ok,16800,15,1120,560,ok
15,24,0.5,14,ema_spread_50_100_z,10,6.0,0.017008556931382368,0.0,2,entry,8400,16800,15,1120,560,ok,16800,15,1120,560,ok
15,24,0.5,14,price_pos_in_range_72_norm,11,8.0,0.007610602224383589,0.0,1,exit,8400,16800,15,1120,560,ok,16800,15,1120,560,ok
15,24,0.5,14,ADX_14_scaled,12,9.0,0.015496201260055797,0.0,1,entry,8400,16800,15,1120,560,ok,16800,15,1120,560,ok
15,24,0.5,14,dist_ema_200_z,13,10.0,0.014766581963627234,0.0,2,exit,8400,16800,15,1120,560,ok,16800,15,1120,560,ok
15,24,0.5,14,ema_spread_100_200_z,14,10.0,0.015009504970809773,0.0,1,entry,8400,16800,15,1120,560,ok,16800,15,1120,560,ok
15,24,0.5,20,ema_spread_9_21_z,1,1.0,0.025864553621591124,0.0,2,entry,8400,16800,15,1120,560,ok,16800,15,1120,560,ok
15,24,0.5,20,ADX_72_scaled,2,1.0,0.01253616075809627,0.0,1,exit,8400,16800,15,1120,560,ok,16800,15,1120,560,ok
15,24,0.5,20,ema_slope_50_z,3,2.0,0.0241320015172799,0.0,2,entry,8400,16800,15,1120,560,ok,16800,15,1120,560,ok
15,24,0.5,20,ret_accel_24_72_z,4,2.0,0.015895404770163712,0.0,2,exit,8400,16800,15,1120,560,ok,16800,15,1120,560,ok
15,24,0.5,20,ema_slope_200_z,5,3.0,0.023071775442809805,0.0,2,entry,8400,16800,15,1120,560,ok,16800,15,1120,560,ok
15,24,0.5,20,bb_width_20_sqrt_z,6,3.0,0.01154964897435895,0.0,1,exit,8400,16800,15,1120,560,ok,16800,15,1120,560,ok
15,24,0.5,20,ema_slope_21_z,7,4.0,0.022029835183275726,0.0,2,entry,8400,16800,15,1120,560,ok,16800,15,1120,560,ok
15,24,0.5,20,dist_to_high_168_sqrt_z,8,4.0,0.016892618024951345,0.0,2,exit,8400,16800,15,1120,560,ok,16800,15,1120,560,ok
15,24,0.5,20,ema_slope_100_z,9,5.0,0.01806487827283132,0.0,2,entry,8400,16800,15,1120,560,ok,16800,15,1120,560,ok
15,24,0.5,20,ema_spread_50_100_z,10,6.0,0.017008556931382368,0.0,2,entry,8400,16800,15,1120,560,ok,16800,15,1120,560,ok
15,24,0.5,20,price_pos_in_range_72_norm,11,8.0,0.007610602224383589,0.0,1,exit,8400,16800,15,1120,560,ok,16800,15,1120,560,ok
15,24,0.5,20,ADX_14_scaled,12,9.0,0.015496201260055797,0.0,1,entry,8400,16800,15,1120,560,ok,16800,15,1120,560,ok
15,24,0.5,20,dist_ema_200_z,13,10.0,0.014766581963627234,0.0,2,exit,8400,16800,15,1120,560,ok,16800,15,1120,560,ok
15,24,0.5,20,ema_spread_100_200_z,14,10.0,0.015009504970809773,0.0,1,entry,8400,16800,15,1120,560,ok,16800,15,1120,560,ok
15,24,0.5,20,ret_accel_6_24_z,15,11.0,0.014996375181365762,0.0,2,entry,8400,16800,15,1120,560,ok,16800,15,1120,560,ok
15,24,0.5,20,RSI_14_bounded,16,13.0,0.014536810412609014,0.0,1,entry,8400,16800,15,1120,560,ok,16800,15,1120,560,ok
15,24,0.5,20,NATR_14_z,17,14.0,0.01254365224008469,0.0,1,entry,8400,16800,15,1120,560,ok,16800,15,1120,560,ok
15,24,0.5,20,volatility_24_sqrt_z,18,14.0,0.005864895096667655,0.0,1,exit,8400,16800,15,1120,560,ok,16800,15,1120,560,ok
15,24,0.5,20,dist_to_high_72_sqrt_z,19,15.0,0.0121133203410132,0.0,0,entry,8400,16800,15,1120,560,ok,16800,15,1120,560,ok
15,24,0.5,20,MACD_hist_pct_z,20,15.0,0.005803210870041098,0.0,0,exit,8400,16800,15,1120,560,ok,16800,15,1120,560,ok
15,24,0.5,26,ema_spread_9_21_z,1,1.0,0.025864553621591124,0.0,2,entry,8400,16800,15,1120,560,ok,16800,15,1120,560,ok
15,24,0.5,26,ADX_72_scaled,2,1.0,0.01253616075809627,0.0,1,exit,8400,16800,15,1120,560,ok,16800,15,1120,560,ok
15,24,0.5,26,ema_slope_50_z,3,2.0,0.0241320015172799,0.0,2,entry,8400,16800,15,1120,560,ok,16800,15,1120,560,ok
15,24,0.5,26,ret_accel_24_72_z,4,2.0,0.015895404770163712,0.0,2,exit,8400,16800,15,1120,560,ok,16800,15,1120,560,ok
15,24,0.5,26,ema_slope_200_z,5,3.0,0.023071775442809805,0.0,2,entry,8400,16800,15,1120,560,ok,16800,15,1120,560,ok
15,24,0.5,26,bb_width_20_sqrt_z,6,3.0,0.01154964897435895,0.0,1,exit,8400,16800,15,1120,560,ok,16800,15,1120,560,ok
15,24,0.5,26,ema_slope_21_z,7,4.0,0.022029835183275726,0.0,2,entry,8400,16800,15,1120,560,ok,16800,15,1120,560,ok
15,24,0.5,26,dist_to_high_168_sqrt_z,8,4.0,0.016892618024951345,0.0,2,exit,8400,16800,15,1120,560,ok,16800,15,1120,560,ok
15,24,0.5,26,ema_slope_100_z,9,5.0,0.01806487827283132,0.0,2,entry,8400,16800,15,1120,560,ok,16800,15,1120,560,ok
15,24,0.5,26,ema_spread_50_100_z,10,6.0,0.017008556931382368,0.0,2,entry,8400,16800,15,1120,560,ok,16800,15,1120,560,ok
15,24,0.5,26,price_pos_in_range_72_norm,11,8.0,0.007610602224383589,0.0,1,exit,8400,16800,15,1120,560,ok,16800,15,1120,560,ok
15,24,0.5,26,ADX_14_scaled,12,9.0,0.015496201260055797,0.0,1,entry,8400,16800,15,1120,560,ok,16800,15,1120,560,ok
15,24,0.5,26,dist_ema_200_z,13,10.0,0.014766581963627234,0.0,2,exit,8400,16800,15,1120,560,ok,16800,15,1120,560,ok
15,24,0.5,26,ema_spread_100_200_z,14,10.0,0.015009504970809773,0.0,1,entry,8400,16800,15,1120,560,ok,16800,15,1120,560,ok
15,24,0.5,26,ret_accel_6_24_z,15,11.0,0.014996375181365762,0.0,2,entry,8400,16800,15,1120,560,ok,16800,15,1120,560,ok
15,24,0.5,26,RSI_14_bounded,16,13.0,0.014536810412609014,0.0,1,entry,8400,16800,15,1120,560,ok,16800,15,1120,560,ok
15,24,0.5,26,NATR_14_z,17,14.0,0.01254365224008469,0.0,1,entry,8400,16800,15,1120,560,ok,16800,15,1120,560,ok
15,24,0.5,26,volatility_24_sqrt_z,18,14.0,0.005864895096667655,0.0,1,exit,8400,16800,15,1120,560,ok,16800,15,1120,560,ok
15,24,0.5,26,dist_to_high_72_sqrt_z,19,15.0,0.0121133203410132,0.0,0,entry,8400,16800,15,1120,560,ok,16800,15,1120,560,ok
15,24,0.5,26,MACD_hist_pct_z,20,15.0,0.005803210870041098,0.0,0,exit,8400,16800,15,1120,560,ok,16800,15,1120,560,ok
15,24,0.5,26,dist_ema_100_z,21,16.0,0.012077206706723298,0.0,0,entry,8400,16800,15,1120,560,ok,16800,15,1120,560,ok
15,24,0.5,26,dist_ema_50_z,22,17.0,0.011651559415757351,0.0,0,entry,8400,16800,15,1120,560,ok,16800,15,1120,560,ok
15,24,0.5,26,ema_spread_21_50_z,23,20.0,0.010129597630980869,0.0,0,entry,8400,16800,15,1120,560,ok,16800,15,1120,560,ok
15,24,0.5,26,RSI_30_bounded,24,20.0,0.0064550925051301,0.0,0,exit,8400,16800,15,1120,560,ok,16800,15,1120,560,ok
15,24,0.5,26,bb_pos_20_norm,25,21.0,0.009626866146740798,0.0,0,entry,8400,16800,15,1120,560,ok,16800,15,1120,560,ok
15,24,0.5,26,vol_ratio_24_log1p_z,26,21.0,0.0056485929842293725,0.0,0,exit,8400,16800,15,1120,560,ok,16800,15,1120,560,ok
16,24,0.5,7,ADX_72_scaled,1,1.0,0.018996500324948262,0.0,2,entry,8400,16800,15,1120,560,ok,16800,15,1120,560,ok
16,24,0.5,7,ADX_30_scaled,2,1.0,0.015129843300606516,0.0,2,exit,8400,16800,15,1120,560,ok,16800,15,1120,560,ok
16,24,0.5,7,ema_slope_50_z,3,2.0,0.01856849820725437,0.0,1,entry,8400,16800,15,1120,560,ok,16800,15,1120,560,ok
16,24,0.5,7,ema_spread_9_21_z,4,3.0,0.01821481051511953,0.0,1,entry,8400,16800,15,1120,560,ok,16800,15,1120,560,ok
16,24,0.5,7,volatility_24_sqrt_z,5,3.0,0.012135040295130295,0.0,1,exit,8400,16800,15,1120,560,ok,16800,15,1120,560,ok
16,24,0.5,7,RSI_14_bounded,6,4.0,0.01779245226513393,0.0,2,entry,8400,16800,15,1120,560,ok,16800,15,1120,560,ok
16,24,0.5,7,ema_spread_50_100_z,7,4.0,0.0146345896381741,0.0,2,exit,8400,16800,15,1120,560,ok,16800,15,1120,560,ok
16,24,0.5,14,ADX_72_scaled,1,1.0,0.018996500324948262,0.0,2,entry,8400,16800,15,1120,560,ok,16800,15,1120,560,ok
16,24,0.5,14,ADX_30_scaled,2,1.0,0.015129843300606516,0.0,2,exit,8400,16800,15,1120,560,ok,16800,15,1120,560,ok
16,24,0.5,14,ema_slope_50_z,3,2.0,0.01856849820725437,0.0,1,entry,8400,16800,15,1120,560,ok,16800,15,1120,560,ok
16,24,0.5,14,ema_spread_9_21_z,4,3.0,0.01821481051511953,0.0,1,entry,8400,16800,15,1120,560,ok,16800,15,1120,560,ok
16,24,0.5,14,volatility_24_sqrt_z,5,3.0,0.012135040295130295,0.0,1,exit,8400,16800,15,1120,560,ok,16800,15,1120,560,ok
16,24,0.5,14,RSI_14_bounded,6,4.0,0.01779245226513393,0.0,2,entry,8400,16800,15,1120,560,ok,16800,15,1120,560,ok
16,24,0.5,14,ema_spread_50_100_z,7,4.0,0.0146345896381741,0.0,2,exit,8400,16800,15,1120,560,ok,16800,15,1120,560,ok
16,24,0.5,14,dist_ema_200_z,8,5.0,0.015659156765767457,0.0,2,entry,8400,16800,15,1120,560,ok,16800,15,1120,560,ok
16,24,0.5,14,price_pos_in_range_72_norm,9,5.0,0.010941636645188546,0.0,1,exit,8400,16800,15,1120,560,ok,16800,15,1120,560,ok
16,24,0.5,14,ADX_14_scaled,10,6.0,0.012986708569284078,0.0,2,exit,8400,16800,15,1120,560,ok,16800,15,1120,560,ok
16,24,0.5,14,bb_pos_20_norm,11,7.0,0.014987554997073382,0.0,1,entry,8400,16800,15,1120,560,ok,16800,15,1120,560,ok
16,24,0.5,14,ema_slope_200_z,12,7.0,0.008536808973618859,0.0,1,exit,8400,16800,15,1120,560,ok,16800,15,1120,560,ok
16,24,0.5,14,volatility_168_sqrt_z,13,9.0,0.013620057751153158,0.0,1,entry,8400,16800,15,1120,560,ok,16800,15,1120,560,ok
16,24,0.5,14,price_pos_in_range_24_norm,14,9.0,0.0104366064720669,0.0,1,exit,8400,16800,15,1120,560,ok,16800,15,1120,560,ok
16,24,0.5,20,ADX_72_scaled,1,1.0,0.018996500324948262,0.0,2,entry,8400,16800,15,1120,560,ok,16800,15,1120,560,ok
16,24,0.5,20,ADX_30_scaled,2,1.0,0.015129843300606516,0.0,2,exit,8400,16800,15,1120,560,ok,16800,15,1120,560,ok
16,24,0.5,20,ema_slope_50_z,3,2.0,0.01856849820725437,0.0,1,entry,8400,16800,15,1120,560,ok,16800,15,1120,560,ok
16,24,0.5,20,ema_spread_9_21_z,4,3.0,0.01821481051511953,0.0,1,entry,8400,16800,15,1120,560,ok,16800,15,1120,560,ok
16,24,0.5,20,volatility_24_sqrt_z,5,3.0,0.012135040295130295,0.0,1,exit,8400,16800,15,1120,560,ok,16800,15,1120,560,ok
16,24,0.5,20,RSI_14_bounded,6,4.0,0.01779245226513393,0.0,2,entry,8400,16800,15,1120,560,ok,16800,15,1120,560,ok
16,24,0.5,20,ema_spread_50_100_z,7,4.0,0.0146345896381741,0.0,2,exit,8400,16800,15,1120,560,ok,16800,15,1120,560,ok
16,24,0.5,20,dist_ema_200_z,8,5.0,0.015659156765767457,0.0,2,entry,8400,16800,15,1120,560,ok,16800,15,1120,560,ok
16,24,0.5,20,price_pos_in_range_72_norm,9,5.0,0.010941636645188546,0.0,1,exit,8400,16800,15,1120,560,ok,16800,15,1120,560,ok
16,24,0.5,20,ADX_14_scaled,10,6.0,0.012986708569284078,0.0,2,exit,8400,16800,15,1120,560,ok,16800,15,1120,560,ok
16,24,0.5,20,bb_pos_20_norm,11,7.0,0.014987554997073382,0.0,1,entry,8400,16800,15,1120,560,ok,16800,15,1120,560,ok
16,24,0.5,20,ema_slope_200_z,12,7.0,0.008536808973618859,0.0,1,exit,8400,16800,15,1120,560,ok,16800,15,1120,560,ok
16,24,0.5,20,volatility_168_sqrt_z,13,9.0,0.013620057751153158,0.0,1,entry,8400,16800,15,1120,560,ok,16800,15,1120,560,ok
16,24,0.5,20,price_pos_in_range_24_norm,14,9.0,0.0104366064720669,0.0,1,exit,8400,16800,15,1120,560,ok,16800,15,1120,560,ok
16,24,0.5,20,ema_slope_21_z,15,10.0,0.013611437621680156,0.0,1,entry,8400,16800,15,1120,560,ok,16800,15,1120,560,ok
16,24,0.5,20,price_pos_in_range_168_norm,16,10.0,0.0077057762062843205,0.0,1,exit,8400,16800,15,1120,560,ok,16800,15,1120,560,ok
16,24,0.5,20,ret_accel_6_24_z,17,11.0,0.013099432725802274,0.0,1,entry,8400,16800,15,1120,560,ok,16800,15,1120,560,ok
16,24,0.5,20,NATR_14_z,18,11.0,0.010916353260264633,0.0,1,exit,8400,16800,15,1120,560,ok,16800,15,1120,560,ok
16,24,0.5,20,ema_slope_100_z,19,13.0,0.012900459747478554,0.0,1,entry,8400,16800,15,1120,560,ok,16800,15,1120,560,ok
16,24,0.5,20,log_ret_24_z,20,13.0,0.010768058503784594,0.0,1,exit,8400,16800,15,1120,560,ok,16800,15,1120,560,ok
16,24,0.5,26,ADX_72_scaled,1,1.0,0.018996500324948262,0.0,2,entry,8400,16800,15,1120,560,ok,16800,15,1120,560,ok
16,24,0.5,26,ADX_30_scaled,2,1.0,0.015129843300606516,0.0,2,exit,8400,16800,15,1120,560,ok,16800,15,1120,560,ok
16,24,0.5,26,ema_slope_50_z,3,2.0,0.01856849820725437,0.0,1,entry,8400,16800,15,1120,560,ok,16800,15,1120,560,ok
16,24,0.5,26,ema_spread_9_21_z,4,3.0,0.01821481051511953,0.0,1,entry,8400,16800,15,1120,560,ok,16800,15,1120,560,ok
16,24,0.5,26,volatility_24_sqrt_z,5,3.0,0.012135040295130295,0.0,1,exit,8400,16800,15,1120,560,ok,16800,15,1120,560,ok
16,24,0.5,26,RSI_14_bounded,6,4.0,0.01779245226513393,0.0,2,entry,8400,16800,15,1120,560,ok,16800,15,1120,560,ok
16,24,0.5,26,ema_spread_50_100_z,7,4.0,0.0146345896381741,0.0,2,exit,8400,16800,15,1120,560,ok,16800,15,1120,560,ok
16,24,0.5,26,dist_ema_200_z,8,5.0,0.015659156765767457,0.0,2,entry,8400,16800,15,1120,560,ok,16800,15,1120,560,ok
16,24,0.5,26,price_pos_in_range_72_norm,9,5.0,0.010941636645188546,0.0,1,exit,8400,16800,15,1120,560,ok,16800,15,1120,560,ok
16,24,0.5,26,ADX_14_scaled,10,6.0,0.012986708569284078,0.0,2,exit,8400,16800,15,1120,560,ok,16800,15,1120,560,ok
16,24,0.5,26,bb_pos_20_norm,11,7.0,0.014987554997073382,0.0,1,entry,8400,16800,15,1120,560,ok,16800,15,1120,560,ok
16,24,0.5,26,ema_slope_200_z,12,7.0,0.008536808973618859,0.0,1,exit,8400,16800,15,1120,560,ok,16800,15,1120,560,ok
16,24,0.5,26,volatility_168_sqrt_z,13,9.0,0.013620057751153158,0.0,1,entry,8400,16800,15,1120,560,ok,16800,15,1120,560,ok
16,24,0.5,26,price_pos_in_range_24_norm,14,9.0,0.0104366064720669,0.0,1,exit,8400,16800,15,1120,560,ok,16800,15,1120,560,ok
16,24,0.5,26,ema_slope_21_z,15,10.0,0.013611437621680156,0.0,1,entry,8400,16800,15,1120,560,ok,16800,15,1120,560,ok
16,24,0.5,26,price_pos_in_range_168_norm,16,10.0,0.0077057762062843205,0.0,1,exit,8400,16800,15,1120,560,ok,16800,15,1120,560,ok
16,24,0.5,26,ret_accel_6_24_z,17,11.0,0.013099432725802274,0.0,1,entry,8400,16800,15,1120,560,ok,16800,15,1120,560,ok
16,24,0.5,26,NATR_14_z,18,11.0,0.010916353260264633,0.0,1,exit,8400,16800,15,1120,560,ok,16800,15,1120,560,ok
16,24,0.5,26,ema_slope_100_z,19,13.0,0.012900459747478554,0.0,1,entry,8400,16800,15,1120,560,ok,16800,15,1120,560,ok
16,24,0.5,26,log_ret_24_z,20,13.0,0.010768058503784594,0.0,1,exit,8400,16800,15,1120,560,ok,16800,15,1120,560,ok
16,24,0.5,26,dist_to_high_72_sqrt_z,21,14.0,0.012497428999161064,0.0,1,entry,8400,16800,15,1120,560,ok,16800,15,1120,560,ok
16,24,0.5,26,ret_accel_24_72_z,22,14.0,0.0069069351575205,0.0,1,exit,8400,16800,15,1120,560,ok,16800,15,1120,560,ok
16,24,0.5,26,volatility_72_sqrt_z,23,15.0,0.01183339642775827,0.0,0,entry,8400,16800,15,1120,560,ok,16800,15,1120,560,ok
16,24,0.5,26,RSI_30_bounded,24,16.0,0.011741438374537227,0.0,0,entry,8400,16800,15,1120,560,ok,16800,15,1120,560,ok
16,24,0.5,26,RSI_72_bounded,25,17.0,0.011024023080081657,0.0,0,entry,8400,16800,15,1120,560,ok,16800,15,1120,560,ok
16,24,0.5,26,dist_ema_100_z,26,19.0,0.00730074598552477,0.0,0,exit,8400,16800,15,1120,560,ok,16800,15,1120,560,ok
17,24,0.5,7,ADX_72_scaled,1,1.0,0.022461496687268545,0.0,2,exit,8400,16800,15,1120,560,ok,16800,15,1120,560,ok
17,24,0.5,7,RSI_72_bounded,2,1.0,0.022454265901246773,0.0,2,entry,8400,16800,15,1120,560,ok,16800,15,1120,560,ok
17,24,0.5,7,ADX_30_scaled,3,2.0,0.022136438248766988,0.0,2,entry,8400,16800,15,1120,560,ok,16800,15,1120,560,ok
17,24,0.5,7,ema_spread_50_100_z,4,3.0,0.01433626154332357,0.0,2,exit,8400,16800,15,1120,560,ok,16800,15,1120,560,ok
17,24,0.5,7,dist_ema_200_z,5,4.0,0.00841935485721551,0.0,2,exit,8400,16800,15,1120,560,ok,16800,15,1120,560,ok
17,24,0.5,7,ret_accel_24_72_z,6,5.0,0.010941701302659479,0.0,2,entry,8400,16800,15,1120,560,ok,16800,15,1120,560,ok
17,24,0.5,7,price_pos_in_range_168_norm,7,5.0,0.00798925125385369,0.0,1,exit,8400,16800,15,1120,560,ok,16800,15,1120,560,ok
17,24,0.5,14,ADX_72_scaled,1,1.0,0.022461496687268545,0.0,2,exit,8400,16800,15,1120,560,ok,16800,15,1120,560,ok
17,24,0.5,14,RSI_72_bounded,2,1.0,0.022454265901246773,0.0,2,entry,8400,16800,15,1120,560,ok,16800,15,1120,560,ok
17,24,0.5,14,ADX_30_scaled,3,2.0,0.022136438248766988,0.0,2,entry,8400,16800,15,1120,560,ok,16800,15,1120,560,ok
17,24,0.5,14,ema_spread_50_100_z,4,3.0,0.01433626154332357,0.0,2,exit,8400,16800,15,1120,560,ok,16800,15,1120,560,ok
17,24,0.5,14,dist_ema_200_z,5,4.0,0.00841935485721551,0.0,2,exit,8400,16800,15,1120,560,ok,16800,15,1120,560,ok
17,24,0.5,14,ret_accel_24_72_z,6,5.0,0.010941701302659479,0.0,2,entry,8400,16800,15,1120,560,ok,16800,15,1120,560,ok
17,24,0.5,14,price_pos_in_range_168_norm,7,5.0,0.00798925125385369,0.0,1,exit,8400,16800,15,1120,560,ok,16800,15,1120,560,ok
17,24,0.5,14,ema_spread_9_21_z,8,6.0,0.009948193545470496,0.0,1,entry,8400,16800,15,1120,560,ok,16800,15,1120,560,ok
17,24,0.5,14,volatility_24_sqrt_z,9,7.0,0.00975901512953925,0.0,2,both_tie,8400,16800,15,1120,560,ok,16800,15,1120,560,ok
17,24,0.5,14,volatility_168_sqrt_z,10,8.0,0.009149738333510737,0.0,2,entry,8400,16800,15,1120,560,ok,16800,15,1120,560,ok
17,24,0.5,14,RSI_30_bounded,11,8.0,0.008481450429828064,0.0,2,exit,8400,16800,15,1120,560,ok,16800,15,1120,560,ok
17,24,0.5,14,ema_spread_100_200_z,12,9.0,0.008681118418903622,0.0,1,entry,8400,16800,15,1120,560,ok,16800,15,1120,560,ok
17,24,0.5,14,dist_to_low_24_sqrt_z,13,9.0,0.005851872776152289,0.0,1,exit,8400,16800,15,1120,560,ok,16800,15,1120,560,ok
17,24,0.5,14,ema_spread_21_50_z,14,10.0,0.008647984253381535,0.0,1,entry,8400,16800,15,1120,560,ok,16800,15,1120,560,ok
17,24,0.5,20,ADX_72_scaled,1,1.0,0.022461496687268545,0.0,2,exit,8400,16800,15,1120,560,ok,16800,15,1120,560,ok
17,24,0.5,20,RSI_72_bounded,2,1.0,0.022454265901246773,0.0,2,entry,8400,16800,15,1120,560,ok,16800,15,1120,560,ok
17,24,0.5,20,ADX_30_scaled,3,2.0,0.022136438248766988,0.0,2,entry,8400,16800,15,1120,560,ok,16800,15,1120,560,ok
17,24,0.5,20,ema_spread_50_100_z,4,3.0,0.01433626154332357,0.0,2,exit,8400,16800,15,1120,560,ok,16800,15,1120,560,ok
17,24,0.5,20,dist_ema_200_z,5,4.0,0.00841935485721551,0.0,2,exit,8400,16800,15,1120,560,ok,16800,15,1120,560,ok
17,24,0.5,20,ret_accel_24_72_z,6,5.0,0.010941701302659479,0.0,2,entry,8400,16800,15,1120,560,ok,16800,15,1120,560,ok
17,24,0.5,20,price_pos_in_range_168_norm,7,5.0,0.00798925125385369,0.0,1,exit,8400,16800,15,1120,560,ok,16800,15,1120,560,ok
17,24,0.5,20,ema_spread_9_21_z,8,6.0,0.009948193545470496,0.0,1,entry,8400,16800,15,1120,560,ok,16800,15,1120,560,ok
17,24,0.5,20,volatility_24_sqrt_z,9,7.0,0.00975901512953925,0.0,2,both_tie,8400,16800,15,1120,560,ok,16800,15,1120,560,ok
17,24,0.5,20,volatility_168_sqrt_z,10,8.0,0.009149738333510737,0.0,2,entry,8400,16800,15,1120,560,ok,16800,15,1120,560,ok
17,24,0.5,20,RSI_30_bounded,11,8.0,0.008481450429828064,0.0,2,exit,8400,16800,15,1120,560,ok,16800,15,1120,560,ok
17,24,0.5,20,ema_spread_100_200_z,12,9.0,0.008681118418903622,0.0,1,entry,8400,16800,15,1120,560,ok,16800,15,1120,560,ok
17,24,0.5,20,dist_to_low_24_sqrt_z,13,9.0,0.005851872776152289,0.0,1,exit,8400,16800,15,1120,560,ok,16800,15,1120,560,ok
17,24,0.5,20,ema_spread_21_50_z,14,10.0,0.008647984253381535,0.0,1,entry,8400,16800,15,1120,560,ok,16800,15,1120,560,ok
17,24,0.5,20,ema_slope_21_z,15,10.0,0.006937694149602769,0.0,1,exit,8400,16800,15,1120,560,ok,16800,15,1120,560,ok
17,24,0.5,20,bb_width_20_sqrt_z,16,11.0,0.005748397636234803,0.0,1,exit,8400,16800,15,1120,560,ok,16800,15,1120,560,ok
17,24,0.5,20,bb_pos_20_norm,17,12.0,0.008404877201078742,0.0,1,entry,8400,16800,15,1120,560,ok,16800,15,1120,560,ok
17,24,0.5,20,ema_slope_50_z,18,13.0,0.008235937218162181,0.0,1,entry,8400,16800,15,1120,560,ok,16800,15,1120,560,ok
17,24,0.5,20,log_ret_168_z,19,14.0,0.006173391461689048,0.0,1,exit,8400,16800,15,1120,560,ok,16800,15,1120,560,ok
17,24,0.5,20,body_sqrt_z,20,15.0,0.007131848948223829,0.0,0,entry,8400,16800,15,1120,560,ok,16800,15,1120,560,ok
17,24,0.5,26,ADX_72_scaled,1,1.0,0.022461496687268545,0.0,2,exit,8400,16800,15,1120,560,ok,16800,15,1120,560,ok
17,24,0.5,26,RSI_72_bounded,2,1.0,0.022454265901246773,0.0,2,entry,8400,16800,15,1120,560,ok,16800,15,1120,560,ok
17,24,0.5,26,ADX_30_scaled,3,2.0,0.022136438248766988,0.0,2,entry,8400,16800,15,1120,560,ok,16800,15,1120,560,ok
17,24,0.5,26,ema_spread_50_100_z,4,3.0,0.01433626154332357,0.0,2,exit,8400,16800,15,1120,560,ok,16800,15,1120,560,ok
17,24,0.5,26,dist_ema_200_z,5,4.0,0.00841935485721551,0.0,2,exit,8400,16800,15,1120,560,ok,16800,15,1120,560,ok
17,24,0.5,26,ret_accel_24_72_z,6,5.0,0.010941701302659479,0.0,2,entry,8400,16800,15,1120,560,ok,16800,15,1120,560,ok
17,24,0.5,26,price_pos_in_range_168_norm,7,5.0,0.00798925125385369,0.0,1,exit,8400,16800,15,1120,560,ok,16800,15,1120,560,ok
17,24,0.5,26,ema_spread_9_21_z,8,6.0,0.009948193545470496,0.0,1,entry,8400,16800,15,1120,560,ok,16800,15,1120,560,ok
17,24,0.5,26,volatility_24_sqrt_z,9,7.0,0.00975901512953925,0.0,2,both_tie,8400,16800,15,1120,560,ok,16800,15,1120,560,ok
17,24,0.5,26,volatility_168_sqrt_z,10,8.0,0.009149738333510737,0.0,2,entry,8400,16800,15,1120,560,ok,16800,15,1120,560,ok
17,24,0.5,26,RSI_30_bounded,11,8.0,0.008481450429828064,0.0,2,exit,8400,16800,15,1120,560,ok,16800,15,1120,560,ok
17,24,0.5,26,ema_spread_100_200_z,12,9.0,0.008681118418903622,0.0,1,entry,8400,16800,15,1120,560,ok,16800,15,1120,560,ok
17,24,0.5,26,dist_to_low_24_sqrt_z,13,9.0,0.005851872776152289,0.0,1,exit,8400,16800,15,1120,560,ok,16800,15,1120,560,ok
17,24,0.5,26,ema_spread_21_50_z,14,10.0,0.008647984253381535,0.0,1,entry,8400,16800,15,1120,560,ok,16800,15,1120,560,ok
17,24,0.5,26,ema_slope_21_z,15,10.0,0.006937694149602769,0.0,1,exit,8400,16800,15,1120,560,ok,16800,15,1120,560,ok
17,24,0.5,26,bb_width_20_sqrt_z,16,11.0,0.005748397636234803,0.0,1,exit,8400,16800,15,1120,560,ok,16800,15,1120,560,ok
17,24,0.5,26,bb_pos_20_norm,17,12.0,0.008404877201078742,0.0,1,entry,8400,16800,15,1120,560,ok,16800,15,1120,560,ok
17,24,0.5,26,ema_slope_50_z,18,13.0,0.008235937218162181,0.0,1,entry,8400,16800,15,1120,560,ok,16800,15,1120,560,ok
17,24,0.5,26,log_ret_168_z,19,14.0,0.006173391461689048,0.0,1,exit,8400,16800,15,1120,560,ok,16800,15,1120,560,ok
17,24,0.5,26,body_sqrt_z,20,15.0,0.007131848948223829,0.0,0,entry,8400,16800,15,1120,560,ok,16800,15,1120,560,ok
17,24,0.5,26,volatility_72_sqrt_z,21,16.0,0.006953790751336397,0.0,0,entry,8400,16800,15,1120,560,ok,16800,15,1120,560,ok
17,24,0.5,26,RSI_14_bounded,22,16.0,0.005178811959815621,0.0,0,exit,8400,16800,15,1120,560,ok,16800,15,1120,560,ok
17,24,0.5,26,dist_ema_100_z,23,17.0,0.00447014397150769,0.0,0,exit,8400,16800,15,1120,560,ok,16800,15,1120,560,ok
17,24,0.5,26,dist_ema_9_z,24,18.0,0.006936064805653452,0.0,0,entry,8400,16800,15,1120,560,ok,16800,15,1120,560,ok
17,24,0.5,26,ADX_14_scaled,25,18.0,0.004422034550147447,0.0,0,exit,8400,16800,15,1120,560,ok,16800,15,1120,560,ok
17,24,0.5,26,dist_to_high_24_sqrt_z,26,20.0,0.006208432108917528,0.0,0,both_tie,8400,16800,15,1120,560,ok,16800,15,1120,560,ok
18,24,0.5,7,ema_spread_100_200_z,1,1.0,0.018646034088756536,0.0,2,exit,8400,16800,15,1120,560,ok,16800,15,1120,560,ok
18,24,0.5,7,dist_to_high_72_sqrt_z,2,1.0,0.020171861099976374,0.0,1,entry,8400,16800,15,1120,560,ok,16800,15,1120,560,ok
18,24,0.5,7,ema_slope_21_z,3,2.0,0.018279561360260876,0.0,2,entry,8400,16800,15,1120,560,ok,16800,15,1120,560,ok
18,24,0.5,7,NATR_14_z,4,2.0,0.01588861987885537,0.0,2,exit,8400,16800,15,1120,560,ok,16800,15,1120,560,ok
18,24,0.5,7,volatility_72_sqrt_z,5,3.0,0.015095951534847885,0.0,2,exit,8400,16800,15,1120,560,ok,16800,15,1120,560,ok
18,24,0.5,7,ema_slope_200_z,6,3.0,0.017542658163096525,0.0,1,entry,8400,16800,15,1120,560,ok,16800,15,1120,560,ok
18,24,0.5,7,price_pos_in_range_72_norm,7,4.0,0.01698711439198164,0.0,2,both_tie,8400,16800,15,1118,559,ok,16800,15,1118,559,ok
18,24,0.5,14,ema_spread_100_200_z,1,1.0,0.018646034088756536,0.0,2,exit,8400,16800,15,1120,560,ok,16800,15,1120,560,ok
18,24,0.5,14,dist_to_high_72_sqrt_z,2,1.0,0.020171861099976374,0.0,1,entry,8400,16800,15,1120,560,ok,16800,15,1120,560,ok
18,24,0.5,14,ema_slope_21_z,3,2.0,0.018279561360260876,0.0,2,entry,8400,16800,15,1120,560,ok,16800,15,1120,560,ok
18,24,0.5,14,NATR_14_z,4,2.0,0.01588861987885537,0.0,2,exit,8400,16800,15,1120,560,ok,16800,15,1120,560,ok
18,24,0.5,14,volatility_72_sqrt_z,5,3.0,0.015095951534847885,0.0,2,exit,8400,16800,15,1120,560,ok,16800,15,1120,560,ok
18,24,0.5,14,ema_slope_200_z,6,3.0,0.017542658163096525,0.0,1,entry,8400,16800,15,1120,560,ok,16800,15,1120,560,ok
18,24,0.5,14,price_pos_in_range_72_norm,7,4.0,0.01698711439198164,0.0,2,both_tie,8400,16800,15,1118,559,ok,16800,15,1118,559,ok
18,24,0.5,14,ema_spread_50_100_z,8,5.0,0.014818048898696201,0.0,2,exit,8400,16800,15,1120,560,ok,16800,15,1120,560,ok
18,24,0.5,14,ema_slope_100_z,9,5.0,0.016470317534395873,0.0,1,entry,8400,16800,15,1120,560,ok,16800,15,1120,560,ok
18,24,0.5,14,ema_slope_50_z,10,6.0,0.01623216060943522,0.0,1,entry,8400,16800,15,1120,560,ok,16800,15,1120,560,ok
18,24,0.5,14,ADX_30_scaled,11,6.0,0.010637515328525193,0.0,1,exit,8400,16800,15,1120,560,ok,16800,15,1120,560,ok
18,24,0.5,14,RSI_30_bounded,12,7.0,0.015334777470765393,0.0,2,entry,8400,16800,15,1120,560,ok,16800,15,1120,560,ok
18,24,0.5,14,RSI_14_bounded,13,7.0,0.01308021678834026,0.0,1,exit,8400,16800,15,1120,560,ok,16800,15,1120,560,ok
18,24,0.5,14,dist_to_high_24_sqrt_z,14,8.0,0.014018939830703459,0.0,2,exit,8400,16800,15,1120,560,ok,16800,15,1120,560,ok
18,24,0.5,20,ema_spread_100_200_z,1,1.0,0.018646034088756536,0.0,2,exit,8400,16800,15,1120,560,ok,16800,15,1120,560,ok
18,24,0.5,20,dist_to_high_72_sqrt_z,2,1.0,0.020171861099976374,0.0,1,entry,8400,16800,15,1120,560,ok,16800,15,1120,560,ok
18,24,0.5,20,ema_slope_21_z,3,2.0,0.018279561360260876,0.0,2,entry,8400,16800,15,1120,560,ok,16800,15,1120,560,ok
18,24,0.5,20,NATR_14_z,4,2.0,0.01588861987885537,0.0,2,exit,8400,16800,15,1120,560,ok,16800,15,1120,560,ok
18,24,0.5,20,volatility_72_sqrt_z,5,3.0,0.015095951534847885,0.0,2,exit,8400,16800,15,1120,560,ok,16800,15,1120,560,ok
18,24,0.5,20,ema_slope_200_z,6,3.0,0.017542658163096525,0.0,1,entry,8400,16800,15,1120,560,ok,16800,15,1120,560,ok
18,24,0.5,20,price_pos_in_range_72_norm,7,4.0,0.01698711439198164,0.0,2,both_tie,8400,16800,15,1118,559,ok,16800,15,1118,559,ok
18,24,0.5,20,ema_spread_50_100_z,8,5.0,0.014818048898696201,0.0,2,exit,8400,16800,15,1120,560,ok,16800,15,1120,560,ok
18,24,0.5,20,ema_slope_100_z,9,5.0,0.016470317534395873,0.0,1,entry,8400,16800,15,1120,560,ok,16800,15,1120,560,ok
18,24,0.5,20,ema_slope_50_z,10,6.0,0.01623216060943522,0.0,1,entry,8400,16800,15,1120,560,ok,16800,15,1120,560,ok
18,24,0.5,20,ADX_30_scaled,11,6.0,0.010637515328525193,0.0,1,exit,8400,16800,15,1120,560,ok,16800,15,1120,560,ok
18,24,0.5,20,RSI_30_bounded,12,7.0,0.015334777470765393,0.0,2,entry,8400,16800,15,1120,560,ok,16800,15,1120,560,ok
18,24,0.5,20,RSI_14_bounded,13,7.0,0.01308021678834026,0.0,1,exit,8400,16800,15,1120,560,ok,16800,15,1120,560,ok
18,24,0.5,20,dist_to_high_24_sqrt_z,14,8.0,0.014018939830703459,0.0,2,exit,8400,16800,15,1120,560,ok,16800,15,1120,560,ok
18,24,0.5,20,volatility_24_sqrt_z,15,9.0,0.006962633658556261,0.0,1,exit,8400,16800,15,1120,560,ok,16800,15,1120,560,ok
18,24,0.5,20,dist_ema_200_z,16,10.0,0.015086583691203859,0.0,1,entry,8400,16800,15,1120,560,ok,16800,15,1120,560,ok
18,24,0.5,20,ema_spread_9_21_z,17,11.0,0.014953827286219745,0.0,1,entry,8400,16800,15,1120,560,ok,16800,15,1120,560,ok
18,24,0.5,20,ADX_72_scaled,18,11.0,0.00975397690868407,0.0,1,exit,8400,16800,15,1120,560,ok,16800,15,1120,560,ok
18,24,0.5,20,volatility_168_sqrt_z,19,12.0,0.012154700854194012,0.0,1,exit,8400,16800,15,1120,560,ok,16800,15,1120,560,ok
18,24,0.5,20,bb_pos_20_norm,20,14.0,0.013361917690435265,0.0,1,exit,8400,16800,15,1120,560,ok,16800,15,1120,560,ok
18,24,0.5,26,ema_spread_100_200_z,1,1.0,0.018646034088756536,0.0,2,exit,8400,16800,15,1120,560,ok,16800,15,1120,560,ok
18,24,0.5,26,dist_to_high_72_sqrt_z,2,1.0,0.020171861099976374,0.0,1,entry,8400,16800,15,1120,560,ok,16800,15,1120,560,ok
18,24,0.5,26,ema_slope_21_z,3,2.0,0.018279561360260876,0.0,2,entry,8400,16800,15,1120,560,ok,16800,15,1120,560,ok
18,24,0.5,26,NATR_14_z,4,2.0,0.01588861987885537,0.0,2,exit,8400,16800,15,1120,560,ok,16800,15,1120,560,ok
18,24,0.5,26,volatility_72_sqrt_z,5,3.0,0.015095951534847885,0.0,2,exit,8400,16800,15,1120,560,ok,16800,15,1120,560,ok
18,24,0.5,26,ema_slope_200_z,6,3.0,0.017542658163096525,0.0,1,entry,8400,16800,15,1120,560,ok,16800,15,1120,560,ok
18,24,0.5,26,price_pos_in_range_72_norm,7,4.0,0.01698711439198164,0.0,2,both_tie,8400,16800,15,1118,559,ok,16800,15,1118,559,ok
18,24,0.5,26,ema_spread_50_100_z,8,5.0,0.014818048898696201,0.0,2,exit,8400,16800,15,1120,560,ok,16800,15,1120,560,ok
18,24,0.5,26,ema_slope_100_z,9,5.0,0.016470317534395873,0.0,1,entry,8400,16800,15,1120,560,ok,16800,15,1120,560,ok
18,24,0.5,26,ema_slope_50_z,10,6.0,0.01623216060943522,0.0,1,entry,8400,16800,15,1120,560,ok,16800,15,1120,560,ok
18,24,0.5,26,ADX_30_scaled,11,6.0,0.010637515328525193,0.0,1,exit,8400,16800,15,1120,560,ok,16800,15,1120,560,ok
18,24,0.5,26,RSI_30_bounded,12,7.0,0.015334777470765393,0.0,2,entry,8400,16800,15,1120,560,ok,16800,15,1120,560,ok
18,24,0.5,26,RSI_14_bounded,13,7.0,0.01308021678834026,0.0,1,exit,8400,16800,15,1120,560,ok,16800,15,1120,560,ok
18,24,0.5,26,dist_to_high_24_sqrt_z,14,8.0,0.014018939830703459,0.0,2,exit,8400,16800,15,1120,560,ok,16800,15,1120,560,ok
18,24,0.5,26,volatility_24_sqrt_z,15,9.0,0.006962633658556261,0.0,1,exit,8400,16800,15,1120,560,ok,16800,15,1120,560,ok
18,24,0.5,26,dist_ema_200_z,16,10.0,0.015086583691203859,0.0,1,entry,8400,16800,15,1120,560,ok,16800,15,1120,560,ok
18,24,0.5,26,ema_spread_9_21_z,17,11.0,0.014953827286219745,0.0,1,entry,8400,16800,15,1120,560,ok,16800,15,1120,560,ok
18,24,0.5,26,ADX_72_scaled,18,11.0,0.00975397690868407,0.0,1,exit,8400,16800,15,1120,560,ok,16800,15,1120,560,ok
18,24,0.5,26,volatility_168_sqrt_z,19,12.0,0.012154700854194012,0.0,1,exit,8400,16800,15,1120,560,ok,16800,15,1120,560,ok
18,24,0.5,26,bb_pos_20_norm,20,14.0,0.013361917690435265,0.0,1,exit,8400,16800,15,1120,560,ok,16800,15,1120,560,ok
18,24,0.5,26,bb_width_20_sqrt_z,21,16.0,0.005698196729231386,0.0,0,exit,8400,16800,15,1120,560,ok,16800,15,1120,560,ok
18,24,0.5,26,vol_expansion_168_log1p_z,22,17.0,0.01278116308128574,0.0,0,entry,8400,16800,15,1120,560,ok,16800,15,1120,560,ok
18,24,0.5,26,price_pos_in_range_168_norm,23,17.0,0.009883614915242034,0.0,0,exit,8400,16800,15,1118,559,ok,16800,15,1118,559,ok
18,24,0.5,26,dist_to_high_168_sqrt_z,24,18.0,0.012657214807292427,0.0,0,entry,8400,16800,15,1120,560,ok,16800,15,1120,560,ok
18,24,0.5,26,dist_ema_100_z,25,19.0,0.012195589341367663,0.0,0,entry,8400,16800,15,1120,560,ok,16800,15,1120,560,ok
18,24,0.5,26,ret_accel_24_72_z,26,19.0,0.008054683145287789,0.0,0,exit,8400,16800,15,1120,560,ok,16800,15,1120,560,ok
19,24,0.5,7,RSI_30_bounded,1,1.0,0.023638302527150157,0.0,2,entry,8400,16800,15,1120,560,ok,16800,15,1120,560,ok
19,24,0.5,7,ADX_30_scaled,2,1.0,0.017839628455816103,0.0,2,exit,8400,16800,15,1120,560,ok,16800,15,1120,560,ok
19,24,0.5,7,ema_spread_100_200_z,3,2.0,0.018977277898696743,0.0,2,exit,8400,16800,15,1120,560,ok,16800,15,1120,560,ok
19,24,0.5,7,RSI_72_bounded,4,2.0,0.02047493471009043,0.0,1,entry,8400,16800,15,1120,560,ok,16800,15,1120,560,ok
19,24,0.5,7,ADX_72_scaled,5,3.0,0.020221029437479388,0.0,2,entry,8400,16800,15,1120,560,ok,16800,15,1120,560,ok
19,24,0.5,7,volatility_24_sqrt_z,6,3.0,0.012396372281019974,0.0,1,exit,8400,16800,15,1120,560,ok,16800,15,1120,560,ok
19,24,0.5,7,price_pos_in_range_168_norm,7,4.0,0.020027013122433046,0.0,2,entry,8400,16800,15,1120,560,ok,16800,15,1120,560,ok
19,24,0.5,14,RSI_30_bounded,1,1.0,0.023638302527150157,0.0,2,entry,8400,16800,15,1120,560,ok,16800,15,1120,560,ok
19,24,0.5,14,ADX_30_scaled,2,1.0,0.017839628455816103,0.0,2,exit,8400,16800,15,1120,560,ok,16800,15,1120,560,ok
19,24,0.5,14,ema_spread_100_200_z,3,2.0,0.018977277898696743,0.0,2,exit,8400,16800,15,1120,560,ok,16800,15,1120,560,ok
19,24,0.5,14,RSI_72_bounded,4,2.0,0.02047493471009043,0.0,1,entry,8400,16800,15,1120,560,ok,16800,15,1120,560,ok
19,24,0.5,14,ADX_72_scaled,5,3.0,0.020221029437479388,0.0,2,entry,8400,16800,15,1120,560,ok,16800,15,1120,560,ok
19,24,0.5,14,volatility_24_sqrt_z,6,3.0,0.012396372281019974,0.0,1,exit,8400,16800,15,1120,560,ok,16800,15,1120,560,ok
19,24,0.5,14,price_pos_in_range_168_norm,7,4.0,0.020027013122433046,0.0,2,entry,8400,16800,15,1120,560,ok,16800,15,1120,560,ok
19,24,0.5,14,ema_slope_50_z,8,4.0,0.015045863516641611,0.0,2,exit,8400,16800,15,1120,560,ok,16800,15,1120,560,ok
19,24,0.5,14,ADX_14_scaled,9,5.0,0.019894785493899003,0.0,2,entry,8400,16800,15,1120,560,ok,16800,15,1120,560,ok
19,24,0.5,14,price_pos_in_range_72_norm,10,7.0,0.018512496099235998,0.0,2,entry,8400,16800,15,1120,560,ok,16800,15,1120,560,ok
19,24,0.5,14,volatility_72_sqrt_z,11,8.0,0.009049467558192414,0.0,1,exit,8400,16800,15,1120,560,ok,16800,15,1120,560,ok
19,24,0.5,14,ema_slope_200_z,12,9.0,0.017152818276404136,0.0,1,entry,8400,16800,15,1120,560,ok,16800,15,1120,560,ok
19,24,0.5,14,ema_spread_21_50_z,13,10.0,0.0168075137067617,0.0,1,entry,8400,16800,15,1120,560,ok,16800,15,1120,560,ok
19,24,0.5,14,RSI_14_bounded,14,11.0,0.016673573185130852,0.0,2,entry,8400,16800,15,1120,560,ok,16800,15,1120,560,ok
19,24,0.5,20,RSI_30_bounded,1,1.0,0.023638302527150157,0.0,2,entry,8400,16800,15,1120,560,ok,16800,15,1120,560,ok
19,24,0.5,20,ADX_30_scaled,2,1.0,0.017839628455816103,0.0,2,exit,8400,16800,15,1120,560,ok,16800,15,1120,560,ok
19,24,0.5,20,ema_spread_100_200_z,3,2.0,0.018977277898696743,0.0,2,exit,8400,16800,15,1120,560,ok,16800,15,1120,560,ok
19,24,0.5,20,RSI_72_bounded,4,2.0,0.02047493471009043,0.0,1,entry,8400,16800,15,1120,560,ok,16800,15,1120,560,ok
19,24,0.5,20,ADX_72_scaled,5,3.0,0.020221029437479388,0.0,2,entry,8400,16800,15,1120,560,ok,16800,15,1120,560,ok
19,24,0.5,20,volatility_24_sqrt_z,6,3.0,0.012396372281019974,0.0,1,exit,8400,16800,15,1120,560,ok,16800,15,1120,560,ok
19,24,0.5,20,price_pos_in_range_168_norm,7,4.0,0.020027013122433046,0.0,2,entry,8400,16800,15,1120,560,ok,16800,15,1120,560,ok
19,24,0.5,20,ema_slope_50_z,8,4.0,0.015045863516641611,0.0,2,exit,8400,16800,15,1120,560,ok,16800,15,1120,560,ok
19,24,0.5,20,ADX_14_scaled,9,5.0,0.019894785493899003,0.0,2,entry,8400,16800,15,1120,560,ok,16800,15,1120,560,ok
19,24,0.5,20,price_pos_in_range_72_norm,10,7.0,0.018512496099235998,0.0,2,entry,8400,16800,15,1120,560,ok,16800,15,1120,560,ok
19,24,0.5,20,volatility_72_sqrt_z,11,8.0,0.009049467558192414,0.0,1,exit,8400,16800,15,1120,560,ok,16800,15,1120,560,ok
19,24,0.5,20,ema_slope_200_z,12,9.0,0.017152818276404136,0.0,1,entry,8400,16800,15,1120,560,ok,16800,15,1120,560,ok
19,24,0.5,20,ema_spread_21_50_z,13,10.0,0.0168075137067617,0.0,1,entry,8400,16800,15,1120,560,ok,16800,15,1120,560,ok
19,24,0.5,20,RSI_14_bounded,14,11.0,0.016673573185130852,0.0,2,entry,8400,16800,15,1120,560,ok,16800,15,1120,560,ok
19,24,0.5,20,ema_slope_21_z,15,11.0,0.012231953626107184,0.0,1,exit,8400,16800,15,1120,560,ok,16800,15,1120,560,ok
19,24,0.5,20,ema_slope_100_z,16,12.0,0.016220238561403977,0.0,1,entry,8400,16800,15,1120,560,ok,16800,15,1120,560,ok
19,24,0.5,20,dist_ema_21_z,17,12.0,0.006122392635714624,0.0,1,exit,8400,16800,15,1120,560,ok,16800,15,1120,560,ok
19,24,0.5,20,ret_accel_6_24_z,18,13.0,0.01598403876788268,0.0,1,entry,8400,16800,15,1120,560,ok,16800,15,1120,560,ok
19,24,0.5,20,NATR_14_z,19,14.0,0.0056441243859212675,0.0,1,exit,8400,16800,15,1120,560,ok,16800,15,1120,560,ok
19,24,0.5,20,ema_spread_50_100_z,20,15.0,0.014346094093449002,0.0,0,entry,8400,16800,15,1120,560,ok,16800,15,1120,560,ok
19,24,0.5,26,RSI_30_bounded,1,1.0,0.023638302527150157,0.0,2,entry,8400,16800,15,1120,560,ok,16800,15,1120,560,ok
19,24,0.5,26,ADX_30_scaled,2,1.0,0.017839628455816103,0.0,2,exit,8400,16800,15,1120,560,ok,16800,15,1120,560,ok
19,24,0.5,26,ema_spread_100_200_z,3,2.0,0.018977277898696743,0.0,2,exit,8400,16800,15,1120,560,ok,16800,15,1120,560,ok
19,24,0.5,26,RSI_72_bounded,4,2.0,0.02047493471009043,0.0,1,entry,8400,16800,15,1120,560,ok,16800,15,1120,560,ok
19,24,0.5,26,ADX_72_scaled,5,3.0,0.020221029437479388,0.0,2,entry,8400,16800,15,1120,560,ok,16800,15,1120,560,ok
19,24,0.5,26,volatility_24_sqrt_z,6,3.0,0.012396372281019974,0.0,1,exit,8400,16800,15,1120,560,ok,16800,15,1120,560,ok
19,24,0.5,26,price_pos_in_range_168_norm,7,4.0,0.020027013122433046,0.0,2,entry,8400,16800,15,1120,560,ok,16800,15,1120,560,ok
19,24,0.5,26,ema_slope_50_z,8,4.0,0.015045863516641611,0.0,2,exit,8400,16800,15,1120,560,ok,16800,15,1120,560,ok
19,24,0.5,26,ADX_14_scaled,9,5.0,0.019894785493899003,0.0,2,entry,8400,16800,15,1120,560,ok,16800,15,1120,560,ok
19,24,0.5,26,price_pos_in_range_72_norm,10,7.0,0.018512496099235998,0.0,2,entry,8400,16800,15,1120,560,ok,16800,15,1120,560,ok
19,24,0.5,26,volatility_72_sqrt_z,11,8.0,0.009049467558192414,0.0,1,exit,8400,16800,15,1120,560,ok,16800,15,1120,560,ok
19,24,0.5,26,ema_slope_200_z,12,9.0,0.017152818276404136,0.0,1,entry,8400,16800,15,1120,560,ok,16800,15,1120,560,ok
19,24,0.5,26,ema_spread_21_50_z,13,10.0,0.0168075137067617,0.0,1,entry,8400,16800,15,1120,560,ok,16800,15,1120,560,ok
19,24,0.5,26,RSI_14_bounded,14,11.0,0.016673573185130852,0.0,2,entry,8400,16800,15,1120,560,ok,16800,15,1120,560,ok
19,24,0.5,26,ema_slope_21_z,15,11.0,0.012231953626107184,0.0,1,exit,8400,16800,15,1120,560,ok,16800,15,1120,560,ok
19,24,0.5,26,ema_slope_100_z,16,12.0,0.016220238561403977,0.0,1,entry,8400,16800,15,1120,560,ok,16800,15,1120,560,ok
19,24,0.5,26,dist_ema_21_z,17,12.0,0.006122392635714624,0.0,1,exit,8400,16800,15,1120,560,ok,16800,15,1120,560,ok
19,24,0.5,26,ret_accel_6_24_z,18,13.0,0.01598403876788268,0.0,1,entry,8400,16800,15,1120,560,ok,16800,15,1120,560,ok
19,24,0.5,26,NATR_14_z,19,14.0,0.0056441243859212675,0.0,1,exit,8400,16800,15,1120,560,ok,16800,15,1120,560,ok
19,24,0.5,26,ema_spread_50_100_z,20,15.0,0.014346094093449002,0.0,0,entry,8400,16800,15,1120,560,ok,16800,15,1120,560,ok
19,24,0.5,26,log_ret_168_z,21,15.0,0.005634116658767507,0.0,0,exit,8400,16800,15,1120,560,ok,16800,15,1120,560,ok
19,24,0.5,26,dist_ema_100_z,22,16.0,0.012318842605425817,0.0,0,entry,8400,16800,15,1120,560,ok,16800,15,1120,560,ok
19,24,0.5,26,MOM_pct_14_z,23,16.0,0.005286130457168414,0.0,0,exit,8400,16800,15,1120,560,ok,16800,15,1120,560,ok
19,24,0.5,26,ema_spread_9_21_z,24,17.0,0.011648185686645718,0.0,0,exit,8400,16800,15,1120,560,ok,16800,15,1120,560,ok
19,24,0.5,26,price_pos_in_range_24_norm,25,18.0,0.012204406250109545,0.0,0,entry,8400,16800,15,1120,560,ok,16800,15,1120,560,ok
19,24,0.5,26,ret_accel_24_72_z,26,18.0,0.00506034602908545,0.0,0,exit,8400,16800,15,1120,560,ok,16800,15,1120,560,ok
20,24,0.5,7,ADX_72_scaled,1,1.0,0.03594042218631727,0.0,2,both_tie,8400,16800,15,1120,560,ok,16800,15,1120,560,ok
20,24,0.5,7,ema_slope_50_z,2,2.0,0.020883991724052142,0.0,2,entry,8400,16800,15,1120,560,ok,16800,15,1120,560,ok
20,24,0.5,7,ema_spread_50_100_z,3,2.0,0.01159248943881086,0.0,1,exit,8400,16800,15,1120,560,ok,16800,15,1120,560,ok
20,24,0.5,7,ret_accel_24_72_z,4,3.0,0.019097329250531425,0.0,2,both_tie,8400,16800,15,1120,560,ok,16800,15,1120,560,ok
20,24,0.5,7,ema_spread_9_21_z,5,4.0,0.017899507233356815,0.0,2,entry,8400,16800,15,1120,560,ok,16800,15,1120,560,ok
20,24,0.5,7,bb_width_20_sqrt_z,6,4.0,0.0075604576908839816,0.0,1,exit,8400,16800,15,1120,560,ok,16800,15,1120,560,ok
20,24,0.5,7,ema_spread_21_50_z,7,5.0,0.01732079390246949,0.0,1,entry,8400,16800,15,1120,560,ok,16800,15,1120,560,ok
20,24,0.5,14,ADX_72_scaled,1,1.0,0.03594042218631727,0.0,2,both_tie,8400,16800,15,1120,560,ok,16800,15,1120,560,ok
20,24,0.5,14,ema_slope_50_z,2,2.0,0.020883991724052142,0.0,2,entry,8400,16800,15,1120,560,ok,16800,15,1120,560,ok
20,24,0.5,14,ema_spread_50_100_z,3,2.0,0.01159248943881086,0.0,1,exit,8400,16800,15,1120,560,ok,16800,15,1120,560,ok
20,24,0.5,14,ret_accel_24_72_z,4,3.0,0.019097329250531425,0.0,2,both_tie,8400,16800,15,1120,560,ok,16800,15,1120,560,ok
20,24,0.5,14,ema_spread_9_21_z,5,4.0,0.017899507233356815,0.0,2,entry,8400,16800,15,1120,560,ok,16800,15,1120,560,ok
20,24,0.5,14,bb_width_20_sqrt_z,6,4.0,0.0075604576908839816,0.0,1,exit,8400,16800,15,1120,560,ok,16800,15,1120,560,ok
20,24,0.5,14,ema_spread_21_50_z,7,5.0,0.01732079390246949,0.0,1,entry,8400,16800,15,1120,560,ok,16800,15,1120,560,ok
20,24,0.5,14,price_pos_in_range_72_norm,8,5.0,0.011748017967254387,0.0,1,exit,8400,16800,15,1118,559,ok,16800,15,1118,559,ok
20,24,0.5,14,ret_accel_6_24_z,9,6.0,0.01697158700524054,0.0,1,entry,8400,16800,15,1120,560,ok,16800,15,1120,560,ok
20,24,0.5,14,dist_to_high_24_sqrt_z,10,6.0,0.012641784609081663,0.0,1,exit,8400,16800,15,1120,560,ok,16800,15,1120,560,ok
20,24,0.5,14,ema_slope_21_z,11,7.0,0.015644494571371126,0.0,2,exit,8400,16800,15,1120,560,ok,16800,15,1120,560,ok
20,24,0.5,14,RSI_72_bounded,12,7.0,0.01575054685044247,0.0,1,entry,8400,16800,15,1120,560,ok,16800,15,1120,560,ok
20,24,0.5,14,ret_accel_72_168_z,13,8.0,0.013773038784978653,0.0,2,exit,8400,16800,15,1120,560,ok,16800,15,1120,560,ok
20,24,0.5,14,ema_spread_100_200_z,14,9.0,0.0137559530813951,0.0,2,exit,8400,16800,15,1120,560,ok,16800,15,1120,560,ok
20,24,0.5,20,ADX_72_scaled,1,1.0,0.03594042218631727,0.0,2,both_tie,8400,16800,15,1120,560,ok,16800,15,1120,560,ok
20,24,0.5,20,ema_slope_50_z,2,2.0,0.020883991724052142,0.0,2,entry,8400,16800,15,1120,560,ok,16800,15,1120,560,ok
20,24,0.5,20,ema_spread_50_100_z,3,2.0,0.01159248943881086,0.0,1,exit,8400,16800,15,1120,560,ok,16800,15,1120,560,ok
20,24,0.5,20,ret_accel_24_72_z,4,3.0,0.019097329250531425,0.0,2,both_tie,8400,16800,15,1120,560,ok,16800,15,1120,560,ok
20,24,0.5,20,ema_spread_9_21_z,5,4.0,0.017899507233356815,0.0,2,entry,8400,16800,15,1120,560,ok,16800,15,1120,560,ok
20,24,0.5,20,bb_width_20_sqrt_z,6,4.0,0.0075604576908839816,0.0,1,exit,8400,16800,15,1120,560,ok,16800,15,1120,560,ok
20,24,0.5,20,ema_spread_21_50_z,7,5.0,0.01732079390246949,0.0,1,entry,8400,16800,15,1120,560,ok,16800,15,1120,560,ok
20,24,0.5,20,price_pos_in_range_72_norm,8,5.0,0.011748017967254387,0.0,1,exit,8400,16800,15,1118,559,ok,16800,15,1118,559,ok
20,24,0.5,20,ret_accel_6_24_z,9,6.0,0.01697158700524054,0.0,1,entry,8400,16800,15,1120,560,ok,16800,15,1120,560,ok
20,24,0.5,20,dist_to_high_24_sqrt_z,10,6.0,0.012641784609081663,0.0,1,exit,8400,16800,15,1120,560,ok,16800,15,1120,560,ok
20,24,0.5,20,ema_slope_21_z,11,7.0,0.015644494571371126,0.0,2,exit,8400,16800,15,1120,560,ok,16800,15,1120,560,ok
20,24,0.5,20,RSI_72_bounded,12,7.0,0.01575054685044247,0.0,1,entry,8400,16800,15,1120,560,ok,16800,15,1120,560,ok
20,24,0.5,20,ret_accel_72_168_z,13,8.0,0.013773038784978653,0.0,2,exit,8400,16800,15,1120,560,ok,16800,15,1120,560,ok
20,24,0.5,20,ema_spread_100_200_z,14,9.0,0.0137559530813951,0.0,2,exit,8400,16800,15,1120,560,ok,16800,15,1120,560,ok
20,24,0.5,20,NATR_14_z,15,9.0,0.014756996170516845,0.0,1,entry,8400,16800,15,1120,560,ok,16800,15,1120,560,ok
20,24,0.5,20,ADX_30_scaled,16,10.0,0.013996762014597819,0.0,1,entry,8400,16800,15,1120,560,ok,16800,15,1120,560,ok
20,24,0.5,20,volatility_24_sqrt_z,17,10.0,0.012411520584249658,0.0,1,exit,8400,16800,15,1120,560,ok,16800,15,1120,560,ok
20,24,0.5,20,ADX_14_scaled,18,11.0,0.011496193686648837,0.0,1,exit,8400,16800,15,1120,560,ok,16800,15,1120,560,ok
20,24,0.5,20,ema_slope_100_z,19,13.0,0.013630894421213346,0.0,1,entry,8400,16800,15,1120,560,ok,16800,15,1120,560,ok
20,24,0.5,20,MOM_pct_14_z,20,13.0,0.008650554145288425,0.0,1,exit,8400,16800,15,1120,560,ok,16800,15,1120,560,ok
20,24,0.5,26,ADX_72_scaled,1,1.0,0.03594042218631727,0.0,2,both_tie,8400,16800,15,1120,560,ok,16800,15,1120,560,ok
20,24,0.5,26,ema_slope_50_z,2,2.0,0.020883991724052142,0.0,2,entry,8400,16800,15,1120,560,ok,16800,15,1120,560,ok
20,24,0.5,26,ema_spread_50_100_z,3,2.0,0.01159248943881086,0.0,1,exit,8400,16800,15,1120,560,ok,16800,15,1120,560,ok
20,24,0.5,26,ret_accel_24_72_z,4,3.0,0.019097329250531425,0.0,2,both_tie,8400,16800,15,1120,560,ok,16800,15,1120,560,ok
20,24,0.5,26,ema_spread_9_21_z,5,4.0,0.017899507233356815,0.0,2,entry,8400,16800,15,1120,560,ok,16800,15,1120,560,ok
20,24,0.5,26,bb_width_20_sqrt_z,6,4.0,0.0075604576908839816,0.0,1,exit,8400,16800,15,1120,560,ok,16800,15,1120,560,ok
20,24,0.5,26,ema_spread_21_50_z,7,5.0,0.01732079390246949,0.0,1,entry,8400,16800,15,1120,560,ok,16800,15,1120,560,ok
20,24,0.5,26,price_pos_in_range_72_norm,8,5.0,0.011748017967254387,0.0,1,exit,8400,16800,15,1118,559,ok,16800,15,1118,559,ok
20,24,0.5,26,ret_accel_6_24_z,9,6.0,0.01697158700524054,0.0,1,entry,8400,16800,15,1120,560,ok,16800,15,1120,560,ok
20,24,0.5,26,dist_to_high_24_sqrt_z,10,6.0,0.012641784609081663,0.0,1,exit,8400,16800,15,1120,560,ok,16800,15,1120,560,ok
20,24,0.5,26,ema_slope_21_z,11,7.0,0.015644494571371126,0.0,2,exit,8400,16800,15,1120,560,ok,16800,15,1120,560,ok
20,24,0.5,26,RSI_72_bounded,12,7.0,0.01575054685044247,0.0,1,entry,8400,16800,15,1120,560,ok,16800,15,1120,560,ok
20,24,0.5,26,ret_accel_72_168_z,13,8.0,0.013773038784978653,0.0,2,exit,8400,16800,15,1120,560,ok,16800,15,1120,560,ok
20,24,0.5,26,ema_spread_100_200_z,14,9.0,0.0137559530813951,0.0,2,exit,8400,16800,15,1120,560,ok,16800,15,1120,560,ok
20,24,0.5,26,NATR_14_z,15,9.0,0.014756996170516845,0.0,1,entry,8400,16800,15,1120,560,ok,16800,15,1120,560,ok
20,24,0.5,26,ADX_30_scaled,16,10.0,0.013996762014597819,0.0,1,entry,8400,16800,15,1120,560,ok,16800,15,1120,560,ok
20,24,0.5,26,volatility_24_sqrt_z,17,10.0,0.012411520584249658,0.0,1,exit,8400,16800,15,1120,560,ok,16800,15,1120,560,ok
20,24,0.5,26,ADX_14_scaled,18,11.0,0.011496193686648837,0.0,1,exit,8400,16800,15,1120,560,ok,16800,15,1120,560,ok
20,24,0.5,26,ema_slope_100_z,19,13.0,0.013630894421213346,0.0,1,entry,8400,16800,15,1120,560,ok,16800,15,1120,560,ok
20,24,0.5,26,MOM_pct_14_z,20,13.0,0.008650554145288425,0.0,1,exit,8400,16800,15,1120,560,ok,16800,15,1120,560,ok
20,24,0.5,26,volatility_168_sqrt_z,21,14.0,0.013201086489842195,0.0,1,entry,8400,16800,15,1120,560,ok,16800,15,1120,560,ok
20,24,0.5,26,ema_slope_9_z,22,15.0,0.010713114556568037,0.0,0,exit,8400,16800,15,1120,560,ok,16800,15,1120,560,ok
20,24,0.5,26,price_pos_in_range_168_norm,23,16.0,0.01013450737342031,0.0,0,exit,8400,16800,15,1120,560,ok,16800,15,1120,560,ok
20,24,0.5,26,vol_expansion_24_log1p_z,24,17.0,0.005534153848798518,0.0,0,exit,8400,16800,15,1120,560,ok,16800,15,1120,560,ok
20,24,0.5,26,vol_ratio_24_log1p_z,25,20.0,0.01147531154831255,0.0,0,entry,8400,16800,15,1120,560,ok,16800,15,1120,560,ok
20,24,0.5,26,log_ret_24_z,26,21.0,0.01081795512498912,0.0,0,entry,8400,16800,15,1120,560,ok,16800,15,1120,560,ok
21,24,0.5,7,price_pos_in_range_168_norm,1,1.0,0.022303642117336375,0.0,2,entry,8400,16800,15,1118,559,ok,16800,15,1118,559,ok
21,24,0.5,7,ADX_72_scaled,2,1.0,0.017925968673537518,0.0,2,exit,8400,16800,15,1120,560,ok,16800,15,1120,560,ok
21,24,0.5,7,RSI_30_bounded,3,2.0,0.021637226272835153,0.0,2,entry,8400,16800,15,1120,560,ok,16800,15,1120,560,ok
21,24,0.5,7,RSI_72_bounded,4,2.0,0.017850087008214333,0.0,2,exit,8400,16800,15,1120,560,ok,16800,15,1120,560,ok
21,24,0.5,7,RSI_14_bounded,5,3.0,0.019441684267669457,0.0,2,entry,8400,16800,15,1120,560,ok,16800,15,1120,560,ok
21,24,0.5,7,ret_accel_24_72_z,6,3.0,0.016048458366015206,0.0,2,exit,8400,16800,15,1120,560,ok,16800,15,1120,560,ok
21,24,0.5,7,dist_to_high_72_sqrt_z,7,6.0,0.015297993825248768,0.0,1,entry,8400,16800,15,1120,560,ok,16800,15,1120,560,ok
21,24,0.5,14,price_pos_in_range_168_norm,1,1.0,0.022303642117336375,0.0,2,entry,8400,16800,15,1118,559,ok,16800,15,1118,559,ok
21,24,0.5,14,ADX_72_scaled,2,1.0,0.017925968673537518,0.0,2,exit,8400,16800,15,1120,560,ok,16800,15,1120,560,ok
21,24,0.5,14,RSI_30_bounded,3,2.0,0.021637226272835153,0.0,2,entry,8400,16800,15,1120,560,ok,16800,15,1120,560,ok
21,24,0.5,14,RSI_72_bounded,4,2.0,0.017850087008214333,0.0,2,exit,8400,16800,15,1120,560,ok,16800,15,1120,560,ok
21,24,0.5,14,RSI_14_bounded,5,3.0,0.019441684267669457,0.0,2,entry,8400,16800,15,1120,560,ok,16800,15,1120,560,ok
21,24,0.5,14,ret_accel_24_72_z,6,3.0,0.016048458366015206,0.0,2,exit,8400,16800,15,1120,560,ok,16800,15,1120,560,ok
21,24,0.5,14,dist_to_high_72_sqrt_z,7,6.0,0.015297993825248768,0.0,1,entry,8400,16800,15,1120,560,ok,16800,15,1120,560,ok
21,24,0.5,14,ema_spread_50_100_z,8,6.0,0.012652750902586607,0.0,1,exit,8400,16800,15,1120,560,ok,16800,15,1120,560,ok
21,24,0.5,14,log_ret_72_z,9,7.0,0.014876421570023779,0.0,1,entry,8400,16800,15,1120,560,ok,16800,15,1120,560,ok
21,24,0.5,14,price_pos_in_range_72_norm,10,7.0,0.011787481709460257,0.0,1,exit,8400,16800,15,1120,560,ok,16800,15,1120,560,ok
21,24,0.5,14,dist_to_high_168_sqrt_z,11,8.0,0.014762430261798132,0.0,2,entry,8400,16800,15,1120,560,ok,16800,15,1120,560,ok
21,24,0.5,14,NATR_14_z,12,9.0,0.009457447486145631,0.0,1,exit,8400,16800,15,1120,560,ok,16800,15,1120,560,ok
21,24,0.5,14,MOM_pct_72_z,13,10.0,0.01428044133166595,0.0,2,entry,8400,16800,15,1120,560,ok,16800,15,1120,560,ok
21,24,0.5,14,log_ret_168_z,14,10.0,0.012670001001937825,0.0,2,exit,8400,16800,15,1120,560,ok,16800,15,1120,560,ok
21,24,0.5,20,price_pos_in_range_168_norm,1,1.0,0.022303642117336375,0.0,2,entry,8400,16800,15,1118,559,ok,16800,15,1118,559,ok
21,24,0.5,20,ADX_72_scaled,2,1.0,0.017925968673537518,0.0,2,exit,8400,16800,15,1120,560,ok,16800,15,1120,560,ok
21,24,0.5,20,RSI_30_bounded,3,2.0,0.021637226272835153,0.0,2,entry,8400,16800,15,1120,560,ok,16800,15,1120,560,ok
21,24,0.5,20,RSI_72_bounded,4,2.0,0.017850087008214333,0.0,2,exit,8400,16800,15,1120,560,ok,16800,15,1120,560,ok
21,24,0.5,20,RSI_14_bounded,5,3.0,0.019441684267669457,0.0,2,entry,8400,16800,15,1120,560,ok,16800,15,1120,560,ok
21,24,0.5,20,ret_accel_24_72_z,6,3.0,0.016048458366015206,0.0,2,exit,8400,16800,15,1120,560,ok,16800,15,1120,560,ok
21,24,0.5,20,dist_to_high_72_sqrt_z,7,6.0,0.015297993825248768,0.0,1,entry,8400,16800,15,1120,560,ok,16800,15,1120,560,ok
21,24,0.5,20,ema_spread_50_100_z,8,6.0,0.012652750902586607,0.0,1,exit,8400,16800,15,1120,560,ok,16800,15,1120,560,ok
21,24,0.5,20,log_ret_72_z,9,7.0,0.014876421570023779,0.0,1,entry,8400,16800,15,1120,560,ok,16800,15,1120,560,ok
21,24,0.5,20,price_pos_in_range_72_norm,10,7.0,0.011787481709460257,0.0,1,exit,8400,16800,15,1120,560,ok,16800,15,1120,560,ok
21,24,0.5,20,dist_to_high_168_sqrt_z,11,8.0,0.014762430261798132,0.0,2,entry,8400,16800,15,1120,560,ok,16800,15,1120,560,ok
21,24,0.5,20,NATR_14_z,12,9.0,0.009457447486145631,0.0,1,exit,8400,16800,15,1120,560,ok,16800,15,1120,560,ok
21,24,0.5,20,MOM_pct_72_z,13,10.0,0.01428044133166595,0.0,2,entry,8400,16800,15,1120,560,ok,16800,15,1120,560,ok
21,24,0.5,20,log_ret_168_z,14,10.0,0.012670001001937825,0.0,2,exit,8400,16800,15,1120,560,ok,16800,15,1120,560,ok
21,24,0.5,20,ema_spread_100_200_z,15,11.0,0.014242373550935716,0.0,2,both_tie,8400,16800,15,1120,560,ok,16800,15,1120,560,ok
21,24,0.5,20,ADX_30_scaled,16,12.0,0.013209872467632389,0.0,1,entry,8400,16800,15,1120,560,ok,16800,15,1120,560,ok
21,24,0.5,20,bb_pos_20_norm,17,13.0,0.009769308742114458,0.0,1,exit,8400,16800,15,1120,560,ok,16800,15,1120,560,ok
21,24,0.5,20,dist_ema_200_z,18,14.0,0.01187806984106976,0.0,1,entry,8400,16800,15,1120,560,ok,16800,15,1120,560,ok
21,24,0.5,20,ema_spread_9_21_z,19,15.0,0.011351725362346743,0.0,0,entry,8400,16800,15,1120,560,ok,16800,15,1120,560,ok
21,24,0.5,20,vol_ratio_24_log1p_z,20,16.0,0.010180197134891489,0.0,0,entry,8400,16800,15,1120,560,ok,16800,15,1120,560,ok
21,24,0.5,26,price_pos_in_range_168_norm,1,1.0,0.022303642117336375,0.0,2,entry,8400,16800,15,1118,559,ok,16800,15,1118,559,ok
21,24,0.5,26,ADX_72_scaled,2,1.0,0.017925968673537518,0.0,2,exit,8400,16800,15,1120,560,ok,16800,15,1120,560,ok
21,24,0.5,26,RSI_30_bounded,3,2.0,0.021637226272835153,0.0,2,entry,8400,16800,15,1120,560,ok,16800,15,1120,560,ok
21,24,0.5,26,RSI_72_bounded,4,2.0,0.017850087008214333,0.0,2,exit,8400,16800,15,1120,560,ok,16800,15,1120,560,ok
21,24,0.5,26,RSI_14_bounded,5,3.0,0.019441684267669457,0.0,2,entry,8400,16800,15,1120,560,ok,16800,15,1120,560,ok
21,24,0.5,26,ret_accel_24_72_z,6,3.0,0.016048458366015206,0.0,2,exit,8400,16800,15,1120,560,ok,16800,15,1120,560,ok
21,24,0.5,26,dist_to_high_72_sqrt_z,7,6.0,0.015297993825248768,0.0,1,entry,8400,16800,15,1120,560,ok,16800,15,1120,560,ok
21,24,0.5,26,ema_spread_50_100_z,8,6.0,0.012652750902586607,0.0,1,exit,8400,16800,15,1120,560,ok,16800,15,1120,560,ok
21,24,0.5,26,log_ret_72_z,9,7.0,0.014876421570023779,0.0,1,entry,8400,16800,15,1120,560,ok,16800,15,1120,560,ok
21,24,0.5,26,price_pos_in_range_72_norm,10,7.0,0.011787481709460257,0.0,1,exit,8400,16800,15,1120,560,ok,16800,15,1120,560,ok
21,24,0.5,26,dist_to_high_168_sqrt_z,11,8.0,0.014762430261798132,0.0,2,entry,8400,16800,15,1120,560,ok,16800,15,1120,560,ok
21,24,0.5,26,NATR_14_z,12,9.0,0.009457447486145631,0.0,1,exit,8400,16800,15,1120,560,ok,16800,15,1120,560,ok
21,24,0.5,26,MOM_pct_72_z,13,10.0,0.01428044133166595,0.0,2,entry,8400,16800,15,1120,560,ok,16800,15,1120,560,ok
21,24,0.5,26,log_ret_168_z,14,10.0,0.012670001001937825,0.0,2,exit,8400,16800,15,1120,560,ok,16800,15,1120,560,ok
21,24,0.5,26,ema_spread_100_200_z,15,11.0,0.014242373550935716,0.0,2,both_tie,8400,16800,15,1120,560,ok,16800,15,1120,560,ok
21,24,0.5,26,ADX_30_scaled,16,12.0,0.013209872467632389,0.0,1,entry,8400,16800,15,1120,560,ok,16800,15,1120,560,ok
21,24,0.5,26,bb_pos_20_norm,17,13.0,0.009769308742114458,0.0,1,exit,8400,16800,15,1120,560,ok,16800,15,1120,560,ok
21,24,0.5,26,dist_ema_200_z,18,14.0,0.01187806984106976,0.0,1,entry,8400,16800,15,1120,560,ok,16800,15,1120,560,ok
21,24,0.5,26,ema_spread_9_21_z,19,15.0,0.011351725362346743,0.0,0,entry,8400,16800,15,1120,560,ok,16800,15,1120,560,ok
21,24,0.5,26,vol_ratio_24_log1p_z,20,16.0,0.010180197134891489,0.0,0,entry,8400,16800,15,1120,560,ok,16800,15,1120,560,ok
21,24,0.5,26,ema_slope_200_z,21,17.0,0.009115076320295401,0.0,0,exit,8400,16800,15,1120,560,ok,16800,15,1120,560,ok
21,24,0.5,26,vol_expansion_72_log1p_z,22,18.0,0.009780945921487816,0.0,0,entry,8400,16800,15,1120,560,ok,16800,15,1120,560,ok
21,24,0.5,26,volatility_168_sqrt_z,23,19.0,0.006974648952664642,0.0,0,exit,8400,16800,15,1120,560,ok,16800,15,1120,560,ok
21,24,0.5,26,price_pos_in_range_24_norm,24,20.0,0.009648771115134291,0.0,0,entry,8400,16800,15,1118,559,ok,16800,15,1118,559,ok
21,24,0.5,26,ema_slope_100_z,25,20.0,0.006641957037620327,0.0,0,exit,8400,16800,15,1120,560,ok,16800,15,1120,560,ok
21,24,0.5,26,ADX_14_scaled,26,21.0,0.009270257580853092,0.0,0,entry,8400,16800,15,1120,560,ok,16800,15,1120,560,ok
22,24,0.5,7,ADX_72_scaled,1,1.0,0.022042492893296184,0.0,2,exit,8400,16800,15,1120,560,ok,16800,15,1120,560,ok
22,24,0.5,7,ADX_30_scaled,2,1.0,0.017171924284446582,0.0,2,entry,8400,16800,15,1120,560,ok,16800,15,1120,560,ok
22,24,0.5,7,ema_slope_50_z,3,3.0,0.016443053745367975,0.0,2,exit,8400,16800,15,1120,560,ok,16800,15,1120,560,ok
22,24,0.5,7,volatility_168_sqrt_z,4,3.0,0.010445415099845423,0.0,2,entry,8400,16800,15,1120,560,ok,16800,15,1120,560,ok
22,24,0.5,7,ema_slope_100_z,5,4.0,0.010961879119152584,0.0,2,entry,8400,16800,15,1120,560,ok,16800,15,1120,560,ok
22,24,0.5,7,volatility_24_sqrt_z,6,4.0,0.015350829405312183,0.0,1,exit,8400,16800,15,1120,560,ok,16800,15,1120,560,ok
22,24,0.5,7,dist_ema_200_z,7,5.0,0.014821176635734845,0.0,1,exit,8400,16800,15,1120,560,ok,16800,15,1120,560,ok
22,24,0.5,14,ADX_72_scaled,1,1.0,0.022042492893296184,0.0,2,exit,8400,16800,15,1120,560,ok,16800,15,1120,560,ok
22,24,0.5,14,ADX_30_scaled,2,1.0,0.017171924284446582,0.0,2,entry,8400,16800,15,1120,560,ok,16800,15,1120,560,ok
22,24,0.5,14,ema_slope_50_z,3,3.0,0.016443053745367975,0.0,2,exit,8400,16800,15,1120,560,ok,16800,15,1120,560,ok
22,24,0.5,14,volatility_168_sqrt_z,4,3.0,0.010445415099845423,0.0,2,entry,8400,16800,15,1120,560,ok,16800,15,1120,560,ok
22,24,0.5,14,ema_slope_100_z,5,4.0,0.010961879119152584,0.0,2,entry,8400,16800,15,1120,560,ok,16800,15,1120,560,ok
22,24,0.5,14,volatility_24_sqrt_z,6,4.0,0.015350829405312183,0.0,1,exit,8400,16800,15,1120,560,ok,16800,15,1120,560,ok
22,24,0.5,14,dist_ema_200_z,7,5.0,0.014821176635734845,0.0,1,exit,8400,16800,15,1120,560,ok,16800,15,1120,560,ok
22,24,0.5,14,ema_slope_21_z,8,5.0,0.007953199945711975,0.0,1,entry,8400,16800,15,1120,560,ok,16800,15,1120,560,ok
22,24,0.5,14,dist_ema_100_z,9,6.0,0.014812273143647248,0.0,1,exit,8400,16800,15,1120,560,ok,16800,15,1120,560,ok
22,24,0.5,14,RSI_72_bounded,10,6.0,0.00792762166344585,0.0,1,entry,8400,16800,15,1120,560,ok,16800,15,1120,560,ok
22,24,0.5,14,price_pos_in_range_168_norm,11,7.0,0.014497083788589271,0.0,2,exit,8400,16800,15,1120,560,ok,16800,15,1120,560,ok
22,24,0.5,14,RSI_14_bounded,12,7.0,0.01098856117863184,0.0,2,entry,8400,16800,15,1120,560,ok,16800,15,1120,560,ok
22,24,0.5,14,ema_spread_50_100_z,13,8.0,0.011206342894507948,0.0,2,exit,8400,16800,15,1120,560,ok,16800,15,1120,560,ok
22,24,0.5,14,ema_slope_200_z,14,10.0,0.0064098712463595,0.0,1,entry,8400,16800,15,1120,560,ok,16800,15,1120,560,ok
22,24,0.5,20,ADX_72_scaled,1,1.0,0.022042492893296184,0.0,2,exit,8400,16800,15,1120,560,ok,16800,15,1120,560,ok
22,24,0.5,20,ADX_30_scaled,2,1.0,0.017171924284446582,0.0,2,entry,8400,16800,15,1120,560,ok,16800,15,1120,560,ok
22,24,0.5,20,ema_slope_50_z,3,3.0,0.016443053745367975,0.0,2,exit,8400,16800,15,1120,560,ok,16800,15,1120,560,ok
22,24,0.5,20,volatility_168_sqrt_z,4,3.0,0.010445415099845423,0.0,2,entry,8400,16800,15,1120,560,ok,16800,15,1120,560,ok
22,24,0.5,20,ema_slope_100_z,5,4.0,0.010961879119152584,0.0,2,entry,8400,16800,15,1120,560,ok,16800,15,1120,560,ok
22,24,0.5,20,volatility_24_sqrt_z,6,4.0,0.015350829405312183,0.0,1,exit,8400,16800,15,1120,560,ok,16800,15,1120,560,ok
22,24,0.5,20,dist_ema_200_z,7,5.0,0.014821176635734845,0.0,1,exit,8400,16800,15,1120,560,ok,16800,15,1120,560,ok
22,24,0.5,20,ema_slope_21_z,8,5.0,0.007953199945711975,0.0,1,entry,8400,16800,15,1120,560,ok,16800,15,1120,560,ok
22,24,0.5,20,dist_ema_100_z,9,6.0,0.014812273143647248,0.0,1,exit,8400,16800,15,1120,560,ok,16800,15,1120,560,ok
22,24,0.5,20,RSI_72_bounded,10,6.0,0.00792762166344585,0.0,1,entry,8400,16800,15,1120,560,ok,16800,15,1120,560,ok
22,24,0.5,20,price_pos_in_range_168_norm,11,7.0,0.014497083788589271,0.0,2,exit,8400,16800,15,1120,560,ok,16800,15,1120,560,ok
22,24,0.5,20,RSI_14_bounded,12,7.0,0.01098856117863184,0.0,2,entry,8400,16800,15,1120,560,ok,16800,15,1120,560,ok
22,24,0.5,20,ema_spread_50_100_z,13,8.0,0.011206342894507948,0.0,2,exit,8400,16800,15,1120,560,ok,16800,15,1120,560,ok
22,24,0.5,20,ema_slope_200_z,14,10.0,0.0064098712463595,0.0,1,entry,8400,16800,15,1120,560,ok,16800,15,1120,560,ok
22,24,0.5,20,ret_accel_72_168_z,15,11.0,0.010931697751510983,0.0,1,exit,8400,16800,15,1120,560,ok,16800,15,1120,560,ok
22,24,0.5,20,dist_to_low_72_sqrt_z,16,11.0,0.005816050619796509,0.0,1,entry,8400,16800,15,1120,560,ok,16800,15,1120,560,ok
22,24,0.5,20,ema_slope_9_z,17,13.0,0.010259250344693382,0.0,1,exit,8400,16800,15,1120,560,ok,16800,15,1120,560,ok
22,24,0.5,20,log_ret_168_z,18,13.0,0.005604393600300572,0.0,1,entry,8400,16800,15,1120,560,ok,16800,15,1120,560,ok
22,24,0.5,20,RSI_30_bounded,19,14.0,0.009597258590063218,0.0,1,exit,8400,16800,15,1120,560,ok,16800,15,1120,560,ok
22,24,0.5,20,volatility_72_sqrt_z,20,14.0,0.008481786978777495,0.0,1,entry,8400,16800,15,1120,560,ok,16800,15,1120,560,ok
22,24,0.5,26,ADX_72_scaled,1,1.0,0.022042492893296184,0.0,2,exit,8400,16800,15,1120,560,ok,16800,15,1120,560,ok
22,24,0.5,26,ADX_30_scaled,2,1.0,0.017171924284446582,0.0,2,entry,8400,16800,15,1120,560,ok,16800,15,1120,560,ok
22,24,0.5,26,ema_slope_50_z,3,3.0,0.016443053745367975,0.0,2,exit,8400,16800,15,1120,560,ok,16800,15,1120,560,ok
22,24,0.5,26,volatility_168_sqrt_z,4,3.0,0.010445415099845423,0.0,2,entry,8400,16800,15,1120,560,ok,16800,15,1120,560,ok
22,24,0.5,26,ema_slope_100_z,5,4.0,0.010961879119152584,0.0,2,entry,8400,16800,15,1120,560,ok,16800,15,1120,560,ok
22,24,0.5,26,volatility_24_sqrt_z,6,4.0,0.015350829405312183,0.0,1,exit,8400,16800,15,1120,560,ok,16800,15,1120,560,ok
22,24,0.5,26,dist_ema_200_z,7,5.0,0.014821176635734845,0.0,1,exit,8400,16800,15,1120,560,ok,16800,15,1120,560,ok
22,24,0.5,26,ema_slope_21_z,8,5.0,0.007953199945711975,0.0,1,entry,8400,16800,15,1120,560,ok,16800,15,1120,560,ok
22,24,0.5,26,dist_ema_100_z,9,6.0,0.014812273143647248,0.0,1,exit,8400,16800,15,1120,560,ok,16800,15,1120,560,ok
22,24,0.5,26,RSI_72_bounded,10,6.0,0.00792762166344585,0.0,1,entry,8400,16800,15,1120,560,ok,16800,15,1120,560,ok
22,24,0.5,26,price_pos_in_range_168_norm,11,7.0,0.014497083788589271,0.0,2,exit,8400,16800,15,1120,560,ok,16800,15,1120,560,ok
22,24,0.5,26,RSI_14_bounded,12,7.0,0.01098856117863184,0.0,2,entry,8400,16800,15,1120,560,ok,16800,15,1120,560,ok
22,24,0.5,26,ema_spread_50_100_z,13,8.0,0.011206342894507948,0.0,2,exit,8400,16800,15,1120,560,ok,16800,15,1120,560,ok
22,24,0.5,26,ema_slope_200_z,14,10.0,0.0064098712463595,0.0,1,entry,8400,16800,15,1120,560,ok,16800,15,1120,560,ok
22,24,0.5,26,ret_accel_72_168_z,15,11.0,0.010931697751510983,0.0,1,exit,8400,16800,15,1120,560,ok,16800,15,1120,560,ok
22,24,0.5,26,dist_to_low_72_sqrt_z,16,11.0,0.005816050619796509,0.0,1,entry,8400,16800,15,1120,560,ok,16800,15,1120,560,ok
22,24,0.5,26,ema_slope_9_z,17,13.0,0.010259250344693382,0.0,1,exit,8400,16800,15,1120,560,ok,16800,15,1120,560,ok
22,24,0.5,26,log_ret_168_z,18,13.0,0.005604393600300572,0.0,1,entry,8400,16800,15,1120,560,ok,16800,15,1120,560,ok
22,24,0.5,26,RSI_30_bounded,19,14.0,0.009597258590063218,0.0,1,exit,8400,16800,15,1120,560,ok,16800,15,1120,560,ok
22,24,0.5,26,volatility_72_sqrt_z,20,14.0,0.008481786978777495,0.0,1,entry,8400,16800,15,1120,560,ok,16800,15,1120,560,ok
22,24,0.5,26,bb_width_20_sqrt_z,21,15.0,0.008952787661088146,0.0,0,exit,8400,16800,15,1120,560,ok,16800,15,1120,560,ok
22,24,0.5,26,ema_spread_21_50_z,22,15.0,0.004803929147563002,0.0,0,entry,8400,16800,15,1120,560,ok,16800,15,1120,560,ok
22,24,0.5,26,bb_pos_20_norm,23,17.0,0.007890368384273039,0.0,0,exit,8400,16800,15,1120,560,ok,16800,15,1120,560,ok
22,24,0.5,26,MACD_hist_pct_z,24,18.0,0.007701366364814499,0.0,0,exit,8400,16800,15,1120,560,ok,16800,15,1120,560,ok
22,24,0.5,26,ADX_14_scaled,25,18.0,0.004266593780151817,0.0,0,entry,8400,16800,15,1120,560,ok,16800,15,1120,560,ok
22,24,0.5,26,ema_spread_100_200_z,26,19.0,0.007588149034563396,0.0,0,exit,8400,16800,15,1120,560,ok,16800,15,1120,560,ok
23,24,0.5,7,RSI_14_bounded,1,1.0,0.02558174001053104,0.0,2,exit,8400,16800,15,1120,560,ok,16800,15,1120,560,ok
23,24,0.5,7,ADX_30_scaled,2,1.0,0.02642824055536719,0.0,1,entry,8400,16800,15,1120,560,ok,16800,15,1120,560,ok
23,24,0.5,7,ADX_72_scaled,3,2.0,0.022682837822605273,0.0,2,exit,8400,16800,15,1120,560,ok,16800,15,1120,560,ok
23,24,0.5,7,RSI_30_bounded,4,3.0,0.024318273366552012,0.0,2,entry,8400,16800,15,1120,560,ok,16800,15,1120,560,ok
23,24,0.5,7,RSI_72_bounded,5,3.0,0.021628898314937528,0.0,2,exit,8400,16800,15,1120,560,ok,16800,15,1120,560,ok
23,24,0.5,7,log_ret_168_z,6,4.0,0.01038587212412534,0.0,1,exit,8400,16800,15,1120,560,ok,16800,15,1120,560,ok
23,24,0.5,7,log_ret_72_z,7,5.0,0.022032452611323472,0.0,2,entry,8400,16800,15,1120,560,ok,16800,15,1120,560,ok
23,24,0.5,14,RSI_14_bounded,1,1.0,0.02558174001053104,0.0,2,exit,8400,16800,15,1120,560,ok,16800,15,1120,560,ok
23,24,0.5,14,ADX_30_scaled,2,1.0,0.02642824055536719,0.0,1,entry,8400,16800,15,1120,560,ok,16800,15,1120,560,ok
23,24,0.5,14,ADX_72_scaled,3,2.0,0.022682837822605273,0.0,2,exit,8400,16800,15,1120,560,ok,16800,15,1120,560,ok
23,24,0.5,14,RSI_30_bounded,4,3.0,0.024318273366552012,0.0,2,entry,8400,16800,15,1120,560,ok,16800,15,1120,560,ok
23,24,0.5,14,RSI_72_bounded,5,3.0,0.021628898314937528,0.0,2,exit,8400,16800,15,1120,560,ok,16800,15,1120,560,ok
23,24,0.5,14,log_ret_168_z,6,4.0,0.01038587212412534,0.0,1,exit,8400,16800,15,1120,560,ok,16800,15,1120,560,ok
23,24,0.5,14,log_ret_72_z,7,5.0,0.022032452611323472,0.0,2,entry,8400,16800,15,1120,560,ok,16800,15,1120,560,ok
23,24,0.5,14,MOM_pct_72_z,8,5.0,0.021586335126224765,0.0,2,exit,8400,16800,15,1120,560,ok,16800,15,1120,560,ok
23,24,0.5,14,price_pos_in_range_72_norm,9,7.0,0.013337248093910015,0.0,1,exit,8400,16800,15,1120,560,ok,16800,15,1120,560,ok
23,24,0.5,14,ema_spread_9_21_z,10,8.0,0.020911038337670496,0.0,1,entry,8400,16800,15,1120,560,ok,16800,15,1120,560,ok
23,24,0.5,14,ema_spread_50_100_z,11,8.0,0.015111017413492411,0.0,1,exit,8400,16800,15,1120,560,ok,16800,15,1120,560,ok
23,24,0.5,14,ema_slope_50_z,12,9.0,0.020410595107785534,0.0,1,entry,8400,16800,15,1120,560,ok,16800,15,1120,560,ok
23,24,0.5,14,ema_spread_100_200_z,13,9.0,0.009994609305650881,0.0,1,exit,8400,16800,15,1120,560,ok,16800,15,1120,560,ok
23,24,0.5,14,dist_to_high_168_sqrt_z,14,10.0,0.020372092961081112,0.0,2,both_tie,8400,16800,15,1120,560,ok,16800,15,1120,560,ok
23,24,0.5,20,RSI_14_bounded,1,1.0,0.02558174001053104,0.0,2,exit,8400,16800,15,1120,560,ok,16800,15,1120,560,ok
23,24,0.5,20,ADX_30_scaled,2,1.0,0.02642824055536719,0.0,1,entry,8400,16800,15,1120,560,ok,16800,15,1120,560,ok
23,24,0.5,20,ADX_72_scaled,3,2.0,0.022682837822605273,0.0,2,exit,8400,16800,15,1120,560,ok,16800,15,1120,560,ok
23,24,0.5,20,RSI_30_bounded,4,3.0,0.024318273366552012,0.0,2,entry,8400,16800,15,1120,560,ok,16800,15,1120,560,ok
23,24,0.5,20,RSI_72_bounded,5,3.0,0.021628898314937528,0.0,2,exit,8400,16800,15,1120,560,ok,16800,15,1120,560,ok
23,24,0.5,20,log_ret_168_z,6,4.0,0.01038587212412534,0.0,1,exit,8400,16800,15,1120,560,ok,16800,15,1120,560,ok
23,24,0.5,20,log_ret_72_z,7,5.0,0.022032452611323472,0.0,2,entry,8400,16800,15,1120,560,ok,16800,15,1120,560,ok
23,24,0.5,20,MOM_pct_72_z,8,5.0,0.021586335126224765,0.0,2,exit,8400,16800,15,1120,560,ok,16800,15,1120,560,ok
23,24,0.5,20,price_pos_in_range_72_norm,9,7.0,0.013337248093910015,0.0,1,exit,8400,16800,15,1120,560,ok,16800,15,1120,560,ok
23,24,0.5,20,ema_spread_9_21_z,10,8.0,0.020911038337670496,0.0,1,entry,8400,16800,15,1120,560,ok,16800,15,1120,560,ok
23,24,0.5,20,ema_spread_50_100_z,11,8.0,0.015111017413492411,0.0,1,exit,8400,16800,15,1120,560,ok,16800,15,1120,560,ok
23,24,0.5,20,ema_slope_50_z,12,9.0,0.020410595107785534,0.0,1,entry,8400,16800,15,1120,560,ok,16800,15,1120,560,ok
23,24,0.5,20,ema_spread_100_200_z,13,9.0,0.009994609305650881,0.0,1,exit,8400,16800,15,1120,560,ok,16800,15,1120,560,ok
23,24,0.5,20,dist_to_high_168_sqrt_z,14,10.0,0.020372092961081112,0.0,2,both_tie,8400,16800,15,1120,560,ok,16800,15,1120,560,ok
23,24,0.5,20,price_pos_in_range_168_norm,15,11.0,0.019578643325356415,0.0,1,entry,8400,16800,15,1120,560,ok,16800,15,1120,560,ok
23,24,0.5,20,ema_slope_21_z,16,11.0,0.013028747969155652,0.0,1,exit,8400,16800,15,1120,560,ok,16800,15,1120,560,ok
23,24,0.5,20,dist_to_high_72_sqrt_z,17,12.0,0.01936334729933553,0.0,1,entry,8400,16800,15,1120,560,ok,16800,15,1120,560,ok
23,24,0.5,20,ema_spread_21_50_z,18,12.0,0.01188471403880953,0.0,1,exit,8400,16800,15,1120,560,ok,16800,15,1120,560,ok
23,24,0.5,20,ema_slope_100_z,19,13.0,0.01755243727769107,0.0,1,entry,8400,16800,15,1120,560,ok,16800,15,1120,560,ok
23,24,0.5,20,ret_accel_72_168_z,20,14.0,0.017245520136019987,0.0,1,entry,8400,16800,15,1120,560,ok,16800,15,1120,560,ok
23,24,0.5,26,RSI_14_bounded,1,1.0,0.02558174001053104,0.0,2,exit,8400,16800,15,1120,560,ok,16800,15,1120,560,ok
23,24,0.5,26,ADX_30_scaled,2,1.0,0.02642824055536719,0.0,1,entry,8400,16800,15,1120,560,ok,16800,15,1120,560,ok
23,24,0.5,26,ADX_72_scaled,3,2.0,0.022682837822605273,0.0,2,exit,8400,16800,15,1120,560,ok,16800,15,1120,560,ok
23,24,0.5,26,RSI_30_bounded,4,3.0,0.024318273366552012,0.0,2,entry,8400,16800,15,1120,560,ok,16800,15,1120,560,ok
23,24,0.5,26,RSI_72_bounded,5,3.0,0.021628898314937528,0.0,2,exit,8400,16800,15,1120,560,ok,16800,15,1120,560,ok
23,24,0.5,26,log_ret_168_z,6,4.0,0.01038587212412534,0.0,1,exit,8400,16800,15,1120,560,ok,16800,15,1120,560,ok
23,24,0.5,26,log_ret_72_z,7,5.0,0.022032452611323472,0.0,2,entry,8400,16800,15,1120,560,ok,16800,15,1120,560,ok
23,24,0.5,26,MOM_pct_72_z,8,5.0,0.021586335126224765,0.0,2,exit,8400,16800,15,1120,560,ok,16800,15,1120,560,ok
23,24,0.5,26,price_pos_in_range_72_norm,9,7.0,0.013337248093910015,0.0,1,exit,8400,16800,15,1120,560,ok,16800,15,1120,560,ok
23,24,0.5,26,ema_spread_9_21_z,10,8.0,0.020911038337670496,0.0,1,entry,8400,16800,15,1120,560,ok,16800,15,1120,560,ok
23,24,0.5,26,ema_spread_50_100_z,11,8.0,0.015111017413492411,0.0,1,exit,8400,16800,15,1120,560,ok,16800,15,1120,560,ok
23,24,0.5,26,ema_slope_50_z,12,9.0,0.020410595107785534,0.0,1,entry,8400,16800,15,1120,560,ok,16800,15,1120,560,ok
23,24,0.5,26,ema_spread_100_200_z,13,9.0,0.009994609305650881,0.0,1,exit,8400,16800,15,1120,560,ok,16800,15,1120,560,ok
23,24,0.5,26,dist_to_high_168_sqrt_z,14,10.0,0.020372092961081112,0.0,2,both_tie,8400,16800,15,1120,560,ok,16800,15,1120,560,ok
23,24,0.5,26,price_pos_in_range_168_norm,15,11.0,0.019578643325356415,0.0,1,entry,8400,16800,15,1120,560,ok,16800,15,1120,560,ok
23,24,0.5,26,ema_slope_21_z,16,11.0,0.013028747969155652,0.0,1,exit,8400,16800,15,1120,560,ok,16800,15,1120,560,ok
23,24,0.5,26,dist_to_high_72_sqrt_z,17,12.0,0.01936334729933553,0.0,1,entry,8400,16800,15,1120,560,ok,16800,15,1120,560,ok
23,24,0.5,26,ema_spread_21_50_z,18,12.0,0.01188471403880953,0.0,1,exit,8400,16800,15,1120,560,ok,16800,15,1120,560,ok
23,24,0.5,26,ema_slope_100_z,19,13.0,0.01755243727769107,0.0,1,entry,8400,16800,15,1120,560,ok,16800,15,1120,560,ok
23,24,0.5,26,ret_accel_72_168_z,20,14.0,0.017245520136019987,0.0,1,entry,8400,16800,15,1120,560,ok,16800,15,1120,560,ok
23,24,0.5,26,MACD_hist_pct_z,21,14.0,0.006668577999636605,0.0,1,exit,8400,16800,15,1120,560,ok,16800,15,1120,560,ok
23,24,0.5,26,ema_slope_200_z,22,15.0,0.01711999108592932,0.0,0,entry,8400,16800,15,1120,560,ok,16800,15,1120,560,ok
23,24,0.5,26,ADX_14_scaled,23,15.0,0.014366052218891534,0.0,0,exit,8400,16800,15,1120,560,ok,16800,15,1120,560,ok
23,24,0.5,26,ret_accel_24_72_z,24,16.0,0.015564586142109316,0.0,0,entry,8400,16800,15,1120,560,ok,16800,15,1120,560,ok
23,24,0.5,26,dist_ema_200_z,25,18.0,0.014647939443018565,0.0,0,both_tie,8400,16800,15,1120,560,ok,16800,15,1120,560,ok
23,24,0.5,26,dist_ema_100_z,26,20.0,0.013588308679763683,0.0,0,entry,8400,16800,15,1120,560,ok,16800,15,1120,560,ok
24,24,0.5,7,ADX_72_scaled,1,1.0,0.022814621809474633,0.0,2,entry,8400,16800,15,1120,560,ok,16800,15,1120,560,ok
24,24,0.5,7,NATR_14_z,2,1.0,0.01418631692362754,0.0,2,exit,8400,16800,15,1120,560,ok,16800,15,1120,560,ok
24,24,0.5,7,volatility_168_sqrt_z,3,2.0,0.022420111843044765,0.0,1,entry,8400,16800,15,1120,560,ok,16800,15,1120,560,ok
24,24,0.5,7,price_pos_in_range_72_norm,4,2.0,0.012462149606854045,0.0,1,exit,8400,16800,15,1118,559,ok,16800,15,1118,559,ok
24,24,0.5,7,ADX_30_scaled,5,3.0,0.01633228915750834,0.0,2,exit,8400,16800,15,1120,560,ok,16800,15,1120,560,ok
24,24,0.5,7,ema_spread_9_21_z,6,3.0,0.019507370938004087,0.0,1,entry,8400,16800,15,1120,560,ok,16800,15,1120,560,ok
24,24,0.5,7,ema_spread_21_50_z,7,4.0,0.018536508121327067,0.0,1,entry,8400,16800,15,1120,560,ok,16800,15,1120,560,ok
24,24,0.5,14,ADX_72_scaled,1,1.0,0.022814621809474633,0.0,2,entry,8400,16800,15,1120,560,ok,16800,15,1120,560,ok
24,24,0.5,14,NATR_14_z,2,1.0,0.01418631692362754,0.0,2,exit,8400,16800,15,1120,560,ok,16800,15,1120,560,ok
24,24,0.5,14,volatility_168_sqrt_z,3,2.0,0.022420111843044765,0.0,1,entry,8400,16800,15,1120,560,ok,16800,15,1120,560,ok
24,24,0.5,14,price_pos_in_range_72_norm,4,2.0,0.012462149606854045,0.0,1,exit,8400,16800,15,1118,559,ok,16800,15,1118,559,ok
24,24,0.5,14,ADX_30_scaled,5,3.0,0.01633228915750834,0.0,2,exit,8400,16800,15,1120,560,ok,16800,15,1120,560,ok
24,24,0.5,14,ema_spread_9_21_z,6,3.0,0.019507370938004087,0.0,1,entry,8400,16800,15,1120,560,ok,16800,15,1120,560,ok
24,24,0.5,14,ema_spread_21_50_z,7,4.0,0.018536508121327067,0.0,1,entry,8400,16800,15,1120,560,ok,16800,15,1120,560,ok
24,24,0.5,14,ema_spread_50_100_z,8,4.0,0.013627045599810261,0.0,1,exit,8400,16800,15,1120,560,ok,16800,15,1120,560,ok
24,24,0.5,14,ema_spread_100_200_z,9,5.0,0.018207589194277285,0.0,2,both_tie,8400,16800,15,1120,560,ok,16800,15,1120,560,ok
24,24,0.5,14,RSI_14_bounded,10,6.0,0.018122944571068278,0.0,2,entry,8400,16800,15,1120,560,ok,16800,15,1120,560,ok
24,24,0.5,14,ema_slope_50_z,11,7.0,0.01719534913284415,0.0,2,exit,8400,16800,15,1120,560,ok,16800,15,1120,560,ok
24,24,0.5,14,ret_accel_6_24_z,12,7.0,0.017455283760861473,0.0,1,entry,8400,16800,15,1120,560,ok,16800,15,1120,560,ok
24,24,0.5,14,dist_to_low_24_sqrt_z,13,8.0,0.01636272470614769,0.0,2,exit,8400,16800,15,1120,560,ok,16800,15,1120,560,ok
24,24,0.5,14,ema_slope_21_z,14,9.0,0.01673127985440659,0.0,2,entry,8400,16800,15,1120,560,ok,16800,15,1120,560,ok
24,24,0.5,20,ADX_72_scaled,1,1.0,0.022814621809474633,0.0,2,entry,8400,16800,15,1120,560,ok,16800,15,1120,560,ok
24,24,0.5,20,NATR_14_z,2,1.0,0.01418631692362754,0.0,2,exit,8400,16800,15,1120,560,ok,16800,15,1120,560,ok
24,24,0.5,20,volatility_168_sqrt_z,3,2.0,0.022420111843044765,0.0,1,entry,8400,16800,15,1120,560,ok,16800,15,1120,560,ok
24,24,0.5,20,price_pos_in_range_72_norm,4,2.0,0.012462149606854045,0.0,1,exit,8400,16800,15,1118,559,ok,16800,15,1118,559,ok
24,24,0.5,20,ADX_30_scaled,5,3.0,0.01633228915750834,0.0,2,exit,8400,16800,15,1120,560,ok,16800,15,1120,560,ok
24,24,0.5,20,ema_spread_9_21_z,6,3.0,0.019507370938004087,0.0,1,entry,8400,16800,15,1120,560,ok,16800,15,1120,560,ok
24,24,0.5,20,ema_spread_21_50_z,7,4.0,0.018536508121327067,0.0,1,entry,8400,16800,15,1120,560,ok,16800,15,1120,560,ok
24,24,0.5,20,ema_spread_50_100_z,8,4.0,0.013627045599810261,0.0,1,exit,8400,16800,15,1120,560,ok,16800,15,1120,560,ok
24,24,0.5,20,ema_spread_100_200_z,9,5.0,0.018207589194277285,0.0,2,both_tie,8400,16800,15,1120,560,ok,16800,15,1120,560,ok
24,24,0.5,20,RSI_14_bounded,10,6.0,0.018122944571068278,0.0,2,entry,8400,16800,15,1120,560,ok,16800,15,1120,560,ok
24,24,0.5,20,ema_slope_50_z,11,7.0,0.01719534913284415,0.0,2,exit,8400,16800,15,1120,560,ok,16800,15,1120,560,ok
24,24,0.5,20,ret_accel_6_24_z,12,7.0,0.017455283760861473,0.0,1,entry,8400,16800,15,1120,560,ok,16800,15,1120,560,ok
24,24,0.5,20,dist_to_low_24_sqrt_z,13,8.0,0.01636272470614769,0.0,2,exit,8400,16800,15,1120,560,ok,16800,15,1120,560,ok
24,24,0.5,20,ema_slope_21_z,14,9.0,0.01673127985440659,0.0,2,entry,8400,16800,15,1120,560,ok,16800,15,1120,560,ok
24,24,0.5,20,dist_ema_200_z,15,9.0,0.0071240634099628,0.0,1,exit,8400,16800,15,1120,560,ok,16800,15,1120,560,ok
24,24,0.5,20,volatility_24_sqrt_z,16,10.0,0.0031592948454380876,0.0,1,exit,8400,16800,15,1120,560,ok,16800,15,1120,560,ok
24,24,0.5,20,ret_accel_24_72_z,17,12.0,0.016194287161717502,0.0,2,both_tie,8400,16800,15,1120,560,ok,16800,15,1120,560,ok
24,24,0.5,20,RSI_72_bounded,18,13.0,0.015619917546845663,0.0,1,entry,8400,16800,15,1120,560,ok,16800,15,1120,560,ok
24,24,0.5,20,dist_ema_100_z,19,13.0,0.004497338751829838,0.0,1,exit,8400,16800,15,1120,560,ok,16800,15,1120,560,ok
24,24,0.5,20,ADX_14_scaled,20,16.0,0.013397771694744098,0.0,0,entry,8400,16800,15,1120,560,ok,16800,15,1120,560,ok
24,24,0.5,26,ADX_72_scaled,1,1.0,0.022814621809474633,0.0,2,entry,8400,16800,15,1120,560,ok,16800,15,1120,560,ok
24,24,0.5,26,NATR_14_z,2,1.0,0.01418631692362754,0.0,2,exit,8400,16800,15,1120,560,ok,16800,15,1120,560,ok
24,24,0.5,26,volatility_168_sqrt_z,3,2.0,0.022420111843044765,0.0,1,entry,8400,16800,15,1120,560,ok,16800,15,1120,560,ok
24,24,0.5,26,price_pos_in_range_72_norm,4,2.0,0.012462149606854045,0.0,1,exit,8400,16800,15,1118,559,ok,16800,15,1118,559,ok
24,24,0.5,26,ADX_30_scaled,5,3.0,0.01633228915750834,0.0,2,exit,8400,16800,15,1120,560,ok,16800,15,1120,560,ok
24,24,0.5,26,ema_spread_9_21_z,6,3.0,0.019507370938004087,0.0,1,entry,8400,16800,15,1120,560,ok,16800,15,1120,560,ok
24,24,0.5,26,ema_spread_21_50_z,7,4.0,0.018536508121327067,0.0,1,entry,8400,16800,15,1120,560,ok,16800,15,1120,560,ok
24,24,0.5,26,ema_spread_50_100_z,8,4.0,0.013627045599810261,0.0,1,exit,8400,16800,15,1120,560,ok,16800,15,1120,560,ok
24,24,0.5,26,ema_spread_100_200_z,9,5.0,0.018207589194277285,0.0,2,both_tie,8400,16800,15,1120,560,ok,16800,15,1120,560,ok
24,24,0.5,26,RSI_14_bounded,10,6.0,0.018122944571068278,0.0,2,entry,8400,16800,15,1120,560,ok,16800,15,1120,560,ok
24,24,0.5,26,ema_slope_50_z,11,7.0,0.01719534913284415,0.0,2,exit,8400,16800,15,1120,560,ok,16800,15,1120,560,ok
24,24,0.5,26,ret_accel_6_24_z,12,7.0,0.017455283760861473,0.0,1,entry,8400,16800,15,1120,560,ok,16800,15,1120,560,ok
24,24,0.5,26,dist_to_low_24_sqrt_z,13,8.0,0.01636272470614769,0.0,2,exit,8400,16800,15,1120,560,ok,16800,15,1120,560,ok
24,24,0.5,26,ema_slope_21_z,14,9.0,0.01673127985440659,0.0,2,entry,8400,16800,15,1120,560,ok,16800,15,1120,560,ok
24,24,0.5,26,dist_ema_200_z,15,9.0,0.0071240634099628,0.0,1,exit,8400,16800,15,1120,560,ok,16800,15,1120,560,ok
24,24,0.5,26,volatility_24_sqrt_z,16,10.0,0.0031592948454380876,0.0,1,exit,8400,16800,15,1120,560,ok,16800,15,1120,560,ok
24,24,0.5,26,ret_accel_24_72_z,17,12.0,0.016194287161717502,0.0,2,both_tie,8400,16800,15,1120,560,ok,16800,15,1120,560,ok
24,24,0.5,26,RSI_72_bounded,18,13.0,0.015619917546845663,0.0,1,entry,8400,16800,15,1120,560,ok,16800,15,1120,560,ok
24,24,0.5,26,dist_ema_100_z,19,13.0,0.004497338751829838,0.0,1,exit,8400,16800,15,1120,560,ok,16800,15,1120,560,ok
24,24,0.5,26,ADX_14_scaled,20,16.0,0.013397771694744098,0.0,0,entry,8400,16800,15,1120,560,ok,16800,15,1120,560,ok
24,24,0.5,26,volatility_72_sqrt_z,21,16.0,0.011514769875253628,0.0,0,exit,8400,16800,15,1120,560,ok,16800,15,1120,560,ok
24,24,0.5,26,RSI_30_bounded,22,17.0,0.013348590954482042,0.0,0,entry,8400,16800,15,1120,560,ok,16800,15,1120,560,ok
24,24,0.5,26,log_ret_24_z,23,17.0,0.011800030743503886,0.0,0,exit,8400,16800,15,1120,560,ok,16800,15,1120,560,ok
24,24,0.5,26,dist_to_low_168_sqrt_z,24,18.0,0.010502915860989115,0.0,0,exit,8400,16800,15,1120,560,ok,16800,15,1120,560,ok
24,24,0.5,26,ema_slope_100_z,25,19.0,0.012095804856129322,0.0,0,entry,8400,16800,15,1120,560,ok,16800,15,1120,560,ok
24,24,0.5,26,bb_width_20_sqrt_z,26,20.0,0.012001699787736186,0.0,0,entry,8400,16800,15,1120,560,ok,16800,15,1120,560,ok
25,24,0.5,7,ADX_30_scaled,1,1.0,0.021199138153637276,0.0,2,entry,8400,16800,15,1120,560,ok,16800,15,1120,560,ok
25,24,0.5,7,ADX_72_scaled,2,1.0,0.01761548093286497,0.0,2,exit,8400,16800,15,1120,560,ok,16800,15,1120,560,ok
25,24,0.5,7,RSI_72_bounded,3,3.0,0.014804735320572027,0.0,2,entry,8400,16800,15,1120,560,ok,16800,15,1120,560,ok
25,24,0.5,7,price_pos_in_range_72_norm,4,3.0,0.011643567760384221,0.0,1,exit,8400,16800,15,1118,559,ok,16800,15,1118,559,ok
25,24,0.5,7,ema_spread_9_21_z,5,4.0,0.01459826209281645,0.0,2,entry,8400,16800,15,1120,560,ok,16800,15,1120,560,ok
25,24,0.5,7,ema_slope_200_z,6,4.0,0.01148464012541106,0.0,2,exit,8400,16800,15,1120,560,ok,16800,15,1120,560,ok
25,24,0.5,7,ema_slope_50_z,7,5.0,0.013215461258090477,0.0,1,entry,8400,16800,15,1120,560,ok,16800,15,1120,560,ok
25,24,0.5,14,ADX_30_scaled,1,1.0,0.021199138153637276,0.0,2,entry,8400,16800,15,1120,560,ok,16800,15,1120,560,ok
25,24,0.5,14,ADX_72_scaled,2,1.0,0.01761548093286497,0.0,2,exit,8400,16800,15,1120,560,ok,16800,15,1120,560,ok
25,24,0.5,14,RSI_72_bounded,3,3.0,0.014804735320572027,0.0,2,entry,8400,16800,15,1120,560,ok,16800,15,1120,560,ok
25,24,0.5,14,price_pos_in_range_72_norm,4,3.0,0.011643567760384221,0.0,1,exit,8400,16800,15,1118,559,ok,16800,15,1118,559,ok
25,24,0.5,14,ema_spread_9_21_z,5,4.0,0.01459826209281645,0.0,2,entry,8400,16800,15,1120,560,ok,16800,15,1120,560,ok
25,24,0.5,14,ema_slope_200_z,6,4.0,0.01148464012541106,0.0,2,exit,8400,16800,15,1120,560,ok,16800,15,1120,560,ok
25,24,0.5,14,ema_slope_50_z,7,5.0,0.013215461258090477,0.0,1,entry,8400,16800,15,1120,560,ok,16800,15,1120,560,ok
25,24,0.5,14,volatility_72_sqrt_z,8,6.0,0.011304905274397148,0.0,2,exit,8400,16800,15,1120,560,ok,16800,15,1120,560,ok
25,24,0.5,14,ema_spread_100_200_z,9,6.0,0.011003946724048586,0.0,2,entry,8400,16800,15,1120,560,ok,16800,15,1120,560,ok
25,24,0.5,14,RSI_30_bounded,10,7.0,0.01103872016707741,0.0,1,exit,8400,16800,15,1120,560,ok,16800,15,1120,560,ok
25,24,0.5,14,ema_slope_21_z,11,7.0,0.010213108272013827,0.0,1,entry,8400,16800,15,1120,560,ok,16800,15,1120,560,ok
25,24,0.5,14,bb_width_20_sqrt_z,12,8.0,0.010804759611703685,0.0,1,exit,8400,16800,15,1120,560,ok,16800,15,1120,560,ok
25,24,0.5,14,ema_spread_21_50_z,13,8.0,0.010207262051329713,0.0,1,entry,8400,16800,15,1120,560,ok,16800,15,1120,560,ok
25,24,0.5,14,MACD_hist_pct_z,14,9.0,0.009721067316068921,0.0,1,exit,8400,16800,15,1120,560,ok,16800,15,1120,560,ok
25,24,0.5,20,ADX_30_scaled,1,1.0,0.021199138153637276,0.0,2,entry,8400,16800,15,1120,560,ok,16800,15,1120,560,ok
25,24,0.5,20,ADX_72_scaled,2,1.0,0.01761548093286497,0.0,2,exit,8400,16800,15,1120,560,ok,16800,15,1120,560,ok
25,24,0.5,20,RSI_72_bounded,3,3.0,0.014804735320572027,0.0,2,entry,8400,16800,15,1120,560,ok,16800,15,1120,560,ok
25,24,0.5,20,price_pos_in_range_72_norm,4,3.0,0.011643567760384221,0.0,1,exit,8400,16800,15,1118,559,ok,16800,15,1118,559,ok
25,24,0.5,20,ema_spread_9_21_z,5,4.0,0.01459826209281645,0.0,2,entry,8400,16800,15,1120,560,ok,16800,15,1120,560,ok
25,24,0.5,20,ema_slope_200_z,6,4.0,0.01148464012541106,0.0,2,exit,8400,16800,15,1120,560,ok,16800,15,1120,560,ok
25,24,0.5,20,ema_slope_50_z,7,5.0,0.013215461258090477,0.0,1,entry,8400,16800,15,1120,560,ok,16800,15,1120,560,ok
25,24,0.5,20,volatility_72_sqrt_z,8,6.0,0.011304905274397148,0.0,2,exit,8400,16800,15,1120,560,ok,16800,15,1120,560,ok
25,24,0.5,20,ema_spread_100_200_z,9,6.0,0.011003946724048586,0.0,2,entry,8400,16800,15,1120,560,ok,16800,15,1120,560,ok
25,24,0.5,20,RSI_30_bounded,10,7.0,0.01103872016707741,0.0,1,exit,8400,16800,15,1120,560,ok,16800,15,1120,560,ok
25,24,0.5,20,ema_slope_21_z,11,7.0,0.010213108272013827,0.0,1,entry,8400,16800,15,1120,560,ok,16800,15,1120,560,ok
25,24,0.5,20,bb_width_20_sqrt_z,12,8.0,0.010804759611703685,0.0,1,exit,8400,16800,15,1120,560,ok,16800,15,1120,560,ok
25,24,0.5,20,ema_spread_21_50_z,13,8.0,0.010207262051329713,0.0,1,entry,8400,16800,15,1120,560,ok,16800,15,1120,560,ok
25,24,0.5,20,MACD_hist_pct_z,14,9.0,0.009721067316068921,0.0,1,exit,8400,16800,15,1120,560,ok,16800,15,1120,560,ok
25,24,0.5,20,ema_slope_100_z,15,9.0,0.009721059889538086,0.0,1,entry,8400,16800,15,1120,560,ok,16800,15,1120,560,ok
25,24,0.5,20,dist_to_high_168_sqrt_z,16,10.0,0.009388177996867586,0.0,1,exit,8400,16800,15,1120,560,ok,16800,15,1120,560,ok
25,24,0.5,20,price_pos_in_range_24_norm,17,11.0,0.00905187827187337,0.0,1,exit,8400,16800,15,1120,560,ok,16800,15,1120,560,ok
25,24,0.5,20,dist_ema_200_z,18,11.0,0.008194882327967168,0.0,1,entry,8400,16800,15,1120,560,ok,16800,15,1120,560,ok
25,24,0.5,20,ret_accel_6_24_z,19,12.0,0.00805469894214883,0.0,1,entry,8400,16800,15,1120,560,ok,16800,15,1120,560,ok
25,24,0.5,20,RSI_14_bounded,20,13.0,0.00844588055327572,0.0,1,exit,8400,16800,15,1120,560,ok,16800,15,1120,560,ok
25,24,0.5,26,ADX_30_scaled,1,1.0,0.021199138153637276,0.0,2,entry,8400,16800,15,1120,560,ok,16800,15,1120,560,ok
25,24,0.5,26,ADX_72_scaled,2,1.0,0.01761548093286497,0.0,2,exit,8400,16800,15,1120,560,ok,16800,15,1120,560,ok
25,24,0.5,26,RSI_72_bounded,3,3.0,0.014804735320572027,0.0,2,entry,8400,16800,15,1120,560,ok,16800,15,1120,560,ok
25,24,0.5,26,price_pos_in_range_72_norm,4,3.0,0.011643567760384221,0.0,1,exit,8400,16800,15,1118,559,ok,16800,15,1118,559,ok
25,24,0.5,26,ema_spread_9_21_z,5,4.0,0.01459826209281645,0.0,2,entry,8400,16800,15,1120,560,ok,16800,15,1120,560,ok
25,24,0.5,26,ema_slope_200_z,6,4.0,0.01148464012541106,0.0,2,exit,8400,16800,15,1120,560,ok,16800,15,1120,560,ok
25,24,0.5,26,ema_slope_50_z,7,5.0,0.013215461258090477,0.0,1,entry,8400,16800,15,1120,560,ok,16800,15,1120,560,ok
25,24,0.5,26,volatility_72_sqrt_z,8,6.0,0.011304905274397148,0.0,2,exit,8400,16800,15,1120,560,ok,16800,15,1120,560,ok
25,24,0.5,26,ema_spread_100_200_z,9,6.0,0.011003946724048586,0.0,2,entry,8400,16800,15,1120,560,ok,16800,15,1120,560,ok
25,24,0.5,26,RSI_30_bounded,10,7.0,0.01103872016707741,0.0,1,exit,8400,16800,15,1120,560,ok,16800,15,1120,560,ok
25,24,0.5,26,ema_slope_21_z,11,7.0,0.010213108272013827,0.0,1,entry,8400,16800,15,1120,560,ok,16800,15,1120,560,ok
25,24,0.5,26,bb_width_20_sqrt_z,12,8.0,0.010804759611703685,0.0,1,exit,8400,16800,15,1120,560,ok,16800,15,1120,560,ok
25,24,0.5,26,ema_spread_21_50_z,13,8.0,0.010207262051329713,0.0,1,entry,8400,16800,15,1120,560,ok,16800,15,1120,560,ok
25,24,0.5,26,MACD_hist_pct_z,14,9.0,0.009721067316068921,0.0,1,exit,8400,16800,15,1120,560,ok,16800,15,1120,560,ok
25,24,0.5,26,ema_slope_100_z,15,9.0,0.009721059889538086,0.0,1,entry,8400,16800,15,1120,560,ok,16800,15,1120,560,ok
25,24,0.5,26,dist_to_high_168_sqrt_z,16,10.0,0.009388177996867586,0.0,1,exit,8400,16800,15,1120,560,ok,16800,15,1120,560,ok
25,24,0.5,26,price_pos_in_range_24_norm,17,11.0,0.00905187827187337,0.0,1,exit,8400,16800,15,1120,560,ok,16800,15,1120,560,ok
25,24,0.5,26,dist_ema_200_z,18,11.0,0.008194882327967168,0.0,1,entry,8400,16800,15,1120,560,ok,16800,15,1120,560,ok
25,24,0.5,26,ret_accel_6_24_z,19,12.0,0.00805469894214883,0.0,1,entry,8400,16800,15,1120,560,ok,16800,15,1120,560,ok
25,24,0.5,26,RSI_14_bounded,20,13.0,0.00844588055327572,0.0,1,exit,8400,16800,15,1120,560,ok,16800,15,1120,560,ok
25,24,0.5,26,MOM_pct_30_z,21,13.0,0.008003201622254874,0.0,1,entry,8400,16800,15,1120,560,ok,16800,15,1120,560,ok
25,24,0.5,26,log_ret_24_z,22,15.0,0.007381610755444301,0.0,0,entry,8400,16800,15,1120,560,ok,16800,15,1120,560,ok
25,24,0.5,26,ADX_14_scaled,23,16.0,0.008139566451210778,0.0,0,both_tie,8400,16800,15,1120,560,ok,16800,15,1120,560,ok
25,24,0.5,26,dist_to_high_72_sqrt_z,24,17.0,0.008016181753349727,0.0,0,exit,8400,16800,15,1120,560,ok,16800,15,1120,560,ok
25,24,0.5,26,dist_to_low_72_sqrt_z,25,18.0,0.007987823438063035,0.0,0,exit,8400,16800,15,1120,560,ok,16800,15,1120,560,ok
25,24,0.5,26,vol_ratio_24_log1p_z,26,18.0,0.007059232434621809,0.0,0,entry,8400,16800,15,1120,560,ok,16800,15,1120,560,ok
26,24,0.5,7,ADX_72_scaled,1,1.0,0.044647708872676994,0.0,2,both_tie,8400,16800,15,1120,560,ok,16800,15,1120,560,ok
26,24,0.5,7,ret_accel_24_72_z,2,2.0,0.024389508088465905,0.0,2,entry,8400,16800,15,1120,560,ok,16800,15,1120,560,ok
26,24,0.5,7,ema_spread_100_200_z,3,2.0,0.018960754720001638,0.0,2,exit,8400,16800,15,1120,560,ok,16800,15,1120,560,ok
26,24,0.5,7,RSI_72_bounded,4,3.0,0.019909621455834248,0.0,2,exit,8400,16800,15,1120,560,ok,16800,15,1120,560,ok
26,24,0.5,7,RSI_30_bounded,5,3.0,0.022302802879116734,0.0,1,entry,8400,16800,15,1120,560,ok,16800,15,1120,560,ok
26,24,0.5,7,ema_spread_50_100_z,6,4.0,0.017369072469506086,0.0,2,exit,8400,16800,15,1120,560,ok,16800,15,1120,560,ok
26,24,0.5,7,ADX_30_scaled,7,4.0,0.022039393554838804,0.0,1,entry,8400,16800,15,1120,560,ok,16800,15,1120,560,ok
26,24,0.5,14,ADX_72_scaled,1,1.0,0.044647708872676994,0.0,2,both_tie,8400,16800,15,1120,560,ok,16800,15,1120,560,ok
26,24,0.5,14,ret_accel_24_72_z,2,2.0,0.024389508088465905,0.0,2,entry,8400,16800,15,1120,560,ok,16800,15,1120,560,ok
26,24,0.5,14,ema_spread_100_200_z,3,2.0,0.018960754720001638,0.0,2,exit,8400,16800,15,1120,560,ok,16800,15,1120,560,ok
26,24,0.5,14,RSI_72_bounded,4,3.0,0.019909621455834248,0.0,2,exit,8400,16800,15,1120,560,ok,16800,15,1120,560,ok
26,24,0.5,14,RSI_30_bounded,5,3.0,0.022302802879116734,0.0,1,entry,8400,16800,15,1120,560,ok,16800,15,1120,560,ok
26,24,0.5,14,ema_spread_50_100_z,6,4.0,0.017369072469506086,0.0,2,exit,8400,16800,15,1120,560,ok,16800,15,1120,560,ok
26,24,0.5,14,ADX_30_scaled,7,4.0,0.022039393554838804,0.0,1,entry,8400,16800,15,1120,560,ok,16800,15,1120,560,ok
26,24,0.5,14,RSI_14_bounded,8,5.0,0.02064595056446722,0.0,2,entry,8400,16800,15,1120,560,ok,16800,15,1120,560,ok
26,24,0.5,14,dist_ema_200_z,9,5.0,0.014595702687258238,0.0,1,exit,8400,16800,15,1120,560,ok,16800,15,1120,560,ok
26,24,0.5,14,price_pos_in_range_72_norm,10,6.0,0.007954159306668152,0.0,1,exit,8400,16800,15,1120,560,ok,16800,15,1120,560,ok
26,24,0.5,14,log_ret_168_z,11,7.0,0.011605800043140213,0.0,1,exit,8400,16800,15,1120,560,ok,16800,15,1120,560,ok
26,24,0.5,14,volatility_72_sqrt_z,12,8.0,0.018571197510101167,0.0,1,entry,8400,16800,15,1120,560,ok,16800,15,1120,560,ok
26,24,0.5,14,ret_accel_6_24_z,13,9.0,0.017500135969931052,0.0,2,entry,8400,16800,15,1120,560,ok,16800,15,1120,560,ok
26,24,0.5,14,ema_slope_21_z,14,10.0,0.01741890166521748,0.0,1,entry,8400,16800,15,1120,560,ok,16800,15,1120,560,ok
26,24,0.5,20,ADX_72_scaled,1,1.0,0.044647708872676994,0.0,2,both_tie,8400,16800,15,1120,560,ok,16800,15,1120,560,ok
26,24,0.5,20,ret_accel_24_72_z,2,2.0,0.024389508088465905,0.0,2,entry,8400,16800,15,1120,560,ok,16800,15,1120,560,ok
26,24,0.5,20,ema_spread_100_200_z,3,2.0,0.018960754720001638,0.0,2,exit,8400,16800,15,1120,560,ok,16800,15,1120,560,ok
26,24,0.5,20,RSI_72_bounded,4,3.0,0.019909621455834248,0.0,2,exit,8400,16800,15,1120,560,ok,16800,15,1120,560,ok
26,24,0.5,20,RSI_30_bounded,5,3.0,0.022302802879116734,0.0,1,entry,8400,16800,15,1120,560,ok,16800,15,1120,560,ok
26,24,0.5,20,ema_spread_50_100_z,6,4.0,0.017369072469506086,0.0,2,exit,8400,16800,15,1120,560,ok,16800,15,1120,560,ok
26,24,0.5,20,ADX_30_scaled,7,4.0,0.022039393554838804,0.0,1,entry,8400,16800,15,1120,560,ok,16800,15,1120,560,ok
26,24,0.5,20,RSI_14_bounded,8,5.0,0.02064595056446722,0.0,2,entry,8400,16800,15,1120,560,ok,16800,15,1120,560,ok
26,24,0.5,20,dist_ema_200_z,9,5.0,0.014595702687258238,0.0,1,exit,8400,16800,15,1120,560,ok,16800,15,1120,560,ok
26,24,0.5,20,price_pos_in_range_72_norm,10,6.0,0.007954159306668152,0.0,1,exit,8400,16800,15,1120,560,ok,16800,15,1120,560,ok
26,24,0.5,20,log_ret_168_z,11,7.0,0.011605800043140213,0.0,1,exit,8400,16800,15,1120,560,ok,16800,15,1120,560,ok
26,24,0.5,20,volatility_72_sqrt_z,12,8.0,0.018571197510101167,0.0,1,entry,8400,16800,15,1120,560,ok,16800,15,1120,560,ok
26,24,0.5,20,ret_accel_6_24_z,13,9.0,0.017500135969931052,0.0,2,entry,8400,16800,15,1120,560,ok,16800,15,1120,560,ok
26,24,0.5,20,ema_slope_21_z,14,10.0,0.01741890166521748,0.0,1,entry,8400,16800,15,1120,560,ok,16800,15,1120,560,ok
26,24,0.5,20,price_pos_in_range_168_norm,15,10.0,0.011511998759493047,0.0,1,exit,8400,16800,15,1120,560,ok,16800,15,1120,560,ok
26,24,0.5,20,ema_spread_21_50_z,16,12.0,0.01730397215525692,0.0,1,entry,8400,16800,15,1120,560,ok,16800,15,1120,560,ok
26,24,0.5,20,vol_expansion_72_log1p_z,17,12.0,0.006069671128607623,0.0,1,exit,8400,16800,15,1120,560,ok,16800,15,1120,560,ok
26,24,0.5,20,ema_spread_9_21_z,18,13.0,0.016372805033493976,0.0,1,entry,8400,16800,15,1120,560,ok,16800,15,1120,560,ok
26,24,0.5,20,MOM_pct_30_z,19,13.0,0.012591132872544042,0.0,1,exit,8400,16800,15,1120,560,ok,16800,15,1120,560,ok
26,24,0.5,20,ADX_14_scaled,20,14.0,0.016241023086719764,0.0,1,entry,8400,16800,15,1120,560,ok,16800,15,1120,560,ok
26,24,0.5,26,ADX_72_scaled,1,1.0,0.044647708872676994,0.0,2,both_tie,8400,16800,15,1120,560,ok,16800,15,1120,560,ok
26,24,0.5,26,ret_accel_24_72_z,2,2.0,0.024389508088465905,0.0,2,entry,8400,16800,15,1120,560,ok,16800,15,1120,560,ok
26,24,0.5,26,ema_spread_100_200_z,3,2.0,0.018960754720001638,0.0,2,exit,8400,16800,15,1120,560,ok,16800,15,1120,560,ok
26,24,0.5,26,RSI_72_bounded,4,3.0,0.019909621455834248,0.0,2,exit,8400,16800,15,1120,560,ok,16800,15,1120,560,ok
26,24,0.5,26,RSI_30_bounded,5,3.0,0.022302802879116734,0.0,1,entry,8400,16800,15,1120,560,ok,16800,15,1120,560,ok
26,24,0.5,26,ema_spread_50_100_z,6,4.0,0.017369072469506086,0.0,2,exit,8400,16800,15,1120,560,ok,16800,15,1120,560,ok
26,24,0.5,26,ADX_30_scaled,7,4.0,0.022039393554838804,0.0,1,entry,8400,16800,15,1120,560,ok,16800,15,1120,560,ok
26,24,0.5,26,RSI_14_bounded,8,5.0,0.02064595056446722,0.0,2,entry,8400,16800,15,1120,560,ok,16800,15,1120,560,ok
26,24,0.5,26,dist_ema_200_z,9,5.0,0.014595702687258238,0.0,1,exit,8400,16800,15,1120,560,ok,16800,15,1120,560,ok
26,24,0.5,26,price_pos_in_range_72_norm,10,6.0,0.007954159306668152,0.0,1,exit,8400,16800,15,1120,560,ok,16800,15,1120,560,ok
26,24,0.5,26,log_ret_168_z,11,7.0,0.011605800043140213,0.0,1,exit,8400,16800,15,1120,560,ok,16800,15,1120,560,ok
26,24,0.5,26,volatility_72_sqrt_z,12,8.0,0.018571197510101167,0.0,1,entry,8400,16800,15,1120,560,ok,16800,15,1120,560,ok
26,24,0.5,26,ret_accel_6_24_z,13,9.0,0.017500135969931052,0.0,2,entry,8400,16800,15,1120,560,ok,16800,15,1120,560,ok
26,24,0.5,26,ema_slope_21_z,14,10.0,0.01741890166521748,0.0,1,entry,8400,16800,15,1120,560,ok,16800,15,1120,560,ok
26,24,0.5,26,price_pos_in_range_168_norm,15,10.0,0.011511998759493047,0.0,1,exit,8400,16800,15,1120,560,ok,16800,15,1120,560,ok
26,24,0.5,26,ema_spread_21_50_z,16,12.0,0.01730397215525692,0.0,1,entry,8400,16800,15,1120,560,ok,16800,15,1120,560,ok
26,24,0.5,26,vol_expansion_72_log1p_z,17,12.0,0.006069671128607623,0.0,1,exit,8400,16800,15,1120,560,ok,16800,15,1120,560,ok
26,24,0.5,26,ema_spread_9_21_z,18,13.0,0.016372805033493976,0.0,1,entry,8400,16800,15,1120,560,ok,16800,15,1120,560,ok
26,24,0.5,26,MOM_pct_30_z,19,13.0,0.012591132872544042,0.0,1,exit,8400,16800,15,1120,560,ok,16800,15,1120,560,ok
26,24,0.5,26,ADX_14_scaled,20,14.0,0.016241023086719764,0.0,1,entry,8400,16800,15,1120,560,ok,16800,15,1120,560,ok
26,24,0.5,26,bb_width_20_sqrt_z,21,14.0,0.011029238084867166,0.0,1,exit,8400,16800,15,1120,560,ok,16800,15,1120,560,ok
26,24,0.5,26,volatility_168_sqrt_z,22,16.0,0.014461079604171145,0.0,0,entry,8400,16800,15,1120,560,ok,16800,15,1120,560,ok
26,24,0.5,26,ema_slope_50_z,23,16.0,0.012362872395636604,0.0,0,exit,8400,16800,15,1120,560,ok,16800,15,1120,560,ok
26,24,0.5,26,dist_ema_9_z,24,17.0,0.013458514566889734,0.0,0,entry,8400,16800,15,1120,560,ok,16800,15,1120,560,ok
26,24,0.5,26,ema_slope_100_z,25,18.0,0.012420098807367663,0.0,0,exit,8400,16800,15,1120,560,ok,16800,15,1120,560,ok
26,24,0.5,26,NATR_14_z,26,19.0,0.010629477438289514,0.0,0,exit,8400,16800,15,1120,560,ok,16800,15,1120,560,ok
27,24,0.5,7,RSI_14_bounded,1,1.0,0.02388096847214266,0.0,2,entry,8400,16800,15,1120,560,ok,16800,15,1120,560,ok
27,24,0.5,7,ema_spread_50_100_z,2,1.0,0.0203124554092029,0.0,2,exit,8400,16800,15,1120,560,ok,16800,15,1120,560,ok
27,24,0.5,7,log_ret_72_z,3,2.0,0.023491410227006126,0.0,2,entry,8400,16800,15,1120,560,ok,16800,15,1120,560,ok
27,24,0.5,7,price_pos_in_range_72_norm,4,2.0,0.013822546920626622,0.0,1,exit,8400,16800,15,1120,560,ok,16800,15,1120,560,ok
27,24,0.5,7,RSI_30_bounded,5,3.0,0.02273724250896686,0.0,2,exit,8400,16800,15,1120,560,ok,16800,15,1120,560,ok
27,24,0.5,7,price_pos_in_range_168_norm,6,3.0,0.023097257160668683,0.0,1,entry,8400,16800,15,1120,560,ok,16800,15,1120,560,ok
27,24,0.5,7,ADX_14_scaled,7,4.0,0.022980351058326798,0.0,2,entry,8400,16800,15,1120,560,ok,16800,15,1120,560,ok
27,24,0.5,14,RSI_14_bounded,1,1.0,0.02388096847214266,0.0,2,entry,8400,16800,15,1120,560,ok,16800,15,1120,560,ok
27,24,0.5,14,ema_spread_50_100_z,2,1.0,0.0203124554092029,0.0,2,exit,8400,16800,15,1120,560,ok,16800,15,1120,560,ok
27,24,0.5,14,log_ret_72_z,3,2.0,0.023491410227006126,0.0,2,entry,8400,16800,15,1120,560,ok,16800,15,1120,560,ok
27,24,0.5,14,price_pos_in_range_72_norm,4,2.0,0.013822546920626622,0.0,1,exit,8400,16800,15,1120,560,ok,16800,15,1120,560,ok
27,24,0.5,14,RSI_30_bounded,5,3.0,0.02273724250896686,0.0,2,exit,8400,16800,15,1120,560,ok,16800,15,1120,560,ok
27,24,0.5,14,price_pos_in_range_168_norm,6,3.0,0.023097257160668683,0.0,1,entry,8400,16800,15,1120,560,ok,16800,15,1120,560,ok
27,24,0.5,14,ADX_14_scaled,7,4.0,0.022980351058326798,0.0,2,entry,8400,16800,15,1120,560,ok,16800,15,1120,560,ok
27,24,0.5,14,volatility_24_sqrt_z,8,4.0,0.008983183036974984,0.0,1,exit,8400,16800,15,1120,560,ok,16800,15,1120,560,ok
27,24,0.5,14,MOM_pct_72_z,9,5.0,0.022883093632949103,0.0,2,entry,8400,16800,15,1120,560,ok,16800,15,1120,560,ok
27,24,0.5,14,ema_spread_100_200_z,10,7.0,0.021203828446965167,0.0,1,entry,8400,16800,15,1120,560,ok,16800,15,1120,560,ok
27,24,0.5,14,log_ret_168_z,11,7.0,0.01486062776284236,0.0,1,exit,8400,16800,15,1120,560,ok,16800,15,1120,560,ok
27,24,0.5,14,RSI_72_bounded,12,8.0,0.02042963864302877,0.0,1,entry,8400,16800,15,1120,560,ok,16800,15,1120,560,ok
27,24,0.5,14,NATR_14_z,13,9.0,0.013636044881106202,0.0,1,exit,8400,16800,15,1120,560,ok,16800,15,1120,560,ok
27,24,0.5,14,dist_to_low_168_sqrt_z,14,10.0,0.019136369873589743,0.0,1,entry,8400,16800,15,1120,560,ok,16800,15,1120,560,ok
27,24,0.5,20,RSI_14_bounded,1,1.0,0.02388096847214266,0.0,2,entry,8400,16800,15,1120,560,ok,16800,15,1120,560,ok
27,24,0.5,20,ema_spread_50_100_z,2,1.0,0.0203124554092029,0.0,2,exit,8400,16800,15,1120,560,ok,16800,15,1120,560,ok
27,24,0.5,20,log_ret_72_z,3,2.0,0.023491410227006126,0.0,2,entry,8400,16800,15,1120,560,ok,16800,15,1120,560,ok
27,24,0.5,20,price_pos_in_range_72_norm,4,2.0,0.013822546920626622,0.0,1,exit,8400,16800,15,1120,560,ok,16800,15,1120,560,ok
27,24,0.5,20,RSI_30_bounded,5,3.0,0.02273724250896686,0.0,2,exit,8400,16800,15,1120,560,ok,16800,15,1120,560,ok
27,24,0.5,20,price_pos_in_range_168_norm,6,3.0,0.023097257160668683,0.0,1,entry,8400,16800,15,1120,560,ok,16800,15,1120,560,ok
27,24,0.5,20,ADX_14_scaled,7,4.0,0.022980351058326798,0.0,2,entry,8400,16800,15,1120,560,ok,16800,15,1120,560,ok
27,24,0.5,20,volatility_24_sqrt_z,8,4.0,0.008983183036974984,0.0,1,exit,8400,16800,15,1120,560,ok,16800,15,1120,560,ok
27,24,0.5,20,MOM_pct_72_z,9,5.0,0.022883093632949103,0.0,2,entry,8400,16800,15,1120,560,ok,16800,15,1120,560,ok
27,24,0.5,20,ema_spread_100_200_z,10,7.0,0.021203828446965167,0.0,1,entry,8400,16800,15,1120,560,ok,16800,15,1120,560,ok
27,24,0.5,20,log_ret_168_z,11,7.0,0.01486062776284236,0.0,1,exit,8400,16800,15,1120,560,ok,16800,15,1120,560,ok
27,24,0.5,20,RSI_72_bounded,12,8.0,0.02042963864302877,0.0,1,entry,8400,16800,15,1120,560,ok,16800,15,1120,560,ok
27,24,0.5,20,NATR_14_z,13,9.0,0.013636044881106202,0.0,1,exit,8400,16800,15,1120,560,ok,16800,15,1120,560,ok
27,24,0.5,20,dist_to_low_168_sqrt_z,14,10.0,0.019136369873589743,0.0,1,entry,8400,16800,15,1120,560,ok,16800,15,1120,560,ok
27,24,0.5,20,dist_to_high_168_sqrt_z,15,10.0,0.015956658145162006,0.0,1,exit,8400,16800,15,1120,560,ok,16800,15,1120,560,ok
27,24,0.5,20,dist_to_high_72_sqrt_z,16,11.0,0.019055283710971427,0.0,1,entry,8400,16800,15,1120,560,ok,16800,15,1120,560,ok
27,24,0.5,20,ADX_30_scaled,17,11.0,0.01798107081341971,0.0,1,exit,8400,16800,15,1120,560,ok,16800,15,1120,560,ok
27,24,0.5,20,ADX_72_scaled,18,12.0,0.018477794276507697,0.0,2,entry,8400,16800,15,1120,560,ok,16800,15,1120,560,ok
27,24,0.5,20,bb_pos_20_norm,19,13.0,0.018300069533434382,0.0,1,entry,8400,16800,15,1120,560,ok,16800,15,1120,560,ok
27,24,0.5,20,ret_accel_24_72_z,20,14.0,0.01809733393901891,0.0,2,both_tie,8400,16800,15,1120,560,ok,16800,15,1120,560,ok
27,24,0.5,26,RSI_14_bounded,1,1.0,0.02388096847214266,0.0,2,entry,8400,16800,15,1120,560,ok,16800,15,1120,560,ok
27,24,0.5,26,ema_spread_50_100_z,2,1.0,0.0203124554092029,0.0,2,exit,8400,16800,15,1120,560,ok,16800,15,1120,560,ok
27,24,0.5,26,log_ret_72_z,3,2.0,0.023491410227006126,0.0,2,entry,8400,16800,15,1120,560,ok,16800,15,1120,560,ok
27,24,0.5,26,price_pos_in_range_72_norm,4,2.0,0.013822546920626622,0.0,1,exit,8400,16800,15,1120,560,ok,16800,15,1120,560,ok
27,24,0.5,26,RSI_30_bounded,5,3.0,0.02273724250896686,0.0,2,exit,8400,16800,15,1120,560,ok,16800,15,1120,560,ok
27,24,0.5,26,price_pos_in_range_168_norm,6,3.0,0.023097257160668683,0.0,1,entry,8400,16800,15,1120,560,ok,16800,15,1120,560,ok
27,24,0.5,26,ADX_14_scaled,7,4.0,0.022980351058326798,0.0,2,entry,8400,16800,15,1120,560,ok,16800,15,1120,560,ok
27,24,0.5,26,volatility_24_sqrt_z,8,4.0,0.008983183036974984,0.0,1,exit,8400,16800,15,1120,560,ok,16800,15,1120,560,ok
27,24,0.5,26,MOM_pct_72_z,9,5.0,0.022883093632949103,0.0,2,entry,8400,16800,15,1120,560,ok,16800,15,1120,560,ok
27,24,0.5,26,ema_spread_100_200_z,10,7.0,0.021203828446965167,0.0,1,entry,8400,16800,15,1120,560,ok,16800,15,1120,560,ok
27,24,0.5,26,log_ret_168_z,11,7.0,0.01486062776284236,0.0,1,exit,8400,16800,15,1120,560,ok,16800,15,1120,560,ok
27,24,0.5,26,RSI_72_bounded,12,8.0,0.02042963864302877,0.0,1,entry,8400,16800,15,1120,560,ok,16800,15,1120,560,ok
27,24,0.5,26,NATR_14_z,13,9.0,0.013636044881106202,0.0,1,exit,8400,16800,15,1120,560,ok,16800,15,1120,560,ok
27,24,0.5,26,dist_to_low_168_sqrt_z,14,10.0,0.019136369873589743,0.0,1,entry,8400,16800,15,1120,560,ok,16800,15,1120,560,ok
27,24,0.5,26,dist_to_high_168_sqrt_z,15,10.0,0.015956658145162006,0.0,1,exit,8400,16800,15,1120,560,ok,16800,15,1120,560,ok
27,24,0.5,26,dist_to_high_72_sqrt_z,16,11.0,0.019055283710971427,0.0,1,entry,8400,16800,15,1120,560,ok,16800,15,1120,560,ok
27,24,0.5,26,ADX_30_scaled,17,11.0,0.01798107081341971,0.0,1,exit,8400,16800,15,1120,560,ok,16800,15,1120,560,ok
27,24,0.5,26,ADX_72_scaled,18,12.0,0.018477794276507697,0.0,2,entry,8400,16800,15,1120,560,ok,16800,15,1120,560,ok
27,24,0.5,26,bb_pos_20_norm,19,13.0,0.018300069533434382,0.0,1,entry,8400,16800,15,1120,560,ok,16800,15,1120,560,ok
27,24,0.5,26,ret_accel_24_72_z,20,14.0,0.01809733393901891,0.0,2,both_tie,8400,16800,15,1120,560,ok,16800,15,1120,560,ok
27,24,0.5,26,ema_slope_50_z,21,16.0,0.016348542344461647,0.0,0,entry,8400,16800,15,1120,560,ok,16800,15,1120,560,ok
27,24,0.5,26,ema_spread_21_50_z,22,16.0,0.0066948874637349776,0.0,0,exit,8400,16800,15,1120,560,ok,16800,15,1120,560,ok
27,24,0.5,26,dist_ema_200_z,23,17.0,0.01148816048532747,0.0,0,exit,8400,16800,15,1120,560,ok,16800,15,1120,560,ok
27,24,0.5,26,range_sqrt_z,24,18.0,0.015224620041752568,0.0,0,entry,8400,16800,15,1120,560,ok,16800,15,1120,560,ok
27,24,0.5,26,vol_expansion_168_log1p_z,25,20.0,0.01471679787914526,0.0,0,entry,8400,16800,15,1120,560,ok,16800,15,1120,560,ok
27,24,0.5,26,log_ret_6_z,26,20.0,0.006606910760904083,0.0,0,exit,8400,16800,15,1120,560,ok,16800,15,1120,560,ok
28,24,0.5,7,ema_slope_21_z,1,1.0,0.025907092590696457,0.0,1,entry,8400,16800,15,1120,560,ok,16800,15,1120,560,ok
28,24,0.5,7,ADX_72_scaled,2,1.0,0.017334417968401405,0.0,1,exit,8400,16800,15,1120,560,ok,16800,15,1120,560,ok
28,24,0.5,7,MACD_hist_pct_z,3,2.0,0.024689730866222392,0.0,2,entry,8400,16800,15,1120,560,ok,16800,15,1120,560,ok
28,24,0.5,7,ema_spread_100_200_z,4,2.0,0.019084263236219423,0.0,2,exit,8400,16800,15,1120,560,ok,16800,15,1120,560,ok
28,24,0.5,7,ADX_30_scaled,5,3.0,0.022671533361306728,0.0,2,entry,8400,16800,15,1120,560,ok,16800,15,1120,560,ok
28,24,0.5,7,volatility_24_sqrt_z,6,3.0,0.01163637859619926,0.0,1,exit,8400,16800,15,1120,560,ok,16800,15,1120,560,ok
28,24,0.5,7,ema_spread_9_21_z,7,4.0,0.021261535959660238,0.0,2,entry,8400,16800,15,1120,560,ok,16800,15,1120,560,ok
28,24,0.5,14,ema_slope_21_z,1,1.0,0.025907092590696457,0.0,1,entry,8400,16800,15,1120,560,ok,16800,15,1120,560,ok
28,24,0.5,14,ADX_72_scaled,2,1.0,0.017334417968401405,0.0,1,exit,8400,16800,15,1120,560,ok,16800,15,1120,560,ok
28,24,0.5,14,MACD_hist_pct_z,3,2.0,0.024689730866222392,0.0,2,entry,8400,16800,15,1120,560,ok,16800,15,1120,560,ok
28,24,0.5,14,ema_spread_100_200_z,4,2.0,0.019084263236219423,0.0,2,exit,8400,16800,15,1120,560,ok,16800,15,1120,560,ok
28,24,0.5,14,ADX_30_scaled,5,3.0,0.022671533361306728,0.0,2,entry,8400,16800,15,1120,560,ok,16800,15,1120,560,ok
28,24,0.5,14,volatility_24_sqrt_z,6,3.0,0.01163637859619926,0.0,1,exit,8400,16800,15,1120,560,ok,16800,15,1120,560,ok
28,24,0.5,14,ema_spread_9_21_z,7,4.0,0.021261535959660238,0.0,2,entry,8400,16800,15,1120,560,ok,16800,15,1120,560,ok
28,24,0.5,14,ema_spread_50_100_z,8,4.0,0.010967836872463,0.0,1,exit,8400,16800,15,1120,560,ok,16800,15,1120,560,ok
28,24,0.5,14,ema_slope_9_z,9,5.0,0.020973408017378126,0.0,2,entry,8400,16800,15,1120,560,ok,16800,15,1120,560,ok
28,24,0.5,14,dist_to_high_24_sqrt_z,10,5.0,0.0207854085090195,0.0,2,exit,8400,16800,15,1120,560,ok,16800,15,1120,560,ok
28,24,0.5,14,price_pos_in_range_168_norm,11,6.0,0.010035169684112055,0.0,1,exit,8400,16800,15,1118,559,ok,16800,15,1118,559,ok
28,24,0.5,14,ema_spread_21_50_z,12,7.0,0.020609403896035272,0.0,1,entry,8400,16800,15,1120,560,ok,16800,15,1120,560,ok
28,24,0.5,14,RSI_14_bounded,13,7.0,0.01126937716721299,0.0,1,exit,8400,16800,15,1120,560,ok,16800,15,1120,560,ok
28,24,0.5,14,volatility_168_sqrt_z,14,8.0,0.020450890322268267,0.0,1,entry,8400,16800,15,1120,560,ok,16800,15,1120,560,ok
28,24,0.5,20,ema_slope_21_z,1,1.0,0.025907092590696457,0.0,1,entry,8400,16800,15,1120,560,ok,16800,15,1120,560,ok
28,24,0.5,20,ADX_72_scaled,2,1.0,0.017334417968401405,0.0,1,exit,8400,16800,15,1120,560,ok,16800,15,1120,560,ok
28,24,0.5,20,MACD_hist_pct_z,3,2.0,0.024689730866222392,0.0,2,entry,8400,16800,15,1120,560,ok,16800,15,1120,560,ok
28,24,0.5,20,ema_spread_100_200_z,4,2.0,0.019084263236219423,0.0,2,exit,8400,16800,15,1120,560,ok,16800,15,1120,560,ok
28,24,0.5,20,ADX_30_scaled,5,3.0,0.022671533361306728,0.0,2,entry,8400,16800,15,1120,560,ok,16800,15,1120,560,ok
28,24,0.5,20,volatility_24_sqrt_z,6,3.0,0.01163637859619926,0.0,1,exit,8400,16800,15,1120,560,ok,16800,15,1120,560,ok
28,24,0.5,20,ema_spread_9_21_z,7,4.0,0.021261535959660238,0.0,2,entry,8400,16800,15,1120,560,ok,16800,15,1120,560,ok
28,24,0.5,20,ema_spread_50_100_z,8,4.0,0.010967836872463,0.0,1,exit,8400,16800,15,1120,560,ok,16800,15,1120,560,ok
28,24,0.5,20,ema_slope_9_z,9,5.0,0.020973408017378126,0.0,2,entry,8400,16800,15,1120,560,ok,16800,15,1120,560,ok
28,24,0.5,20,dist_to_high_24_sqrt_z,10,5.0,0.0207854085090195,0.0,2,exit,8400,16800,15,1120,560,ok,16800,15,1120,560,ok
28,24,0.5,20,price_pos_in_range_168_norm,11,6.0,0.010035169684112055,0.0,1,exit,8400,16800,15,1118,559,ok,16800,15,1118,559,ok
28,24,0.5,20,ema_spread_21_50_z,12,7.0,0.020609403896035272,0.0,1,entry,8400,16800,15,1120,560,ok,16800,15,1120,560,ok
28,24,0.5,20,RSI_14_bounded,13,7.0,0.01126937716721299,0.0,1,exit,8400,16800,15,1120,560,ok,16800,15,1120,560,ok
28,24,0.5,20,volatility_168_sqrt_z,14,8.0,0.020450890322268267,0.0,1,entry,8400,16800,15,1120,560,ok,16800,15,1120,560,ok
28,24,0.5,20,RSI_30_bounded,15,8.0,0.013446200679792575,0.0,1,exit,8400,16800,15,1120,560,ok,16800,15,1120,560,ok
28,24,0.5,20,dist_to_low_24_sqrt_z,16,9.0,0.020146071144174937,0.0,2,entry,8400,16800,15,1120,560,ok,16800,15,1120,560,ok
28,24,0.5,20,MOM_pct_14_z,17,11.0,0.018306405539033344,0.0,1,entry,8400,16800,15,1120,560,ok,16800,15,1120,560,ok
28,24,0.5,20,ema_slope_50_z,18,12.0,0.01780716439524538,0.0,2,exit,8400,16800,15,1120,560,ok,16800,15,1120,560,ok
28,24,0.5,20,log_ret_24_z,19,12.0,0.018008656598767547,0.0,1,entry,8400,16800,15,1120,560,ok,16800,15,1120,560,ok
28,24,0.5,20,RSI_72_bounded,20,14.0,0.017645157799898392,0.0,1,entry,8400,16800,15,1120,560,ok,16800,15,1120,560,ok
28,24,0.5,26,ema_slope_21_z,1,1.0,0.025907092590696457,0.0,1,entry,8400,16800,15,1120,560,ok,16800,15,1120,560,ok
28,24,0.5,26,ADX_72_scaled,2,1.0,0.017334417968401405,0.0,1,exit,8400,16800,15,1120,560,ok,16800,15,1120,560,ok
28,24,0.5,26,MACD_hist_pct_z,3,2.0,0.024689730866222392,0.0,2,entry,8400,16800,15,1120,560,ok,16800,15,1120,560,ok
28,24,0.5,26,ema_spread_100_200_z,4,2.0,0.019084263236219423,0.0,2,exit,8400,16800,15,1120,560,ok,16800,15,1120,560,ok
28,24,0.5,26,ADX_30_scaled,5,3.0,0.022671533361306728,0.0,2,entry,8400,16800,15,1120,560,ok,16800,15,1120,560,ok
28,24,0.5,26,volatility_24_sqrt_z,6,3.0,0.01163637859619926,0.0,1,exit,8400,16800,15,1120,560,ok,16800,15,1120,560,ok
28,24,0.5,26,ema_spread_9_21_z,7,4.0,0.021261535959660238,0.0,2,entry,8400,16800,15,1120,560,ok,16800,15,1120,560,ok
28,24,0.5,26,ema_spread_50_100_z,8,4.0,0.010967836872463,0.0,1,exit,8400,16800,15,1120,560,ok,16800,15,1120,560,ok
28,24,0.5,26,ema_slope_9_z,9,5.0,0.020973408017378126,0.0,2,entry,8400,16800,15,1120,560,ok,16800,15,1120,560,ok
28,24,0.5,26,dist_to_high_24_sqrt_z,10,5.0,0.0207854085090195,0.0,2,exit,8400,16800,15,1120,560,ok,16800,15,1120,560,ok
28,24,0.5,26,price_pos_in_range_168_norm,11,6.0,0.010035169684112055,0.0,1,exit,8400,16800,15,1118,559,ok,16800,15,1118,559,ok
28,24,0.5,26,ema_spread_21_50_z,12,7.0,0.020609403896035272,0.0,1,entry,8400,16800,15,1120,560,ok,16800,15,1120,560,ok
28,24,0.5,26,RSI_14_bounded,13,7.0,0.01126937716721299,0.0,1,exit,8400,16800,15,1120,560,ok,16800,15,1120,560,ok
28,24,0.5,26,volatility_168_sqrt_z,14,8.0,0.020450890322268267,0.0,1,entry,8400,16800,15,1120,560,ok,16800,15,1120,560,ok
28,24,0.5,26,RSI_30_bounded,15,8.0,0.013446200679792575,0.0,1,exit,8400,16800,15,1120,560,ok,16800,15,1120,560,ok
28,24,0.5,26,dist_to_low_24_sqrt_z,16,9.0,0.020146071144174937,0.0,2,entry,8400,16800,15,1120,560,ok,16800,15,1120,560,ok
28,24,0.5,26,MOM_pct_14_z,17,11.0,0.018306405539033344,0.0,1,entry,8400,16800,15,1120,560,ok,16800,15,1120,560,ok
28,24,0.5,26,ema_slope_50_z,18,12.0,0.01780716439524538,0.0,2,exit,8400,16800,15,1120,560,ok,16800,15,1120,560,ok
28,24,0.5,26,log_ret_24_z,19,12.0,0.018008656598767547,0.0,1,entry,8400,16800,15,1120,560,ok,16800,15,1120,560,ok
28,24,0.5,26,RSI_72_bounded,20,14.0,0.017645157799898392,0.0,1,entry,8400,16800,15,1120,560,ok,16800,15,1120,560,ok
28,24,0.5,26,price_pos_in_range_72_norm,21,15.0,0.008709557976179338,0.0,0,exit,8400,16800,15,1120,560,ok,16800,15,1120,560,ok
28,24,0.5,26,ema_slope_100_z,22,16.0,0.016570384362501245,0.0,0,entry,8400,16800,15,1120,560,ok,16800,15,1120,560,ok
28,24,0.5,26,vol_ratio_168_log1p_z,23,16.0,0.004732073229266165,0.0,0,exit,8400,16800,15,1120,560,ok,16800,15,1120,560,ok
28,24,0.5,26,ret_accel_6_24_z,24,17.0,0.01655285631288389,0.0,0,entry,8400,16800,15,1120,560,ok,16800,15,1120,560,ok
28,24,0.5,26,MOM_pct_30_z,25,18.0,0.015555151886009255,0.0,0,entry,8400,16800,15,1120,560,ok,16800,15,1120,560,ok
28,24,0.5,26,dist_to_low_72_sqrt_z,26,19.0,0.015323993926774027,0.0,0,entry,8400,16800,15,1120,560,ok,16800,15,1120,560,ok
29,24,0.5,7,price_pos_in_range_168_norm,1,1.0,0.021949887793764056,0.0,2,exit,8400,16800,15,1118,559,ok,16800,15,1118,559,ok
29,24,0.5,7,ADX_72_scaled,2,1.0,0.019162622958571962,0.0,2,entry,8400,16800,15,1120,560,ok,16800,15,1120,560,ok
29,24,0.5,7,ema_slope_50_z,3,2.0,0.015431041951042612,0.0,2,entry,8400,16800,15,1120,560,ok,16800,15,1120,560,ok
29,24,0.5,7,ema_spread_50_100_z,4,3.0,0.014296182025886728,0.0,1,exit,8400,16800,15,1120,560,ok,16800,15,1120,560,ok
29,24,0.5,7,RSI_30_bounded,5,4.0,0.012807690122557891,0.0,2,entry,8400,16800,15,1120,560,ok,16800,15,1120,560,ok
29,24,0.5,7,dist_ema_200_z,6,4.0,0.013996867621097087,0.0,1,exit,8400,16800,15,1120,560,ok,16800,15,1120,560,ok
29,24,0.5,7,ema_spread_9_21_z,7,5.0,0.010820268696300261,0.0,1,entry,8400,16800,15,1120,560,ok,16800,15,1120,560,ok
29,24,0.5,14,price_pos_in_range_168_norm,1,1.0,0.021949887793764056,0.0,2,exit,8400,16800,15,1118,559,ok,16800,15,1118,559,ok
29,24,0.5,14,ADX_72_scaled,2,1.0,0.019162622958571962,0.0,2,entry,8400,16800,15,1120,560,ok,16800,15,1120,560,ok
29,24,0.5,14,ema_slope_50_z,3,2.0,0.015431041951042612,0.0,2,entry,8400,16800,15,1120,560,ok,16800,15,1120,560,ok
29,24,0.5,14,ema_spread_50_100_z,4,3.0,0.014296182025886728,0.0,1,exit,8400,16800,15,1120,560,ok,16800,15,1120,560,ok
29,24,0.5,14,RSI_30_bounded,5,4.0,0.012807690122557891,0.0,2,entry,8400,16800,15,1120,560,ok,16800,15,1120,560,ok
29,24,0.5,14,dist_ema_200_z,6,4.0,0.013996867621097087,0.0,1,exit,8400,16800,15,1120,560,ok,16800,15,1120,560,ok
29,24,0.5,14,ema_spread_9_21_z,7,5.0,0.010820268696300261,0.0,1,entry,8400,16800,15,1120,560,ok,16800,15,1120,560,ok
29,24,0.5,14,ema_slope_200_z,8,6.0,0.012089817480266218,0.0,2,exit,8400,16800,15,1120,560,ok,16800,15,1120,560,ok
29,24,0.5,14,ema_slope_100_z,9,6.0,0.01083565271814707,0.0,2,entry,8400,16800,15,1120,560,ok,16800,15,1120,560,ok
29,24,0.5,14,RSI_14_bounded,10,7.0,0.011313257813507838,0.0,2,exit,8400,16800,15,1120,560,ok,16800,15,1120,560,ok
29,24,0.5,14,ADX_30_scaled,11,7.0,0.010394337263184839,0.0,1,entry,8400,16800,15,1120,560,ok,16800,15,1120,560,ok
29,24,0.5,14,ema_slope_21_z,12,8.0,0.01025459920571048,0.0,1,entry,8400,16800,15,1120,560,ok,16800,15,1120,560,ok
29,24,0.5,14,dist_to_high_168_sqrt_z,13,10.0,0.01080175608235956,0.0,1,exit,8400,16800,15,1120,560,ok,16800,15,1120,560,ok
29,24,0.5,14,volatility_24_sqrt_z,14,11.0,0.010547438714583135,0.0,1,exit,8400,16800,15,1120,560,ok,16800,15,1120,560,ok
29,24,0.5,20,price_pos_in_range_168_norm,1,1.0,0.021949887793764056,0.0,2,exit,8400,16800,15,1118,559,ok,16800,15,1118,559,ok
29,24,0.5,20,ADX_72_scaled,2,1.0,0.019162622958571962,0.0,2,entry,8400,16800,15,1120,560,ok,16800,15,1120,560,ok
29,24,0.5,20,ema_slope_50_z,3,2.0,0.015431041951042612,0.0,2,entry,8400,16800,15,1120,560,ok,16800,15,1120,560,ok
29,24,0.5,20,ema_spread_50_100_z,4,3.0,0.014296182025886728,0.0,1,exit,8400,16800,15,1120,560,ok,16800,15,1120,560,ok
29,24,0.5,20,RSI_30_bounded,5,4.0,0.012807690122557891,0.0,2,entry,8400,16800,15,1120,560,ok,16800,15,1120,560,ok
29,24,0.5,20,dist_ema_200_z,6,4.0,0.013996867621097087,0.0,1,exit,8400,16800,15,1120,560,ok,16800,15,1120,560,ok
29,24,0.5,20,ema_spread_9_21_z,7,5.0,0.010820268696300261,0.0,1,entry,8400,16800,15,1120,560,ok,16800,15,1120,560,ok
29,24,0.5,20,ema_slope_200_z,8,6.0,0.012089817480266218,0.0,2,exit,8400,16800,15,1120,560,ok,16800,15,1120,560,ok
29,24,0.5,20,ema_slope_100_z,9,6.0,0.01083565271814707,0.0,2,entry,8400,16800,15,1120,560,ok,16800,15,1120,560,ok
29,24,0.5,20,RSI_14_bounded,10,7.0,0.011313257813507838,0.0,2,exit,8400,16800,15,1120,560,ok,16800,15,1120,560,ok
29,24,0.5,20,ADX_30_scaled,11,7.0,0.010394337263184839,0.0,1,entry,8400,16800,15,1120,560,ok,16800,15,1120,560,ok
29,24,0.5,20,ema_slope_21_z,12,8.0,0.01025459920571048,0.0,1,entry,8400,16800,15,1120,560,ok,16800,15,1120,560,ok
29,24,0.5,20,dist_to_high_168_sqrt_z,13,10.0,0.01080175608235956,0.0,1,exit,8400,16800,15,1120,560,ok,16800,15,1120,560,ok
29,24,0.5,20,volatility_24_sqrt_z,14,11.0,0.010547438714583135,0.0,1,exit,8400,16800,15,1120,560,ok,16800,15,1120,560,ok
29,24,0.5,20,RSI_72_bounded,15,11.0,0.008458606941789792,0.0,1,entry,8400,16800,15,1120,560,ok,16800,15,1120,560,ok
29,24,0.5,20,log_ret_168_z,16,12.0,0.01053551790749141,0.0,1,exit,8400,16800,15,1120,560,ok,16800,15,1120,560,ok
29,24,0.5,20,vol_ratio_24_log1p_z,17,12.0,0.00830839763559188,0.0,1,entry,8400,16800,15,1120,560,ok,16800,15,1120,560,ok
29,24,0.5,20,bb_width_20_sqrt_z,18,13.0,0.010495055663506059,0.0,2,exit,8400,16800,15,1120,560,ok,16800,15,1120,560,ok
29,24,0.5,20,log_ret_6_z,19,13.0,0.008146635103542299,0.0,1,entry,8400,16800,15,1120,560,ok,16800,15,1120,560,ok
29,24,0.5,20,dist_ema_100_z,20,14.0,0.00923346119274815,0.0,1,exit,8400,16800,15,1120,560,ok,16800,15,1120,560,ok
29,24,0.5,26,price_pos_in_range_168_norm,1,1.0,0.021949887793764056,0.0,2,exit,8400,16800,15,1118,559,ok,16800,15,1118,559,ok
29,24,0.5,26,ADX_72_scaled,2,1.0,0.019162622958571962,0.0,2,entry,8400,16800,15,1120,560,ok,16800,15,1120,560,ok
29,24,0.5,26,ema_slope_50_z,3,2.0,0.015431041951042612,0.0,2,entry,8400,16800,15,1120,560,ok,16800,15,1120,560,ok
29,24,0.5,26,ema_spread_50_100_z,4,3.0,0.014296182025886728,0.0,1,exit,8400,16800,15,1120,560,ok,16800,15,1120,560,ok
29,24,0.5,26,RSI_30_bounded,5,4.0,0.012807690122557891,0.0,2,entry,8400,16800,15,1120,560,ok,16800,15,1120,560,ok
29,24,0.5,26,dist_ema_200_z,6,4.0,0.013996867621097087,0.0,1,exit,8400,16800,15,1120,560,ok,16800,15,1120,560,ok
29,24,0.5,26,ema_spread_9_21_z,7,5.0,0.010820268696300261,0.0,1,entry,8400,16800,15,1120,560,ok,16800,15,1120,560,ok
29,24,0.5,26,ema_slope_200_z,8,6.0,0.012089817480266218,0.0,2,exit,8400,16800,15,1120,560,ok,16800,15,1120,560,ok
29,24,0.5,26,ema_slope_100_z,9,6.0,0.01083565271814707,0.0,2,entry,8400,16800,15,1120,560,ok,16800,15,1120,560,ok
29,24,0.5,26,RSI_14_bounded,10,7.0,0.011313257813507838,0.0,2,exit,8400,16800,15,1120,560,ok,16800,15,1120,560,ok
29,24,0.5,26,ADX_30_scaled,11,7.0,0.010394337263184839,0.0,1,entry,8400,16800,15,1120,560,ok,16800,15,1120,560,ok
29,24,0.5,26,ema_slope_21_z,12,8.0,0.01025459920571048,0.0,1,entry,8400,16800,15,1120,560,ok,16800,15,1120,560,ok
29,24,0.5,26,dist_to_high_168_sqrt_z,13,10.0,0.01080175608235956,0.0,1,exit,8400,16800,15,1120,560,ok,16800,15,1120,560,ok
29,24,0.5,26,volatility_24_sqrt_z,14,11.0,0.010547438714583135,0.0,1,exit,8400,16800,15,1120,560,ok,16800,15,1120,560,ok
29,24,0.5,26,RSI_72_bounded,15,11.0,0.008458606941789792,0.0,1,entry,8400,16800,15,1120,560,ok,16800,15,1120,560,ok
29,24,0.5,26,log_ret_168_z,16,12.0,0.01053551790749141,0.0,1,exit,8400,16800,15,1120,560,ok,16800,15,1120,560,ok
29,24,0.5,26,vol_ratio_24_log1p_z,17,12.0,0.00830839763559188,0.0,1,entry,8400,16800,15,1120,560,ok,16800,15,1120,560,ok
29,24,0.5,26,bb_width_20_sqrt_z,18,13.0,0.010495055663506059,0.0,2,exit,8400,16800,15,1120,560,ok,16800,15,1120,560,ok
29,24,0.5,26,log_ret_6_z,19,13.0,0.008146635103542299,0.0,1,entry,8400,16800,15,1120,560,ok,16800,15,1120,560,ok
29,24,0.5,26,dist_ema_100_z,20,14.0,0.00923346119274815,0.0,1,exit,8400,16800,15,1120,560,ok,16800,15,1120,560,ok
29,24,0.5,26,bb_pos_20_norm,21,15.0,0.008844568300635236,0.0,0,exit,8400,16800,15,1120,560,ok,16800,15,1120,560,ok
29,24,0.5,26,volatility_72_sqrt_z,22,17.0,0.006570680343760293,0.0,0,entry,8400,16800,15,1120,560,ok,16800,15,1120,560,ok
29,24,0.5,26,ema_slope_9_z,23,18.0,0.006076776617825186,0.0,0,exit,8400,16800,15,1120,560,ok,16800,15,1120,560,ok
29,24,0.5,26,dist_ema_50_z,24,18.0,0.006068301187288849,0.0,0,entry,8400,16800,15,1120,560,ok,16800,15,1120,560,ok
29,24,0.5,26,dist_to_low_72_sqrt_z,25,19.0,0.006019547180413309,0.0,0,entry,8400,16800,15,1120,560,ok,16800,15,1120,560,ok
29,24,0.5,26,NATR_14_z,26,19.0,0.005953223391835238,0.0,0,exit,8400,16800,15,1120,560,ok,16800,15,1120,560,ok
30,24,0.5,7,ADX_30_scaled,1,1.0,0.03254891844576108,0.0,2,both_tie,8400,16800,15,1120,560,ok,16800,15,1120,560,ok
30,24,0.5,7,ADX_72_scaled,2,2.0,0.025159766880031686,0.0,2,both_tie,8400,16800,15,1120,560,ok,16800,15,1120,560,ok
30,24,0.5,7,RSI_30_bounded,3,3.0,0.02176910319394537,0.0,2,entry,8400,16800,15,1120,560,ok,16800,15,1120,560,ok
30,24,0.5,7,ema_spread_100_200_z,4,3.0,0.018681655270115005,0.0,2,exit,8400,16800,15,1120,560,ok,16800,15,1120,560,ok
30,24,0.5,7,ema_spread_50_100_z,5,4.0,0.010566306921352742,0.0,1,exit,8400,16800,15,1120,560,ok,16800,15,1120,560,ok
30,24,0.5,7,RSI_14_bounded,6,5.0,0.018283361058826997,0.0,2,entry,8400,16800,15,1120,560,ok,16800,15,1120,560,ok
30,24,0.5,7,volatility_72_sqrt_z,7,5.0,0.0180119512044285,0.0,2,exit,8400,16800,15,1120,560,ok,16800,15,1120,560,ok
30,24,0.5,14,ADX_30_scaled,1,1.0,0.03254891844576108,0.0,2,both_tie,8400,16800,15,1120,560,ok,16800,15,1120,560,ok
30,24,0.5,14,ADX_72_scaled,2,2.0,0.025159766880031686,0.0,2,both_tie,8400,16800,15,1120,560,ok,16800,15,1120,560,ok
30,24,0.5,14,RSI_30_bounded,3,3.0,0.02176910319394537,0.0,2,entry,8400,16800,15,1120,560,ok,16800,15,1120,560,ok
30,24,0.5,14,ema_spread_100_200_z,4,3.0,0.018681655270115005,0.0,2,exit,8400,16800,15,1120,560,ok,16800,15,1120,560,ok
30,24,0.5,14,ema_spread_50_100_z,5,4.0,0.010566306921352742,0.0,1,exit,8400,16800,15,1120,560,ok,16800,15,1120,560,ok
30,24,0.5,14,RSI_14_bounded,6,5.0,0.018283361058826997,0.0,2,entry,8400,16800,15,1120,560,ok,16800,15,1120,560,ok
30,24,0.5,14,volatility_72_sqrt_z,7,5.0,0.0180119512044285,0.0,2,exit,8400,16800,15,1120,560,ok,16800,15,1120,560,ok
30,24,0.5,14,ema_slope_50_z,8,6.0,0.01820797412997127,0.0,2,entry,8400,16800,15,1120,560,ok,16800,15,1120,560,ok
30,24,0.5,14,ema_slope_200_z,9,6.0,0.014869298119853103,0.0,2,exit,8400,16800,15,1120,560,ok,16800,15,1120,560,ok
30,24,0.5,14,RSI_72_bounded,10,7.0,0.018050905696507136,0.0,2,entry,8400,16800,15,1120,560,ok,16800,15,1120,560,ok
30,24,0.5,14,dist_ema_100_z,11,7.0,0.016924238878389952,0.0,2,exit,8400,16800,15,1120,560,ok,16800,15,1120,560,ok
30,24,0.5,14,ema_slope_100_z,12,8.0,0.015066215592649812,0.0,2,exit,8400,16800,15,1120,560,ok,16800,15,1120,560,ok
30,24,0.5,14,dist_ema_200_z,13,10.0,0.01567218635585932,0.0,1,entry,8400,16800,15,1120,560,ok,16800,15,1120,560,ok
30,24,0.5,14,ema_spread_9_21_z,14,12.0,0.01495893919236857,0.0,1,entry,8400,16800,15,1120,560,ok,16800,15,1120,560,ok
30,24,0.5,20,ADX_30_scaled,1,1.0,0.03254891844576108,0.0,2,both_tie,8400,16800,15,1120,560,ok,16800,15,1120,560,ok
30,24,0.5,20,ADX_72_scaled,2,2.0,0.025159766880031686,0.0,2,both_tie,8400,16800,15,1120,560,ok,16800,15,1120,560,ok
30,24,0.5,20,RSI_30_bounded,3,3.0,0.02176910319394537,0.0,2,entry,8400,16800,15,1120,560,ok,16800,15,1120,560,ok
30,24,0.5,20,ema_spread_100_200_z,4,3.0,0.018681655270115005,0.0,2,exit,8400,16800,15,1120,560,ok,16800,15,1120,560,ok
30,24,0.5,20,ema_spread_50_100_z,5,4.0,0.010566306921352742,0.0,1,exit,8400,16800,15,1120,560,ok,16800,15,1120,560,ok
30,24,0.5,20,RSI_14_bounded,6,5.0,0.018283361058826997,0.0,2,entry,8400,16800,15,1120,560,ok,16800,15,1120,560,ok
30,24,0.5,20,volatility_72_sqrt_z,7,5.0,0.0180119512044285,0.0,2,exit,8400,16800,15,1120,560,ok,16800,15,1120,560,ok
30,24,0.5,20,ema_slope_50_z,8,6.0,0.01820797412997127,0.0,2,entry,8400,16800,15,1120,560,ok,16800,15,1120,560,ok
30,24,0.5,20,ema_slope_200_z,9,6.0,0.014869298119853103,0.0,2,exit,8400,16800,15,1120,560,ok,16800,15,1120,560,ok
30,24,0.5,20,RSI_72_bounded,10,7.0,0.018050905696507136,0.0,2,entry,8400,16800,15,1120,560,ok,16800,15,1120,560,ok
30,24,0.5,20,dist_ema_100_z,11,7.0,0.016924238878389952,0.0,2,exit,8400,16800,15,1120,560,ok,16800,15,1120,560,ok
30,24,0.5,20,ema_slope_100_z,12,8.0,0.015066215592649812,0.0,2,exit,8400,16800,15,1120,560,ok,16800,15,1120,560,ok
30,24,0.5,20,dist_ema_200_z,13,10.0,0.01567218635585932,0.0,1,entry,8400,16800,15,1120,560,ok,16800,15,1120,560,ok
30,24,0.5,20,ema_spread_9_21_z,14,12.0,0.01495893919236857,0.0,1,entry,8400,16800,15,1120,560,ok,16800,15,1120,560,ok
30,24,0.5,20,log_ret_168_z,15,13.0,0.0062438499956477544,0.0,1,exit,8400,16800,15,1120,560,ok,16800,15,1120,560,ok
30,24,0.5,20,ema_slope_9_z,16,14.0,0.014574895825711809,0.0,1,entry,8400,16800,15,1120,560,ok,16800,15,1120,560,ok
30,24,0.5,20,MOM_pct_14_z,17,14.0,0.010119271417930564,0.0,1,exit,8400,16800,15,1120,560,ok,16800,15,1120,560,ok
30,24,0.5,20,dist_ema_50_z,18,15.0,0.014455098387631926,0.0,0,entry,8400,16800,15,1120,560,ok,16800,15,1120,560,ok
30,24,0.5,20,price_pos_in_range_24_norm,19,15.0,0.008699264729793932,0.0,0,exit,8400,16800,15,1120,560,ok,16800,15,1120,560,ok
30,24,0.5,20,dist_to_high_168_sqrt_z,20,16.0,0.013268043353950487,0.0,0,entry,8400,16800,15,1120,560,ok,16800,15,1120,560,ok
30,24,0.5,26,ADX_30_scaled,1,1.0,0.03254891844576108,0.0,2,both_tie,8400,16800,15,1120,560,ok,16800,15,1120,560,ok
30,24,0.5,26,ADX_72_scaled,2,2.0,0.025159766880031686,0.0,2,both_tie,8400,16800,15,1120,560,ok,16800,15,1120,560,ok
30,24,0.5,26,RSI_30_bounded,3,3.0,0.02176910319394537,0.0,2,entry,8400,16800,15,1120,560,ok,16800,15,1120,560,ok
30,24,0.5,26,ema_spread_100_200_z,4,3.0,0.018681655270115005,0.0,2,exit,8400,16800,15,1120,560,ok,16800,15,1120,560,ok
30,24,0.5,26,ema_spread_50_100_z,5,4.0,0.010566306921352742,0.0,1,exit,8400,16800,15,1120,560,ok,16800,15,1120,560,ok
30,24,0.5,26,RSI_14_bounded,6,5.0,0.018283361058826997,0.0,2,entry,8400,16800,15,1120,560,ok,16800,15,1120,560,ok
30,24,0.5,26,volatility_72_sqrt_z,7,5.0,0.0180119512044285,0.0,2,exit,8400,16800,15,1120,560,ok,16800,15,1120,560,ok
30,24,0.5,26,ema_slope_50_z,8,6.0,0.01820797412997127,0.0,2,entry,8400,16800,15,1120,560,ok,16800,15,1120,560,ok
30,24,0.5,26,ema_slope_200_z,9,6.0,0.014869298119853103,0.0,2,exit,8400,16800,15,1120,560,ok,16800,15,1120,560,ok
30,24,0.5,26,RSI_72_bounded,10,7.0,0.018050905696507136,0.0,2,entry,8400,16800,15,1120,560,ok,16800,15,1120,560,ok
30,24,0.5,26,dist_ema_100_z,11,7.0,0.016924238878389952,0.0,2,exit,8400,16800,15,1120,560,ok,16800,15,1120,560,ok
30,24,0.5,26,ema_slope_100_z,12,8.0,0.015066215592649812,0.0,2,exit,8400,16800,15,1120,560,ok,16800,15,1120,560,ok
30,24,0.5,26,dist_ema_200_z,13,10.0,0.01567218635585932,0.0,1,entry,8400,16800,15,1120,560,ok,16800,15,1120,560,ok
30,24,0.5,26,ema_spread_9_21_z,14,12.0,0.01495893919236857,0.0,1,entry,8400,16800,15,1120,560,ok,16800,15,1120,560,ok
30,24,0.5,26,log_ret_168_z,15,13.0,0.0062438499956477544,0.0,1,exit,8400,16800,15,1120,560,ok,16800,15,1120,560,ok
30,24,0.5,26,ema_slope_9_z,16,14.0,0.014574895825711809,0.0,1,entry,8400,16800,15,1120,560,ok,16800,15,1120,560,ok
30,24,0.5,26,MOM_pct_14_z,17,14.0,0.010119271417930564,0.0,1,exit,8400,16800,15,1120,560,ok,16800,15,1120,560,ok
30,24,0.5,26,dist_ema_50_z,18,15.0,0.014455098387631926,0.0,0,entry,8400,16800,15,1120,560,ok,16800,15,1120,560,ok
30,24,0.5,26,price_pos_in_range_24_norm,19,15.0,0.008699264729793932,0.0,0,exit,8400,16800,15,1120,560,ok,16800,15,1120,560,ok
30,24,0.5,26,dist_to_high_168_sqrt_z,20,16.0,0.013268043353950487,0.0,0,entry,8400,16800,15,1120,560,ok,16800,15,1120,560,ok
30,24,0.5,26,bb_pos_20_norm,21,17.0,0.01324744526719629,0.0,0,entry,8400,16800,15,1120,560,ok,16800,15,1120,560,ok
30,24,0.5,26,ema_slope_21_z,22,18.0,0.013228258754347133,0.0,0,entry,8400,16800,15,1120,560,ok,16800,15,1120,560,ok
30,24,0.5,26,dist_to_high_24_sqrt_z,23,18.0,0.01166169032854003,0.0,0,exit,8400,16800,15,1120,560,ok,16800,15,1120,560,ok
30,24,0.5,26,NATR_14_z,24,19.0,0.012545829588183455,0.0,0,both_tie,8400,16800,15,1120,560,ok,16800,15,1120,560,ok
30,24,0.5,26,ema_spread_21_50_z,25,20.0,0.01216639505505207,0.0,0,entry,8400,16800,15,1120,560,ok,16800,15,1120,560,ok
30,24,0.5,26,dist_to_high_72_sqrt_z,26,20.0,0.0115953052562629,0.0,0,exit,8400,16800,15,1120,560,ok,16800,15,1120,560,ok
31,24,0.5,7,ADX_72_scaled,1,1.0,0.035245490006268976,0.0,2,both_tie,8400,16800,15,1120,560,ok,16800,15,1120,560,ok
31,24,0.5,7,RSI_72_bounded,2,2.0,0.022361929179538498,0.0,2,entry,8400,16800,15,1120,560,ok,16800,15,1120,560,ok
31,24,0.5,7,price_pos_in_range_72_norm,3,2.0,0.014776649790393614,0.0,2,exit,8400,16800,15,1120,560,ok,16800,15,1120,560,ok
31,24,0.5,7,ADX_30_scaled,4,3.0,0.021497637806700443,0.0,2,entry,8400,16800,15,1120,560,ok,16800,15,1120,560,ok
31,24,0.5,7,RSI_30_bounded,5,3.0,0.01783709087552554,0.0,2,exit,8400,16800,15,1120,560,ok,16800,15,1120,560,ok
31,24,0.5,7,ema_slope_50_z,6,4.0,0.018123159127016453,0.0,2,entry,8400,16800,15,1120,560,ok,16800,15,1120,560,ok
31,24,0.5,7,volatility_72_sqrt_z,7,5.0,0.01505377728870605,0.0,2,exit,8400,16800,15,1120,560,ok,16800,15,1120,560,ok
31,24,0.5,14,ADX_72_scaled,1,1.0,0.035245490006268976,0.0,2,both_tie,8400,16800,15,1120,560,ok,16800,15,1120,560,ok
31,24,0.5,14,RSI_72_bounded,2,2.0,0.022361929179538498,0.0,2,entry,8400,16800,15,1120,560,ok,16800,15,1120,560,ok
31,24,0.5,14,price_pos_in_range_72_norm,3,2.0,0.014776649790393614,0.0,2,exit,8400,16800,15,1120,560,ok,16800,15,1120,560,ok
31,24,0.5,14,ADX_30_scaled,4,3.0,0.021497637806700443,0.0,2,entry,8400,16800,15,1120,560,ok,16800,15,1120,560,ok
31,24,0.5,14,RSI_30_bounded,5,3.0,0.01783709087552554,0.0,2,exit,8400,16800,15,1120,560,ok,16800,15,1120,560,ok
31,24,0.5,14,ema_slope_50_z,6,4.0,0.018123159127016453,0.0,2,entry,8400,16800,15,1120,560,ok,16800,15,1120,560,ok
31,24,0.5,14,volatility_72_sqrt_z,7,5.0,0.01505377728870605,0.0,2,exit,8400,16800,15,1120,560,ok,16800,15,1120,560,ok
31,24,0.5,14,volatility_168_sqrt_z,8,6.0,0.015648317213256435,0.0,2,entry,8400,16800,15,1120,560,ok,16800,15,1120,560,ok
31,24,0.5,14,RSI_14_bounded,9,7.0,0.011421991198814263,0.0,2,exit,8400,16800,15,1120,560,ok,16800,15,1120,560,ok
31,24,0.5,14,ema_spread_9_21_z,10,9.0,0.012708759933076963,0.0,1,entry,8400,16800,15,1120,560,ok,16800,15,1120,560,ok
31,24,0.5,14,bb_width_20_sqrt_z,11,9.0,0.008839635785603206,0.0,1,exit,8400,16800,15,1120,560,ok,16800,15,1120,560,ok
31,24,0.5,14,price_pos_in_range_168_norm,12,10.0,0.012299124881199885,0.0,1,entry,8400,16800,15,1120,560,ok,16800,15,1120,560,ok
31,24,0.5,14,MOM_pct_72_z,13,10.0,0.0066401104593809546,0.0,1,exit,8400,16800,15,1120,560,ok,16800,15,1120,560,ok
31,24,0.5,14,ema_slope_21_z,14,11.0,0.00774976819676898,0.0,1,exit,8400,16800,15,1120,560,ok,16800,15,1120,560,ok
31,24,0.5,20,ADX_72_scaled,1,1.0,0.035245490006268976,0.0,2,both_tie,8400,16800,15,1120,560,ok,16800,15,1120,560,ok
31,24,0.5,20,RSI_72_bounded,2,2.0,0.022361929179538498,0.0,2,entry,8400,16800,15,1120,560,ok,16800,15,1120,560,ok
31,24,0.5,20,price_pos_in_range_72_norm,3,2.0,0.014776649790393614,0.0,2,exit,8400,16800,15,1120,560,ok,16800,15,1120,560,ok
31,24,0.5,20,ADX_30_scaled,4,3.0,0.021497637806700443,0.0,2,entry,8400,16800,15,1120,560,ok,16800,15,1120,560,ok
31,24,0.5,20,RSI_30_bounded,5,3.0,0.01783709087552554,0.0,2,exit,8400,16800,15,1120,560,ok,16800,15,1120,560,ok
31,24,0.5,20,ema_slope_50_z,6,4.0,0.018123159127016453,0.0,2,entry,8400,16800,15,1120,560,ok,16800,15,1120,560,ok
31,24,0.5,20,volatility_72_sqrt_z,7,5.0,0.01505377728870605,0.0,2,exit,8400,16800,15,1120,560,ok,16800,15,1120,560,ok
31,24,0.5,20,volatility_168_sqrt_z,8,6.0,0.015648317213256435,0.0,2,entry,8400,16800,15,1120,560,ok,16800,15,1120,560,ok
31,24,0.5,20,RSI_14_bounded,9,7.0,0.011421991198814263,0.0,2,exit,8400,16800,15,1120,560,ok,16800,15,1120,560,ok
31,24,0.5,20,ema_spread_9_21_z,10,9.0,0.012708759933076963,0.0,1,entry,8400,16800,15,1120,560,ok,16800,15,1120,560,ok
31,24,0.5,20,bb_width_20_sqrt_z,11,9.0,0.008839635785603206,0.0,1,exit,8400,16800,15,1120,560,ok,16800,15,1120,560,ok
31,24,0.5,20,price_pos_in_range_168_norm,12,10.0,0.012299124881199885,0.0,1,entry,8400,16800,15,1120,560,ok,16800,15,1120,560,ok
31,24,0.5,20,MOM_pct_72_z,13,10.0,0.0066401104593809546,0.0,1,exit,8400,16800,15,1120,560,ok,16800,15,1120,560,ok
31,24,0.5,20,ema_slope_21_z,14,11.0,0.00774976819676898,0.0,1,exit,8400,16800,15,1120,560,ok,16800,15,1120,560,ok
31,24,0.5,20,dist_ema_9_z,15,12.0,0.010620157366738492,0.0,1,entry,8400,16800,15,1120,560,ok,16800,15,1120,560,ok
31,24,0.5,20,dist_to_high_72_sqrt_z,16,13.0,0.010399934172191316,0.0,1,entry,8400,16800,15,1120,560,ok,16800,15,1120,560,ok
31,24,0.5,20,log_ret_168_z,17,13.0,0.006252883725999969,0.0,1,exit,8400,16800,15,1120,560,ok,16800,15,1120,560,ok
31,24,0.5,20,ema_spread_100_200_z,18,14.0,0.009340137223119438,0.0,1,entry,8400,16800,15,1120,560,ok,16800,15,1120,560,ok
31,24,0.5,20,ema_slope_100_z,19,14.0,0.00809795302975469,0.0,1,exit,8400,16800,15,1120,560,ok,16800,15,1120,560,ok
31,24,0.5,20,volatility_24_sqrt_z,20,15.0,0.00911267785946035,0.0,0,entry,8400,16800,15,1120,560,ok,16800,15,1120,560,ok
31,24,0.5,26,ADX_72_scaled,1,1.0,0.035245490006268976,0.0,2,both_tie,8400,16800,15,1120,560,ok,16800,15,1120,560,ok
31,24,0.5,26,RSI_72_bounded,2,2.0,0.022361929179538498,0.0,2,entry,8400,16800,15,1120,560,ok,16800,15,1120,560,ok
31,24,0.5,26,price_pos_in_range_72_norm,3,2.0,0.014776649790393614,0.0,2,exit,8400,16800,15,1120,560,ok,16800,15,1120,560,ok
31,24,0.5,26,ADX_30_scaled,4,3.0,0.021497637806700443,0.0,2,entry,8400,16800,15,1120,560,ok,16800,15,1120,560,ok
31,24,0.5,26,RSI_30_bounded,5,3.0,0.01783709087552554,0.0,2,exit,8400,16800,15,1120,560,ok,16800,15,1120,560,ok
31,24,0.5,26,ema_slope_50_z,6,4.0,0.018123159127016453,0.0,2,entry,8400,16800,15,1120,560,ok,16800,15,1120,560,ok
31,24,0.5,26,volatility_72_sqrt_z,7,5.0,0.01505377728870605,0.0,2,exit,8400,16800,15,1120,560,ok,16800,15,1120,560,ok
31,24,0.5,26,volatility_168_sqrt_z,8,6.0,0.015648317213256435,0.0,2,entry,8400,16800,15,1120,560,ok,16800,15,1120,560,ok
31,24,0.5,26,RSI_14_bounded,9,7.0,0.011421991198814263,0.0,2,exit,8400,16800,15,1120,560,ok,16800,15,1120,560,ok
31,24,0.5,26,ema_spread_9_21_z,10,9.0,0.012708759933076963,0.0,1,entry,8400,16800,15,1120,560,ok,16800,15,1120,560,ok
31,24,0.5,26,bb_width_20_sqrt_z,11,9.0,0.008839635785603206,0.0,1,exit,8400,16800,15,1120,560,ok,16800,15,1120,560,ok
31,24,0.5,26,price_pos_in_range_168_norm,12,10.0,0.012299124881199885,0.0,1,entry,8400,16800,15,1120,560,ok,16800,15,1120,560,ok
31,24,0.5,26,MOM_pct_72_z,13,10.0,0.0066401104593809546,0.0,1,exit,8400,16800,15,1120,560,ok,16800,15,1120,560,ok
31,24,0.5,26,ema_slope_21_z,14,11.0,0.00774976819676898,0.0,1,exit,8400,16800,15,1120,560,ok,16800,15,1120,560,ok
31,24,0.5,26,dist_ema_9_z,15,12.0,0.010620157366738492,0.0,1,entry,8400,16800,15,1120,560,ok,16800,15,1120,560,ok
31,24,0.5,26,dist_to_high_72_sqrt_z,16,13.0,0.010399934172191316,0.0,1,entry,8400,16800,15,1120,560,ok,16800,15,1120,560,ok
31,24,0.5,26,log_ret_168_z,17,13.0,0.006252883725999969,0.0,1,exit,8400,16800,15,1120,560,ok,16800,15,1120,560,ok
31,24,0.5,26,ema_spread_100_200_z,18,14.0,0.009340137223119438,0.0,1,entry,8400,16800,15,1120,560,ok,16800,15,1120,560,ok
31,24,0.5,26,ema_slope_100_z,19,14.0,0.00809795302975469,0.0,1,exit,8400,16800,15,1120,560,ok,16800,15,1120,560,ok
31,24,0.5,26,volatility_24_sqrt_z,20,15.0,0.00911267785946035,0.0,0,entry,8400,16800,15,1120,560,ok,16800,15,1120,560,ok
31,24,0.5,26,ema_spread_50_100_z,21,15.0,0.006364534948727685,0.0,0,exit,8400,16800,15,1120,560,ok,16800,15,1120,560,ok
31,24,0.5,26,dist_ema_200_z,22,16.0,0.007775068227981574,0.0,0,exit,8400,16800,15,1120,560,ok,16800,15,1120,560,ok
31,24,0.5,26,ema_slope_200_z,23,17.0,0.00843952126243197,0.0,0,entry,8400,16800,15,1120,560,ok,16800,15,1120,560,ok
31,24,0.5,26,log_ret_72_z,24,17.0,0.006304670398317724,0.0,0,exit,8400,16800,15,1120,560,ok,16800,15,1120,560,ok
31,24,0.5,26,ema_spread_21_50_z,25,18.0,0.006597416936232947,0.0,0,exit,8400,16800,15,1120,560,ok,16800,15,1120,560,ok
31,24,0.5,26,ADX_14_scaled,26,20.0,0.007211333694266631,0.0,0,exit,8400,16800,15,1120,560,ok,16800,15,1120,560,ok
32,24,0.5,7,ADX_72_scaled,1,1.0,0.022780496007084428,0.0,2,both_tie,8400,16800,15,1120,560,ok,16800,15,1120,560,ok
32,24,0.5,7,ADX_30_scaled,2,2.0,0.019855529421285045,0.0,2,exit,8400,16800,15,1120,560,ok,16800,15,1120,560,ok
32,24,0.5,7,RSI_72_bounded,3,2.0,0.01867156922851343,0.0,2,entry,8400,16800,15,1120,560,ok,16800,15,1120,560,ok
32,24,0.5,7,ret_accel_6_24_z,4,3.0,0.01623642952337223,0.0,2,exit,8400,16800,15,1120,560,ok,16800,15,1120,560,ok
32,24,0.5,7,volatility_168_sqrt_z,5,4.0,0.01743472520259326,0.0,2,both_tie,8400,16800,15,1120,560,ok,16800,15,1120,560,ok
32,24,0.5,7,RSI_14_bounded,6,5.0,0.012560884063559152,0.0,2,entry,8400,16800,15,1120,560,ok,16800,15,1120,560,ok
32,24,0.5,7,price_pos_in_range_168_norm,7,5.0,0.012812064152097624,0.0,1,exit,8400,16800,15,1120,560,ok,16800,15,1120,560,ok
32,24,0.5,14,ADX_72_scaled,1,1.0,0.022780496007084428,0.0,2,both_tie,8400,16800,15,1120,560,ok,16800,15,1120,560,ok
32,24,0.5,14,ADX_30_scaled,2,2.0,0.019855529421285045,0.0,2,exit,8400,16800,15,1120,560,ok,16800,15,1120,560,ok
32,24,0.5,14,RSI_72_bounded,3,2.0,0.01867156922851343,0.0,2,entry,8400,16800,15,1120,560,ok,16800,15,1120,560,ok
32,24,0.5,14,ret_accel_6_24_z,4,3.0,0.01623642952337223,0.0,2,exit,8400,16800,15,1120,560,ok,16800,15,1120,560,ok
32,24,0.5,14,volatility_168_sqrt_z,5,4.0,0.01743472520259326,0.0,2,both_tie,8400,16800,15,1120,560,ok,16800,15,1120,560,ok
32,24,0.5,14,RSI_14_bounded,6,5.0,0.012560884063559152,0.0,2,entry,8400,16800,15,1120,560,ok,16800,15,1120,560,ok
32,24,0.5,14,price_pos_in_range_168_norm,7,5.0,0.012812064152097624,0.0,1,exit,8400,16800,15,1120,560,ok,16800,15,1120,560,ok
32,24,0.5,14,volatility_72_sqrt_z,8,6.0,0.012291059410844074,0.0,2,exit,8400,16800,15,1120,560,ok,16800,15,1120,560,ok
32,24,0.5,14,RSI_30_bounded,9,6.0,0.011451397000727837,0.0,2,entry,8400,16800,15,1120,560,ok,16800,15,1120,560,ok
32,24,0.5,14,ema_slope_50_z,10,7.0,0.011376744316788145,0.0,1,entry,8400,16800,15,1120,560,ok,16800,15,1120,560,ok
32,24,0.5,14,ema_spread_100_200_z,11,8.0,0.010680911164011597,0.0,2,entry,8400,16800,15,1120,560,ok,16800,15,1120,560,ok
32,24,0.5,14,ADX_14_scaled,12,9.0,0.009182836471634426,0.0,1,exit,8400,16800,15,1120,560,ok,16800,15,1120,560,ok
32,24,0.5,14,ema_spread_9_21_z,13,10.0,0.010293364011636275,0.0,1,entry,8400,16800,15,1120,560,ok,16800,15,1120,560,ok
32,24,0.5,14,volatility_24_sqrt_z,14,10.0,0.009009254808165779,0.0,1,exit,8400,16800,15,1120,560,ok,16800,15,1120,560,ok
32,24,0.5,20,ADX_72_scaled,1,1.0,0.022780496007084428,0.0,2,both_tie,8400,16800,15,1120,560,ok,16800,15,1120,560,ok
32,24,0.5,20,ADX_30_scaled,2,2.0,0.019855529421285045,0.0,2,exit,8400,16800,15,1120,560,ok,16800,15,1120,560,ok
32,24,0.5,20,RSI_72_bounded,3,2.0,0.01867156922851343,0.0,2,entry,8400,16800,15,1120,560,ok,16800,15,1120,560,ok
32,24,0.5,20,ret_accel_6_24_z,4,3.0,0.01623642952337223,0.0,2,exit,8400,16800,15,1120,560,ok,16800,15,1120,560,ok
32,24,0.5,20,volatility_168_sqrt_z,5,4.0,0.01743472520259326,0.0,2,both_tie,8400,16800,15,1120,560,ok,16800,15,1120,560,ok
32,24,0.5,20,RSI_14_bounded,6,5.0,0.012560884063559152,0.0,2,entry,8400,16800,15,1120,560,ok,16800,15,1120,560,ok
32,24,0.5,20,price_pos_in_range_168_norm,7,5.0,0.012812064152097624,0.0,1,exit,8400,16800,15,1120,560,ok,16800,15,1120,560,ok
32,24,0.5,20,volatility_72_sqrt_z,8,6.0,0.012291059410844074,0.0,2,exit,8400,16800,15,1120,560,ok,16800,15,1120,560,ok
32,24,0.5,20,RSI_30_bounded,9,6.0,0.011451397000727837,0.0,2,entry,8400,16800,15,1120,560,ok,16800,15,1120,560,ok
32,24,0.5,20,ema_slope_50_z,10,7.0,0.011376744316788145,0.0,1,entry,8400,16800,15,1120,560,ok,16800,15,1120,560,ok
32,24,0.5,20,ema_spread_100_200_z,11,8.0,0.010680911164011597,0.0,2,entry,8400,16800,15,1120,560,ok,16800,15,1120,560,ok
32,24,0.5,20,ADX_14_scaled,12,9.0,0.009182836471634426,0.0,1,exit,8400,16800,15,1120,560,ok,16800,15,1120,560,ok
32,24,0.5,20,ema_spread_9_21_z,13,10.0,0.010293364011636275,0.0,1,entry,8400,16800,15,1120,560,ok,16800,15,1120,560,ok
32,24,0.5,20,volatility_24_sqrt_z,14,10.0,0.009009254808165779,0.0,1,exit,8400,16800,15,1120,560,ok,16800,15,1120,560,ok
32,24,0.5,20,ema_slope_100_z,15,11.0,0.010204817056986726,0.0,1,entry,8400,16800,15,1120,560,ok,16800,15,1120,560,ok
32,24,0.5,20,dist_to_high_24_sqrt_z,16,12.0,0.01005861204075209,0.0,1,entry,8400,16800,15,1120,560,ok,16800,15,1120,560,ok
32,24,0.5,20,log_ret_168_z,17,12.0,0.00894735970746341,0.0,1,exit,8400,16800,15,1120,560,ok,16800,15,1120,560,ok
32,24,0.5,20,ema_spread_21_50_z,18,14.0,0.009136299615696841,0.0,1,entry,8400,16800,15,1120,560,ok,16800,15,1120,560,ok
32,24,0.5,20,ema_spread_50_100_z,19,14.0,0.0071772892751403305,0.0,1,exit,8400,16800,15,1120,560,ok,16800,15,1120,560,ok
32,24,0.5,20,dist_to_high_72_sqrt_z,20,15.0,0.008674154988965288,0.0,0,entry,8400,16800,15,1120,560,ok,16800,15,1120,560,ok
32,24,0.5,26,ADX_72_scaled,1,1.0,0.022780496007084428,0.0,2,both_tie,8400,16800,15,1120,560,ok,16800,15,1120,560,ok
32,24,0.5,26,ADX_30_scaled,2,2.0,0.019855529421285045,0.0,2,exit,8400,16800,15,1120,560,ok,16800,15,1120,560,ok
32,24,0.5,26,RSI_72_bounded,3,2.0,0.01867156922851343,0.0,2,entry,8400,16800,15,1120,560,ok,16800,15,1120,560,ok
32,24,0.5,26,ret_accel_6_24_z,4,3.0,0.01623642952337223,0.0,2,exit,8400,16800,15,1120,560,ok,16800,15,1120,560,ok
32,24,0.5,26,volatility_168_sqrt_z,5,4.0,0.01743472520259326,0.0,2,both_tie,8400,16800,15,1120,560,ok,16800,15,1120,560,ok
32,24,0.5,26,RSI_14_bounded,6,5.0,0.012560884063559152,0.0,2,entry,8400,16800,15,1120,560,ok,16800,15,1120,560,ok
32,24,0.5,26,price_pos_in_range_168_norm,7,5.0,0.012812064152097624,0.0,1,exit,8400,16800,15,1120,560,ok,16800,15,1120,560,ok
32,24,0.5,26,volatility_72_sqrt_z,8,6.0,0.012291059410844074,0.0,2,exit,8400,16800,15,1120,560,ok,16800,15,1120,560,ok
32,24,0.5,26,RSI_30_bounded,9,6.0,0.011451397000727837,0.0,2,entry,8400,16800,15,1120,560,ok,16800,15,1120,560,ok
32,24,0.5,26,ema_slope_50_z,10,7.0,0.011376744316788145,0.0,1,entry,8400,16800,15,1120,560,ok,16800,15,1120,560,ok
32,24,0.5,26,ema_spread_100_200_z,11,8.0,0.010680911164011597,0.0,2,entry,8400,16800,15,1120,560,ok,16800,15,1120,560,ok
32,24,0.5,26,ADX_14_scaled,12,9.0,0.009182836471634426,0.0,1,exit,8400,16800,15,1120,560,ok,16800,15,1120,560,ok
32,24,0.5,26,ema_spread_9_21_z,13,10.0,0.010293364011636275,0.0,1,entry,8400,16800,15,1120,560,ok,16800,15,1120,560,ok
32,24,0.5,26,volatility_24_sqrt_z,14,10.0,0.009009254808165779,0.0,1,exit,8400,16800,15,1120,560,ok,16800,15,1120,560,ok
32,24,0.5,26,ema_slope_100_z,15,11.0,0.010204817056986726,0.0,1,entry,8400,16800,15,1120,560,ok,16800,15,1120,560,ok
32,24,0.5,26,dist_to_high_24_sqrt_z,16,12.0,0.01005861204075209,0.0,1,entry,8400,16800,15,1120,560,ok,16800,15,1120,560,ok
32,24,0.5,26,log_ret_168_z,17,12.0,0.00894735970746341,0.0,1,exit,8400,16800,15,1120,560,ok,16800,15,1120,560,ok
32,24,0.5,26,ema_spread_21_50_z,18,14.0,0.009136299615696841,0.0,1,entry,8400,16800,15,1120,560,ok,16800,15,1120,560,ok
32,24,0.5,26,ema_spread_50_100_z,19,14.0,0.0071772892751403305,0.0,1,exit,8400,16800,15,1120,560,ok,16800,15,1120,560,ok
32,24,0.5,26,dist_to_high_72_sqrt_z,20,15.0,0.008674154988965288,0.0,0,entry,8400,16800,15,1120,560,ok,16800,15,1120,560,ok
32,24,0.5,26,dist_ema_100_z,21,15.0,0.007026421007135297,0.0,0,exit,8400,16800,15,1120,560,ok,16800,15,1120,560,ok
32,24,0.5,26,dist_to_high_168_sqrt_z,22,16.0,0.008439593250806232,0.0,0,both_tie,8400,16800,15,1120,560,ok,16800,15,1120,560,ok
32,24,0.5,26,MOM_pct_30_z,23,17.0,0.008241415118225737,0.0,0,entry,8400,16800,15,1120,560,ok,16800,15,1120,560,ok
32,24,0.5,26,price_pos_in_range_72_norm,24,17.0,0.006487570922590891,0.0,0,exit,8400,16800,15,1120,560,ok,16800,15,1120,560,ok
32,24,0.5,26,bb_width_20_sqrt_z,25,18.0,0.007375084224548467,0.0,0,entry,8400,16800,15,1120,560,ok,16800,15,1120,560,ok
32,24,0.5,26,price_pos_in_range_24_norm,26,19.0,0.0068425641038522,0.0,0,entry,8400,16800,15,1120,560,ok,16800,15,1120,560,ok
33,24,0.5,7,ADX_72_scaled,1,1.0,0.027017454085836556,0.0,2,both_tie,8400,16800,15,1120,560,ok,16800,15,1120,560,ok
33,24,0.5,7,ADX_30_scaled,2,2.0,0.02309113945474056,0.0,2,exit,8400,16800,15,1120,560,ok,16800,15,1120,560,ok
33,24,0.5,7,RSI_30_bounded,3,2.0,0.01729057574511672,0.0,2,entry,8400,16800,15,1120,560,ok,16800,15,1120,560,ok
33,24,0.5,7,ema_spread_50_100_z,4,3.0,0.02207581833936162,0.0,2,exit,8400,16800,15,1120,560,ok,16800,15,1120,560,ok
33,24,0.5,7,dist_to_low_168_sqrt_z,5,4.0,0.019455618898703952,0.0,2,exit,8400,16800,15,1120,560,ok,16800,15,1120,560,ok
33,24,0.5,7,ema_spread_100_200_z,6,4.0,0.01463227920236454,0.0,2,entry,8400,16800,15,1120,560,ok,16800,15,1120,560,ok
33,24,0.5,7,RSI_14_bounded,7,5.0,0.01917094836331862,0.0,2,both_tie,8400,16800,15,1120,560,ok,16800,15,1120,560,ok
33,24,0.5,14,ADX_72_scaled,1,1.0,0.027017454085836556,0.0,2,both_tie,8400,16800,15,1120,560,ok,16800,15,1120,560,ok
33,24,0.5,14,ADX_30_scaled,2,2.0,0.02309113945474056,0.0,2,exit,8400,16800,15,1120,560,ok,16800,15,1120,560,ok
33,24,0.5,14,RSI_30_bounded,3,2.0,0.01729057574511672,0.0,2,entry,8400,16800,15,1120,560,ok,16800,15,1120,560,ok
33,24,0.5,14,ema_spread_50_100_z,4,3.0,0.02207581833936162,0.0,2,exit,8400,16800,15,1120,560,ok,16800,15,1120,560,ok
33,24,0.5,14,dist_to_low_168_sqrt_z,5,4.0,0.019455618898703952,0.0,2,exit,8400,16800,15,1120,560,ok,16800,15,1120,560,ok
33,24,0.5,14,ema_spread_100_200_z,6,4.0,0.01463227920236454,0.0,2,entry,8400,16800,15,1120,560,ok,16800,15,1120,560,ok
33,24,0.5,14,RSI_14_bounded,7,5.0,0.01917094836331862,0.0,2,both_tie,8400,16800,15,1120,560,ok,16800,15,1120,560,ok
33,24,0.5,14,price_pos_in_range_72_norm,8,6.0,0.018829691206498078,0.0,1,exit,8400,16800,15,1120,560,ok,16800,15,1120,560,ok
33,24,0.5,14,dist_ema_100_z,9,6.0,0.01177951096429286,0.0,1,entry,8400,16800,15,1120,560,ok,16800,15,1120,560,ok
33,24,0.5,14,volatility_72_sqrt_z,10,7.0,0.01858593584517021,0.0,2,exit,8400,16800,15,1120,560,ok,16800,15,1120,560,ok
33,24,0.5,14,ema_spread_21_50_z,11,7.0,0.011403449389811304,0.0,1,entry,8400,16800,15,1120,560,ok,16800,15,1120,560,ok
33,24,0.5,14,dist_ema_200_z,12,8.0,0.010332840183240433,0.0,1,entry,8400,16800,15,1120,560,ok,16800,15,1120,560,ok
33,24,0.5,14,volatility_24_sqrt_z,13,9.0,0.01636874505353547,0.0,1,exit,8400,16800,15,1120,560,ok,16800,15,1120,560,ok
33,24,0.5,14,dist_to_high_72_sqrt_z,14,10.0,0.009469814282368039,0.0,1,entry,8400,16800,15,1120,560,ok,16800,15,1120,560,ok
33,24,0.5,20,ADX_72_scaled,1,1.0,0.027017454085836556,0.0,2,both_tie,8400,16800,15,1120,560,ok,16800,15,1120,560,ok
33,24,0.5,20,ADX_30_scaled,2,2.0,0.02309113945474056,0.0,2,exit,8400,16800,15,1120,560,ok,16800,15,1120,560,ok
33,24,0.5,20,RSI_30_bounded,3,2.0,0.01729057574511672,0.0,2,entry,8400,16800,15,1120,560,ok,16800,15,1120,560,ok
33,24,0.5,20,ema_spread_50_100_z,4,3.0,0.02207581833936162,0.0,2,exit,8400,16800,15,1120,560,ok,16800,15,1120,560,ok
33,24,0.5,20,dist_to_low_168_sqrt_z,5,4.0,0.019455618898703952,0.0,2,exit,8400,16800,15,1120,560,ok,16800,15,1120,560,ok
33,24,0.5,20,ema_spread_100_200_z,6,4.0,0.01463227920236454,0.0,2,entry,8400,16800,15,1120,560,ok,16800,15,1120,560,ok
33,24,0.5,20,RSI_14_bounded,7,5.0,0.01917094836331862,0.0,2,both_tie,8400,16800,15,1120,560,ok,16800,15,1120,560,ok
33,24,0.5,20,price_pos_in_range_72_norm,8,6.0,0.018829691206498078,0.0,1,exit,8400,16800,15,1120,560,ok,16800,15,1120,560,ok
33,24,0.5,20,dist_ema_100_z,9,6.0,0.01177951096429286,0.0,1,entry,8400,16800,15,1120,560,ok,16800,15,1120,560,ok
33,24,0.5,20,volatility_72_sqrt_z,10,7.0,0.01858593584517021,0.0,2,exit,8400,16800,15,1120,560,ok,16800,15,1120,560,ok
33,24,0.5,20,ema_spread_21_50_z,11,7.0,0.011403449389811304,0.0,1,entry,8400,16800,15,1120,560,ok,16800,15,1120,560,ok
33,24,0.5,20,dist_ema_200_z,12,8.0,0.010332840183240433,0.0,1,entry,8400,16800,15,1120,560,ok,16800,15,1120,560,ok
33,24,0.5,20,volatility_24_sqrt_z,13,9.0,0.01636874505353547,0.0,1,exit,8400,16800,15,1120,560,ok,16800,15,1120,560,ok
33,24,0.5,20,dist_to_high_72_sqrt_z,14,10.0,0.009469814282368039,0.0,1,entry,8400,16800,15,1120,560,ok,16800,15,1120,560,ok
33,24,0.5,20,ema_slope_200_z,15,11.0,0.012680408425236767,0.0,1,exit,8400,16800,15,1120,560,ok,16800,15,1120,560,ok
33,24,0.5,20,price_pos_in_range_168_norm,16,12.0,0.011240853197552747,0.0,1,exit,8400,16800,15,1120,560,ok,16800,15,1120,560,ok
33,24,0.5,20,ema_slope_100_z,17,13.0,0.011006207996672679,0.0,1,exit,8400,16800,15,1120,560,ok,16800,15,1120,560,ok
33,24,0.5,20,ret_accel_6_24_z,18,13.0,0.008409796179845497,0.0,1,entry,8400,16800,15,1120,560,ok,16800,15,1120,560,ok
33,24,0.5,20,RSI_72_bounded,19,14.0,0.010869634457367938,0.0,1,exit,8400,16800,15,1120,560,ok,16800,15,1120,560,ok
33,24,0.5,20,log_ret_24_z,20,14.0,0.008179834323078672,0.0,1,entry,8400,16800,15,1120,560,ok,16800,15,1120,560,ok
33,24,0.5,26,ADX_72_scaled,1,1.0,0.027017454085836556,0.0,2,both_tie,8400,16800,15,1120,560,ok,16800,15,1120,560,ok
33,24,0.5,26,ADX_30_scaled,2,2.0,0.02309113945474056,0.0,2,exit,8400,16800,15,1120,560,ok,16800,15,1120,560,ok
33,24,0.5,26,RSI_30_bounded,3,2.0,0.01729057574511672,0.0,2,entry,8400,16800,15,1120,560,ok,16800,15,1120,560,ok
33,24,0.5,26,ema_spread_50_100_z,4,3.0,0.02207581833936162,0.0,2,exit,8400,16800,15,1120,560,ok,16800,15,1120,560,ok
33,24,0.5,26,dist_to_low_168_sqrt_z,5,4.0,0.019455618898703952,0.0,2,exit,8400,16800,15,1120,560,ok,16800,15,1120,560,ok
33,24,0.5,26,ema_spread_100_200_z,6,4.0,0.01463227920236454,0.0,2,entry,8400,16800,15,1120,560,ok,16800,15,1120,560,ok
33,24,0.5,26,RSI_14_bounded,7,5.0,0.01917094836331862,0.0,2,both_tie,8400,16800,15,1120,560,ok,16800,15,1120,560,ok
33,24,0.5,26,price_pos_in_range_72_norm,8,6.0,0.018829691206498078,0.0,1,exit,8400,16800,15,1120,560,ok,16800,15,1120,560,ok
33,24,0.5,26,dist_ema_100_z,9,6.0,0.01177951096429286,0.0,1,entry,8400,16800,15,1120,560,ok,16800,15,1120,560,ok
33,24,0.5,26,volatility_72_sqrt_z,10,7.0,0.01858593584517021,0.0,2,exit,8400,16800,15,1120,560,ok,16800,15,1120,560,ok
33,24,0.5,26,ema_spread_21_50_z,11,7.0,0.011403449389811304,0.0,1,entry,8400,16800,15,1120,560,ok,16800,15,1120,560,ok
33,24,0.5,26,dist_ema_200_z,12,8.0,0.010332840183240433,0.0,1,entry,8400,16800,15,1120,560,ok,16800,15,1120,560,ok
33,24,0.5,26,volatility_24_sqrt_z,13,9.0,0.01636874505353547,0.0,1,exit,8400,16800,15,1120,560,ok,16800,15,1120,560,ok
33,24,0.5,26,dist_to_high_72_sqrt_z,14,10.0,0.009469814282368039,0.0,1,entry,8400,16800,15,1120,560,ok,16800,15,1120,560,ok
33,24,0.5,26,ema_slope_200_z,15,11.0,0.012680408425236767,0.0,1,exit,8400,16800,15,1120,560,ok,16800,15,1120,560,ok
33,24,0.5,26,price_pos_in_range_168_norm,16,12.0,0.011240853197552747,0.0,1,exit,8400,16800,15,1120,560,ok,16800,15,1120,560,ok
33,24,0.5,26,ema_slope_100_z,17,13.0,0.011006207996672679,0.0,1,exit,8400,16800,15,1120,560,ok,16800,15,1120,560,ok
33,24,0.5,26,ret_accel_6_24_z,18,13.0,0.008409796179845497,0.0,1,entry,8400,16800,15,1120,560,ok,16800,15,1120,560,ok
33,24,0.5,26,RSI_72_bounded,19,14.0,0.010869634457367938,0.0,1,exit,8400,16800,15,1120,560,ok,16800,15,1120,560,ok
33,24,0.5,26,log_ret_24_z,20,14.0,0.008179834323078672,0.0,1,entry,8400,16800,15,1120,560,ok,16800,15,1120,560,ok
33,24,0.5,26,bb_width_20_sqrt_z,21,15.0,0.010367022591412145,0.0,0,exit,8400,16800,15,1120,560,ok,16800,15,1120,560,ok
33,24,0.5,26,MOM_pct_30_z,22,16.0,0.008056699530940792,0.0,0,entry,8400,16800,15,1120,560,ok,16800,15,1120,560,ok
33,24,0.5,26,dist_ema_9_z,23,17.0,0.009687859966181878,0.0,0,exit,8400,16800,15,1120,560,ok,16800,15,1120,560,ok
33,24,0.5,26,body_sqrt_z,24,17.0,0.007474510195351947,0.0,0,entry,8400,16800,15,1120,560,ok,16800,15,1120,560,ok
33,24,0.5,26,ema_slope_50_z,25,18.0,0.009565482242727075,0.0,0,exit,8400,16800,15,1120,560,ok,16800,15,1120,560,ok
33,24,0.5,26,volatility_168_sqrt_z,26,21.0,0.008350172673968759,0.0,0,exit,8400,16800,15,1120,560,ok,16800,15,1120,560,ok
34,24,0.5,7,ADX_72_scaled,1,1.0,0.04388959235402212,0.0,2,both_tie,8400,16800,15,1120,560,ok,16800,15,1120,560,ok
34,24,0.5,7,ema_slope_21_z,2,2.0,0.02602315058413801,0.0,2,entry,8400,16800,15,1120,560,ok,16800,15,1120,560,ok
34,24,0.5,7,RSI_30_bounded,3,2.0,0.01566064259430583,0.0,2,exit,8400,16800,15,1120,560,ok,16800,15,1120,560,ok
34,24,0.5,7,ema_spread_9_21_z,4,3.0,0.022756226249751044,0.0,2,entry,8400,16800,15,1120,560,ok,16800,15,1120,560,ok
34,24,0.5,7,RSI_14_bounded,5,3.0,0.01967351059345207,0.0,2,exit,8400,16800,15,1120,560,ok,16800,15,1120,560,ok
34,24,0.5,7,ema_slope_9_z,6,4.0,0.012065035933329693,0.0,1,exit,8400,16800,15,1120,560,ok,16800,15,1120,560,ok
34,24,0.5,7,volatility_168_sqrt_z,7,5.0,0.01933544125715031,0.0,1,entry,8400,16800,15,1120,560,ok,16800,15,1120,560,ok
34,24,0.5,14,ADX_72_scaled,1,1.0,0.04388959235402212,0.0,2,both_tie,8400,16800,15,1120,560,ok,16800,15,1120,560,ok
34,24,0.5,14,ema_slope_21_z,2,2.0,0.02602315058413801,0.0,2,entry,8400,16800,15,1120,560,ok,16800,15,1120,560,ok
34,24,0.5,14,RSI_30_bounded,3,2.0,0.01566064259430583,0.0,2,exit,8400,16800,15,1120,560,ok,16800,15,1120,560,ok
34,24,0.5,14,ema_spread_9_21_z,4,3.0,0.022756226249751044,0.0,2,entry,8400,16800,15,1120,560,ok,16800,15,1120,560,ok
34,24,0.5,14,RSI_14_bounded,5,3.0,0.01967351059345207,0.0,2,exit,8400,16800,15,1120,560,ok,16800,15,1120,560,ok
34,24,0.5,14,ema_slope_9_z,6,4.0,0.012065035933329693,0.0,1,exit,8400,16800,15,1120,560,ok,16800,15,1120,560,ok
34,24,0.5,14,volatility_168_sqrt_z,7,5.0,0.01933544125715031,0.0,1,entry,8400,16800,15,1120,560,ok,16800,15,1120,560,ok
34,24,0.5,14,volatility_72_sqrt_z,8,6.0,0.01891802669429493,0.0,2,entry,8400,16800,15,1120,560,ok,16800,15,1120,560,ok
34,24,0.5,14,dist_ema_200_z,9,6.0,0.006606545528936358,0.0,1,exit,8400,16800,15,1120,560,ok,16800,15,1120,560,ok
34,24,0.5,14,ema_slope_50_z,10,7.0,0.017955394006810232,0.0,2,both_tie,8400,16800,15,1120,560,ok,16800,15,1120,560,ok
34,24,0.5,14,MACD_hist_pct_z,11,8.0,0.011684445833915702,0.0,1,exit,8400,16800,15,1120,560,ok,16800,15,1120,560,ok
34,24,0.5,14,MOM_pct_72_z,12,9.0,0.014761169691260956,0.0,2,entry,8400,16800,15,1120,560,ok,16800,15,1120,560,ok
34,24,0.5,14,log_ret_72_z,13,10.0,0.014581507872123423,0.0,1,entry,8400,16800,15,1120,560,ok,16800,15,1120,560,ok
34,24,0.5,14,dist_to_low_168_sqrt_z,14,11.0,0.014009237615512815,0.0,1,entry,8400,16800,15,1120,560,ok,16800,15,1120,560,ok
34,24,0.5,20,ADX_72_scaled,1,1.0,0.04388959235402212,0.0,2,both_tie,8400,16800,15,1120,560,ok,16800,15,1120,560,ok
34,24,0.5,20,ema_slope_21_z,2,2.0,0.02602315058413801,0.0,2,entry,8400,16800,15,1120,560,ok,16800,15,1120,560,ok
34,24,0.5,20,RSI_30_bounded,3,2.0,0.01566064259430583,0.0,2,exit,8400,16800,15,1120,560,ok,16800,15,1120,560,ok
34,24,0.5,20,ema_spread_9_21_z,4,3.0,0.022756226249751044,0.0,2,entry,8400,16800,15,1120,560,ok,16800,15,1120,560,ok
34,24,0.5,20,RSI_14_bounded,5,3.0,0.01967351059345207,0.0,2,exit,8400,16800,15,1120,560,ok,16800,15,1120,560,ok
34,24,0.5,20,ema_slope_9_z,6,4.0,0.012065035933329693,0.0,1,exit,8400,16800,15,1120,560,ok,16800,15,1120,560,ok
34,24,0.5,20,volatility_168_sqrt_z,7,5.0,0.01933544125715031,0.0,1,entry,8400,16800,15,1120,560,ok,16800,15,1120,560,ok
34,24,0.5,20,volatility_72_sqrt_z,8,6.0,0.01891802669429493,0.0,2,entry,8400,16800,15,1120,560,ok,16800,15,1120,560,ok
34,24,0.5,20,dist_ema_200_z,9,6.0,0.006606545528936358,0.0,1,exit,8400,16800,15,1120,560,ok,16800,15,1120,560,ok
34,24,0.5,20,ema_slope_50_z,10,7.0,0.017955394006810232,0.0,2,both_tie,8400,16800,15,1120,560,ok,16800,15,1120,560,ok
34,24,0.5,20,MACD_hist_pct_z,11,8.0,0.011684445833915702,0.0,1,exit,8400,16800,15,1120,560,ok,16800,15,1120,560,ok
34,24,0.5,20,MOM_pct_72_z,12,9.0,0.014761169691260956,0.0,2,entry,8400,16800,15,1120,560,ok,16800,15,1120,560,ok
34,24,0.5,20,log_ret_72_z,13,10.0,0.014581507872123423,0.0,1,entry,8400,16800,15,1120,560,ok,16800,15,1120,560,ok
34,24,0.5,20,dist_to_low_168_sqrt_z,14,11.0,0.014009237615512815,0.0,1,entry,8400,16800,15,1120,560,ok,16800,15,1120,560,ok
34,24,0.5,20,log_ret_6_z,15,11.0,0.008348356696740167,0.0,1,exit,8400,16800,15,1120,560,ok,16800,15,1120,560,ok
34,24,0.5,20,price_pos_in_range_72_norm,16,12.0,0.013776974491986838,0.0,2,both_tie,8400,16800,15,1120,560,ok,16800,15,1120,560,ok
34,24,0.5,20,ema_spread_21_50_z,17,13.0,0.012507344908438245,0.0,1,entry,8400,16800,15,1120,560,ok,16800,15,1120,560,ok
34,24,0.5,20,ema_spread_100_200_z,18,14.0,0.012158743278727513,0.0,1,entry,8400,16800,15,1120,560,ok,16800,15,1120,560,ok
34,24,0.5,20,ADX_30_scaled,19,14.0,0.011599422328326892,0.0,1,exit,8400,16800,15,1120,560,ok,16800,15,1120,560,ok
34,24,0.5,20,dist_to_high_24_sqrt_z,20,15.0,0.006568219403075726,0.0,0,exit,8400,16800,15,1120,560,ok,16800,15,1120,560,ok
34,24,0.5,26,ADX_72_scaled,1,1.0,0.04388959235402212,0.0,2,both_tie,8400,16800,15,1120,560,ok,16800,15,1120,560,ok
34,24,0.5,26,ema_slope_21_z,2,2.0,0.02602315058413801,0.0,2,entry,8400,16800,15,1120,560,ok,16800,15,1120,560,ok
34,24,0.5,26,RSI_30_bounded,3,2.0,0.01566064259430583,0.0,2,exit,8400,16800,15,1120,560,ok,16800,15,1120,560,ok
34,24,0.5,26,ema_spread_9_21_z,4,3.0,0.022756226249751044,0.0,2,entry,8400,16800,15,1120,560,ok,16800,15,1120,560,ok
34,24,0.5,26,RSI_14_bounded,5,3.0,0.01967351059345207,0.0,2,exit,8400,16800,15,1120,560,ok,16800,15,1120,560,ok
34,24,0.5,26,ema_slope_9_z,6,4.0,0.012065035933329693,0.0,1,exit,8400,16800,15,1120,560,ok,16800,15,1120,560,ok
34,24,0.5,26,volatility_168_sqrt_z,7,5.0,0.01933544125715031,0.0,1,entry,8400,16800,15,1120,560,ok,16800,15,1120,560,ok
34,24,0.5,26,volatility_72_sqrt_z,8,6.0,0.01891802669429493,0.0,2,entry,8400,16800,15,1120,560,ok,16800,15,1120,560,ok
34,24,0.5,26,dist_ema_200_z,9,6.0,0.006606545528936358,0.0,1,exit,8400,16800,15,1120,560,ok,16800,15,1120,560,ok
34,24,0.5,26,ema_slope_50_z,10,7.0,0.017955394006810232,0.0,2,both_tie,8400,16800,15,1120,560,ok,16800,15,1120,560,ok
34,24,0.5,26,MACD_hist_pct_z,11,8.0,0.011684445833915702,0.0,1,exit,8400,16800,15,1120,560,ok,16800,15,1120,560,ok
34,24,0.5,26,MOM_pct_72_z,12,9.0,0.014761169691260956,0.0,2,entry,8400,16800,15,1120,560,ok,16800,15,1120,560,ok
34,24,0.5,26,log_ret_72_z,13,10.0,0.014581507872123423,0.0,1,entry,8400,16800,15,1120,560,ok,16800,15,1120,560,ok
34,24,0.5,26,dist_to_low_168_sqrt_z,14,11.0,0.014009237615512815,0.0,1,entry,8400,16800,15,1120,560,ok,16800,15,1120,560,ok
34,24,0.5,26,log_ret_6_z,15,11.0,0.008348356696740167,0.0,1,exit,8400,16800,15,1120,560,ok,16800,15,1120,560,ok
34,24,0.5,26,price_pos_in_range_72_norm,16,12.0,0.013776974491986838,0.0,2,both_tie,8400,16800,15,1120,560,ok,16800,15,1120,560,ok
34,24,0.5,26,ema_spread_21_50_z,17,13.0,0.012507344908438245,0.0,1,entry,8400,16800,15,1120,560,ok,16800,15,1120,560,ok
34,24,0.5,26,ema_spread_100_200_z,18,14.0,0.012158743278727513,0.0,1,entry,8400,16800,15,1120,560,ok,16800,15,1120,560,ok
34,24,0.5,26,ADX_30_scaled,19,14.0,0.011599422328326892,0.0,1,exit,8400,16800,15,1120,560,ok,16800,15,1120,560,ok
34,24,0.5,26,dist_to_high_24_sqrt_z,20,15.0,0.006568219403075726,0.0,0,exit,8400,16800,15,1120,560,ok,16800,15,1120,560,ok
34,24,0.5,26,dist_to_high_168_sqrt_z,21,17.0,0.003680945981723527,0.0,0,exit,8400,16800,15,1120,560,ok,16800,15,1120,560,ok
34,24,0.5,26,volatility_24_sqrt_z,22,18.0,0.011506441717064164,0.0,0,entry,8400,16800,15,1120,560,ok,16800,15,1120,560,ok
34,24,0.5,26,ema_spread_50_100_z,23,19.0,0.011226703789783521,0.0,0,entry,8400,16800,15,1120,560,ok,16800,15,1120,560,ok
34,24,0.5,26,NATR_14_z,24,19.0,0.004843608306467073,0.0,0,exit,8400,16800,15,1120,560,ok,16800,15,1120,560,ok
34,24,0.5,26,dist_to_low_24_sqrt_z,25,20.0,0.010278565304399745,0.0,0,entry,8400,16800,15,1120,560,ok,16800,15,1120,560,ok
34,24,0.5,26,dist_to_high_72_sqrt_z,26,21.0,0.010086514601266694,0.0,0,entry,8400,16800,15,1120,560,ok,16800,15,1120,560,ok
35,24,0.5,7,ADX_72_scaled,1,1.0,0.02169359375264457,0.0,2,exit,8400,16800,15,1120,560,ok,16800,15,1120,560,ok
35,24,0.5,7,ema_spread_9_21_z,2,1.0,0.015105265734514095,0.0,1,entry,8400,16800,15,1120,560,ok,16800,15,1120,560,ok
35,24,0.5,7,price_pos_in_range_72_norm,3,2.0,0.013550411668066809,0.0,2,exit,8400,16800,15,1120,560,ok,16800,15,1120,560,ok
35,24,0.5,7,ret_accel_72_168_z,4,3.0,0.01380385335646006,0.0,1,entry,8400,16800,15,1120,560,ok,16800,15,1120,560,ok
35,24,0.5,7,ema_spread_50_100_z,5,3.0,0.011097102452887364,0.0,1,exit,8400,16800,15,1120,560,ok,16800,15,1120,560,ok
35,24,0.5,7,ADX_30_scaled,6,4.0,0.012733945254426948,0.0,2,exit,8400,16800,15,1120,560,ok,16800,15,1120,560,ok
35,24,0.5,7,ret_accel_24_72_z,7,4.0,0.013661723897130496,0.0,1,entry,8400,16800,15,1120,560,ok,16800,15,1120,560,ok
35,24,0.5,14,ADX_72_scaled,1,1.0,0.02169359375264457,0.0,2,exit,8400,16800,15,1120,560,ok,16800,15,1120,560,ok
35,24,0.5,14,ema_spread_9_21_z,2,1.0,0.015105265734514095,0.0,1,entry,8400,16800,15,1120,560,ok,16800,15,1120,560,ok
35,24,0.5,14,price_pos_in_range_72_norm,3,2.0,0.013550411668066809,0.0,2,exit,8400,16800,15,1120,560,ok,16800,15,1120,560,ok
35,24,0.5,14,ret_accel_72_168_z,4,3.0,0.01380385335646006,0.0,1,entry,8400,16800,15,1120,560,ok,16800,15,1120,560,ok
35,24,0.5,14,ema_spread_50_100_z,5,3.0,0.011097102452887364,0.0,1,exit,8400,16800,15,1120,560,ok,16800,15,1120,560,ok
35,24,0.5,14,ADX_30_scaled,6,4.0,0.012733945254426948,0.0,2,exit,8400,16800,15,1120,560,ok,16800,15,1120,560,ok
35,24,0.5,14,ret_accel_24_72_z,7,4.0,0.013661723897130496,0.0,1,entry,8400,16800,15,1120,560,ok,16800,15,1120,560,ok
35,24,0.5,14,ema_spread_100_200_z,8,5.0,0.013263377079953287,0.0,2,entry,8400,16800,15,1120,560,ok,16800,15,1120,560,ok
35,24,0.5,14,volatility_24_sqrt_z,9,5.0,0.0072077538978450595,0.0,1,exit,8400,16800,15,1120,560,ok,16800,15,1120,560,ok
35,24,0.5,14,volatility_72_sqrt_z,10,6.0,0.00855322965396721,0.0,2,exit,8400,16800,15,1120,560,ok,16800,15,1120,560,ok
35,24,0.5,14,ema_slope_21_z,11,7.0,0.011841350273248064,0.0,2,entry,8400,16800,15,1120,560,ok,16800,15,1120,560,ok
35,24,0.5,14,vol_expansion_72_log1p_z,12,7.0,0.006208309244042642,0.0,1,exit,8400,16800,15,1120,560,ok,16800,15,1120,560,ok
35,24,0.5,14,ema_spread_21_50_z,13,8.0,0.011600570264826748,0.0,1,entry,8400,16800,15,1120,560,ok,16800,15,1120,560,ok
35,24,0.5,14,volatility_168_sqrt_z,14,10.0,0.009376790321093731,0.0,2,entry,8400,16800,15,1120,560,ok,16800,15,1120,560,ok
35,24,0.5,20,ADX_72_scaled,1,1.0,0.02169359375264457,0.0,2,exit,8400,16800,15,1120,560,ok,16800,15,1120,560,ok
35,24,0.5,20,ema_spread_9_21_z,2,1.0,0.015105265734514095,0.0,1,entry,8400,16800,15,1120,560,ok,16800,15,1120,560,ok
35,24,0.5,20,price_pos_in_range_72_norm,3,2.0,0.013550411668066809,0.0,2,exit,8400,16800,15,1120,560,ok,16800,15,1120,560,ok
35,24,0.5,20,ret_accel_72_168_z,4,3.0,0.01380385335646006,0.0,1,entry,8400,16800,15,1120,560,ok,16800,15,1120,560,ok
35,24,0.5,20,ema_spread_50_100_z,5,3.0,0.011097102452887364,0.0,1,exit,8400,16800,15,1120,560,ok,16800,15,1120,560,ok
35,24,0.5,20,ADX_30_scaled,6,4.0,0.012733945254426948,0.0,2,exit,8400,16800,15,1120,560,ok,16800,15,1120,560,ok
35,24,0.5,20,ret_accel_24_72_z,7,4.0,0.013661723897130496,0.0,1,entry,8400,16800,15,1120,560,ok,16800,15,1120,560,ok
35,24,0.5,20,ema_spread_100_200_z,8,5.0,0.013263377079953287,0.0,2,entry,8400,16800,15,1120,560,ok,16800,15,1120,560,ok
35,24,0.5,20,volatility_24_sqrt_z,9,5.0,0.0072077538978450595,0.0,1,exit,8400,16800,15,1120,560,ok,16800,15,1120,560,ok
35,24,0.5,20,volatility_72_sqrt_z,10,6.0,0.00855322965396721,0.0,2,exit,8400,16800,15,1120,560,ok,16800,15,1120,560,ok
35,24,0.5,20,ema_slope_21_z,11,7.0,0.011841350273248064,0.0,2,entry,8400,16800,15,1120,560,ok,16800,15,1120,560,ok
35,24,0.5,20,vol_expansion_72_log1p_z,12,7.0,0.006208309244042642,0.0,1,exit,8400,16800,15,1120,560,ok,16800,15,1120,560,ok
35,24,0.5,20,ema_spread_21_50_z,13,8.0,0.011600570264826748,0.0,1,entry,8400,16800,15,1120,560,ok,16800,15,1120,560,ok
35,24,0.5,20,volatility_168_sqrt_z,14,10.0,0.009376790321093731,0.0,2,entry,8400,16800,15,1120,560,ok,16800,15,1120,560,ok
35,24,0.5,20,price_pos_in_range_168_norm,15,10.0,0.006519662815253513,0.0,1,exit,8400,16800,15,1120,560,ok,16800,15,1120,560,ok
35,24,0.5,20,dist_to_low_24_sqrt_z,16,11.0,0.009192545148660969,0.0,1,entry,8400,16800,15,1120,560,ok,16800,15,1120,560,ok
35,24,0.5,20,ema_slope_50_z,17,12.0,0.009075177673098622,0.0,1,entry,8400,16800,15,1120,560,ok,16800,15,1120,560,ok
35,24,0.5,20,ADX_14_scaled,18,12.0,0.004976973971657639,0.0,1,exit,8400,16800,15,1120,560,ok,16800,15,1120,560,ok
35,24,0.5,20,NATR_14_z,19,13.0,0.00895131694363116,0.0,1,entry,8400,16800,15,1120,560,ok,16800,15,1120,560,ok
35,24,0.5,20,bb_width_20_sqrt_z,20,13.0,0.004563562083851336,0.0,1,exit,8400,16800,15,1120,560,ok,16800,15,1120,560,ok
35,24,0.5,26,ADX_72_scaled,1,1.0,0.02169359375264457,0.0,2,exit,8400,16800,15,1120,560,ok,16800,15,1120,560,ok
35,24,0.5,26,ema_spread_9_21_z,2,1.0,0.015105265734514095,0.0,1,entry,8400,16800,15,1120,560,ok,16800,15,1120,560,ok
35,24,0.5,26,price_pos_in_range_72_norm,3,2.0,0.013550411668066809,0.0,2,exit,8400,16800,15,1120,560,ok,16800,15,1120,560,ok
35,24,0.5,26,ret_accel_72_168_z,4,3.0,0.01380385335646006,0.0,1,entry,8400,16800,15,1120,560,ok,16800,15,1120,560,ok
35,24,0.5,26,ema_spread_50_100_z,5,3.0,0.011097102452887364,0.0,1,exit,8400,16800,15,1120,560,ok,16800,15,1120,560,ok
35,24,0.5,26,ADX_30_scaled,6,4.0,0.012733945254426948,0.0,2,exit,8400,16800,15,1120,560,ok,16800,15,1120,560,ok
35,24,0.5,26,ret_accel_24_72_z,7,4.0,0.013661723897130496,0.0,1,entry,8400,16800,15,1120,560,ok,16800,15,1120,560,ok
35,24,0.5,26,ema_spread_100_200_z,8,5.0,0.013263377079953287,0.0,2,entry,8400,16800,15,1120,560,ok,16800,15,1120,560,ok
35,24,0.5,26,volatility_24_sqrt_z,9,5.0,0.0072077538978450595,0.0,1,exit,8400,16800,15,1120,560,ok,16800,15,1120,560,ok
35,24,0.5,26,volatility_72_sqrt_z,10,6.0,0.00855322965396721,0.0,2,exit,8400,16800,15,1120,560,ok,16800,15,1120,560,ok
35,24,0.5,26,ema_slope_21_z,11,7.0,0.011841350273248064,0.0,2,entry,8400,16800,15,1120,560,ok,16800,15,1120,560,ok
35,24,0.5,26,vol_expansion_72_log1p_z,12,7.0,0.006208309244042642,0.0,1,exit,8400,16800,15,1120,560,ok,16800,15,1120,560,ok
35,24,0.5,26,ema_spread_21_50_z,13,8.0,0.011600570264826748,0.0,1,entry,8400,16800,15,1120,560,ok,16800,15,1120,560,ok
35,24,0.5,26,volatility_168_sqrt_z,14,10.0,0.009376790321093731,0.0,2,entry,8400,16800,15,1120,560,ok,16800,15,1120,560,ok
35,24,0.5,26,price_pos_in_range_168_norm,15,10.0,0.006519662815253513,0.0,1,exit,8400,16800,15,1120,560,ok,16800,15,1120,560,ok
35,24,0.5,26,dist_to_low_24_sqrt_z,16,11.0,0.009192545148660969,0.0,1,entry,8400,16800,15,1120,560,ok,16800,15,1120,560,ok
35,24,0.5,26,ema_slope_50_z,17,12.0,0.009075177673098622,0.0,1,entry,8400,16800,15,1120,560,ok,16800,15,1120,560,ok
35,24,0.5,26,ADX_14_scaled,18,12.0,0.004976973971657639,0.0,1,exit,8400,16800,15,1120,560,ok,16800,15,1120,560,ok
35,24,0.5,26,NATR_14_z,19,13.0,0.00895131694363116,0.0,1,entry,8400,16800,15,1120,560,ok,16800,15,1120,560,ok
35,24,0.5,26,bb_width_20_sqrt_z,20,13.0,0.004563562083851336,0.0,1,exit,8400,16800,15,1120,560,ok,16800,15,1120,560,ok
35,24,0.5,26,ret_accel_6_24_z,21,14.0,0.004560807615220097,0.0,1,exit,8400,16800,15,1120,560,ok,16800,15,1120,560,ok
35,24,0.5,26,dist_ema_200_z,22,16.0,0.006585628975066649,0.0,0,entry,8400,16800,15,1120,560,ok,16800,15,1120,560,ok
35,24,0.5,26,ema_slope_200_z,23,16.0,0.0046853718242959586,0.0,0,exit,8400,16800,15,1120,560,ok,16800,15,1120,560,ok
35,24,0.5,26,dist_to_high_24_sqrt_z,24,17.0,0.006532354134709317,0.0,0,entry,8400,16800,15,1120,560,ok,16800,15,1120,560,ok
35,24,0.5,26,log_ret_168_z,25,17.0,0.005058192432720321,0.0,0,exit,8400,16800,15,1120,560,ok,16800,15,1120,560,ok
35,24,0.5,26,ema_slope_9_z,26,18.0,0.003808163319497182,0.0,0,exit,8400,16800,15,1120,560,ok,16800,15,1120,560,ok
36,24,0.5,7,dist_ema_200_z,1,1.0,0.021700214808704876,0.0,2,entry,8400,16800,15,1120,560,ok,16800,15,1120,560,ok
36,24,0.5,7,ema_spread_50_100_z,2,1.0,0.017592050217478117,0.0,2,exit,8400,16800,15,1120,560,ok,16800,15,1120,560,ok
36,24,0.5,7,ADX_30_scaled,3,2.0,0.01873075553804704,0.0,2,entry,8400,16800,15,1120,560,ok,16800,15,1120,560,ok
36,24,0.5,7,volatility_24_sqrt_z,4,2.0,0.011910388130954686,0.0,2,exit,8400,16800,15,1120,560,ok,16800,15,1120,560,ok
36,24,0.5,7,ema_slope_50_z,5,3.0,0.013990617830900054,0.0,2,exit,8400,16800,15,1120,560,ok,16800,15,1120,560,ok
36,24,0.5,7,ema_spread_100_200_z,6,4.0,0.016044328445146916,0.0,2,entry,8400,16800,15,1120,560,ok,16800,15,1120,560,ok
36,24,0.5,7,ema_slope_21_z,7,5.0,0.015345993774276145,0.0,1,entry,8400,16800,15,1120,560,ok,16800,15,1120,560,ok
36,24,0.5,14,dist_ema_200_z,1,1.0,0.021700214808704876,0.0,2,entry,8400,16800,15,1120,560,ok,16800,15,1120,560,ok
36,24,0.5,14,ema_spread_50_100_z,2,1.0,0.017592050217478117,0.0,2,exit,8400,16800,15,1120,560,ok,16800,15,1120,560,ok
36,24,0.5,14,ADX_30_scaled,3,2.0,0.01873075553804704,0.0,2,entry,8400,16800,15,1120,560,ok,16800,15,1120,560,ok
36,24,0.5,14,volatility_24_sqrt_z,4,2.0,0.011910388130954686,0.0,2,exit,8400,16800,15,1120,560,ok,16800,15,1120,560,ok
36,24,0.5,14,ema_slope_50_z,5,3.0,0.013990617830900054,0.0,2,exit,8400,16800,15,1120,560,ok,16800,15,1120,560,ok
36,24,0.5,14,ema_spread_100_200_z,6,4.0,0.016044328445146916,0.0,2,entry,8400,16800,15,1120,560,ok,16800,15,1120,560,ok
36,24,0.5,14,ema_slope_21_z,7,5.0,0.015345993774276145,0.0,1,entry,8400,16800,15,1120,560,ok,16800,15,1120,560,ok
36,24,0.5,14,dist_to_high_72_sqrt_z,8,6.0,0.012262906053792655,0.0,2,exit,8400,16800,15,1120,560,ok,16800,15,1120,560,ok
36,24,0.5,14,ema_spread_9_21_z,9,6.0,0.015092900901742201,0.0,1,entry,8400,16800,15,1120,560,ok,16800,15,1120,560,ok
36,24,0.5,14,ret_accel_6_24_z,10,7.0,0.014687378820907981,0.0,2,entry,8400,16800,15,1120,560,ok,16800,15,1120,560,ok
36,24,0.5,14,ADX_14_scaled,11,8.0,0.012158646559503272,0.0,2,exit,8400,16800,15,1120,560,ok,16800,15,1120,560,ok
36,24,0.5,14,ADX_72_scaled,12,8.0,0.014588482546269432,0.0,1,entry,8400,16800,15,1120,560,ok,16800,15,1120,560,ok
36,24,0.5,14,ema_slope_200_z,13,9.0,0.011945147613728668,0.0,2,exit,8400,16800,15,1120,560,ok,16800,15,1120,560,ok
36,24,0.5,14,RSI_72_bounded,14,10.0,0.013795218092184536,0.0,2,both_tie,8400,16800,15,1120,560,ok,16800,15,1120,560,ok
36,24,0.5,20,dist_ema_200_z,1,1.0,0.021700214808704876,0.0,2,entry,8400,16800,15,1120,560,ok,16800,15,1120,560,ok
36,24,0.5,20,ema_spread_50_100_z,2,1.0,0.017592050217478117,0.0,2,exit,8400,16800,15,1120,560,ok,16800,15,1120,560,ok
36,24,0.5,20,ADX_30_scaled,3,2.0,0.01873075553804704,0.0,2,entry,8400,16800,15,1120,560,ok,16800,15,1120,560,ok
36,24,0.5,20,volatility_24_sqrt_z,4,2.0,0.011910388130954686,0.0,2,exit,8400,16800,15,1120,560,ok,16800,15,1120,560,ok
36,24,0.5,20,ema_slope_50_z,5,3.0,0.013990617830900054,0.0,2,exit,8400,16800,15,1120,560,ok,16800,15,1120,560,ok
36,24,0.5,20,ema_spread_100_200_z,6,4.0,0.016044328445146916,0.0,2,entry,8400,16800,15,1120,560,ok,16800,15,1120,560,ok
36,24,0.5,20,ema_slope_21_z,7,5.0,0.015345993774276145,0.0,1,entry,8400,16800,15,1120,560,ok,16800,15,1120,560,ok
36,24,0.5,20,dist_to_high_72_sqrt_z,8,6.0,0.012262906053792655,0.0,2,exit,8400,16800,15,1120,560,ok,16800,15,1120,560,ok
36,24,0.5,20,ema_spread_9_21_z,9,6.0,0.015092900901742201,0.0,1,entry,8400,16800,15,1120,560,ok,16800,15,1120,560,ok
36,24,0.5,20,ret_accel_6_24_z,10,7.0,0.014687378820907981,0.0,2,entry,8400,16800,15,1120,560,ok,16800,15,1120,560,ok
36,24,0.5,20,ADX_14_scaled,11,8.0,0.012158646559503272,0.0,2,exit,8400,16800,15,1120,560,ok,16800,15,1120,560,ok
36,24,0.5,20,ADX_72_scaled,12,8.0,0.014588482546269432,0.0,1,entry,8400,16800,15,1120,560,ok,16800,15,1120,560,ok
36,24,0.5,20,ema_slope_200_z,13,9.0,0.011945147613728668,0.0,2,exit,8400,16800,15,1120,560,ok,16800,15,1120,560,ok
36,24,0.5,20,RSI_72_bounded,14,10.0,0.013795218092184536,0.0,2,both_tie,8400,16800,15,1120,560,ok,16800,15,1120,560,ok
36,24,0.5,20,ema_spread_21_50_z,15,11.0,0.011803784654212168,0.0,1,exit,8400,16800,15,1120,560,ok,16800,15,1120,560,ok
36,24,0.5,20,dist_to_high_24_sqrt_z,16,12.0,0.005261661528300043,0.0,1,exit,8400,16800,15,1120,560,ok,16800,15,1120,560,ok
36,24,0.5,20,RSI_14_bounded,17,13.0,0.009819950727865012,0.0,1,exit,8400,16800,15,1120,560,ok,16800,15,1120,560,ok
36,24,0.5,20,dist_to_high_168_sqrt_z,18,16.0,0.011762508102548086,0.0,0,entry,8400,16800,15,1120,560,ok,16800,15,1120,560,ok
36,24,0.5,20,volatility_72_sqrt_z,19,16.0,0.010367214766593857,0.0,0,exit,8400,16800,15,1120,560,ok,16800,15,1120,560,ok
36,24,0.5,20,dist_ema_100_z,20,17.0,0.011696719097307962,0.0,0,entry,8400,16800,15,1120,560,ok,16800,15,1120,560,ok
36,24,0.5,26,dist_ema_200_z,1,1.0,0.021700214808704876,0.0,2,entry,8400,16800,15,1120,560,ok,16800,15,1120,560,ok
36,24,0.5,26,ema_spread_50_100_z,2,1.0,0.017592050217478117,0.0,2,exit,8400,16800,15,1120,560,ok,16800,15,1120,560,ok
36,24,0.5,26,ADX_30_scaled,3,2.0,0.01873075553804704,0.0,2,entry,8400,16800,15,1120,560,ok,16800,15,1120,560,ok
36,24,0.5,26,volatility_24_sqrt_z,4,2.0,0.011910388130954686,0.0,2,exit,8400,16800,15,1120,560,ok,16800,15,1120,560,ok
36,24,0.5,26,ema_slope_50_z,5,3.0,0.013990617830900054,0.0,2,exit,8400,16800,15,1120,560,ok,16800,15,1120,560,ok
36,24,0.5,26,ema_spread_100_200_z,6,4.0,0.016044328445146916,0.0,2,entry,8400,16800,15,1120,560,ok,16800,15,1120,560,ok
36,24,0.5,26,ema_slope_21_z,7,5.0,0.015345993774276145,0.0,1,entry,8400,16800,15,1120,560,ok,16800,15,1120,560,ok
36,24,0.5,26,dist_to_high_72_sqrt_z,8,6.0,0.012262906053792655,0.0,2,exit,8400,16800,15,1120,560,ok,16800,15,1120,560,ok
36,24,0.5,26,ema_spread_9_21_z,9,6.0,0.015092900901742201,0.0,1,entry,8400,16800,15,1120,560,ok,16800,15,1120,560,ok
36,24,0.5,26,ret_accel_6_24_z,10,7.0,0.014687378820907981,0.0,2,entry,8400,16800,15,1120,560,ok,16800,15,1120,560,ok
36,24,0.5,26,ADX_14_scaled,11,8.0,0.012158646559503272,0.0,2,exit,8400,16800,15,1120,560,ok,16800,15,1120,560,ok
36,24,0.5,26,ADX_72_scaled,12,8.0,0.014588482546269432,0.0,1,entry,8400,16800,15,1120,560,ok,16800,15,1120,560,ok
36,24,0.5,26,ema_slope_200_z,13,9.0,0.011945147613728668,0.0,2,exit,8400,16800,15,1120,560,ok,16800,15,1120,560,ok
36,24,0.5,26,RSI_72_bounded,14,10.0,0.013795218092184536,0.0,2,both_tie,8400,16800,15,1120,560,ok,16800,15,1120,560,ok
36,24,0.5,26,ema_spread_21_50_z,15,11.0,0.011803784654212168,0.0,1,exit,8400,16800,15,1120,560,ok,16800,15,1120,560,ok
36,24,0.5,26,dist_to_high_24_sqrt_z,16,12.0,0.005261661528300043,0.0,1,exit,8400,16800,15,1120,560,ok,16800,15,1120,560,ok
36,24,0.5,26,RSI_14_bounded,17,13.0,0.009819950727865012,0.0,1,exit,8400,16800,15,1120,560,ok,16800,15,1120,560,ok
36,24,0.5,26,dist_to_high_168_sqrt_z,18,16.0,0.011762508102548086,0.0,0,entry,8400,16800,15,1120,560,ok,16800,15,1120,560,ok
36,24,0.5,26,volatility_72_sqrt_z,19,16.0,0.010367214766593857,0.0,0,exit,8400,16800,15,1120,560,ok,16800,15,1120,560,ok
36,24,0.5,26,dist_ema_100_z,20,17.0,0.011696719097307962,0.0,0,entry,8400,16800,15,1120,560,ok,16800,15,1120,560,ok
36,24,0.5,26,dist_to_low_24_sqrt_z,21,17.0,0.011163949472381751,0.0,0,exit,8400,16800,15,1120,560,ok,16800,15,1120,560,ok
36,24,0.5,26,MOM_pct_30_z,22,18.0,0.011590723648380319,0.0,0,entry,8400,16800,15,1120,560,ok,16800,15,1120,560,ok
36,24,0.5,26,ema_slope_100_z,23,18.0,0.007531019186097443,0.0,0,exit,8400,16800,15,1120,560,ok,16800,15,1120,560,ok
36,24,0.5,26,volatility_168_sqrt_z,24,19.0,0.01100787433579431,0.0,0,exit,8400,16800,15,1120,560,ok,16800,15,1120,560,ok
36,24,0.5,26,ret_accel_24_72_z,25,20.0,0.008120983310974106,0.0,0,exit,8400,16800,15,1120,560,ok,16800,15,1120,560,ok
36,24,0.5,26,RSI_30_bounded,26,21.0,0.010576698204794122,0.0,0,entry,8400,16800,15,1120,560,ok,16800,15,1120,560,ok
37,24,0.5,7,ema_spread_9_21_z,1,1.0,0.02089476282652869,0.0,2,entry,8400,16800,15,1120,560,ok,16800,15,1120,560,ok
37,24,0.5,7,bb_width_20_sqrt_z,2,1.0,0.017880293565117,0.0,2,exit,8400,16800,15,1120,560,ok,16800,15,1120,560,ok
37,24,0.5,7,ADX_30_scaled,3,2.0,0.019394120808763127,0.0,2,entry,8400,16800,15,1120,560,ok,16800,15,1120,560,ok
37,24,0.5,7,price_pos_in_range_168_norm,4,3.0,0.017988283401764615,0.0,1,entry,8400,16800,15,1120,560,ok,16800,15,1120,560,ok
37,24,0.5,7,ema_spread_50_100_z,5,3.0,0.007685454820512749,0.0,1,exit,8400,16800,15,1120,560,ok,16800,15,1120,560,ok
37,24,0.5,7,ema_slope_21_z,6,4.0,0.016684061972635056,0.0,2,exit,8400,16800,15,1120,560,ok,16800,15,1120,560,ok
37,24,0.5,7,volatility_168_sqrt_z,7,5.0,0.01748555463727619,0.0,1,entry,8400,16800,15,1120,560,ok,16800,15,1120,560,ok
37,24,0.5,14,ema_spread_9_21_z,1,1.0,0.02089476282652869,0.0,2,entry,8400,16800,15,1120,560,ok,16800,15,1120,560,ok
37,24,0.5,14,bb_width_20_sqrt_z,2,1.0,0.017880293565117,0.0,2,exit,8400,16800,15,1120,560,ok,16800,15,1120,560,ok
37,24,0.5,14,ADX_30_scaled,3,2.0,0.019394120808763127,0.0,2,entry,8400,16800,15,1120,560,ok,16800,15,1120,560,ok
37,24,0.5,14,price_pos_in_range_168_norm,4,3.0,0.017988283401764615,0.0,1,entry,8400,16800,15,1120,560,ok,16800,15,1120,560,ok
37,24,0.5,14,ema_spread_50_100_z,5,3.0,0.007685454820512749,0.0,1,exit,8400,16800,15,1120,560,ok,16800,15,1120,560,ok
37,24,0.5,14,ema_slope_21_z,6,4.0,0.016684061972635056,0.0,2,exit,8400,16800,15,1120,560,ok,16800,15,1120,560,ok
37,24,0.5,14,volatility_168_sqrt_z,7,5.0,0.01748555463727619,0.0,1,entry,8400,16800,15,1120,560,ok,16800,15,1120,560,ok
37,24,0.5,14,log_ret_168_z,8,5.0,0.007440197418239314,0.0,1,exit,8400,16800,15,1120,560,ok,16800,15,1120,560,ok
37,24,0.5,14,ema_slope_50_z,9,6.0,0.01103030108529568,0.0,2,exit,8400,16800,15,1120,560,ok,16800,15,1120,560,ok
37,24,0.5,14,RSI_72_bounded,10,6.0,0.017190155033492416,0.0,1,entry,8400,16800,15,1120,560,ok,16800,15,1120,560,ok
37,24,0.5,14,RSI_14_bounded,11,8.0,0.014618289374578874,0.0,1,entry,8400,16800,15,1120,560,ok,16800,15,1120,560,ok
37,24,0.5,14,volatility_24_sqrt_z,12,8.0,0.010126088706233771,0.0,1,exit,8400,16800,15,1120,560,ok,16800,15,1120,560,ok
37,24,0.5,14,volatility_72_sqrt_z,13,9.0,0.014481084361737895,0.0,1,entry,8400,16800,15,1120,560,ok,16800,15,1120,560,ok
37,24,0.5,14,vol_ratio_24_log1p_z,14,9.0,0.005248885477011411,0.0,1,exit,8400,16800,15,1120,560,ok,16800,15,1120,560,ok
37,24,0.5,20,ema_spread_9_21_z,1,1.0,0.02089476282652869,0.0,2,entry,8400,16800,15,1120,560,ok,16800,15,1120,560,ok
37,24,0.5,20,bb_width_20_sqrt_z,2,1.0,0.017880293565117,0.0,2,exit,8400,16800,15,1120,560,ok,16800,15,1120,560,ok
37,24,0.5,20,ADX_30_scaled,3,2.0,0.019394120808763127,0.0,2,entry,8400,16800,15,1120,560,ok,16800,15,1120,560,ok
37,24,0.5,20,price_pos_in_range_168_norm,4,3.0,0.017988283401764615,0.0,1,entry,8400,16800,15,1120,560,ok,16800,15,1120,560,ok
37,24,0.5,20,ema_spread_50_100_z,5,3.0,0.007685454820512749,0.0,1,exit,8400,16800,15,1120,560,ok,16800,15,1120,560,ok
37,24,0.5,20,ema_slope_21_z,6,4.0,0.016684061972635056,0.0,2,exit,8400,16800,15,1120,560,ok,16800,15,1120,560,ok
37,24,0.5,20,volatility_168_sqrt_z,7,5.0,0.01748555463727619,0.0,1,entry,8400,16800,15,1120,560,ok,16800,15,1120,560,ok
37,24,0.5,20,log_ret_168_z,8,5.0,0.007440197418239314,0.0,1,exit,8400,16800,15,1120,560,ok,16800,15,1120,560,ok
37,24,0.5,20,ema_slope_50_z,9,6.0,0.01103030108529568,0.0,2,exit,8400,16800,15,1120,560,ok,16800,15,1120,560,ok
37,24,0.5,20,RSI_72_bounded,10,6.0,0.017190155033492416,0.0,1,entry,8400,16800,15,1120,560,ok,16800,15,1120,560,ok
37,24,0.5,20,RSI_14_bounded,11,8.0,0.014618289374578874,0.0,1,entry,8400,16800,15,1120,560,ok,16800,15,1120,560,ok
37,24,0.5,20,volatility_24_sqrt_z,12,8.0,0.010126088706233771,0.0,1,exit,8400,16800,15,1120,560,ok,16800,15,1120,560,ok
37,24,0.5,20,volatility_72_sqrt_z,13,9.0,0.014481084361737895,0.0,1,entry,8400,16800,15,1120,560,ok,16800,15,1120,560,ok
37,24,0.5,20,vol_ratio_24_log1p_z,14,9.0,0.005248885477011411,0.0,1,exit,8400,16800,15,1120,560,ok,16800,15,1120,560,ok
37,24,0.5,20,vol_expansion_168_log1p_z,15,10.0,0.014216412770507003,0.0,1,entry,8400,16800,15,1120,560,ok,16800,15,1120,560,ok
37,24,0.5,20,ret_accel_24_72_z,16,10.0,0.007813644932908148,0.0,1,exit,8400,16800,15,1120,560,ok,16800,15,1120,560,ok
37,24,0.5,20,range_sqrt_z,17,11.0,0.013295106020326464,0.0,1,entry,8400,16800,15,1120,560,ok,16800,15,1120,560,ok
37,24,0.5,20,dist_to_high_168_sqrt_z,18,11.0,0.009151681010119983,0.0,1,exit,8400,16800,15,1120,560,ok,16800,15,1120,560,ok
37,24,0.5,20,ADX_14_scaled,19,12.0,0.012366025020027038,0.0,1,entry,8400,16800,15,1120,560,ok,16800,15,1120,560,ok
37,24,0.5,20,NATR_14_z,20,12.0,0.007153156145318085,0.0,1,exit,8400,16800,15,1120,560,ok,16800,15,1120,560,ok
37,24,0.5,26,ema_spread_9_21_z,1,1.0,0.02089476282652869,0.0,2,entry,8400,16800,15,1120,560,ok,16800,15,1120,560,ok
37,24,0.5,26,bb_width_20_sqrt_z,2,1.0,0.017880293565117,0.0,2,exit,8400,16800,15,1120,560,ok,16800,15,1120,560,ok
37,24,0.5,26,ADX_30_scaled,3,2.0,0.019394120808763127,0.0,2,entry,8400,16800,15,1120,560,ok,16800,15,1120,560,ok
37,24,0.5,26,price_pos_in_range_168_norm,4,3.0,0.017988283401764615,0.0,1,entry,8400,16800,15,1120,560,ok,16800,15,1120,560,ok
37,24,0.5,26,ema_spread_50_100_z,5,3.0,0.007685454820512749,0.0,1,exit,8400,16800,15,1120,560,ok,16800,15,1120,560,ok
37,24,0.5,26,ema_slope_21_z,6,4.0,0.016684061972635056,0.0,2,exit,8400,16800,15,1120,560,ok,16800,15,1120,560,ok
37,24,0.5,26,volatility_168_sqrt_z,7,5.0,0.01748555463727619,0.0,1,entry,8400,16800,15,1120,560,ok,16800,15,1120,560,ok
37,24,0.5,26,log_ret_168_z,8,5.0,0.007440197418239314,0.0,1,exit,8400,16800,15,1120,560,ok,16800,15,1120,560,ok
37,24,0.5,26,ema_slope_50_z,9,6.0,0.01103030108529568,0.0,2,exit,8400,16800,15,1120,560,ok,16800,15,1120,560,ok
37,24,0.5,26,RSI_72_bounded,10,6.0,0.017190155033492416,0.0,1,entry,8400,16800,15,1120,560,ok,16800,15,1120,560,ok
37,24,0.5,26,RSI_14_bounded,11,8.0,0.014618289374578874,0.0,1,entry,8400,16800,15,1120,560,ok,16800,15,1120,560,ok
37,24,0.5,26,volatility_24_sqrt_z,12,8.0,0.010126088706233771,0.0,1,exit,8400,16800,15,1120,560,ok,16800,15,1120,560,ok
37,24,0.5,26,volatility_72_sqrt_z,13,9.0,0.014481084361737895,0.0,1,entry,8400,16800,15,1120,560,ok,16800,15,1120,560,ok
37,24,0.5,26,vol_ratio_24_log1p_z,14,9.0,0.005248885477011411,0.0,1,exit,8400,16800,15,1120,560,ok,16800,15,1120,560,ok
37,24,0.5,26,vol_expansion_168_log1p_z,15,10.0,0.014216412770507003,0.0,1,entry,8400,16800,15,1120,560,ok,16800,15,1120,560,ok
37,24,0.5,26,ret_accel_24_72_z,16,10.0,0.007813644932908148,0.0,1,exit,8400,16800,15,1120,560,ok,16800,15,1120,560,ok
37,24,0.5,26,range_sqrt_z,17,11.0,0.013295106020326464,0.0,1,entry,8400,16800,15,1120,560,ok,16800,15,1120,560,ok
37,24,0.5,26,dist_to_high_168_sqrt_z,18,11.0,0.009151681010119983,0.0,1,exit,8400,16800,15,1120,560,ok,16800,15,1120,560,ok
37,24,0.5,26,ADX_14_scaled,19,12.0,0.012366025020027038,0.0,1,entry,8400,16800,15,1120,560,ok,16800,15,1120,560,ok
37,24,0.5,26,NATR_14_z,20,12.0,0.007153156145318085,0.0,1,exit,8400,16800,15,1120,560,ok,16800,15,1120,560,ok
37,24,0.5,26,ema_slope_9_z,21,13.0,0.00699265276975003,0.0,1,exit,8400,16800,15,1120,560,ok,16800,15,1120,560,ok
37,24,0.5,26,MOM_pct_30_z,22,14.0,0.010380921687256572,0.0,1,entry,8400,16800,15,1120,560,ok,16800,15,1120,560,ok
37,24,0.5,26,RSI_30_bounded,23,14.0,0.008842311430657723,0.0,1,exit,8400,16800,15,1120,560,ok,16800,15,1120,560,ok
37,24,0.5,26,ema_slope_100_z,24,15.0,0.005244148343645505,0.0,0,exit,8400,16800,15,1120,560,ok,16800,15,1120,560,ok
37,24,0.5,26,log_ret_6_z,25,16.0,0.010031152390174936,0.0,0,entry,8400,16800,15,1120,560,ok,16800,15,1120,560,ok
37,24,0.5,26,ema_slope_200_z,26,16.0,0.007581468604614727,0.0,0,exit,8400,16800,15,1120,560,ok,16800,15,1120,560,ok
38,24,0.5,7,RSI_72_bounded,1,1.0,0.02139824474203894,0.0,2,both_tie,8400,16800,15,1120,560,ok,16800,15,1120,560,ok
38,24,0.5,7,RSI_30_bounded,2,2.0,0.01758159552277605,0.0,2,entry,8400,16800,15,1120,560,ok,16800,15,1120,560,ok
38,24,0.5,7,RSI_14_bounded,3,2.0,0.016954653456905056,0.0,2,exit,8400,16800,15,1120,560,ok,16800,15,1120,560,ok
38,24,0.5,7,price_pos_in_range_72_norm,4,3.0,0.01276370014100131,0.0,1,exit,8400,16800,15,1120,560,ok,16800,15,1120,560,ok
38,24,0.5,7,dist_ema_200_z,5,4.0,0.014297904484820156,0.0,2,exit,8400,16800,15,1120,560,ok,16800,15,1120,560,ok
38,24,0.5,7,volatility_168_sqrt_z,6,4.0,0.015666227455732984,0.0,1,entry,8400,16800,15,1120,560,ok,16800,15,1120,560,ok
38,24,0.5,7,vol_expansion_168_log1p_z,7,5.0,0.015157276548303789,0.0,1,entry,8400,16800,15,1120,560,ok,16800,15,1120,560,ok
38,24,0.5,14,RSI_72_bounded,1,1.0,0.02139824474203894,0.0,2,both_tie,8400,16800,15,1120,560,ok,16800,15,1120,560,ok
38,24,0.5,14,RSI_30_bounded,2,2.0,0.01758159552277605,0.0,2,entry,8400,16800,15,1120,560,ok,16800,15,1120,560,ok
38,24,0.5,14,RSI_14_bounded,3,2.0,0.016954653456905056,0.0,2,exit,8400,16800,15,1120,560,ok,16800,15,1120,560,ok
38,24,0.5,14,price_pos_in_range_72_norm,4,3.0,0.01276370014100131,0.0,1,exit,8400,16800,15,1120,560,ok,16800,15,1120,560,ok
38,24,0.5,14,dist_ema_200_z,5,4.0,0.014297904484820156,0.0,2,exit,8400,16800,15,1120,560,ok,16800,15,1120,560,ok
38,24,0.5,14,volatility_168_sqrt_z,6,4.0,0.015666227455732984,0.0,1,entry,8400,16800,15,1120,560,ok,16800,15,1120,560,ok
38,24,0.5,14,vol_expansion_168_log1p_z,7,5.0,0.015157276548303789,0.0,1,entry,8400,16800,15,1120,560,ok,16800,15,1120,560,ok
38,24,0.5,14,NATR_14_z,8,6.0,0.01493728218821333,0.0,1,entry,8400,16800,15,1120,560,ok,16800,15,1120,560,ok
38,24,0.5,14,ema_slope_100_z,9,6.0,0.011457111194619396,0.0,1,exit,8400,16800,15,1120,560,ok,16800,15,1120,560,ok
38,24,0.5,14,ADX_72_scaled,10,7.0,0.011054688851805605,0.0,2,exit,8400,16800,15,1120,560,ok,16800,15,1120,560,ok
38,24,0.5,14,price_pos_in_range_168_norm,11,8.0,0.010775662478586023,0.0,2,exit,8400,16800,15,1118,559,ok,16800,15,1118,559,ok
38,24,0.5,14,price_pos_in_range_24_norm,12,8.0,0.012933089629528882,0.0,1,entry,8400,16800,15,1120,560,ok,16800,15,1120,560,ok
38,24,0.5,14,dist_to_high_72_sqrt_z,13,9.0,0.012688803658477243,0.0,1,entry,8400,16800,15,1120,560,ok,16800,15,1120,560,ok
38,24,0.5,14,dist_ema_100_z,14,9.0,0.010726112112243447,0.0,1,exit,8400,16800,15,1120,560,ok,16800,15,1120,560,ok
38,24,0.5,20,RSI_72_bounded,1,1.0,0.02139824474203894,0.0,2,both_tie,8400,16800,15,1120,560,ok,16800,15,1120,560,ok
38,24,0.5,20,RSI_30_bounded,2,2.0,0.01758159552277605,0.0,2,entry,8400,16800,15,1120,560,ok,16800,15,1120,560,ok
38,24,0.5,20,RSI_14_bounded,3,2.0,0.016954653456905056,0.0,2,exit,8400,16800,15,1120,560,ok,16800,15,1120,560,ok
38,24,0.5,20,price_pos_in_range_72_norm,4,3.0,0.01276370014100131,0.0,1,exit,8400,16800,15,1120,560,ok,16800,15,1120,560,ok
38,24,0.5,20,dist_ema_200_z,5,4.0,0.014297904484820156,0.0,2,exit,8400,16800,15,1120,560,ok,16800,15,1120,560,ok
38,24,0.5,20,volatility_168_sqrt_z,6,4.0,0.015666227455732984,0.0,1,entry,8400,16800,15,1120,560,ok,16800,15,1120,560,ok
38,24,0.5,20,vol_expansion_168_log1p_z,7,5.0,0.015157276548303789,0.0,1,entry,8400,16800,15,1120,560,ok,16800,15,1120,560,ok
38,24,0.5,20,NATR_14_z,8,6.0,0.01493728218821333,0.0,1,entry,8400,16800,15,1120,560,ok,16800,15,1120,560,ok
38,24,0.5,20,ema_slope_100_z,9,6.0,0.011457111194619396,0.0,1,exit,8400,16800,15,1120,560,ok,16800,15,1120,560,ok
38,24,0.5,20,ADX_72_scaled,10,7.0,0.011054688851805605,0.0,2,exit,8400,16800,15,1120,560,ok,16800,15,1120,560,ok
38,24,0.5,20,price_pos_in_range_168_norm,11,8.0,0.010775662478586023,0.0,2,exit,8400,16800,15,1118,559,ok,16800,15,1118,559,ok
38,24,0.5,20,price_pos_in_range_24_norm,12,8.0,0.012933089629528882,0.0,1,entry,8400,16800,15,1120,560,ok,16800,15,1120,560,ok
38,24,0.5,20,dist_to_high_72_sqrt_z,13,9.0,0.012688803658477243,0.0,1,entry,8400,16800,15,1120,560,ok,16800,15,1120,560,ok
38,24,0.5,20,dist_ema_100_z,14,9.0,0.010726112112243447,0.0,1,exit,8400,16800,15,1120,560,ok,16800,15,1120,560,ok
38,24,0.5,20,ema_slope_200_z,15,10.0,0.010113949306236325,0.0,2,exit,8400,16800,15,1120,560,ok,16800,15,1120,560,ok
38,24,0.5,20,vol_expansion_72_log1p_z,16,10.0,0.011882104226093482,0.0,1,entry,8400,16800,15,1120,560,ok,16800,15,1120,560,ok
38,24,0.5,20,range_sqrt_z,17,11.0,0.011821426522265144,0.0,1,entry,8400,16800,15,1120,560,ok,16800,15,1120,560,ok
38,24,0.5,20,ADX_30_scaled,18,11.0,0.009191612369358393,0.0,1,exit,8400,16800,15,1120,560,ok,16800,15,1120,560,ok
38,24,0.5,20,ema_spread_100_200_z,19,12.0,0.0076506247276147965,0.0,1,exit,8400,16800,15,1120,560,ok,16800,15,1120,560,ok
38,24,0.5,20,dist_to_low_72_sqrt_z,20,13.0,0.007312029037606249,0.0,1,exit,8400,16800,15,1120,560,ok,16800,15,1120,560,ok
38,24,0.5,26,RSI_72_bounded,1,1.0,0.02139824474203894,0.0,2,both_tie,8400,16800,15,1120,560,ok,16800,15,1120,560,ok
38,24,0.5,26,RSI_30_bounded,2,2.0,0.01758159552277605,0.0,2,entry,8400,16800,15,1120,560,ok,16800,15,1120,560,ok
38,24,0.5,26,RSI_14_bounded,3,2.0,0.016954653456905056,0.0,2,exit,8400,16800,15,1120,560,ok,16800,15,1120,560,ok
38,24,0.5,26,price_pos_in_range_72_norm,4,3.0,0.01276370014100131,0.0,1,exit,8400,16800,15,1120,560,ok,16800,15,1120,560,ok
38,24,0.5,26,dist_ema_200_z,5,4.0,0.014297904484820156,0.0,2,exit,8400,16800,15,1120,560,ok,16800,15,1120,560,ok
38,24,0.5,26,volatility_168_sqrt_z,6,4.0,0.015666227455732984,0.0,1,entry,8400,16800,15,1120,560,ok,16800,15,1120,560,ok
38,24,0.5,26,vol_expansion_168_log1p_z,7,5.0,0.015157276548303789,0.0,1,entry,8400,16800,15,1120,560,ok,16800,15,1120,560,ok
38,24,0.5,26,NATR_14_z,8,6.0,0.01493728218821333,0.0,1,entry,8400,16800,15,1120,560,ok,16800,15,1120,560,ok
38,24,0.5,26,ema_slope_100_z,9,6.0,0.011457111194619396,0.0,1,exit,8400,16800,15,1120,560,ok,16800,15,1120,560,ok
38,24,0.5,26,ADX_72_scaled,10,7.0,0.011054688851805605,0.0,2,exit,8400,16800,15,1120,560,ok,16800,15,1120,560,ok
38,24,0.5,26,price_pos_in_range_168_norm,11,8.0,0.010775662478586023,0.0,2,exit,8400,16800,15,1118,559,ok,16800,15,1118,559,ok
38,24,0.5,26,price_pos_in_range_24_norm,12,8.0,0.012933089629528882,0.0,1,entry,8400,16800,15,1120,560,ok,16800,15,1120,560,ok
38,24,0.5,26,dist_to_high_72_sqrt_z,13,9.0,0.012688803658477243,0.0,1,entry,8400,16800,15,1120,560,ok,16800,15,1120,560,ok
38,24,0.5,26,dist_ema_100_z,14,9.0,0.010726112112243447,0.0,1,exit,8400,16800,15,1120,560,ok,16800,15,1120,560,ok
38,24,0.5,26,ema_slope_200_z,15,10.0,0.010113949306236325,0.0,2,exit,8400,16800,15,1120,560,ok,16800,15,1120,560,ok
38,24,0.5,26,vol_expansion_72_log1p_z,16,10.0,0.011882104226093482,0.0,1,entry,8400,16800,15,1120,560,ok,16800,15,1120,560,ok
38,24,0.5,26,range_sqrt_z,17,11.0,0.011821426522265144,0.0,1,entry,8400,16800,15,1120,560,ok,16800,15,1120,560,ok
38,24,0.5,26,ADX_30_scaled,18,11.0,0.009191612369358393,0.0,1,exit,8400,16800,15,1120,560,ok,16800,15,1120,560,ok
38,24,0.5,26,ema_spread_100_200_z,19,12.0,0.0076506247276147965,0.0,1,exit,8400,16800,15,1120,560,ok,16800,15,1120,560,ok
38,24,0.5,26,dist_to_low_72_sqrt_z,20,13.0,0.007312029037606249,0.0,1,exit,8400,16800,15,1120,560,ok,16800,15,1120,560,ok
38,24,0.5,26,vol_expansion_24_log1p_z,21,14.0,0.009321739270668483,0.0,1,exit,8400,16800,15,1120,560,ok,16800,15,1120,560,ok
38,24,0.5,26,ema_slope_50_z,22,15.0,0.009985960121781767,0.0,0,entry,8400,16800,15,1120,560,ok,16800,15,1120,560,ok
38,24,0.5,26,dist_to_low_168_sqrt_z,23,15.0,0.006050943483598914,0.0,0,exit,8400,16800,15,1120,560,ok,16800,15,1120,560,ok
38,24,0.5,26,dist_ema_9_z,24,16.0,0.009601515439242814,0.0,0,entry,8400,16800,15,1120,560,ok,16800,15,1120,560,ok
38,24,0.5,26,ema_slope_21_z,25,17.0,0.00934599024524485,0.0,0,entry,8400,16800,15,1120,560,ok,16800,15,1120,560,ok
38,24,0.5,26,MOM_pct_30_z,26,17.0,0.008045408322929659,0.0,0,exit,8400,16800,15,1120,560,ok,16800,15,1120,560,ok
39,24,0.5,7,RSI_14_bounded,1,1.0,0.021020592906954683,0.0,2,exit,8400,16800,15,1120,560,ok,16800,15,1120,560,ok
39,24,0.5,7,RSI_30_bounded,2,1.0,0.01616410661277856,0.0,2,entry,8400,16800,15,1120,560,ok,16800,15,1120,560,ok
39,24,0.5,7,ema_spread_50_100_z,3,2.0,0.017143605911080884,0.0,1,exit,8400,16800,15,1120,560,ok,16800,15,1120,560,ok
39,24,0.5,7,RSI_72_bounded,4,3.0,0.01693704342269131,0.0,2,both_tie,8400,16800,15,1120,560,ok,16800,15,1120,560,ok
39,24,0.5,7,ema_slope_21_z,5,4.0,0.012653924710844977,0.0,2,entry,8400,16800,15,1120,560,ok,16800,15,1120,560,ok
39,24,0.5,7,price_pos_in_range_72_norm,6,5.0,0.01586276024252048,0.0,2,exit,8400,16800,15,1120,560,ok,16800,15,1120,560,ok
39,24,0.5,7,ema_slope_50_z,7,5.0,0.011372064245826319,0.0,2,entry,8400,16800,15,1120,560,ok,16800,15,1120,560,ok
39,24,0.5,14,RSI_14_bounded,1,1.0,0.021020592906954683,0.0,2,exit,8400,16800,15,1120,560,ok,16800,15,1120,560,ok
39,24,0.5,14,RSI_30_bounded,2,1.0,0.01616410661277856,0.0,2,entry,8400,16800,15,1120,560,ok,16800,15,1120,560,ok
39,24,0.5,14,ema_spread_50_100_z,3,2.0,0.017143605911080884,0.0,1,exit,8400,16800,15,1120,560,ok,16800,15,1120,560,ok
39,24,0.5,14,RSI_72_bounded,4,3.0,0.01693704342269131,0.0,2,both_tie,8400,16800,15,1120,560,ok,16800,15,1120,560,ok
39,24,0.5,14,ema_slope_21_z,5,4.0,0.012653924710844977,0.0,2,entry,8400,16800,15,1120,560,ok,16800,15,1120,560,ok
39,24,0.5,14,price_pos_in_range_72_norm,6,5.0,0.01586276024252048,0.0,2,exit,8400,16800,15,1120,560,ok,16800,15,1120,560,ok
39,24,0.5,14,ema_slope_50_z,7,5.0,0.011372064245826319,0.0,2,entry,8400,16800,15,1120,560,ok,16800,15,1120,560,ok
39,24,0.5,14,ema_slope_200_z,8,6.0,0.015471737957669762,0.0,1,exit,8400,16800,15,1120,560,ok,16800,15,1120,560,ok
39,24,0.5,14,ema_spread_9_21_z,9,6.0,0.01047780475986293,0.0,1,entry,8400,16800,15,1120,560,ok,16800,15,1120,560,ok
39,24,0.5,14,volatility_168_sqrt_z,10,7.0,0.014928369671692754,0.0,2,exit,8400,16800,15,1120,560,ok,16800,15,1120,560,ok
39,24,0.5,14,ADX_72_scaled,11,7.0,0.011516720947525705,0.0,2,entry,8400,16800,15,1120,560,ok,16800,15,1120,560,ok
39,24,0.5,14,price_pos_in_range_168_norm,12,8.0,0.014060951381434206,0.0,2,exit,8400,16800,15,1120,560,ok,16800,15,1120,560,ok
39,24,0.5,14,dist_ema_200_z,13,9.0,0.013397072218540307,0.0,1,exit,8400,16800,15,1120,560,ok,16800,15,1120,560,ok
39,24,0.5,14,volatility_24_sqrt_z,14,11.0,0.01170854535860577,0.0,1,exit,8400,16800,15,1120,560,ok,16800,15,1120,560,ok
39,24,0.5,20,RSI_14_bounded,1,1.0,0.021020592906954683,0.0,2,exit,8400,16800,15,1120,560,ok,16800,15,1120,560,ok
39,24,0.5,20,RSI_30_bounded,2,1.0,0.01616410661277856,0.0,2,entry,8400,16800,15,1120,560,ok,16800,15,1120,560,ok
39,24,0.5,20,ema_spread_50_100_z,3,2.0,0.017143605911080884,0.0,1,exit,8400,16800,15,1120,560,ok,16800,15,1120,560,ok
39,24,0.5,20,RSI_72_bounded,4,3.0,0.01693704342269131,0.0,2,both_tie,8400,16800,15,1120,560,ok,16800,15,1120,560,ok
39,24,0.5,20,ema_slope_21_z,5,4.0,0.012653924710844977,0.0,2,entry,8400,16800,15,1120,560,ok,16800,15,1120,560,ok
39,24,0.5,20,price_pos_in_range_72_norm,6,5.0,0.01586276024252048,0.0,2,exit,8400,16800,15,1120,560,ok,16800,15,1120,560,ok
39,24,0.5,20,ema_slope_50_z,7,5.0,0.011372064245826319,0.0,2,entry,8400,16800,15,1120,560,ok,16800,15,1120,560,ok
39,24,0.5,20,ema_slope_200_z,8,6.0,0.015471737957669762,0.0,1,exit,8400,16800,15,1120,560,ok,16800,15,1120,560,ok
39,24,0.5,20,ema_spread_9_21_z,9,6.0,0.01047780475986293,0.0,1,entry,8400,16800,15,1120,560,ok,16800,15,1120,560,ok
39,24,0.5,20,volatility_168_sqrt_z,10,7.0,0.014928369671692754,0.0,2,exit,8400,16800,15,1120,560,ok,16800,15,1120,560,ok
39,24,0.5,20,ADX_72_scaled,11,7.0,0.011516720947525705,0.0,2,entry,8400,16800,15,1120,560,ok,16800,15,1120,560,ok
39,24,0.5,20,price_pos_in_range_168_norm,12,8.0,0.014060951381434206,0.0,2,exit,8400,16800,15,1120,560,ok,16800,15,1120,560,ok
39,24,0.5,20,dist_ema_200_z,13,9.0,0.013397072218540307,0.0,1,exit,8400,16800,15,1120,560,ok,16800,15,1120,560,ok
39,24,0.5,20,volatility_24_sqrt_z,14,11.0,0.01170854535860577,0.0,1,exit,8400,16800,15,1120,560,ok,16800,15,1120,560,ok
39,24,0.5,20,dist_to_high_72_sqrt_z,15,11.0,0.009526815913728393,0.0,1,entry,8400,16800,15,1120,560,ok,16800,15,1120,560,ok
39,24,0.5,20,ret_accel_72_168_z,16,12.0,0.009172550372355148,0.0,1,entry,8400,16800,15,1120,560,ok,16800,15,1120,560,ok
39,24,0.5,20,log_ret_72_z,17,13.0,0.011464091169101909,0.0,1,exit,8400,16800,15,1120,560,ok,16800,15,1120,560,ok
39,24,0.5,20,dist_to_high_168_sqrt_z,18,13.0,0.008900342047951926,0.0,1,entry,8400,16800,15,1120,560,ok,16800,15,1120,560,ok
39,24,0.5,20,volatility_72_sqrt_z,19,14.0,0.007166731673977189,0.0,1,entry,8400,16800,15,1120,560,ok,16800,15,1120,560,ok
39,24,0.5,20,ema_spread_21_50_z,20,15.0,0.010719046142148303,0.0,0,exit,8400,16800,15,1120,560,ok,16800,15,1120,560,ok
39,24,0.5,26,RSI_14_bounded,1,1.0,0.021020592906954683,0.0,2,exit,8400,16800,15,1120,560,ok,16800,15,1120,560,ok
39,24,0.5,26,RSI_30_bounded,2,1.0,0.01616410661277856,0.0,2,entry,8400,16800,15,1120,560,ok,16800,15,1120,560,ok
39,24,0.5,26,ema_spread_50_100_z,3,2.0,0.017143605911080884,0.0,1,exit,8400,16800,15,1120,560,ok,16800,15,1120,560,ok
39,24,0.5,26,RSI_72_bounded,4,3.0,0.01693704342269131,0.0,2,both_tie,8400,16800,15,1120,560,ok,16800,15,1120,560,ok
39,24,0.5,26,ema_slope_21_z,5,4.0,0.012653924710844977,0.0,2,entry,8400,16800,15,1120,560,ok,16800,15,1120,560,ok
39,24,0.5,26,price_pos_in_range_72_norm,6,5.0,0.01586276024252048,0.0,2,exit,8400,16800,15,1120,560,ok,16800,15,1120,560,ok
39,24,0.5,26,ema_slope_50_z,7,5.0,0.011372064245826319,0.0,2,entry,8400,16800,15,1120,560,ok,16800,15,1120,560,ok
39,24,0.5,26,ema_slope_200_z,8,6.0,0.015471737957669762,0.0,1,exit,8400,16800,15,1120,560,ok,16800,15,1120,560,ok
39,24,0.5,26,ema_spread_9_21_z,9,6.0,0.01047780475986293,0.0,1,entry,8400,16800,15,1120,560,ok,16800,15,1120,560,ok
39,24,0.5,26,volatility_168_sqrt_z,10,7.0,0.014928369671692754,0.0,2,exit,8400,16800,15,1120,560,ok,16800,15,1120,560,ok
39,24,0.5,26,ADX_72_scaled,11,7.0,0.011516720947525705,0.0,2,entry,8400,16800,15,1120,560,ok,16800,15,1120,560,ok
39,24,0.5,26,price_pos_in_range_168_norm,12,8.0,0.014060951381434206,0.0,2,exit,8400,16800,15,1120,560,ok,16800,15,1120,560,ok
39,24,0.5,26,dist_ema_200_z,13,9.0,0.013397072218540307,0.0,1,exit,8400,16800,15,1120,560,ok,16800,15,1120,560,ok
39,24,0.5,26,volatility_24_sqrt_z,14,11.0,0.01170854535860577,0.0,1,exit,8400,16800,15,1120,560,ok,16800,15,1120,560,ok
39,24,0.5,26,dist_to_high_72_sqrt_z,15,11.0,0.009526815913728393,0.0,1,entry,8400,16800,15,1120,560,ok,16800,15,1120,560,ok
39,24,0.5,26,ret_accel_72_168_z,16,12.0,0.009172550372355148,0.0,1,entry,8400,16800,15,1120,560,ok,16800,15,1120,560,ok
39,24,0.5,26,log_ret_72_z,17,13.0,0.011464091169101909,0.0,1,exit,8400,16800,15,1120,560,ok,16800,15,1120,560,ok
39,24,0.5,26,dist_to_high_168_sqrt_z,18,13.0,0.008900342047951926,0.0,1,entry,8400,16800,15,1120,560,ok,16800,15,1120,560,ok
39,24,0.5,26,volatility_72_sqrt_z,19,14.0,0.007166731673977189,0.0,1,entry,8400,16800,15,1120,560,ok,16800,15,1120,560,ok
39,24,0.5,26,ema_spread_21_50_z,20,15.0,0.010719046142148303,0.0,0,exit,8400,16800,15,1120,560,ok,16800,15,1120,560,ok
39,24,0.5,26,ema_slope_9_z,21,16.0,0.010163088317870439,0.0,0,exit,8400,16800,15,1120,560,ok,16800,15,1120,560,ok
39,24,0.5,26,ADX_30_scaled,22,16.0,0.006399137717483627,0.0,0,entry,8400,16800,15,1120,560,ok,16800,15,1120,560,ok
39,24,0.5,26,MOM_pct_72_z,23,17.0,0.009858367516273892,0.0,0,exit,8400,16800,15,1120,560,ok,16800,15,1120,560,ok
39,24,0.5,26,bb_pos_20_norm,24,17.0,0.005113023746059819,0.0,0,entry,8400,16800,15,1120,560,ok,16800,15,1120,560,ok
39,24,0.5,26,ema_spread_100_200_z,25,18.0,0.009673873308570613,0.0,0,exit,8400,16800,15,1120,560,ok,16800,15,1120,560,ok
39,24,0.5,26,ret_accel_24_72_z,26,18.0,0.007406512526499265,0.0,0,entry,8400,16800,15,1120,560,ok,16800,15,1120,560,ok
40,24,0.5,7,volatility_72_sqrt_z,1,1.0,0.02766186546005156,0.0,2,entry,8400,16800,15,1120,560,ok,16800,15,1120,560,ok
40,24,0.5,7,ema_spread_100_200_z,2,1.0,0.024932762395814656,0.0,2,exit,8400,16800,15,1120,560,ok,16800,15,1120,560,ok
40,24,0.5,7,ADX_30_scaled,3,2.0,0.02437214491778039,0.0,2,exit,8400,16800,15,1120,560,ok,16800,15,1120,560,ok
40,24,0.5,7,volatility_24_sqrt_z,4,3.0,0.02286257461517921,0.0,2,exit,8400,16800,15,1120,560,ok,16800,15,1120,560,ok
40,24,0.5,7,ADX_14_scaled,5,3.0,0.024606356389316242,0.0,1,entry,8400,16800,15,1120,560,ok,16800,15,1120,560,ok
40,24,0.5,7,ADX_72_scaled,6,4.0,0.020743704814153385,0.0,2,exit,8400,16800,15,1120,560,ok,16800,15,1120,560,ok
40,24,0.5,7,ema_slope_50_z,7,5.0,0.009835320384578905,0.0,1,exit,8400,16800,15,1120,560,ok,16800,15,1120,560,ok
40,24,0.5,14,volatility_72_sqrt_z,1,1.0,0.02766186546005156,0.0,2,entry,8400,16800,15,1120,560,ok,16800,15,1120,560,ok
40,24,0.5,14,ema_spread_100_200_z,2,1.0,0.024932762395814656,0.0,2,exit,8400,16800,15,1120,560,ok,16800,15,1120,560,ok
40,24,0.5,14,ADX_30_scaled,3,2.0,0.02437214491778039,0.0,2,exit,8400,16800,15,1120,560,ok,16800,15,1120,560,ok
40,24,0.5,14,volatility_24_sqrt_z,4,3.0,0.02286257461517921,0.0,2,exit,8400,16800,15,1120,560,ok,16800,15,1120,560,ok
40,24,0.5,14,ADX_14_scaled,5,3.0,0.024606356389316242,0.0,1,entry,8400,16800,15,1120,560,ok,16800,15,1120,560,ok
40,24,0.5,14,ADX_72_scaled,6,4.0,0.020743704814153385,0.0,2,exit,8400,16800,15,1120,560,ok,16800,15,1120,560,ok
40,24,0.5,14,ema_slope_50_z,7,5.0,0.009835320384578905,0.0,1,exit,8400,16800,15,1120,560,ok,16800,15,1120,560,ok
40,24,0.5,14,ema_spread_50_100_z,8,6.0,0.019351776943568932,0.0,2,exit,8400,16800,15,1120,560,ok,16800,15,1120,560,ok
40,24,0.5,14,bb_width_20_sqrt_z,9,7.0,0.013927259411169346,0.0,1,exit,8400,16800,15,1120,560,ok,16800,15,1120,560,ok
40,24,0.5,14,ret_accel_6_24_z,10,8.0,0.019007631517460433,0.0,1,entry,8400,16800,15,1120,560,ok,16800,15,1120,560,ok
40,24,0.5,14,ema_slope_21_z,11,8.0,0.015562768505171798,0.0,1,exit,8400,16800,15,1120,560,ok,16800,15,1120,560,ok
40,24,0.5,14,ema_spread_9_21_z,12,9.0,0.016449103204551008,0.0,2,exit,8400,16800,15,1120,560,ok,16800,15,1120,560,ok
40,24,0.5,14,RSI_14_bounded,13,9.0,0.018808854007615616,0.0,1,entry,8400,16800,15,1120,560,ok,16800,15,1120,560,ok
40,24,0.5,14,volatility_168_sqrt_z,14,10.0,0.018302615050203697,0.0,1,entry,8400,16800,15,1120,560,ok,16800,15,1120,560,ok
40,24,0.5,20,volatility_72_sqrt_z,1,1.0,0.02766186546005156,0.0,2,entry,8400,16800,15,1120,560,ok,16800,15,1120,560,ok
40,24,0.5,20,ema_spread_100_200_z,2,1.0,0.024932762395814656,0.0,2,exit,8400,16800,15,1120,560,ok,16800,15,1120,560,ok
40,24,0.5,20,ADX_30_scaled,3,2.0,0.02437214491778039,0.0,2,exit,8400,16800,15,1120,560,ok,16800,15,1120,560,ok
40,24,0.5,20,volatility_24_sqrt_z,4,3.0,0.02286257461517921,0.0,2,exit,8400,16800,15,1120,560,ok,16800,15,1120,560,ok
40,24,0.5,20,ADX_14_scaled,5,3.0,0.024606356389316242,0.0,1,entry,8400,16800,15,1120,560,ok,16800,15,1120,560,ok
40,24,0.5,20,ADX_72_scaled,6,4.0,0.020743704814153385,0.0,2,exit,8400,16800,15,1120,560,ok,16800,15,1120,560,ok
40,24,0.5,20,ema_slope_50_z,7,5.0,0.009835320384578905,0.0,1,exit,8400,16800,15,1120,560,ok,16800,15,1120,560,ok
40,24,0.5,20,ema_spread_50_100_z,8,6.0,0.019351776943568932,0.0,2,exit,8400,16800,15,1120,560,ok,16800,15,1120,560,ok
40,24,0.5,20,bb_width_20_sqrt_z,9,7.0,0.013927259411169346,0.0,1,exit,8400,16800,15,1120,560,ok,16800,15,1120,560,ok
40,24,0.5,20,ret_accel_6_24_z,10,8.0,0.019007631517460433,0.0,1,entry,8400,16800,15,1120,560,ok,16800,15,1120,560,ok
40,24,0.5,20,ema_slope_21_z,11,8.0,0.015562768505171798,0.0,1,exit,8400,16800,15,1120,560,ok,16800,15,1120,560,ok
40,24,0.5,20,ema_spread_9_21_z,12,9.0,0.016449103204551008,0.0,2,exit,8400,16800,15,1120,560,ok,16800,15,1120,560,ok
40,24,0.5,20,RSI_14_bounded,13,9.0,0.018808854007615616,0.0,1,entry,8400,16800,15,1120,560,ok,16800,15,1120,560,ok
40,24,0.5,20,volatility_168_sqrt_z,14,10.0,0.018302615050203697,0.0,1,entry,8400,16800,15,1120,560,ok,16800,15,1120,560,ok
40,24,0.5,20,price_pos_in_range_168_norm,15,11.0,0.018156292443117283,0.0,1,entry,8400,16800,15,1120,560,ok,16800,15,1120,560,ok
40,24,0.5,20,dist_to_low_24_sqrt_z,16,11.0,0.011074412050390559,0.0,1,exit,8400,16800,15,1120,560,ok,16800,15,1120,560,ok
40,24,0.5,20,ret_accel_24_72_z,17,12.0,0.017785662762449195,0.0,1,entry,8400,16800,15,1120,560,ok,16800,15,1120,560,ok
40,24,0.5,20,NATR_14_z,18,12.0,0.006203367285920192,0.0,1,exit,8400,16800,15,1120,560,ok,16800,15,1120,560,ok
40,24,0.5,20,MACD_hist_pct_z,19,13.0,0.01763693569724062,0.0,1,entry,8400,16800,15,1120,560,ok,16800,15,1120,560,ok
40,24,0.5,20,dist_to_high_168_sqrt_z,20,13.0,0.008235311416044166,0.0,1,exit,8400,16800,15,1120,560,ok,16800,15,1120,560,ok
40,24,0.5,26,volatility_72_sqrt_z,1,1.0,0.02766186546005156,0.0,2,entry,8400,16800,15,1120,560,ok,16800,15,1120,560,ok
40,24,0.5,26,ema_spread_100_200_z,2,1.0,0.024932762395814656,0.0,2,exit,8400,16800,15,1120,560,ok,16800,15,1120,560,ok
40,24,0.5,26,ADX_30_scaled,3,2.0,0.02437214491778039,0.0,2,exit,8400,16800,15,1120,560,ok,16800,15,1120,560,ok
40,24,0.5,26,volatility_24_sqrt_z,4,3.0,0.02286257461517921,0.0,2,exit,8400,16800,15,1120,560,ok,16800,15,1120,560,ok
40,24,0.5,26,ADX_14_scaled,5,3.0,0.024606356389316242,0.0,1,entry,8400,16800,15,1120,560,ok,16800,15,1120,560,ok
40,24,0.5,26,ADX_72_scaled,6,4.0,0.020743704814153385,0.0,2,exit,8400,16800,15,1120,560,ok,16800,15,1120,560,ok
40,24,0.5,26,ema_slope_50_z,7,5.0,0.009835320384578905,0.0,1,exit,8400,16800,15,1120,560,ok,16800,15,1120,560,ok
40,24,0.5,26,ema_spread_50_100_z,8,6.0,0.019351776943568932,0.0,2,exit,8400,16800,15,1120,560,ok,16800,15,1120,560,ok
40,24,0.5,26,bb_width_20_sqrt_z,9,7.0,0.013927259411169346,0.0,1,exit,8400,16800,15,1120,560,ok,16800,15,1120,560,ok
40,24,0.5,26,ret_accel_6_24_z,10,8.0,0.019007631517460433,0.0,1,entry,8400,16800,15,1120,560,ok,16800,15,1120,560,ok
40,24,0.5,26,ema_slope_21_z,11,8.0,0.015562768505171798,0.0,1,exit,8400,16800,15,1120,560,ok,16800,15,1120,560,ok
40,24,0.5,26,ema_spread_9_21_z,12,9.0,0.016449103204551008,0.0,2,exit,8400,16800,15,1120,560,ok,16800,15,1120,560,ok
40,24,0.5,26,RSI_14_bounded,13,9.0,0.018808854007615616,0.0,1,entry,8400,16800,15,1120,560,ok,16800,15,1120,560,ok
40,24,0.5,26,volatility_168_sqrt_z,14,10.0,0.018302615050203697,0.0,1,entry,8400,16800,15,1120,560,ok,16800,15,1120,560,ok
40,24,0.5,26,price_pos_in_range_168_norm,15,11.0,0.018156292443117283,0.0,1,entry,8400,16800,15,1120,560,ok,16800,15,1120,560,ok
40,24,0.5,26,dist_to_low_24_sqrt_z,16,11.0,0.011074412050390559,0.0,1,exit,8400,16800,15,1120,560,ok,16800,15,1120,560,ok
40,24,0.5,26,ret_accel_24_72_z,17,12.0,0.017785662762449195,0.0,1,entry,8400,16800,15,1120,560,ok,16800,15,1120,560,ok
40,24,0.5,26,NATR_14_z,18,12.0,0.006203367285920192,0.0,1,exit,8400,16800,15,1120,560,ok,16800,15,1120,560,ok
40,24,0.5,26,MACD_hist_pct_z,19,13.0,0.01763693569724062,0.0,1,entry,8400,16800,15,1120,560,ok,16800,15,1120,560,ok
40,24,0.5,26,dist_to_high_168_sqrt_z,20,13.0,0.008235311416044166,0.0,1,exit,8400,16800,15,1120,560,ok,16800,15,1120,560,ok
40,24,0.5,26,price_pos_in_range_72_norm,21,14.0,0.011890975189054798,0.0,1,exit,8400,16800,15,1118,559,ok,16800,15,1118,559,ok
40,24,0.5,26,dist_ema_100_z,22,15.0,0.015681869129656523,0.0,0,entry,8400,16800,15,1120,560,ok,16800,15,1120,560,ok
40,24,0.5,26,vol_expansion_72_log1p_z,23,15.0,0.007858555827456981,0.0,0,exit,8400,16800,15,1120,560,ok,16800,15,1120,560,ok
40,24,0.5,26,range_sqrt_z,24,17.0,0.015276781170343479,0.0,0,entry,8400,16800,15,1120,560,ok,16800,15,1120,560,ok
40,24,0.5,26,RSI_72_bounded,25,18.0,0.015186982408886274,0.0,0,entry,8400,16800,15,1120,560,ok,16800,15,1120,560,ok
40,24,0.5,26,log_ret_24_z,26,19.0,0.015032883724375556,0.0,0,entry,8400,16800,15,1120,560,ok,16800,15,1120,560,ok
41,24,0.5,7,ADX_72_scaled,1,1.0,0.01891165554800367,0.0,2,entry,8400,16800,15,1120,560,ok,16800,15,1120,560,ok
41,24,0.5,7,price_pos_in_range_168_norm,2,1.0,0.01620044333737325,0.0,2,exit,8400,16800,15,1120,560,ok,16800,15,1120,560,ok
41,24,0.5,7,ema_slope_50_z,3,2.0,0.018629376336709136,0.0,2,entry,8400,16800,15,1120,560,ok,16800,15,1120,560,ok
41,24,0.5,7,ema_spread_9_21_z,4,3.0,0.017582769439902668,0.0,2,entry,8400,16800,15,1120,560,ok,16800,15,1120,560,ok
41,24,0.5,7,ema_slope_21_z,5,3.0,0.016182019915831014,0.0,2,exit,8400,16800,15,1120,560,ok,16800,15,1120,560,ok
41,24,0.5,7,RSI_14_bounded,6,6.0,0.014259996055019819,0.0,2,entry,8400,16800,15,1120,560,ok,16800,15,1120,560,ok
41,24,0.5,7,bb_width_20_sqrt_z,7,6.0,0.0095303574505467,0.0,2,exit,8400,16800,15,1120,560,ok,16800,15,1120,560,ok
41,24,0.5,14,ADX_72_scaled,1,1.0,0.01891165554800367,0.0,2,entry,8400,16800,15,1120,560,ok,16800,15,1120,560,ok
41,24,0.5,14,price_pos_in_range_168_norm,2,1.0,0.01620044333737325,0.0,2,exit,8400,16800,15,1120,560,ok,16800,15,1120,560,ok
41,24,0.5,14,ema_slope_50_z,3,2.0,0.018629376336709136,0.0,2,entry,8400,16800,15,1120,560,ok,16800,15,1120,560,ok
41,24,0.5,14,ema_spread_9_21_z,4,3.0,0.017582769439902668,0.0,2,entry,8400,16800,15,1120,560,ok,16800,15,1120,560,ok
41,24,0.5,14,ema_slope_21_z,5,3.0,0.016182019915831014,0.0,2,exit,8400,16800,15,1120,560,ok,16800,15,1120,560,ok
41,24,0.5,14,RSI_14_bounded,6,6.0,0.014259996055019819,0.0,2,entry,8400,16800,15,1120,560,ok,16800,15,1120,560,ok
41,24,0.5,14,bb_width_20_sqrt_z,7,6.0,0.0095303574505467,0.0,2,exit,8400,16800,15,1120,560,ok,16800,15,1120,560,ok
41,24,0.5,14,ema_spread_50_100_z,8,7.0,0.013612254225357168,0.0,2,entry,8400,16800,15,1120,560,ok,16800,15,1120,560,ok
41,24,0.5,14,ema_slope_100_z,9,7.0,0.009469240855095429,0.0,2,exit,8400,16800,15,1120,560,ok,16800,15,1120,560,ok
41,24,0.5,14,RSI_72_bounded,10,8.0,0.012377871731355072,0.0,2,entry,8400,16800,15,1120,560,ok,16800,15,1120,560,ok
41,24,0.5,14,NATR_14_z,11,8.0,0.009420948285621344,0.0,2,exit,8400,16800,15,1120,560,ok,16800,15,1120,560,ok
41,24,0.5,14,ema_spread_21_50_z,12,9.0,0.01034178340146974,0.0,2,entry,8400,16800,15,1120,560,ok,16800,15,1120,560,ok
41,24,0.5,14,dist_ema_200_z,13,11.0,0.007575382232087702,0.0,1,exit,8400,16800,15,1120,560,ok,16800,15,1120,560,ok
41,24,0.5,14,volatility_72_sqrt_z,14,12.0,0.008531534602354784,0.0,1,entry,8400,16800,15,1120,560,ok,16800,15,1120,560,ok
41,24,0.5,20,ADX_72_scaled,1,1.0,0.01891165554800367,0.0,2,entry,8400,16800,15,1120,560,ok,16800,15,1120,560,ok
41,24,0.5,20,price_pos_in_range_168_norm,2,1.0,0.01620044333737325,0.0,2,exit,8400,16800,15,1120,560,ok,16800,15,1120,560,ok
41,24,0.5,20,ema_slope_50_z,3,2.0,0.018629376336709136,0.0,2,entry,8400,16800,15,1120,560,ok,16800,15,1120,560,ok
41,24,0.5,20,ema_spread_9_21_z,4,3.0,0.017582769439902668,0.0,2,entry,8400,16800,15,1120,560,ok,16800,15,1120,560,ok
41,24,0.5,20,ema_slope_21_z,5,3.0,0.016182019915831014,0.0,2,exit,8400,16800,15,1120,560,ok,16800,15,1120,560,ok
41,24,0.5,20,RSI_14_bounded,6,6.0,0.014259996055019819,0.0,2,entry,8400,16800,15,1120,560,ok,16800,15,1120,560,ok
41,24,0.5,20,bb_width_20_sqrt_z,7,6.0,0.0095303574505467,0.0,2,exit,8400,16800,15,1120,560,ok,16800,15,1120,560,ok
41,24,0.5,20,ema_spread_50_100_z,8,7.0,0.013612254225357168,0.0,2,entry,8400,16800,15,1120,560,ok,16800,15,1120,560,ok
41,24,0.5,20,ema_slope_100_z,9,7.0,0.009469240855095429,0.0,2,exit,8400,16800,15,1120,560,ok,16800,15,1120,560,ok
41,24,0.5,20,RSI_72_bounded,10,8.0,0.012377871731355072,0.0,2,entry,8400,16800,15,1120,560,ok,16800,15,1120,560,ok
41,24,0.5,20,NATR_14_z,11,8.0,0.009420948285621344,0.0,2,exit,8400,16800,15,1120,560,ok,16800,15,1120,560,ok
41,24,0.5,20,ema_spread_21_50_z,12,9.0,0.01034178340146974,0.0,2,entry,8400,16800,15,1120,560,ok,16800,15,1120,560,ok
41,24,0.5,20,dist_ema_200_z,13,11.0,0.007575382232087702,0.0,1,exit,8400,16800,15,1120,560,ok,16800,15,1120,560,ok
41,24,0.5,20,volatility_72_sqrt_z,14,12.0,0.008531534602354784,0.0,1,entry,8400,16800,15,1120,560,ok,16800,15,1120,560,ok
41,24,0.5,20,bb_pos_20_norm,15,12.0,0.007281603454188157,0.0,1,exit,8400,16800,15,1120,560,ok,16800,15,1120,560,ok
41,24,0.5,20,ADX_30_scaled,16,14.0,0.00807962170689358,0.0,1,entry,8400,16800,15,1120,560,ok,16800,15,1120,560,ok
41,24,0.5,20,RSI_30_bounded,17,15.0,0.007939769793662177,0.0,0,entry,8400,16800,15,1120,560,ok,16800,15,1120,560,ok
41,24,0.5,20,MOM_pct_30_z,18,15.0,0.006731953752363795,0.0,0,exit,8400,16800,15,1120,560,ok,16800,15,1120,560,ok
41,24,0.5,20,ret_accel_24_72_z,19,16.0,0.007614946689043056,0.0,0,entry,8400,16800,15,1120,560,ok,16800,15,1120,560,ok
41,24,0.5,20,price_pos_in_range_72_norm,20,16.0,0.005357699269078142,0.0,0,exit,8400,16800,15,1120,560,ok,16800,15,1120,560,ok
41,24,0.5,26,ADX_72_scaled,1,1.0,0.01891165554800367,0.0,2,entry,8400,16800,15,1120,560,ok,16800,15,1120,560,ok
41,24,0.5,26,price_pos_in_range_168_norm,2,1.0,0.01620044333737325,0.0,2,exit,8400,16800,15,1120,560,ok,16800,15,1120,560,ok
41,24,0.5,26,ema_slope_50_z,3,2.0,0.018629376336709136,0.0,2,entry,8400,16800,15,1120,560,ok,16800,15,1120,560,ok
41,24,0.5,26,ema_spread_9_21_z,4,3.0,0.017582769439902668,0.0,2,entry,8400,16800,15,1120,560,ok,16800,15,1120,560,ok
41,24,0.5,26,ema_slope_21_z,5,3.0,0.016182019915831014,0.0,2,exit,8400,16800,15,1120,560,ok,16800,15,1120,560,ok
41,24,0.5,26,RSI_14_bounded,6,6.0,0.014259996055019819,0.0,2,entry,8400,16800,15,1120,560,ok,16800,15,1120,560,ok
41,24,0.5,26,bb_width_20_sqrt_z,7,6.0,0.0095303574505467,0.0,2,exit,8400,16800,15,1120,560,ok,16800,15,1120,560,ok
41,24,0.5,26,ema_spread_50_100_z,8,7.0,0.013612254225357168,0.0,2,entry,8400,16800,15,1120,560,ok,16800,15,1120,560,ok
41,24,0.5,26,ema_slope_100_z,9,7.0,0.009469240855095429,0.0,2,exit,8400,16800,15,1120,560,ok,16800,15,1120,560,ok
41,24,0.5,26,RSI_72_bounded,10,8.0,0.012377871731355072,0.0,2,entry,8400,16800,15,1120,560,ok,16800,15,1120,560,ok
41,24,0.5,26,NATR_14_z,11,8.0,0.009420948285621344,0.0,2,exit,8400,16800,15,1120,560,ok,16800,15,1120,560,ok
41,24,0.5,26,ema_spread_21_50_z,12,9.0,0.01034178340146974,0.0,2,entry,8400,16800,15,1120,560,ok,16800,15,1120,560,ok
41,24,0.5,26,dist_ema_200_z,13,11.0,0.007575382232087702,0.0,1,exit,8400,16800,15,1120,560,ok,16800,15,1120,560,ok
41,24,0.5,26,volatility_72_sqrt_z,14,12.0,0.008531534602354784,0.0,1,entry,8400,16800,15,1120,560,ok,16800,15,1120,560,ok
41,24,0.5,26,bb_pos_20_norm,15,12.0,0.007281603454188157,0.0,1,exit,8400,16800,15,1120,560,ok,16800,15,1120,560,ok
41,24,0.5,26,ADX_30_scaled,16,14.0,0.00807962170689358,0.0,1,entry,8400,16800,15,1120,560,ok,16800,15,1120,560,ok
41,24,0.5,26,RSI_30_bounded,17,15.0,0.007939769793662177,0.0,0,entry,8400,16800,15,1120,560,ok,16800,15,1120,560,ok
41,24,0.5,26,MOM_pct_30_z,18,15.0,0.006731953752363795,0.0,0,exit,8400,16800,15,1120,560,ok,16800,15,1120,560,ok
41,24,0.5,26,ret_accel_24_72_z,19,16.0,0.007614946689043056,0.0,0,entry,8400,16800,15,1120,560,ok,16800,15,1120,560,ok
41,24,0.5,26,price_pos_in_range_72_norm,20,16.0,0.005357699269078142,0.0,0,exit,8400,16800,15,1120,560,ok,16800,15,1120,560,ok
41,24,0.5,26,ema_spread_100_200_z,21,17.0,0.007392061196693334,0.0,0,entry,8400,16800,15,1120,560,ok,16800,15,1120,560,ok
41,24,0.5,26,dist_to_high_24_sqrt_z,22,18.0,0.006972916614234159,0.0,0,entry,8400,16800,15,1120,560,ok,16800,15,1120,560,ok
41,24,0.5,26,ret_accel_6_24_z,23,18.0,0.006272391795872911,0.0,0,exit,8400,16800,15,1120,560,ok,16800,15,1120,560,ok
41,24,0.5,26,dist_to_low_72_sqrt_z,24,19.0,0.006776313345983831,0.0,0,entry,8400,16800,15,1120,560,ok,16800,15,1120,560,ok
41,24,0.5,26,log_ret_6_z,25,19.0,0.006347414153125452,0.0,0,exit,8400,16800,15,1120,560,ok,16800,15,1120,560,ok
41,24,0.5,26,MACD_hist_pct_z,26,20.0,0.004010275096621774,0.0,0,exit,8400,16800,15,1120,560,ok,16800,15,1120,560,ok
42,24,0.5,7,ADX_72_scaled,1,1.0,0.025909975570262533,0.0,2,entry,8400,16800,15,1120,560,ok,16800,15,1120,560,ok
42,24,0.5,7,price_pos_in_range_168_norm,2,1.0,0.024000748811482064,0.0,2,exit,8400,16800,15,1120,560,ok,16800,15,1120,560,ok
42,24,0.5,7,ema_spread_50_100_z,3,2.0,0.018016582190132635,0.0,2,exit,8400,16800,15,1120,560,ok,16800,15,1120,560,ok
42,24,0.5,7,RSI_14_bounded,4,2.0,0.024552244189388728,0.0,1,entry,8400,16800,15,1120,560,ok,16800,15,1120,560,ok
42,24,0.5,7,NATR_14_z,5,3.0,0.0079466973915715,0.0,1,exit,8400,16800,15,1120,560,ok,16800,15,1120,560,ok
42,24,0.5,7,RSI_72_bounded,6,4.0,0.023650320744133924,0.0,2,entry,8400,16800,15,1120,560,ok,16800,15,1120,560,ok
42,24,0.5,7,volatility_168_sqrt_z,7,5.0,0.023428539577688534,0.0,2,entry,8400,16800,15,1120,560,ok,16800,15,1120,560,ok
42,24,0.5,14,ADX_72_scaled,1,1.0,0.025909975570262533,0.0,2,entry,8400,16800,15,1120,560,ok,16800,15,1120,560,ok
42,24,0.5,14,price_pos_in_range_168_norm,2,1.0,0.024000748811482064,0.0,2,exit,8400,16800,15,1120,560,ok,16800,15,1120,560,ok
42,24,0.5,14,ema_spread_50_100_z,3,2.0,0.018016582190132635,0.0,2,exit,8400,16800,15,1120,560,ok,16800,15,1120,560,ok
42,24,0.5,14,RSI_14_bounded,4,2.0,0.024552244189388728,0.0,1,entry,8400,16800,15,1120,560,ok,16800,15,1120,560,ok
42,24,0.5,14,NATR_14_z,5,3.0,0.0079466973915715,0.0,1,exit,8400,16800,15,1120,560,ok,16800,15,1120,560,ok
42,24,0.5,14,RSI_72_bounded,6,4.0,0.023650320744133924,0.0,2,entry,8400,16800,15,1120,560,ok,16800,15,1120,560,ok
42,24,0.5,14,volatility_168_sqrt_z,7,5.0,0.023428539577688534,0.0,2,entry,8400,16800,15,1120,560,ok,16800,15,1120,560,ok
42,24,0.5,14,price_pos_in_range_72_norm,8,5.0,0.01440567978592372,0.0,1,exit,8400,16800,15,1120,560,ok,16800,15,1120,560,ok
42,24,0.5,14,ADX_30_scaled,9,6.0,0.02132395677986354,0.0,2,entry,8400,16800,15,1120,560,ok,16800,15,1120,560,ok
42,24,0.5,14,ADX_14_scaled,10,6.0,0.01714207098506293,0.0,2,exit,8400,16800,15,1120,560,ok,16800,15,1120,560,ok
42,24,0.5,14,volatility_72_sqrt_z,11,7.0,0.021319120354132914,0.0,2,both_tie,8400,16800,15,1120,560,ok,16800,15,1120,560,ok
42,24,0.5,14,volatility_24_sqrt_z,12,8.0,0.016850486255229558,0.0,2,exit,8400,16800,15,1120,560,ok,16800,15,1120,560,ok
42,24,0.5,14,vol_expansion_72_log1p_z,13,9.0,0.0033329961892089033,0.0,1,exit,8400,16800,15,1120,560,ok,16800,15,1120,560,ok
42,24,0.5,14,RSI_30_bounded,14,10.0,0.017009536192154784,0.0,2,entry,8400,16800,15,1120,560,ok,16800,15,1120,560,ok
42,24,0.5,20,ADX_72_scaled,1,1.0,0.025909975570262533,0.0,2,entry,8400,16800,15,1120,560,ok,16800,15,1120,560,ok
42,24,0.5,20,price_pos_in_range_168_norm,2,1.0,0.024000748811482064,0.0,2,exit,8400,16800,15,1120,560,ok,16800,15,1120,560,ok
42,24,0.5,20,ema_spread_50_100_z,3,2.0,0.018016582190132635,0.0,2,exit,8400,16800,15,1120,560,ok,16800,15,1120,560,ok
42,24,0.5,20,RSI_14_bounded,4,2.0,0.024552244189388728,0.0,1,entry,8400,16800,15,1120,560,ok,16800,15,1120,560,ok
42,24,0.5,20,NATR_14_z,5,3.0,0.0079466973915715,0.0,1,exit,8400,16800,15,1120,560,ok,16800,15,1120,560,ok
42,24,0.5,20,RSI_72_bounded,6,4.0,0.023650320744133924,0.0,2,entry,8400,16800,15,1120,560,ok,16800,15,1120,560,ok
42,24,0.5,20,volatility_168_sqrt_z,7,5.0,0.023428539577688534,0.0,2,entry,8400,16800,15,1120,560,ok,16800,15,1120,560,ok
42,24,0.5,20,price_pos_in_range_72_norm,8,5.0,0.01440567978592372,0.0,1,exit,8400,16800,15,1120,560,ok,16800,15,1120,560,ok
42,24,0.5,20,ADX_30_scaled,9,6.0,0.02132395677986354,0.0,2,entry,8400,16800,15,1120,560,ok,16800,15,1120,560,ok
42,24,0.5,20,ADX_14_scaled,10,6.0,0.01714207098506293,0.0,2,exit,8400,16800,15,1120,560,ok,16800,15,1120,560,ok
42,24,0.5,20,volatility_72_sqrt_z,11,7.0,0.021319120354132914,0.0,2,both_tie,8400,16800,15,1120,560,ok,16800,15,1120,560,ok
42,24,0.5,20,volatility_24_sqrt_z,12,8.0,0.016850486255229558,0.0,2,exit,8400,16800,15,1120,560,ok,16800,15,1120,560,ok
42,24,0.5,20,vol_expansion_72_log1p_z,13,9.0,0.0033329961892089033,0.0,1,exit,8400,16800,15,1120,560,ok,16800,15,1120,560,ok
42,24,0.5,20,RSI_30_bounded,14,10.0,0.017009536192154784,0.0,2,entry,8400,16800,15,1120,560,ok,16800,15,1120,560,ok
42,24,0.5,20,ema_spread_21_50_z,15,10.0,0.013550172101218227,0.0,1,exit,8400,16800,15,1120,560,ok,16800,15,1120,560,ok
42,24,0.5,20,ema_slope_200_z,16,12.0,0.01620196019708131,0.0,1,entry,8400,16800,15,1120,560,ok,16800,15,1120,560,ok
42,24,0.5,20,dist_to_high_72_sqrt_z,17,13.0,0.014759025066790998,0.0,1,entry,8400,16800,15,1120,560,ok,16800,15,1120,560,ok
42,24,0.5,20,ema_slope_21_z,18,14.0,0.014590753569779458,0.0,1,entry,8400,16800,15,1120,560,ok,16800,15,1120,560,ok
42,24,0.5,20,bb_width_20_sqrt_z,19,15.0,0.006390589249076706,0.0,0,exit,8400,16800,15,1120,560,ok,16800,15,1120,560,ok
42,24,0.5,20,ema_slope_100_z,20,17.0,0.011713344800974745,0.0,0,entry,8400,16800,15,1120,560,ok,16800,15,1120,560,ok
42,24,0.5,26,ADX_72_scaled,1,1.0,0.025909975570262533,0.0,2,entry,8400,16800,15,1120,560,ok,16800,15,1120,560,ok
42,24,0.5,26,price_pos_in_range_168_norm,2,1.0,0.024000748811482064,0.0,2,exit,8400,16800,15,1120,560,ok,16800,15,1120,560,ok
42,24,0.5,26,ema_spread_50_100_z,3,2.0,0.018016582190132635,0.0,2,exit,8400,16800,15,1120,560,ok,16800,15,1120,560,ok
42,24,0.5,26,RSI_14_bounded,4,2.0,0.024552244189388728,0.0,1,entry,8400,16800,15,1120,560,ok,16800,15,1120,560,ok
42,24,0.5,26,NATR_14_z,5,3.0,0.0079466973915715,0.0,1,exit,8400,16800,15,1120,560,ok,16800,15,1120,560,ok
42,24,0.5,26,RSI_72_bounded,6,4.0,0.023650320744133924,0.0,2,entry,8400,16800,15,1120,560,ok,16800,15,1120,560,ok
42,24,0.5,26,volatility_168_sqrt_z,7,5.0,0.023428539577688534,0.0,2,entry,8400,16800,15,1120,560,ok,16800,15,1120,560,ok
42,24,0.5,26,price_pos_in_range_72_norm,8,5.0,0.01440567978592372,0.0,1,exit,8400,16800,15,1120,560,ok,16800,15,1120,560,ok
42,24,0.5,26,ADX_30_scaled,9,6.0,0.02132395677986354,0.0,2,entry,8400,16800,15,1120,560,ok,16800,15,1120,560,ok
42,24,0.5,26,ADX_14_scaled,10,6.0,0.01714207098506293,0.0,2,exit,8400,16800,15,1120,560,ok,16800,15,1120,560,ok
42,24,0.5,26,volatility_72_sqrt_z,11,7.0,0.021319120354132914,0.0,2,both_tie,8400,16800,15,1120,560,ok,16800,15,1120,560,ok
42,24,0.5,26,volatility_24_sqrt_z,12,8.0,0.016850486255229558,0.0,2,exit,8400,16800,15,1120,560,ok,16800,15,1120,560,ok
42,24,0.5,26,vol_expansion_72_log1p_z,13,9.0,0.0033329961892089033,0.0,1,exit,8400,16800,15,1120,560,ok,16800,15,1120,560,ok
42,24,0.5,26,RSI_30_bounded,14,10.0,0.017009536192154784,0.0,2,entry,8400,16800,15,1120,560,ok,16800,15,1120,560,ok
42,24,0.5,26,ema_spread_21_50_z,15,10.0,0.013550172101218227,0.0,1,exit,8400,16800,15,1120,560,ok,16800,15,1120,560,ok
42,24,0.5,26,ema_slope_200_z,16,12.0,0.01620196019708131,0.0,1,entry,8400,16800,15,1120,560,ok,16800,15,1120,560,ok
42,24,0.5,26,dist_to_high_72_sqrt_z,17,13.0,0.014759025066790998,0.0,1,entry,8400,16800,15,1120,560,ok,16800,15,1120,560,ok
42,24,0.5,26,ema_slope_21_z,18,14.0,0.014590753569779458,0.0,1,entry,8400,16800,15,1120,560,ok,16800,15,1120,560,ok
42,24,0.5,26,bb_width_20_sqrt_z,19,15.0,0.006390589249076706,0.0,0,exit,8400,16800,15,1120,560,ok,16800,15,1120,560,ok
42,24,0.5,26,ema_slope_100_z,20,17.0,0.011713344800974745,0.0,0,entry,8400,16800,15,1120,560,ok,16800,15,1120,560,ok
42,24,0.5,26,ema_slope_50_z,21,18.0,0.011651268244568969,0.0,0,entry,8400,16800,15,1120,560,ok,16800,15,1120,560,ok
42,24,0.5,26,ema_spread_9_21_z,22,19.0,0.011396795288505679,0.0,0,entry,8400,16800,15,1120,560,ok,16800,15,1120,560,ok
42,24,0.5,26,dist_to_low_24_sqrt_z,23,19.0,0.007421117876963257,0.0,0,exit,8400,16800,15,1120,560,ok,16800,15,1120,560,ok
42,24,0.5,26,ema_spread_100_200_z,24,20.0,0.0107082815634017,0.0,0,both_tie,8400,16800,15,1120,560,ok,16800,15,1120,560,ok
42,24,0.5,26,MOM_pct_30_z,25,21.0,0.010638896117334262,0.0,0,entry,8400,16800,15,1120,560,ok,16800,15,1120,560,ok
42,24,0.5,26,dist_to_low_168_sqrt_z,26,21.0,0.004078746586670234,0.0,0,exit,8400,16800,15,1120,560,ok,16800,15,1120,560,ok
43,24,0.5,7,ADX_30_scaled,1,1.0,0.021090025264666412,0.0,2,entry,8400,16800,15,1120,560,ok,16800,15,1120,560,ok
43,24,0.5,7,dist_ema_200_z,2,1.0,0.014567575150670753,0.0,2,exit,8400,16800,15,1120,560,ok,16800,15,1120,560,ok
43,24,0.5,7,ema_slope_50_z,3,2.0,0.02069785309476524,0.0,2,entry,8400,16800,15,1120,560,ok,16800,15,1120,560,ok
43,24,0.5,7,bb_width_20_sqrt_z,4,2.0,0.009142683807230656,0.0,1,exit,8400,16800,15,1120,560,ok,16800,15,1120,560,ok
43,24,0.5,7,ADX_72_scaled,5,3.0,0.019065240408557393,0.0,2,entry,8400,16800,15,1120,560,ok,16800,15,1120,560,ok
43,24,0.5,7,ema_spread_50_100_z,6,3.0,0.0121670885528945,0.0,1,exit,8400,16800,15,1120,560,ok,16800,15,1120,560,ok
43,24,0.5,7,ema_slope_100_z,7,4.0,0.017529079542382586,0.0,2,entry,8400,16800,15,1120,560,ok,16800,15,1120,560,ok
43,24,0.5,14,ADX_30_scaled,1,1.0,0.021090025264666412,0.0,2,entry,8400,16800,15,1120,560,ok,16800,15,1120,560,ok
43,24,0.5,14,dist_ema_200_z,2,1.0,0.014567575150670753,0.0,2,exit,8400,16800,15,1120,560,ok,16800,15,1120,560,ok
43,24,0.5,14,ema_slope_50_z,3,2.0,0.02069785309476524,0.0,2,entry,8400,16800,15,1120,560,ok,16800,15,1120,560,ok
43,24,0.5,14,bb_width_20_sqrt_z,4,2.0,0.009142683807230656,0.0,1,exit,8400,16800,15,1120,560,ok,16800,15,1120,560,ok
43,24,0.5,14,ADX_72_scaled,5,3.0,0.019065240408557393,0.0,2,entry,8400,16800,15,1120,560,ok,16800,15,1120,560,ok
43,24,0.5,14,ema_spread_50_100_z,6,3.0,0.0121670885528945,0.0,1,exit,8400,16800,15,1120,560,ok,16800,15,1120,560,ok
43,24,0.5,14,ema_slope_100_z,7,4.0,0.017529079542382586,0.0,2,entry,8400,16800,15,1120,560,ok,16800,15,1120,560,ok
43,24,0.5,14,ema_slope_200_z,8,4.0,0.01300435378580711,0.0,2,exit,8400,16800,15,1120,560,ok,16800,15,1120,560,ok
43,24,0.5,14,ema_spread_100_200_z,9,5.0,0.01640480771642927,0.0,2,entry,8400,16800,15,1120,560,ok,16800,15,1120,560,ok
43,24,0.5,14,ema_spread_9_21_z,10,6.0,0.01534116241269734,0.0,1,entry,8400,16800,15,1120,560,ok,16800,15,1120,560,ok
43,24,0.5,14,NATR_14_z,11,6.0,0.008068032638417155,0.0,1,exit,8400,16800,15,1120,560,ok,16800,15,1120,560,ok
43,24,0.5,14,dist_to_high_72_sqrt_z,12,8.0,0.01451091517499059,0.0,1,entry,8400,16800,15,1120,560,ok,16800,15,1120,560,ok
43,24,0.5,14,ret_accel_24_72_z,13,9.0,0.013881982521513514,0.0,1,entry,8400,16800,15,1120,560,ok,16800,15,1120,560,ok
43,24,0.5,14,volatility_168_sqrt_z,14,10.0,0.01377480666787878,0.0,1,entry,8400,16800,15,1120,560,ok,16800,15,1120,560,ok
43,24,0.5,20,ADX_30_scaled,1,1.0,0.021090025264666412,0.0,2,entry,8400,16800,15,1120,560,ok,16800,15,1120,560,ok
43,24,0.5,20,dist_ema_200_z,2,1.0,0.014567575150670753,0.0,2,exit,8400,16800,15,1120,560,ok,16800,15,1120,560,ok
43,24,0.5,20,ema_slope_50_z,3,2.0,0.02069785309476524,0.0,2,entry,8400,16800,15,1120,560,ok,16800,15,1120,560,ok
43,24,0.5,20,bb_width_20_sqrt_z,4,2.0,0.009142683807230656,0.0,1,exit,8400,16800,15,1120,560,ok,16800,15,1120,560,ok
43,24,0.5,20,ADX_72_scaled,5,3.0,0.019065240408557393,0.0,2,entry,8400,16800,15,1120,560,ok,16800,15,1120,560,ok
43,24,0.5,20,ema_spread_50_100_z,6,3.0,0.0121670885528945,0.0,1,exit,8400,16800,15,1120,560,ok,16800,15,1120,560,ok
43,24,0.5,20,ema_slope_100_z,7,4.0,0.017529079542382586,0.0,2,entry,8400,16800,15,1120,560,ok,16800,15,1120,560,ok
43,24,0.5,20,ema_slope_200_z,8,4.0,0.01300435378580711,0.0,2,exit,8400,16800,15,1120,560,ok,16800,15,1120,560,ok
43,24,0.5,20,ema_spread_100_200_z,9,5.0,0.01640480771642927,0.0,2,entry,8400,16800,15,1120,560,ok,16800,15,1120,560,ok
43,24,0.5,20,ema_spread_9_21_z,10,6.0,0.01534116241269734,0.0,1,entry,8400,16800,15,1120,560,ok,16800,15,1120,560,ok
43,24,0.5,20,NATR_14_z,11,6.0,0.008068032638417155,0.0,1,exit,8400,16800,15,1120,560,ok,16800,15,1120,560,ok
43,24,0.5,20,dist_to_high_72_sqrt_z,12,8.0,0.01451091517499059,0.0,1,entry,8400,16800,15,1120,560,ok,16800,15,1120,560,ok
43,24,0.5,20,ret_accel_24_72_z,13,9.0,0.013881982521513514,0.0,1,entry,8400,16800,15,1120,560,ok,16800,15,1120,560,ok
43,24,0.5,20,volatility_168_sqrt_z,14,10.0,0.01377480666787878,0.0,1,entry,8400,16800,15,1120,560,ok,16800,15,1120,560,ok
43,24,0.5,20,ema_slope_9_z,15,10.0,0.006725788807919908,0.0,1,exit,8400,16800,15,1120,560,ok,16800,15,1120,560,ok
43,24,0.5,20,RSI_72_bounded,16,11.0,0.013736989004439426,0.0,1,entry,8400,16800,15,1120,560,ok,16800,15,1120,560,ok
43,24,0.5,20,log_ret_168_z,17,11.0,0.007282567056213329,0.0,1,exit,8400,16800,15,1120,560,ok,16800,15,1120,560,ok
43,24,0.5,20,dist_to_low_72_sqrt_z,18,12.0,0.0070483437452905084,0.0,1,exit,8400,16800,15,1120,560,ok,16800,15,1120,560,ok
43,24,0.5,20,bb_pos_20_norm,19,13.0,0.012633376361336546,0.0,1,entry,8400,16800,15,1120,560,ok,16800,15,1120,560,ok
43,24,0.5,20,ADX_14_scaled,20,13.0,0.010849534725863141,0.0,1,exit,8400,16800,15,1120,560,ok,16800,15,1120,560,ok
43,24,0.5,26,ADX_30_scaled,1,1.0,0.021090025264666412,0.0,2,entry,8400,16800,15,1120,560,ok,16800,15,1120,560,ok
43,24,0.5,26,dist_ema_200_z,2,1.0,0.014567575150670753,0.0,2,exit,8400,16800,15,1120,560,ok,16800,15,1120,560,ok
43,24,0.5,26,ema_slope_50_z,3,2.0,0.02069785309476524,0.0,2,entry,8400,16800,15,1120,560,ok,16800,15,1120,560,ok
43,24,0.5,26,bb_width_20_sqrt_z,4,2.0,0.009142683807230656,0.0,1,exit,8400,16800,15,1120,560,ok,16800,15,1120,560,ok
43,24,0.5,26,ADX_72_scaled,5,3.0,0.019065240408557393,0.0,2,entry,8400,16800,15,1120,560,ok,16800,15,1120,560,ok
43,24,0.5,26,ema_spread_50_100_z,6,3.0,0.0121670885528945,0.0,1,exit,8400,16800,15,1120,560,ok,16800,15,1120,560,ok
43,24,0.5,26,ema_slope_100_z,7,4.0,0.017529079542382586,0.0,2,entry,8400,16800,15,1120,560,ok,16800,15,1120,560,ok
43,24,0.5,26,ema_slope_200_z,8,4.0,0.01300435378580711,0.0,2,exit,8400,16800,15,1120,560,ok,16800,15,1120,560,ok
43,24,0.5,26,ema_spread_100_200_z,9,5.0,0.01640480771642927,0.0,2,entry,8400,16800,15,1120,560,ok,16800,15,1120,560,ok
43,24,0.5,26,ema_spread_9_21_z,10,6.0,0.01534116241269734,0.0,1,entry,8400,16800,15,1120,560,ok,16800,15,1120,560,ok
43,24,0.5,26,NATR_14_z,11,6.0,0.008068032638417155,0.0,1,exit,8400,16800,15,1120,560,ok,16800,15,1120,560,ok
43,24,0.5,26,dist_to_high_72_sqrt_z,12,8.0,0.01451091517499059,0.0,1,entry,8400,16800,15,1120,560,ok,16800,15,1120,560,ok
43,24,0.5,26,ret_accel_24_72_z,13,9.0,0.013881982521513514,0.0,1,entry,8400,16800,15,1120,560,ok,16800,15,1120,560,ok
43,24,0.5,26,volatility_168_sqrt_z,14,10.0,0.01377480666787878,0.0,1,entry,8400,16800,15,1120,560,ok,16800,15,1120,560,ok
43,24,0.5,26,ema_slope_9_z,15,10.0,0.006725788807919908,0.0,1,exit,8400,16800,15,1120,560,ok,16800,15,1120,560,ok
43,24,0.5,26,RSI_72_bounded,16,11.0,0.013736989004439426,0.0,1,entry,8400,16800,15,1120,560,ok,16800,15,1120,560,ok
43,24,0.5,26,log_ret_168_z,17,11.0,0.007282567056213329,0.0,1,exit,8400,16800,15,1120,560,ok,16800,15,1120,560,ok
43,24,0.5,26,dist_to_low_72_sqrt_z,18,12.0,0.0070483437452905084,0.0,1,exit,8400,16800,15,1120,560,ok,16800,15,1120,560,ok
43,24,0.5,26,bb_pos_20_norm,19,13.0,0.012633376361336546,0.0,1,entry,8400,16800,15,1120,560,ok,16800,15,1120,560,ok
43,24,0.5,26,ADX_14_scaled,20,13.0,0.010849534725863141,0.0,1,exit,8400,16800,15,1120,560,ok,16800,15,1120,560,ok
43,24,0.5,26,ema_slope_21_z,21,14.0,0.01226681442253097,0.0,1,entry,8400,16800,15,1120,560,ok,16800,15,1120,560,ok
43,24,0.5,26,MACD_hist_pct_z,22,15.0,0.005647158278069331,0.0,0,exit,8400,16800,15,1120,560,ok,16800,15,1120,560,ok
43,24,0.5,26,dist_ema_9_z,23,16.0,0.008276223767259339,0.0,0,exit,8400,16800,15,1120,560,ok,16800,15,1120,560,ok
43,24,0.5,26,dist_to_high_168_sqrt_z,24,17.0,0.010734318934956133,0.0,0,entry,8400,16800,15,1120,560,ok,16800,15,1120,560,ok
43,24,0.5,26,range_sqrt_z,25,18.0,0.010394683365910984,0.0,0,entry,8400,16800,15,1120,560,ok,16800,15,1120,560,ok
43,24,0.5,26,volatility_72_sqrt_z,26,19.0,0.010029333289945375,0.0,0,entry,8400,16800,15,1120,560,ok,16800,15,1120,560,ok
44,24,0.5,7,ADX_72_scaled,1,1.0,0.033885009292668244,0.0,2,both_tie,8400,16800,15,1120,560,ok,16800,15,1120,560,ok
44,24,0.5,7,ema_slope_21_z,2,2.0,0.026396341837792492,0.0,2,entry,8400,16800,15,1120,560,ok,16800,15,1120,560,ok
44,24,0.5,7,ema_spread_50_100_z,3,2.0,0.016295602052201152,0.0,2,exit,8400,16800,15,1120,560,ok,16800,15,1120,560,ok
44,24,0.5,7,volatility_168_sqrt_z,4,3.0,0.02508830226360953,0.0,2,entry,8400,16800,15,1120,560,ok,16800,15,1120,560,ok
44,24,0.5,7,ema_slope_50_z,5,3.0,0.022551128928555875,0.0,2,exit,8400,16800,15,1120,560,ok,16800,15,1120,560,ok
44,24,0.5,7,ema_spread_9_21_z,6,4.0,0.022576170680596863,0.0,1,entry,8400,16800,15,1120,560,ok,16800,15,1120,560,ok
44,24,0.5,7,dist_ema_200_z,7,5.0,0.014877995149675527,0.0,1,exit,8400,16800,15,1120,560,ok,16800,15,1120,560,ok
44,24,0.5,14,ADX_72_scaled,1,1.0,0.033885009292668244,0.0,2,both_tie,8400,16800,15,1120,560,ok,16800,15,1120,560,ok
44,24,0.5,14,ema_slope_21_z,2,2.0,0.026396341837792492,0.0,2,entry,8400,16800,15,1120,560,ok,16800,15,1120,560,ok
44,24,0.5,14,ema_spread_50_100_z,3,2.0,0.016295602052201152,0.0,2,exit,8400,16800,15,1120,560,ok,16800,15,1120,560,ok
44,24,0.5,14,volatility_168_sqrt_z,4,3.0,0.02508830226360953,0.0,2,entry,8400,16800,15,1120,560,ok,16800,15,1120,560,ok
44,24,0.5,14,ema_slope_50_z,5,3.0,0.022551128928555875,0.0,2,exit,8400,16800,15,1120,560,ok,16800,15,1120,560,ok
44,24,0.5,14,ema_spread_9_21_z,6,4.0,0.022576170680596863,0.0,1,entry,8400,16800,15,1120,560,ok,16800,15,1120,560,ok
44,24,0.5,14,dist_ema_200_z,7,5.0,0.014877995149675527,0.0,1,exit,8400,16800,15,1120,560,ok,16800,15,1120,560,ok
44,24,0.5,14,RSI_14_bounded,8,6.0,0.01551292207643662,0.0,2,exit,8400,16800,15,1120,560,ok,16800,15,1120,560,ok
44,24,0.5,14,ret_accel_24_72_z,9,6.0,0.0196490406266544,0.0,1,entry,8400,16800,15,1120,560,ok,16800,15,1120,560,ok
44,24,0.5,14,ret_accel_72_168_z,10,7.0,0.019280207306039743,0.0,2,entry,8400,16800,15,1120,560,ok,16800,15,1120,560,ok
44,24,0.5,14,volatility_24_sqrt_z,11,7.0,0.014275266993339919,0.0,1,exit,8400,16800,15,1120,560,ok,16800,15,1120,560,ok
44,24,0.5,14,RSI_30_bounded,12,8.0,0.019200170023294716,0.0,2,entry,8400,16800,15,1120,560,ok,16800,15,1120,560,ok
44,24,0.5,14,dist_ema_100_z,13,8.0,0.01200117749042312,0.0,1,exit,8400,16800,15,1120,560,ok,16800,15,1120,560,ok
44,24,0.5,14,volatility_72_sqrt_z,14,9.0,0.017441208207644443,0.0,1,entry,8400,16800,15,1120,560,ok,16800,15,1120,560,ok
44,24,0.5,20,ADX_72_scaled,1,1.0,0.033885009292668244,0.0,2,both_tie,8400,16800,15,1120,560,ok,16800,15,1120,560,ok
44,24,0.5,20,ema_slope_21_z,2,2.0,0.026396341837792492,0.0,2,entry,8400,16800,15,1120,560,ok,16800,15,1120,560,ok
44,24,0.5,20,ema_spread_50_100_z,3,2.0,0.016295602052201152,0.0,2,exit,8400,16800,15,1120,560,ok,16800,15,1120,560,ok
44,24,0.5,20,volatility_168_sqrt_z,4,3.0,0.02508830226360953,0.0,2,entry,8400,16800,15,1120,560,ok,16800,15,1120,560,ok
44,24,0.5,20,ema_slope_50_z,5,3.0,0.022551128928555875,0.0,2,exit,8400,16800,15,1120,560,ok,16800,15,1120,560,ok
44,24,0.5,20,ema_spread_9_21_z,6,4.0,0.022576170680596863,0.0,1,entry,8400,16800,15,1120,560,ok,16800,15,1120,560,ok
44,24,0.5,20,dist_ema_200_z,7,5.0,0.014877995149675527,0.0,1,exit,8400,16800,15,1120,560,ok,16800,15,1120,560,ok
44,24,0.5,20,RSI_14_bounded,8,6.0,0.01551292207643662,0.0,2,exit,8400,16800,15,1120,560,ok,16800,15,1120,560,ok
44,24,0.5,20,ret_accel_24_72_z,9,6.0,0.0196490406266544,0.0,1,entry,8400,16800,15,1120,560,ok,16800,15,1120,560,ok
44,24,0.5,20,ret_accel_72_168_z,10,7.0,0.019280207306039743,0.0,2,entry,8400,16800,15,1120,560,ok,16800,15,1120,560,ok
44,24,0.5,20,volatility_24_sqrt_z,11,7.0,0.014275266993339919,0.0,1,exit,8400,16800,15,1120,560,ok,16800,15,1120,560,ok
44,24,0.5,20,RSI_30_bounded,12,8.0,0.019200170023294716,0.0,2,entry,8400,16800,15,1120,560,ok,16800,15,1120,560,ok
44,24,0.5,20,dist_ema_100_z,13,8.0,0.01200117749042312,0.0,1,exit,8400,16800,15,1120,560,ok,16800,15,1120,560,ok
44,24,0.5,20,volatility_72_sqrt_z,14,9.0,0.017441208207644443,0.0,1,entry,8400,16800,15,1120,560,ok,16800,15,1120,560,ok
44,24,0.5,20,dist_to_low_24_sqrt_z,15,10.0,0.01726250831159587,0.0,1,entry,8400,16800,15,1120,560,ok,16800,15,1120,560,ok
44,24,0.5,20,price_pos_in_range_168_norm,16,10.0,0.011448844684182058,0.0,1,exit,8400,16800,15,1120,560,ok,16800,15,1120,560,ok
44,24,0.5,20,ADX_30_scaled,17,11.0,0.017226417629169155,0.0,1,entry,8400,16800,15,1120,560,ok,16800,15,1120,560,ok
44,24,0.5,20,RSI_72_bounded,18,12.0,0.016319159166097108,0.0,2,entry,8400,16800,15,1120,560,ok,16800,15,1120,560,ok
44,24,0.5,20,MOM_pct_72_z,19,14.0,0.006626578183057674,0.0,1,exit,8400,16800,15,1120,560,ok,16800,15,1120,560,ok
44,24,0.5,20,ema_slope_100_z,20,15.0,0.015083156475051762,0.0,0,entry,8400,16800,15,1120,560,ok,16800,15,1120,560,ok
44,24,0.5,26,ADX_72_scaled,1,1.0,0.033885009292668244,0.0,2,both_tie,8400,16800,15,1120,560,ok,16800,15,1120,560,ok
44,24,0.5,26,ema_slope_21_z,2,2.0,0.026396341837792492,0.0,2,entry,8400,16800,15,1120,560,ok,16800,15,1120,560,ok
44,24,0.5,26,ema_spread_50_100_z,3,2.0,0.016295602052201152,0.0,2,exit,8400,16800,15,1120,560,ok,16800,15,1120,560,ok
44,24,0.5,26,volatility_168_sqrt_z,4,3.0,0.02508830226360953,0.0,2,entry,8400,16800,15,1120,560,ok,16800,15,1120,560,ok
44,24,0.5,26,ema_slope_50_z,5,3.0,0.022551128928555875,0.0,2,exit,8400,16800,15,1120,560,ok,16800,15,1120,560,ok
44,24,0.5,26,ema_spread_9_21_z,6,4.0,0.022576170680596863,0.0,1,entry,8400,16800,15,1120,560,ok,16800,15,1120,560,ok
44,24,0.5,26,dist_ema_200_z,7,5.0,0.014877995149675527,0.0,1,exit,8400,16800,15,1120,560,ok,16800,15,1120,560,ok
44,24,0.5,26,RSI_14_bounded,8,6.0,0.01551292207643662,0.0,2,exit,8400,16800,15,1120,560,ok,16800,15,1120,560,ok
44,24,0.5,26,ret_accel_24_72_z,9,6.0,0.0196490406266544,0.0,1,entry,8400,16800,15,1120,560,ok,16800,15,1120,560,ok
44,24,0.5,26,ret_accel_72_168_z,10,7.0,0.019280207306039743,0.0,2,entry,8400,16800,15,1120,560,ok,16800,15,1120,560,ok
44,24,0.5,26,volatility_24_sqrt_z,11,7.0,0.014275266993339919,0.0,1,exit,8400,16800,15,1120,560,ok,16800,15,1120,560,ok
44,24,0.5,26,RSI_30_bounded,12,8.0,0.019200170023294716,0.0,2,entry,8400,16800,15,1120,560,ok,16800,15,1120,560,ok
44,24,0.5,26,dist_ema_100_z,13,8.0,0.01200117749042312,0.0,1,exit,8400,16800,15,1120,560,ok,16800,15,1120,560,ok
44,24,0.5,26,volatility_72_sqrt_z,14,9.0,0.017441208207644443,0.0,1,entry,8400,16800,15,1120,560,ok,16800,15,1120,560,ok
44,24,0.5,26,dist_to_low_24_sqrt_z,15,10.0,0.01726250831159587,0.0,1,entry,8400,16800,15,1120,560,ok,16800,15,1120,560,ok
44,24,0.5,26,price_pos_in_range_168_norm,16,10.0,0.011448844684182058,0.0,1,exit,8400,16800,15,1120,560,ok,16800,15,1120,560,ok
44,24,0.5,26,ADX_30_scaled,17,11.0,0.017226417629169155,0.0,1,entry,8400,16800,15,1120,560,ok,16800,15,1120,560,ok
44,24,0.5,26,RSI_72_bounded,18,12.0,0.016319159166097108,0.0,2,entry,8400,16800,15,1120,560,ok,16800,15,1120,560,ok
44,24,0.5,26,MOM_pct_72_z,19,14.0,0.006626578183057674,0.0,1,exit,8400,16800,15,1120,560,ok,16800,15,1120,560,ok
44,24,0.5,26,ema_slope_100_z,20,15.0,0.015083156475051762,0.0,0,entry,8400,16800,15,1120,560,ok,16800,15,1120,560,ok
44,24,0.5,26,bb_width_20_sqrt_z,21,15.0,0.007678117092074943,0.0,0,exit,8400,16800,15,1120,560,ok,16800,15,1120,560,ok
44,24,0.5,26,ema_spread_21_50_z,22,18.0,0.014218287505840421,0.0,0,entry,8400,16800,15,1120,560,ok,16800,15,1120,560,ok
44,24,0.5,26,price_pos_in_range_72_norm,23,19.0,0.014175748040428982,0.0,0,entry,8400,16800,15,1120,560,ok,16800,15,1120,560,ok
44,24,0.5,26,MACD_hist_pct_z,24,19.0,0.002594423048811745,0.0,0,exit,8400,16800,15,1120,560,ok,16800,15,1120,560,ok
44,24,0.5,26,dist_ema_9_z,25,20.0,0.013605230243476263,0.0,0,entry,8400,16800,15,1120,560,ok,16800,15,1120,560,ok
44,24,0.5,26,log_ret_168_z,26,20.0,0.0033001252087723754,0.0,0,exit,8400,16800,15,1120,560,ok,16800,15,1120,560,ok
45,24,0.5,7,ADX_72_scaled,1,1.0,0.019824005674522138,0.0,2,both_tie,8400,16800,15,1120,560,ok,16800,15,1120,560,ok
45,24,0.5,7,price_pos_in_range_72_norm,2,2.0,0.013120697529763303,0.0,2,exit,8400,16800,15,1120,560,ok,16800,15,1120,560,ok
45,24,0.5,7,RSI_72_bounded,3,2.0,0.018706558513788885,0.0,1,entry,8400,16800,15,1120,560,ok,16800,15,1120,560,ok
45,24,0.5,7,volatility_168_sqrt_z,4,3.0,0.016078894023145218,0.0,2,entry,8400,16800,15,1120,560,ok,16800,15,1120,560,ok
45,24,0.5,7,log_ret_168_z,5,3.0,0.01283745540471154,0.0,1,exit,8400,16800,15,1120,560,ok,16800,15,1120,560,ok
45,24,0.5,7,ret_accel_24_72_z,6,4.0,0.014850903500551405,0.0,2,entry,8400,16800,15,1120,560,ok,16800,15,1120,560,ok
45,24,0.5,7,volatility_72_sqrt_z,7,4.0,0.012946191330974965,0.0,2,exit,8400,16800,15,1120,560,ok,16800,15,1120,560,ok
45,24,0.5,14,ADX_72_scaled,1,1.0,0.019824005674522138,0.0,2,both_tie,8400,16800,15,1120,560,ok,16800,15,1120,560,ok
45,24,0.5,14,price_pos_in_range_72_norm,2,2.0,0.013120697529763303,0.0,2,exit,8400,16800,15,1120,560,ok,16800,15,1120,560,ok
45,24,0.5,14,RSI_72_bounded,3,2.0,0.018706558513788885,0.0,1,entry,8400,16800,15,1120,560,ok,16800,15,1120,560,ok
45,24,0.5,14,volatility_168_sqrt_z,4,3.0,0.016078894023145218,0.0,2,entry,8400,16800,15,1120,560,ok,16800,15,1120,560,ok
45,24,0.5,14,log_ret_168_z,5,3.0,0.01283745540471154,0.0,1,exit,8400,16800,15,1120,560,ok,16800,15,1120,560,ok
45,24,0.5,14,ret_accel_24_72_z,6,4.0,0.014850903500551405,0.0,2,entry,8400,16800,15,1120,560,ok,16800,15,1120,560,ok
45,24,0.5,14,volatility_72_sqrt_z,7,4.0,0.012946191330974965,0.0,2,exit,8400,16800,15,1120,560,ok,16800,15,1120,560,ok
45,24,0.5,14,ret_accel_6_24_z,8,5.0,0.014660995407523303,0.0,1,entry,8400,16800,15,1120,560,ok,16800,15,1120,560,ok
45,24,0.5,14,dist_ema_200_z,9,5.0,0.008345953657652339,0.0,1,exit,8400,16800,15,1120,560,ok,16800,15,1120,560,ok
45,24,0.5,14,RSI_30_bounded,10,6.0,0.014439189606421432,0.0,1,entry,8400,16800,15,1120,560,ok,16800,15,1120,560,ok
45,24,0.5,14,ADX_30_scaled,11,6.0,0.00958851879999234,0.0,1,exit,8400,16800,15,1120,560,ok,16800,15,1120,560,ok
45,24,0.5,14,RSI_14_bounded,12,7.0,0.010708303720763479,0.0,2,exit,8400,16800,15,1120,560,ok,16800,15,1120,560,ok
45,24,0.5,14,dist_to_high_24_sqrt_z,13,8.0,0.008311326068307312,0.0,1,exit,8400,16800,15,1120,560,ok,16800,15,1120,560,ok
45,24,0.5,14,NATR_14_z,14,9.0,0.011810050884746737,0.0,1,entry,8400,16800,15,1120,560,ok,16800,15,1120,560,ok
45,24,0.5,20,ADX_72_scaled,1,1.0,0.019824005674522138,0.0,2,both_tie,8400,16800,15,1120,560,ok,16800,15,1120,560,ok
45,24,0.5,20,price_pos_in_range_72_norm,2,2.0,0.013120697529763303,0.0,2,exit,8400,16800,15,1120,560,ok,16800,15,1120,560,ok
45,24,0.5,20,RSI_72_bounded,3,2.0,0.018706558513788885,0.0,1,entry,8400,16800,15,1120,560,ok,16800,15,1120,560,ok
45,24,0.5,20,volatility_168_sqrt_z,4,3.0,0.016078894023145218,0.0,2,entry,8400,16800,15,1120,560,ok,16800,15,1120,560,ok
45,24,0.5,20,log_ret_168_z,5,3.0,0.01283745540471154,0.0,1,exit,8400,16800,15,1120,560,ok,16800,15,1120,560,ok
45,24,0.5,20,ret_accel_24_72_z,6,4.0,0.014850903500551405,0.0,2,entry,8400,16800,15,1120,560,ok,16800,15,1120,560,ok
45,24,0.5,20,volatility_72_sqrt_z,7,4.0,0.012946191330974965,0.0,2,exit,8400,16800,15,1120,560,ok,16800,15,1120,560,ok
45,24,0.5,20,ret_accel_6_24_z,8,5.0,0.014660995407523303,0.0,1,entry,8400,16800,15,1120,560,ok,16800,15,1120,560,ok
45,24,0.5,20,dist_ema_200_z,9,5.0,0.008345953657652339,0.0,1,exit,8400,16800,15,1120,560,ok,16800,15,1120,560,ok
45,24,0.5,20,RSI_30_bounded,10,6.0,0.014439189606421432,0.0,1,entry,8400,16800,15,1120,560,ok,16800,15,1120,560,ok
45,24,0.5,20,ADX_30_scaled,11,6.0,0.00958851879999234,0.0,1,exit,8400,16800,15,1120,560,ok,16800,15,1120,560,ok
45,24,0.5,20,RSI_14_bounded,12,7.0,0.010708303720763479,0.0,2,exit,8400,16800,15,1120,560,ok,16800,15,1120,560,ok
45,24,0.5,20,dist_to_high_24_sqrt_z,13,8.0,0.008311326068307312,0.0,1,exit,8400,16800,15,1120,560,ok,16800,15,1120,560,ok
45,24,0.5,20,NATR_14_z,14,9.0,0.011810050884746737,0.0,1,entry,8400,16800,15,1120,560,ok,16800,15,1120,560,ok
45,24,0.5,20,ema_spread_9_21_z,15,10.0,0.011758910680302104,0.0,1,entry,8400,16800,15,1120,560,ok,16800,15,1120,560,ok
45,24,0.5,20,bb_width_20_sqrt_z,16,10.0,0.006554376734315026,0.0,1,exit,8400,16800,15,1120,560,ok,16800,15,1120,560,ok
45,24,0.5,20,ema_slope_50_z,17,11.0,0.011175957453895657,0.0,2,entry,8400,16800,15,1120,560,ok,16800,15,1120,560,ok
45,24,0.5,20,ema_spread_100_200_z,18,11.0,0.004844120168842947,0.0,1,exit,8400,16800,15,1120,560,ok,16800,15,1120,560,ok
45,24,0.5,20,ema_slope_21_z,19,12.0,0.010982026141824641,0.0,1,entry,8400,16800,15,1120,560,ok,16800,15,1120,560,ok
45,24,0.5,20,vol_ratio_168_log1p_z,20,12.0,0.007397847565932314,0.0,1,exit,8400,16800,15,1120,560,ok,16800,15,1120,560,ok
45,24,0.5,26,ADX_72_scaled,1,1.0,0.019824005674522138,0.0,2,both_tie,8400,16800,15,1120,560,ok,16800,15,1120,560,ok
45,24,0.5,26,price_pos_in_range_72_norm,2,2.0,0.013120697529763303,0.0,2,exit,8400,16800,15,1120,560,ok,16800,15,1120,560,ok
45,24,0.5,26,RSI_72_bounded,3,2.0,0.018706558513788885,0.0,1,entry,8400,16800,15,1120,560,ok,16800,15,1120,560,ok
45,24,0.5,26,volatility_168_sqrt_z,4,3.0,0.016078894023145218,0.0,2,entry,8400,16800,15,1120,560,ok,16800,15,1120,560,ok
45,24,0.5,26,log_ret_168_z,5,3.0,0.01283745540471154,0.0,1,exit,8400,16800,15,1120,560,ok,16800,15,1120,560,ok
45,24,0.5,26,ret_accel_24_72_z,6,4.0,0.014850903500551405,0.0,2,entry,8400,16800,15,1120,560,ok,16800,15,1120,560,ok
45,24,0.5,26,volatility_72_sqrt_z,7,4.0,0.012946191330974965,0.0,2,exit,8400,16800,15,1120,560,ok,16800,15,1120,560,ok
45,24,0.5,26,ret_accel_6_24_z,8,5.0,0.014660995407523303,0.0,1,entry,8400,16800,15,1120,560,ok,16800,15,1120,560,ok
45,24,0.5,26,dist_ema_200_z,9,5.0,0.008345953657652339,0.0,1,exit,8400,16800,15,1120,560,ok,16800,15,1120,560,ok
45,24,0.5,26,RSI_30_bounded,10,6.0,0.014439189606421432,0.0,1,entry,8400,16800,15,1120,560,ok,16800,15,1120,560,ok
45,24,0.5,26,ADX_30_scaled,11,6.0,0.00958851879999234,0.0,1,exit,8400,16800,15,1120,560,ok,16800,15,1120,560,ok
45,24,0.5,26,RSI_14_bounded,12,7.0,0.010708303720763479,0.0,2,exit,8400,16800,15,1120,560,ok,16800,15,1120,560,ok
45,24,0.5,26,dist_to_high_24_sqrt_z,13,8.0,0.008311326068307312,0.0,1,exit,8400,16800,15,1120,560,ok,16800,15,1120,560,ok
45,24,0.5,26,NATR_14_z,14,9.0,0.011810050884746737,0.0,1,entry,8400,16800,15,1120,560,ok,16800,15,1120,560,ok
45,24,0.5,26,ema_spread_9_21_z,15,10.0,0.011758910680302104,0.0,1,entry,8400,16800,15,1120,560,ok,16800,15,1120,560,ok
45,24,0.5,26,bb_width_20_sqrt_z,16,10.0,0.006554376734315026,0.0,1,exit,8400,16800,15,1120,560,ok,16800,15,1120,560,ok
45,24,0.5,26,ema_slope_50_z,17,11.0,0.011175957453895657,0.0,2,entry,8400,16800,15,1120,560,ok,16800,15,1120,560,ok
45,24,0.5,26,ema_spread_100_200_z,18,11.0,0.004844120168842947,0.0,1,exit,8400,16800,15,1120,560,ok,16800,15,1120,560,ok
45,24,0.5,26,ema_slope_21_z,19,12.0,0.010982026141824641,0.0,1,entry,8400,16800,15,1120,560,ok,16800,15,1120,560,ok
45,24,0.5,26,vol_ratio_168_log1p_z,20,12.0,0.007397847565932314,0.0,1,exit,8400,16800,15,1120,560,ok,16800,15,1120,560,ok
45,24,0.5,26,ema_slope_200_z,21,13.0,0.010733936567143165,0.0,1,entry,8400,16800,15,1120,560,ok,16800,15,1120,560,ok
45,24,0.5,26,ema_slope_100_z,22,15.0,0.010215028752236233,0.0,0,entry,8400,16800,15,1120,560,ok,16800,15,1120,560,ok
45,24,0.5,26,dist_ema_9_z,23,15.0,0.00477616648217194,0.0,0,exit,8400,16800,15,1120,560,ok,16800,15,1120,560,ok
45,24,0.5,26,price_pos_in_range_24_norm,24,16.0,0.00960011808503125,0.0,0,entry,8400,16800,15,1120,560,ok,16800,15,1120,560,ok
45,24,0.5,26,dist_to_high_168_sqrt_z,25,16.0,0.006111626458785491,0.0,0,exit,8400,16800,15,1120,560,ok,16800,15,1120,560,ok
45,24,0.5,26,bb_pos_20_norm,26,18.0,0.009269296018930229,0.0,0,entry,8400,16800,15,1120,560,ok,16800,15,1120,560,ok
46,24,0.5,7,ADX_72_scaled,1,1.0,0.030318243523699995,0.0,2,both_tie,8400,16800,15,1120,560,ok,16800,15,1120,560,ok
46,24,0.5,7,ADX_30_scaled,2,2.0,0.023312996090074867,0.0,2,entry,8400,16800,15,1120,560,ok,16800,15,1120,560,ok
46,24,0.5,7,ema_spread_50_100_z,3,2.0,0.01862610142476756,0.0,2,exit,8400,16800,15,1120,560,ok,16800,15,1120,560,ok
46,24,0.5,7,bb_width_20_sqrt_z,4,3.0,0.014397052705453772,0.0,2,exit,8400,16800,15,1120,560,ok,16800,15,1120,560,ok
46,24,0.5,7,NATR_14_z,5,4.0,0.018404267306655342,0.0,2,entry,8400,16800,15,1120,560,ok,16800,15,1120,560,ok
46,24,0.5,7,ADX_14_scaled,6,4.0,0.014823676558711807,0.0,2,exit,8400,16800,15,1120,560,ok,16800,15,1120,560,ok
46,24,0.5,7,RSI_72_bounded,7,5.0,0.017929711259846826,0.0,2,entry,8400,16800,15,1120,560,ok,16800,15,1120,560,ok
46,24,0.5,14,ADX_72_scaled,1,1.0,0.030318243523699995,0.0,2,both_tie,8400,16800,15,1120,560,ok,16800,15,1120,560,ok
46,24,0.5,14,ADX_30_scaled,2,2.0,0.023312996090074867,0.0,2,entry,8400,16800,15,1120,560,ok,16800,15,1120,560,ok
46,24,0.5,14,ema_spread_50_100_z,3,2.0,0.01862610142476756,0.0,2,exit,8400,16800,15,1120,560,ok,16800,15,1120,560,ok
46,24,0.5,14,bb_width_20_sqrt_z,4,3.0,0.014397052705453772,0.0,2,exit,8400,16800,15,1120,560,ok,16800,15,1120,560,ok
46,24,0.5,14,NATR_14_z,5,4.0,0.018404267306655342,0.0,2,entry,8400,16800,15,1120,560,ok,16800,15,1120,560,ok
46,24,0.5,14,ADX_14_scaled,6,4.0,0.014823676558711807,0.0,2,exit,8400,16800,15,1120,560,ok,16800,15,1120,560,ok
46,24,0.5,14,RSI_72_bounded,7,5.0,0.017929711259846826,0.0,2,entry,8400,16800,15,1120,560,ok,16800,15,1120,560,ok
46,24,0.5,14,volatility_24_sqrt_z,8,6.0,0.01034285640646615,0.0,1,exit,8400,16800,15,1120,560,ok,16800,15,1120,560,ok
46,24,0.5,14,ret_accel_6_24_z,9,8.0,0.0138634936184725,0.0,1,entry,8400,16800,15,1120,560,ok,16800,15,1120,560,ok
46,24,0.5,14,ema_slope_200_z,10,9.0,0.013815194105740725,0.0,1,entry,8400,16800,15,1120,560,ok,16800,15,1120,560,ok
46,24,0.5,14,dist_to_low_168_sqrt_z,11,9.0,0.00891173058474165,0.0,1,exit,8400,16800,15,1120,560,ok,16800,15,1120,560,ok
46,24,0.5,14,ema_slope_50_z,12,10.0,0.01361423515590493,0.0,1,entry,8400,16800,15,1120,560,ok,16800,15,1120,560,ok
46,24,0.5,14,ema_spread_9_21_z,13,10.0,0.009608476692182233,0.0,1,exit,8400,16800,15,1120,560,ok,16800,15,1120,560,ok
46,24,0.5,14,price_pos_in_range_168_norm,14,11.0,0.013116768567784265,0.0,1,entry,8400,16800,15,1120,560,ok,16800,15,1120,560,ok
46,24,0.5,20,ADX_72_scaled,1,1.0,0.030318243523699995,0.0,2,both_tie,8400,16800,15,1120,560,ok,16800,15,1120,560,ok
46,24,0.5,20,ADX_30_scaled,2,2.0,0.023312996090074867,0.0,2,entry,8400,16800,15,1120,560,ok,16800,15,1120,560,ok
46,24,0.5,20,ema_spread_50_100_z,3,2.0,0.01862610142476756,0.0,2,exit,8400,16800,15,1120,560,ok,16800,15,1120,560,ok
46,24,0.5,20,bb_width_20_sqrt_z,4,3.0,0.014397052705453772,0.0,2,exit,8400,16800,15,1120,560,ok,16800,15,1120,560,ok
46,24,0.5,20,NATR_14_z,5,4.0,0.018404267306655342,0.0,2,entry,8400,16800,15,1120,560,ok,16800,15,1120,560,ok
46,24,0.5,20,ADX_14_scaled,6,4.0,0.014823676558711807,0.0,2,exit,8400,16800,15,1120,560,ok,16800,15,1120,560,ok
46,24,0.5,20,RSI_72_bounded,7,5.0,0.017929711259846826,0.0,2,entry,8400,16800,15,1120,560,ok,16800,15,1120,560,ok
46,24,0.5,20,volatility_24_sqrt_z,8,6.0,0.01034285640646615,0.0,1,exit,8400,16800,15,1120,560,ok,16800,15,1120,560,ok
46,24,0.5,20,ret_accel_6_24_z,9,8.0,0.0138634936184725,0.0,1,entry,8400,16800,15,1120,560,ok,16800,15,1120,560,ok
46,24,0.5,20,ema_slope_200_z,10,9.0,0.013815194105740725,0.0,1,entry,8400,16800,15,1120,560,ok,16800,15,1120,560,ok
46,24,0.5,20,dist_to_low_168_sqrt_z,11,9.0,0.00891173058474165,0.0,1,exit,8400,16800,15,1120,560,ok,16800,15,1120,560,ok
46,24,0.5,20,ema_slope_50_z,12,10.0,0.01361423515590493,0.0,1,entry,8400,16800,15,1120,560,ok,16800,15,1120,560,ok
46,24,0.5,20,ema_spread_9_21_z,13,10.0,0.009608476692182233,0.0,1,exit,8400,16800,15,1120,560,ok,16800,15,1120,560,ok
46,24,0.5,20,price_pos_in_range_168_norm,14,11.0,0.013116768567784265,0.0,1,entry,8400,16800,15,1120,560,ok,16800,15,1120,560,ok
46,24,0.5,20,vol_ratio_168_log1p_z,15,11.0,0.005348669261037053,0.0,1,exit,8400,16800,15,1120,560,ok,16800,15,1120,560,ok
46,24,0.5,20,ema_slope_100_z,16,12.0,0.012511130175773266,0.0,1,entry,8400,16800,15,1120,560,ok,16800,15,1120,560,ok
46,24,0.5,20,MOM_pct_14_z,17,12.0,0.005326468102896054,0.0,1,exit,8400,16800,15,1120,560,ok,16800,15,1120,560,ok
46,24,0.5,20,dist_to_high_72_sqrt_z,18,13.0,0.012433055594737619,0.0,1,entry,8400,16800,15,1120,560,ok,16800,15,1120,560,ok
46,24,0.5,20,MACD_hist_pct_z,19,13.0,0.010093498368603737,0.0,1,exit,8400,16800,15,1120,560,ok,16800,15,1120,560,ok
46,24,0.5,20,RSI_30_bounded,20,14.0,0.012425821873122411,0.0,1,entry,8400,16800,15,1120,560,ok,16800,15,1120,560,ok
46,24,0.5,26,ADX_72_scaled,1,1.0,0.030318243523699995,0.0,2,both_tie,8400,16800,15,1120,560,ok,16800,15,1120,560,ok
46,24,0.5,26,ADX_30_scaled,2,2.0,0.023312996090074867,0.0,2,entry,8400,16800,15,1120,560,ok,16800,15,1120,560,ok
46,24,0.5,26,ema_spread_50_100_z,3,2.0,0.01862610142476756,0.0,2,exit,8400,16800,15,1120,560,ok,16800,15,1120,560,ok
46,24,0.5,26,bb_width_20_sqrt_z,4,3.0,0.014397052705453772,0.0,2,exit,8400,16800,15,1120,560,ok,16800,15,1120,560,ok
46,24,0.5,26,NATR_14_z,5,4.0,0.018404267306655342,0.0,2,entry,8400,16800,15,1120,560,ok,16800,15,1120,560,ok
46,24,0.5,26,ADX_14_scaled,6,4.0,0.014823676558711807,0.0,2,exit,8400,16800,15,1120,560,ok,16800,15,1120,560,ok
46,24,0.5,26,RSI_72_bounded,7,5.0,0.017929711259846826,0.0,2,entry,8400,16800,15,1120,560,ok,16800,15,1120,560,ok
46,24,0.5,26,volatility_24_sqrt_z,8,6.0,0.01034285640646615,0.0,1,exit,8400,16800,15,1120,560,ok,16800,15,1120,560,ok
46,24,0.5,26,ret_accel_6_24_z,9,8.0,0.0138634936184725,0.0,1,entry,8400,16800,15,1120,560,ok,16800,15,1120,560,ok
46,24,0.5,26,ema_slope_200_z,10,9.0,0.013815194105740725,0.0,1,entry,8400,16800,15,1120,560,ok,16800,15,1120,560,ok
46,24,0.5,26,dist_to_low_168_sqrt_z,11,9.0,0.00891173058474165,0.0,1,exit,8400,16800,15,1120,560,ok,16800,15,1120,560,ok
46,24,0.5,26,ema_slope_50_z,12,10.0,0.01361423515590493,0.0,1,entry,8400,16800,15,1120,560,ok,16800,15,1120,560,ok
46,24,0.5,26,ema_spread_9_21_z,13,10.0,0.009608476692182233,0.0,1,exit,8400,16800,15,1120,560,ok,16800,15,1120,560,ok
46,24,0.5,26,price_pos_in_range_168_norm,14,11.0,0.013116768567784265,0.0,1,entry,8400,16800,15,1120,560,ok,16800,15,1120,560,ok
46,24,0.5,26,vol_ratio_168_log1p_z,15,11.0,0.005348669261037053,0.0,1,exit,8400,16800,15,1120,560,ok,16800,15,1120,560,ok
46,24,0.5,26,ema_slope_100_z,16,12.0,0.012511130175773266,0.0,1,entry,8400,16800,15,1120,560,ok,16800,15,1120,560,ok
46,24,0.5,26,MOM_pct_14_z,17,12.0,0.005326468102896054,0.0,1,exit,8400,16800,15,1120,560,ok,16800,15,1120,560,ok
46,24,0.5,26,dist_to_high_72_sqrt_z,18,13.0,0.012433055594737619,0.0,1,entry,8400,16800,15,1120,560,ok,16800,15,1120,560,ok
46,24,0.5,26,MACD_hist_pct_z,19,13.0,0.010093498368603737,0.0,1,exit,8400,16800,15,1120,560,ok,16800,15,1120,560,ok
46,24,0.5,26,RSI_30_bounded,20,14.0,0.012425821873122411,0.0,1,entry,8400,16800,15,1120,560,ok,16800,15,1120,560,ok
46,24,0.5,26,volatility_72_sqrt_z,21,14.0,0.009530690735791936,0.0,1,exit,8400,16800,15,1120,560,ok,16800,15,1120,560,ok
46,24,0.5,26,ema_spread_21_50_z,22,15.0,0.011987817384818245,0.0,0,entry,8400,16800,15,1120,560,ok,16800,15,1120,560,ok
46,24,0.5,26,ret_accel_24_72_z,23,16.0,0.01143748576178144,0.0,0,entry,8400,16800,15,1120,560,ok,16800,15,1120,560,ok
46,24,0.5,26,vol_ratio_72_log1p_z,24,16.0,0.00351171493844199,0.0,0,exit,8400,16800,15,1120,560,ok,16800,15,1120,560,ok
46,24,0.5,26,MOM_pct_72_z,25,17.0,0.010665603949500724,0.0,0,entry,8400,16800,15,1120,560,ok,16800,15,1120,560,ok
46,24,0.5,26,ema_slope_21_z,26,18.0,0.006862774834772878,0.0,0,exit,8400,16800,15,1120,560,ok,16800,15,1120,560,ok
47,24,0.5,7,volatility_72_sqrt_z,1,1.0,0.020705242516996236,0.0,2,entry,8400,16800,15,1120,560,ok,16800,15,1120,560,ok
47,24,0.5,7,ema_spread_100_200_z,2,1.0,0.01688343993942043,0.0,2,exit,8400,16800,15,1120,560,ok,16800,15,1120,560,ok
47,24,0.5,7,RSI_30_bounded,3,2.0,0.02011721593634852,0.0,2,both_tie,8400,16800,15,1120,560,ok,16800,15,1120,560,ok
47,24,0.5,7,RSI_72_bounded,4,3.0,0.0190767944842527,0.0,2,entry,8400,16800,15,1120,560,ok,16800,15,1120,560,ok
47,24,0.5,7,ADX_30_scaled,5,3.0,0.015842602445439113,0.0,2,exit,8400,16800,15,1120,560,ok,16800,15,1120,560,ok
47,24,0.5,7,price_pos_in_range_72_norm,6,4.0,0.018107285549751162,0.0,2,entry,8400,16800,15,1120,560,ok,16800,15,1120,560,ok
47,24,0.5,7,price_pos_in_range_168_norm,7,4.0,0.01635249973232311,0.0,2,exit,8400,16800,15,1120,560,ok,16800,15,1120,560,ok
47,24,0.5,14,volatility_72_sqrt_z,1,1.0,0.020705242516996236,0.0,2,entry,8400,16800,15,1120,560,ok,16800,15,1120,560,ok
47,24,0.5,14,ema_spread_100_200_z,2,1.0,0.01688343993942043,0.0,2,exit,8400,16800,15,1120,560,ok,16800,15,1120,560,ok
47,24,0.5,14,RSI_30_bounded,3,2.0,0.02011721593634852,0.0,2,both_tie,8400,16800,15,1120,560,ok,16800,15,1120,560,ok
47,24,0.5,14,RSI_72_bounded,4,3.0,0.0190767944842527,0.0,2,entry,8400,16800,15,1120,560,ok,16800,15,1120,560,ok
47,24,0.5,14,ADX_30_scaled,5,3.0,0.015842602445439113,0.0,2,exit,8400,16800,15,1120,560,ok,16800,15,1120,560,ok
47,24,0.5,14,price_pos_in_range_72_norm,6,4.0,0.018107285549751162,0.0,2,entry,8400,16800,15,1120,560,ok,16800,15,1120,560,ok
47,24,0.5,14,price_pos_in_range_168_norm,7,4.0,0.01635249973232311,0.0,2,exit,8400,16800,15,1120,560,ok,16800,15,1120,560,ok
47,24,0.5,14,ADX_72_scaled,8,5.0,0.01260824100987834,0.0,2,exit,8400,16800,15,1120,560,ok,16800,15,1120,560,ok
47,24,0.5,14,RSI_14_bounded,9,7.0,0.014355919715939525,0.0,2,entry,8400,16800,15,1120,560,ok,16800,15,1120,560,ok
47,24,0.5,14,log_ret_168_z,10,8.0,0.008912661795483001,0.0,1,exit,8400,16800,15,1120,560,ok,16800,15,1120,560,ok
47,24,0.5,14,dist_ema_200_z,11,10.0,0.008412322212713153,0.0,2,exit,8400,16800,15,1120,560,ok,16800,15,1120,560,ok
47,24,0.5,14,volatility_168_sqrt_z,12,10.0,0.010819643165279058,0.0,1,entry,8400,16800,15,1120,560,ok,16800,15,1120,560,ok
47,24,0.5,14,bb_pos_20_norm,13,11.0,0.009628882180938603,0.0,2,entry,8400,16800,15,1120,560,ok,16800,15,1120,560,ok
47,24,0.5,14,dist_to_high_168_sqrt_z,14,11.0,0.009098967061655694,0.0,2,exit,8400,16800,15,1120,560,ok,16800,15,1120,560,ok
47,24,0.5,20,volatility_72_sqrt_z,1,1.0,0.020705242516996236,0.0,2,entry,8400,16800,15,1120,560,ok,16800,15,1120,560,ok
47,24,0.5,20,ema_spread_100_200_z,2,1.0,0.01688343993942043,0.0,2,exit,8400,16800,15,1120,560,ok,16800,15,1120,560,ok
47,24,0.5,20,RSI_30_bounded,3,2.0,0.02011721593634852,0.0,2,both_tie,8400,16800,15,1120,560,ok,16800,15,1120,560,ok
47,24,0.5,20,RSI_72_bounded,4,3.0,0.0190767944842527,0.0,2,entry,8400,16800,15,1120,560,ok,16800,15,1120,560,ok
47,24,0.5,20,ADX_30_scaled,5,3.0,0.015842602445439113,0.0,2,exit,8400,16800,15,1120,560,ok,16800,15,1120,560,ok
47,24,0.5,20,price_pos_in_range_72_norm,6,4.0,0.018107285549751162,0.0,2,entry,8400,16800,15,1120,560,ok,16800,15,1120,560,ok
47,24,0.5,20,price_pos_in_range_168_norm,7,4.0,0.01635249973232311,0.0,2,exit,8400,16800,15,1120,560,ok,16800,15,1120,560,ok
47,24,0.5,20,ADX_72_scaled,8,5.0,0.01260824100987834,0.0,2,exit,8400,16800,15,1120,560,ok,16800,15,1120,560,ok
47,24,0.5,20,RSI_14_bounded,9,7.0,0.014355919715939525,0.0,2,entry,8400,16800,15,1120,560,ok,16800,15,1120,560,ok
47,24,0.5,20,log_ret_168_z,10,8.0,0.008912661795483001,0.0,1,exit,8400,16800,15,1120,560,ok,16800,15,1120,560,ok
47,24,0.5,20,dist_ema_200_z,11,10.0,0.008412322212713153,0.0,2,exit,8400,16800,15,1120,560,ok,16800,15,1120,560,ok
47,24,0.5,20,volatility_168_sqrt_z,12,10.0,0.010819643165279058,0.0,1,entry,8400,16800,15,1120,560,ok,16800,15,1120,560,ok
47,24,0.5,20,bb_pos_20_norm,13,11.0,0.009628882180938603,0.0,2,entry,8400,16800,15,1120,560,ok,16800,15,1120,560,ok
47,24,0.5,20,dist_to_high_168_sqrt_z,14,11.0,0.009098967061655694,0.0,2,exit,8400,16800,15,1120,560,ok,16800,15,1120,560,ok
47,24,0.5,20,ADX_14_scaled,15,12.0,0.009407280812320451,0.0,1,entry,8400,16800,15,1120,560,ok,16800,15,1120,560,ok
47,24,0.5,20,ema_spread_50_100_z,16,13.0,0.006357914941580944,0.0,1,exit,8400,16800,15,1120,560,ok,16800,15,1120,560,ok
47,24,0.5,20,NATR_14_z,17,15.0,0.007769197442072162,0.0,0,entry,8400,16800,15,1120,560,ok,16800,15,1120,560,ok
47,24,0.5,20,volatility_24_sqrt_z,18,15.0,0.005806542889416788,0.0,0,exit,8400,16800,15,1120,560,ok,16800,15,1120,560,ok
47,24,0.5,20,dist_to_low_24_sqrt_z,19,16.0,0.0076261798423188365,0.0,0,entry,8400,16800,15,1120,560,ok,16800,15,1120,560,ok
47,24,0.5,20,price_pos_in_range_24_norm,20,16.0,0.006312407816947974,0.0,0,exit,8400,16800,15,1120,560,ok,16800,15,1120,560,ok
47,24,0.5,26,volatility_72_sqrt_z,1,1.0,0.020705242516996236,0.0,2,entry,8400,16800,15,1120,560,ok,16800,15,1120,560,ok
47,24,0.5,26,ema_spread_100_200_z,2,1.0,0.01688343993942043,0.0,2,exit,8400,16800,15,1120,560,ok,16800,15,1120,560,ok
47,24,0.5,26,RSI_30_bounded,3,2.0,0.02011721593634852,0.0,2,both_tie,8400,16800,15,1120,560,ok,16800,15,1120,560,ok
47,24,0.5,26,RSI_72_bounded,4,3.0,0.0190767944842527,0.0,2,entry,8400,16800,15,1120,560,ok,16800,15,1120,560,ok
47,24,0.5,26,ADX_30_scaled,5,3.0,0.015842602445439113,0.0,2,exit,8400,16800,15,1120,560,ok,16800,15,1120,560,ok
47,24,0.5,26,price_pos_in_range_72_norm,6,4.0,0.018107285549751162,0.0,2,entry,8400,16800,15,1120,560,ok,16800,15,1120,560,ok
47,24,0.5,26,price_pos_in_range_168_norm,7,4.0,0.01635249973232311,0.0,2,exit,8400,16800,15,1120,560,ok,16800,15,1120,560,ok
47,24,0.5,26,ADX_72_scaled,8,5.0,0.01260824100987834,0.0,2,exit,8400,16800,15,1120,560,ok,16800,15,1120,560,ok
47,24,0.5,26,RSI_14_bounded,9,7.0,0.014355919715939525,0.0,2,entry,8400,16800,15,1120,560,ok,16800,15,1120,560,ok
47,24,0.5,26,log_ret_168_z,10,8.0,0.008912661795483001,0.0,1,exit,8400,16800,15,1120,560,ok,16800,15,1120,560,ok
47,24,0.5,26,dist_ema_200_z,11,10.0,0.008412322212713153,0.0,2,exit,8400,16800,15,1120,560,ok,16800,15,1120,560,ok
47,24,0.5,26,volatility_168_sqrt_z,12,10.0,0.010819643165279058,0.0,1,entry,8400,16800,15,1120,560,ok,16800,15,1120,560,ok
47,24,0.5,26,bb_pos_20_norm,13,11.0,0.009628882180938603,0.0,2,entry,8400,16800,15,1120,560,ok,16800,15,1120,560,ok
47,24,0.5,26,dist_to_high_168_sqrt_z,14,11.0,0.009098967061655694,0.0,2,exit,8400,16800,15,1120,560,ok,16800,15,1120,560,ok
47,24,0.5,26,ADX_14_scaled,15,12.0,0.009407280812320451,0.0,1,entry,8400,16800,15,1120,560,ok,16800,15,1120,560,ok
47,24,0.5,26,ema_spread_50_100_z,16,13.0,0.006357914941580944,0.0,1,exit,8400,16800,15,1120,560,ok,16800,15,1120,560,ok
47,24,0.5,26,NATR_14_z,17,15.0,0.007769197442072162,0.0,0,entry,8400,16800,15,1120,560,ok,16800,15,1120,560,ok
47,24,0.5,26,volatility_24_sqrt_z,18,15.0,0.005806542889416788,0.0,0,exit,8400,16800,15,1120,560,ok,16800,15,1120,560,ok
47,24,0.5,26,dist_to_low_24_sqrt_z,19,16.0,0.0076261798423188365,0.0,0,entry,8400,16800,15,1120,560,ok,16800,15,1120,560,ok
47,24,0.5,26,price_pos_in_range_24_norm,20,16.0,0.006312407816947974,0.0,0,exit,8400,16800,15,1120,560,ok,16800,15,1120,560,ok
47,24,0.5,26,ema_slope_50_z,21,18.0,0.007012858837782243,0.0,0,entry,8400,16800,15,1120,560,ok,16800,15,1120,560,ok
47,24,0.5,26,dist_ema_21_z,22,18.0,0.005027039722779403,0.0,0,exit,8400,16800,15,1120,560,ok,16800,15,1120,560,ok
47,24,0.5,26,vol_ratio_168_log1p_z,23,19.0,0.006819607293559793,0.0,0,entry,8400,16800,15,1120,560,ok,16800,15,1120,560,ok
47,24,0.5,26,ema_slope_200_z,24,19.0,0.00660902000213992,0.0,0,exit,8400,16800,15,1120,560,ok,16800,15,1120,560,ok
47,24,0.5,26,dist_to_high_72_sqrt_z,25,20.0,0.0067480540401637645,0.0,0,entry,8400,16800,15,1120,560,ok,16800,15,1120,560,ok
47,24,0.5,26,dist_ema_9_z,26,21.0,0.004506393323991054,0.0,0,exit,8400,16800,15,1120,560,ok,16800,15,1120,560,ok
48,24,0.5,7,ADX_72_scaled,1,1.0,0.020019280630442005,0.0,2,both_tie,8400,16800,15,1120,560,ok,16800,15,1120,560,ok
48,24,0.5,7,ADX_30_scaled,2,2.0,0.014078205893947371,0.0,2,both_tie,8400,16800,15,1120,560,ok,16800,15,1120,560,ok
48,24,0.5,7,price_pos_in_range_168_norm,3,3.0,0.013984198326019492,0.0,2,entry,8400,16800,15,1120,560,ok,16800,15,1120,560,ok
48,24,0.5,7,volatility_24_sqrt_z,4,3.0,0.011843846814227177,0.0,1,exit,8400,16800,15,1120,560,ok,16800,15,1120,560,ok
48,24,0.5,7,RSI_72_bounded,5,4.0,0.010080765496560284,0.0,2,exit,8400,16800,15,1120,560,ok,16800,15,1120,560,ok
48,24,0.5,7,RSI_14_bounded,6,4.0,0.013427284005946949,0.0,1,entry,8400,16800,15,1120,560,ok,16800,15,1120,560,ok
48,24,0.5,7,log_ret_6_z,7,5.0,0.01210764608464121,0.0,2,entry,8400,16800,15,1120,560,ok,16800,15,1120,560,ok
48,24,0.5,14,ADX_72_scaled,1,1.0,0.020019280630442005,0.0,2,both_tie,8400,16800,15,1120,560,ok,16800,15,1120,560,ok
48,24,0.5,14,ADX_30_scaled,2,2.0,0.014078205893947371,0.0,2,both_tie,8400,16800,15,1120,560,ok,16800,15,1120,560,ok
48,24,0.5,14,price_pos_in_range_168_norm,3,3.0,0.013984198326019492,0.0,2,entry,8400,16800,15,1120,560,ok,16800,15,1120,560,ok
48,24,0.5,14,volatility_24_sqrt_z,4,3.0,0.011843846814227177,0.0,1,exit,8400,16800,15,1120,560,ok,16800,15,1120,560,ok
48,24,0.5,14,RSI_72_bounded,5,4.0,0.010080765496560284,0.0,2,exit,8400,16800,15,1120,560,ok,16800,15,1120,560,ok
48,24,0.5,14,RSI_14_bounded,6,4.0,0.013427284005946949,0.0,1,entry,8400,16800,15,1120,560,ok,16800,15,1120,560,ok
48,24,0.5,14,log_ret_6_z,7,5.0,0.01210764608464121,0.0,2,entry,8400,16800,15,1120,560,ok,16800,15,1120,560,ok
48,24,0.5,14,log_ret_168_z,8,5.0,0.00817438045982083,0.0,1,exit,8400,16800,15,1120,560,ok,16800,15,1120,560,ok
48,24,0.5,14,RSI_30_bounded,9,6.0,0.01135742066976464,0.0,2,both_tie,8400,16800,15,1120,560,ok,16800,15,1120,560,ok
48,24,0.5,14,log_ret_72_z,10,7.0,0.010437295049559148,0.0,1,entry,8400,16800,15,1120,560,ok,16800,15,1120,560,ok
48,24,0.5,14,MOM_pct_72_z,11,8.0,0.010168857418830113,0.0,2,entry,8400,16800,15,1120,560,ok,16800,15,1120,560,ok
48,24,0.5,14,ema_spread_100_200_z,12,9.0,0.009899040761863764,0.0,2,both_tie,8400,16800,15,1120,560,ok,16800,15,1120,560,ok
48,24,0.5,14,bb_width_20_sqrt_z,13,10.0,0.007215784556574734,0.0,1,exit,8400,16800,15,1120,560,ok,16800,15,1120,560,ok
48,24,0.5,14,dist_ema_9_z,14,11.0,0.009067410638801676,0.0,1,entry,8400,16800,15,1120,560,ok,16800,15,1120,560,ok
48,24,0.5,20,ADX_72_scaled,1,1.0,0.020019280630442005,0.0,2,both_tie,8400,16800,15,1120,560,ok,16800,15,1120,560,ok
48,24,0.5,20,ADX_30_scaled,2,2.0,0.014078205893947371,0.0,2,both_tie,8400,16800,15,1120,560,ok,16800,15,1120,560,ok
48,24,0.5,20,price_pos_in_range_168_norm,3,3.0,0.013984198326019492,0.0,2,entry,8400,16800,15,1120,560,ok,16800,15,1120,560,ok
48,24,0.5,20,volatility_24_sqrt_z,4,3.0,0.011843846814227177,0.0,1,exit,8400,16800,15,1120,560,ok,16800,15,1120,560,ok
48,24,0.5,20,RSI_72_bounded,5,4.0,0.010080765496560284,0.0,2,exit,8400,16800,15,1120,560,ok,16800,15,1120,560,ok
48,24,0.5,20,RSI_14_bounded,6,4.0,0.013427284005946949,0.0,1,entry,8400,16800,15,1120,560,ok,16800,15,1120,560,ok
48,24,0.5,20,log_ret_6_z,7,5.0,0.01210764608464121,0.0,2,entry,8400,16800,15,1120,560,ok,16800,15,1120,560,ok
48,24,0.5,20,log_ret_168_z,8,5.0,0.00817438045982083,0.0,1,exit,8400,16800,15,1120,560,ok,16800,15,1120,560,ok
48,24,0.5,20,RSI_30_bounded,9,6.0,0.01135742066976464,0.0,2,both_tie,8400,16800,15,1120,560,ok,16800,15,1120,560,ok
48,24,0.5,20,log_ret_72_z,10,7.0,0.010437295049559148,0.0,1,entry,8400,16800,15,1120,560,ok,16800,15,1120,560,ok
48,24,0.5,20,MOM_pct_72_z,11,8.0,0.010168857418830113,0.0,2,entry,8400,16800,15,1120,560,ok,16800,15,1120,560,ok
48,24,0.5,20,ema_spread_100_200_z,12,9.0,0.009899040761863764,0.0,2,both_tie,8400,16800,15,1120,560,ok,16800,15,1120,560,ok
48,24,0.5,20,bb_width_20_sqrt_z,13,10.0,0.007215784556574734,0.0,1,exit,8400,16800,15,1120,560,ok,16800,15,1120,560,ok
48,24,0.5,20,dist_ema_9_z,14,11.0,0.009067410638801676,0.0,1,entry,8400,16800,15,1120,560,ok,16800,15,1120,560,ok
48,24,0.5,20,dist_ema_200_z,15,11.0,0.0069741504865162285,0.0,1,exit,8400,16800,15,1120,560,ok,16800,15,1120,560,ok
48,24,0.5,20,volatility_72_sqrt_z,16,12.0,0.008839875671236452,0.0,1,entry,8400,16800,15,1120,560,ok,16800,15,1120,560,ok
48,24,0.5,20,ema_slope_50_z,17,13.0,0.00844875307087345,0.0,2,entry,8400,16800,15,1120,560,ok,16800,15,1120,560,ok
48,24,0.5,20,dist_to_high_168_sqrt_z,18,13.0,0.006144544427514331,0.0,1,exit,8400,16800,15,1120,560,ok,16800,15,1120,560,ok
48,24,0.5,20,dist_to_high_72_sqrt_z,19,14.0,0.007457294961984995,0.0,1,entry,8400,16800,15,1120,560,ok,16800,15,1120,560,ok
48,24,0.5,20,ADX_14_scaled,20,15.0,0.006636299675060853,0.0,0,entry,8400,16800,15,1120,560,ok,16800,15,1120,560,ok
48,24,0.5,26,ADX_72_scaled,1,1.0,0.020019280630442005,0.0,2,both_tie,8400,16800,15,1120,560,ok,16800,15,1120,560,ok
48,24,0.5,26,ADX_30_scaled,2,2.0,0.014078205893947371,0.0,2,both_tie,8400,16800,15,1120,560,ok,16800,15,1120,560,ok
48,24,0.5,26,price_pos_in_range_168_norm,3,3.0,0.013984198326019492,0.0,2,entry,8400,16800,15,1120,560,ok,16800,15,1120,560,ok
48,24,0.5,26,volatility_24_sqrt_z,4,3.0,0.011843846814227177,0.0,1,exit,8400,16800,15,1120,560,ok,16800,15,1120,560,ok
48,24,0.5,26,RSI_72_bounded,5,4.0,0.010080765496560284,0.0,2,exit,8400,16800,15,1120,560,ok,16800,15,1120,560,ok
48,24,0.5,26,RSI_14_bounded,6,4.0,0.013427284005946949,0.0,1,entry,8400,16800,15,1120,560,ok,16800,15,1120,560,ok
48,24,0.5,26,log_ret_6_z,7,5.0,0.01210764608464121,0.0,2,entry,8400,16800,15,1120,560,ok,16800,15,1120,560,ok
48,24,0.5,26,log_ret_168_z,8,5.0,0.00817438045982083,0.0,1,exit,8400,16800,15,1120,560,ok,16800,15,1120,560,ok
48,24,0.5,26,RSI_30_bounded,9,6.0,0.01135742066976464,0.0,2,both_tie,8400,16800,15,1120,560,ok,16800,15,1120,560,ok
48,24,0.5,26,log_ret_72_z,10,7.0,0.010437295049559148,0.0,1,entry,8400,16800,15,1120,560,ok,16800,15,1120,560,ok
48,24,0.5,26,MOM_pct_72_z,11,8.0,0.010168857418830113,0.0,2,entry,8400,16800,15,1120,560,ok,16800,15,1120,560,ok
48,24,0.5,26,ema_spread_100_200_z,12,9.0,0.009899040761863764,0.0,2,both_tie,8400,16800,15,1120,560,ok,16800,15,1120,560,ok
48,24,0.5,26,bb_width_20_sqrt_z,13,10.0,0.007215784556574734,0.0,1,exit,8400,16800,15,1120,560,ok,16800,15,1120,560,ok
48,24,0.5,26,dist_ema_9_z,14,11.0,0.009067410638801676,0.0,1,entry,8400,16800,15,1120,560,ok,16800,15,1120,560,ok
48,24,0.5,26,dist_ema_200_z,15,11.0,0.0069741504865162285,0.0,1,exit,8400,16800,15,1120,560,ok,16800,15,1120,560,ok
48,24,0.5,26,volatility_72_sqrt_z,16,12.0,0.008839875671236452,0.0,1,entry,8400,16800,15,1120,560,ok,16800,15,1120,560,ok
48,24,0.5,26,ema_slope_50_z,17,13.0,0.00844875307087345,0.0,2,entry,8400,16800,15,1120,560,ok,16800,15,1120,560,ok
48,24,0.5,26,dist_to_high_168_sqrt_z,18,13.0,0.006144544427514331,0.0,1,exit,8400,16800,15,1120,560,ok,16800,15,1120,560,ok
48,24,0.5,26,dist_to_high_72_sqrt_z,19,14.0,0.007457294961984995,0.0,1,entry,8400,16800,15,1120,560,ok,16800,15,1120,560,ok
48,24,0.5,26,ADX_14_scaled,20,15.0,0.006636299675060853,0.0,0,entry,8400,16800,15,1120,560,ok,16800,15,1120,560,ok
48,24,0.5,26,bb_pos_20_norm,21,16.0,0.00637129857884744,0.0,0,entry,8400,16800,15,1120,560,ok,16800,15,1120,560,ok
48,24,0.5,26,volatility_168_sqrt_z,22,17.0,0.006226241931732823,0.0,0,entry,8400,16800,15,1120,560,ok,16800,15,1120,560,ok
48,24,0.5,26,ema_spread_9_21_z,23,18.0,0.005950996514725082,0.0,0,entry,8400,16800,15,1120,560,ok,16800,15,1120,560,ok
48,24,0.5,26,ema_slope_21_z,24,19.0,0.005906191249263726,0.0,0,entry,8400,16800,15,1120,560,ok,16800,15,1120,560,ok
48,24,0.5,26,dist_to_low_24_sqrt_z,25,19.0,0.004082159041324418,0.0,0,exit,8400,16800,15,1120,560,ok,16800,15,1120,560,ok
48,24,0.5,26,dist_ema_21_z,26,20.0,0.0055774696867287865,0.0,0,entry,8400,16800,15,1120,560,ok,16800,15,1120,560,ok
49,24,0.5,7,ADX_72_scaled,1,1.0,0.024641380706764027,0.0,2,both_tie,8400,16800,15,1120,560,ok,16800,15,1120,560,ok
49,24,0.5,7,volatility_72_sqrt_z,2,2.0,0.016730658385600505,0.0,2,entry,8400,16800,15,1120,560,ok,16800,15,1120,560,ok
49,24,0.5,7,ema_slope_100_z,3,2.0,0.016057709921815044,0.0,2,exit,8400,16800,15,1120,560,ok,16800,15,1120,560,ok
49,24,0.5,7,ema_slope_21_z,4,3.0,0.014598010070494216,0.0,2,entry,8400,16800,15,1120,560,ok,16800,15,1120,560,ok
49,24,0.5,7,dist_to_low_24_sqrt_z,5,3.0,0.01402541994656964,0.0,2,exit,8400,16800,15,1120,560,ok,16800,15,1120,560,ok
49,24,0.5,7,price_pos_in_range_168_norm,6,4.0,0.012824047835151786,0.0,2,exit,8400,16800,15,1120,560,ok,16800,15,1120,560,ok
49,24,0.5,7,ema_spread_100_200_z,7,4.0,0.01432729987864334,0.0,1,entry,8400,16800,15,1120,560,ok,16800,15,1120,560,ok
49,24,0.5,14,ADX_72_scaled,1,1.0,0.024641380706764027,0.0,2,both_tie,8400,16800,15,1120,560,ok,16800,15,1120,560,ok
49,24,0.5,14,volatility_72_sqrt_z,2,2.0,0.016730658385600505,0.0,2,entry,8400,16800,15,1120,560,ok,16800,15,1120,560,ok
49,24,0.5,14,ema_slope_100_z,3,2.0,0.016057709921815044,0.0,2,exit,8400,16800,15,1120,560,ok,16800,15,1120,560,ok
49,24,0.5,14,ema_slope_21_z,4,3.0,0.014598010070494216,0.0,2,entry,8400,16800,15,1120,560,ok,16800,15,1120,560,ok
49,24,0.5,14,dist_to_low_24_sqrt_z,5,3.0,0.01402541994656964,0.0,2,exit,8400,16800,15,1120,560,ok,16800,15,1120,560,ok
49,24,0.5,14,price_pos_in_range_168_norm,6,4.0,0.012824047835151786,0.0,2,exit,8400,16800,15,1120,560,ok,16800,15,1120,560,ok
49,24,0.5,14,ema_spread_100_200_z,7,4.0,0.01432729987864334,0.0,1,entry,8400,16800,15,1120,560,ok,16800,15,1120,560,ok
49,24,0.5,14,ADX_30_scaled,8,5.0,0.013810570000942657,0.0,2,both_tie,8400,16800,15,1120,560,ok,16800,15,1120,560,ok
49,24,0.5,14,dist_ema_100_z,9,6.0,0.012967970449565991,0.0,1,entry,8400,16800,15,1120,560,ok,16800,15,1120,560,ok
49,24,0.5,14,ema_spread_9_21_z,10,7.0,0.012392312986016285,0.0,2,entry,8400,16800,15,1120,560,ok,16800,15,1120,560,ok
49,24,0.5,14,ema_spread_50_100_z,11,7.0,0.010568891943372405,0.0,1,exit,8400,16800,15,1120,560,ok,16800,15,1120,560,ok
49,24,0.5,14,ema_slope_50_z,12,8.0,0.011969342208447697,0.0,2,entry,8400,16800,15,1120,560,ok,16800,15,1120,560,ok
49,24,0.5,14,dist_ema_50_z,13,9.0,0.011929465517660387,0.0,1,entry,8400,16800,15,1120,560,ok,16800,15,1120,560,ok
49,24,0.5,14,bb_width_20_sqrt_z,14,10.0,0.009032661610748172,0.0,1,exit,8400,16800,15,1120,560,ok,16800,15,1120,560,ok
49,24,0.5,20,ADX_72_scaled,1,1.0,0.024641380706764027,0.0,2,both_tie,8400,16800,15,1120,560,ok,16800,15,1120,560,ok
49,24,0.5,20,volatility_72_sqrt_z,2,2.0,0.016730658385600505,0.0,2,entry,8400,16800,15,1120,560,ok,16800,15,1120,560,ok
49,24,0.5,20,ema_slope_100_z,3,2.0,0.016057709921815044,0.0,2,exit,8400,16800,15,1120,560,ok,16800,15,1120,560,ok
49,24,0.5,20,ema_slope_21_z,4,3.0,0.014598010070494216,0.0,2,entry,8400,16800,15,1120,560,ok,16800,15,1120,560,ok
49,24,0.5,20,dist_to_low_24_sqrt_z,5,3.0,0.01402541994656964,0.0,2,exit,8400,16800,15,1120,560,ok,16800,15,1120,560,ok
49,24,0.5,20,price_pos_in_range_168_norm,6,4.0,0.012824047835151786,0.0,2,exit,8400,16800,15,1120,560,ok,16800,15,1120,560,ok
49,24,0.5,20,ema_spread_100_200_z,7,4.0,0.01432729987864334,0.0,1,entry,8400,16800,15,1120,560,ok,16800,15,1120,560,ok
49,24,0.5,20,ADX_30_scaled,8,5.0,0.013810570000942657,0.0,2,both_tie,8400,16800,15,1120,560,ok,16800,15,1120,560,ok
49,24,0.5,20,dist_ema_100_z,9,6.0,0.012967970449565991,0.0,1,entry,8400,16800,15,1120,560,ok,16800,15,1120,560,ok
49,24,0.5,20,ema_spread_9_21_z,10,7.0,0.012392312986016285,0.0,2,entry,8400,16800,15,1120,560,ok,16800,15,1120,560,ok
49,24,0.5,20,ema_spread_50_100_z,11,7.0,0.010568891943372405,0.0,1,exit,8400,16800,15,1120,560,ok,16800,15,1120,560,ok
49,24,0.5,20,ema_slope_50_z,12,8.0,0.011969342208447697,0.0,2,entry,8400,16800,15,1120,560,ok,16800,15,1120,560,ok
49,24,0.5,20,dist_ema_50_z,13,9.0,0.011929465517660387,0.0,1,entry,8400,16800,15,1120,560,ok,16800,15,1120,560,ok
49,24,0.5,20,bb_width_20_sqrt_z,14,10.0,0.009032661610748172,0.0,1,exit,8400,16800,15,1120,560,ok,16800,15,1120,560,ok
49,24,0.5,20,volatility_168_sqrt_z,15,11.0,0.01107661992529585,0.0,1,entry,8400,16800,15,1120,560,ok,16800,15,1120,560,ok
49,24,0.5,20,log_ret_168_z,16,11.0,0.008170809278153168,0.0,1,exit,8400,16800,15,1120,560,ok,16800,15,1120,560,ok
49,24,0.5,20,ema_spread_21_50_z,17,12.0,0.007669577925934756,0.0,1,exit,8400,16800,15,1120,560,ok,16800,15,1120,560,ok
49,24,0.5,20,dist_ema_200_z,18,13.0,0.009297102845559402,0.0,1,entry,8400,16800,15,1120,560,ok,16800,15,1120,560,ok
49,24,0.5,20,log_ret_24_z,19,14.0,0.006720098366149119,0.0,1,exit,8400,16800,15,1120,560,ok,16800,15,1120,560,ok
49,24,0.5,20,RSI_30_bounded,20,15.0,0.008885124719031579,0.0,0,entry,8400,16800,15,1120,560,ok,16800,15,1120,560,ok
49,24,0.5,26,ADX_72_scaled,1,1.0,0.024641380706764027,0.0,2,both_tie,8400,16800,15,1120,560,ok,16800,15,1120,560,ok
49,24,0.5,26,volatility_72_sqrt_z,2,2.0,0.016730658385600505,0.0,2,entry,8400,16800,15,1120,560,ok,16800,15,1120,560,ok
49,24,0.5,26,ema_slope_100_z,3,2.0,0.016057709921815044,0.0,2,exit,8400,16800,15,1120,560,ok,16800,15,1120,560,ok
49,24,0.5,26,ema_slope_21_z,4,3.0,0.014598010070494216,0.0,2,entry,8400,16800,15,1120,560,ok,16800,15,1120,560,ok
49,24,0.5,26,dist_to_low_24_sqrt_z,5,3.0,0.01402541994656964,0.0,2,exit,8400,16800,15,1120,560,ok,16800,15,1120,560,ok
49,24,0.5,26,price_pos_in_range_168_norm,6,4.0,0.012824047835151786,0.0,2,exit,8400,16800,15,1120,560,ok,16800,15,1120,560,ok
49,24,0.5,26,ema_spread_100_200_z,7,4.0,0.01432729987864334,0.0,1,entry,8400,16800,15,1120,560,ok,16800,15,1120,560,ok
49,24,0.5,26,ADX_30_scaled,8,5.0,0.013810570000942657,0.0,2,both_tie,8400,16800,15,1120,560,ok,16800,15,1120,560,ok
49,24,0.5,26,dist_ema_100_z,9,6.0,0.012967970449565991,0.0,1,entry,8400,16800,15,1120,560,ok,16800,15,1120,560,ok
49,24,0.5,26,ema_spread_9_21_z,10,7.0,0.012392312986016285,0.0,2,entry,8400,16800,15,1120,560,ok,16800,15,1120,560,ok
49,24,0.5,26,ema_spread_50_100_z,11,7.0,0.010568891943372405,0.0,1,exit,8400,16800,15,1120,560,ok,16800,15,1120,560,ok
49,24,0.5,26,ema_slope_50_z,12,8.0,0.011969342208447697,0.0,2,entry,8400,16800,15,1120,560,ok,16800,15,1120,560,ok
49,24,0.5,26,dist_ema_50_z,13,9.0,0.011929465517660387,0.0,1,entry,8400,16800,15,1120,560,ok,16800,15,1120,560,ok
49,24,0.5,26,bb_width_20_sqrt_z,14,10.0,0.009032661610748172,0.0,1,exit,8400,16800,15,1120,560,ok,16800,15,1120,560,ok
49,24,0.5,26,volatility_168_sqrt_z,15,11.0,0.01107661992529585,0.0,1,entry,8400,16800,15,1120,560,ok,16800,15,1120,560,ok
49,24,0.5,26,log_ret_168_z,16,11.0,0.008170809278153168,0.0,1,exit,8400,16800,15,1120,560,ok,16800,15,1120,560,ok
49,24,0.5,26,ema_spread_21_50_z,17,12.0,0.007669577925934756,0.0,1,exit,8400,16800,15,1120,560,ok,16800,15,1120,560,ok
49,24,0.5,26,dist_ema_200_z,18,13.0,0.009297102845559402,0.0,1,entry,8400,16800,15,1120,560,ok,16800,15,1120,560,ok
49,24,0.5,26,log_ret_24_z,19,14.0,0.006720098366149119,0.0,1,exit,8400,16800,15,1120,560,ok,16800,15,1120,560,ok
49,24,0.5,26,RSI_30_bounded,20,15.0,0.008885124719031579,0.0,0,entry,8400,16800,15,1120,560,ok,16800,15,1120,560,ok
49,24,0.5,26,dist_to_low_72_sqrt_z,21,16.0,0.008819674970818925,0.0,0,entry,8400,16800,15,1120,560,ok,16800,15,1120,560,ok
49,24,0.5,26,dist_to_high_24_sqrt_z,22,16.0,0.006869693720914283,0.0,0,exit,8400,16800,15,1120,560,ok,16800,15,1120,560,ok
49,24,0.5,26,ret_accel_72_168_z,23,17.0,0.008449486306649212,0.0,0,entry,8400,16800,15,1120,560,ok,16800,15,1120,560,ok
49,24,0.5,26,MOM_pct_14_z,24,17.0,0.0066363528273878925,0.0,0,exit,8400,16800,15,1120,560,ok,16800,15,1120,560,ok
49,24,0.5,26,ema_slope_200_z,25,18.0,0.006623997950442495,0.0,0,exit,8400,16800,15,1120,560,ok,16800,15,1120,560,ok
49,24,0.5,26,RSI_72_bounded,26,19.0,0.008079634094490085,0.0,0,entry,8400,16800,15,1120,560,ok,16800,15,1120,560,ok
