seed,n_symbols,seed_dro_score,dro_alpha,seed_dro_min_aggregate_half,mean_symbol_h1_return_pct,mean_symbol_h2_return_pct,mean_symbol_full_return_pct,median_symbol_full_return_pct,median_drawdown_abs,max_drawdown_abs,median_profit_factor,total_trades,min_symbol_trades,mean_executed_action_1_ratio,mean_constraint_applied_ratio,mean_forced_singleton_ratio,mean_decision_point_ratio,mean_bandit_consulted_ratio,mean_pending_update_queued_ratio,median_holding_bars,mean_holding_bars,p25_holding_bars,p75_holding_bars,share_trades_closed_before_horizon,share_trades_closed_after_horizon,median_time_between_entries,trial_number,bandit_name,method_group,set_name,z_window
3142,3,-3.0444274286811432,0.5,-3.190737859276009,-2.6054961368965457,-3.190737859276009,-5.717577940909076,-6.199988871840034,7.732649872422237,8.111293898309436,0.7623430988355543,605,193,0.5670000000000001,0.403,0.39549999999999996,0.6045,0.6045,0.603,4.0,5.528497409326425,4.0,5.0,0.9222797927461139,0.07772020725388601,7.0,0,sw_lints,corr,z48_a0p5_corr_pruned_top10,48
3143,3,-4.218390674782777,0.5,-4.990098944276752,-1.9032658663008517,-4.990098944276752,-6.810076441069513,-8.148203189548543,8.960074076192715,10.923552879848353,0.6668305078080288,670,208,0.5303333333333332,0.44683333333333336,0.4475,0.5525,0.5525,0.551,4.0,4.763392857142857,4.0,4.0,0.9705882352941176,0.029411764705882353,7.0,0,sw_lints,corr,z48_a0p5_corr_pruned_top10,48
3144,3,-4.537019921155336,0.5,-5.039320082410381,-3.0301194373902036,-5.039320082410381,-7.872256975917886,-10.40533503986577,14.507315564705836,15.30482780059147,0.6329694668953205,603,192,0.5444999999999999,0.4028333333333333,0.4095,0.5905,0.5905,0.589,4.0,5.254901960784314,4.0,5.0,0.9362745098039216,0.06372549019607843,8.0,0,sw_lints,corr,z48_a0p5_corr_pruned_top10,48
3145,3,-5.073624953197417,0.5,-7.261978206035554,1.4914348053169935,-7.261978206035554,-5.932620483497885,-6.311756015638403,9.009156561696297,13.222592467281336,0.7214534465705323,563,180,0.561,0.37566666666666665,0.38149999999999995,0.6185,0.6185,0.617,4.0,5.721052631578948,4.0,5.0,0.917098445595855,0.08290155440414508,8.0,0,sw_lints,corr,z48_a0p5_corr_pruned_top10,48
3146,3,-4.303217463561156,0.5,-5.294706606768074,-1.328750033940403,-5.294706606768074,-6.526451993771354,-5.552464362865351,8.20817980576506,13.458316831743133,0.7471018780127401,556,160,0.5561666666666666,0.37166666666666665,0.37549999999999994,0.6245,0.6245,0.6215,4.0,6.385026737967914,4.0,6.0,0.8877005347593583,0.11229946524064172,8.0,0,sw_lints,corr,z48_a0p5_corr_pruned_top10,48
3142,3,-6.04616488082865,0.5,-7.703196329480536,-1.0750705348729905,-7.703196329480536,-8.690585808869907,-8.147122469092949,11.23490004980482,14.942945803542218,0.6914527892636876,530,171,0.5489999999999999,0.35366666666666663,0.352,0.648,0.648,0.6465,4.0,6.482954545454546,4.0,5.25,0.8806818181818182,0.11931818181818182,8.0,1,sw_lints,corr,z48_a0p5_corr_pruned_top10,48
3143,3,-3.6212881036104356,0.5,-5.070539221965086,0.7264652514535156,-5.070539221965086,-4.4528584700635925,-5.066379851759606,8.092813727696967,13.146136460431034,0.7421791630253715,515,166,0.551,0.3441666666666667,0.34550000000000003,0.6545,0.6545,0.651,4.0,6.27710843373494,4.0,5.0,0.8636363636363636,0.13636363636363635,8.0,1,sw_lints,corr,z48_a0p5_corr_pruned_top10,48
3144,3,-6.534513161551416,0.5,-8.28449959629088,-1.2845538573330262,-8.28449959629088,-9.458039140649914,-12.544222785102033,14.491850531370964,14.503648371330923,0.5251952504965381,498,153,0.5306666666666666,0.33233333333333337,0.3335,0.6665,0.6665,0.6635,4.0,6.666666666666667,4.0,5.0,0.8614457831325302,0.13855421686746988,8.0,1,sw_lints,corr,z48_a0p5_corr_pruned_top10,48
3145,3,-4.666489705719465,0.5,-5.423486554460195,-2.3954991594972754,-5.423486554460195,-7.662950299682773,-9.819812755708002,11.525520898776442,13.412480566929352,0.6091484912969414,503,162,0.5433333333333333,0.3361666666666667,0.3295,0.6705,0.6705,0.6675,4.0,6.219512195121951,4.0,5.0,0.8813559322033898,0.11864406779661017,8.0,1,sw_lints,corr,z48_a0p5_corr_pruned_top10,48
3146,3,-5.15336033886153,0.5,-6.340941140976234,-1.5906179325174168,-6.340941140976234,-7.848653547413143,-9.724922155198135,12.765058277960827,13.1286697632503,0.6379053800533419,513,158,0.5558333333333333,0.3421666666666667,0.3215,0.6785,0.6785,0.6755,4.0,7.1075949367088604,4.0,6.0,0.8544303797468354,0.14556962025316456,8.0,1,sw_lints,corr,z48_a0p5_corr_pruned_top10,48
3142,3,-4.547156433748338,0.5,-5.3250068971935915,-2.2136050434125774,-5.3250068971935915,-7.4147905424231935,-9.045623890177968,11.073431709411397,11.185662937746443,0.6379980904404667,516,163,0.5393333333333333,0.3443333333333334,0.33599999999999997,0.664,0.664,0.661,4.0,5.964285714285714,4.0,6.0,0.8928571428571429,0.10714285714285714,9.0,2,sw_lints,corr,z48_a0p5_corr_pruned_top10,48
3143,3,-5.672774090853936,0.5,-6.972046342384568,-1.7749573362620399,-6.972046342384568,-8.57265894666917,-9.664588444559708,12.230348536715374,14.356101524497012,0.6084445602812251,510,158,0.5556666666666666,0.3403333333333334,0.33599999999999997,0.664,0.664,0.661,4.0,6.279761904761905,4.0,6.0,0.8809523809523809,0.11904761904761904,8.0,2,sw_lints,corr,z48_a0p5_corr_pruned_top10,48
3144,3,-4.539290064807807,0.5,-5.740661461757853,-0.9351758739576721,-5.740661461757853,-6.6186398474254675,-6.633284652317473,9.395704283566797,10.538750040474964,0.7293375243005319,522,162,0.5468333333333333,0.3483333333333334,0.33999999999999997,0.66,0.66,0.658,4.0,6.029411764705882,4.0,5.0,0.8823529411764706,0.11764705882352941,8.0,2,sw_lints,corr,z48_a0p5_corr_pruned_top10,48
3145,3,-4.485488310365822,0.5,-5.160134821541062,-2.4615487768401016,-5.160134821541062,-7.450300655214281,-6.866875309532294,10.371621270650888,14.429668806577755,0.7334445801869444,514,163,0.5563333333333333,0.34349999999999997,0.3335,0.6665,0.6665,0.6635,4.0,6.0552147239263805,4.0,5.0,0.8957055214723927,0.10429447852760736,8.0,2,sw_lints,corr,z48_a0p5_corr_pruned_top10,48
3146,3,-4.6045244038774475,0.5,-5.53468399408943,-1.8140456332415011,-5.53468399408943,-7.234398386586212,-6.131400359213146,9.499124775628454,13.64871835021091,0.7499674946591836,511,166,0.5228333333333334,0.3416666666666666,0.344,0.656,0.656,0.6535,4.0,5.993975903614458,4.0,6.0,0.8734939759036144,0.12650602409638553,8.0,2,sw_lints,corr,z48_a0p5_corr_pruned_top10,48
3142,3,-4.90432660567491,0.5,-5.587029675919756,-2.8562173949403746,-5.587029675919756,-8.29158423839395,-8.318946680320527,10.500715873920342,10.961125938930893,0.6103507973446892,451,135,0.5318333333333333,0.301,0.29800000000000004,0.702,0.702,0.6995,4.0,6.932885906040268,4.0,6.0,0.825503355704698,0.174496644295302,9.0,3,sw_lints,corr,z48_a0p5_corr_pruned_top10,48
3143,3,-4.441739784767108,0.5,-6.041684542268988,0.3580944877385324,-6.041684542268988,-5.727396527486472,-5.2729092931485315,10.491378669121843,10.79719180710973,0.7462550052667732,441,137,0.537,0.29433333333333334,0.2835,0.7165,0.7165,0.715,4.0,7.846715328467154,4.0,7.0,0.8297872340425532,0.1702127659574468,9.0,3,sw_lints,corr,z48_a0p5_corr_pruned_top10,48
3144,3,-4.7597523665387405,0.5,-5.533296765829299,-2.4391191686670664,-5.533296765829299,-7.821997687482647,-7.670595308654137,10.697248195680109,15.532411428981707,0.683946138837726,453,140,0.5033333333333333,0.30266666666666664,0.3075,0.6925,0.6925,0.691,4.0,6.324675324675325,4.0,6.0,0.8571428571428571,0.14285714285714285,8.0,3,sw_lints,corr,z48_a0p5_corr_pruned_top10,48
3145,3,-5.588066198525124,0.5,-6.90462397679848,-1.6383928637050549,-6.90462397679848,-8.393647966399357,-10.569535133663122,11.333660896716669,14.801256482722437,0.5849017486676827,435,130,0.5245,0.29033333333333333,0.30400000000000005,0.696,0.696,0.6935,4.0,6.69281045751634,4.0,6.0,0.8496732026143791,0.1503267973856209,9.0,3,sw_lints,corr,z48_a0p5_corr_pruned_top10,48
3146,3,-3.41635375466508,0.5,-4.016144096720423,-1.6169827284990503,-4.016144096720423,-5.560442286182496,-6.65114122058057,10.124666276490624,10.74815472350642,0.6859482795090671,437,134,0.5193333333333333,0.2916666666666667,0.29000000000000004,0.71,0.71,0.7055,4.0,6.910344827586207,4.0,6.75,0.8344827586206897,0.16551724137931034,8.0,3,sw_lints,corr,z48_a0p5_corr_pruned_top10,48
3142,3,-4.530859242202534,0.5,-5.740666368659723,-0.9014378628309672,-5.740666368659723,-6.5610392957299455,-8.660696410132928,10.277852646923158,12.467745240864915,0.6369823040414397,513,170,0.5341666666666667,0.34299999999999997,0.3435,0.6565,0.6565,0.6535,4.0,5.9941176470588236,4.0,5.0,0.8830409356725146,0.11695906432748537,8.0,4,sw_lints,corr,z48_a0p5_corr_pruned_top10,48
3143,3,-5.54179606607733,0.5,-6.697204904027946,-2.0755695522254833,-6.697204904027946,-8.655602880216287,-9.740867100192585,14.13375758993588,15.325246748782462,0.610006186821338,551,170,0.5333333333333333,0.3678333333333333,0.37949999999999995,0.6205,0.6205,0.619,4.0,5.988235294117647,4.0,5.0,0.8835978835978836,0.1164021164021164,7.0,4,sw_lints,corr,z48_a0p5_corr_pruned_top10,48
3144,3,-4.1169394269757005,0.5,-4.643256196674062,-2.537989117880616,-4.643256196674062,-7.013649195982801,-6.703518753095983,10.194318625638022,14.197298488456289,0.7128370494205564,535,162,0.5283333333333333,0.357,0.3335,0.6665,0.6665,0.6645,4.0,6.1419753086419755,4.0,5.0,0.8827160493827161,0.11728395061728394,8.0,4,sw_lints,corr,z48_a0p5_corr_pruned_top10,48
3145,3,-4.337581333704973,0.5,-5.429358167830082,-1.0622508313296475,-5.429358167830082,-6.4952257657816235,-6.8813265590266015,9.08149711131565,12.290284273876217,0.7075901538458932,538,175,0.5168333333333334,0.35883333333333334,0.35750000000000004,0.6425,0.6425,0.639,4.0,5.668571428571428,4.0,5.0,0.8914285714285715,0.10857142857142857,7.0,4,sw_lints,corr,z48_a0p5_corr_pruned_top10,48
3146,3,-2.563424051970778,0.5,-3.336507409387457,-0.24417397972074095,-3.336507409387457,-3.5679814343731096,-3.916562988867056,8.087532721268175,8.296962016842313,0.8136039914674315,521,164,0.512,0.3481666666666667,0.33299999999999996,0.667,0.667,0.6635,4.0,5.77710843373494,4.0,4.0,0.9156626506024096,0.08433734939759036,7.0,4,sw_lints,corr,z48_a0p5_corr_pruned_top10,48
3142,3,-5.0731207389031665,0.5,-6.784637229915144,0.061428734132766095,-6.784637229915144,-6.752740337143756,-6.360186365788167,12.634076204328881,12.651777347471405,0.6862372108983917,504,166,0.5178333333333334,0.3365,0.3335,0.6665,0.6665,0.6635,4.0,6.0120481927710845,4.0,5.0,0.8975903614457831,0.10240963855421686,8.0,5,sw_lints,corr,z48_a0p5_corr_pruned_top10,48
3143,3,-5.692730798842055,0.5,-7.016603055103661,-1.7211140300572358,-7.016603055103661,-8.58833319656993,-9.914384455271941,12.632319478249743,13.8799550827718,0.6299975856900635,524,167,0.5198333333333333,0.3503333333333334,0.34550000000000003,0.6545,0.6545,0.653,4.0,5.97093023255814,4.0,5.0,0.8953488372093024,0.10465116279069768,8.0,5,sw_lints,corr,z48_a0p5_corr_pruned_top10,48
3144,3,-4.277024013660758,0.5,-5.700337116374605,-0.007084705519215066,-5.700337116374605,-5.674866518488135,-3.3532493751419534,10.375742288411093,13.529542757972058,0.8156492534400775,522,155,0.546,0.34833333333333333,0.36550000000000005,0.6345,0.6345,0.633,4.0,6.374193548387097,4.0,5.0,0.9027027027027027,0.0972972972972973,8.0,5,sw_lints,corr,z48_a0p5_corr_pruned_top10,48
3145,3,-5.341129191188157,0.5,-7.251382794340998,0.3896316182703659,-7.251382794340998,-6.855656783036589,-4.383411461238007,8.122387137091225,13.023713454786744,0.7887141749148622,528,160,0.5431666666666667,0.353,0.34950000000000003,0.6505,0.6505,0.647,4.0,5.816091954022989,4.0,5.0,0.9020618556701031,0.0979381443298969,8.0,5,sw_lints,corr,z48_a0p5_corr_pruned_top10,48
3146,3,-5.026844198925177,0.5,-6.5813457143877505,-0.363339652537457,-6.5813457143877505,-6.897636089901238,-6.619740798712348,7.619152846913069,13.411368568915627,0.7312216875131908,543,177,0.5325000000000001,0.3621666666666667,0.35750000000000004,0.6425,0.6425,0.6395,4.0,5.759358288770054,4.0,5.0,0.8870056497175142,0.11299435028248588,7.0,5,sw_lints,corr,z48_a0p5_corr_pruned_top10,48
3142,3,-4.5419165793742895,0.5,-5.880332811316713,-0.5266678835470199,-5.880332811316713,-6.317371900966751,-5.963612623141867,9.3380899437161,13.145344807373938,0.7246737053033271,453,131,0.5318333333333333,0.30266666666666664,0.2845,0.7155,0.7155,0.7115,4.0,7.373239436619718,4.0,7.0,0.816793893129771,0.183206106870229,9.0,6,sw_lints,corr,z48_a0p5_corr_pruned_top10,48
3143,3,-5.8191246055508445,0.5,-7.206526370856321,-1.6569193096344155,-7.206526370856321,-8.735310200437702,-9.456138052829044,9.727317069593377,14.212353201079363,0.5878869321337904,505,150,0.5088333333333334,0.3368333333333333,0.3375,0.6625,0.6625,0.661,4.0,5.603550295857988,4.0,5.0,0.8994082840236687,0.10059171597633136,8.0,6,sw_lints,corr,z48_a0p5_corr_pruned_top10,48
3144,3,-5.106335374861684,0.5,-6.20721816324816,-1.8036870097022595,-6.20721816324816,-7.859890248354173,-9.099737303638866,10.546590887167195,13.389820610437365,0.654945008109746,473,130,0.5295,0.3155,0.3335,0.6665,0.6665,0.665,4.0,6.068181818181818,4.0,6.0,0.8622754491017964,0.1377245508982036,8.0,6,sw_lints,corr,z48_a0p5_corr_pruned_top10,48
3145,3,-4.44133989857786,0.5,-5.831453965536603,-0.27099769770163223,-5.831453965536603,-6.092983444600801,-3.8198502041242532,9.171345134848663,12.233467239529016,0.7914124575435112,497,140,0.49383333333333335,0.33149999999999996,0.351,0.649,0.649,0.647,4.0,5.324175824175824,4.0,4.0,0.9085714285714286,0.09142857142857143,7.0,6,sw_lints,corr,z48_a0p5_corr_pruned_top10,48
3146,3,-5.350503091403173,0.5,-7.221262041719903,0.26177375954702004,-7.221262041719903,-6.956648373981911,-10.323354118623062,12.267489211734173,12.760622767436702,0.6641508687237638,508,135,0.5155,0.3393333333333333,0.35550000000000004,0.6445,0.6445,0.643,4.0,5.353932584269663,4.0,5.0,0.9213483146067416,0.07865168539325842,8.0,6,sw_lints,corr,z48_a0p5_corr_pruned_top10,48
3142,3,-2.9580574817964767,0.5,-3.676205201479739,-0.8036143227466891,-3.676205201479739,-4.367858060456224,-3.9564162521307344,8.13363925209547,12.72713997812468,0.8001342921178048,516,144,0.529,0.3443333333333333,0.356,0.644,0.644,0.642,4.0,5.612359550561798,4.0,4.0,0.9044943820224719,0.09550561797752809,7.0,7,sw_lints,corr,z48_a0p5_corr_pruned_top10,48
3143,3,-5.226053550686025,0.5,-6.150610140403157,-2.4523837815346283,-6.150610140403157,-8.406342909840768,-5.541488253811277,8.165299141705129,14.978183408600499,0.7119887294903281,538,169,0.5199999999999999,0.36000000000000004,0.353,0.647,0.647,0.643,4.0,5.3522727272727275,4.0,4.0,0.9147727272727273,0.08522727272727272,7.0,7,sw_lints,corr,z48_a0p5_corr_pruned_top10,48
3144,3,-4.63635925612472,0.5,-5.588415748878769,-1.7801897778625733,-5.588415748878769,-7.239293623783854,-9.657299240152273,9.984280834462666,13.146503447767866,0.6283005181198599,490,145,0.5155,0.3276666666666666,0.34550000000000003,0.6545,0.6545,0.653,4.0,5.982658959537572,4.0,4.0,0.8901734104046243,0.10982658959537572,8.0,7,sw_lints,corr,z48_a0p5_corr_pruned_top10,48
3145,3,-4.918235684187924,0.5,-6.437222183810472,-0.3612761853202806,-6.437222183810472,-6.7861734879973525,-8.065413012210175,10.245268015888298,11.792150092100195,0.6919904759835118,511,163,0.5158333333333334,0.34149999999999997,0.33799999999999997,0.662,0.662,0.6595,4.0,5.899408284023669,4.0,6.0,0.8650306748466258,0.13496932515337423,8.0,7,sw_lints,corr,z48_a0p5_corr_pruned_top10,48
3146,3,-3.576486814010066,0.5,-4.633650825927856,-0.4049947782566954,-4.633650825927856,-5.009545842719969,-6.359245902157951,9.845933319976197,9.952952495857414,0.7273080362284672,471,144,0.5211666666666667,0.3143333333333333,0.3155,0.6845,0.6845,0.6795,4.0,6.673611111111111,4.0,6.0,0.8662420382165605,0.1337579617834395,8.0,7,sw_lints,corr,z48_a0p5_corr_pruned_top10,48
3142,3,-4.871859906638149,0.5,-6.084846902139719,-1.2328989201334404,-6.084846902139719,-7.2461732529585765,-6.255929557091166,9.011885930722274,13.704964703565835,0.7603374227877324,553,172,0.5435,0.36966666666666664,0.36950000000000005,0.6305,0.6305,0.6285,4.0,5.543478260869565,4.0,5.0,0.9021739130434783,0.09782608695652174,8.0,8,sw_lints,corr,z48_a0p5_corr_pruned_top10,48
3143,3,-5.729957321065456,0.5,-6.928254848794097,-2.1350647378795293,-6.928254848794097,-8.94615951408787,-8.9686081334446,9.650823884281557,11.03745046127308,0.613807885291831,609,199,0.5178333333333333,0.40650000000000003,0.404,0.596,0.596,0.5935,4.0,5.1708542713567835,4.0,5.0,0.9356435643564357,0.06435643564356436,7.5,8,sw_lints,corr,z48_a0p5_corr_pruned_top10,48
3144,3,-3.300886087189696,0.5,-3.6247934620890447,-2.3291639624916503,-3.6247934620890447,-5.853215114218624,-4.745195465443319,6.297525002022553,13.491699750637821,0.7513075457322199,586,177,0.5363333333333333,0.39199999999999996,0.401,0.599,0.599,0.597,4.0,5.019138755980861,4.0,4.0,0.935,0.065,7.0,8,sw_lints,corr,z48_a0p5_corr_pruned_top10,48
3145,3,-4.4920974618055975,0.5,-5.128475152179924,-2.5829643906826183,-5.128475152179924,-7.579093242059419,-6.409596784199534,9.785654388171128,10.918364409940718,0.65641991994397,589,190,0.5168333333333334,0.39266666666666666,0.392,0.608,0.608,0.605,4.0,5.0344827586206895,4.0,5.0,0.9285714285714286,0.07142857142857142,7.0,8,sw_lints,corr,z48_a0p5_corr_pruned_top10,48
3146,3,-5.235429308929754,0.5,-6.51927592429707,-1.383889462827803,-6.51927592429707,-7.810687919398885,-7.9165262496532,8.577198168610256,12.212432250883632,0.6069587966989787,579,188,0.5246666666666667,0.3858333333333334,0.376,0.624,0.624,0.6215,4.0,5.622340425531915,4.0,5.0,0.8882978723404256,0.11170212765957446,7.0,8,sw_lints,corr,z48_a0p5_corr_pruned_top10,48
3142,3,-3.7582829534420417,0.5,-4.516712170821972,-1.4829953013022514,-4.516712170821972,-5.910291848489487,-7.034231077423925,9.892498416421391,10.713526872153622,0.6822999050687669,458,138,0.5276666666666666,0.3056666666666667,0.30200000000000005,0.698,0.698,0.695,4.0,6.76158940397351,4.0,6.0,0.8695652173913043,0.13043478260869565,9.0,9,sw_lints,corr,z48_a0p5_corr_pruned_top10,48
3143,3,-5.382111414382639,0.5,-6.259075283106981,-2.751219808209615,-6.259075283106981,-8.792066897529402,-9.97697527098631,13.426196927806389,13.893942289112548,0.6376519984565017,511,140,0.5203333333333333,0.3411666666666666,0.36950000000000005,0.6305,0.6305,0.629,4.0,5.286486486486487,4.0,5.0,0.9243243243243243,0.07567567567567568,8.0,9,sw_lints,corr,z48_a0p5_corr_pruned_top10,48
3144,3,-4.675620190297979,0.5,-6.309879150539199,0.22715669042568573,-6.309879150539199,-6.082908820341323,-6.341733845756881,9.266189781035116,9.923911990564992,0.7278581990406614,494,136,0.5139999999999999,0.3303333333333333,0.35,0.65,0.65,0.647,4.0,5.565714285714286,4.0,5.0,0.9085714285714286,0.09142857142857143,8.0,9,sw_lints,corr,z48_a0p5_corr_pruned_top10,48
3145,3,-3.590511516360378,0.5,-3.921446276864804,-2.5977072348470984,-3.921446276864804,-6.3736940348074205,-3.0597692869775983,7.229642660954861,15.06920888906964,0.8059097497028463,496,154,0.514,0.3308333333333333,0.33799999999999997,0.662,0.662,0.66,4.0,5.816568047337278,4.0,5.0,0.8901734104046243,0.10982658959537572,7.0,9,sw_lints,corr,z48_a0p5_corr_pruned_top10,48
3146,3,-5.2290594123722265,0.5,-6.4794653802194775,-1.4778415088304724,-6.4794653802194775,-7.825981039461527,-10.69310875108721,11.999994146130078,12.196716061430724,0.6209451090400746,489,138,0.518,0.3263333333333333,0.3335,0.6665,0.6665,0.665,4.0,5.632530120481928,4.0,5.0,0.891566265060241,0.10843373493975904,8.0,9,sw_lints,corr,z48_a0p5_corr_pruned_top10,48
3142,3,-7.341215175826248,0.5,-8.67750869054794,-3.332334631661171,-8.67750869054794,-11.761118364911885,-11.850745510481397,13.235040009389387,16.152242310932717,0.5964878527206087,617,199,0.5651666666666667,0.4121666666666666,0.4075,0.5925,0.5925,0.5895,4.0,5.4236453201970445,4.0,5.0,0.9261083743842364,0.07389162561576355,8.0,10,sw_lints,corr,z48_a0p5_corr_pruned_top10,48
3143,3,-6.281261935100259,0.5,-7.581421933785016,-2.380781939045988,-7.581421933785016,-9.758519498501313,-8.7449943935061,12.345120048304082,16.168041991101077,0.668624426261966,593,187,0.556,0.39516666666666667,0.392,0.608,0.608,0.605,4.0,5.714285714285714,4.0,5.0,0.9183673469387755,0.08163265306122448,8.0,10,sw_lints,corr,z48_a0p5_corr_pruned_top10,48
3144,3,-6.7186657572342625,0.5,-8.533080622479298,-1.2754211614991575,-8.533080622479298,-9.714315253803521,-12.39116940423396,14.408675615309473,14.89065517390481,0.624863673042485,613,198,0.5543333333333333,0.40850000000000003,0.40149999999999997,0.5985,0.5985,0.5955,4.0,5.587064676616915,4.0,6.0,0.9104477611940298,0.08955223880597014,8.0,10,sw_lints,corr,z48_a0p5_corr_pruned_top10,48
3145,3,-7.050596201738429,0.5,-8.769123489253273,-1.8950143391938974,-8.769123489253273,-10.536991115894287,-10.272117421435112,12.480636378414477,13.389431855934275,0.5915996299601203,621,200,0.5551666666666667,0.4146666666666667,0.403,0.597,0.597,0.595,4.0,5.3,4.0,5.0,0.9303482587064676,0.06965174129353234,8.0,10,sw_lints,corr,z48_a0p5_corr_pruned_top10,48
3146,3,-6.042834617815364,0.5,-7.387076354735915,-2.0101094070537138,-7.387076354735915,-9.240237140325066,-8.353685386663113,9.70937965256573,14.688553641204605,0.669229796623972,600,186,0.5593333333333333,0.4008333333333333,0.41400000000000003,0.586,0.586,0.583,4.0,5.497584541062802,4.0,6.0,0.8985507246376812,0.10144927536231885,8.0,10,sw_lints,corr,z48_a0p5_corr_pruned_top10,48
3142,3,-7.315425885631861,0.5,-8.647283157693472,-3.3198540694470258,-8.647283157693472,-11.66055951140909,-12.450761392427134,14.096858776206012,15.395195846479481,0.5699637696732118,625,199,0.5508333333333334,0.4175,0.4155,0.5845,0.5845,0.5815,4.0,5.206030150753769,4.0,5.0,0.9246231155778895,0.07537688442211055,7.5,11,sw_lints,corr,z48_a0p5_corr_pruned_top10,48
3143,3,-4.132487441607545,0.5,-4.75026950064618,-2.2791412644916424,-4.75026950064618,-6.873828123070473,-4.043880307535364,8.719940139017224,14.978420130535818,0.8203423783255145,617,198,0.5708333333333333,0.41183333333333333,0.40549999999999997,0.5945,0.5945,0.5915,4.0,5.343434343434343,4.0,5.0,0.9308755760368663,0.06912442396313365,7.0,11,sw_lints,corr,z48_a0p5_corr_pruned_top10,48
3144,3,-4.8596913581976064,0.5,-6.288121918434897,-0.5743996774857337,-6.288121918434897,-6.832928004626027,-6.137722797782885,10.152627446510321,10.496647371437618,0.6952686554134432,593,173,0.5726666666666668,0.3961666666666666,0.40349999999999997,0.5965,0.5965,0.5915,4.0,6.074626865671642,4.0,6.0,0.9104477611940298,0.08955223880597014,8.0,11,sw_lints,corr,z48_a0p5_corr_pruned_top10,48
3145,3,-6.295595749260774,0.5,-7.590750712799799,-2.4101308586437,-7.590750712799799,-9.804694777854472,-9.20930666761295,11.313259058765034,14.413092488937462,0.6683768512239406,608,193,0.5581666666666667,0.4068333333333333,0.4155,0.5845,0.5845,0.5815,4.0,5.288461538461538,4.0,5.0,0.9182692307692307,0.08173076923076923,8.0,11,sw_lints,corr,z48_a0p5_corr_pruned_top10,48
3146,3,-6.767538729691117,0.5,-8.464054543063703,-1.6779912895733589,-8.464054543063703,-9.999158516172727,-10.86493481606654,11.982698811370351,15.089989533934888,0.6158388600535813,625,193,0.5543333333333333,0.4171666666666667,0.4215,0.5785,0.5785,0.5755,4.0,5.2642487046632125,4.0,5.0,0.9369369369369369,0.06306306306306306,8.0,11,sw_lints,corr,z48_a0p5_corr_pruned_top10,48
3142,3,-4.507968025592525,0.5,-5.207308937276726,-2.4099452905399237,-5.207308937276726,-7.474499320667031,-6.168425854755721,7.737902206629544,12.386691570961272,0.6310290383845477,517,152,0.5285000000000001,0.34500000000000003,0.3355,0.6645,0.6645,0.663,4.0,6.208333333333333,4.0,5.0,0.9047619047619048,0.09523809523809523,8.0,12,sw_lints,corr,z48_a0p5_corr_pruned_top10,48
3143,3,-4.703116730753058,0.5,-6.318510409263496,0.14306430477825463,-6.318510409263496,-6.185701117659577,-4.175819714257467,7.387415121731422,12.5920020379925,0.7927684815861502,518,155,0.5085000000000001,0.3455,0.357,0.643,0.643,0.639,4.0,5.320224719101123,4.0,5.0,0.9243243243243243,0.07567567567567568,8.0,12,sw_lints,corr,z48_a0p5_corr_pruned_top10,48
3144,3,-5.268338589636824,0.5,-6.755921758175783,-0.8055890840199457,-6.755921758175783,-7.587317287950327,-7.298736477436451,9.08850448116798,11.4224441543056,0.6187389450093586,493,159,0.5343333333333333,0.32866666666666666,0.32399999999999995,0.676,0.676,0.671,4.0,6.154320987654321,4.0,6.0,0.8827160493827161,0.11728395061728394,8.0,12,sw_lints,corr,z48_a0p5_corr_pruned_top10,48
3145,3,-5.0059228371443005,0.5,-6.458851122159488,-0.647137982098737,-6.458851122159488,-7.059968164534285,-7.528874459086399,9.326223478507135,9.407033198194314,0.7027850253152,578,176,0.5095,0.38599999999999995,0.38949999999999996,0.6105,0.6105,0.609,4.0,5.036082474226804,4.0,4.0,0.9432989690721649,0.05670103092783505,7.0,12,sw_lints,corr,z48_a0p5_corr_pruned_top10,48
3146,3,-5.99135031310749,0.5,-8.002253153097726,0.041358206863217895,-8.002253153097726,-7.968355766577473,-7.678424458206845,10.138901753645124,12.168120822128559,0.6679346669934213,491,146,0.5319999999999999,0.3276666666666667,0.2995,0.7005,0.7005,0.6975,4.0,6.931506849315069,4.0,7.0,0.8424657534246576,0.15753424657534246,8.0,12,sw_lints,corr,z48_a0p5_corr_pruned_top10,48
3142,3,-5.328814599894061,0.5,-6.694380919797197,-1.23211564018465,-6.694380919797197,-7.833086120538035,-9.985477072792149,11.22990472998816,11.342188896171745,0.6655336779106993,532,136,0.5306666666666666,0.3561666666666667,0.39349999999999996,0.6065,0.6065,0.605,4.0,5.030612244897959,4.0,4.0,0.925,0.075,7.0,13,sw_lints,corr,z48_a0p5_corr_pruned_top10,48
3143,3,-3.665468973322297,0.5,-4.891697970952365,0.01321801956790658,-4.891697970952365,-4.858544807400385,-5.858758709350697,8.12641308338835,9.81209127527235,0.7691103384749728,536,144,0.512,0.3583333333333334,0.392,0.608,0.608,0.606,4.0,4.831632653061225,4.0,4.0,0.9387755102040817,0.061224489795918366,7.0,13,sw_lints,corr,z48_a0p5_corr_pruned_top10,48
3144,3,-2.8614851903790317,0.5,-4.105160724232441,0.8695414111811961,-4.105160724232441,-3.2647593085185984,-2.2925573276532663,8.278491589613923,9.859083690941183,0.8427577160621238,455,144,0.5375,0.3036666666666667,0.3035,0.6965,0.6965,0.693,4.0,6.993055555555555,4.0,5.0,0.8874172185430463,0.11258278145695365,8.0,13,sw_lints,corr,z48_a0p5_corr_pruned_top10,48
3145,3,-3.0320994206108307,0.5,-3.2582498052602347,-2.353648266662619,-3.2582498052602347,-5.5647654748621065,-5.172601951734823,6.184509773071712,10.567881294541404,0.7420666492070528,507,144,0.5346666666666667,0.33916666666666667,0.3275,0.6725,0.6725,0.671,4.0,6.8343558282208585,4.0,5.0,0.8773006134969326,0.12269938650306748,8.0,13,sw_lints,corr,z48_a0p5_corr_pruned_top10,48
3146,3,-3.9180232656787526,0.5,-5.086817093515102,-0.4116417821697027,-5.086817093515102,-5.47030575855532,-4.4599633314874705,10.064074463196594,10.0746321257126,0.8055144667604421,506,138,0.5373333333333333,0.3383333333333334,0.3335,0.6665,0.6665,0.665,4.0,6.36144578313253,4.0,5.0,0.8855421686746988,0.1144578313253012,7.0,13,sw_lints,corr,z48_a0p5_corr_pruned_top10,48
3142,3,-4.892954264463128,0.5,-5.811556549323908,-2.1371474098807908,-5.811556549323908,-7.791878077280837,-10.287789680074145,12.196966139595434,13.96871154074465,0.6143826568708359,551,168,0.5296666666666666,0.3668333333333333,0.34950000000000003,0.6505,0.6505,0.649,4.0,5.934523809523809,4.0,4.0,0.8928571428571429,0.10714285714285714,7.0,14,sw_lints,corr,z48_a0p5_corr_pruned_top10,48
3143,3,-3.2791269991620795,0.5,-4.272519963211237,-0.29894810701460717,-4.272519963211237,-4.537957387001838,-5.13605379954849,7.724140318986084,10.503013241418435,0.7510379620725743,489,147,0.5093333333333333,0.32616666666666666,0.3255,0.6745,0.6745,0.673,4.0,6.217687074829932,4.0,4.5,0.8775510204081632,0.12244897959183673,8.0,14,sw_lints,corr,z48_a0p5_corr_pruned_top10,48
3144,3,-5.957414924152454,0.5,-8.066621000153354,0.37020330385024725,-8.066621000153354,-7.772775188197948,-5.757304960009191,10.028683149604657,13.803618030190812,0.6854744986996453,508,150,0.5155,0.33949999999999997,0.3255,0.6745,0.6745,0.673,4.0,5.925925925925926,4.0,5.0,0.9132653061224489,0.08673469387755102,8.0,14,sw_lints,corr,z48_a0p5_corr_pruned_top10,48
3145,3,-5.31102365504772,0.5,-6.780138363636641,-0.9036795292809577,-6.780138363636641,-7.594178934385421,-7.7106115427306605,10.309871806405146,14.668757067899774,0.6850870730899079,523,154,0.5225,0.34850000000000003,0.34199999999999997,0.658,0.658,0.6555,4.0,6.318181818181818,4.0,5.0,0.8830409356725146,0.11695906432748537,7.0,14,sw_lints,corr,z48_a0p5_corr_pruned_top10,48
3146,3,-1.7744992687271466,0.5,-2.6826883146517004,0.9500678690465151,-2.6826883146517004,-1.7122411727439593,0.22614609479425507,5.319635761709607,10.29351521127314,0.9764442557376879,515,165,0.5293333333333333,0.34366666666666673,0.33199999999999996,0.668,0.668,0.6655,4.0,6.0271739130434785,4.0,4.0,0.8795180722891566,0.12048192771084337,7.0,14,sw_lints,corr,z48_a0p5_corr_pruned_top10,48
3142,3,-4.286370865595584,0.5,-5.438883173833127,-0.8288339408829559,-5.438883173833127,-6.269862702817463,-6.255354511966448,10.417511103561539,10.760428555217395,0.7320895077305087,486,146,0.5225,0.32416666666666666,0.2955,0.7045,0.7045,0.6995,4.0,7.082191780821918,4.0,6.0,0.8287671232876712,0.17123287671232876,9.0,15,sw_lints,corr,z48_a0p5_corr_pruned_top10,48
3143,3,-3.6090656145347912,0.5,-4.711889194602585,-0.3005948743314093,-4.711889194602585,-5.029319551464743,-4.471374669125028,9.751192768072558,10.719217970764273,0.7756756235586794,490,160,0.5248333333333334,0.3275,0.3315,0.6685,0.6685,0.667,4.0,6.58125,4.0,5.0,0.8727272727272727,0.12727272727272726,8.0,15,sw_lints,corr,z48_a0p5_corr_pruned_top10,48
3144,3,-4.318402945578112,0.5,-5.139377481535594,-1.855479337705664,-5.139377481535594,-6.869944732249415,-8.356743801201949,10.739585931140539,12.772513401684504,0.6718301731534697,487,147,0.5253333333333333,0.3255,0.3095,0.6905,0.6905,0.6875,4.0,6.253246753246753,4.0,5.0,0.8961038961038961,0.1038961038961039,8.0,15,sw_lints,corr,z48_a0p5_corr_pruned_top10,48
3145,3,-4.369925249945659,0.5,-4.706077085864172,-3.3614697421901187,-4.706077085864172,-7.8732050479531175,-8.725303581053012,11.801874457262906,12.955228910174144,0.6791565340065364,552,146,0.5108333333333333,0.36883333333333335,0.40549999999999997,0.5945,0.5945,0.593,4.0,4.735294117647059,4.0,4.0,0.9455445544554455,0.054455445544554455,7.0,15,sw_lints,corr,z48_a0p5_corr_pruned_top10,48
3146,3,-3.409868498361309,0.5,-4.035485481845732,-1.5330175479080406,-4.035485481845732,-5.450852604537412,-4.539393555756133,7.850733568400314,12.999635012805655,0.8120403952015014,553,145,0.519,0.36933333333333335,0.39249999999999996,0.6075,0.6075,0.6045,4.0,5.0561224489795915,4.0,4.0,0.9285714285714286,0.07142857142857142,8.0,15,sw_lints,corr,z48_a0p5_corr_pruned_top10,48
3142,3,-4.512912379644595,0.5,-5.884273175695841,-0.39882999149085663,-5.884273175695841,-6.2382815259695095,-3.2484925497758943,9.407362312666612,13.816859115420844,0.8305782483709804,517,144,0.5096666666666666,0.34500000000000003,0.35,0.65,0.65,0.6485,4.0,5.32,4.0,5.0,0.9142857142857143,0.08571428571428572,7.0,16,sw_lints,corr,z48_a0p5_corr_pruned_top10,48
3143,3,-4.750298830083365,0.5,-6.137662028635042,-0.5882092344283348,-6.137662028635042,-6.681645951479524,-8.334125721426645,9.875595365698498,10.164859526866755,0.676933479676912,483,137,0.5388333333333333,0.32349999999999995,0.3295,0.6705,0.6705,0.669,4.0,6.371951219512195,4.0,5.0,0.8658536585365854,0.13414634146341464,8.0,16,sw_lints,corr,z48_a0p5_corr_pruned_top10,48
3144,3,-3.5120746688005244,0.5,-4.679344660170733,-0.010264694689898768,-4.679344660170733,-4.717682345327019,-5.5872542113561625,7.271748140879786,9.550930903165744,0.7607156340574999,483,141,0.5179999999999999,0.32283333333333336,0.3315,0.6685,0.6685,0.667,4.0,6.072727272727272,4.0,5.0,0.8909090909090909,0.10909090909090909,7.0,16,sw_lints,corr,z48_a0p5_corr_pruned_top10,48
3145,3,-3.4485787904053558,0.5,-4.10106629777118,-1.4911162683078831,-4.10106629777118,-5.54158587325693,-5.992183628712311,7.893847374780282,8.313647507366762,0.7263912522029764,515,146,0.5141666666666667,0.34366666666666673,0.33599999999999997,0.664,0.664,0.659,4.0,5.934523809523809,4.0,5.0,0.8869047619047619,0.1130952380952381,8.0,16,sw_lints,corr,z48_a0p5_corr_pruned_top10,48
3146,3,-4.652302308566798,0.5,-5.562489835067519,-1.9217397290646312,-5.562489835067519,-7.302486008028482,-3.4438607528138765,6.121617697110004,17.542978169361113,0.7903557722130088,486,130,0.5368333333333334,0.3255,0.3255,0.6745,0.6745,0.671,4.0,6.345679012345679,4.0,5.0,0.8580246913580247,0.1419753086419753,8.0,16,sw_lints,corr,z48_a0p5_corr_pruned_top10,48
3142,3,-3.069768670120208,0.5,-3.889698039039409,-0.6099805633626035,-3.889698039039409,-4.436177765071837,-1.433876530143463,7.474933963328622,12.851540654464355,0.8953212957736892,526,152,0.49,0.3506666666666667,0.37050000000000005,0.6295,0.6295,0.625,4.0,5.216216216216216,4.0,5.0,0.918918918918919,0.08108108108108109,8.0,17,sw_lints,corr,z48_a0p5_corr_pruned_top10,48
3143,3,-3.652110712911603,0.5,-4.4497362424005695,-1.2592341244447043,-4.4497362424005695,-5.6215086642361385,-6.638088682606169,8.64579302334506,12.485445275822038,0.7492776674588728,490,130,0.5421666666666667,0.3266666666666667,0.33199999999999996,0.668,0.668,0.6665,4.0,6.596385542168675,4.0,4.0,0.8795180722891566,0.12048192771084337,7.0,17,sw_lints,corr,z48_a0p5_corr_pruned_top10,48
3144,3,-4.10105647023323,0.5,-4.8845913865073785,-1.7504517214107842,-4.8845913865073785,-6.522260992012586,-4.4638244283983,10.356628259752243,14.176565618273806,0.7685323672345801,496,131,0.509,0.33166666666666667,0.35950000000000004,0.6405,0.6405,0.639,4.0,5.217877094972067,4.0,5.0,0.9139784946236559,0.08602150537634409,7.0,17,sw_lints,corr,z48_a0p5_corr_pruned_top10,48
3145,3,-3.0183378649911115,0.5,-3.6467411012640873,-1.1331281561721844,-3.6467411012640873,-4.715004551941475,-6.725720161955184,10.181217111918583,10.263367200628338,0.722397510909647,521,146,0.5048333333333334,0.3471666666666667,0.31599999999999995,0.684,0.684,0.681,4.0,6.341772151898734,4.0,6.0,0.8607594936708861,0.13924050632911392,9.0,17,sw_lints,corr,z48_a0p5_corr_pruned_top10,48
3146,3,-4.751110291485437,0.5,-5.74150892024042,-1.7799144052204878,-5.74150892024042,-7.4047507174885725,-4.913616893812045,7.988843293159132,13.67109470773279,0.727526647955832,561,176,0.501,0.37433333333333335,0.38149999999999995,0.6185,0.6185,0.617,4.0,5.2513089005235605,4.0,4.0,0.9123711340206185,0.08762886597938144,7.0,17,sw_lints,corr,z48_a0p5_corr_pruned_top10,48
3142,3,-2.940519265813615,0.5,-3.826430097881753,-0.28278676960920013,-3.826430097881753,-4.110878490396086,-3.4328948231781453,7.21101368033128,7.6008028546993405,0.8126443156295883,463,148,0.5031666666666667,0.30916666666666665,0.31399999999999995,0.686,0.686,0.683,4.0,6.120253164556962,4.0,6.0,0.8535031847133758,0.1464968152866242,8.0,18,sw_lints,corr,z48_a0p5_corr_pruned_top10,48
3143,3,-5.197420017474807,0.5,-6.241464191950808,-2.0652874940468045,-6.241464191950808,-8.203264463333616,-6.915238655367251,10.562935932725527,11.45617419653604,0.6030388526222936,521,143,0.5071666666666667,0.34800000000000003,0.37350000000000005,0.6265,0.6265,0.624,4.0,5.320855614973262,4.0,5.0,0.9144385026737968,0.0855614973262032,7.0,18,sw_lints,corr,z48_a0p5_corr_pruned_top10,48
3144,3,-3.5687133959415434,0.5,-5.029405201997584,0.8133620222265788,-5.029405201997584,-4.226344072229619,-5.090453877636037,7.8067134905163815,12.356753180868008,0.7402174245416018,459,112,0.5378333333333334,0.30633333333333335,0.3215,0.6785,0.6785,0.677,4.0,6.416149068322981,4.0,4.0,0.8944099378881988,0.10559006211180125,7.0,18,sw_lints,corr,z48_a0p5_corr_pruned_top10,48
3145,3,-4.308879074802817,0.5,-4.753507960028192,-2.9749924191266914,-4.753507960028192,-7.597077412256343,-6.718990003561121,8.056896727158858,11.057946946675889,0.668754759819089,483,149,0.5435,0.3225,0.3315,0.6685,0.6685,0.667,4.0,6.290909090909091,4.0,5.0,0.8787878787878788,0.12121212121212122,7.0,18,sw_lints,corr,z48_a0p5_corr_pruned_top10,48
3146,3,-3.894282186504695,0.5,-4.903392347005079,-0.8669517050035417,-4.903392347005079,-5.673864245777331,-5.01751720599124,9.607697708954177,12.080318986231099,0.7747731299995719,477,128,0.5051666666666667,0.31883333333333336,0.3155,0.6845,0.6845,0.681,4.0,5.955414012738854,4.0,5.0,0.8789808917197452,0.12101910828025478,8.0,18,sw_lints,corr,z48_a0p5_corr_pruned_top10,48
3142,3,-5.662186435481262,0.5,-7.037838671982352,-1.5352297259779935,-7.037838671982352,-8.50975223595541,-9.270979728375849,9.674573801903552,12.304619918423576,0.6405612034365912,485,143,0.5316666666666666,0.3248333333333333,0.3035,0.6965,0.6965,0.6935,4.0,6.470198675496689,4.0,5.0,0.847682119205298,0.152317880794702,7.0,19,sw_lints,corr,z48_a0p5_corr_pruned_top10,48
3143,3,-4.234460645673527,0.5,-5.178946289733781,-1.4010037134927655,-5.178946289733781,-6.472067145009807,-6.830002395095402,8.820770968076008,12.538160704547463,0.6792447066111676,447,130,0.5181666666666667,0.29833333333333334,0.28800000000000003,0.712,0.712,0.708,4.0,6.680555555555555,4.0,4.0,0.8819444444444444,0.11805555555555555,8.0,19,sw_lints,corr,z48_a0p5_corr_pruned_top10,48
3144,3,-3.5647101402366888,0.5,-4.312413811166823,-1.3215991274462862,-4.312413811166823,-5.5712846443082045,-4.275705166886523,5.248911697233094,11.01552297802505,0.7825792953911638,478,147,0.5176666666666666,0.31883333333333336,0.3175,0.6825,0.6825,0.681,4.0,6.571428571428571,4.0,5.0,0.8503401360544217,0.14965986394557823,8.0,19,sw_lints,corr,z48_a0p5_corr_pruned_top10,48
3145,3,-4.895130496001368,0.5,-5.892643963905198,-1.9025900922898797,-5.892643963905198,-7.626519554707374,-10.277539430966431,11.231332839459707,13.70662335328917,0.5907804414022619,470,134,0.5371666666666667,0.31466666666666665,0.33299999999999996,0.667,0.667,0.665,4.0,6.147058823529412,4.0,5.0,0.8975903614457831,0.10240963855421686,7.0,19,sw_lints,corr,z48_a0p5_corr_pruned_top10,48
3146,3,-4.473381341178223,0.5,-6.2701299157435235,0.9168643825176792,-6.2701299157435235,-5.374866297425251,-5.479445657013404,9.424551124270097,12.42693681645065,0.7435881133666455,485,137,0.5141666666666668,0.3238333333333333,0.344,0.656,0.656,0.6535,4.0,5.625,4.0,5.0,0.9127906976744186,0.0872093023255814,7.0,19,sw_lints,corr,z48_a0p5_corr_pruned_top10,48
3142,3,-5.135197035427046,0.5,-6.374044051962258,-1.4186559858214078,-6.374044051962258,-7.688274105810038,-7.863015605703483,10.719902713865025,11.760077773215427,0.7236694174975469,531,142,0.514,0.3546666666666667,0.36350000000000005,0.6365,0.6365,0.635,4.0,5.384615384615385,4.0,4.0,0.9065934065934066,0.09340659340659341,7.0,20,sw_lints,corr,z48_a0p5_corr_pruned_top10,48
3143,3,-4.94801497382307,0.5,-5.654365760726894,-2.8289626131115964,-5.654365760726894,-8.33369962813234,-6.393680682078296,11.003079034167019,12.972176174133331,0.6167274832641574,529,156,0.5113333333333333,0.35316666666666663,0.352,0.648,0.648,0.643,4.0,5.454545454545454,4.0,5.0,0.9147727272727273,0.08522727272727272,7.0,20,sw_lints,corr,z48_a0p5_corr_pruned_top10,48
3144,3,-4.224228455291881,0.5,-4.516070524759556,-3.3487022468888576,-4.516070524759556,-7.670943960108656,-5.758459142977513,9.392303297539872,14.027515307143922,0.7600358108052104,545,151,0.5038333333333334,0.36366666666666664,0.368,0.632,0.632,0.6305,4.0,5.103260869565218,4.0,4.0,0.9239130434782609,0.07608695652173914,7.0,20,sw_lints,corr,z48_a0p5_corr_pruned_top10,48
3145,3,-4.6595653438786755,0.5,-4.909840259020722,-3.908740598452535,-4.909840259020722,-8.63533773814328,-8.865609908964146,11.760487628500293,12.018261053066237,0.6151530215351573,483,154,0.5333333333333333,0.3223333333333333,0.32199999999999995,0.678,0.678,0.675,4.0,6.410714285714286,4.0,5.0,0.8690476190476191,0.13095238095238096,8.0,20,sw_lints,corr,z48_a0p5_corr_pruned_top10,48
3146,3,-4.317198356933847,0.5,-5.273392112924495,-1.4486170889619048,-5.273392112924495,-6.587296519530166,-4.2240397618034775,9.012803564094007,14.579255894175747,0.8076498104364591,509,151,0.5235,0.3393333333333333,0.35350000000000004,0.6465,0.6465,0.644,4.0,5.7175141242937855,4.0,5.0,0.9096045197740112,0.0903954802259887,8.0,20,sw_lints,corr,z48_a0p5_corr_pruned_top10,48
3142,3,-3.5196840472502178,0.5,-4.2828615621245705,-1.2301515026271599,-4.2828615621245705,-5.444000535579327,-4.787413411680319,9.06046484248203,10.058927610279989,0.7688075660769274,516,159,0.5191666666666667,0.34500000000000003,0.3255,0.6745,0.6745,0.673,4.0,6.679245283018868,4.0,5.0,0.8703703703703703,0.12962962962962962,8.0,21,sw_lints,corr,z48_a0p5_corr_pruned_top10,48
3143,3,-5.358506472776389,0.5,-6.427680243669639,-2.150985160096641,-6.427680243669639,-8.46583169844836,-9.160396071011146,9.457767504922131,14.223236097278003,0.6165808497299013,543,171,0.49700000000000005,0.363,0.34950000000000003,0.6505,0.6505,0.649,4.0,5.719298245614035,4.0,5.0,0.9122807017543859,0.08771929824561403,7.0,21,sw_lints,corr,z48_a0p5_corr_pruned_top10,48
3144,3,-3.2984731615325065,0.5,-3.7332695819113653,-1.99408390039593,-3.7332695819113653,-5.598478889749056,-3.5569116322913152,5.23880969921946,12.755644715633407,0.8369087558300463,519,166,0.5263333333333333,0.3468333333333333,0.3335,0.6665,0.6665,0.665,4.0,6.451807228915663,4.0,5.0,0.8734939759036144,0.12650602409638553,8.0,21,sw_lints,corr,z48_a0p5_corr_pruned_top10,48
3145,3,-4.280018442015734,0.5,-5.532147490347458,-0.5236312970205659,-5.532147490347458,-6.010499741145433,-4.228427068726004,9.003984123892883,11.424350904810776,0.7149380442549977,551,176,0.4951666666666667,0.36766666666666664,0.35350000000000004,0.6465,0.6465,0.643,4.0,5.4772727272727275,4.0,4.0,0.9152542372881356,0.0847457627118644,7.0,21,sw_lints,corr,z48_a0p5_corr_pruned_top10,48
3146,3,-5.3514864799910935,0.5,-6.7513225585114265,-1.1519782444300963,-6.7513225585114265,-7.84246012133994,-9.450496640006822,10.07708861023473,10.334440627434994,0.6229717615580339,554,171,0.5015,0.36933333333333335,0.362,0.638,0.638,0.6355,4.0,5.5911602209944755,4.0,4.0,0.9171270718232044,0.08287292817679558,7.0,21,sw_lints,corr,z48_a0p5_corr_pruned_top10,48
3142,3,-3.5003724103284477,0.5,-4.657131137171611,-0.030096229798959317,-4.657131137171611,-4.688817934060304,-4.363944771871386,6.9087264265835895,9.838472835582401,0.7687505393729993,542,175,0.4848333333333333,0.3618333333333333,0.35150000000000003,0.6485,0.6485,0.647,4.0,5.354285714285714,4.0,5.0,0.92,0.08,8.0,22,sw_lints,corr,z48_a0p5_corr_pruned_top10,48
3143,3,-3.4594923302110407,0.5,-3.996741992179309,-1.847743344306237,-3.996741992179309,-5.789486897744283,-4.360383024152615,7.987459868678293,10.202936955204411,0.7068649752593166,533,150,0.5153333333333333,0.3555,0.366,0.634,0.634,0.6315,4.0,5.19672131147541,4.0,5.0,0.9344262295081968,0.06557377049180328,8.0,22,sw_lints,corr,z48_a0p5_corr_pruned_top10,48
3144,3,-4.4285676376017,0.5,-6.233094139404964,0.9850118678080944,-6.233094139404964,-5.272230632208907,-7.304111904894239,10.174574884854392,11.637646939635825,0.7123966023299373,461,130,0.5233333333333333,0.308,0.3255,0.6745,0.6745,0.671,4.0,6.085889570552148,4.0,5.0,0.8711656441717791,0.12883435582822086,8.0,22,sw_lints,corr,z48_a0p5_corr_pruned_top10,48
3145,3,-3.786836795544744,0.5,-4.617476205188335,-1.294918566613971,-4.617476205188335,-5.854452234464216,-4.726713297149532,9.241136073586365,9.966478922274892,0.7531793835034297,485,132,0.5315,0.32316666666666666,0.33399999999999996,0.666,0.666,0.6635,4.0,6.173652694610778,4.0,4.0,0.9041916167664671,0.09580838323353294,8.0,22,sw_lints,corr,z48_a0p5_corr_pruned_top10,48
3146,3,-3.7624896527911558,0.5,-4.786895036231217,-0.6892735024709736,-4.786895036231217,-5.4070265901952625,-6.20130986524795,9.845525322669745,10.747375787624902,0.7437948829400312,520,150,0.5086666666666666,0.3466666666666667,0.364,0.636,0.636,0.632,4.0,5.21978021978022,4.0,4.0,0.9230769230769231,0.07692307692307693,7.0,22,sw_lints,corr,z48_a0p5_corr_pruned_top10,48
3142,3,-3.769740647440211,0.5,-5.092707599850828,0.19916020979164153,-5.092707599850828,-4.8572745781459945,-6.82407819530998,9.612473892480878,11.815861489308666,0.6897958228878629,450,141,0.5281666666666666,0.2996666666666667,0.28200000000000003,0.718,0.718,0.713,4.0,7.368794326241135,4.0,6.0,0.8297872340425532,0.1702127659574468,8.5,23,sw_lints,corr,z48_a0p5_corr_pruned_top10,48
3143,3,-3.47752043730534,0.5,-4.628172790771468,-0.025563376906956314,-4.628172790771468,-4.613838770653863,-6.522400150642116,8.589807297827834,9.724671064343038,0.7137621789907298,492,120,0.5215000000000001,0.328,0.32599999999999996,0.674,0.674,0.671,4.0,6.110429447852761,4.0,6.0,0.8711656441717791,0.12883435582822086,8.0,23,sw_lints,corr,z48_a0p5_corr_pruned_top10,48
3144,3,-3.9500157883157656,0.5,-5.145244054456732,-0.36433098989286555,-5.145244054456732,-5.480281843117818,-5.9475619628049365,10.209840627898858,10.221818813623319,0.742570259081348,449,137,0.5216666666666666,0.29916666666666664,0.29600000000000004,0.704,0.704,0.699,4.0,6.5675675675675675,4.0,6.0,0.8243243243243243,0.17567567567567569,9.0,23,sw_lints,corr,z48_a0p5_corr_pruned_top10,48
3145,3,-4.564218457301507,0.5,-5.71940612697482,-1.0986554482815676,-5.71940612697482,-6.745863126102314,-4.671139930819413,9.76551068586401,12.136606348602019,0.7407736443340118,486,143,0.5195,0.32416666666666666,0.31399999999999995,0.686,0.686,0.683,4.0,6.598726114649682,4.0,6.0,0.8598726114649682,0.14012738853503184,8.0,23,sw_lints,corr,z48_a0p5_corr_pruned_top10,48
3146,3,-4.131275428214431,0.5,-5.481853465861345,-0.07954131527368642,-5.481853465861345,-5.5275938038496655,-5.817903206611563,10.09537522355144,11.237556550780504,0.7432617546809441,459,146,0.5186666666666666,0.3065,0.29800000000000004,0.702,0.702,0.697,4.0,6.375838926174497,4.0,7.0,0.825503355704698,0.174496644295302,9.0,23,sw_lints,corr,z48_a0p5_corr_pruned_top10,48
3142,3,-3.0108456028025525,0.5,-3.360120908538111,-1.9630196855958755,-3.360120908538111,-5.259242554958832,-4.359581281943791,7.859576273191982,8.174472999752524,0.7934335617695862,536,171,0.49816666666666665,0.35800000000000004,0.35950000000000004,0.6405,0.6405,0.639,4.0,5.52046783625731,4.0,5.0,0.9086021505376344,0.0913978494623656,8.0,24,sw_lints,corr,z48_a0p5_corr_pruned_top10,48
3143,3,-4.139904801282734,0.5,-5.07870429397859,-1.323506323195167,-5.07870429397859,-6.331750563162252,-6.151595599384796,8.755787828442507,8.961856537122658,0.6474415045778231,518,144,0.5135,0.34500000000000003,0.36,0.64,0.64,0.635,4.0,5.35,4.0,4.0,0.9,0.1,7.0,24,sw_lints,corr,z48_a0p5_corr_pruned_top10,48
3144,3,-3.920022044605486,0.5,-4.862274544838337,-1.0932645439069317,-4.862274544838337,-5.892341673795809,-5.840980020588116,8.941425144131376,10.13383815336174,0.7603178641130245,526,152,0.5108333333333334,0.3515,0.362,0.638,0.638,0.636,4.0,5.430939226519337,4.0,4.0,0.9226519337016574,0.07734806629834254,7.0,24,sw_lints,corr,z48_a0p5_corr_pruned_top10,48
3145,3,-3.818144676076547,0.5,-4.98248295848915,-0.3251298288387365,-4.98248295848915,-5.248462273779993,-7.637337233084618,9.023109008643726,9.68356921162612,0.7139537929503443,500,146,0.5275,0.33466666666666667,0.35350000000000004,0.6465,0.6465,0.645,4.0,5.721590909090909,4.0,5.0,0.9044943820224719,0.09550561797752809,8.0,24,sw_lints,corr,z48_a0p5_corr_pruned_top10,48
3146,3,-3.4191344112520947,0.5,-4.052860127664226,-1.5179572620157014,-4.052860127664226,-5.493029538667756,-5.008777088741567,6.695170556671027,10.851372633262779,0.7916851896673689,498,151,0.5296666666666667,0.3333333333333333,0.3175,0.6825,0.6825,0.6795,4.0,6.708860759493671,4.0,6.0,0.8481012658227848,0.1518987341772152,9.0,24,sw_lints,corr,z48_a0p5_corr_pruned_top10,48
3142,3,-3.5250117137648935,0.5,-4.0077859269922245,-2.076689074082901,-4.0077859269922245,-5.992267750840985,-5.202290086564442,7.219491192501016,10.114661128945935,0.7444421020015171,476,157,0.49099999999999994,0.31766666666666665,0.31799999999999995,0.682,0.682,0.679,4.0,6.229299363057325,4.0,5.0,0.88125,0.11875,8.0,25,sw_lints,corr,z48_a0p5_corr_pruned_top10,48
3143,3,-4.381476087481934,0.5,-5.412499815012424,-1.2884049048904649,-5.412499815012424,-6.567252354932329,-8.686424568987617,9.879303380175376,12.545938953169244,0.6242200061195199,436,122,0.5211666666666667,0.2915,0.3115,0.6885,0.6885,0.6855,4.0,6.4423076923076925,4.0,5.0,0.8670886075949367,0.13291139240506328,8.0,25,sw_lints,corr,z48_a0p5_corr_pruned_top10,48
3144,3,-4.5068578850509535,0.5,-5.591130649737419,-1.2540395909915552,-5.591130649737419,-6.721438323364681,-9.423920265160557,11.320963548007267,12.671812363137015,0.6392430311672969,430,117,0.5276666666666666,0.28633333333333333,0.3115,0.6885,0.6885,0.6865,4.0,6.547770700636943,4.0,6.0,0.8471337579617835,0.15286624203821655,9.0,25,sw_lints,corr,z48_a0p5_corr_pruned_top10,48
3145,3,-3.53668173777352,0.5,-4.741930500757241,0.07906455117764333,-4.741930500757241,-4.641688464975043,-5.415535186746457,8.768039315631471,10.223351235475398,0.7586675683722091,466,132,0.5195,0.3116666666666667,0.3275,0.6725,0.6725,0.671,4.0,5.859649122807017,4.0,5.0,0.8947368421052632,0.10526315789473684,8.0,25,sw_lints,corr,z48_a0p5_corr_pruned_top10,48
3146,3,-3.477218305000849,0.5,-4.817193083831779,0.5427060314919426,-4.817193083831779,-4.296692335707641,-5.800698048998898,6.94550091541829,9.551162016122849,0.719095087588888,467,132,0.5101666666666667,0.31150000000000005,0.33499999999999996,0.665,0.665,0.663,4.0,5.779761904761905,4.0,5.0,0.8928571428571429,0.10714285714285714,7.0,25,sw_lints,corr,z48_a0p5_corr_pruned_top10,48
3142,3,-3.6517831072456346,0.5,-4.643579175947306,-0.6763949011406201,-4.643579175947306,-5.27818800384543,-5.317684533859401,7.465467648874791,10.266831543074906,0.773693283386106,495,121,0.5108333333333334,0.33,0.37050000000000005,0.6295,0.6295,0.6275,4.0,5.211640211640212,4.0,4.0,0.9259259259259259,0.07407407407407407,7.0,26,sw_lints,corr,z48_a0p5_corr_pruned_top10,48
3143,3,-2.8462947521776654,0.5,-3.9335074195564403,0.41534324995865884,-3.9335074195564403,-3.5491654729694027,-3.023855677834264,7.801024794759892,8.066970610974177,0.7685630131308742,439,128,0.5106666666666667,0.2925,0.30400000000000005,0.696,0.696,0.691,4.0,6.5394736842105265,4.0,6.0,0.8552631578947368,0.14473684210526316,8.0,26,sw_lints,corr,z48_a0p5_corr_pruned_top10,48
3144,3,-3.747232364026205,0.5,-5.108602093844424,0.33687682542845226,-5.108602093844424,-4.775541493825279,-4.591501067634596,9.801749090995093,10.349902567656667,0.7792656664613142,479,132,0.5163333333333333,0.32016666666666665,0.32499999999999996,0.675,0.675,0.671,4.0,5.697530864197531,4.0,5.0,0.8888888888888888,0.1111111111111111,7.0,26,sw_lints,corr,z48_a0p5_corr_pruned_top10,48
3145,3,-3.786873809688246,0.5,-5.362025564882589,0.9385814558947825,-5.362025564882589,-4.511020976836895,-4.349574440859893,9.842134373978794,10.246440079317809,0.7878997023397766,470,151,0.5045000000000001,0.31316666666666665,0.3115,0.6885,0.6885,0.687,4.0,6.160256410256411,4.0,5.0,0.8773006134969326,0.12269938650306748,8.0,26,sw_lints,corr,z48_a0p5_corr_pruned_top10,48
3146,3,-4.621080259907478,0.5,-5.735120329607956,-1.278960050806044,-5.735120329607956,-6.924362492298985,-6.833653854092492,7.274994800462808,10.442113882855386,0.6838571109795337,508,143,0.5128333333333334,0.33866666666666667,0.358,0.642,0.642,0.64,4.0,5.435483870967742,4.0,5.0,0.9217877094972067,0.0782122905027933,7.0,26,sw_lints,corr,z48_a0p5_corr_pruned_top10,48
3142,3,-3.5191054938372943,0.5,-4.512634358234365,-0.5385189006460825,-4.512634358234365,-5.033860448948087,-5.366518350960936,8.49351659026084,9.953340331889427,0.7177553368342251,431,134,0.5139999999999999,0.2883333333333334,0.26949999999999996,0.7305,0.7305,0.7275,4.0,7.417910447761194,4.0,5.75,0.8283582089552238,0.17164179104477612,8.0,27,sw_lints,corr,z48_a0p5_corr_pruned_top10,48
3143,3,-3.866646252053166,0.5,-4.572413443184942,-1.7493446786578382,-4.572413443184942,-6.219373581614981,-8.36325935822403,11.37837749019701,12.267994904149992,0.6616140462335065,465,143,0.535,0.31033333333333335,0.30000000000000004,0.7,0.7,0.6975,4.0,6.72,4.0,6.0,0.872093023255814,0.12790697674418605,8.0,27,sw_lints,corr,z48_a0p5_corr_pruned_top10,48
3144,3,-3.6885142849015367,0.5,-4.35462150016023,-1.6901926391254543,-4.35462150016023,-5.9002018957036455,-6.819678051941991,10.652419868756613,12.555302305061812,0.6923606474603657,434,141,0.5299999999999999,0.2895,0.2915,0.7085,0.7085,0.7055,4.0,6.979591836734694,4.0,5.75,0.8231292517006803,0.17687074829931973,9.0,27,sw_lints,corr,z48_a0p5_corr_pruned_top10,48
3145,3,-2.5617553382802343,0.5,-3.5048339217759814,0.26748041220700697,-3.5048339217759814,-3.2323468143688694,-4.289911321182971,7.044347228766091,8.779017286748324,0.7809295204474183,407,129,0.5125,0.27166666666666667,0.25949999999999995,0.7405,0.7405,0.7375,4.0,7.5813953488372094,4.0,7.0,0.8062015503875969,0.1937984496124031,10.0,27,sw_lints,corr,z48_a0p5_corr_pruned_top10,48
3146,3,-2.6796505691066312,0.5,-3.7232943202869517,0.4512806844343298,-3.7232943202869517,-3.3401970178442855,-2.909201780483084,7.398903791723521,10.762484454931709,0.7982844495934596,412,136,0.5276666666666666,0.2750000000000001,0.27349999999999997,0.7265,0.7265,0.7235,4.0,7.595588235294118,4.0,7.0,0.8161764705882353,0.18382352941176472,9.0,27,sw_lints,corr,z48_a0p5_corr_pruned_top10,48
3142,3,-4.0239710959932555,0.5,-4.890746067699529,-1.423646180874438,-4.890746067699529,-6.244421589282467,-5.955204513172663,9.475633196306731,12.132787798206435,0.6925504638914061,421,133,0.5115,0.2813333333333334,0.2855,0.7145,0.7145,0.713,4.0,7.2781954887218046,4.0,7.0,0.8098591549295775,0.19014084507042253,9.0,28,sw_lints,corr,z48_a0p5_corr_pruned_top10,48
3143,3,-4.0232420287389035,0.5,-5.588670579524439,0.673043623617701,-5.588670579524439,-4.994741994881351,-5.970751964555121,8.638220660601714,11.630836427145653,0.7123723639644318,428,139,0.5078333333333334,0.28583333333333333,0.28800000000000003,0.712,0.712,0.7095,4.0,7.129496402877698,4.0,7.0,0.8345323741007195,0.16546762589928057,9.0,28,sw_lints,corr,z48_a0p5_corr_pruned_top10,48
3144,3,-4.108344605174691,0.5,-4.662969752258046,-2.444469163924623,-4.662969752258046,-6.9816533036608535,-7.126625339597725,10.059837277489914,10.974023775278507,0.6645861027706808,464,144,0.5153333333333333,0.3103333333333333,0.31799999999999995,0.682,0.682,0.6785,4.0,6.440251572327044,4.0,6.0,0.8553459119496856,0.14465408805031446,8.0,28,sw_lints,corr,z48_a0p5_corr_pruned_top10,48
3145,3,-4.519811456835002,0.5,-5.757585028504312,-0.8064907418270705,-5.757585028504312,-6.497034252433868,-5.492069973236879,8.525622399101017,13.524851370926793,0.7109527705802462,429,136,0.5045000000000001,0.28650000000000003,0.27549999999999997,0.7245,0.7245,0.7215,4.0,7.073529411764706,4.0,6.0,0.8382352941176471,0.16176470588235295,9.0,28,sw_lints,corr,z48_a0p5_corr_pruned_top10,48
3146,3,-4.446132273753253,0.5,-5.557841520990891,-1.1110045320403383,-5.557841520990891,-6.595197361594444,-7.063932905334336,8.839322675833937,12.792368259393472,0.6529504288270754,439,145,0.5085000000000001,0.29316666666666663,0.2915,0.7085,0.7085,0.7035,4.0,6.993103448275862,4.0,6.0,0.8413793103448276,0.15862068965517243,9.0,28,sw_lints,corr,z48_a0p5_corr_pruned_top10,48
3142,3,-3.28728359133426,0.5,-3.583347640519822,-2.3990914437775754,-3.583347640519822,-5.8896480891587615,-6.387333012082497,8.88379748257353,11.013801670621692,0.7091941634806853,440,133,0.526,0.29433333333333334,0.3035,0.6965,0.6965,0.6915,4.0,7.390977443609023,4.0,7.0,0.847682119205298,0.152317880794702,9.0,29,sw_lints,corr,z48_a0p5_corr_pruned_top10,48
3143,3,-2.949179757492419,0.5,-3.871387274939172,-0.18255720515215992,-3.871387274939172,-4.032612006928416,-3.1782140212144205,8.661380281062181,11.021974059835815,0.8097683233100089,414,134,0.5121666666666667,0.2763333333333333,0.27549999999999997,0.7245,0.7245,0.723,4.0,7.355072463768116,4.0,5.75,0.8283582089552238,0.17164179104477612,9.0,29,sw_lints,corr,z48_a0p5_corr_pruned_top10,48
3144,3,-4.993209134976641,0.5,-6.391275583170245,-0.799009790395829,-6.391275583170245,-7.1358155472986375,-7.8211986421507955,10.701392930590792,11.963921490484275,0.6935584851526976,449,112,0.5261666666666667,0.30033333333333334,0.3155,0.6845,0.6845,0.683,4.0,6.32484076433121,4.0,5.0,0.8662420382165605,0.1337579617834395,8.0,29,sw_lints,corr,z48_a0p5_corr_pruned_top10,48
3145,3,-2.5580840177011788,0.5,-3.2135448181781268,-0.5917016162703348,-3.2135448181781268,-3.7730454074033304,-2.8922985930029066,6.489126859947191,8.57649540758344,0.8235473379236886,449,133,0.5326666666666666,0.29983333333333334,0.2935,0.7065,0.7065,0.7035,4.0,7.676691729323308,4.0,6.0,0.8424657534246576,0.15753424657534246,7.5,29,sw_lints,corr,z48_a0p5_corr_pruned_top10,48
3146,3,-4.30694403035195,0.5,-5.164083968651489,-1.7355242154533321,-5.164083968651489,-6.819413908613366,-7.136696240862895,9.800053576981094,10.564383140641176,0.6844721553414886,460,144,0.5298333333333334,0.30750000000000005,0.30000000000000004,0.7,0.7,0.697,4.0,6.733333333333333,4.0,5.0,0.8402777777777778,0.1597222222222222,8.0,29,sw_lints,corr,z48_a0p5_corr_pruned_top10,48
3142,3,-4.302609871760218,0.5,-5.531524008419726,-0.6158674617816939,-5.531524008419726,-6.078313981167831,-7.9823006440042255,8.970084393924227,11.228472836357428,0.6445395253004683,436,125,0.5278333333333334,0.2916666666666667,0.30000000000000004,0.7,0.7,0.698,4.0,6.586666666666667,4.0,5.0,0.8666666666666667,0.13333333333333333,8.0,30,sw_lints,corr,z48_a0p5_corr_pruned_top10,48
3143,3,-2.9748151860268988,0.5,-3.7992383891947963,-0.5015455765232065,-3.7992383891947963,-4.240103828380404,-3.659110688813838,8.169036250608364,10.352169493907237,0.7593348409694082,487,162,0.521,0.32533333333333336,0.3255,0.6745,0.6745,0.673,4.0,6.419753086419753,4.0,5.0,0.8580246913580247,0.1419753086419753,8.0,30,sw_lints,corr,z48_a0p5_corr_pruned_top10,48
3144,3,-3.7102619738819778,0.5,-4.68643711430892,-0.7817365526011496,-4.68643711430892,-5.363142613348667,-5.099058686775604,9.780375803416053,12.521871132924034,0.74557735295835,437,118,0.5196666666666666,0.292,0.29500000000000004,0.705,0.705,0.701,4.0,6.666666666666667,4.0,5.0,0.8639455782312925,0.1360544217687075,8.0,30,sw_lints,corr,z48_a0p5_corr_pruned_top10,48
3145,3,-3.4310614297425386,0.5,-4.550898004319788,-0.0715517060107899,-4.550898004319788,-4.59544551298503,-5.912641852702716,8.098829795484308,10.989114099377028,0.7161370317176257,454,135,0.5188333333333334,0.3025,0.30000000000000004,0.7,0.7,0.697,4.0,6.58,4.0,4.0,0.8533333333333334,0.14666666666666667,8.0,30,sw_lints,corr,z48_a0p5_corr_pruned_top10,48
3146,3,-4.402388735001038,0.5,-4.9682439368452735,-2.704823129468329,-4.9682439368452735,-7.532049015675116,-7.062680359746809,7.8499696089916355,11.769281256996745,0.683160083769142,453,145,0.508,0.3033333333333333,0.2995,0.7005,0.7005,0.6975,4.0,6.689655172413793,4.0,5.0,0.8689655172413793,0.1310344827586207,8.0,30,sw_lints,corr,z48_a0p5_corr_pruned_top10,48
3142,3,-2.2049816292881905,0.5,-2.842384336522271,-0.29277350758594906,-2.842384336522271,-3.1487033393993094,-3.6011748376793773,8.022063969768677,8.534376737039938,0.7873986076263134,449,140,0.5256666666666666,0.30016666666666664,0.3055,0.6945,0.6945,0.693,4.0,6.677631578947368,4.0,5.0,0.8421052631578947,0.15789473684210525,8.0,31,sw_lints,corr,z48_a0p5_corr_pruned_top10,48
3143,3,-3.942558422406008,0.5,-4.927389324556601,-0.9880657159542302,-4.927389324556601,-5.8440084139189326,-5.237067706589016,9.398136940456647,11.487460073706036,0.7496483120080367,470,141,0.5261666666666667,0.314,0.30600000000000005,0.694,0.694,0.6915,4.0,6.300653594771242,4.0,5.0,0.8627450980392157,0.13725490196078433,8.0,31,sw_lints,corr,z48_a0p5_corr_pruned_top10,48
3144,3,-4.438453756729033,0.5,-5.522565564348795,-1.1861183338697456,-5.522565564348795,-6.627185213853822,-5.664091362093881,8.390219233382712,13.24684224292344,0.7097496919997435,457,151,0.5225,0.30516666666666664,0.30600000000000005,0.694,0.694,0.691,4.0,6.764705882352941,4.0,5.0,0.8496732026143791,0.1503267973856209,8.0,31,sw_lints,corr,z48_a0p5_corr_pruned_top10,48
3145,3,-4.270580637243478,0.5,-5.937479811601946,0.7301168858319255,-5.937479811601946,-5.2851345566626815,-6.7895410400253375,9.659905288467785,11.585608777644008,0.6664932864105393,412,133,0.5201666666666667,0.2750000000000001,0.278,0.722,0.722,0.7195,4.0,7.122302158273381,4.0,6.0,0.8345323741007195,0.16546762589928057,9.0,31,sw_lints,corr,z48_a0p5_corr_pruned_top10,48
3146,3,-4.706786004543867,0.5,-5.636847020683692,-1.9166029561243914,-5.636847020683692,-7.4147883196507856,-8.036591853038711,12.489475070567224,13.725932082616922,0.6559401442510366,453,145,0.5138333333333333,0.30283333333333334,0.2975,0.7025,0.7025,0.6995,4.0,6.6644295302013425,4.0,6.0,0.8523489932885906,0.1476510067114094,8.0,31,sw_lints,corr,z48_a0p5_corr_pruned_top10,48
3142,3,-2.0628569127443477,0.5,-3.09641119851339,1.037805944562779,-3.09641119851339,-2.08349677398203,-2.482444638395931,6.461877229336032,7.226685022525004,0.8374935609928646,440,133,0.518,0.2936666666666667,0.26949999999999996,0.7305,0.7305,0.729,4.0,7.609022556390977,4.0,7.0,0.8195488721804511,0.18045112781954886,8.5,32,sw_lints,corr,z48_a0p5_corr_pruned_top10,48
3143,3,-3.8329915980481224,0.5,-4.638999668934181,-1.4149673853899463,-4.638999668934181,-5.931698881500218,-4.8112080769615595,8.18392567283307,13.06759159171319,0.7580416415992098,431,138,0.5366666666666666,0.28783333333333333,0.27949999999999997,0.7205,0.7205,0.719,4.0,7.442028985507246,4.0,6.0,0.7971014492753623,0.2028985507246377,8.0,32,sw_lints,corr,z48_a0p5_corr_pruned_top10,48
3144,3,-2.84649633254148,0.5,-3.8846942334347454,0.26809737013831675,-3.8846942334347454,-3.6008536845222245,-5.601669636661455,7.943349691951229,8.924765813333412,0.7386942279340538,436,138,0.5176666666666666,0.2915,0.2955,0.7045,0.7045,0.703,4.0,6.802721088435374,4.0,6.0,0.8503401360544217,0.14965986394557823,8.0,32,sw_lints,corr,z48_a0p5_corr_pruned_top10,48
3145,3,-2.8744648846932144,0.5,-3.928845709954313,0.28867759109008073,-3.928845709954313,-3.646345812853983,-3.596053325466997,7.934408067383448,8.934556303670881,0.8038491632754562,460,148,0.5143333333333334,0.30716666666666664,0.30200000000000005,0.698,0.698,0.6955,4.0,6.47682119205298,4.0,6.0,0.8807947019867549,0.11920529801324503,8.0,32,sw_lints,corr,z48_a0p5_corr_pruned_top10,48
3146,3,-3.7061192503204943,0.5,-5.156543289502628,0.6451528672259066,-5.156543289502628,-4.5614876560317965,-5.554130173244687,9.273286618191968,10.115118197715455,0.7227413050258056,434,126,0.5293333333333333,0.29033333333333333,0.28200000000000003,0.718,0.718,0.715,4.0,6.957446808510638,4.0,6.0,0.851063829787234,0.14893617021276595,8.0,32,sw_lints,corr,z48_a0p5_corr_pruned_top10,48
3142,3,-5.235022922611286,0.5,-6.363554303516158,-1.8494287798966706,-6.363554303516158,-8.069483332082584,-7.285301156525947,10.831865644772954,14.439646453025489,0.692487154722265,469,141,0.5166666666666666,0.31316666666666665,0.3095,0.6905,0.6905,0.6875,4.0,7.090909090909091,4.0,6.0,0.8376623376623377,0.16233766233766234,8.0,33,sw_lints,corr,z48_a0p5_corr_pruned_top10,48
3143,3,-5.287262475979882,0.5,-5.809477097225109,-3.7206186122442015,-5.809477097225109,-9.307107109053618,-10.130646293216783,10.379512614115882,12.797281871866605,0.5852286222265071,479,151,0.5005,0.32066666666666666,0.3075,0.6925,0.6925,0.6895,4.0,6.344370860927152,4.0,5.0,0.8741721854304636,0.12582781456953643,7.0,33,sw_lints,corr,z48_a0p5_corr_pruned_top10,48
3144,3,-4.336270904301115,0.5,-4.823972210106683,-2.8731669868844123,-4.823972210106683,-7.562937976117116,-6.505320155415461,10.518374381433981,12.921604664669207,0.6954698794958827,483,159,0.5179999999999999,0.3235,0.3195,0.6805,0.6805,0.677,4.0,6.446540880503145,4.0,5.0,0.8616352201257862,0.13836477987421383,8.0,33,sw_lints,corr,z48_a0p5_corr_pruned_top10,48
3145,3,-3.531079457875278,0.5,-4.772509665632323,0.1932111653958568,-4.772509665632323,-4.549902317526659,-6.966370001982735,8.966521624240908,10.567745837095332,0.6800499837503513,450,124,0.5358333333333333,0.3005,0.29400000000000004,0.706,0.706,0.701,4.0,6.877551020408164,4.0,6.0,0.8571428571428571,0.14285714285714285,9.0,33,sw_lints,corr,z48_a0p5_corr_pruned_top10,48
3146,3,-4.8079748833444445,0.5,-6.265201532544829,-0.4362949357432903,-6.265201532544829,-6.714300284992066,-7.671757349475172,10.478832529133442,12.413276492278925,0.6751534612825998,482,149,0.5093333333333333,0.32216666666666666,0.3235,0.6765,0.6765,0.675,4.0,5.944444444444445,4.0,5.0,0.8950617283950617,0.10493827160493827,8.0,33,sw_lints,corr,z48_a0p5_corr_pruned_top10,48
3142,3,-4.5216272415369705,0.5,-5.6792268042765786,-1.0488285533181485,-5.6792268042765786,-6.5973058325471845,-5.682754443091964,8.508961776168377,14.301744179050303,0.7416846043892155,450,137,0.5428333333333333,0.30033333333333334,0.2855,0.7145,0.7145,0.713,4.0,7.510948905109489,4.0,6.0,0.8591549295774648,0.14084507042253522,8.5,34,sw_lints,corr,z48_a0p5_corr_pruned_top10,48
3143,3,-4.381571811931061,0.5,-5.843653517336641,0.004673304285677619,-5.843653517336641,-5.8361389899754075,-6.430240137794385,9.664735500741306,10.56154533262772,0.7375298387297998,509,150,0.5105000000000001,0.33899999999999997,0.34950000000000003,0.6505,0.6505,0.649,4.0,5.3478260869565215,4.0,4.0,0.9239130434782609,0.07608695652173914,7.5,34,sw_lints,corr,z48_a0p5_corr_pruned_top10,48
3144,3,-3.578304271034965,0.5,-4.409074542199094,-1.0859934575425778,-4.409074542199094,-5.444104288285641,-4.50062463601455,8.264566590075084,11.25804286169938,0.7512981692239082,434,129,0.5031666666666667,0.29033333333333333,0.3055,0.6945,0.6945,0.693,4.0,6.928104575163399,4.0,6.0,0.8366013071895425,0.16339869281045752,9.0,34,sw_lints,corr,z48_a0p5_corr_pruned_top10,48
3145,3,-4.593488410397551,0.5,-5.850424339006487,-0.8226806245707449,-5.850424339006487,-6.58343090618266,-9.635846904627376,9.927715820102112,11.97290552785768,0.6503836425427942,476,147,0.5263333333333333,0.31716666666666665,0.30000000000000004,0.7,0.7,0.698,4.0,6.846666666666667,4.0,5.75,0.8503401360544217,0.14965986394557823,9.0,34,sw_lints,corr,z48_a0p5_corr_pruned_top10,48
3146,3,-4.50390064340205,0.5,-5.888021928080097,-0.3515367893679085,-5.888021928080097,-6.170050182261974,-6.4541872862698195,7.967825942897944,12.035315089634135,0.7115423338736341,470,141,0.5073333333333333,0.31316666666666665,0.2995,0.7005,0.7005,0.699,4.0,7.092198581560283,4.0,7.0,0.8014184397163121,0.19858156028368795,9.0,34,sw_lints,corr,z48_a0p5_corr_pruned_top10,48
3142,3,-3.090250190051836,0.5,-3.903447403700581,-0.650658549105602,-3.903447403700581,-4.53880681794712,-5.381974954242796,7.979744463258243,8.898598653774492,0.742055835723246,440,142,0.5168333333333334,0.2936666666666667,0.2955,0.7045,0.7045,0.7015,4.0,7.049295774647887,4.0,5.5,0.8543046357615894,0.1456953642384106,8.0,35,sw_lints,corr,z48_a0p5_corr_pruned_top10,48
3143,3,-3.4636897492990046,0.5,-4.6614531496092475,0.1296004516317247,-4.6614531496092475,-4.532267759537434,-4.024688700285384,7.51953970904653,9.577086542619028,0.772255617091813,409,133,0.5191666666666667,0.2731666666666667,0.274,0.726,0.726,0.7235,4.0,7.416058394160584,4.0,6.0,0.8270676691729323,0.17293233082706766,9.0,35,sw_lints,corr,z48_a0p5_corr_pruned_top10,48
3144,3,-3.3902451747843316,0.5,-4.52678538371567,0.01937545200968449,-4.52678538371567,-4.504345506454302,-4.608892091252381,8.777698370338316,11.242721957096169,0.7856327962043088,419,136,0.5198333333333333,0.2801666666666667,0.27549999999999997,0.7245,0.7245,0.7195,4.0,7.318840579710145,4.0,7.0,0.8161764705882353,0.18382352941176472,9.0,35,sw_lints,corr,z48_a0p5_corr_pruned_top10,48
3145,3,-3.567166719729073,0.5,-4.314926627293503,-1.3238869970357836,-4.314926627293503,-5.525855880797063,-4.793872898011752,10.814378872659269,14.348932240870138,0.759114876793474,423,134,0.5208333333333334,0.2826666666666667,0.27149999999999996,0.7285,0.7285,0.7235,4.0,7.529850746268656,4.0,6.0,0.8208955223880597,0.1791044776119403,9.0,35,sw_lints,corr,z48_a0p5_corr_pruned_top10,48
3146,3,-3.053981207417568,0.5,-3.737024443649524,-1.0048514987217,-3.737024443649524,-4.689882296330824,-5.476896684409249,8.059267430531047,10.388476197045426,0.7370293743304422,414,135,0.5133333333333333,0.2763333333333334,0.27149999999999996,0.7285,0.7285,0.7255,4.0,7.488888888888889,4.0,7.0,0.8296296296296296,0.17037037037037037,9.0,35,sw_lints,corr,z48_a0p5_corr_pruned_top10,48
3142,3,-3.4549238089544447,0.5,-5.105341944683757,1.4963305982334936,-5.105341944683757,-3.6892615681480607,-4.494290145405633,8.49266011758668,9.067907061365654,0.746059260955279,402,123,0.5246666666666666,0.2683333333333333,0.262,0.738,0.738,0.7335,4.0,7.778625954198473,4.0,7.0,0.8320610687022901,0.16793893129770993,10.0,36,sw_lints,corr,z48_a0p5_corr_pruned_top10,48
3143,3,-2.0321586604950284,0.5,-2.359972395204775,-1.0487174563657886,-2.359972395204775,-3.3836275285617092,-3.820475574401383,7.828220585088985,9.1433249563302,0.8196033196167911,442,143,0.5129999999999999,0.29566666666666663,0.2995,0.7005,0.7005,0.6975,4.0,7.265734265734266,4.0,6.0,0.8181818181818182,0.18181818181818182,9.0,36,sw_lints,corr,z48_a0p5_corr_pruned_top10,48
3144,3,-4.378130310133496,0.5,-5.928179777028568,0.2720180905517178,-5.928179777028568,-5.7086115033164,-6.649814463730364,10.637578993143471,13.198712268419932,0.6968497325640854,435,141,0.5348333333333333,0.29083333333333333,0.2835,0.7165,0.7165,0.7135,4.0,7.204225352112676,4.0,5.0,0.8552631578947368,0.14473684210526316,8.0,36,sw_lints,corr,z48_a0p5_corr_pruned_top10,48
3145,3,-4.462556961253769,0.5,-5.832941572837528,-0.35140312650249195,-5.832941572837528,-6.192780806987449,-7.670773808919629,9.204550548269863,12.376900760538167,0.6351905299381463,412,134,0.5251666666666667,0.27499999999999997,0.27549999999999997,0.7245,0.7245,0.7215,4.0,7.447761194029851,4.0,6.75,0.8208955223880597,0.1791044776119403,9.0,36,sw_lints,corr,z48_a0p5_corr_pruned_top10,48
3146,3,-3.667426255110917,0.5,-4.7966327529192165,-0.2798067616860189,-4.7966327529192165,-5.022979970803809,-6.427836478255999,8.452119454533547,10.073089730209938,0.6976995856336444,440,134,0.5143333333333334,0.2936666666666667,0.2995,0.7005,0.7005,0.6975,4.0,6.633333333333334,4.0,5.75,0.86,0.14,9.0,36,sw_lints,corr,z48_a0p5_corr_pruned_top10,48
3142,3,-4.187950133752362,0.5,-5.196762062727867,-1.1615143468258464,-5.196762062727867,-6.308955049335682,-7.299767751967334,8.439352422796642,11.121893377826385,0.654000846792246,444,146,0.5268333333333333,0.297,0.2955,0.7045,0.7045,0.7015,4.0,7.0,4.0,5.0,0.8435374149659864,0.1564625850340136,9.0,37,sw_lints,corr,z48_a0p5_corr_pruned_top10,48
3143,3,-3.7947629410023866,0.5,-4.338473858498067,-2.1636301885153455,-4.338473858498067,-6.412640537714716,-5.0517720395845345,8.875671706772891,12.243764020831371,0.7008749717584485,442,143,0.519,0.29516666666666663,0.2915,0.7085,0.7085,0.7055,4.0,6.825174825174825,4.0,6.0,0.8391608391608392,0.16083916083916083,9.0,37,sw_lints,corr,z48_a0p5_corr_pruned_top10,48
3144,3,-4.784239569811727,0.5,-6.469406853155182,0.2712622802186389,-6.469406853155182,-6.202935152674253,-7.948800502841569,10.814657855065201,12.195354006481873,0.6474433288620214,434,132,0.5236666666666666,0.29033333333333333,0.2875,0.7125,0.7125,0.7095,4.0,7.613636363636363,4.0,7.0,0.8181818181818182,0.18181818181818182,8.0,37,sw_lints,corr,z48_a0p5_corr_pruned_top10,48
3145,3,-2.3484789104645873,0.5,-2.838660461282013,-0.8779342580123103,-2.838660461282013,-3.6747049392341005,-3.4138709549280666,8.002320498568826,9.592907547295383,0.791601993451474,407,119,0.5231666666666667,0.27233333333333337,0.278,0.722,0.722,0.7195,4.0,7.381294964028777,4.0,7.0,0.7913669064748201,0.20863309352517986,10.0,37,sw_lints,corr,z48_a0p5_corr_pruned_top10,48
3146,3,-4.342443817273898,0.5,-5.257975626047947,-1.5958483909517522,-5.257975626047947,-6.760917151414209,-6.109264924065672,9.480073532970401,10.864878551893442,0.6991096067596995,458,146,0.5106666666666667,0.30583333333333335,0.2965,0.7035,0.7035,0.701,4.0,6.70945945945946,4.0,6.0,0.8445945945945946,0.1554054054054054,8.0,37,sw_lints,corr,z48_a0p5_corr_pruned_top10,48
3142,3,-4.357254578554964,0.5,-5.4750630336356965,-1.003829213312768,-5.4750630336356965,-6.409945710014287,-5.735263529157475,12.011042849700203,12.441102852321851,0.7453892287572502,546,169,0.5095,0.36450000000000005,0.35950000000000004,0.6405,0.6405,0.639,4.0,5.681564245810056,4.0,5.0,0.8770949720670391,0.12290502793296089,8.0,38,sw_lints,corr,z48_a0p5_corr_pruned_top10,48
3143,3,-4.661335851995003,0.5,-5.648893505893288,-1.6986628903001473,-5.648893505893288,-7.286441698402072,-8.253010975886566,11.18888078828758,13.077876527286335,0.6701891725581456,463,143,0.551,0.3096666666666667,0.31399999999999995,0.686,0.686,0.6815,4.0,7.159235668789809,4.0,6.0,0.8391608391608392,0.16083916083916083,8.0,38,sw_lints,corr,z48_a0p5_corr_pruned_top10,48
3144,3,-4.551567676881624,0.5,-5.414112846187269,-1.9639321689646883,-5.414112846187269,-7.27334929764677,-5.556442496708314,9.7749188234731,16.04046441710811,0.7293100763737933,554,171,0.5241666666666667,0.36966666666666664,0.36750000000000005,0.6325,0.6325,0.631,4.0,5.381909547738694,4.0,4.0,0.907608695652174,0.09239130434782608,7.0,38,sw_lints,corr,z48_a0p5_corr_pruned_top10,48
3145,3,-4.44367556437091,0.5,-5.337701385278682,-1.7615981016475952,-5.337701385278682,-7.017027203193398,-6.5554682030013804,10.968398360065578,11.694768863181492,0.6773248915017528,539,146,0.5075,0.3598333333333333,0.362,0.638,0.638,0.636,4.0,5.121546961325967,4.0,5.0,0.9337016574585635,0.06629834254143646,8.0,38,sw_lints,corr,z48_a0p5_corr_pruned_top10,48
3146,3,-4.678279039340776,0.5,-5.3013868971740985,-2.8089554658408087,-5.3013868971740985,-7.950380065201881,-8.199266814277383,10.66651802766242,13.942636830286425,0.6935546632754365,508,136,0.5306666666666667,0.3393333333333333,0.371,0.629,0.629,0.6265,4.0,5.561497326203209,4.0,5.0,0.893048128342246,0.10695187165775401,8.0,38,sw_lints,corr,z48_a0p5_corr_pruned_top10,48
3142,3,-3.5100407448980935,0.5,-4.809022197439994,0.3869036127276071,-4.809022197439994,-4.427840245263991,-5.795364711369022,7.971333587262864,9.610908610008263,0.7201997542783115,453,128,0.5278333333333333,0.303,0.3255,0.6745,0.6745,0.673,4.0,6.154320987654321,4.0,5.0,0.8950617283950617,0.10493827160493827,8.0,39,sw_lints,corr,z48_a0p5_corr_pruned_top10,48
3143,3,-2.89766808087049,0.5,-3.6832532480263116,-0.5409125794030264,-3.6832532480263116,-4.1856365614567075,-5.924365465005987,9.11968942804785,9.968429879599094,0.7053692181331978,432,135,0.5188333333333334,0.28933333333333333,0.28700000000000003,0.713,0.713,0.711,4.0,7.160839160839161,4.0,6.0,0.8461538461538461,0.15384615384615385,8.0,39,sw_lints,corr,z48_a0p5_corr_pruned_top10,48
3144,3,-3.8773874755003113,0.5,-5.189071172722556,0.05766361616642198,-5.189071172722556,-5.091923970516465,-6.866607437888805,9.922647509492077,11.498728822060055,0.6896197642493673,463,139,0.5343333333333333,0.3096666666666667,0.29600000000000004,0.704,0.704,0.7015,4.0,6.763513513513513,4.0,7.0,0.8648648648648649,0.13513513513513514,9.0,39,sw_lints,corr,z48_a0p5_corr_pruned_top10,48
3145,3,-5.029132303573224,0.5,-6.641250914713825,-0.19277647015141972,-6.641250914713825,-6.747559802191671,-9.098111208259175,10.615675621995901,13.839700980445546,0.6376771504214818,430,122,0.5401666666666667,0.28783333333333333,0.30500000000000005,0.695,0.695,0.693,4.0,6.75,4.0,5.0,0.8618421052631579,0.13815789473684212,8.0,39,sw_lints,corr,z48_a0p5_corr_pruned_top10,48
3146,3,-4.242297325363903,0.5,-5.557111941606133,-0.29785347663721096,-5.557111941606133,-5.8481559862671775,-7.668386205493693,8.665112669499086,9.303603925016057,0.6836243047424868,478,147,0.529,0.319,0.32399999999999995,0.676,0.676,0.674,4.0,6.154320987654321,4.0,5.0,0.8703703703703703,0.12962962962962962,7.5,39,sw_lints,corr,z48_a0p5_corr_pruned_top10,48
3142,3,-4.819605836537191,0.5,-5.9375708273448184,-1.4657108641143075,-5.9375708273448184,-7.299574517246239,-8.670897803550236,10.927028105947635,12.909352007254382,0.6360725792552165,447,135,0.5338333333333333,0.2985,0.29000000000000004,0.71,0.71,0.707,4.0,7.124137931034483,4.0,6.0,0.8344827586206897,0.16551724137931034,9.0,40,sw_lints,corr,z48_a0p5_corr_pruned_top10,48
3143,3,-4.2077810014111,0.5,-4.863945931086392,-2.239286212385224,-4.863945931086392,-6.99971766350442,-8.11129272358495,9.611534601406568,10.340814837882972,0.6611965043827187,442,132,0.5161666666666668,0.2956666666666667,0.2975,0.7025,0.7025,0.6975,4.0,7.108108108108108,4.0,6.0,0.8581081081081081,0.14189189189189189,8.0,40,sw_lints,corr,z48_a0p5_corr_pruned_top10,48
3144,3,-2.915467296709254,0.5,-3.708652073025861,-0.5359129677594332,-3.708652073025861,-4.243213442019274,-4.138605539629115,8.435797595409245,9.909563799552467,0.7601341718720694,437,137,0.5293333333333333,0.29233333333333333,0.2855,0.7145,0.7145,0.7115,4.0,7.576642335766423,4.0,6.0,0.8098591549295775,0.19014084507042253,8.0,40,sw_lints,corr,z48_a0p5_corr_pruned_top10,48
3145,3,-3.4973374543470177,0.5,-3.9863120463673574,-2.030413678285999,-3.9863120463673574,-5.938002841791275,-6.158379577185158,9.780277580445274,10.599012202255375,0.6981770931517001,465,151,0.5123333333333333,0.31066666666666665,0.30400000000000005,0.696,0.696,0.6935,4.0,6.6381578947368425,4.0,5.0,0.8552631578947368,0.14473684210526316,8.0,40,sw_lints,corr,z48_a0p5_corr_pruned_top10,48
3146,3,-5.0689812002810015,0.5,-6.410024862412878,-1.0458502138853725,-6.410024862412878,-7.378865903391667,-8.95465414369041,10.602854482934054,12.925107625258104,0.6392369954458237,474,156,0.5179999999999999,0.3165,0.31399999999999995,0.686,0.686,0.6815,4.0,6.401273885350318,4.0,5.0,0.8589743589743589,0.14102564102564102,8.0,40,sw_lints,corr,z48_a0p5_corr_pruned_top10,48
3142,3,-4.95977378233011,0.5,-6.550422802822308,-0.18782672085351595,-6.550422802822308,-6.671314367835375,-9.539079659497517,11.076769906089423,12.404577105081593,0.6080222580108068,455,133,0.529,0.30316666666666664,0.2855,0.7145,0.7145,0.713,4.0,7.146853146853147,4.0,6.0,0.8270676691729323,0.17293233082706766,9.0,41,sw_lints,corr,z48_a0p5_corr_pruned_top10,48
3143,3,-5.042219479179905,0.5,-6.342579456096661,-1.1411395484296372,-6.342579456096661,-7.350174467358428,-7.0167438026396685,8.471927913901101,13.70810087312625,0.670168755964771,427,115,0.5275,0.285,0.274,0.726,0.726,0.7235,4.0,7.868613138686132,4.0,8.0,0.7956204379562044,0.20437956204379562,10.0,41,sw_lints,corr,z48_a0p5_corr_pruned_top10,48
3144,3,-5.324811876244327,0.5,-6.776901578842547,-0.9685427684496687,-6.776901578842547,-7.652592983353823,-7.990020251657571,11.044934344382407,12.13241969853125,0.6665309047089292,454,129,0.5205000000000001,0.303,0.3075,0.6925,0.6925,0.691,4.0,6.450980392156863,4.0,5.0,0.8627450980392157,0.13725490196078433,8.0,41,sw_lints,corr,z48_a0p5_corr_pruned_top10,48
3145,3,-4.594136920765981,0.5,-5.244199929748831,-2.6439478938174292,-5.244199929748831,-7.74704660241311,-9.443974195730675,11.23412089580781,11.936615450888976,0.6239545536531361,497,144,0.5215,0.33166666666666667,0.3295,0.6705,0.6705,0.669,4.0,5.86060606060606,4.0,5.0,0.9030303030303031,0.09696969696969697,7.5,41,sw_lints,corr,z48_a0p5_corr_pruned_top10,48
3146,3,-5.422417929669697,0.5,-6.267571742873623,-2.8869564900579197,-6.267571742873623,-8.963293392646122,-9.72588823757955,10.719330442166896,14.00746632735147,0.594146772042481,472,148,0.5123333333333333,0.31483333333333335,0.3165,0.6835,0.6835,0.681,4.0,6.227848101265823,4.0,5.0,0.8670886075949367,0.13291139240506328,7.5,41,sw_lints,corr,z48_a0p5_corr_pruned_top10,48
3142,3,-3.940409184529943,0.5,-4.531935272100843,-2.165830921817243,-4.531935272100843,-6.567944743095503,-8.135361890379134,11.737483679510829,12.116435434869722,0.652550714450615,427,135,0.5175,0.2855,0.2895,0.7105,0.7105,0.709,4.0,6.945578231292517,4.0,6.0,0.8231292517006803,0.17687074829931973,9.0,42,sw_lints,corr,z48_a0p5_corr_pruned_top10,48
3143,3,-3.7541742913677587,0.5,-4.714889706675614,-0.8720280454441917,-4.714889706675614,-5.503623132366982,-6.8071372199364095,10.944681938161349,11.635908970846087,0.6800920776628364,405,129,0.5213333333333333,0.2705,0.272,0.728,0.728,0.7255,4.0,7.5661764705882355,4.0,7.0,0.8088235294117647,0.19117647058823528,9.0,42,sw_lints,corr,z48_a0p5_corr_pruned_top10,48
3144,3,-5.084696904799376,0.5,-6.577924085376053,-0.6050153630693426,-6.577924085376053,-7.113926494387571,-7.501350484849622,10.134000874643467,12.989291116969003,0.6805636858006329,460,147,0.519,0.30750000000000005,0.29800000000000004,0.702,0.702,0.6995,4.0,6.530201342281879,4.0,5.0,0.8590604026845637,0.14093959731543623,8.0,42,sw_lints,corr,z48_a0p5_corr_pruned_top10,48
3145,3,-3.7827985839038494,0.5,-4.991457591911289,-0.1568215598815296,-4.991457591911289,-5.168031201267035,-7.373800645767304,10.975781332216517,11.973072377419669,0.6480427292209061,413,126,0.5271666666666667,0.276,0.27749999999999997,0.7225,0.7225,0.7195,4.0,7.014388489208633,4.0,7.0,0.841726618705036,0.15827338129496402,9.0,42,sw_lints,corr,z48_a0p5_corr_pruned_top10,48
3146,3,-3.746328559484947,0.5,-5.081881520445689,0.2603303233972805,-5.081881520445689,-4.847130553714911,-6.474187741694271,9.60998308647686,10.900124056878301,0.6909677360735491,439,135,0.5208333333333334,0.29316666666666663,0.29800000000000004,0.702,0.702,0.6995,4.0,6.604026845637584,4.0,6.0,0.8516129032258064,0.14838709677419354,9.0,42,sw_lints,corr,z48_a0p5_corr_pruned_top10,48
3142,3,-4.14894407710119,0.5,-4.62110309477816,-2.73246702407028,-4.62110309477816,-7.215400566684494,-7.88237769594825,9.606773887038567,12.747930785586858,0.637326341048108,475,155,0.5146666666666667,0.31716666666666665,0.31399999999999995,0.686,0.686,0.683,4.0,6.280254777070064,4.0,5.0,0.8773006134969326,0.12269938650306748,7.0,43,sw_lints,corr,z48_a0p5_corr_pruned_top10,48
3143,3,-4.280016331454003,0.5,-4.920370039080102,-2.358955208575704,-4.920370039080102,-7.124518975483551,-8.795497914975147,11.985938677801755,12.271628321348905,0.6404307231506231,456,141,0.5201666666666667,0.30433333333333334,0.3015,0.6985,0.6985,0.6955,4.0,7.212765957446808,4.0,5.75,0.8297872340425532,0.1702127659574468,8.0,43,sw_lints,corr,z48_a0p5_corr_pruned_top10,48
3144,3,-4.11597100128856,0.5,-4.942875882269027,-1.6352563583471629,-4.942875882269027,-6.495432144544488,-7.669670912236281,8.717252320613621,10.176852787000357,0.6734323176539097,461,143,0.5091666666666667,0.30716666666666664,0.29200000000000004,0.708,0.708,0.703,4.0,6.657534246575342,4.0,5.5,0.863013698630137,0.136986301369863,8.0,43,sw_lints,corr,z48_a0p5_corr_pruned_top10,48
3145,3,-4.467169429368702,0.5,-5.010378052009664,-2.837543561445814,-5.010378052009664,-7.721537151433829,-9.350976045951398,9.789316060194931,11.635705873806767,0.646699721205477,508,165,0.5171666666666667,0.3396666666666666,0.33999999999999997,0.66,0.66,0.658,4.0,6.052941176470588,4.0,5.0,0.8787878787878788,0.12121212121212122,7.0,43,sw_lints,corr,z48_a0p5_corr_pruned_top10,48
3146,3,-3.6791112250782403,0.5,-4.670473858064636,-0.7050233261190547,-4.670473858064636,-5.326869453773312,-2.966022193818618,8.558206396614754,11.79041309886789,0.8168435470017086,499,141,0.513,0.33316666666666667,0.354,0.646,0.646,0.641,4.0,5.711864406779661,4.0,4.0,0.9096045197740112,0.0903954802259887,7.0,43,sw_lints,corr,z48_a0p5_corr_pruned_top10,48
3142,3,-3.7999495465756525,0.5,-4.810176013819553,-0.7692701448439513,-4.810176013819553,-5.485736722585492,-6.599588775645371,6.936226199263573,12.723574885703481,0.6474069568675455,464,133,0.5101666666666667,0.30966666666666665,0.3135,0.6865,0.6865,0.685,4.0,6.222929936305732,4.0,5.0,0.8662420382165605,0.1337579617834395,7.5,44,sw_lints,corr,z48_a0p5_corr_pruned_top10,48
3143,3,-4.805104381031638,0.5,-5.777532275266136,-1.8878206983281431,-5.777532275266136,-7.527683087576776,-6.338829793431,9.863217814996384,14.253477903174227,0.7250577995304001,459,137,0.537,0.30616666666666664,0.2865,0.7135,0.7135,0.709,4.0,7.5174825174825175,4.0,6.0,0.8394160583941606,0.16058394160583941,9.0,44,sw_lints,corr,z48_a0p5_corr_pruned_top10,48
3144,3,-2.8240656668356365,0.5,-3.8428823804092516,0.23238447388520914,-3.8428823804092516,-3.613964118374635,-3.8224028322845993,6.9148799933746785,9.74623774178488,0.796107235415964,469,138,0.515,0.31283333333333335,0.3195,0.6805,0.6805,0.679,4.0,6.25,4.0,5.0,0.85625,0.14375,8.0,44,sw_lints,corr,z48_a0p5_corr_pruned_top10,48
3145,3,-3.9699312643511684,0.5,-4.614803674126715,-2.0353140350245305,-4.614803674126715,-6.5641765092432065,-5.549492969642211,6.723610791577784,12.217684819477926,0.6709981790371669,459,146,0.5101666666666667,0.307,0.3035,0.6965,0.6965,0.6935,4.0,6.933774834437086,4.0,5.0,0.8424657534246576,0.15753424657534246,8.0,44,sw_lints,corr,z48_a0p5_corr_pruned_top10,48
3146,3,-3.577437487474891,0.5,-4.093340397599147,-2.0297287571021227,-4.093340397599147,-5.995773395237158,-5.92177422570691,9.609144912996303,12.452083022734161,0.7267600214916466,446,123,0.5206666666666667,0.29733333333333334,0.3155,0.6845,0.6845,0.6815,4.0,6.2215189873417724,4.0,5.0,0.8670886075949367,0.13291139240506328,8.0,44,sw_lints,corr,z48_a0p5_corr_pruned_top10,48
3142,3,-4.5460256126672105,0.5,-5.561856741622928,-1.4985322258000568,-5.561856741622928,-6.954555835003188,-9.311425151216978,10.776805233469599,11.622271529640072,0.6148264040276908,440,139,0.5205000000000001,0.29383333333333334,0.29200000000000004,0.708,0.708,0.703,4.0,6.595890410958904,4.0,6.0,0.8561643835616438,0.14383561643835616,8.0,45,sw_lints,corr,z48_a0p5_corr_pruned_top10,48
3143,3,-2.6114388798100108,0.5,-3.248472783605893,-0.7003371684223639,-3.248472783605893,-3.9119035950262337,-4.021363924838184,8.343876161244012,9.622233446322593,0.7658875649625713,404,130,0.5433333333333333,0.2701666666666667,0.27149999999999996,0.7285,0.7285,0.7255,4.0,8.061538461538461,4.0,7.0,0.8201438848920863,0.17985611510791366,9.0,45,sw_lints,corr,z48_a0p5_corr_pruned_top10,48
3144,3,-3.2538354090596124,0.5,-4.355766446569491,0.051957703470021745,-4.355766446569491,-4.305655941682229,-5.835345010731896,8.49000338218685,10.148720643092435,0.7194130266346078,428,131,0.5165000000000001,0.2856666666666667,0.26549999999999996,0.7345,0.7345,0.7315,4.0,7.412213740458015,4.0,7.0,0.803030303030303,0.19696969696969696,10.0,45,sw_lints,corr,z48_a0p5_corr_pruned_top10,48
3145,3,-3.131422097561645,0.5,-3.9497319471550476,-0.6764925487814377,-3.9497319471550476,-4.615375830861094,-4.794942140756775,8.025401389005204,9.465187029829314,0.7637467853575562,446,140,0.5209999999999999,0.29766666666666663,0.2875,0.7125,0.7125,0.711,4.0,6.680555555555555,4.0,6.0,0.8765432098765432,0.12345679012345678,8.0,45,sw_lints,corr,z48_a0p5_corr_pruned_top10,48
3146,3,-3.263913719566922,0.5,-4.296519097138026,-0.16609758685361223,-4.296519097138026,-4.437469489606471,-4.211689862988388,8.377505814579678,10.151894591949151,0.7735240125851974,398,127,0.5191666666666667,0.26583333333333337,0.26949999999999996,0.7305,0.7305,0.729,4.0,7.625,4.0,6.25,0.8074074074074075,0.1925925925925926,9.0,45,sw_lints,corr,z48_a0p5_corr_pruned_top10,48
3142,3,-4.473050008360554,0.5,-5.830460349942334,-0.4008189836152143,-5.830460349942334,-6.190666974649865,-6.95771962713343,10.03872575642225,12.918491678716283,0.7066708877508531,481,147,0.5128333333333334,0.321,0.3035,0.6965,0.6965,0.6915,4.0,6.346938775510204,4.0,5.0,0.8639455782312925,0.1360544217687075,8.5,46,sw_lints,corr,z48_a0p5_corr_pruned_top10,48
3143,3,-4.61511362497969,0.5,-6.047180930829292,-0.3189117074308874,-6.047180930829292,-6.3341770073049455,-5.867833403919032,9.557795432612014,11.622984893711209,0.739195560105237,424,135,0.5121666666666667,0.28300000000000003,0.274,0.726,0.726,0.7235,4.0,7.335766423357664,4.0,7.0,0.8102189781021898,0.1897810218978102,9.0,46,sw_lints,corr,z48_a0p5_corr_pruned_top10,48
3144,3,-3.3346679808885478,0.5,-4.047981460379949,-1.1947275424143422,-4.047981460379949,-5.168136724429318,-3.2927525853167383,8.283800919768114,12.449310363907607,0.7816341274831885,453,135,0.5148333333333334,0.30233333333333334,0.3075,0.6925,0.6925,0.689,4.0,6.804878048780488,4.0,5.0,0.8506493506493507,0.14935064935064934,7.0,46,sw_lints,corr,z48_a0p5_corr_pruned_top10,48
3145,3,-3.221137881737823,0.5,-3.3555968817199395,-2.8177608817914717,-3.3555968817199395,-6.10517639936979,-5.6949589857559495,8.836633884139001,10.980382758737539,0.7233110062701775,480,149,0.5068333333333334,0.3205,0.32599999999999996,0.674,0.674,0.6715,4.0,6.3128834355828225,4.0,5.0,0.8650306748466258,0.13496932515337423,8.0,46,sw_lints,corr,z48_a0p5_corr_pruned_top10,48
3146,3,-3.6331451166173574,0.5,-4.743149880668121,-0.3031308244650662,-4.743149880668121,-4.971861818436411,-7.978394900782337,9.746439468579183,10.45776176605331,0.6433443515174968,445,140,0.5166666666666667,0.29716666666666663,0.28600000000000003,0.714,0.714,0.7115,4.0,6.888111888111888,4.0,6.0,0.8391608391608392,0.16083916083916083,9.0,46,sw_lints,corr,z48_a0p5_corr_pruned_top10,48
3142,3,-2.2688517184929977,0.5,-2.959283742004485,-0.19755564795853608,-2.959283742004485,-3.1588426536295118,-3.9718859357431358,5.767124142896563,8.466684681407067,0.7358758775485521,419,130,0.5183333333333334,0.2796666666666667,0.2875,0.7125,0.7125,0.711,4.0,7.8,4.0,6.0,0.8344827586206897,0.16551724137931034,9.0,47,sw_lints,corr,z48_a0p5_corr_pruned_top10,48
3143,3,-3.328530415395708,0.5,-4.946203756822787,1.5244896088855302,-4.946203756822787,-3.539046440554827,-4.788412689339783,8.510619172323498,10.706247879120879,0.7376407099259226,406,133,0.5041666666666665,0.2711666666666667,0.27149999999999996,0.7285,0.7285,0.727,4.0,7.293233082706767,4.0,7.75,0.8115942028985508,0.18840579710144928,10.0,47,sw_lints,corr,z48_a0p5_corr_pruned_top10,48
3144,3,-3.6565792421192067,0.5,-4.580379836618609,-0.8851774586210004,-4.580379836618609,-5.488596167832552,-4.207982077442951,8.682183833728374,11.91272524093675,0.7580690581783046,429,133,0.5345,0.28633333333333333,0.2815,0.7185,0.7185,0.717,4.0,7.602836879432624,4.0,7.0,0.7943262411347518,0.20567375886524822,9.0,47,sw_lints,corr,z48_a0p5_corr_pruned_top10,48
3145,3,-3.464129682179895,0.5,-3.843772194701478,-2.325202144615146,-3.843772194701478,-6.063889666120462,-7.873152394715888,9.71784638899571,10.21558187558952,0.6576486628109155,432,141,0.5195,0.2885,0.2895,0.7105,0.7105,0.708,4.0,6.957446808510638,4.0,5.0,0.8356164383561644,0.1643835616438356,8.0,47,sw_lints,corr,z48_a0p5_corr_pruned_top10,48
3146,3,-3.933860153386126,0.5,-4.46392921840915,-2.343652958317055,-4.46392921840915,-6.676880700208845,-7.501868291776315,10.888765481400286,11.365503691273215,0.6665141227387827,427,134,0.5158333333333333,0.2853333333333334,0.26949999999999996,0.7305,0.7305,0.7275,4.0,7.074626865671642,4.0,6.75,0.8301886792452831,0.16981132075471697,9.0,47,sw_lints,corr,z48_a0p5_corr_pruned_top10,48
3142,3,-5.452713745297304,0.5,-6.677044043561309,-1.7797228505052904,-6.677044043561309,-8.338731721933183,-9.164816269617948,11.537789395136366,12.372436551908073,0.5890492562157126,414,134,0.5086666666666667,0.2763333333333334,0.27,0.73,0.73,0.727,4.0,7.103448275862069,4.0,8.0,0.8222222222222222,0.17777777777777778,10.0,48,sw_lints,corr,z48_a0p5_corr_pruned_top10,48
3143,3,-3.973497632550501,0.5,-4.866108902068574,-1.2956638239962812,-4.866108902068574,-6.099068660925885,-5.839089361299898,8.983008566680983,13.225763808931168,0.7224259686165183,381,110,0.5281666666666666,0.2545,0.266,0.734,0.734,0.731,4.0,7.541353383458647,4.0,7.0,0.7894736842105263,0.21052631578947367,10.0,48,sw_lints,corr,z48_a0p5_corr_pruned_top10,48
3144,3,-4.3936720076496085,0.5,-4.96222179750786,-2.688022638074853,-4.96222179750786,-7.502760308423632,-9.145686461568713,13.030018087077567,13.845290325832238,0.6421747521052532,427,127,0.5231666666666667,0.285,0.2815,0.7185,0.7185,0.7155,4.0,7.23404255319149,4.0,6.0,0.8226950354609929,0.1773049645390071,9.0,48,sw_lints,corr,z48_a0p5_corr_pruned_top10,48
3145,3,-5.5268516591412045,0.5,-7.1618742779684865,-0.6217838026593592,-7.1618742779684865,-7.727314104737208,-8.099320997143533,10.549232203970583,13.463532456503868,0.670349629338218,416,124,0.5255,0.2778333333333334,0.278,0.722,0.722,0.7195,4.0,7.136690647482014,4.0,7.0,0.8235294117647058,0.17647058823529413,9.0,48,sw_lints,corr,z48_a0p5_corr_pruned_top10,48
3146,3,-5.271056021940877,0.5,-6.913509713035508,-0.34369494865698424,-6.913509713035508,-7.243320518878516,-5.42107973985776,10.314048829275524,13.931260384475541,0.7013183278940376,406,131,0.5243333333333333,0.2711666666666667,0.268,0.732,0.732,0.7295,4.0,7.492537313432836,4.0,7.0,0.8059701492537313,0.19402985074626866,9.0,48,sw_lints,corr,z48_a0p5_corr_pruned_top10,48
3142,3,-3.570535648081424,0.5,-4.40452452384883,-1.068569020779205,-4.40452452384883,-5.391618243490403,-4.16660048144688,7.881410286588853,11.892705180585573,0.776372386277544,425,122,0.528,0.2843333333333333,0.278,0.722,0.722,0.7175,4.0,7.122302158273381,4.0,7.0,0.8057553956834532,0.19424460431654678,9.0,49,sw_lints,corr,z48_a0p5_corr_pruned_top10,48
3143,3,-4.574886592778515,0.5,-5.640102572027672,-1.3792386550310454,-5.640102572027672,-6.907403965395915,-9.12197897451379,11.237632728703373,11.521659589350131,0.6107891961609887,412,124,0.5396666666666666,0.27566666666666667,0.26,0.74,0.74,0.7375,4.0,7.723076923076923,4.0,8.0,0.8,0.2,10.0,49,sw_lints,corr,z48_a0p5_corr_pruned_top10,48
3144,3,-2.951255864161202,0.5,-3.712075490004933,-0.6687969866300084,-3.712075490004933,-4.349289168991699,-2.906659742412887,5.573890343248101,11.422907335889176,0.8299914167851461,436,140,0.5128333333333334,0.29116666666666663,0.28600000000000003,0.714,0.714,0.711,4.0,6.810457516339869,4.0,6.0,0.8300653594771242,0.16993464052287582,9.0,49,sw_lints,corr,z48_a0p5_corr_pruned_top10,48
3145,3,-3.3908101513175546,0.5,-4.1991583807539685,-0.9657654630083131,-4.1991583807539685,-5.079298266518399,-5.667184209583464,7.904510283243926,11.218091716805134,0.7472317452359819,456,140,0.5148333333333333,0.3045,0.31000000000000005,0.69,0.69,0.6875,4.0,6.391304347826087,4.0,6.0,0.8580645161290322,0.14193548387096774,8.0,49,sw_lints,corr,z48_a0p5_corr_pruned_top10,48
3146,3,-4.1412355351839185,0.5,-5.156954244997399,-1.0940794057434755,-5.156954244997399,-6.1900607488892705,-5.787621282949074,8.305581353307524,9.674910731924536,0.7164016198257399,462,145,0.5255,0.309,0.3075,0.6925,0.6925,0.691,4.0,6.490196078431373,4.0,5.0,0.8562091503267973,0.1437908496732026,8.0,49,sw_lints,corr,z48_a0p5_corr_pruned_top10,48
3142,3,-3.363815400687158,0.5,-4.348865300749742,-0.4086657004994036,-4.348865300749742,-4.742229174032531,-5.139556977669956,8.445991022747156,8.70753053544442,0.7025591382319253,505,166,0.53,0.3375000000000001,0.3355,0.6645,0.6645,0.6615,4.0,6.0602409638554215,4.0,5.0,0.9127906976744186,0.0872093023255814,8.0,0,sw_lints,hybrid,z72_a0p5_hybrid_corr5_bsstablehie5_top10,72
3143,3,-5.6249677152460755,0.5,-6.441286219207465,-3.1760122033619034,-6.441286219207465,-9.416788951086982,-9.851636547757236,12.272305918345738,12.29480376045351,0.5841022089916178,519,160,0.4888333333333333,0.3475,0.35350000000000004,0.6465,0.6465,0.6415,4.0,5.58125,4.0,5.0,0.9398907103825137,0.060109289617486336,8.0,0,sw_lints,hybrid,z72_a0p5_hybrid_corr5_bsstablehie5_top10,72
3144,3,-2.912200683925743,0.5,-3.320950962278768,-1.6859498488666673,-3.320950962278768,-4.9523897101624526,-4.8940490330333875,7.727395021100614,7.886811925480708,0.7609449893675083,432,129,0.4831666666666667,0.28950000000000004,0.2895,0.7105,0.7105,0.7075,4.0,6.635658914728682,4.0,5.0,0.8682170542635659,0.13178294573643412,8.0,0,sw_lints,hybrid,z72_a0p5_hybrid_corr5_bsstablehie5_top10,72
3145,3,-3.425878096208411,0.5,-3.459977492687353,-3.459977492687353,-3.323579906771586,-6.695478319731677,-6.681397001715994,8.843719404213669,12.596431366365813,0.6483789211001024,504,154,0.4965,0.3375000000000001,0.3395,0.6605,0.6605,0.6575,4.0,5.896103896103896,4.0,5.0,0.9226519337016574,0.07734806629834254,8.0,0,sw_lints,hybrid,z72_a0p5_hybrid_corr5_bsstablehie5_top10,72
3146,3,-4.347865500587407,0.5,-4.601902969397876,-3.585753094155997,-4.601902969397876,-7.992181856113834,-9.333740572216765,10.946432042947428,13.195883414248355,0.5081632200560778,517,145,0.49899999999999994,0.3456666666666666,0.366,0.634,0.634,0.6295,4.0,5.672131147540983,4.0,6.0,0.8961748633879781,0.10382513661202186,8.0,0,sw_lints,hybrid,z72_a0p5_hybrid_corr5_bsstablehie5_top10,72
3142,3,-5.264361741075108,0.5,-5.936897723918004,-3.246753792546419,-5.936897723918004,-8.969718764969995,-8.300125866460906,8.54644544892813,12.754436316812711,0.5802064656154484,491,140,0.4836666666666667,0.3283333333333333,0.3195,0.6805,0.6805,0.677,4.0,5.817708333333333,4.0,5.0,0.9114583333333334,0.08854166666666667,8.0,1,sw_lints,hybrid,z72_a0p5_hybrid_corr5_bsstablehie5_top10,72
3143,3,-3.877184908953898,0.5,-4.533452908729718,-1.9083809096264392,-4.533452908729718,-6.348388102507033,-6.758579547622611,7.468266584413752,10.163168239190568,0.6293796446728143,463,134,0.4801666666666667,0.31016666666666665,0.3115,0.6885,0.6885,0.6835,4.0,6.160919540229885,4.0,6.0,0.8908045977011494,0.10919540229885058,8.0,1,sw_lints,hybrid,z72_a0p5_hybrid_corr5_bsstablehie5_top10,72
3144,3,-4.815426487751596,0.5,-6.054178606853159,-1.0991701304469064,-6.054178606853159,-7.082480377739685,-5.851012074353301,8.137284847418268,11.429318596708239,0.6788353177601445,508,162,0.4925,0.33966666666666673,0.344,0.656,0.656,0.653,4.0,5.530864197530864,4.0,5.0,0.9259259259259259,0.07407407407407407,8.0,1,sw_lints,hybrid,z72_a0p5_hybrid_corr5_bsstablehie5_top10,72
3145,3,-4.926812358841815,0.5,-5.703550137903616,-2.5965990216564094,-5.703550137903616,-8.129675081792323,-9.835154660703493,10.509087402130513,12.855513073724921,0.617213758254598,559,166,0.49533333333333335,0.37316666666666665,0.38749999999999996,0.6125,0.6125,0.609,4.0,5.132530120481928,4.0,5.0,0.9518072289156626,0.04819277108433735,8.0,1,sw_lints,hybrid,z72_a0p5_hybrid_corr5_bsstablehie5_top10,72
3146,3,-6.026747691055624,0.5,-6.780015010227875,-3.76694573353887,-6.780015010227875,-10.294796737022246,-10.22525959833186,10.56999093242018,14.121023310825754,0.5610967232203773,539,168,0.4805,0.3601666666666667,0.35150000000000003,0.6485,0.6485,0.646,4.0,5.413265306122449,4.0,5.0,0.9285714285714286,0.07142857142857142,7.0,1,sw_lints,hybrid,z72_a0p5_hybrid_corr5_bsstablehie5_top10,72
3142,3,-3.2922824236099917,0.5,-3.56766650270209,-2.466130186333696,-3.56766650270209,-5.919398959996092,-8.21964345364573,8.85056793966017,10.186407824591104,0.6152765229224544,484,159,0.5016666666666666,0.3235,0.3215,0.6785,0.6785,0.6735,4.0,5.955974842767295,4.0,5.0,0.9056603773584906,0.09433962264150944,8.0,2,sw_lints,hybrid,z72_a0p5_hybrid_corr5_bsstablehie5_top10,72
3143,3,-4.633030305230633,0.5,-5.588273448474941,-1.7673008754977129,-5.588273448474941,-7.278710273929885,-7.527307363154268,9.022025928612344,9.74031135217156,0.6175994820839649,491,150,0.4925,0.32883333333333337,0.3175,0.6825,0.6825,0.6775,4.0,6.147540983606557,4.0,6.0,0.8924050632911392,0.10759493670886076,8.0,2,sw_lints,hybrid,z72_a0p5_hybrid_corr5_bsstablehie5_top10,72
3144,3,-3.933996589395357,0.5,-4.487914720568628,-2.2722421958755437,-4.487914720568628,-6.658285049623161,-7.621687438361846,9.405783018367353,11.243093931176729,0.636383314116452,513,133,0.5161666666666668,0.34299999999999997,0.3375,0.6625,0.6625,0.6575,4.0,6.279761904761905,4.0,5.0,0.8928571428571429,0.10714285714285714,7.5,2,sw_lints,hybrid,z72_a0p5_hybrid_corr5_bsstablehie5_top10,72
3145,3,-5.103020640473537,0.5,-6.3808053741615955,-1.2696664394093633,-6.3808053741615955,-7.555997308291392,-7.3499128239654095,8.119526439872171,13.68220431479199,0.5850065542259022,539,163,0.5151666666666667,0.3601666666666667,0.35550000000000004,0.6445,0.6445,0.6425,4.0,5.949438202247191,4.0,6.0,0.9044943820224719,0.09550561797752809,8.0,2,sw_lints,hybrid,z72_a0p5_hybrid_corr5_bsstablehie5_top10,72
3146,3,-4.490504775094925,0.5,-5.328286007175368,-1.9771610788535954,-5.328286007175368,-7.195714265522082,-6.5873497507829,8.263603565184297,9.550737491983874,0.7000529763103696,551,168,0.49066666666666664,0.36833333333333335,0.352,0.648,0.648,0.6465,4.0,5.035714285714286,4.0,5.0,0.9583333333333334,0.041666666666666664,8.0,2,sw_lints,hybrid,z72_a0p5_hybrid_corr5_bsstablehie5_top10,72
3142,3,-2.8937246793737463,0.5,-3.4247526833304343,-1.300640667503683,-3.4247526833304343,-4.656657393949836,-3.970093685800391,5.571558076686312,11.31470101469204,0.6658650739184455,316,83,0.3918333333333333,0.2121666666666667,0.22750000000000004,0.7725,0.7725,0.771,4.0,7.345132743362832,4.0,5.0,0.8666666666666667,0.13333333333333333,8.0,3,sw_lints,hybrid,z72_a0p5_hybrid_corr5_bsstablehie5_top10,72
3143,3,-2.572337968570457,0.5,-3.172838613659542,-0.7708360333032016,-3.172838613659542,-3.9235350496498285,-3.9512699283633546,6.881810442451353,7.5725630283898,0.7571188678540361,380,98,0.4098333333333333,0.2535,0.26949999999999996,0.7305,0.7305,0.728,4.0,6.8108108108108105,4.0,5.0,0.8783783783783784,0.12162162162162163,9.0,3,sw_lints,hybrid,z72_a0p5_hybrid_corr5_bsstablehie5_top10,72
3144,3,-3.1394597279817305,0.5,-3.7616844364540163,-1.2727856025648743,-3.7616844364540163,-5.005855680228514,-5.425409629838118,7.662544805751725,7.689541668111744,0.6423030205542949,377,110,0.3983333333333334,0.2516666666666667,0.26149999999999995,0.7385,0.7385,0.7335,4.0,6.181818181818182,4.0,4.0,0.8978102189781022,0.10218978102189781,9.0,3,sw_lints,hybrid,z72_a0p5_hybrid_corr5_bsstablehie5_top10,72
3145,3,-3.071404031048644,0.5,-3.966688939355141,-0.3855493061291515,-3.966688939355141,-4.3288565175682505,-2.75499223410004,7.41037949019997,9.458796765767808,0.7320515600243671,353,104,0.39333333333333337,0.23633333333333337,0.23150000000000004,0.7685,0.7685,0.767,4.0,6.547826086956522,4.0,6.0,0.8521739130434782,0.14782608695652175,9.0,3,sw_lints,hybrid,z72_a0p5_hybrid_corr5_bsstablehie5_top10,72
3146,3,-3.650103508617295,0.5,-4.242898154918322,-1.8717195697142142,-4.242898154918322,-6.033606877022798,-5.331006746345057,6.905160239178887,9.568084937663146,0.640938254405283,359,102,0.39349999999999996,0.24083333333333332,0.22350000000000003,0.7765,0.7765,0.7715,4.0,6.63963963963964,4.0,6.0,0.8648648648648649,0.13513513513513514,8.0,3,sw_lints,hybrid,z72_a0p5_hybrid_corr5_bsstablehie5_top10,72
3142,3,-5.044104036545507,0.5,-6.442447714060329,-0.8490730040010405,-6.442447714060329,-7.252157025569165,-8.478738393030493,11.037789616202032,12.079155933979525,0.636376465104222,366,101,0.45566666666666666,0.24549999999999997,0.22550000000000003,0.7745,0.7745,0.7715,4.0,7.044642857142857,4.0,5.0,0.8496732026143791,0.1503267973856209,7.0,4,sw_lints,hybrid,z72_a0p5_hybrid_corr5_bsstablehie5_top10,72
3143,3,-2.601838845636763,0.5,-2.8507085929027767,-1.8552296038387224,-2.8507085929027767,-4.658450394983112,-4.824053702406728,7.844292268327846,8.421347256679624,0.7720482685894114,344,74,0.42416666666666664,0.23083333333333333,0.25949999999999995,0.7405,0.7405,0.7355,4.0,6.929078014184397,4.0,6.0,0.8682170542635659,0.13178294573643412,9.0,4,sw_lints,hybrid,z72_a0p5_hybrid_corr5_bsstablehie5_top10,72
3144,3,-5.554733629187192,0.5,-7.126092978541273,-0.8406555811249494,-7.126092978541273,-7.936513571618846,-6.429389477434844,7.48730450170515,14.922251275545474,0.5857819131957701,360,86,0.45933333333333337,0.24149999999999996,0.26949999999999996,0.7305,0.7305,0.7255,4.0,6.753731343283582,4.0,5.0,0.8928571428571429,0.10714285714285714,7.0,4,sw_lints,hybrid,z72_a0p5_hybrid_corr5_bsstablehie5_top10,72
3145,3,-2.656240105486278,0.5,-3.4500370361821706,-0.2748493133985989,-3.4500370361821706,-3.721002585658232,-3.330326075364032,7.415500139204334,8.045108625942065,0.8282872572582092,382,103,0.48333333333333334,0.2555,0.22550000000000003,0.7745,0.7745,0.771,4.0,7.017699115044247,4.0,7.0,0.8053097345132744,0.19469026548672566,8.0,4,sw_lints,hybrid,z72_a0p5_hybrid_corr5_bsstablehie5_top10,72
3146,3,-3.3977315915242734,0.5,-4.344323227340241,-0.5579566840763698,-4.344323227340241,-4.918220509141917,-4.119605043480245,7.943047885254151,12.146670684648752,0.7008217371748807,319,88,0.43183333333333335,0.2141666666666667,0.1975,0.8025,0.8025,0.7975,4.0,8.034090909090908,4.0,8.75,0.7857142857142857,0.21428571428571427,10.5,4,sw_lints,hybrid,z72_a0p5_hybrid_corr5_bsstablehie5_top10,72
3142,3,-4.951069488702046,0.5,-6.144274110289108,-1.371455623940861,-6.144274110289108,-7.47282848562125,-7.839179942784369,8.880371647284402,13.242815874373326,0.6321924743592013,404,87,0.4286666666666667,0.2708333333333333,0.2995,0.7005,0.7005,0.6955,4.0,5.928571428571429,4.0,4.0,0.9261744966442953,0.0738255033557047,7.0,5,sw_lints,hybrid,z72_a0p5_hybrid_corr5_bsstablehie5_top10,72
3143,3,-5.077436024584948,0.5,-5.972439380324357,-2.3924259573667173,-5.972439380324357,-8.19497709300648,-9.834240919937898,10.525752485441252,14.06122652506313,0.5721695780042029,390,108,0.4586666666666666,0.2608333333333333,0.23950000000000005,0.7605,0.7605,0.7555,4.0,7.453703703703703,4.0,6.0,0.8235294117647058,0.17647058823529413,9.0,5,sw_lints,hybrid,z72_a0p5_hybrid_corr5_bsstablehie5_top10,72
3144,3,-3.2896489047472337,0.5,-4.135526200638007,-0.752017017074913,-4.135526200638007,-4.8704391468383275,-4.128897200407566,8.090755091991387,10.38908453948595,0.7551084701101294,424,117,0.45249999999999996,0.2823333333333333,0.2835,0.7165,0.7165,0.715,4.0,6.3931623931623935,4.0,5.0,0.8787878787878788,0.12121212121212122,8.0,5,sw_lints,hybrid,z72_a0p5_hybrid_corr5_bsstablehie5_top10,72
3145,3,-5.4578529878630055,0.5,-7.324587891433699,0.14235172284907302,-7.324587891433699,-7.225969582809351,-6.986066074220387,10.594930135819414,11.215536460430119,0.5364605377926218,364,77,0.445,0.24283333333333335,0.26549999999999996,0.7345,0.7345,0.7295,4.0,7.165413533834586,4.0,5.0,0.849624060150376,0.15037593984962405,9.0,5,sw_lints,hybrid,z72_a0p5_hybrid_corr5_bsstablehie5_top10,72
3146,3,-2.9511000720892966,0.5,-3.446449630424638,-1.4650513970832726,-3.446449630424638,-4.85388371083929,-3.5424048174060974,6.34970251853002,11.088267812541853,0.7110782407791627,344,101,0.43566666666666665,0.22966666666666669,0.21350000000000002,0.7865,0.7865,0.7815,4.0,7.367924528301887,4.0,5.75,0.8467153284671532,0.15328467153284672,8.0,5,sw_lints,hybrid,z72_a0p5_hybrid_corr5_bsstablehie5_top10,72
3142,3,-4.42662139806012,0.5,-5.6405339700827914,-0.7848836819921065,-5.6405339700827914,-6.401016358277718,-6.140729320338689,7.370022537781507,11.068615009163596,0.6043932174609027,325,64,0.35333333333333333,0.21683333333333332,0.22150000000000003,0.7785,0.7785,0.7755,4.0,5.963963963963964,4.0,4.0,0.8828828828828829,0.11711711711711711,8.0,6,sw_lints,hybrid,z72_a0p5_hybrid_corr5_bsstablehie5_top10,72
3143,3,-2.9243440455603116,0.5,-2.954522223531194,-2.8338095116476634,-2.954522223531194,-5.722793107756736,-5.150154576726795,7.859126437750142,10.545366112153909,0.6507047342892425,274,79,0.3268333333333333,0.1835,0.1935,0.8065,0.8065,0.805,4.0,6.489795918367347,4.0,4.0,0.8877551020408163,0.11224489795918367,10.0,6,sw_lints,hybrid,z72_a0p5_hybrid_corr5_bsstablehie5_top10,72
3144,3,-1.6432553406507862,0.5,-2.0139810221693755,-0.5310782960950186,-2.0139810221693755,-2.549407385756249,-2.674967806744666,4.1520890054665305,4.653837900039703,0.7538796960753876,286,82,0.32766666666666666,0.19216666666666668,0.1795,0.8205,0.8205,0.8165,4.0,6.097560975609756,4.0,4.0,0.8902439024390244,0.10975609756097561,8.0,6,sw_lints,hybrid,z72_a0p5_hybrid_corr5_bsstablehie5_top10,72
3145,3,-3.077991761239257,0.5,-3.8539700570595006,-0.7500568737785263,-3.8539700570595006,-4.581900477062354,-5.14951686313454,7.113792956649245,8.451401106165445,0.6865958747364411,231,60,0.3755,0.155,0.128,0.872,0.872,0.8695,4.0,9.533333333333333,4.0,10.25,0.703125,0.296875,12.0,6,sw_lints,hybrid,z72_a0p5_hybrid_corr5_bsstablehie5_top10,72
3146,3,-1.4044933505535224,0.5,-1.5452045254307285,-0.9823598259219043,-1.5452045254307285,-2.5145203984258533,-2.391389398686161,5.3120954131927745,5.71199904448031,0.7332238431099016,294,90,0.3378333333333334,0.19616666666666668,0.1895,0.8105,0.8105,0.809,4.0,6.5473684210526315,4.0,4.0,0.8222222222222222,0.17777777777777778,8.0,6,sw_lints,hybrid,z72_a0p5_hybrid_corr5_bsstablehie5_top10,72
3142,3,-3.465312390448751,0.5,-4.04034477123563,-1.7402152480881135,-4.04034477123563,-5.74396366104681,-5.735583130892142,9.737960199777007,12.208290477554208,0.6648800392825897,308,97,0.46449999999999997,0.2061666666666667,0.2015,0.7985,0.7985,0.797,4.0,9.247524752475247,4.0,5.0,0.8217821782178217,0.1782178217821782,9.0,7,sw_lints,hybrid,z72_a0p5_hybrid_corr5_bsstablehie5_top10,72
3143,3,-3.826026684081689,0.5,-4.703405259226752,-1.1938909586465003,-4.703405259226752,-5.866039352443731,-6.050884062298101,9.44323180531239,10.250965868375793,0.6659664186959431,339,108,0.4495,0.22683333333333333,0.23150000000000004,0.7685,0.7685,0.765,4.0,7.478260869565218,4.0,6.0,0.8275862068965517,0.1724137931034483,8.0,7,sw_lints,hybrid,z72_a0p5_hybrid_corr5_bsstablehie5_top10,72
3144,3,-3.306454640561703,0.5,-4.300091260908989,-0.3255447795198448,-4.300091260908989,-4.645089444124869,-4.0542086237946195,8.909718510265673,9.749838236526564,0.6707852020836688,330,98,0.45549999999999996,0.22116666666666665,0.23050000000000004,0.7695,0.7695,0.767,4.0,8.040816326530612,4.0,6.0,0.8173913043478261,0.1826086956521739,9.0,7,sw_lints,hybrid,z72_a0p5_hybrid_corr5_bsstablehie5_top10,72
3145,3,-3.2201646458266024,0.5,-4.509963606141117,0.6492322351169403,-4.509963606141117,-3.8877607525532376,-3.9280578748391637,6.600620154133152,10.765409351421773,0.6807123245285422,341,108,0.45616666666666666,0.22833333333333336,0.23199999999999998,0.768,0.768,0.765,4.0,7.646551724137931,4.0,4.25,0.8448275862068966,0.15517241379310345,9.0,7,sw_lints,hybrid,z72_a0p5_hybrid_corr5_bsstablehie5_top10,72
3146,3,-3.593768908181822,0.5,-4.187360305382104,-1.8129947165809768,-4.187360305382104,-5.927006449743196,-6.433693732417178,9.571057524255744,10.27431553169249,0.6446949468043143,319,95,0.453,0.21350000000000002,0.22350000000000003,0.7765,0.7765,0.7715,4.0,8.106194690265486,4.0,6.0,0.7894736842105263,0.21052631578947367,9.0,7,sw_lints,hybrid,z72_a0p5_hybrid_corr5_bsstablehie5_top10,72
3142,3,-4.478917026871022,0.5,-5.425504707484625,-1.6391539850302135,-5.425504707484625,-6.983959483987923,-7.392900586634699,8.391339273626052,9.893925228305612,0.6255454293138345,353,98,0.359,0.23616666666666666,0.2015,0.7985,0.7985,0.797,4.0,6.285714285714286,4.0,4.0,0.9081632653061225,0.09183673469387756,7.0,8,sw_lints,hybrid,z72_a0p5_hybrid_corr5_bsstablehie5_top10,72
3143,3,-3.2122593928464385,0.5,-3.7122391405370583,-1.7123201497745784,-3.7122391405370583,-5.375031549026887,-4.7315814676313845,7.4357231508589745,8.078637969414581,0.650508940581546,307,80,0.418,0.20550000000000002,0.1975,0.8025,0.8025,0.801,4.0,6.1313131313131315,4.0,5.0,0.8888888888888888,0.1111111111111111,8.0,8,sw_lints,hybrid,z72_a0p5_hybrid_corr5_bsstablehie5_top10,72
3144,3,-3.025879757311782,0.5,-3.6084725657963133,-1.2781013318581873,-3.6084725657963133,-4.842432504704164,-5.223519969518319,6.896769405149639,7.736784945735198,0.7046400364684129,325,99,0.3631666666666667,0.21766666666666667,0.21599999999999997,0.784,0.784,0.7815,4.0,6.398305084745763,4.0,5.0,0.8686868686868687,0.13131313131313133,8.0,8,sw_lints,hybrid,z72_a0p5_hybrid_corr5_bsstablehie5_top10,72
3145,3,-3.9955011450272,0.5,-4.890656591661528,-1.310034805124216,-4.890656591661528,-6.1333992096253525,-7.722855216626401,8.245529296653874,9.990894162533948,0.6623489267873269,360,96,0.38100000000000006,0.24016666666666664,0.24550000000000005,0.7545,0.7545,0.753,4.0,5.652482269503546,4.0,4.0,0.8936170212765957,0.10638297872340426,8.0,8,sw_lints,hybrid,z72_a0p5_hybrid_corr5_bsstablehie5_top10,72
3146,3,-3.2808788821421064,0.5,-4.193102785318155,-0.5442071726139605,-4.193102785318155,-4.724940009311451,-6.008729040064242,6.610547460193006,9.223794912016414,0.6928493207726982,346,99,0.39266666666666666,0.2316666666666667,0.236,0.764,0.764,0.7615,4.0,6.728682170542636,4.0,5.0,0.8604651162790697,0.13953488372093023,9.0,8,sw_lints,hybrid,z72_a0p5_hybrid_corr5_bsstablehie5_top10,72
3142,3,-3.1138123706013903,0.5,-3.458067880759456,-2.0810458401271936,-3.458067880759456,-5.525107591092682,-5.305993604106229,9.425191504764808,9.580724559165766,0.644939541438996,320,101,0.42183333333333334,0.21483333333333332,0.21350000000000002,0.7865,0.7865,0.7815,4.0,7.633663366336633,4.0,6.0,0.8316831683168316,0.16831683168316833,8.0,9,sw_lints,hybrid,z72_a0p5_hybrid_corr5_bsstablehie5_top10,72
3143,3,-2.710184170194126,0.5,-2.775415727191403,-2.5144894992022953,-2.775415727191403,-5.2482587866925465,-4.7648132524217734,7.8544176616818895,10.520987265849758,0.6266654959228087,343,104,0.42449999999999993,0.23016666666666666,0.21350000000000002,0.7865,0.7865,0.7815,4.0,6.7518796992481205,4.0,4.0,0.8646616541353384,0.13533834586466165,8.0,9,sw_lints,hybrid,z72_a0p5_hybrid_corr5_bsstablehie5_top10,72
3144,3,-2.917876839864914,0.5,-3.465187578237483,-1.2759446247472088,-3.465187578237483,-4.690310787192124,-6.835852342604154,8.541968932096623,9.776956428260597,0.6484033212082341,361,105,0.42383333333333334,0.24216666666666664,0.23350000000000004,0.7665,0.7665,0.763,4.0,7.267241379310345,4.0,5.0,0.8275862068965517,0.1724137931034483,8.5,9,sw_lints,hybrid,z72_a0p5_hybrid_corr5_bsstablehie5_top10,72
3145,3,-3.3250466710366493,0.5,-3.8791314257963596,-1.6627924067575186,-3.8791314257963596,-5.49965772978576,-4.287122984543457,9.289852876401472,9.574368006875156,0.6773248689715522,312,96,0.3995,0.20950000000000002,0.21350000000000002,0.7865,0.7865,0.7815,4.0,7.518867924528302,4.0,5.0,0.8454545454545455,0.15454545454545454,8.0,9,sw_lints,hybrid,z72_a0p5_hybrid_corr5_bsstablehie5_top10,72
3146,3,-4.045795868240875,0.5,-4.484340964028,-2.7301605808795,-4.484340964028,-7.104495285094285,-7.040194309170089,8.688967562424388,11.63713339138469,0.6403196540544116,405,129,0.42983333333333335,0.2708333333333333,0.27349999999999997,0.7265,0.7265,0.725,4.0,6.170542635658915,4.0,5.0,0.8978102189781022,0.10218978102189781,8.0,9,sw_lints,hybrid,z72_a0p5_hybrid_corr5_bsstablehie5_top10,72
3142,3,-2.783995662173181,0.5,-3.2306950373007717,-1.4438975367904099,-3.2306950373007717,-4.641615313142403,-4.641772664721511,6.525114103024842,6.971730346238514,0.6561115033147277,241,70,0.3285,0.1615,0.14749999999999996,0.8525,0.8525,0.8475,4.0,7.328767123287672,4.0,7.0,0.8356164383561644,0.1643835616438356,10.0,10,sw_lints,hybrid,z72_a0p5_hybrid_corr5_bsstablehie5_top10,72
3143,3,-2.9566677389055624,0.5,-3.418840507236757,-1.570149433911979,-3.418840507236757,-4.898675630114135,-2.8307920018413313,4.938708470376962,11.494384684388603,0.691612662589201,325,107,0.3765,0.21816666666666665,0.21750000000000003,0.7825,0.7825,0.7795,4.0,6.296296296296297,4.0,5.0,0.8611111111111112,0.1388888888888889,9.0,10,sw_lints,hybrid,z72_a0p5_hybrid_corr5_bsstablehie5_top10,72
3144,3,-3.1183897412505788,0.5,-3.709792406187388,-1.3441817464401504,-3.709792406187388,-5.011291198146976,-3.560312100069618,6.224285781643879,9.66609327802428,0.7616757515624123,330,99,0.3925,0.2215,0.21350000000000002,0.7865,0.7865,0.7815,4.0,6.505050505050505,4.0,6.0,0.8484848484848485,0.15151515151515152,10.0,10,sw_lints,hybrid,z72_a0p5_hybrid_corr5_bsstablehie5_top10,72
3145,3,-3.752636652180138,0.5,-4.490986128523922,-1.537588223148789,-4.490986128523922,-5.972093422038434,-5.414689545551454,9.801035154651272,10.293073115369378,0.6361031147109532,281,61,0.3701666666666667,0.18816666666666668,0.20550000000000002,0.7945,0.7945,0.7915,4.0,7.718446601941747,4.0,7.0,0.8349514563106796,0.1650485436893204,9.0,10,sw_lints,hybrid,z72_a0p5_hybrid_corr5_bsstablehie5_top10,72
3146,3,-1.904843530765114,0.5,-2.6467276790235714,0.3208089140102584,-2.6467276790235714,-2.351425542047625,-2.5522841584142197,5.680555316008462,7.790787495210516,0.8076664182985034,290,82,0.37566666666666665,0.19416666666666668,0.20350000000000001,0.7965,0.7965,0.7915,4.0,7.2073170731707314,4.0,7.75,0.8048780487804879,0.1951219512195122,9.0,10,sw_lints,hybrid,z72_a0p5_hybrid_corr5_bsstablehie5_top10,72
3142,3,-1.8605222565026698,0.5,-2.9480840872638177,1.4021632357807734,-2.9480840872638177,-1.5841391060279744,-2.366728583190336,4.7600223101326495,5.923342341338566,0.8439847532748479,279,87,0.41383333333333333,0.18683333333333332,0.1775,0.8225,0.8225,0.8195,4.0,8.12621359223301,4.0,6.0,0.8349514563106796,0.1650485436893204,8.5,11,sw_lints,hybrid,z72_a0p5_hybrid_corr5_bsstablehie5_top10,72
3143,3,-3.606389469394719,0.5,-4.650822337633986,-0.4730908646769172,-4.650822337633986,-5.109008443554134,-6.756929657663369,8.942034809445143,9.435557652020488,0.5352781509025356,298,81,0.36250000000000004,0.2001666666666667,0.1975,0.8025,0.8025,0.7975,4.0,6.126050420168068,4.0,5.0,0.9081632653061225,0.09183673469387756,9.0,11,sw_lints,hybrid,z72_a0p5_hybrid_corr5_bsstablehie5_top10,72
3144,3,-2.815502336260561,0.5,-3.9245418399708556,0.5116161748703218,-3.9245418399708556,-3.4399628583227724,-4.289746330343225,6.389715186870648,7.911997067773068,0.7552082507162377,302,86,0.38116666666666665,0.2015,0.2015,0.7985,0.7985,0.7935,4.0,7.383720930232558,4.0,5.25,0.853448275862069,0.14655172413793102,7.5,11,sw_lints,hybrid,z72_a0p5_hybrid_corr5_bsstablehie5_top10,72
3145,3,-3.1559312414253324,0.5,-4.026857646796215,-0.5431520253126839,-4.026857646796215,-4.539795683105356,-3.118033836751166,8.477500295058194,9.094999619482591,0.7248718542583165,305,71,0.4116666666666666,0.2041666666666667,0.22150000000000003,0.7785,0.7785,0.7735,4.0,7.63063063063063,4.0,5.0,0.8288288288288288,0.17117117117117117,8.0,11,sw_lints,hybrid,z72_a0p5_hybrid_corr5_bsstablehie5_top10,72
3146,3,-1.6805916744255964,0.5,-2.329834255117317,0.2671360676495649,-2.329834255117317,-2.0744806822079798,-2.665589435114313,5.955178264967042,6.113098592301691,0.8527789049871937,292,58,0.4116666666666666,0.19616666666666668,0.21150000000000002,0.7885,0.7885,0.7835,4.0,8.942857142857143,4.0,7.0,0.8380952380952381,0.1619047619047619,8.0,11,sw_lints,hybrid,z72_a0p5_hybrid_corr5_bsstablehie5_top10,72
3142,3,-3.231236691144788,0.5,-4.042274688550137,-0.7981226989287419,-4.042274688550137,-4.809201337503606,-4.82586891115091,7.279640111141639,7.4834337636868975,0.7017916066942137,283,77,0.35316666666666663,0.18900000000000003,0.19999999999999996,0.8,0.8,0.7975,4.0,7.58,4.0,7.0,0.82,0.18,9.0,12,sw_lints,hybrid,z72_a0p5_hybrid_corr5_bsstablehie5_top10,72
3143,3,-2.033729792792849,0.5,-2.5638667352834266,-0.4433189653211156,-2.5638667352834266,-2.9944366250481207,-2.9957017490696902,5.578392990336567,5.7307175764188205,0.7790335481685697,285,69,0.342,0.19033333333333333,0.15800000000000003,0.842,0.842,0.8375,4.0,8.974683544303797,4.0,9.0,0.7536231884057971,0.2463768115942029,14.5,12,sw_lints,hybrid,z72_a0p5_hybrid_corr5_bsstablehie5_top10,72
3144,3,-0.9673298814644875,0.5,-1.1353304732102794,-0.4633281062271122,-1.1353304732102794,-1.583703445117605,-0.9983800128558151,3.5503897903413684,6.432865863293047,0.8397072540954967,281,62,0.3453333333333333,0.18816666666666668,0.2015,0.7985,0.7985,0.797,4.0,6.4950495049504955,4.0,5.0,0.8316831683168316,0.16831683168316833,10.0,12,sw_lints,hybrid,z72_a0p5_hybrid_corr5_bsstablehie5_top10,72
3145,3,-3.2460877817580394,0.5,-3.2851509336239815,-3.1288983261602126,-3.2851509336239815,-6.30823034194411,-5.992074936592351,7.923971958364451,9.324979253691556,0.6379941959244915,301,84,0.3285,0.2015,0.2015,0.7985,0.7985,0.7935,4.0,6.55,4.0,5.0,0.9,0.1,8.0,12,sw_lints,hybrid,z72_a0p5_hybrid_corr5_bsstablehie5_top10,72
3146,3,-4.182826111298953,0.5,-5.439043060567447,-0.4141752634934696,-5.439043060567447,-5.83602397627259,-5.656718302768193,7.035440564035489,7.382517236213227,0.5975425055965906,320,87,0.42133333333333334,0.21366666666666667,0.20750000000000002,0.7925,0.7925,0.788,4.0,8.03448275862069,4.0,6.5,0.8252427184466019,0.17475728155339806,9.0,12,sw_lints,hybrid,z72_a0p5_hybrid_corr5_bsstablehie5_top10,72
3142,3,-3.4553450365256633,0.5,-4.006554386163937,-1.8017169876108428,-4.006554386163937,-5.74032530822799,-5.998691384845589,7.398734494595171,11.526119817425728,0.6216097498291446,342,74,0.42283333333333334,0.22950000000000004,0.26349999999999996,0.7365,0.7365,0.7315,4.0,7.1603053435114505,4.0,5.0,0.8778625954198473,0.12213740458015267,8.0,13,sw_lints,hybrid,z72_a0p5_hybrid_corr5_bsstablehie5_top10,72
3143,3,-3.883850356904382,0.5,-4.498148111614838,-2.0409570927730143,-4.498148111614838,-6.450531195406562,-6.239129055569959,10.557280677472535,11.249234686914233,0.6157966295892122,363,106,0.431,0.24349999999999997,0.24150000000000005,0.7585,0.7585,0.7535,4.0,7.60377358490566,4.0,5.0,0.8301886792452831,0.16981132075471697,7.0,13,sw_lints,hybrid,z72_a0p5_hybrid_corr5_bsstablehie5_top10,72
3144,3,-1.94463593502912,0.5,-2.1170784220395866,-1.4273084739977202,-2.1170784220395866,-3.5422179741529063,-3.3586837134368497,8.715557983900013,9.125677262134047,0.7675252905382345,274,61,0.41500000000000004,0.18416666666666667,0.20550000000000002,0.7945,0.7945,0.7895,4.0,9.392156862745098,4.0,7.0,0.7843137254901961,0.21568627450980393,7.0,13,sw_lints,hybrid,z72_a0p5_hybrid_corr5_bsstablehie5_top10,72
3145,3,-2.229609181503747,0.5,-2.4038386581064017,-1.706920751695784,-2.4038386581064017,-4.070867037731344,-4.825239421234439,7.709369292914481,8.193802926499904,0.7535022467150484,371,92,0.4266666666666667,0.24883333333333332,0.25749999999999995,0.7425,0.7425,0.7375,4.0,5.7734375,4.0,4.0,0.90625,0.09375,6.5,13,sw_lints,hybrid,z72_a0p5_hybrid_corr5_bsstablehie5_top10,72
3146,3,-2.3587621349205565,0.5,-2.3636632928931145,-2.3440586610028826,-2.3636632928931145,-4.6496682832088485,-6.5076003108292095,7.627712855255475,10.325005588153546,0.6586445690102994,334,74,0.3661666666666667,0.2241666666666667,0.25349999999999995,0.7465,0.7465,0.7415,4.0,6.567164179104478,4.0,4.0,0.8955223880597015,0.1044776119402985,7.0,13,sw_lints,hybrid,z72_a0p5_hybrid_corr5_bsstablehie5_top10,72
3142,3,-2.0810140369836745,0.5,-2.13055927782572,-1.932378314457539,-2.13055927782572,-4.02013813145052,-4.711710811767356,8.961451575493873,10.268068078307302,0.7112912914278027,316,97,0.39683333333333337,0.2121666666666667,0.2015,0.7985,0.7985,0.7935,4.0,6.966386554621849,4.0,6.0,0.83,0.17,10.0,14,sw_lints,hybrid,z72_a0p5_hybrid_corr5_bsstablehie5_top10,72
3143,3,-1.7645547271776114,0.5,-2.0434066425952135,-0.9279989809248045,-2.0434066425952135,-3.0333448697855925,-1.352223216678372,7.619271053369059,10.04893944929347,0.8617294341562644,285,77,0.38999999999999996,0.1915,0.1815,0.8185,0.8185,0.8135,4.0,8.366666666666667,4.0,5.75,0.8222222222222222,0.17777777777777778,8.0,14,sw_lints,hybrid,z72_a0p5_hybrid_corr5_bsstablehie5_top10,72
3144,3,-3.629640334826311,0.5,-4.939837864122846,0.30095225306329504,-4.939837864122846,-4.6713601606698205,-5.333967711605469,8.481827284076592,10.046854237382819,0.6790964111728484,295,76,0.4333333333333333,0.19816666666666669,0.21150000000000002,0.7885,0.7885,0.7845,4.0,8.149122807017545,4.0,6.0,0.7904761904761904,0.20952380952380953,9.0,14,sw_lints,hybrid,z72_a0p5_hybrid_corr5_bsstablehie5_top10,72
3145,3,-2.4298530475086726,0.5,-2.4381811409845007,-2.4381811409845007,-2.4048687670811884,-4.782079004102184,-4.942905565012456,7.537386391426959,9.17375563270506,0.7538038884100791,302,83,0.3838333333333333,0.20283333333333334,0.20550000000000002,0.7945,0.7945,0.7915,4.0,8.27450980392157,4.0,6.0,0.803921568627451,0.19607843137254902,8.0,14,sw_lints,hybrid,z72_a0p5_hybrid_corr5_bsstablehie5_top10,72
3146,3,-2.493088437664186,0.5,-3.306772827132054,-0.05203526926058263,-3.306772827132054,-3.3717381534595057,-3.5480556273316255,7.694654946406554,8.007701050762483,0.730651457372635,261,76,0.4028333333333333,0.1755,0.1735,0.8265,0.8265,0.8215,4.0,9.209302325581396,4.0,7.0,0.8372093023255814,0.16279069767441862,10.0,14,sw_lints,hybrid,z72_a0p5_hybrid_corr5_bsstablehie5_top10,72
3142,3,-3.7633056089725168,0.5,-4.6530711889491165,-1.0940088690427174,-4.6530711889491165,-5.725944381434452,-4.135055240772278,8.968088215272607,12.659484991327197,0.6646998460800465,286,88,0.42333333333333334,0.19216666666666668,0.1935,0.8065,0.8065,0.8025,4.0,8.420454545454545,4.0,6.0,0.8068181818181818,0.19318181818181818,8.0,15,sw_lints,hybrid,z72_a0p5_hybrid_corr5_bsstablehie5_top10,72
3143,3,-2.6422535746842355,0.5,-4.078840236996517,1.66750641225261,-4.078840236996517,-2.526181887772927,-1.8867546479497732,8.339126108566985,10.682768330335868,0.7868165233774396,267,72,0.453,0.1795,0.1795,0.8205,0.8205,0.8155,4.0,8.88679245283019,4.0,8.0,0.7865168539325843,0.21348314606741572,11.0,15,sw_lints,hybrid,z72_a0p5_hybrid_corr5_bsstablehie5_top10,72
3144,3,-3.251892531796046,0.5,-3.7280514555638784,-1.823415760492549,-3.7280514555638784,-5.461796133390329,-3.7891374282111534,10.18039943138458,12.24214395571892,0.7213086273496756,269,89,0.4048333333333333,0.18083333333333332,0.1815,0.8185,0.8185,0.8135,4.0,8.71111111111111,4.0,6.0,0.7888888888888889,0.2111111111111111,11.0,15,sw_lints,hybrid,z72_a0p5_hybrid_corr5_bsstablehie5_top10,72
3145,3,-2.490491196782981,0.5,-2.91172971265035,-1.2267756491808741,-2.91172971265035,-4.09886229374468,-3.825089279110616,8.205411517568638,10.105501360523617,0.6994331074393955,294,84,0.4383333333333333,0.1975,0.1855,0.8145,0.8145,0.8095,4.0,7.940677966101695,4.0,6.0,0.8152173913043478,0.18478260869565216,9.5,15,sw_lints,hybrid,z72_a0p5_hybrid_corr5_bsstablehie5_top10,72
3146,3,-3.509731654681673,0.5,-4.67673604822888,-0.008718474040051808,-4.67673604822888,-4.660818298834257,-2.76017031032465,7.720332261960838,12.081152005353768,0.7525551820077903,286,80,0.42016666666666663,0.19216666666666668,0.20350000000000001,0.7965,0.7965,0.7915,4.0,7.712871287128713,4.0,6.0,0.8217821782178217,0.1782178217821782,11.0,15,sw_lints,hybrid,z72_a0p5_hybrid_corr5_bsstablehie5_top10,72
3142,3,-3.3507415139813665,0.5,-3.763878051957311,-3.763878051957311,-2.1113319000535333,-5.783830328716729,-4.095447490498838,9.328848628532594,10.383514230019719,0.6934606304977448,376,101,0.3853333333333333,0.25216666666666665,0.24150000000000005,0.7585,0.7585,0.7535,4.0,6.125,4.0,4.0,0.8613861386138614,0.13861386138613863,7.0,16,sw_lints,hybrid,z72_a0p5_hybrid_corr5_bsstablehie5_top10,72
3143,3,-3.4447366446662513,0.5,-4.5048300908420975,-0.26445630613871246,-4.5048300908420975,-4.822308754779562,-4.48104702545672,7.0856003930855005,11.793103280966067,0.7028419856315598,340,83,0.44049999999999995,0.22816666666666666,0.21550000000000002,0.7845,0.7845,0.7795,4.0,7.336448598130841,4.0,5.5,0.8317757009345794,0.16822429906542055,10.0,16,sw_lints,hybrid,z72_a0p5_hybrid_corr5_bsstablehie5_top10,72
3144,3,-4.481453517962086,0.5,-5.4736244140358155,-1.504940829740897,-5.4736244140358155,-6.950974862358905,-6.255848324234781,8.50851681382957,14.43567641970268,0.5907561770671363,296,74,0.42300000000000004,0.19883333333333333,0.1815,0.8185,0.8185,0.8135,4.0,9.488888888888889,4.0,5.0,0.8636363636363636,0.13636363636363635,7.0,16,sw_lints,hybrid,z72_a0p5_hybrid_corr5_bsstablehie5_top10,72
3145,3,-4.361581695620545,0.5,-4.997503913428873,-2.453815042195562,-4.997503913428873,-7.332870963458767,-6.504462310392967,8.580081709097055,11.719564066330134,0.6236455843319404,406,95,0.3933333333333333,0.27216666666666667,0.25349999999999995,0.7465,0.7465,0.7415,4.0,5.380952380952381,4.0,4.0,0.9126984126984127,0.0873015873015873,7.0,16,sw_lints,hybrid,z72_a0p5_hybrid_corr5_bsstablehie5_top10,72
3146,3,-3.629226341785898,0.5,-4.2884565247464534,-1.6515357929042314,-4.2884565247464534,-5.888885286488514,-5.277437285021236,8.573804836535881,9.264589020603964,0.5730916994009877,279,74,0.397,0.1875,0.1895,0.8105,0.8105,0.8055,4.0,7.90990990990991,4.0,6.5,0.8108108108108109,0.1891891891891892,10.0,16,sw_lints,hybrid,z72_a0p5_hybrid_corr5_bsstablehie5_top10,72
3142,3,-3.1494339091295513,0.5,-3.6647852478458915,-1.6033798929805314,-3.6647852478458915,-5.257369743303549,-4.418511646136524,9.055302719780311,9.231246922540127,0.686812711134685,362,110,0.4116666666666667,0.24283333333333332,0.22550000000000003,0.7745,0.7745,0.7695,4.0,7.009090909090909,4.0,5.0,0.8545454545454545,0.14545454545454545,8.0,17,sw_lints,hybrid,z72_a0p5_hybrid_corr5_bsstablehie5_top10,72
3143,3,-2.6804023847629077,0.5,-2.822451713424338,-2.254254398778617,-2.822451713424338,-5.010422172985392,-4.886396546877936,8.502234283147924,12.267633882995643,0.7261917128406965,343,74,0.408,0.2301666666666667,0.26149999999999995,0.7385,0.7385,0.7335,4.0,6.6923076923076925,4.0,4.0,0.8615384615384616,0.13846153846153847,7.0,17,sw_lints,hybrid,z72_a0p5_hybrid_corr5_bsstablehie5_top10,72
3144,3,-2.4142067338393947,0.5,-3.023483216191865,-0.5863772867819842,-3.023483216191865,-3.6006181810896023,-2.1257651927802823,7.868415489431668,12.303552265415307,0.791796510561016,290,83,0.39349999999999996,0.19483333333333333,0.1875,0.8125,0.8125,0.8075,4.0,8.108433734939759,4.0,7.0,0.8064516129032258,0.1935483870967742,10.0,17,sw_lints,hybrid,z72_a0p5_hybrid_corr5_bsstablehie5_top10,72
3145,3,-2.476919143694453,0.5,-3.172105558743939,-0.3913598985459954,-3.172105558743939,-3.571834851729039,-3.3783462151617982,6.569733752627238,12.124065216305112,0.7069520688217069,295,83,0.411,0.19816666666666669,0.1835,0.8165,0.8165,0.8115,4.0,8.265060240963855,4.0,6.0,0.8433734939759037,0.1566265060240964,9.0,17,sw_lints,hybrid,z72_a0p5_hybrid_corr5_bsstablehie5_top10,72
3146,3,-2.077382960743237,0.5,-2.2351853480637804,-1.6039757987816057,-2.2351853480637804,-3.8426094170282306,-3.2429318061358736,7.892344958867737,11.16423103163351,0.6979499919125214,350,83,0.4053333333333333,0.23483333333333334,0.25149999999999995,0.7485,0.7485,0.746,4.0,6.488,4.0,5.0,0.8732394366197183,0.1267605633802817,7.0,17,sw_lints,hybrid,z72_a0p5_hybrid_corr5_bsstablehie5_top10,72
3142,3,-4.048791427966916,0.5,-4.966033873751704,-1.2970640906125503,-4.966033873751704,-6.19638539011806,-6.112179313695732,9.338958961723476,12.887607905130128,0.5627796783879079,317,87,0.431,0.21233333333333335,0.22750000000000004,0.7725,0.7725,0.7675,4.0,7.247863247863248,4.0,6.0,0.8632478632478633,0.13675213675213677,9.0,18,sw_lints,hybrid,z72_a0p5_hybrid_corr5_bsstablehie5_top10,72
3143,3,-3.921088372952844,0.5,-4.938327751416349,-0.869370237562328,-4.938327751416349,-5.774610950577664,-5.433865471721234,10.690237147332681,12.989634254043548,0.6053920509134914,340,99,0.4083333333333334,0.2281666666666667,0.23350000000000004,0.7665,0.7665,0.7615,4.0,6.96,4.0,5.0,0.8879310344827587,0.11206896551724138,9.5,18,sw_lints,hybrid,z72_a0p5_hybrid_corr5_bsstablehie5_top10,72
3144,3,-4.48908863019293,0.5,-5.329575527335769,-1.9676279387644122,-5.329575527335769,-7.173870849306574,-4.925671642241625,8.672178974416934,13.674228300603897,0.6795799785034845,346,101,0.4298333333333333,0.23216666666666666,0.23150000000000004,0.7685,0.7685,0.7635,4.0,7.178217821782178,4.0,5.0,0.8415841584158416,0.15841584158415842,9.0,18,sw_lints,hybrid,z72_a0p5_hybrid_corr5_bsstablehie5_top10,72
3145,3,-2.3955772525777683,0.5,-3.118140879799606,-0.22788637091225583,-3.118140879799606,-3.3441724887178377,-2.748701019405897,9.146898461830965,10.136489915490454,0.7420684680079773,318,83,0.43183333333333335,0.21350000000000002,0.21350000000000002,0.7865,0.7865,0.7815,4.0,7.915094339622642,4.0,8.0,0.7830188679245284,0.2169811320754717,11.0,18,sw_lints,hybrid,z72_a0p5_hybrid_corr5_bsstablehie5_top10,72
3146,3,-3.605720975763168,0.5,-4.524919044428078,-0.8481267697684388,-4.524919044428078,-5.355524968537928,-5.839207716606698,10.139602224639098,10.991660521983615,0.7120266920703305,369,110,0.4443333333333333,0.24749999999999997,0.22550000000000003,0.7745,0.7745,0.771,4.0,7.508928571428571,4.0,6.25,0.8035714285714286,0.19642857142857142,8.0,18,sw_lints,hybrid,z72_a0p5_hybrid_corr5_bsstablehie5_top10,72
3142,3,-4.853831148955358,0.5,-5.818838782913034,-1.9588082470823294,-5.818838782913034,-7.678847982372045,-8.632054185726812,9.751310641709033,11.601754435687518,0.6401767863885689,466,137,0.46900000000000003,0.31183333333333335,0.3255,0.6745,0.6745,0.671,4.0,5.795620437956204,4.0,5.0,0.9074074074074074,0.09259259259259259,8.0,19,sw_lints,hybrid,z72_a0p5_hybrid_corr5_bsstablehie5_top10,72
3143,3,-5.069060900143109,0.5,-6.0390689163981195,-2.1590368513780747,-6.0390689163981195,-8.10690189146323,-7.293346277530011,11.90377383467861,13.77331877263801,0.6639016154128533,482,157,0.46866666666666673,0.32283333333333336,0.3155,0.6845,0.6845,0.681,4.0,5.828025477707007,4.0,5.0,0.9044585987261147,0.09554140127388536,8.0,19,sw_lints,hybrid,z72_a0p5_hybrid_corr5_bsstablehie5_top10,72
3144,3,-4.779387377342638,0.5,-5.465569540243095,-2.7208408886412663,-5.465569540243095,-8.023872376139785,-7.834675894601862,11.011871874626223,15.313912168281618,0.6826263467072146,504,151,0.47933333333333333,0.3373333333333333,0.35150000000000003,0.6485,0.6485,0.6455,4.0,5.52,4.0,5.0,0.9257142857142857,0.07428571428571429,7.0,19,sw_lints,hybrid,z72_a0p5_hybrid_corr5_bsstablehie5_top10,72
3145,3,-3.4173999845361624,0.5,-3.996799092131886,-1.6792026617489908,-3.996799092131886,-5.72140659821535,-6.048619330973526,10.04558202901389,11.846395090388162,0.7048607081338891,467,146,0.4715,0.31283333333333335,0.3035,0.6965,0.6965,0.6935,4.0,6.239726027397261,4.0,5.0,0.8835616438356164,0.11643835616438356,8.0,19,sw_lints,hybrid,z72_a0p5_hybrid_corr5_bsstablehie5_top10,72
3146,3,-5.209406381010535,0.5,-5.5186553945469115,-4.281659340401403,-5.5186553945469115,-9.56891874252344,-10.022702356419122,10.773222386213954,14.578942674818485,0.5692125954636056,515,160,0.4811666666666667,0.3443333333333333,0.33399999999999996,0.666,0.666,0.661,4.0,5.532934131736527,4.0,5.0,0.9281437125748503,0.0718562874251497,8.0,19,sw_lints,hybrid,z72_a0p5_hybrid_corr5_bsstablehie5_top10,72
3142,3,-2.1178161609787147,0.5,-2.3180432116381433,-2.3180432116381433,-1.5171350090004292,-3.784753958729418,-4.917246819511556,8.297532088150206,8.892552226936578,0.711868939210128,322,82,0.4051666666666667,0.21616666666666665,0.1875,0.8125,0.8125,0.8075,4.0,7.591397849462366,4.0,7.0,0.8064516129032258,0.1935483870967742,10.0,20,sw_lints,hybrid,z72_a0p5_hybrid_corr5_bsstablehie5_top10,72
3143,3,-4.630026667555001,0.5,-5.794118029323795,-1.1377525822486152,-5.794118029323795,-6.884370032271477,-6.4574111065504365,10.053267322833415,12.01865812748274,0.6216816650682518,318,91,0.44416666666666665,0.21350000000000002,0.1935,0.8065,0.8065,0.8035,4.0,8.6875,4.0,5.0,0.8396946564885496,0.16030534351145037,8.0,20,sw_lints,hybrid,z72_a0p5_hybrid_corr5_bsstablehie5_top10,72
3144,3,-1.9289491251934041,0.5,-2.045494109727971,-2.045494109727971,-1.5793141715897037,-3.603358494799247,-3.6733934937733803,8.257198173644998,9.278167724765108,0.7478633837984562,337,85,0.39233333333333337,0.2261666666666667,0.24150000000000005,0.7585,0.7585,0.7535,4.0,6.258333333333334,4.0,4.0,0.8916666666666667,0.10833333333333334,7.0,20,sw_lints,hybrid,z72_a0p5_hybrid_corr5_bsstablehie5_top10,72
3145,3,-3.531443133623873,0.5,-4.4150269165487,-0.880691784849393,-4.4150269165487,-5.261700686126317,-6.832581001368543,8.11752994521704,8.265410671259266,0.7308299194324325,406,87,0.4455,0.27216666666666667,0.2815,0.7185,0.7185,0.7135,4.0,6.064285714285714,4.0,4.0,0.9142857142857143,0.08571428571428572,7.0,20,sw_lints,hybrid,z72_a0p5_hybrid_corr5_bsstablehie5_top10,72
3146,3,-3.069183834151238,0.5,-3.3539560089160183,-2.2148673098568974,-3.3539560089160183,-5.4727509861967105,-5.2502079083202595,7.340866197774442,10.591998327433071,0.6269538901053379,353,107,0.4223333333333333,0.23683333333333334,0.23150000000000004,0.7685,0.7685,0.7635,4.0,7.2,4.0,5.0,0.8695652173913043,0.13043478260869565,8.0,20,sw_lints,hybrid,z72_a0p5_hybrid_corr5_bsstablehie5_top10,72
3142,3,-4.637376575028803,0.5,-5.46738787296042,-2.147342681233951,-5.46738787296042,-7.536557382084034,-7.680325879977135,7.6803258799780565,13.142429672204091,0.5300037373243008,345,109,0.38716666666666666,0.2315,0.23150000000000004,0.7685,0.7685,0.7635,4.0,6.541284403669724,4.0,6.0,0.8608695652173913,0.1391304347826087,9.0,21,sw_lints,hybrid,z72_a0p5_hybrid_corr5_bsstablehie5_top10,72
3143,3,-2.970458152398321,0.5,-3.1863849247068607,-2.322677835472701,-3.1863849247068607,-5.46744383508407,-5.238318586249391,9.787981059690608,10.038724650861564,0.6720989452646163,323,90,0.4151666666666667,0.21683333333333335,0.1995,0.8005,0.8005,0.797,4.0,7.747474747474747,4.0,6.5,0.8282828282828283,0.1717171717171717,10.0,21,sw_lints,hybrid,z72_a0p5_hybrid_corr5_bsstablehie5_top10,72
3144,3,-5.1382773779793025,0.5,-6.55457687150678,-0.8893788973968716,-6.55457687150678,-7.379797785351563,-5.871441665931765,10.816483154350088,13.011701623146877,0.5660073973893512,337,96,0.44249999999999995,0.2261666666666667,0.22950000000000004,0.7705,0.7705,0.769,4.0,7.280701754385965,4.0,5.0,0.8421052631578947,0.15789473684210525,8.0,21,sw_lints,hybrid,z72_a0p5_hybrid_corr5_bsstablehie5_top10,72
3145,3,-3.966190720393196,0.5,-4.309394572225803,-2.936579164895374,-4.309394572225803,-7.146309596383482,-7.480264623763144,7.852202768661121,13.971139338253147,0.5274406550525762,337,98,0.4063333333333334,0.2261666666666667,0.23350000000000004,0.7665,0.7665,0.763,4.0,6.629310344827586,4.0,5.5,0.8448275862068966,0.15517241379310345,9.0,21,sw_lints,hybrid,z72_a0p5_hybrid_corr5_bsstablehie5_top10,72
3146,3,-2.220298098000902,0.5,-2.612670852473964,-1.0431798345817163,-2.612670852473964,-3.639274695656199,-3.756688450319101,7.53819323864734,9.471213571538717,0.7166439954050307,303,78,0.4278333333333333,0.20350000000000001,0.1735,0.8265,0.8265,0.825,4.0,9.679487179487179,4.0,10.0,0.7093023255813954,0.29069767441860467,10.0,21,sw_lints,hybrid,z72_a0p5_hybrid_corr5_bsstablehie5_top10,72
3142,3,-3.0955871163197415,0.5,-3.600055647632139,-3.600055647632139,-1.5821815223825493,-5.112023486309684,-7.165318402230659,7.688121559704975,10.834897776129615,0.6903720548289687,364,93,0.405,0.24416666666666667,0.22150000000000003,0.7785,0.7785,0.7735,4.0,6.972727272727273,4.0,6.75,0.8454545454545455,0.15454545454545454,9.5,22,sw_lints,hybrid,z72_a0p5_hybrid_corr5_bsstablehie5_top10,72
3143,3,-2.9958794432259284,0.5,-3.142918329784346,-2.5547627835506757,-3.142918329784346,-5.6081791524613225,-6.180527871178699,7.218031971315253,13.105855269527943,0.6077576707186677,356,102,0.4091666666666667,0.23883333333333331,0.20750000000000002,0.7925,0.7925,0.7875,4.0,7.427184466019417,4.0,6.0,0.8640776699029126,0.13592233009708737,9.0,22,sw_lints,hybrid,z72_a0p5_hybrid_corr5_bsstablehie5_top10,72
3144,3,-1.6755720148490008,0.5,-2.112914748411047,-0.3635438141628624,-2.112914748411047,-2.519017902267384,-1.7201932568508438,6.572646697313167,9.774668345244597,0.8256001113282553,288,69,0.39766666666666667,0.1935,0.21350000000000002,0.7865,0.7865,0.783,4.0,7.557522123893805,4.0,5.0,0.8584070796460177,0.1415929203539823,8.0,22,sw_lints,hybrid,z72_a0p5_hybrid_corr5_bsstablehie5_top10,72
3145,3,-2.6713763758781672,0.5,-3.1943592992266274,-1.102427605832786,-3.1943592992266274,-4.268387875347597,-4.428229060914335,7.589876854022759,8.950897933071133,0.7400205943586339,357,118,0.41933333333333334,0.23949999999999996,0.23750000000000004,0.7625,0.7625,0.7575,4.0,6.686440677966102,4.0,4.0,0.847457627118644,0.15254237288135594,8.0,22,sw_lints,hybrid,z72_a0p5_hybrid_corr5_bsstablehie5_top10,72
3146,3,-2.684694534131417,0.5,-3.4431886098161244,-0.4092123070772929,-3.4431886098161244,-3.8854664566749353,-4.3311954962157895,9.619945743091918,9.712366547634776,0.6914273249621128,318,94,0.41733333333333333,0.21350000000000002,0.20550000000000002,0.7945,0.7945,0.791,4.0,7.666666666666667,4.0,5.0,0.8627450980392157,0.13725490196078433,9.0,22,sw_lints,hybrid,z72_a0p5_hybrid_corr5_bsstablehie5_top10,72
3142,3,-0.14686644552349784,0.5,-0.20604340376127275,0.030664429189826887,-0.20604340376127275,-0.21532018540238637,-0.36852514890546306,5.723514415757336,6.252056396635575,0.9356077086488135,266,87,0.3621666666666667,0.17883333333333332,0.1795,0.8205,0.8205,0.8175,4.0,7.98876404494382,4.0,5.0,0.7816091954022989,0.21839080459770116,11.0,23,sw_lints,hybrid,z72_a0p5_hybrid_corr5_bsstablehie5_top10,72
3143,3,-1.9317839180106118,0.5,-2.058097931430828,-1.5528418777499624,-2.058097931430828,-3.6366098155860267,-3.0816138630760603,6.352624005188678,10.385003071628097,0.7367979551956552,291,63,0.3798333333333333,0.1955,0.21550000000000002,0.7845,0.7845,0.7795,4.0,7.420560747663552,4.0,6.0,0.7850467289719626,0.21495327102803738,8.0,23,sw_lints,hybrid,z72_a0p5_hybrid_corr5_bsstablehie5_top10,72
3144,3,-2.707009427011001,0.5,-3.686580193515917,0.23170287250374733,-3.686580193515917,-3.4736524314741906,-3.7937291699452924,5.658130529825445,10.74798386808028,0.7258657922125804,310,83,0.44316666666666665,0.2081666666666667,0.1895,0.8105,0.8105,0.8075,4.0,8.44578313253012,4.0,7.5,0.7831325301204819,0.21686746987951808,10.0,23,sw_lints,hybrid,z72_a0p5_hybrid_corr5_bsstablehie5_top10,72
3145,3,-2.1760912033120094,0.5,-2.2483447688183187,-2.2483447688183187,-1.9593305067930815,-4.154433787365978,-3.3992028762195203,7.019701621681163,8.198874945099943,0.7493607050407317,312,83,0.3835,0.2095,0.21550000000000002,0.7845,0.7845,0.7815,4.0,7.327102803738318,4.0,6.0,0.8317757009345794,0.16822429906542055,8.0,23,sw_lints,hybrid,z72_a0p5_hybrid_corr5_bsstablehie5_top10,72
3146,3,-2.359891563451561,0.5,-2.3718008008159597,-2.3718008008159597,-2.3241638513583665,-4.650497121619512,-6.529554610958311,7.464353262181833,7.706850313133595,0.723706037119722,400,97,0.4058333333333333,0.2675,0.2915,0.7085,0.7085,0.7035,4.0,5.3354430379746836,4.0,4.0,0.9240506329113924,0.0759493670886076,7.0,23,sw_lints,hybrid,z72_a0p5_hybrid_corr5_bsstablehie5_top10,72
3142,3,-2.9095627126612866,0.5,-3.316163111192523,-1.6897615170675782,-3.316163111192523,-4.941511076948897,-6.281436750515779,7.9497162472234155,8.024710402845104,0.7048887984658768,306,82,0.3908333333333333,0.20550000000000002,0.21750000000000003,0.7825,0.7825,0.7775,4.0,6.103448275862069,4.0,4.25,0.8793103448275862,0.1206896551724138,8.0,24,sw_lints,hybrid,z72_a0p5_hybrid_corr5_bsstablehie5_top10,72
3143,3,-3.586639912035759,0.5,-4.669068159589226,-0.33935516937535865,-4.669068159589226,-4.993219557054807,-4.437834059201096,6.825570950992621,9.535740398550807,0.6664573731678723,320,102,0.42966666666666664,0.21483333333333332,0.21350000000000002,0.7865,0.7865,0.7815,4.0,7.627450980392157,4.0,5.0,0.8301886792452831,0.16981132075471697,7.0,24,sw_lints,hybrid,z72_a0p5_hybrid_corr5_bsstablehie5_top10,72
3144,3,-4.0854365163989,0.5,-4.866809120019026,-1.741318705538523,-4.866809120019026,-6.624193126708569,-6.170820059378867,9.343998554372025,12.691639116207277,0.5721596157341942,300,73,0.383,0.2015,0.21750000000000003,0.7825,0.7825,0.7775,4.0,7.821917808219178,4.0,4.25,0.8796296296296297,0.12037037037037036,8.0,24,sw_lints,hybrid,z72_a0p5_hybrid_corr5_bsstablehie5_top10,72
3145,3,-1.211093272436052,0.5,-1.4666607995866723,-0.4443906909841903,-1.4666607995866723,-1.9033798641322228,-1.6776375927238796,5.475648500855512,6.174029065104058,0.8977239573465436,347,83,0.44933333333333336,0.23283333333333336,0.25549999999999995,0.7445,0.7445,0.7395,4.0,6.452554744525547,4.0,4.0,0.8613138686131386,0.1386861313868613,8.0,24,sw_lints,hybrid,z72_a0p5_hybrid_corr5_bsstablehie5_top10,72
3146,3,-1.6792091320218576,0.5,-1.797060955820007,-1.325653660627409,-1.797060955820007,-3.1695076650519147,-3.6996094482765085,5.760451055709703,9.686869557556467,0.7069599225120049,315,90,0.3953333333333333,0.21150000000000002,0.20750000000000002,0.7925,0.7925,0.7875,4.0,6.951456310679611,4.0,7.0,0.8446601941747572,0.1553398058252427,9.0,24,sw_lints,hybrid,z72_a0p5_hybrid_corr5_bsstablehie5_top10,72
3142,3,-1.879532023724283,0.5,-2.0280951919434647,-1.4338425190667377,-2.0280951919434647,-3.4285520108160625,-2.7982232975859667,6.6139648006314555,7.046691206492084,0.8114600289856234,350,87,0.39033333333333337,0.23483333333333334,0.22350000000000003,0.7765,0.7765,0.7735,4.0,7.576576576576577,4.0,5.0,0.8275862068965517,0.1724137931034483,7.0,25,sw_lints,hybrid,z72_a0p5_hybrid_corr5_bsstablehie5_top10,72
3143,3,-3.6958589775591557,0.5,-4.363103702181204,-1.6941248036930128,-4.363103702181204,-5.937000128861269,-3.9988286347924284,7.0041206461593175,13.995531736312127,0.7271284286519183,363,90,0.4671666666666667,0.24349999999999997,0.26349999999999996,0.7365,0.7365,0.7315,4.0,7.961832061068702,4.0,5.0,0.8091603053435115,0.19083969465648856,7.0,25,sw_lints,hybrid,z72_a0p5_hybrid_corr5_bsstablehie5_top10,72
3144,3,-4.816695183996051,0.5,-5.705093374797943,-2.1515006115903734,-5.705093374797943,-7.715938890765346,-8.82426525739126,10.173593821728154,13.08265997818765,0.5738994126846756,328,105,0.403,0.22016666666666665,0.21950000000000003,0.7805,0.7805,0.7755,4.0,7.2,4.0,6.0,0.8596491228070176,0.14035087719298245,9.0,25,sw_lints,hybrid,z72_a0p5_hybrid_corr5_bsstablehie5_top10,72
3145,3,-3.34244707901419,0.5,-4.140049741834147,-0.9496390905543182,-4.140049741834147,-5.090308331293762,-3.839467430305332,9.29016106056485,10.0230046467641,0.7714454858011198,396,99,0.47266666666666673,0.2655,0.26549999999999996,0.7345,0.7345,0.7295,4.0,6.803030303030303,4.0,5.0,0.8636363636363636,0.13636363636363635,7.0,25,sw_lints,hybrid,z72_a0p5_hybrid_corr5_bsstablehie5_top10,72
3146,3,-2.236290060553826,0.5,-2.370172906279444,-1.8346415233769713,-2.370172906279444,-4.1543355907696276,-3.0245804154647504,8.581689418614813,10.328924872987422,0.7935216451270961,301,65,0.443,0.2021666666666667,0.16549999999999998,0.8345,0.8345,0.8295,4.0,9.585365853658537,4.0,9.0,0.7682926829268293,0.23170731707317074,11.0,25,sw_lints,hybrid,z72_a0p5_hybrid_corr5_bsstablehie5_top10,72
3142,3,-4.041724164821848,0.5,-5.417854988598769,0.0866683065089154,-5.417854988598769,-5.3411017160369,-7.164729311574947,10.40337508618473,10.736377587984702,0.6919337932866058,322,89,0.4138333333333333,0.2155,0.22550000000000003,0.7745,0.7745,0.7695,4.0,6.883928571428571,4.0,6.0,0.8125,0.1875,10.0,26,sw_lints,hybrid,z72_a0p5_hybrid_corr5_bsstablehie5_top10,72
3143,3,-2.5003573801842633,0.5,-3.2086755438124452,-0.3754028892997178,-3.2086755438124452,-3.5627725019910845,-5.067990648620668,7.020208303795772,7.106744927643849,0.6140327271357061,345,94,0.44933333333333336,0.23083333333333333,0.21950000000000003,0.7805,0.7805,0.7755,4.0,7.76595744680851,4.0,6.0,0.8256880733944955,0.1743119266055046,9.0,26,sw_lints,hybrid,z72_a0p5_hybrid_corr5_bsstablehie5_top10,72
3144,3,-2.930599349109982,0.5,-3.7872974669075172,-0.36050499571737743,-3.7872974669075172,-4.122232776434031,-3.2350220115922923,7.170306485109778,8.023006866546755,0.8029637116121034,326,98,0.48350000000000004,0.2181666666666667,0.21950000000000003,0.7805,0.7805,0.779,4.0,8.316326530612244,4.0,6.0,0.826530612244898,0.17346938775510204,9.0,26,sw_lints,hybrid,z72_a0p5_hybrid_corr5_bsstablehie5_top10,72
3145,3,-3.342579977235779,0.5,-4.490078028070965,0.09991417526977742,-4.490078028070965,-4.472319537582092,-4.957139007696087,7.127386331603924,11.163609587418687,0.691763432469341,278,88,0.41,0.18683333333333332,0.1895,0.8105,0.8105,0.8055,4.0,8.239583333333334,4.0,7.0,0.7978723404255319,0.20212765957446807,10.0,26,sw_lints,hybrid,z72_a0p5_hybrid_corr5_bsstablehie5_top10,72
3146,3,-3.325592635617879,0.5,-4.663267554694776,0.6874321216128113,-4.663267554694776,-4.030224969353746,-4.173606465628676,6.252671327929926,9.16541811769427,0.7118955793492174,372,120,0.4706666666666666,0.24883333333333332,0.24950000000000006,0.7505,0.7505,0.7455,4.0,7.201612903225806,4.0,6.0,0.8333333333333334,0.16666666666666666,8.0,26,sw_lints,hybrid,z72_a0p5_hybrid_corr5_bsstablehie5_top10,72
3142,3,-4.34284166119976,0.5,-4.630825421901307,-3.4788903790951196,-4.630825421901307,-7.981145169292218,-8.704165590236922,10.636835360007169,12.314340564430248,0.6400242382451949,477,152,0.5026666666666667,0.31883333333333336,0.3095,0.6905,0.6905,0.6855,4.0,6.204678362573099,4.0,5.0,0.8831168831168831,0.11688311688311688,8.0,27,sw_lints,hybrid,z72_a0p5_hybrid_corr5_bsstablehie5_top10,72
3143,3,-5.457832100915259,0.5,-6.953147366317869,-0.9718863047074292,-6.953147366317869,-7.843322593802942,-7.848201595941684,9.930105133824906,14.174242521134373,0.6978588943026597,468,143,0.49666666666666665,0.31216666666666665,0.3115,0.6885,0.6885,0.685,4.0,6.112426035502959,4.0,6.0,0.9053254437869822,0.09467455621301775,9.0,27,sw_lints,hybrid,z72_a0p5_hybrid_corr5_bsstablehie5_top10,72
3144,3,-4.260092549654449,0.5,-5.095878326815347,-1.7527352181717564,-5.095878326815347,-6.7754031001446435,-6.702071995506708,8.10245092529388,11.321947897817742,0.6302400735949345,501,163,0.4968333333333333,0.33516666666666667,0.3355,0.6645,0.6645,0.6595,4.0,6.089820359281437,4.0,5.0,0.8947368421052632,0.10526315789473684,8.0,27,sw_lints,hybrid,z72_a0p5_hybrid_corr5_bsstablehie5_top10,72
3145,3,-5.15179425010283,0.5,-6.300915795978075,-1.704429612477095,-6.300915795978075,-7.944386823321136,-8.506465654967377,11.051911266092029,12.557595111414821,0.6583785499410586,535,162,0.5155,0.3581666666666667,0.36150000000000004,0.6385,0.6385,0.6365,4.0,5.580246913580247,4.0,5.0,0.9135802469135802,0.08641975308641975,8.0,27,sw_lints,hybrid,z72_a0p5_hybrid_corr5_bsstablehie5_top10,72
3146,3,-5.241593850655812,0.5,-6.239726575317701,-2.2471956766701475,-6.239726575317701,-8.32921978480521,-9.590508788674468,11.274608895235227,13.908350033509054,0.6508334522461635,484,159,0.4715,0.3235,0.3195,0.6805,0.6805,0.6755,4.0,5.861635220125786,4.0,5.0,0.9245283018867925,0.07547169811320754,8.0,27,sw_lints,hybrid,z72_a0p5_hybrid_corr5_bsstablehie5_top10,72
3142,3,-2.676152301414549,0.5,-3.562600817719608,-0.016806752499372912,-3.562600817719608,-3.5742350674248207,-3.4730456265589127,5.4534448710435335,10.685419940357665,0.7144813559667506,311,92,0.4081666666666666,0.20883333333333334,0.2015,0.7985,0.7985,0.7955,4.0,7.695652173913044,4.0,6.25,0.81,0.19,9.0,28,sw_lints,hybrid,z72_a0p5_hybrid_corr5_bsstablehie5_top10,72
3143,3,-2.6379234693412075,0.5,-3.4555648153828127,-0.18499943121639273,-3.4555648153828127,-3.6357848315429435,-3.3266418738121972,8.582444780955278,8.982375616152993,0.7747062699855595,316,86,0.38433333333333336,0.2121666666666667,0.20550000000000002,0.7945,0.7945,0.7915,4.0,6.872549019607843,4.0,6.0,0.8431372549019608,0.1568627450980392,10.0,28,sw_lints,hybrid,z72_a0p5_hybrid_corr5_bsstablehie5_top10,72
3144,3,-4.405955274808015,0.5,-6.165752414406892,0.8734361439886151,-6.165752414406892,-5.390158381999278,-3.6088857806024444,8.128087063021571,11.801638483196475,0.7374978571879157,382,98,0.46950000000000003,0.2561666666666667,0.22750000000000004,0.7725,0.7725,0.7675,4.0,8.132743362831858,4.0,7.0,0.7787610619469026,0.22123893805309736,7.5,28,sw_lints,hybrid,z72_a0p5_hybrid_corr5_bsstablehie5_top10,72
3145,3,-2.9887000916911197,0.5,-4.026390471911234,0.12437104896922217,-4.026390471911234,-3.9263606099510704,-3.7873984436352925,8.03949488620419,9.34151930728876,0.7233910744332167,303,73,0.48,0.20350000000000001,0.21750000000000003,0.7825,0.7825,0.7775,4.0,9.11111111111111,4.0,6.0,0.8240740740740741,0.17592592592592593,9.0,28,sw_lints,hybrid,z72_a0p5_hybrid_corr5_bsstablehie5_top10,72
3146,3,-2.8791559729476948,0.5,-3.626491749512247,-0.6371486432540374,-3.626491749512247,-4.2735006098008546,-4.302388062413954,6.823620930857044,8.347425114515294,0.7386213196994099,315,81,0.4031666666666667,0.21150000000000002,0.20550000000000002,0.7945,0.7945,0.7895,4.0,7.075757575757576,4.0,7.0,0.8235294117647058,0.17647058823529413,11.0,28,sw_lints,hybrid,z72_a0p5_hybrid_corr5_bsstablehie5_top10,72
3142,3,-1.540602636617844,0.5,-1.7474294670990524,-1.7474294670990524,-0.9201221451742181,-2.6422616270248036,-2.0508480451981614,8.364262671390389,8.572625298886095,0.8389915502997078,365,109,0.41816666666666663,0.24483333333333332,0.24750000000000005,0.7525,0.7525,0.751,4.0,6.7889908256880735,4.0,6.0,0.8440366972477065,0.1559633027522936,8.0,29,sw_lints,hybrid,z72_a0p5_hybrid_corr5_bsstablehie5_top10,72
3143,3,-1.3777116085659142,0.5,-1.4778533299388534,-1.4778533299388534,-1.077286444447097,-2.5269975151284636,-4.44153579136638,5.86534729615531,9.30874336883576,0.7050102788440601,272,76,0.338,0.1825,0.1855,0.8145,0.8145,0.8095,4.0,7.239130434782608,4.0,6.0,0.8269230769230769,0.17307692307692307,10.5,29,sw_lints,hybrid,z72_a0p5_hybrid_corr5_bsstablehie5_top10,72
3144,3,-2.69353671865022,0.5,-2.861574960816212,-2.1894219921522446,-2.861574960816212,-4.9426767439852,-3.265261790882601,5.3038355551133565,13.063298174781723,0.6986347110392592,330,99,0.4103333333333334,0.221,0.22550000000000003,0.7745,0.7745,0.772,4.0,7.008403361344538,4.0,5.25,0.8571428571428571,0.14285714285714285,9.0,29,sw_lints,hybrid,z72_a0p5_hybrid_corr5_bsstablehie5_top10,72
3145,3,-2.3261810549223276,0.5,-2.8170759934870166,-0.8534962392282611,-2.8170759934870166,-3.6508053085407686,-3.4223581114109725,6.8666397654232325,7.404938830553176,0.7924042585577294,297,85,0.38166666666666665,0.1995,0.1895,0.8105,0.8105,0.8075,4.0,7.776470588235294,4.0,5.0,0.8,0.2,9.0,29,sw_lints,hybrid,z72_a0p5_hybrid_corr5_bsstablehie5_top10,72
3146,3,-4.142358989175924,0.5,-5.382331379175258,-0.4224418191779211,-5.382331379175258,-5.789402558237455,-6.5089498880490755,7.844317768021403,11.154570802805996,0.6242378589468502,358,107,0.39916666666666667,0.24016666666666664,0.24750000000000005,0.7525,0.7525,0.749,4.0,6.4953271028037385,4.0,5.0,0.8828125,0.1171875,8.0,29,sw_lints,hybrid,z72_a0p5_hybrid_corr5_bsstablehie5_top10,72
3142,3,-1.2507468079110482,0.5,-1.3474906314822217,-0.960515337197528,-1.3474906314822217,-2.3040498127297506,-4.102111692733434,5.259458326844313,5.621604897827992,0.8039522584523426,335,84,0.3835,0.22483333333333336,0.23350000000000004,0.7665,0.7665,0.765,4.0,6.922413793103448,4.0,6.0,0.8706896551724138,0.12931034482758622,8.0,30,sw_lints,hybrid,z72_a0p5_hybrid_corr5_bsstablehie5_top10,72
3143,3,-2.5536908771010864,0.5,-3.0425730905536685,-3.0425730905536685,-1.0870442367433397,-4.165748815677187,-5.27845052238739,7.837392945382327,8.280593170701023,0.6927666443114255,406,100,0.43983333333333335,0.27216666666666667,0.2815,0.7185,0.7185,0.7135,4.0,5.864285714285714,4.0,5.0,0.927710843373494,0.07228915662650602,8.0,30,sw_lints,hybrid,z72_a0p5_hybrid_corr5_bsstablehie5_top10,72
3144,3,-3.8107513240497,0.5,-4.325831870045164,-2.2655096860633086,-4.325831870045164,-6.477636496364421,-5.890021492639875,9.482098975798559,13.277381264742294,0.6139320464250587,416,122,0.4124999999999999,0.2788333333333333,0.25749999999999995,0.7425,0.7425,0.7375,4.0,6.3984375,4.0,5.75,0.8770491803278688,0.12295081967213115,8.5,30,sw_lints,hybrid,z72_a0p5_hybrid_corr5_bsstablehie5_top10,72
3145,3,-4.27212890456022,0.5,-5.208695357098714,-1.4624295469447397,-5.208695357098714,-6.611443862533328,-6.434021445258753,9.232239518092399,11.197029497137612,0.6190162722378891,371,104,0.4586666666666666,0.24883333333333332,0.23550000000000004,0.7645,0.7645,0.76,4.0,7.581196581196581,4.0,5.0,0.8653846153846154,0.1346153846153846,8.0,30,sw_lints,hybrid,z72_a0p5_hybrid_corr5_bsstablehie5_top10,72
3146,3,-3.5325144303971605,0.5,-4.402343190778287,-0.9230281492537832,-4.402343190778287,-5.288916341223515,-4.920210869954078,6.91205323338937,13.285661508631774,0.6770311087177495,388,98,0.45883333333333337,0.26016666666666666,0.2815,0.7185,0.7185,0.7135,4.0,7.314285714285714,4.0,6.0,0.8571428571428571,0.14285714285714285,8.0,30,sw_lints,hybrid,z72_a0p5_hybrid_corr5_bsstablehie5_top10,72
3142,3,-2.6984850499047575,0.5,-3.1617623867690217,-1.308653039311965,-3.1617623867690217,-4.444996757139241,-4.582470693396146,9.097266180564201,9.599365928302028,0.7053339162968452,310,94,0.39433333333333326,0.2081666666666667,0.21550000000000002,0.7845,0.7845,0.7795,4.0,6.822429906542056,4.0,5.0,0.8691588785046729,0.1308411214953271,9.0,31,sw_lints,hybrid,z72_a0p5_hybrid_corr5_bsstablehie5_top10,72
3143,3,-2.6260032766294,0.5,-3.108241156079705,-1.1792896382784839,-3.108241156079705,-4.281398823990923,-5.106546352313746,7.78363430448289,11.151216528032537,0.6076188671827248,299,86,0.4256666666666667,0.20083333333333334,0.21150000000000002,0.7885,0.7885,0.784,4.0,7.857142857142857,4.0,6.75,0.8488372093023255,0.1511627906976744,9.0,31,sw_lints,hybrid,z72_a0p5_hybrid_corr5_bsstablehie5_top10,72
3144,3,-4.170595932022252,0.5,-5.292314205612196,-0.8054411112524216,-5.292314205612196,-6.0675481833519385,-6.269154385510656,10.421735541927045,12.705000618277529,0.6918205156300583,276,73,0.4206666666666667,0.1855,0.1875,0.8125,0.8125,0.8075,4.0,8.790909090909091,4.0,7.0,0.8082191780821918,0.1917808219178082,11.0,31,sw_lints,hybrid,z72_a0p5_hybrid_corr5_bsstablehie5_top10,72
3145,3,-3.3933183595799896,0.5,-4.192232191639655,-0.9965768634009923,-4.192232191639655,-5.154208693223098,-4.980422055262023,10.119219864791084,10.822808834955433,0.6178641184579011,312,84,0.391,0.20950000000000002,0.20750000000000002,0.7925,0.7925,0.7875,4.0,6.970873786407767,4.0,5.0,0.8446601941747572,0.1553398058252427,9.0,31,sw_lints,hybrid,z72_a0p5_hybrid_corr5_bsstablehie5_top10,72
3146,3,-2.516931555962702,0.5,-3.348240418267005,-0.023004969049792805,-3.348240418267005,-3.3598436844618536,-4.6816069680664985,7.477768960248444,7.494798974643135,0.7157354433411528,314,97,0.4326666666666667,0.21083333333333334,0.21750000000000003,0.7825,0.7825,0.7775,4.0,7.7407407407407405,4.0,7.0,0.8165137614678899,0.1834862385321101,9.0,31,sw_lints,hybrid,z72_a0p5_hybrid_corr5_bsstablehie5_top10,72
3142,3,-6.699266651007332,0.5,-8.74665910569052,-0.5570892869577682,-8.74665910569052,-9.24580331124059,-8.005606422451994,13.049772823837703,15.84626592981645,0.6820616258166378,564,175,0.527,0.3765,0.374,0.626,0.626,0.621,4.0,5.361386138613861,4.0,5.0,0.9405940594059405,0.0594059405940594,8.0,32,sw_lints,hybrid,z72_a0p5_hybrid_corr5_bsstablehie5_top10,72
3143,3,-4.321013764195974,0.5,-4.91563400243887,-2.537153049467285,-4.91563400243887,-7.355748386657446,-6.7299292952983425,8.130294605485755,12.269059333489274,0.6969810275586757,605,189,0.5105,0.4031666666666667,0.4095,0.5905,0.5905,0.589,4.0,4.91005291005291,4.0,5.0,0.9523809523809523,0.047619047619047616,7.0,32,sw_lints,hybrid,z72_a0p5_hybrid_corr5_bsstablehie5_top10,72
3144,3,-4.2591424752691065,0.5,-5.0193938327135665,-1.9783884029357266,-5.0193938327135665,-6.9221722560543375,-7.985180105221811,10.319402092367614,11.831953684990104,0.7049862919962379,550,150,0.4958333333333333,0.3666666666666667,0.38449999999999995,0.6155,0.6155,0.613,4.0,5.609375,4.0,5.0,0.9322916666666666,0.06770833333333333,8.0,32,sw_lints,hybrid,z72_a0p5_hybrid_corr5_bsstablehie5_top10,72
3145,3,-4.747402655811507,0.5,-5.962777316951702,-1.1012786723909225,-5.962777316951702,-6.997685741410661,-7.623752866737032,9.180092230693981,10.92077626148943,0.7099257383591155,563,173,0.5141666666666667,0.3761666666666667,0.37749999999999995,0.6225,0.6225,0.62,4.0,5.585106382978723,4.0,5.0,0.925531914893617,0.07446808510638298,8.0,32,sw_lints,hybrid,z72_a0p5_hybrid_corr5_bsstablehie5_top10,72
3146,3,-4.954018853876512,0.5,-5.823104196809388,-2.346762825077886,-5.823104196809388,-8.040008676958529,-8.51666908924723,8.970560711972219,10.795407352046837,0.6378911408307504,567,178,0.4965,0.37883333333333336,0.37549999999999994,0.6245,0.6245,0.623,4.0,5.192513368983957,4.0,5.0,0.9358288770053476,0.06417112299465241,8.0,32,sw_lints,hybrid,z72_a0p5_hybrid_corr5_bsstablehie5_top10,72
3142,3,-1.4000557920810999,0.5,-1.8096862653227077,-0.17116437235627688,-1.8096862653227077,-1.9764375625934545,-1.4130639665140499,6.802470271126648,8.938994255743971,0.7276855398547509,263,76,0.4046666666666667,0.17683333333333331,0.16949999999999998,0.8305,0.8305,0.8255,4.0,7.916666666666667,4.0,7.5,0.7857142857142857,0.21428571428571427,9.0,33,sw_lints,hybrid,z72_a0p5_hybrid_corr5_bsstablehie5_top10,72
3143,3,-2.546156350599836,0.5,-2.893292806677676,-1.5047469823663155,-2.893292806677676,-4.411800860796762,-5.154669546112212,8.70573564686481,9.20296909780528,0.7843891182781986,368,91,0.39716666666666667,0.24683333333333332,0.21150000000000002,0.7885,0.7885,0.7835,4.0,7.65934065934066,4.0,5.5,0.8571428571428571,0.14285714285714285,9.0,33,sw_lints,hybrid,z72_a0p5_hybrid_corr5_bsstablehie5_top10,72
3144,3,-2.5970960452585925,0.5,-2.6755568454372174,-2.3617136447227183,-2.6755568454372174,-5.018570393175511,-5.798789935684812,8.418889896826098,9.450220885023064,0.7357315266503457,321,85,0.397,0.2155,0.1875,0.8125,0.8125,0.809,4.0,7.666666666666667,4.0,5.0,0.8494623655913979,0.15053763440860216,11.0,33,sw_lints,hybrid,z72_a0p5_hybrid_corr5_bsstablehie5_top10,72
3145,3,-3.232044942583739,0.5,-3.3464468722706697,-3.3464468722706697,-2.8888391535229485,-6.152538004321829,-5.902744934106208,9.882392762402292,10.467206391674,0.5857508290465887,275,76,0.3818333333333333,0.18483333333333332,0.1835,0.8165,0.8165,0.8135,4.0,7.555555555555555,4.0,6.0,0.8240740740740741,0.17592592592592593,9.0,33,sw_lints,hybrid,z72_a0p5_hybrid_corr5_bsstablehie5_top10,72
3146,3,-3.462158811798983,0.5,-4.4250793862872895,-0.5733970883340637,-4.4250793862872895,-4.987280484354629,-5.0749347778517695,8.34133061275958,9.65266850259815,0.701363353694701,385,117,0.45766666666666667,0.25816666666666666,0.24950000000000006,0.7505,0.7505,0.7475,4.0,7.104838709677419,4.0,5.0,0.8709677419354839,0.12903225806451613,7.0,33,sw_lints,hybrid,z72_a0p5_hybrid_corr5_bsstablehie5_top10,72
3142,3,-4.719896530087066,0.5,-6.547284326702027,0.7622668597578134,-6.547284326702027,-5.858534231986593,-5.1271891266394976,7.218133381220904,11.739887784600612,0.6104977402120388,325,77,0.45216666666666666,0.21683333333333335,0.24750000000000005,0.7525,0.7525,0.75,4.0,8.91869918699187,4.0,7.5,0.8211382113821138,0.17886178861788618,8.0,34,sw_lints,hybrid,z72_a0p5_hybrid_corr5_bsstablehie5_top10,72
3143,3,-3.2986563161109665,0.5,-4.590445603982922,0.5767115475049008,-4.590445603982922,-4.042084665819542,-4.966557030418983,8.220244195019987,8.24670278493227,0.6229977454020915,375,105,0.46166666666666667,0.2515,0.26949999999999996,0.7305,0.7305,0.7255,4.0,7.276190476190476,4.0,6.0,0.8161764705882353,0.18382352941176472,9.0,34,sw_lints,hybrid,z72_a0p5_hybrid_corr5_bsstablehie5_top10,72
3144,3,-5.400408581536256,0.5,-6.133433858598676,-3.2013327503489992,-6.133433858598676,-9.135760257453285,-8.036991771630031,8.906332535465367,13.973548000129954,0.5155146865534217,386,107,0.4136666666666667,0.25716666666666665,0.25549999999999995,0.7445,0.7445,0.7415,4.0,6.383177570093458,4.0,5.0,0.8671875,0.1328125,8.0,34,sw_lints,hybrid,z72_a0p5_hybrid_corr5_bsstablehie5_top10,72
3145,3,-3.0840054004637745,0.5,-4.250233364087353,0.41467849040696114,-4.250233364087353,-3.8545746869908046,-3.515075550114488,5.743522708417359,9.424950695510114,0.7404105416212028,389,74,0.45166666666666666,0.26016666666666666,0.2835,0.7165,0.7165,0.7115,4.0,6.702127659574468,4.0,5.0,0.8723404255319149,0.1276595744680851,8.0,34,sw_lints,hybrid,z72_a0p5_hybrid_corr5_bsstablehie5_top10,72
3146,3,-4.256815189303634,0.5,-5.398284937026642,-0.8324059461346067,-5.398284937026642,-6.2006165423268085,-7.06009554767496,8.590812621192834,11.578437979325162,0.6598410241921878,354,80,0.41533333333333333,0.2356666666666667,0.24150000000000005,0.7585,0.7585,0.7535,4.0,8.041322314049587,4.0,5.0,0.825,0.175,10.0,34,sw_lints,hybrid,z72_a0p5_hybrid_corr5_bsstablehie5_top10,72
3142,3,-2.799133188998876,0.5,-3.225877934248293,-3.225877934248293,-1.5188989532506245,-4.713975363049568,-4.866819555729352,8.06969629392259,10.715334133252663,0.7122830919826384,346,77,0.4078333333333333,0.23216666666666663,0.1915,0.8085,0.8085,0.805,4.0,8.454545454545455,4.0,8.0,0.7792207792207793,0.22077922077922077,12.0,35,sw_lints,hybrid,z72_a0p5_hybrid_corr5_bsstablehie5_top10,72
3143,3,-2.553382009434855,0.5,-2.7867919482860124,-1.8531521928813834,-2.7867919482860124,-4.6053406297672,-5.4083525505270735,7.844537234585358,8.14594745159052,0.70930627636974,338,95,0.403,0.2261666666666667,0.22750000000000004,0.7725,0.7725,0.7695,4.0,7.610526315789474,4.0,7.0,0.8315789473684211,0.16842105263157894,9.0,35,sw_lints,hybrid,z72_a0p5_hybrid_corr5_bsstablehie5_top10,72
3144,3,-3.458653550399366,0.5,-4.306596526297201,-0.9148246227058602,-4.306596526297201,-5.206120606270633,-4.969206386029246,6.353953346793439,12.610684017321805,0.6403358128191786,368,103,0.43249999999999994,0.24683333333333332,0.21350000000000002,0.7865,0.7865,0.7815,4.0,7.056603773584905,4.0,6.0,0.8349514563106796,0.1650485436893204,9.0,35,sw_lints,hybrid,z72_a0p5_hybrid_corr5_bsstablehie5_top10,72
3145,3,-3.665583067326941,0.5,-3.9119125429987265,-2.926594640311586,-3.9119125429987265,-6.748649359467019,-6.4283006214017835,9.563006507210414,10.620958131971125,0.6140424036758058,340,99,0.42216666666666675,0.22816666666666666,0.20950000000000002,0.7905,0.7905,0.7855,4.0,7.393939393939394,4.0,5.25,0.8686868686868687,0.13131313131313133,8.0,35,sw_lints,hybrid,z72_a0p5_hybrid_corr5_bsstablehie5_top10,72
3146,3,-2.9351988679400307,0.5,-3.3380509828731344,-1.72664252314072,-3.3380509828731344,-5.067271214091403,-4.133077376833116,7.946886002753839,10.32031742428754,0.715035001046498,358,111,0.3985,0.24016666666666667,0.24350000000000005,0.7565,0.7565,0.7535,4.0,6.355371900826446,4.0,4.0,0.8760330578512396,0.12396694214876033,8.0,35,sw_lints,hybrid,z72_a0p5_hybrid_corr5_bsstablehie5_top10,72
3142,3,-1.781774443344672,0.5,-1.8389450899110853,-1.6102625036454323,-1.8389450899110853,-3.428605901455132,-4.596301643005196,6.1074877938759435,6.399102248781652,0.7477396203854388,341,95,0.38033333333333336,0.22883333333333333,0.21350000000000002,0.7865,0.7865,0.7815,4.0,6.610526315789474,4.0,5.0,0.8679245283018868,0.1320754716981132,8.0,36,sw_lints,hybrid,z72_a0p5_hybrid_corr5_bsstablehie5_top10,72
3143,3,-3.0145913956407977,0.5,-3.3803066811068185,-1.9174455392427348,-3.3803066811068185,-5.221059185292128,-3.8680898998682767,7.99812873085507,12.073230477210316,0.6670197866051326,351,102,0.4028333333333333,0.23550000000000001,0.22350000000000003,0.7765,0.7765,0.7735,4.0,6.126126126126126,4.0,4.0,0.8828828828828829,0.11711711711711711,7.0,36,sw_lints,hybrid,z72_a0p5_hybrid_corr5_bsstablehie5_top10,72
3144,3,-3.916998637384319,0.5,-4.822209427179218,-1.2013662679996224,-4.822209427179218,-5.972275743128615,-6.594810566832477,7.511102794631275,10.30407508669925,0.6247561008662077,362,105,0.42216666666666663,0.24283333333333332,0.21750000000000003,0.7825,0.7825,0.7775,4.0,7.142857142857143,4.0,5.0,0.8518518518518519,0.14814814814814814,8.0,36,sw_lints,hybrid,z72_a0p5_hybrid_corr5_bsstablehie5_top10,72
3145,3,-4.259179964009503,0.5,-5.363600106097226,-0.9459195377463314,-5.363600106097226,-6.288574093092951,-7.01343645118877,9.534310910322596,10.564830890308585,0.661578842872102,334,102,0.4088333333333333,0.22416666666666665,0.22550000000000003,0.7745,0.7745,0.7695,4.0,7.35,4.0,5.0,0.8416666666666667,0.15833333333333333,8.0,36,sw_lints,hybrid,z72_a0p5_hybrid_corr5_bsstablehie5_top10,72
3146,3,-0.8474046870047518,0.5,-0.8812551317192865,-0.8812551317192865,-0.7458533528611477,-1.6195198131185784,-1.1495811386779686,4.400919566968897,8.628781893885263,0.8957522079135254,331,98,0.3945,0.22216666666666665,0.22350000000000003,0.7765,0.7765,0.7715,4.0,6.63963963963964,4.0,5.0,0.8558558558558559,0.14414414414414414,9.0,36,sw_lints,hybrid,z72_a0p5_hybrid_corr5_bsstablehie5_top10,72
3142,3,-3.281318920814315,0.5,-3.98294271155174,-1.1764475486020405,-3.98294271155174,-5.161394126956909,-4.069940788358661,10.155535140400618,11.45931562052941,0.6532457645399019,311,69,0.414,0.20883333333333334,0.21550000000000002,0.7845,0.7845,0.783,4.0,7.280373831775701,4.0,5.0,0.8130841121495327,0.18691588785046728,8.0,37,sw_lints,hybrid,z72_a0p5_hybrid_corr5_bsstablehie5_top10,72
3143,3,-4.301277035613878,0.5,-4.950567709391632,-2.3534050142806144,-4.950567709391632,-7.219954677493646,-5.9309946211894005,8.024439302560848,13.425754312762583,0.5487816605142097,321,96,0.3913333333333333,0.215,0.20999999999999996,0.79,0.79,0.7875,4.0,7.3238095238095235,4.0,5.0,0.8476190476190476,0.1523809523809524,7.5,37,sw_lints,hybrid,z72_a0p5_hybrid_corr5_bsstablehie5_top10,72
3144,3,-1.1234168125178319,0.5,-1.1373657350337611,-1.1373657350337611,-1.0815700449700445,-2.195993187820281,-2.5026324811156297,5.733805232636746,9.266664264121903,0.7617546157236655,302,88,0.38766666666666666,0.20283333333333334,0.20750000000000002,0.7925,0.7925,0.79,4.0,7.699029126213592,4.0,6.0,0.7864077669902912,0.21359223300970873,9.0,37,sw_lints,hybrid,z72_a0p5_hybrid_corr5_bsstablehie5_top10,72
3145,3,-1.982484121426901,0.5,-2.2140157857173306,-1.287889128555612,-2.2140157857173306,-3.475272320257583,-2.443984669296184,6.527212258915305,8.415948510918126,0.778598717870438,326,82,0.37633333333333335,0.21883333333333332,0.20950000000000002,0.7905,0.7905,0.786,4.0,6.4423076923076925,4.0,5.0,0.8785714285714286,0.12142857142857143,7.0,37,sw_lints,hybrid,z72_a0p5_hybrid_corr5_bsstablehie5_top10,72
3146,3,-1.6551557101315248,0.5,-2.224753750558861,0.05363841115048432,-2.224753750558861,-2.173073237312865,-2.0164883234749187,6.3234804982323585,8.041407780078448,0.798565936068006,295,78,0.4051666666666667,0.1975,0.1835,0.8165,0.8165,0.8115,4.0,7.25,4.0,6.0,0.8152173913043478,0.18478260869565216,12.0,37,sw_lints,hybrid,z72_a0p5_hybrid_corr5_bsstablehie5_top10,72
3142,3,-2.5745051071584006,0.5,-3.0022505583258066,-1.2912687536561827,-3.0022505583258066,-4.307614980048513,-3.6238183472430685,7.69140332613053,8.908028460081951,0.8102755724278103,359,109,0.4518333333333333,0.24083333333333334,0.23350000000000004,0.7665,0.7665,0.7615,4.0,7.568965517241379,4.0,6.0,0.8620689655172413,0.13793103448275862,9.0,38,sw_lints,hybrid,z72_a0p5_hybrid_corr5_bsstablehie5_top10,72
3143,3,-3.768892561929015,0.5,-5.019039235528444,-0.018452541130727546,-5.019039235528444,-5.0513410780699255,-4.266231648968999,8.690293452813203,12.566392774102164,0.7158002731137443,333,94,0.47500000000000003,0.2235,0.23150000000000004,0.7685,0.7685,0.7635,4.0,8.217391304347826,4.0,6.5,0.8434782608695652,0.1565217391304348,9.5,38,sw_lints,hybrid,z72_a0p5_hybrid_corr5_bsstablehie5_top10,72
3144,3,-4.182633307615599,0.5,-4.916746802425405,-1.9802928231861807,-4.916746802425405,-6.858887947113378,-5.9237468792264325,11.237572876662384,11.874738061870616,0.6172264967694847,364,90,0.45366666666666666,0.24416666666666664,0.25749999999999995,0.7425,0.7425,0.7375,4.0,6.9375,4.0,4.25,0.8828125,0.1171875,7.0,38,sw_lints,hybrid,z72_a0p5_hybrid_corr5_bsstablehie5_top10,72
3145,3,-2.8487827744075,0.5,-3.300852167219736,-1.4925745959707897,-3.300852167219736,-4.742282215056123,-5.56724268200025,7.847772859419145,10.923669334088327,0.6333099997933263,312,82,0.44383333333333336,0.20950000000000002,0.22750000000000004,0.7725,0.7725,0.7675,4.0,7.539823008849558,4.0,7.0,0.7863247863247863,0.21367521367521367,10.0,38,sw_lints,hybrid,z72_a0p5_hybrid_corr5_bsstablehie5_top10,72
3146,3,-4.299100448028437,0.5,-4.686571315413102,-3.1366878458744423,-4.686571315413102,-7.713078780538603,-6.98490012136973,10.261233543189785,14.473731154757019,0.5382234514719888,368,116,0.4606666666666667,0.24683333333333332,0.24550000000000005,0.7545,0.7545,0.7495,4.0,7.352459016393443,4.0,5.0,0.8770491803278688,0.12295081967213115,8.0,38,sw_lints,hybrid,z72_a0p5_hybrid_corr5_bsstablehie5_top10,72
3142,3,-2.5063861450679363,0.5,-2.8712226501281983,-2.8712226501281983,-1.4118766298871506,-4.243604002320789,-4.291350765685076,7.338702613479309,8.66354498245977,0.7272891298532858,273,87,0.3815,0.1835,0.1795,0.8205,0.8205,0.8155,4.0,7.670103092783505,4.0,6.5,0.8160919540229885,0.1839080459770115,10.0,39,sw_lints,hybrid,z72_a0p5_hybrid_corr5_bsstablehie5_top10,72
3143,3,-3.5724303378053,0.5,-3.7726972475188894,-2.971629608664531,-3.7726972475188894,-6.634889857713644,-6.968734169071656,8.370803715124742,11.376707149946252,0.6013262999998198,350,90,0.41766666666666663,0.23483333333333334,0.25549999999999995,0.7445,0.7445,0.7395,4.0,6.398496240601504,4.0,4.0,0.8818897637795275,0.11811023622047244,9.0,39,sw_lints,hybrid,z72_a0p5_hybrid_corr5_bsstablehie5_top10,72
3144,3,-1.3552200607828497,0.5,-1.363316038814603,-1.3309321266875898,-1.363316038814603,-2.7055092742615376,-1.917920850499788,5.9163832602926565,7.641108504271299,0.8122710276976475,352,93,0.442,0.23616666666666666,0.22150000000000003,0.7785,0.7785,0.775,4.0,7.0,4.0,5.0,0.87248322147651,0.12751677852348994,7.0,39,sw_lints,hybrid,z72_a0p5_hybrid_corr5_bsstablehie5_top10,72
3145,3,-2.648892674493874,0.5,-2.7962724060214454,-2.206753479911161,-2.7962724060214454,-4.94507888513082,-5.092716959886257,9.362189225432127,10.173376482109397,0.7090565188691197,326,90,0.38516666666666666,0.21883333333333332,0.23550000000000004,0.7645,0.7645,0.7615,4.0,6.316239316239316,4.0,5.0,0.8461538461538461,0.15384615384615385,8.0,39,sw_lints,hybrid,z72_a0p5_hybrid_corr5_bsstablehie5_top10,72
3146,3,-2.0906810453968445,0.5,-2.3694243253773153,-1.2544512054554313,-2.3694243253773153,-3.5886113083742313,-4.0123098562124815,7.465585833987487,9.976235570063874,0.6602887608277519,303,83,0.4066666666666667,0.20350000000000001,0.1855,0.8145,0.8145,0.81,4.0,7.590361445783133,4.0,6.0,0.8192771084337349,0.18072289156626506,11.0,39,sw_lints,hybrid,z72_a0p5_hybrid_corr5_bsstablehie5_top10,72
3142,3,-2.823901888697977,0.5,-4.021996954815066,0.7703833096532886,-4.021996954815066,-3.288267088027537,-3.330592711253544,7.1058681652321205,8.355264031807641,0.767487667209779,357,85,0.4693333333333333,0.23950000000000002,0.24750000000000005,0.7525,0.7525,0.7475,4.0,7.739837398373984,4.0,5.0,0.8455284552845529,0.15447154471544716,8.0,40,sw_lints,hybrid,z72_a0p5_hybrid_corr5_bsstablehie5_top10,72
3143,3,-2.548372011303483,0.5,-3.808205114575014,1.2311272985111106,-3.808205114575014,-2.6113952543876016,-1.8934744906269563,6.81996166098161,8.64296207984696,0.8822235112532135,265,80,0.4168333333333334,0.17816666666666667,0.1855,0.8145,0.8145,0.8095,4.0,8.825,4.0,6.0,0.7741935483870968,0.22580645161290322,8.0,40,sw_lints,hybrid,z72_a0p5_hybrid_corr5_bsstablehie5_top10,72
3144,3,-2.9578139368469536,0.5,-3.779842367276613,-0.49172864555797613,-3.779842367276613,-4.280382982753188,-5.130764391271503,9.447957607589696,9.871529039327188,0.7469954015844835,267,65,0.43933333333333335,0.1795,0.2015,0.7985,0.7985,0.7935,4.0,8.323529411764707,4.0,6.75,0.7745098039215687,0.22549019607843138,8.0,40,sw_lints,hybrid,z72_a0p5_hybrid_corr5_bsstablehie5_top10,72
3145,3,-3.0575275889532367,0.5,-3.6192932268434603,-1.372230675282567,-3.6192932268434603,-4.9551155248441185,-5.2772137544340625,7.000212778447978,10.073300688288523,0.6633849727984706,309,89,0.3915,0.20750000000000002,0.1935,0.8065,0.8065,0.804,4.0,7.21875,4.0,6.0,0.8314606741573034,0.16853932584269662,8.0,40,sw_lints,hybrid,z72_a0p5_hybrid_corr5_bsstablehie5_top10,72
3146,3,-1.9206840059554686,0.5,-2.6446241221790436,0.25113634271525614,-2.6446241221790436,-2.412711669691888,-2.3682243199094843,5.633905081115442,8.29506917493158,0.8344175678463845,285,77,0.35966666666666663,0.1915,0.20750000000000002,0.7925,0.7925,0.7895,4.0,7.407766990291262,4.0,5.0,0.8311688311688312,0.16883116883116883,9.0,40,sw_lints,hybrid,z72_a0p5_hybrid_corr5_bsstablehie5_top10,72
3142,3,-2.76833276084772,0.5,-3.258090907886746,-1.2990583197306431,-3.258090907886746,-4.668180251487893,-3.231088352090794,9.572561581477345,11.769656952525365,0.7076259981450906,314,77,0.4078333333333333,0.21083333333333332,0.1955,0.8045,0.8045,0.8,4.0,8.391752577319588,4.0,8.0,0.7835051546391752,0.21649484536082475,10.0,41,sw_lints,hybrid,z72_a0p5_hybrid_corr5_bsstablehie5_top10,72
3143,3,-1.8034002752265965,0.5,-2.0867155698853925,-0.953454391250208,-2.0867155698853925,-3.0611555663274075,-3.2436808563588215,7.5334020867758085,8.597985956592225,0.7404471359867703,302,80,0.405,0.20283333333333334,0.21550000000000002,0.7845,0.7845,0.7795,4.0,7.260869565217392,4.0,6.0,0.8411214953271028,0.1588785046728972,10.0,41,sw_lints,hybrid,z72_a0p5_hybrid_corr5_bsstablehie5_top10,72
3144,3,-4.0595441932504945,0.5,-4.879120450934827,-1.600815420197499,-4.879120450934827,-6.4286041180148805,-7.271657388051256,9.016751281808721,9.624207893071901,0.5960917248410655,331,93,0.39766666666666667,0.22216666666666665,0.23750000000000004,0.7625,0.7625,0.7575,4.0,6.813559322033898,4.0,5.0,0.847457627118644,0.15254237288135594,7.5,41,sw_lints,hybrid,z72_a0p5_hybrid_corr5_bsstablehie5_top10,72
3145,3,-1.9548791748324716,0.5,-2.0800388410642023,-2.0800388410642023,-1.5794001761372798,-3.615626963365692,-3.2934965195722254,8.226155650844847,8.650807099900648,0.7469645273086343,312,97,0.37600000000000006,0.20950000000000002,0.20350000000000001,0.7965,0.7965,0.795,4.0,7.356435643564357,4.0,6.0,0.8316831683168316,0.16831683168316833,10.0,41,sw_lints,hybrid,z72_a0p5_hybrid_corr5_bsstablehie5_top10,72
3146,3,-1.306483530494158,0.5,-1.6966755244108143,-0.1359075487441889,-1.6966755244108143,-1.8523227912201996,-1.8719943153315932,6.241804258659355,7.059490619368924,0.9015451159830065,292,70,0.3946666666666667,0.19616666666666668,0.15749999999999997,0.8425,0.8425,0.8375,4.0,8.14102564102564,4.0,8.75,0.782051282051282,0.21794871794871795,11.5,41,sw_lints,hybrid,z72_a0p5_hybrid_corr5_bsstablehie5_top10,72
3142,3,-2.6800838528893136,0.5,-3.141774405102234,-1.2950121962505519,-3.141774405102234,-4.435564139292747,-4.541652212785041,8.741683163225611,9.402458058916574,0.7141187491785501,292,92,0.3948333333333333,0.19616666666666668,0.1875,0.8125,0.8125,0.8075,4.0,7.881720430107527,4.0,7.0,0.8064516129032258,0.1935483870967742,8.0,42,sw_lints,hybrid,z72_a0p5_hybrid_corr5_bsstablehie5_top10,72
3143,3,-1.9735356626307183,0.5,-2.3031673032733124,-0.9846407407029356,-2.3031673032733124,-3.2736387087631456,-3.1340797690724287,6.360040399463895,9.0557969613849,0.7786705082765127,337,107,0.4333333333333333,0.22616666666666665,0.22750000000000004,0.7725,0.7725,0.7675,4.0,7.373831775700935,4.0,5.0,0.8290598290598291,0.17094017094017094,9.0,42,sw_lints,hybrid,z72_a0p5_hybrid_corr5_bsstablehie5_top10,72
3144,3,-4.00223521486595,0.5,-4.641669888370992,-2.0839311943508227,-4.641669888370992,-6.64225282037108,-6.405595740026671,10.901118330786197,11.932486089874173,0.6171463998330144,319,80,0.42783333333333334,0.21416666666666664,0.1935,0.8065,0.8065,0.8035,4.0,8.3375,4.0,9.0,0.7708333333333334,0.22916666666666666,11.0,42,sw_lints,hybrid,z72_a0p5_hybrid_corr5_bsstablehie5_top10,72
3145,3,-3.4522858579616935,0.5,-3.86731049084232,-2.207211959319814,-3.86731049084232,-6.0087669961939625,-6.258136713190354,9.42796584475174,10.78205985910724,0.6924142313153049,326,99,0.44449999999999995,0.21883333333333335,0.2015,0.7985,0.7985,0.7955,4.0,7.797979797979798,4.0,6.0,0.8181818181818182,0.18181818181818182,8.0,42,sw_lints,hybrid,z72_a0p5_hybrid_corr5_bsstablehie5_top10,72
3146,3,-1.7793554418200577,0.5,-2.5144143090409985,0.42582115984276525,-2.5144143090409985,-2.0724899658942344,-2.0434909908615406,6.213492753081407,7.030193899146431,0.8248623916789347,289,85,0.4335,0.19416666666666668,0.20550000000000002,0.7945,0.7945,0.791,4.0,8.176470588235293,4.0,8.0,0.8,0.2,11.0,42,sw_lints,hybrid,z72_a0p5_hybrid_corr5_bsstablehie5_top10,72
3142,3,-3.5489756248886675,0.5,-4.236728557980288,-1.4857168256138067,-4.236728557980288,-5.638549450468619,-4.009880041393332,9.80630761440925,11.254779815120353,0.721838098945767,406,120,0.4868333333333333,0.27216666666666667,0.25549999999999995,0.7445,0.7445,0.7395,4.0,7.191666666666666,4.0,4.0,0.85,0.15,6.0,43,sw_lints,hybrid,z72_a0p5_hybrid_corr5_bsstablehie5_top10,72
3143,3,-3.6506327337102613,0.5,-4.404010093576883,-1.3905006541103975,-4.404010093576883,-5.7664924942162346,-5.116922798876866,9.414509060603304,10.376945274721727,0.681858615447647,314,85,0.41783333333333333,0.21083333333333334,0.1915,0.8085,0.8085,0.8055,4.0,8.368421052631579,4.0,6.0,0.8352941176470589,0.16470588235294117,8.0,43,sw_lints,hybrid,z72_a0p5_hybrid_corr5_bsstablehie5_top10,72
3144,3,-3.4058005940855827,0.5,-3.495187741599256,-3.137639151544562,-3.495187741599256,-6.4966211204966,-5.1032335721524325,8.159475251878757,12.39604844208364,0.5266692206592941,289,80,0.3781666666666667,0.19416666666666668,0.16949999999999998,0.8305,0.8305,0.8255,4.0,7.9875,4.0,8.25,0.7625,0.2375,8.0,43,sw_lints,hybrid,z72_a0p5_hybrid_corr5_bsstablehie5_top10,72
3145,3,-3.2396569347884276,0.5,-4.213054352415116,-0.319464681908362,-4.213054352415116,-4.522325815609363,-4.98008190476853,6.904989449380805,9.192333373686434,0.7398634603437815,321,102,0.39266666666666666,0.2155,0.21550000000000002,0.7845,0.7845,0.7815,4.0,6.878504672897196,4.0,4.0,0.8529411764705882,0.14705882352941177,7.0,43,sw_lints,hybrid,z72_a0p5_hybrid_corr5_bsstablehie5_top10,72
3146,3,-2.630715410205054,0.5,-2.793788457539204,-2.793788457539204,-2.141496268202603,-4.893964092682187,-5.716497645645891,8.426289164795309,10.01001260394453,0.721578477512329,327,64,0.37966666666666665,0.2195,0.20550000000000002,0.7945,0.7945,0.7895,4.0,6.598039215686274,4.0,6.0,0.8921568627450981,0.10784313725490197,9.0,43,sw_lints,hybrid,z72_a0p5_hybrid_corr5_bsstablehie5_top10,72
3142,3,-4.016686400604254,0.5,-4.736350171950091,-1.8576950865667428,-4.736350171950091,-6.514626696752617,-7.6078754898485705,9.625725274019603,9.993064669065543,0.6278656292618895,415,120,0.4713333333333334,0.2775,0.26749999999999996,0.7325,0.7325,0.731,4.0,6.567164179104478,4.0,5.0,0.8805970149253731,0.11940298507462686,8.0,44,sw_lints,hybrid,z72_a0p5_hybrid_corr5_bsstablehie5_top10,72
3143,3,-5.608610667981603,0.5,-6.409094168749456,-3.207160165678047,-6.409094168749456,-9.442456124459882,-8.14032485441989,12.722152888721183,13.435441444283548,0.5416256991375036,440,140,0.4648333333333334,0.29416666666666663,0.2955,0.7045,0.7045,0.6995,4.0,6.1568627450980395,4.0,5.0,0.9019607843137255,0.09803921568627451,8.0,44,sw_lints,hybrid,z72_a0p5_hybrid_corr5_bsstablehie5_top10,72
3144,3,-3.8200544562890295,0.5,-4.332827602922344,-2.281735016389086,-4.332827602922344,-6.486136179209171,-7.287140744687259,8.727634601145551,13.680143793067534,0.5961080402585327,396,124,0.4771666666666667,0.2648333333333333,0.25949999999999995,0.7405,0.7405,0.739,4.0,6.992307692307692,4.0,6.0,0.8461538461538461,0.15384615384615385,8.0,44,sw_lints,hybrid,z72_a0p5_hybrid_corr5_bsstablehie5_top10,72
3145,3,-5.822391433064088,0.5,-7.122255281258776,-1.922799888480024,-7.122255281258776,-8.916457767049048,-8.023530947350332,11.463407128858162,11.94672870369019,0.5923241764419612,416,127,0.4705,0.2781666666666666,0.2875,0.7125,0.7125,0.7075,4.0,6.267123287671233,4.0,5.0,0.8671328671328671,0.13286713286713286,8.0,44,sw_lints,hybrid,z72_a0p5_hybrid_corr5_bsstablehie5_top10,72
3146,3,-2.8155989312490535,0.5,-3.301339311702197,-1.3583777898896237,-3.301339311702197,-4.614803858842753,-3.627342237404474,7.6592060300225135,7.704529278603278,0.8089476401082252,449,143,0.48300000000000004,0.3005,0.2975,0.7025,0.7025,0.6975,4.0,6.52027027027027,4.0,5.0,0.8986486486486487,0.10135135135135136,8.0,44,sw_lints,hybrid,z72_a0p5_hybrid_corr5_bsstablehie5_top10,72
3142,3,-3.516327438128192,0.5,-3.7512141781810535,-3.7512141781810535,-2.811667217969608,-6.418158384874093,-5.514049739298077,7.282662837746246,14.037390909550474,0.6998824840996067,528,165,0.5238333333333333,0.3535,0.34750000000000003,0.6525,0.6525,0.6475,4.0,5.863157894736842,4.0,5.0,0.9090909090909091,0.09090909090909091,8.0,45,sw_lints,hybrid,z72_a0p5_hybrid_corr5_bsstablehie5_top10,72
3143,3,-4.01107645968224,0.5,-5.12816026752532,-0.6598250361529981,-5.12816026752532,-5.754667993225308,-5.9261515595582015,8.587721500778,12.583188451834214,0.7021719761806688,538,175,0.51,0.3601666666666667,0.36350000000000005,0.6365,0.6365,0.6315,4.0,5.6971428571428575,4.0,5.0,0.9010989010989011,0.0989010989010989,8.0,45,sw_lints,hybrid,z72_a0p5_hybrid_corr5_bsstablehie5_top10,72
3144,3,-5.147940786889517,0.5,-6.086095050277613,-2.333477996725231,-6.086095050277613,-8.310467352154632,-8.05050820364357,9.703946060442481,13.477197291479747,0.614418760342561,559,157,0.5205000000000001,0.3741666666666667,0.38949999999999996,0.6105,0.6105,0.6075,4.0,5.438144329896907,4.0,5.0,0.9123711340206185,0.08762886597938144,8.0,45,sw_lints,hybrid,z72_a0p5_hybrid_corr5_bsstablehie5_top10,72
3145,3,-3.0867227927707055,0.5,-3.405602900314271,-2.1300824701400085,-3.405602900314271,-5.478211554919864,-5.931082838952106,9.096310373219108,9.532523847293973,0.7633965189869512,498,149,0.5043333333333333,0.3335000000000001,0.3195,0.6805,0.6805,0.6755,4.0,5.80503144654088,4.0,5.0,0.9119496855345912,0.0880503144654088,8.0,45,sw_lints,hybrid,z72_a0p5_hybrid_corr5_bsstablehie5_top10,72
3146,3,-3.218879575210873,0.5,-3.9534825073145243,-1.0150707788999178,-3.9534825073145243,-4.922988950175948,-4.626878913381982,7.967804128655043,8.327135828102584,0.7834077427089582,510,160,0.5055,0.34149999999999997,0.3395,0.6605,0.6605,0.6555,4.0,5.88125,4.0,6.0,0.8698224852071006,0.1301775147928994,8.0,45,sw_lints,hybrid,z72_a0p5_hybrid_corr5_bsstablehie5_top10,72
3142,3,-3.8236377948155305,0.5,-4.431203475640444,-2.0009407523407887,-4.431203475640444,-6.347122166718378,-5.591942910176995,6.899461844376564,10.099049061478837,0.6628768773771915,432,133,0.445,0.289,0.2955,0.7045,0.7045,0.7,4.0,6.448979591836735,4.0,5.0,0.8979591836734694,0.10204081632653061,8.0,46,sw_lints,hybrid,z72_a0p5_hybrid_corr5_bsstablehie5_top10,72
3143,3,-3.9501853206749,0.5,-5.278362970673019,0.03434762931945704,-5.278362970673019,-5.25915126238015,-5.321366229747726,8.480319486249677,10.354977523982045,0.7531277652180743,431,122,0.49066666666666664,0.2881666666666667,0.27949999999999997,0.7205,0.7205,0.7155,4.0,6.60655737704918,4.0,6.75,0.8588235294117647,0.1411764705882353,9.0,46,sw_lints,hybrid,z72_a0p5_hybrid_corr5_bsstablehie5_top10,72
3144,3,-5.544280756582606,0.5,-6.868523627113729,-1.5715521449892373,-6.868523627113729,-8.358736196330547,-8.017209007045922,9.034540527772815,10.680188075048669,0.6156521943685536,463,134,0.46649999999999997,0.31016666666666665,0.3235,0.6765,0.6765,0.674,4.0,6.392857142857143,4.0,5.0,0.8928571428571429,0.10714285714285714,8.0,46,sw_lints,hybrid,z72_a0p5_hybrid_corr5_bsstablehie5_top10,72
3145,3,-4.486390196623532,0.5,-5.622049268772293,-1.0794129801772487,-5.622049268772293,-6.6810764895896995,-6.996471312447994,8.800258464628941,9.076298425955365,0.6830425616065827,457,140,0.45133333333333336,0.30616666666666664,0.2995,0.7005,0.7005,0.6955,4.0,5.726190476190476,4.0,5.0,0.9060402684563759,0.09395973154362416,9.0,46,sw_lints,hybrid,z72_a0p5_hybrid_corr5_bsstablehie5_top10,72
3146,3,-4.093216091093481,0.5,-5.298484444497453,-0.4774110308815655,-5.298484444497453,-5.815239618932352,-5.961896954142942,8.8595139653582,9.386266581744795,0.691414746631121,496,157,0.4805,0.33149999999999996,0.3335,0.6665,0.6665,0.6645,4.0,5.635838150289017,4.0,5.0,0.9363057324840764,0.06369426751592357,8.0,46,sw_lints,hybrid,z72_a0p5_hybrid_corr5_bsstablehie5_top10,72
3142,3,-2.8092897299404584,0.5,-3.045215640071389,-2.1015119995476668,-3.045215640071389,-5.09579340296981,-6.767485611217605,7.916957252875523,9.308749551823702,0.6171476994811554,378,117,0.4503333333333333,0.2528333333333333,0.24750000000000005,0.7525,0.7525,0.7475,4.0,6.926829268292683,4.0,5.0,0.8623188405797102,0.13768115942028986,9.0,47,sw_lints,hybrid,z72_a0p5_hybrid_corr5_bsstablehie5_top10,72
3143,3,-3.631078868259749,0.5,-4.760974779477767,-0.24139113460569517,-4.760974779477767,-4.9777853315915115,-6.343665502984397,8.28430722327813,10.659522653211862,0.689198709861567,334,104,0.4383333333333333,0.22416666666666665,0.21950000000000003,0.7805,0.7805,0.779,4.0,7.568807339449541,4.0,5.0,0.8440366972477065,0.1559633027522936,9.0,47,sw_lints,hybrid,z72_a0p5_hybrid_corr5_bsstablehie5_top10,72
3144,3,-3.611621397398059,0.5,-4.442140555068733,-1.1200639243860353,-4.442140555068733,-5.531281100231655,-5.992451731027981,8.686867415908395,10.220436393206167,0.7122780807346081,387,103,0.4658333333333333,0.2588333333333333,0.25949999999999995,0.7405,0.7405,0.7355,4.0,7.108527131782946,4.0,5.0,0.8527131782945736,0.14728682170542637,8.0,47,sw_lints,hybrid,z72_a0p5_hybrid_corr5_bsstablehie5_top10,72
3145,3,-3.0200144201561416,0.5,-3.595607174663884,-1.2932361566329154,-3.595607174663884,-4.859227576751487,-3.8620296647344454,7.011571345307677,11.345165905448473,0.6936908822700026,376,110,0.47866666666666663,0.2515,0.23950000000000005,0.7605,0.7605,0.7555,4.0,7.5636363636363635,4.0,6.0,0.8181818181818182,0.18181818181818182,9.0,47,sw_lints,hybrid,z72_a0p5_hybrid_corr5_bsstablehie5_top10,72
3146,3,-3.3987969919025467,0.5,-4.595314935377056,0.1907568385209816,-4.595314935377056,-4.415595511157714,-2.5624710208160373,8.181327015434636,10.124116605497868,0.7956318820323502,357,100,0.4616666666666666,0.23950000000000002,0.21150000000000002,0.7885,0.7885,0.7835,4.0,8.09,4.0,7.0,0.79,0.21,10.0,47,sw_lints,hybrid,z72_a0p5_hybrid_corr5_bsstablehie5_top10,72
3142,3,-1.4549185759621879,0.5,-2.0035875200507465,0.19108825630348805,-2.0035875200507465,-1.8215696922060893,-1.3684850396930015,6.864422025316463,7.46043934532633,0.8503745482480229,307,77,0.39166666666666666,0.2061666666666667,0.22950000000000004,0.7705,0.7705,0.7655,4.0,6.905172413793103,4.0,7.0,0.8070175438596491,0.19298245614035087,9.0,48,sw_lints,hybrid,z72_a0p5_hybrid_corr5_bsstablehie5_top10,72
3143,3,-3.3668437800871382,0.5,-4.09080990605372,-1.1949454021873935,-4.09080990605372,-5.305876708642303,-5.772078127101976,9.1159535860733,10.397230064420004,0.6154000060263994,276,77,0.3941666666666667,0.1855,0.1915,0.8085,0.8085,0.8055,4.0,7.961538461538462,4.0,6.0,0.7922077922077922,0.2077922077922078,13.0,48,sw_lints,hybrid,z72_a0p5_hybrid_corr5_bsstablehie5_top10,72
3144,3,-2.313423790043326,0.5,-2.577774138955957,-1.5203727433054315,-2.577774138955957,-4.049500546574758,-3.2038336497968056,7.868260002262629,10.147775153879035,0.7647608658687289,336,94,0.422,0.22550000000000003,0.22350000000000003,0.7765,0.7765,0.772,4.0,6.954954954954955,4.0,6.0,0.8288288288288288,0.17117117117117117,11.0,48,sw_lints,hybrid,z72_a0p5_hybrid_corr5_bsstablehie5_top10,72
3145,3,-2.564515629781282,0.5,-3.042750098671409,-1.1298122231109005,-3.042750098671409,-4.123692920726781,-2.9121028399460958,5.9064674685814555,11.330409825572962,0.7566290171761604,405,120,0.41916666666666663,0.2715,0.26749999999999996,0.7325,0.7325,0.7275,4.0,6.131578947368421,4.0,4.0,0.9013157894736842,0.09868421052631579,7.0,48,sw_lints,hybrid,z72_a0p5_hybrid_corr5_bsstablehie5_top10,72
3146,3,-4.719088365250411,0.5,-5.48366620161966,-2.425354856142666,-5.48366620161966,-7.793719714858483,-8.540943741694507,9.869422673093187,13.934211712095035,0.5599547490055568,352,101,0.42683333333333334,0.23616666666666664,0.21150000000000002,0.7885,0.7885,0.787,4.0,7.3428571428571425,4.0,4.75,0.8380952380952381,0.1619047619047619,8.0,48,sw_lints,hybrid,z72_a0p5_hybrid_corr5_bsstablehie5_top10,72
3142,3,-2.250438428967315,0.5,-2.816042563250923,-0.5536260261164901,-2.816042563250923,-3.4147621875012746,-3.624442174957465,7.513416290755181,9.423758344527988,0.8331490872088095,392,107,0.421,0.2628333333333333,0.2835,0.7165,0.7165,0.7115,4.0,6.0212765957446805,4.0,5.0,0.8865248226950354,0.11347517730496454,8.0,49,sw_lints,hybrid,z72_a0p5_hybrid_corr5_bsstablehie5_top10,72
3143,3,-2.088472389917622,0.5,-2.2601246329919222,-1.5735156606947207,-2.2601246329919222,-3.849085669890414,-3.5759910400941397,7.358909378781897,9.645419256262333,0.7836162332824173,338,101,0.3938333333333333,0.22683333333333333,0.22350000000000003,0.7765,0.7765,0.7735,4.0,6.904761904761905,4.0,5.0,0.8514851485148515,0.1485148514851485,9.0,49,sw_lints,hybrid,z72_a0p5_hybrid_corr5_bsstablehie5_top10,72
3144,3,-3.4272294287541243,0.5,-4.238120575009774,-0.9945559899871744,-4.238120575009774,-5.213769929034684,-5.087418113662356,8.43066866543084,10.692353195671666,0.5925335286032626,287,85,0.3718333333333333,0.19283333333333333,0.1995,0.8005,0.8005,0.7955,4.0,7.767676767676767,4.0,6.0,0.8383838383838383,0.16161616161616163,10.0,49,sw_lints,hybrid,z72_a0p5_hybrid_corr5_bsstablehie5_top10,72
3145,3,-2.650674802367836,0.5,-2.6561122941867854,-2.6561122941867854,-2.6343623269109884,-5.214736626793234,-5.617382360374701,9.615367390625352,11.93738811524362,0.6498593065906516,330,101,0.4038333333333333,0.2215,0.22350000000000003,0.7765,0.7765,0.775,4.0,7.257425742574258,4.0,5.0,0.8514851485148515,0.1485148514851485,9.0,49,sw_lints,hybrid,z72_a0p5_hybrid_corr5_bsstablehie5_top10,72
3146,3,-2.6905694317780995,0.5,-3.1893232665134814,-1.1943079275719544,-3.1893232665134814,-4.379952211234021,-3.330946746348229,7.96731927433375,8.781973983602253,0.7465708485029515,370,105,0.4068333333333333,0.24749999999999997,0.25349999999999995,0.7465,0.7465,0.745,4.0,6.3768115942028984,4.0,4.0,0.8768115942028986,0.12318840579710146,8.0,49,sw_lints,hybrid,z72_a0p5_hybrid_corr5_bsstablehie5_top10,72
3142,3,-4.29650281762491,0.5,-5.583395602615575,-0.43582446265291913,-5.583395602615575,-6.022379762334033,-4.961734035863008,10.217098523029255,10.225115512255966,0.7104841890035424,528,152,0.5446666666666666,0.35266666666666663,0.3255,0.6745,0.6745,0.673,4.0,6.631578947368421,4.0,5.0,0.8486842105263158,0.1513157894736842,8.0,0,sw_linucb,corr,z48_a0p5_corr_pruned_top10,48
3142,3,-4.670547522398673,0.5,-5.473573836281086,-2.261468580751432,-5.473573836281086,-7.599081717401901,-9.121855948799451,11.74627440587278,12.240649360923872,0.6218169017062083,481,155,0.5301666666666667,0.32116666666666666,0.3235,0.6765,0.6765,0.6735,4.0,6.548387096774194,4.0,6.0,0.8571428571428571,0.14285714285714285,8.0,1,sw_linucb,corr,z48_a0p5_corr_pruned_top10,48
3142,3,-3.850686692495146,0.5,-4.722259676122472,-1.235967741613168,-4.722259676122472,-5.816777078945926,-9.359558577125926,11.123585338307551,12.10045762800429,0.6604935477306917,484,132,0.5153333333333333,0.32366666666666666,0.3415,0.6585,0.6585,0.655,4.0,5.9,4.0,4.0,0.9,0.1,7.0,2,sw_linucb,corr,z48_a0p5_corr_pruned_top10,48
3142,3,-3.4015410357564746,0.5,-4.187434332243856,-1.04386114629433,-4.187434332243856,-5.181641346057238,-6.455123404018903,9.36571718667808,11.385066859937032,0.697623788646421,417,138,0.5411666666666667,0.27916666666666673,0.27949999999999997,0.7205,0.7205,0.7175,4.0,7.571428571428571,4.0,7.0,0.8071428571428572,0.19285714285714287,10.0,3,sw_linucb,corr,z48_a0p5_corr_pruned_top10,48
3142,3,-3.5592237622290233,0.5,-4.466514797714933,-0.8373506557712925,-4.466514797714933,-5.254413387865649,-6.319190626979965,8.993604352959272,9.6416195788668,0.7263433758222322,471,139,0.5173333333333333,0.31383333333333335,0.32799999999999996,0.672,0.672,0.669,4.0,6.012195121951219,4.0,5.0,0.8780487804878049,0.12195121951219512,9.0,4,sw_linucb,corr,z48_a0p5_corr_pruned_top10,48
3142,3,-6.239443060695626,0.5,-7.045927290380246,-3.8199903716417682,-7.045927290380246,-10.62712506708281,-11.832675844254737,14.464653998686094,16.25903327091458,0.6017612025928762,529,171,0.5386666666666666,0.3531666666666667,0.35250000000000004,0.6475,0.6475,0.6455,4.0,5.920454545454546,4.0,5.0,0.8956043956043956,0.1043956043956044,7.0,5,sw_linucb,corr,z48_a0p5_corr_pruned_top10,48
3142,3,-6.1145243735814425,0.5,-7.48860299492812,-1.9922885095414102,-7.48860299492812,-9.317397873715157,-8.496635730909208,11.512357752235058,15.840512370012982,0.6795377193779187,551,164,0.5021666666666667,0.3678333333333333,0.384,0.616,0.616,0.611,4.0,5.0256410256410255,4.0,4.0,0.9435897435897436,0.05641025641025641,7.0,6,sw_linucb,corr,z48_a0p5_corr_pruned_top10,48
3142,3,-3.2750543631262787,0.5,-3.537086027557198,-3.537086027557198,-2.488959369833521,-5.923259278757101,-4.5395595335254395,9.284419519341814,13.405216126857278,0.763677236051391,468,145,0.5259999999999999,0.3126666666666667,0.31899999999999995,0.681,0.681,0.679,4.0,6.490566037735849,4.0,5.0,0.8805031446540881,0.11949685534591195,8.0,7,sw_linucb,corr,z48_a0p5_corr_pruned_top10,48
3142,3,-3.806679283315473,0.5,-3.8473070351270273,-3.6847960278808096,-3.8473070351270273,-7.392663610204075,-7.985101331833622,9.103834449270398,11.344884492031081,0.6826454710161841,511,162,0.523,0.3416666666666666,0.3395,0.6605,0.6605,0.659,4.0,5.958579881656805,4.0,5.0,0.8757396449704142,0.1242603550295858,7.0,8,sw_linucb,corr,z48_a0p5_corr_pruned_top10,48
3142,3,-4.718247918938589,0.5,-5.4043818772258945,-2.659846044076671,-5.4043818772258945,-7.849487527685249,-5.750993637032598,8.522506169856614,17.00589373608754,0.7502626100234459,547,163,0.5306666666666667,0.365,0.37749999999999995,0.6225,0.6225,0.6195,4.0,5.420512820512821,4.0,5.0,0.9153439153439153,0.08465608465608465,8.0,9,sw_linucb,corr,z48_a0p5_corr_pruned_top10,48
3142,3,-4.234928554444327,0.5,-5.45750694905115,-0.5671933706238567,-5.45750694905115,-5.97484333223715,-6.040348613937052,10.009814115251903,11.768825859808329,0.7391763646746684,502,141,0.5253333333333333,0.336,0.31499999999999995,0.685,0.685,0.683,4.0,6.057324840764331,4.0,6.0,0.8789808917197452,0.12101910828025478,8.0,10,sw_linucb,corr,z48_a0p5_corr_pruned_top10,48
3142,3,-4.598884323743059,0.5,-5.842738139923724,-0.8673228752010634,-5.842738139923724,-6.682549855136255,-7.83451227064258,10.541606586818041,11.343969526112641,0.6686309011281693,436,131,0.5295,0.2916666666666667,0.28800000000000003,0.712,0.712,0.7095,4.0,7.020833333333333,4.0,5.25,0.8333333333333334,0.16666666666666666,8.0,11,sw_linucb,corr,z48_a0p5_corr_pruned_top10,48
3142,3,-7.06565999469713,0.5,-8.308181335952618,-3.3380959709306652,-8.308181335952618,-11.34799350235996,-12.918008875919472,14.697547768285046,18.180479180393583,0.5652716935679035,496,157,0.531,0.33116666666666666,0.3195,0.6805,0.6805,0.6775,4.0,6.515923566878981,4.0,5.0,0.8833333333333333,0.11666666666666667,7.0,12,sw_linucb,corr,z48_a0p5_corr_pruned_top10,48
3142,3,-3.4254279650304404,0.5,-4.1293662161545175,-1.3136132116582082,-4.1293662161545175,-5.3750423269800836,-4.897602583312977,9.700126715582213,9.882774659813265,0.7229494053762905,451,140,0.5275,0.301,0.3055,0.6945,0.6945,0.6915,4.0,7.322368421052632,4.0,6.5,0.8421052631578947,0.15789473684210525,8.0,13,sw_linucb,corr,z48_a0p5_corr_pruned_top10,48
3142,3,-5.431549522516873,0.5,-6.69565240349338,-1.6392408795873523,-6.69565240349338,-8.198307035116715,-6.639617311810431,10.250288205960578,13.280079788803434,0.686516100240907,496,159,0.5243333333333333,0.33099999999999996,0.31999999999999995,0.68,0.68,0.677,4.0,6.28125,4.0,5.0,0.86875,0.13125,8.0,14,sw_linucb,corr,z48_a0p5_corr_pruned_top10,48
3142,3,-3.971208058259255,0.5,-5.043987857361676,-0.7528686609519922,-5.043987857361676,-5.7285927584417635,-8.71256283956704,10.881885422850468,11.07648100579003,0.6800140618544223,525,148,0.5263333333333334,0.35033333333333333,0.35550000000000004,0.6445,0.6445,0.642,4.0,5.629213483146067,4.0,4.0,0.9044943820224719,0.09550561797752809,7.0,15,sw_linucb,corr,z48_a0p5_corr_pruned_top10,48
3142,3,-3.6370710791192984,0.5,-4.416843437077426,-1.2977540052449148,-4.416843437077426,-5.628909259424446,-6.296848484123285,8.667875747046761,10.722006391019834,0.7196329196272955,510,149,0.5139999999999999,0.3401666666666667,0.34950000000000003,0.6505,0.6505,0.649,4.0,5.473118279569892,4.0,5.0,0.9142857142857143,0.08571428571428572,7.0,16,sw_linucb,corr,z48_a0p5_corr_pruned_top10,48
3142,3,-4.174404946557569,0.5,-4.778275744187591,-2.362792553667503,-4.778275744187591,-7.00157953880673,-4.557714034178783,8.94103538971306,14.633456939038169,0.6888309029293841,369,108,0.5128333333333334,0.24633333333333338,0.25349999999999995,0.7465,0.7465,0.7435,4.0,7.984251968503937,4.0,8.0,0.7795275590551181,0.2204724409448819,11.0,17,sw_linucb,corr,z48_a0p5_corr_pruned_top10,48
3142,3,-4.319506029476332,0.5,-5.563919756587779,-0.5862648481419893,-5.563919756587779,-6.10132919305602,-4.997268145181555,9.914948593975737,11.89057030302736,0.7700194752778022,544,160,0.517,0.36366666666666664,0.35950000000000004,0.6405,0.6405,0.639,4.0,5.932960893854749,4.0,5.0,0.9106145251396648,0.0893854748603352,7.0,18,sw_linucb,corr,z48_a0p5_corr_pruned_top10,48
3142,3,-4.156303196158322,0.5,-5.086745212480836,-1.3649771471907786,-5.086745212480836,-6.358411433911793,-8.84712228988045,9.967210881017285,10.353304364307958,0.6480345735073728,475,134,0.5118333333333333,0.317,0.33199999999999996,0.668,0.668,0.663,4.0,5.525714285714286,4.0,5.0,0.9096385542168675,0.09036144578313253,7.0,19,sw_linucb,corr,z48_a0p5_corr_pruned_top10,48
3142,3,-4.648751855859129,0.5,-5.921596865494153,-0.8302168269540592,-5.921596865494153,-6.6913916500153094,-6.703245855163431,7.251306261767166,12.352937077971117,0.7284780118908271,549,153,0.5466666666666667,0.36683333333333334,0.391,0.609,0.609,0.607,4.0,5.589743589743589,4.0,5.0,0.9076923076923077,0.09230769230769231,7.0,20,sw_linucb,corr,z48_a0p5_corr_pruned_top10,48
3142,3,-4.290354312101668,0.5,-5.617202312328281,-0.3098103114218283,-5.617202312328281,-5.940854395920965,-6.927955933418817,9.171869161649127,10.858820849894324,0.6930146618491448,418,131,0.5218333333333334,0.2791666666666667,0.27549999999999997,0.7245,0.7245,0.7215,4.0,7.877862595419847,4.0,7.0,0.8102189781021898,0.1897810218978102,10.0,21,sw_linucb,corr,z48_a0p5_corr_pruned_top10,48
3142,3,-3.4795177742861982,0.5,-4.94436031856699,0.915009858556178,-4.94436031856699,-4.074798923376,-5.874117992269334,7.9584155384763715,10.414584182161136,0.7288101690118666,438,126,0.5358333333333333,0.29233333333333333,0.30800000000000005,0.692,0.692,0.6895,4.0,6.822784810126582,4.0,6.0,0.8571428571428571,0.14285714285714285,9.0,22,sw_linucb,corr,z48_a0p5_corr_pruned_top10,48
3142,3,-4.353073355641005,0.5,-5.454998871792597,-1.0472968071862265,-5.454998871792597,-6.366522373442507,-3.2127903950027403,7.658340641491357,14.45028229066202,0.8186734830468969,468,132,0.5343333333333333,0.31266666666666665,0.30100000000000005,0.699,0.699,0.695,4.0,6.56,4.0,5.0,0.8533333333333334,0.14666666666666667,8.0,23,sw_linucb,corr,z48_a0p5_corr_pruned_top10,48
3142,3,-4.202562524701902,0.5,-5.008624055075642,-1.7843779335806793,-5.008624055075642,-6.68472035061269,-8.278695688778681,9.707448912678618,12.09273845079153,0.6353893061886322,476,145,0.5156666666666666,0.31783333333333336,0.31599999999999995,0.684,0.684,0.68,4.0,6.120253164556962,4.0,5.75,0.8620689655172413,0.13793103448275862,8.0,24,sw_linucb,corr,z48_a0p5_corr_pruned_top10,48
3142,3,-4.62516206433691,0.5,-5.68859979155264,-1.4348488826897172,-5.68859979155264,-7.1063077414342635,-7.33091626910668,10.362024831173333,10.996723792487263,0.6351399815954761,443,139,0.5168333333333334,0.2956666666666667,0.2935,0.7065,0.7065,0.7035,4.0,7.410071942446043,4.0,6.0,0.8082191780821918,0.1917808219178082,8.5,25,sw_linucb,corr,z48_a0p5_corr_pruned_top10,48
3142,3,-3.5790722398860346,0.5,-4.078589288644248,-2.0805210936113947,-4.078589288644248,-6.082658527945221,-7.610107154570045,10.659073164309907,10.741325461888119,0.650125736481233,470,136,0.5426666666666666,0.31383333333333335,0.33199999999999996,0.668,0.668,0.6655,4.0,6.22289156626506,4.0,5.0,0.8571428571428571,0.14285714285714285,8.0,26,sw_linucb,corr,z48_a0p5_corr_pruned_top10,48
3142,3,-4.717435173743712,0.5,-5.5727501345715424,-2.15149029126022,-5.5727501345715424,-7.567556820772477,-8.191689751066411,12.34508136989919,15.810617927239068,0.6909624726487406,454,117,0.5371666666666667,0.303,0.32399999999999995,0.676,0.676,0.6745,4.0,6.506172839506172,4.0,6.0,0.8209876543209876,0.17901234567901234,8.0,27,sw_linucb,corr,z48_a0p5_corr_pruned_top10,48
3142,3,-2.7836380115429478,0.5,-3.518769716312176,-0.578242897235263,-3.518769716312176,-4.107363919297701,-3.9130641310617054,8.068946448000258,9.289472000232523,0.7782145959069884,475,148,0.5175,0.318,0.3215,0.6785,0.6785,0.677,4.0,6.4,4.0,5.0,0.875,0.125,8.0,28,sw_linucb,corr,z48_a0p5_corr_pruned_top10,48
3142,3,-4.21791406481654,0.5,-4.916918896062302,-2.120899571079256,-4.916918896062302,-6.937337128161814,-6.968209303824235,10.168895004433832,11.605011512610375,0.7019622380846722,511,159,0.5141666666666667,0.3411666666666667,0.34950000000000003,0.6505,0.6505,0.649,4.0,5.962264150943396,4.0,5.0,0.8930817610062893,0.1069182389937107,8.0,29,sw_linucb,corr,z48_a0p5_corr_pruned_top10,48
3142,3,-4.966947441345804,0.5,-6.469711645604051,-0.458654828571059,-6.469711645604051,-6.874716865900919,-7.46085686034662,10.345478970761668,12.712198231941086,0.6949355950691036,512,146,0.5179999999999999,0.3421666666666667,0.34750000000000003,0.6525,0.6525,0.6475,4.0,5.528735632183908,4.0,5.0,0.8908045977011494,0.10919540229885058,7.0,30,sw_linucb,corr,z48_a0p5_corr_pruned_top10,48
3142,3,-3.122093598388159,0.5,-3.736383281363731,-1.279224549461444,-3.736383281363731,-4.9862412900375075,-4.647306819582053,9.463677870799048,10.574232482058965,0.7545198487802198,449,144,0.5116666666666666,0.29966666666666664,0.2995,0.7005,0.7005,0.697,4.0,6.587096774193548,4.0,6.0,0.8533333333333334,0.14666666666666667,8.0,31,sw_linucb,corr,z48_a0p5_corr_pruned_top10,48
3142,3,-3.80496898408051,0.5,-5.310460490333365,0.7115055346780549,-5.310460490333365,-4.616961254072586,-4.629513422609066,10.098999386325836,10.784520798534325,0.7773455495426465,468,148,0.5291666666666667,0.31233333333333335,0.31799999999999995,0.682,0.682,0.6795,4.0,6.422360248447205,4.0,6.0,0.8695652173913043,0.13043478260869565,8.5,32,sw_linucb,corr,z48_a0p5_corr_pruned_top10,48
3142,3,-3.563536909287623,0.5,-4.289850999885821,-1.3845946374930307,-4.289850999885821,-5.5917183557875,-4.274308321349974,6.620437594972617,10.763698793997744,0.8046829110578868,563,170,0.5451666666666667,0.37566666666666665,0.36950000000000005,0.6305,0.6305,0.629,4.0,5.592391304347826,4.0,4.0,0.9058823529411765,0.09411764705882353,7.0,33,sw_linucb,corr,z48_a0p5_corr_pruned_top10,48
3142,3,-3.1668335213338343,0.5,-3.6331392929926634,-1.7679162063573486,-3.6331392929926634,-5.345526652314326,-5.006463473785638,7.793790365962739,8.396803401540199,0.7061787205032349,479,143,0.5326666666666666,0.31966666666666665,0.3135,0.6865,0.6865,0.684,4.0,6.229299363057325,4.0,6.0,0.8603351955307262,0.13966480446927373,8.0,34,sw_linucb,corr,z48_a0p5_corr_pruned_top10,48
3142,3,-4.624408304353261,0.5,-5.723333983303166,-1.3276312675035447,-5.723333983303166,-6.952553262045799,-8.142444492786593,11.157046936476966,12.303660260612915,0.6693018308535165,514,161,0.5231666666666667,0.34299999999999997,0.35,0.65,0.65,0.6475,4.0,5.926966292134831,4.0,5.0,0.8707865168539326,0.12921348314606743,7.0,35,sw_linucb,corr,z48_a0p5_corr_pruned_top10,48
3142,3,-4.3194034391226825,0.5,-5.326509850524745,-1.2980842049164945,-5.326509850524745,-6.528092691202883,-5.692505358357536,8.887784067282833,11.858329793318934,0.7765322599017437,550,159,0.5275,0.3678333333333333,0.37050000000000005,0.6295,0.6295,0.625,4.0,5.221621621621622,4.0,4.0,0.9081081081081082,0.0918918918918919,7.0,36,sw_linucb,corr,z48_a0p5_corr_pruned_top10,48
3142,3,-3.5836930574884165,0.5,-4.68677378706455,-0.27445086876001595,-4.68677378706455,-4.96424879911865,-5.218780602884687,8.108217938078898,11.720997333835959,0.7453701388647551,458,138,0.5166666666666666,0.3055,0.3075,0.6925,0.6925,0.689,4.0,6.37012987012987,4.0,6.0,0.8636363636363636,0.13636363636363635,8.0,37,sw_linucb,corr,z48_a0p5_corr_pruned_top10,48
3142,3,-3.270931308560825,0.5,-4.169098649437616,-0.576429285930454,-4.169098649437616,-4.698065702066516,-6.680715586138963,9.476507095960251,10.345703787671178,0.6997288438209097,485,156,0.5336666666666666,0.32416666666666666,0.3255,0.6745,0.6745,0.673,4.0,6.481481481481482,4.0,5.0,0.8653846153846154,0.1346153846153846,8.0,38,sw_linucb,corr,z48_a0p5_corr_pruned_top10,48
3142,3,-4.294172941086786,0.5,-5.354150968787304,-1.1142388579852318,-5.354150968787304,-6.398777191629516,-5.828258592724778,9.084582267507512,13.205761818904449,0.741568491697382,467,142,0.5346666666666667,0.31233333333333335,0.29800000000000004,0.702,0.702,0.6995,4.0,6.738255033557047,4.0,6.0,0.8579545454545454,0.14204545454545456,8.0,39,sw_linucb,corr,z48_a0p5_corr_pruned_top10,48
3142,3,-4.606287327565376,0.5,-5.625467933702048,-1.5487455091553617,-5.625467933702048,-7.071724625607508,-7.125803648430351,8.231696927815591,12.850371463539778,0.7318125003786375,551,160,0.5456666666666666,0.3681666666666667,0.36550000000000005,0.6345,0.6345,0.6315,4.0,5.708791208791209,4.0,5.0,0.8846153846153846,0.11538461538461539,7.0,40,sw_linucb,corr,z48_a0p5_corr_pruned_top10,48
3142,3,-4.695481987031954,0.5,-5.612836597174083,-1.943418156605566,-5.612836597174083,-7.427266076982709,-9.358046529925046,11.010915098935337,11.35585581502574,0.6603930097601588,490,148,0.5456666666666666,0.32699999999999996,0.33399999999999996,0.666,0.666,0.664,4.0,6.544910179640719,4.0,5.0,0.8562874251497006,0.1437125748502994,7.0,41,sw_linucb,corr,z48_a0p5_corr_pruned_top10,48
3142,3,-5.105505556500999,0.5,-6.4106539016915205,-1.190060520929433,-6.4106539016915205,-7.490574920530172,-10.365166044882779,12.174809315662504,12.936306659819795,0.6206858010228166,462,136,0.5341666666666667,0.30816666666666664,0.3135,0.6865,0.6865,0.685,4.0,6.904458598726115,4.0,6.0,0.8662420382165605,0.1337579617834395,9.0,42,sw_linucb,corr,z48_a0p5_corr_pruned_top10,48
3142,3,-3.4990321277994036,0.5,-4.536584399154601,-0.38637531373381107,-4.536584399154601,-4.908772739371063,-5.197210435987931,8.411574487659657,10.414399854995327,0.752298451404492,456,133,0.5253333333333333,0.3045,0.31399999999999995,0.686,0.686,0.6835,4.0,6.271084337349397,4.0,5.0,0.8726114649681529,0.12738853503184713,8.0,43,sw_linucb,corr,z48_a0p5_corr_pruned_top10,48
3142,3,-5.191929967300094,0.5,-6.227322622151211,-2.0857520027467435,-6.227322622151211,-8.122220313886222,-11.52016250183654,13.088702398752583,14.733943623133506,0.5891028670613271,476,131,0.5283333333333333,0.31816666666666665,0.3135,0.6865,0.6865,0.685,4.0,6.506410256410256,4.0,5.0,0.8653846153846154,0.1346153846153846,8.0,44,sw_linucb,corr,z48_a0p5_corr_pruned_top10,48
3142,3,-4.853799142027175,0.5,-6.0595022000589625,-1.2366899679318146,-6.0595022000589625,-7.187480092995898,-5.219559000335261,10.537552139186634,14.461363826586382,0.7535158366933827,539,159,0.5385,0.35966666666666663,0.31999999999999995,0.68,0.68,0.6775,4.0,6.51875,4.0,5.0,0.8625,0.1375,8.0,45,sw_linucb,corr,z48_a0p5_corr_pruned_top10,48
3142,3,-1.8359701391497931,0.5,-2.2701897771845836,-0.5333112250454223,-2.2701897771845836,-2.7819790570499436,-2.7563340490123656,5.771629377985398,8.325767805227969,0.8575701839760264,486,145,0.5238333333333333,0.32516666666666666,0.3235,0.6765,0.6765,0.675,4.0,6.571428571428571,4.0,5.0,0.8757763975155279,0.12422360248447205,8.0,46,sw_linucb,corr,z48_a0p5_corr_pruned_top10,48
3142,3,-3.981596075002519,0.5,-4.909167490528195,-1.198881828425491,-4.909167490528195,-6.044074465468896,-7.090854082032594,8.780257478282849,10.192207616124438,0.7286437804155729,514,153,0.5395,0.3431666666666667,0.3175,0.6825,0.6825,0.6795,4.0,6.723270440251572,4.0,5.0,0.8616352201257862,0.13836477987421383,7.0,47,sw_linucb,corr,z48_a0p5_corr_pruned_top10,48
3142,3,-3.888296656303482,0.5,-4.817811121544673,-1.0997532605799092,-4.817811121544673,-5.867372242935865,-5.335823671506201,8.989367829684724,10.857259418548615,0.7575059511155809,448,131,0.5296666666666666,0.29916666666666664,0.31399999999999995,0.686,0.686,0.6835,4.0,6.585987261146497,4.0,5.25,0.8471337579617835,0.15286624203821655,8.0,48,sw_linucb,corr,z48_a0p5_corr_pruned_top10,48
3142,3,-5.055993693652132,0.5,-6.778869727299093,0.11263440728875122,-6.778869727299093,-6.673128513847925,-5.132240045339998,9.19922209971521,13.347639827386171,0.775952945967095,512,141,0.5308333333333333,0.3416666666666666,0.352,0.648,0.648,0.6455,4.0,5.721590909090909,4.0,5.0,0.9034090909090909,0.09659090909090909,8.0,49,sw_linucb,corr,z48_a0p5_corr_pruned_top10,48
3142,3,-4.205368956975946,0.5,-5.929193661056764,0.9661051552665093,-5.929193661056764,-5.0010881640533835,-3.1257952090450125,9.926758465168284,12.35799399133507,0.7406979103103831,357,103,0.513,0.23949999999999996,0.21750000000000003,0.7825,0.7825,0.7775,4.0,8.815533980582524,4.0,8.0,0.7777777777777778,0.2222222222222222,9.0,0,sw_linucb,hybrid,z72_a0p5_hybrid_corr5_bsstablehie5_top10,72
3142,3,-4.552113494707942,0.5,-5.431949154450089,-1.9126065154815002,-5.431949154450089,-7.298141352995597,-6.816905523250449,10.916044726880536,11.004484136184056,0.6237207914284639,369,105,0.43083333333333335,0.24749999999999997,0.25949999999999995,0.7405,0.7405,0.737,4.0,6.651162790697675,4.0,4.0,0.8604651162790697,0.13953488372093023,7.0,1,sw_linucb,hybrid,z72_a0p5_hybrid_corr5_bsstablehie5_top10,72
3142,3,-0.8145363063672695,0.5,-1.1824990250775103,0.28935184976345285,-1.1824990250775103,-0.8799861750689401,0.5966580918846054,7.614391386228325,8.95890761492627,0.9875164460396021,412,105,0.5208333333333334,0.27616666666666667,0.3015,0.6985,0.6985,0.6935,4.0,6.953333333333333,4.0,5.0,0.8666666666666667,0.13333333333333333,7.0,2,sw_linucb,hybrid,z72_a0p5_hybrid_corr5_bsstablehie5_top10,72
3142,3,-3.1042449323129997,0.5,-3.3245727877006455,-2.4432613661500624,-3.3245727877006455,-5.706539478051364,-4.671061721574487,8.02401825629524,10.985281958407068,0.7825709759061932,363,91,0.4243333333333333,0.24349999999999997,0.26549999999999996,0.7345,0.7345,0.7295,4.0,6.5,4.0,4.0,0.8863636363636364,0.11363636363636363,6.0,3,sw_linucb,hybrid,z72_a0p5_hybrid_corr5_bsstablehie5_top10,72
3142,3,-3.6064376628334767,0.5,-4.224129149498627,-1.7533632028380246,-4.224129149498627,-5.895145160572646,-6.245015599363246,10.194339548342535,12.45549123011217,0.6427961159942802,346,113,0.5091666666666667,0.2315,0.23350000000000004,0.7665,0.7665,0.7615,4.0,8.333333333333334,4.0,6.0,0.7948717948717948,0.20512820512820512,8.0,4,sw_linucb,hybrid,z72_a0p5_hybrid_corr5_bsstablehie5_top10,72
3142,3,-1.6133208987397776,0.5,-1.7281587963496328,-1.2688072059102125,-1.7281587963496328,-2.96531668204217,-1.9930459058474903,5.884177265066526,8.425894971363467,0.8934383538153763,387,102,0.45449999999999996,0.2595,0.27949999999999997,0.7205,0.7205,0.7155,4.0,6.539568345323741,4.0,4.5,0.8904109589041096,0.1095890410958904,7.0,5,sw_linucb,hybrid,z72_a0p5_hybrid_corr5_bsstablehie5_top10,72
3142,3,-3.6705713534088735,0.5,-4.564057389906506,-0.9901132439159762,-4.564057389906506,-5.510461647935952,-5.774936202391157,7.602262861880837,8.131675124901705,0.6545495450895645,470,139,0.5231666666666667,0.31483333333333335,0.3235,0.6765,0.6765,0.6735,4.0,6.9784172661870505,4.0,4.0,0.8695652173913043,0.13043478260869565,7.0,6,sw_linucb,hybrid,z72_a0p5_hybrid_corr5_bsstablehie5_top10,72
3142,3,-3.259240932834357,0.5,-4.350262954112682,0.013825131000618404,-4.350262954112682,-4.279055865146279,-3.771212178782468,6.87685918679708,13.09456690936005,0.6864823791115073,376,110,0.4558333333333333,0.2515,0.23550000000000004,0.7645,0.7645,0.7595,4.0,7.172727272727273,4.0,6.0,0.8545454545454545,0.14545454545454545,9.0,7,sw_linucb,hybrid,z72_a0p5_hybrid_corr5_bsstablehie5_top10,72
3142,3,-4.488621590705824,0.5,-5.978318344469844,-0.019531329413765192,-5.978318344469844,-6.026889113103444,-5.97732621995627,11.847059265688353,11.928438472385416,0.6386088539282928,333,102,0.4708333333333334,0.2235,0.22950000000000004,0.7705,0.7705,0.7655,4.0,8.145299145299145,4.0,5.0,0.8290598290598291,0.17094017094017094,9.0,8,sw_linucb,hybrid,z72_a0p5_hybrid_corr5_bsstablehie5_top10,72
3142,3,-5.377640189810853,0.5,-6.967379172387562,-0.6084232420807245,-6.967379172387562,-7.53494005732673,-7.370968987333892,8.420604637539764,11.212308953666872,0.639179366347029,421,99,0.4789999999999999,0.28150000000000003,0.3075,0.6925,0.6925,0.6875,4.0,6.909090909090909,4.0,5.0,0.8701298701298701,0.12987012987012986,7.0,9,sw_linucb,hybrid,z72_a0p5_hybrid_corr5_bsstablehie5_top10,72
3142,3,-4.214638842646871,0.5,-5.861691363656658,0.7265187203824889,-5.861691363656658,-5.210644898465822,-4.614012233157738,9.364244326939774,11.724167557784204,0.6997381922008922,343,103,0.4691666666666667,0.23016666666666666,0.21150000000000002,0.7885,0.7885,0.7835,4.0,7.961165048543689,4.0,5.5,0.8155339805825242,0.18446601941747573,9.0,10,sw_linucb,hybrid,z72_a0p5_hybrid_corr5_bsstablehie5_top10,72
3142,3,-5.162859135355215,0.5,-6.241567264715608,-1.9267347472740355,-6.241567264715608,-8.054305151020893,-8.344581386382831,9.45118154140202,10.683941562633958,0.5630912673597195,462,115,0.4531666666666667,0.30883333333333335,0.2915,0.7085,0.7085,0.7035,4.0,5.958620689655173,4.0,4.0,0.9241379310344827,0.07586206896551724,7.0,11,sw_linucb,hybrid,z72_a0p5_hybrid_corr5_bsstablehie5_top10,72
3142,3,-3.738195133179041,0.5,-4.603948109110131,-1.1409362053857712,-4.603948109110131,-5.6997623888114175,-6.279731089132612,11.353526039356353,12.574344077323119,0.6934955152312975,386,125,0.5373333333333333,0.25833333333333336,0.26149999999999995,0.7385,0.7385,0.7335,4.0,8.223076923076922,4.0,7.0,0.7846153846153846,0.2153846153846154,8.0,12,sw_linucb,hybrid,z72_a0p5_hybrid_corr5_bsstablehie5_top10,72
3142,3,-1.0004061400100765,0.5,-1.3826790191200884,0.14641249731995876,-1.3826790191200884,-1.2305022502476042,-0.1790903096734131,6.195320326368748,9.779028202140172,0.9867768262560658,294,81,0.45216666666666666,0.1975,0.20350000000000001,0.7965,0.7965,0.7915,4.0,9.237623762376238,4.0,6.0,0.8118811881188119,0.18811881188118812,9.0,13,sw_linucb,hybrid,z72_a0p5_hybrid_corr5_bsstablehie5_top10,72
3142,3,-4.138052618627002,0.5,-5.576400461608903,0.17699091031869743,-5.576400461608903,-5.387276060255126,-3.1401843716935773,7.62687093640425,14.009555822616804,0.8225849161936379,409,124,0.513,0.27416666666666667,0.26549999999999996,0.7345,0.7345,0.731,4.0,7.2026143790849675,4.0,5.0,0.8333333333333334,0.16666666666666666,7.5,14,sw_linucb,hybrid,z72_a0p5_hybrid_corr5_bsstablehie5_top10,72
3142,3,-3.2667447185159526,0.5,-3.3351310714361,-3.0615856597555093,-3.3351310714361,-6.271807110220799,-5.543581313687628,10.980488497781849,11.137265024313336,0.6768611364325218,433,119,0.4891666666666667,0.2901666666666667,0.26949999999999996,0.7305,0.7305,0.7255,4.0,6.447761194029851,4.0,5.0,0.8805970149253731,0.11940298507462686,8.0,15,sw_linucb,hybrid,z72_a0p5_hybrid_corr5_bsstablehie5_top10,72
3142,3,-1.3992481761759759,0.5,-1.4614961110756146,-1.4614961110756146,-1.2125043714770596,-2.70284037205201,-1.4682418219298055,7.660644691333074,7.970667058187663,0.8735568268977938,405,108,0.4825,0.2715,0.2855,0.7145,0.7145,0.7095,4.0,6.542253521126761,4.0,5.0,0.8802816901408451,0.11971830985915492,7.5,16,sw_linucb,hybrid,z72_a0p5_hybrid_corr5_bsstablehie5_top10,72
3142,3,-2.89169539801112,0.5,-3.9070094128068167,0.15424664637596988,-3.9070094128068167,-3.753963888592423,-3.4871500076089745,6.177712086184439,6.213362246465115,0.7122054854187138,328,88,0.42783333333333334,0.21966666666666668,0.23950000000000005,0.7605,0.7605,0.7555,4.0,7.067226890756302,4.0,6.0,0.8319327731092437,0.16806722689075632,8.0,17,sw_linucb,hybrid,z72_a0p5_hybrid_corr5_bsstablehie5_top10,72
3142,3,-2.188129815679337,0.5,-3.3907519217106183,1.4197365024145074,-3.3907519217106183,-2.0487041585698993,-1.825183512661499,6.247903059069337,9.669080668856921,0.8301381911026056,367,84,0.47733333333333333,0.24616666666666667,0.23150000000000004,0.7685,0.7685,0.7635,4.0,7.643478260869565,4.0,5.5,0.8695652173913043,0.13043478260869565,9.0,18,sw_linucb,hybrid,z72_a0p5_hybrid_corr5_bsstablehie5_top10,72
3142,3,-3.0117633443389584,0.5,-3.6837496602294366,-0.9958043966675248,-3.6837496602294366,-4.643154316025533,-4.9408905706571415,9.038935895231525,10.11334217924028,0.6755746527155707,303,93,0.4526666666666667,0.20299999999999999,0.20350000000000001,0.7965,0.7965,0.7915,4.0,8.148514851485148,4.0,7.0,0.8316831683168316,0.16831683168316833,10.0,19,sw_linucb,hybrid,z72_a0p5_hybrid_corr5_bsstablehie5_top10,72
3142,3,-4.5100944955871345,0.5,-5.493076852770528,-1.5611474240369538,-5.493076852770528,-6.987987032159818,-6.775037101687031,7.982694877624674,9.324307603699289,0.5677017007780715,350,106,0.39799999999999996,0.23349999999999996,0.23750000000000004,0.7625,0.7625,0.7575,4.0,6.737288135593221,4.0,5.0,0.8584905660377359,0.14150943396226415,8.0,20,sw_linucb,hybrid,z72_a0p5_hybrid_corr5_bsstablehie5_top10,72
3142,3,-3.4151508653226013,0.5,-3.9740461939350653,-1.7384648794852093,-3.9740461939350653,-5.632611384872256,-6.6164142756148685,8.831239082496756,12.027268683465975,0.6869030977908679,408,115,0.535,0.2735,0.25749999999999995,0.7425,0.7425,0.7375,4.0,7.734375,4.0,8.0,0.8046875,0.1953125,9.0,21,sw_linucb,hybrid,z72_a0p5_hybrid_corr5_bsstablehie5_top10,72
3142,3,-4.448177978920346,0.5,-5.7272498405670795,-0.6109623939801448,-5.7272498405670795,-6.303181469540036,-6.7332133892230805,8.697890022863142,9.72695264494331,0.7064850181396188,400,101,0.4908333333333333,0.26816666666666666,0.2855,0.7145,0.7145,0.7095,4.0,6.950704225352113,4.0,4.75,0.8802816901408451,0.11971830985915492,7.0,22,sw_linucb,hybrid,z72_a0p5_hybrid_corr5_bsstablehie5_top10,72
3142,3,-3.367191796932648,0.5,-4.104915004511415,-1.1540221741963455,-4.104915004511415,-5.2491732199429455,-6.028379389940664,9.782710255192416,12.360940888380101,0.6813902643154822,347,103,0.45566666666666666,0.23283333333333334,0.23950000000000005,0.7605,0.7605,0.7555,4.0,7.53781512605042,4.0,5.0,0.84,0.16,7.0,23,sw_linucb,hybrid,z72_a0p5_hybrid_corr5_bsstablehie5_top10,72
3142,3,-3.2464701317916393,0.5,-4.092264037727138,-0.7090884139851447,-4.092264037727138,-4.788005840813792,-5.530259860599207,8.116897096034414,8.56930110888985,0.6994990055999443,329,108,0.48866666666666664,0.22083333333333333,0.22150000000000003,0.7785,0.7785,0.7735,4.0,8.209090909090909,4.0,8.0,0.7685185185185185,0.23148148148148148,9.5,24,sw_linucb,hybrid,z72_a0p5_hybrid_corr5_bsstablehie5_top10,72
3142,3,-1.7940815243973018,0.5,-1.9610142425306603,-1.9610142425306603,-1.2932833699972262,-3.2685656345091716,-3.9365293698044757,7.396693236518271,9.673683916489217,0.7214089471874174,374,109,0.48066666666666674,0.2508333333333333,0.22950000000000004,0.7705,0.7705,0.7655,4.0,8.114035087719298,4.0,6.75,0.7894736842105263,0.21052631578947367,8.0,25,sw_linucb,hybrid,z72_a0p5_hybrid_corr5_bsstablehie5_top10,72
3142,3,-3.35676936357126,0.5,-3.8620228332557773,-1.8410089545177089,-3.8620228332557773,-5.673974687141333,-6.08246026551188,11.3219338791553,11.540982083542218,0.7439084512517808,441,136,0.5411666666666667,0.2955,0.2815,0.7185,0.7185,0.7135,4.0,7.3088235294117645,4.0,5.0,0.8308823529411765,0.16911764705882354,7.0,26,sw_linucb,hybrid,z72_a0p5_hybrid_corr5_bsstablehie5_top10,72
3142,3,-6.170000538058362,0.5,-7.5408223005943,-2.0575352504505484,-7.5408223005943,-9.472945182241416,-7.974937485082778,9.600421606611565,14.379942173407922,0.6234523820947176,529,137,0.5258333333333333,0.35333333333333333,0.36750000000000005,0.6325,0.6325,0.629,4.0,5.559808612440191,4.0,4.0,0.9016393442622951,0.09836065573770492,6.0,27,sw_linucb,hybrid,z72_a0p5_hybrid_corr5_bsstablehie5_top10,72
3142,3,-3.655746455372351,0.5,-5.240535062778124,1.09861936684497,-5.240535062778124,-4.197802133846419,-4.513216325590575,7.036871593846772,8.163774714910332,0.6411533525316522,355,82,0.4761666666666667,0.23766666666666666,0.258,0.742,0.742,0.7405,4.0,8.395348837209303,4.0,6.0,0.8333333333333334,0.16666666666666666,7.0,28,sw_linucb,hybrid,z72_a0p5_hybrid_corr5_bsstablehie5_top10,72
3142,3,-5.342807202306265,0.5,-7.356980998299481,0.6997141856733835,-7.356980998299481,-6.731773986064359,-7.42631572643957,10.293866477847812,13.915968589512351,0.657150048693012,447,120,0.5121666666666665,0.2995,0.3055,0.6945,0.6945,0.692,4.0,6.546052631578948,4.0,4.0,0.9028571428571428,0.09714285714285714,7.0,29,sw_linucb,hybrid,z72_a0p5_hybrid_corr5_bsstablehie5_top10,72
3142,3,-2.5319784562444623,0.5,-3.446440092006616,0.2114064510419992,-3.446440092006616,-3.2359563759980023,-4.632393693534009,8.091309046144367,9.703090566722972,0.7305498284502121,435,117,0.5275,0.2915,0.2995,0.7005,0.7005,0.6955,4.0,7.026845637583893,4.0,5.0,0.8187919463087249,0.18120805369127516,7.0,30,sw_linucb,hybrid,z72_a0p5_hybrid_corr5_bsstablehie5_top10,72
3142,3,-3.0445056715995378,0.5,-3.3420199910112207,-2.15196271336449,-3.3420199910112207,-5.439884406864511,-6.378106402246997,7.99956027325538,8.93826783131696,0.6594795792716283,360,86,0.45366666666666666,0.24149999999999996,0.24350000000000005,0.7565,0.7565,0.7515,4.0,7.231404958677686,4.0,5.0,0.8512396694214877,0.1487603305785124,9.0,31,sw_linucb,hybrid,z72_a0p5_hybrid_corr5_bsstablehie5_top10,72
3142,3,-3.638949444982011,0.5,-4.741325750512141,-0.3318205283916205,-4.741325750512141,-5.071651023022965,-3.781703117128854,8.978802048285417,9.831887486655566,0.7301457504725202,329,91,0.4543333333333333,0.22083333333333335,0.22750000000000004,0.7725,0.7725,0.7675,4.0,8.061946902654867,4.0,5.0,0.84,0.16,8.0,32,sw_linucb,hybrid,z72_a0p5_hybrid_corr5_bsstablehie5_top10,72
3142,3,-2.1830121657896835,0.5,-2.433535839840513,-1.4314411436371948,-2.433535839840513,-3.849750653891178,-4.367473212533579,8.516780193081619,8.555825368253833,0.6702157520143599,274,73,0.4426666666666667,0.18416666666666667,0.1955,0.8045,0.8045,0.7995,4.0,8.288461538461538,4.0,7.0,0.7884615384615384,0.21153846153846154,10.0,33,sw_linucb,hybrid,z72_a0p5_hybrid_corr5_bsstablehie5_top10,72
3142,3,-3.0669408908314533,0.5,-3.368816055961247,-2.1613153954420725,-3.368816055961247,-5.45918975421434,-6.180623466929447,8.761051484991523,9.456995428288161,0.6638909291417969,344,81,0.4666666666666666,0.23083333333333336,0.26349999999999996,0.7365,0.7365,0.7315,4.0,6.856060606060606,4.0,5.0,0.8473282442748091,0.15267175572519084,8.0,34,sw_linucb,hybrid,z72_a0p5_hybrid_corr5_bsstablehie5_top10,72
3142,3,-2.3787311039769157,0.5,-3.141176905407713,-0.091393699684524,-3.141176905407713,-3.244964371463444,-3.31237947025127,6.353971202206221,11.183053651110598,0.7544198196422024,345,85,0.4935,0.2315,0.21750000000000003,0.7825,0.7825,0.7775,4.0,8.092592592592593,4.0,7.0,0.8240740740740741,0.17592592592592593,11.0,35,sw_linucb,hybrid,z72_a0p5_hybrid_corr5_bsstablehie5_top10,72
3142,3,-2.87446241242091,0.5,-3.525551977339514,-0.9211937176650994,-3.525551977339514,-4.3862275913067315,-4.99105189632213,6.899721542189696,10.542397788215062,0.6423054292672593,337,82,0.46849999999999997,0.22616666666666665,0.1955,0.8045,0.8045,0.7995,4.0,8.1340206185567,4.0,7.0,0.7938144329896907,0.20618556701030927,8.0,36,sw_linucb,hybrid,z72_a0p5_hybrid_corr5_bsstablehie5_top10,72
3142,3,-4.824703756425063,0.5,-6.125688596580614,-0.9217492359584133,-6.125688596580614,-7.014972716662112,-6.418338365947207,10.330183565277174,10.727085040862505,0.696494215747761,450,121,0.46799999999999997,0.30150000000000005,0.2895,0.7105,0.7105,0.7075,4.0,5.666666666666667,4.0,4.0,0.8760330578512396,0.12396694214876033,6.0,37,sw_linucb,hybrid,z72_a0p5_hybrid_corr5_bsstablehie5_top10,72
3142,3,-3.5269950020806613,0.5,-4.8944409123139385,0.5753427286191696,-4.8944409123139385,-4.348589899131816,-3.216460371623786,7.321111347068221,10.803463053363526,0.8221491853688948,468,150,0.5358333333333333,0.31283333333333335,0.3055,0.6945,0.6945,0.693,4.0,6.703030303030303,4.0,5.0,0.8496732026143791,0.1503267973856209,7.0,38,sw_linucb,hybrid,z72_a0p5_hybrid_corr5_bsstablehie5_top10,72
3142,3,-4.956683391930991,0.5,-6.243869886055168,-1.0951239095584597,-6.243869886055168,-7.267586545346649,-8.687346571678445,9.651340079306614,9.676310961544331,0.692712484641856,455,122,0.5101666666666667,0.30483333333333335,0.3275,0.6725,0.6725,0.6675,4.0,6.5030674846625764,4.0,4.0,0.8711656441717791,0.12883435582822086,7.0,39,sw_linucb,hybrid,z72_a0p5_hybrid_corr5_bsstablehie5_top10,72
3142,3,-1.8165349835264677,0.5,-2.0767085667931653,-1.0360142337263751,-2.0767085667931653,-3.1141232940916086,-4.025523606248083,4.675414073535167,10.385794200736132,0.7030904482099976,332,108,0.46483333333333327,0.22283333333333333,0.22350000000000003,0.7765,0.7765,0.7715,4.0,8.046296296296296,4.0,7.0,0.7685185185185185,0.23148148148148148,8.0,40,sw_linucb,hybrid,z72_a0p5_hybrid_corr5_bsstablehie5_top10,72
3142,3,-3.4077136430856276,0.5,-4.872457488798114,0.9865178940518304,-4.872457488798114,-3.94098389741641,-3.5497913738825715,10.102903405256146,11.51530128402939,0.6860005911569993,344,92,0.4658333333333333,0.23033333333333336,0.246,0.754,0.754,0.7515,4.0,7.3983739837398375,4.0,6.0,0.8373983739837398,0.16260162601626016,7.0,41,sw_linucb,hybrid,z72_a0p5_hybrid_corr5_bsstablehie5_top10,72
3142,3,-1.2149499555338978,0.5,-1.5343852485596556,-0.2566440764566247,-1.5343852485596556,-1.7653256310320333,-3.409141851113129,4.458192417434736,9.808537464478295,0.7585029795904242,370,87,0.4646666666666666,0.24816666666666665,0.23950000000000005,0.7605,0.7605,0.7555,4.0,7.756302521008403,4.0,4.0,0.8319327731092437,0.16806722689075632,7.0,42,sw_linucb,hybrid,z72_a0p5_hybrid_corr5_bsstablehie5_top10,72
3142,3,-2.2464918401054383,0.5,-2.5379731198348945,-1.3720480009170697,-2.5379731198348945,-3.87670071867163,-4.6309093879692735,7.63764722473721,9.340393621724541,0.7688933920520105,369,94,0.4573333333333333,0.24749999999999997,0.26349999999999996,0.7365,0.7365,0.7315,4.0,6.541984732824427,4.0,4.0,0.8931297709923665,0.10687022900763359,7.0,43,sw_linucb,hybrid,z72_a0p5_hybrid_corr5_bsstablehie5_top10,72
3142,3,-2.7984597663210664,0.5,-3.348030018373175,-1.1497490101647394,-3.348030018373175,-4.496660596228115,-3.8801697901608923,10.573518904036428,12.226536813214661,0.7809274307163303,402,128,0.48,0.2695,0.27149999999999996,0.7285,0.7285,0.7235,4.0,7.0859375,4.0,6.0,0.8444444444444444,0.15555555555555556,7.0,44,sw_linucb,hybrid,z72_a0p5_hybrid_corr5_bsstablehie5_top10,72
3142,3,-2.953368639618799,0.5,-3.4281998430836347,-1.5288750292242934,-3.4281998430836347,-4.945057397312991,-5.267055461949766,8.926958481051027,9.66996248687475,0.7851232075346538,363,98,0.4883333333333333,0.24349999999999997,0.23550000000000004,0.7645,0.7645,0.7595,4.0,7.435897435897436,4.0,5.0,0.8547008547008547,0.1452991452991453,7.0,45,sw_linucb,hybrid,z72_a0p5_hybrid_corr5_bsstablehie5_top10,72
3142,3,-4.837947490853411,0.5,-5.666948261548747,-2.3509451787674016,-5.666948261548747,-7.882234074869506,-8.186254340715903,10.064622034392546,11.29696707881359,0.6929614207626649,443,109,0.5055,0.29683333333333334,0.2975,0.7025,0.7025,0.699,4.0,6.77027027027027,4.0,5.0,0.8783783783783784,0.12162162162162163,7.0,46,sw_linucb,hybrid,z72_a0p5_hybrid_corr5_bsstablehie5_top10,72
3142,3,-2.567198241713633,0.5,-3.7474299513922786,0.9734968873223041,-3.7474299513922786,-2.8528159489061657,-2.7860322755742906,8.368496517935387,9.023368546799492,0.793523964641066,279,77,0.39233333333333337,0.1875,0.15749999999999997,0.8425,0.8425,0.8395,4.0,8.714285714285714,4.0,7.0,0.7532467532467533,0.24675324675324675,12.0,47,sw_linucb,hybrid,z72_a0p5_hybrid_corr5_bsstablehie5_top10,72
3142,3,-3.265997575400931,0.5,-3.719186097484465,-1.9064320091503273,-3.719186097484465,-5.582003407144005,-5.040382058129012,7.761197162982969,10.380524544074976,0.7482088416150784,387,101,0.438,0.2595,0.25349999999999995,0.7465,0.7465,0.7415,4.0,6.277777777777778,4.0,5.0,0.8888888888888888,0.1111111111111111,9.0,48,sw_linucb,hybrid,z72_a0p5_hybrid_corr5_bsstablehie5_top10,72
3142,3,-4.848058370649195,0.5,-6.662847108984923,0.5963078443579869,-6.662847108984923,-6.0937991526570014,-6.306802126268918,8.066162041221236,10.989866150523609,0.6166620444666989,401,114,0.47983333333333333,0.26816666666666666,0.26749999999999996,0.7325,0.7325,0.7275,4.0,7.2631578947368425,4.0,6.0,0.8270676691729323,0.17293233082706766,8.0,49,sw_linucb,hybrid,z72_a0p5_hybrid_corr5_bsstablehie5_top10,72
