bandit_name,method_group,set_name,trial_number,seed,symbol,mode,start_value,end_value,return_pct,max_drawdown_pct,drawdown_abs,raw_action_1_ratio,executed_action_1_ratio,executed_action_1,raw_action_1,n_decisions,trade_events,turnover,threshold_applied_ratio,constraint_applied_ratio,abs_edge_mean,abs_edge_p50,uncertainty_0_mean,uncertainty_1_mean,n_reward_updates,mean_reward_update,std_reward_update,reward_abs_p95,trades,win_rate,mean_trade_pnl,median_trade_pnl,total_trade_pnl,profit_factor,source_mode,period_start_idx,period_end_idx_exclusive,period_start_timestamp,period_end_timestamp
discounted_lints,mixed,mixed_z72corr5_z24hie5_top10,0,3142,BTCUSDT,train,100.0,84.89464255353806,-15.105357446461943,-16.447359533617423,16.447359533617423,0.4507643085673658,0.522929257020974,2942,2536,5626,784,0.1393530039104159,0.09207252044081052,0.11091361535726982,0.01786757082016735,0.01312347783221341,0.2858299062638105,0.31664837988471445,5616,-0.0019049240716168243,0.02716400752085517,0.05608564673218435,392,0.37244897959183676,-0.00461632231420079,-0.0048136565778960465,-1.8095983471667099,0.6226756416754973,,,,,
discounted_lints,mixed,mixed_z72corr5_z24hie5_top10,0,3142,BTCUSDT,val,100.0,95.79530859170947,-4.204691408290529,-5.468929564444302,5.468929564444302,0.518,0.561,1122,1036,2000,221,0.1105,0.0875,0.0715,0.015933501907228708,0.013273701034541285,0.2768441444563642,0.2591485634819911,1990,-0.0006868613961261295,0.025378569711489978,0.05381926085926702,110,0.4090909090909091,-0.004135093770706887,-0.006225513675638599,-0.45486031477775757,0.6893449754445425,,,,,
discounted_lints,mixed,mixed_z72corr5_z24hie5_top10,0,3142,BTCUSDT,val_first,100.0,98.95015136066803,-1.049848639331974,-2.4201928990144395,2.4201928990144395,0.472,0.518,518,472,1000,112,0.112,0.096,0.08,0.015103603844910132,0.012419626868117905,0.2557979808820133,0.2763843772447366,990,0.0002660800957980571,0.02586435602659963,0.056094800496583413,56,0.39285714285714285,-0.0023494050098722455,-0.0061183676489598455,-0.13156668055284576,0.8115896264897573,val,0.0,1000.0,2024-07-01 00:00:00+00:00,2024-12-14 12:00:00+00:00
discounted_lints,mixed,mixed_z72corr5_z24hie5_top10,0,3142,BTCUSDT,val_second,98.9007381288323,95.79530859170947,-3.139945763678287,-4.948849111557186,4.948849111557186,0.564,0.604,604,564,1000,109,0.109,0.079,0.063,0.016763399969547288,0.014337643489200476,0.29789030803071503,0.24191274971924567,1000,-0.0016302734731310743,0.024865272000451494,0.051612256650147584,54,0.42592592592592593,-0.00598691915231318,-0.006225513675638599,-0.3232936342249117,0.5778900002521024,val,1000.0,2000.0,2024-12-14 16:00:00+00:00,2025-05-30 04:00:00+00:00
discounted_lints,mixed,mixed_z72corr5_z24hie5_top10,0,3142,DOGEUSDT,train,99.9500625,81.52951575173688,-18.429750104721666,-23.485088150963808,23.485088150963808,0.4612513330963384,0.5472804834696054,3079,2595,5626,833,0.14806256665481693,0.07767507998578031,0.14166370423035904,0.02162596451625432,0.016133093153954836,0.29379050344761315,0.3067810709733391,5616,-0.001785425239702564,0.044003714828976366,0.09353799484801145,416,0.43990384615384615,-0.006013935283648283,-0.0027279757422817375,-2.5017970779976855,0.6722296664269093,,,,,
discounted_lints,mixed,mixed_z72corr5_z24hie5_top10,0,3142,DOGEUSDT,val,100.0,99.60352958730849,-0.3964704126915186,-7.124223018513732,7.124223018513732,0.3455,0.43,860,691,2000,271,0.1355,0.0565,0.149,0.025758442369881816,0.02192623807670769,0.24465253907532042,0.3094414344691003,1990,0.0013735762340595478,0.05154725217084521,0.11032989517247455,135,0.4740740740740741,-0.0007024135124943733,-0.0023774694375316018,-0.09482582418674039,0.9624941422736961,,,,,
discounted_lints,mixed,mixed_z72corr5_z24hie5_top10,0,3142,DOGEUSDT,val_first,100.0,101.89684753588718,1.8968475358871695,-3.4840621075559075,3.4840621075559075,0.342,0.415,415,342,1000,115,0.115,0.066,0.131,0.026397688070221973,0.023267909404216407,0.24795152254693448,0.32241525966792084,990,-0.0015596361052358134,0.05649069930972515,0.1272143088775439,57,0.43859649122807015,0.002433511639783481,-0.003334019243874821,0.13871016346765844,1.1256418649431565,val,0.0,1000.0,2024-07-01 00:00:00+00:00,2024-12-14 12:00:00+00:00
discounted_lints,mixed,mixed_z72corr5_z24hie5_top10,0,3142,DOGEUSDT,val_second,101.77806087808827,99.60352958730849,-2.1365422685587165,-5.37942881487411,5.37942881487411,0.349,0.445,445,349,1000,156,0.156,0.047,0.167,0.025119196669541658,0.020750965290723018,0.2413535556037064,0.2964676092702797,1000,0.0042774564499619555,0.04597910442369788,0.10010404371789793,78,0.5,-0.0029940511237743447,-0.000681690433628893,-0.2335359876543989,0.8360324126233541,val,1000.0,2000.0,2024-12-14 16:00:00+00:00,2025-05-30 04:00:00+00:00
discounted_lints,mixed,mixed_z72corr5_z24hie5_top10,0,3142,ETHUSDT,train,100.0,86.02425309599184,-13.975746904008158,-16.846616912530887,16.846616912530887,0.4560966939210807,0.5247067188055456,2952,2566,5626,710,0.12619978670458584,0.08140774973338073,0.11233558478492713,0.020660440162190413,0.015173664162143512,0.2944541222725888,0.3082445198672035,5616,-0.0007584634945010454,0.033840125568877145,0.07215358037279132,355,0.4507042253521127,-0.005006540986800718,-0.003157676835901346,-1.7773220503142548,0.6814237206186056,,,,,
discounted_lints,mixed,mixed_z72corr5_z24hie5_top10,0,3142,ETHUSDT,val,100.0,97.24681268545763,-2.7531873145423713,-8.07266679828974,8.07266679828974,0.421,0.488,976,842,2000,231,0.1155,0.084,0.084,0.01977905916561589,0.016268699555129783,0.2514444212856517,0.2994417604032109,1990,-0.0001683388866902151,0.03710933761351528,0.07879997250744629,115,0.4956521739130435,-0.003738286502527718,-0.002098763832389284,-0.4299029477906876,0.8131846726559663,,,,,
discounted_lints,mixed,mixed_z72corr5_z24hie5_top10,0,3142,ETHUSDT,val_first,100.0,98.96305787273265,-1.0369421272673485,-3.479799492260338,3.479799492260338,0.408,0.465,465,408,1000,125,0.125,0.087,0.082,0.017730314318439307,0.01471283291573863,0.24349182637068953,0.29632830285528766,990,0.0006155899394683838,0.034692506578989035,0.07018423968031731,62,0.46774193548387094,-0.002390964910429963,-0.003068879030599718,-0.1482398244466577,0.8632007955922452,val,0.0,1000.0,2024-07-01 00:00:00+00:00,2024-12-14 12:00:00+00:00
discounted_lints,mixed,mixed_z72corr5_z24hie5_top10,0,3142,ETHUSDT,val_second,98.8893254425041,97.24681268545763,-1.6609606241084762,-7.385332206753981,7.385332206753981,0.434,0.511,511,434,1000,106,0.106,0.081,0.086,0.021827804012792478,0.01764462612959651,0.25939701620061384,0.30255521795113416,1000,-0.0009444284245872285,0.039358167548004586,0.08322531676689991,53,0.5283018867924528,-0.00531439855366094,0.0015632958100205135,-0.2816631233440298,0.7686712530739669,val,1000.0,2000.0,2024-12-14 16:00:00+00:00,2025-05-30 04:00:00+00:00
discounted_lints,mixed,mixed_z72corr5_z24hie5_top10,0,3142,SOLUSDT,train,99.9500625,86.15844616686219,-13.798506962552237,-25.190406094897742,25.190406094897742,0.40455030216850335,0.49537859936011375,2787,2276,5626,712,0.1265552790615002,0.05634553857092073,0.1418414504088162,0.027724695860558448,0.021631679213974925,0.2890116445938345,0.3397167953035838,5616,-0.0021108146093276074,0.056561735256335864,0.11074128180776499,356,0.39325842696629215,-0.006237072674639924,-0.007802501893416397,-2.220397872171813,0.7401682018378055,,,,,
discounted_lints,mixed,mixed_z72corr5_z24hie5_top10,0,3142,SOLUSDT,val,100.0,90.76124166849776,-9.23875833150224,-10.669771909295845,10.669771909295845,0.404,0.501,1002,808,2000,327,0.1635,0.0765,0.1765,0.020418133688343148,0.01628255014713352,0.25188764503287814,0.2749255320298886,1990,-0.003091005947816954,0.04175489945775795,0.08989707264626261,163,0.4110429447852761,-0.0061895776206496505,-0.00717659206263977,-1.008901152165893,0.6449273028507678,,,,,
discounted_lints,mixed,mixed_z72corr5_z24hie5_top10,0,3142,SOLUSDT,val_first,100.0,99.22069636338973,-0.7793036366102624,-3.9875827283371135,3.9875827283371135,0.424,0.545,545,424,1000,184,0.184,0.09,0.203,0.018251130837849624,0.014727054375694545,0.25598197218456453,0.26777510926596515,990,-0.003233677426283555,0.04056225984842721,0.08974199835616982,92,0.45652173913043476,-0.001627381017185714,-0.0018273793746637003,-0.1497190535810857,0.885768018946735,val,0.0,1000.0,2024-07-01 00:00:00+00:00,2024-12-14 12:00:00+00:00
discounted_lints,mixed,mixed_z72corr5_z24hie5_top10,0,3142,SOLUSDT,val_second,99.22069636338973,90.76124166849776,-8.525897322782072,-9.711923683499723,9.711923683499723,0.384,0.457,457,384,1000,143,0.143,0.063,0.15,0.022585136538836672,0.018028543045721632,0.24779331788119172,0.2820759547938121,1000,-0.0029497611841350193,0.0429228223523093,0.08932796708002701,71,0.352112676056338,-0.01210115631809588,-0.009910686878624122,-0.8591820985848074,0.43871280935033713,val,1000.0,2000.0,2024-12-14 16:00:00+00:00,2025-05-30 04:00:00+00:00
discounted_lints,mixed,mixed_z72corr5_z24hie5_top10,0,3142,XRPUSDT,train,100.0,81.53180748281189,-18.468192517188122,-20.001166760984248,20.001166760984248,0.3869534305012442,0.4715606114468539,2653,2177,5626,793,0.1409527195165304,0.0863846427301813,0.13970849626733026,0.020305213149007354,0.015016089434218106,0.27441754888215353,0.3303063484877432,5616,-0.0014961641870344766,0.03784269858366177,0.06909823640232768,396,0.3939393939393939,-0.00588676578654033,-0.004795156358792449,-2.3311592514699706,0.6222319034767917,,,,,
discounted_lints,mixed,mixed_z72corr5_z24hie5_top10,0,3142,XRPUSDT,val,100.0,123.4286756609423,23.42867566094231,-9.193140605004002,9.193140605004002,0.453,0.5045,1009,906,2000,161,0.0805,0.0565,0.055,0.028068805204540612,0.02263268093111679,0.27612605747009256,0.2858702406642214,1990,0.007353803794551832,0.06028002377422844,0.12392352475722136,80,0.4625,0.01498228326154009,-0.0015153237214145,1.1985826609232073,1.6990944092204598,,,,,
discounted_lints,mixed,mixed_z72corr5_z24hie5_top10,0,3142,XRPUSDT,val_first,100.0,122.56579462147837,22.565794621478386,-7.515126286950102,7.515126286950102,0.493,0.571,571,493,1000,89,0.089,0.068,0.076,0.03011200796111202,0.022003506946245383,0.27348297424287316,0.3162751531262048,990,0.013550771528342656,0.06976901770892573,0.16058657257260828,44,0.5454545454545454,0.028627790948258524,0.0026787392161059347,1.259622801723375,2.9621775056996635,val,0.0,1000.0,2024-07-01 00:00:00+00:00,2024-12-14 12:00:00+00:00
discounted_lints,mixed,mixed_z72corr5_z24hie5_top10,0,3142,XRPUSDT,val_second,122.52003575398268,123.4286756609423,0.741625564641657,-3.8853646204078274,3.8853646204078274,0.413,0.438,438,413,1000,72,0.072,0.045,0.034,0.026025602447969205,0.023198671750137213,0.27876914069731196,0.255465328202238,1000,0.0012188057380989217,0.048372558324348204,0.09775077525612226,36,0.3611111111111111,-0.0016955594666713323,-0.013287877785015837,-0.061040140800167966,0.9430875731401438,val,1000.0,2000.0,2024-12-14 16:00:00+00:00,2025-05-30 04:00:00+00:00
discounted_lints,mixed,mixed_z72corr5_z24hie5_top10,0,3143,BTCUSDT,train,99.9500625,88.25095938264417,-11.704948275901106,-14.717323146886873,14.717323146886873,0.4580519018841095,0.5298613579808034,2981,2577,5626,726,0.12904372555990046,0.09065055101315321,0.10664770707429791,0.018612676260637024,0.01412930854724269,0.2922336963624591,0.31696730310917703,5616,-0.001641797180162476,0.026747406705367963,0.05576798590721766,363,0.3774104683195592,-0.003985564576601949,-0.004916190632077963,-1.4467599413065075,0.6819941043602336,,,,,
discounted_lints,mixed,mixed_z72corr5_z24hie5_top10,0,3143,BTCUSDT,val,99.9500625,95.98545673779904,-3.9665865763725328,-5.678024852560348,5.678024852560348,0.48,0.5385,1077,960,2000,267,0.1335,0.1,0.0865,0.015032369768282372,0.012224570263310948,0.2657211884842868,0.26493580157082774,1990,-0.00042188554820803056,0.025051717332994685,0.05371763448318403,133,0.42105263157894735,-0.003209508511874034,-0.0027946341275266852,-0.4268646320792465,0.7380518222883145,,,,,
discounted_lints,mixed,mixed_z72corr5_z24hie5_top10,0,3143,BTCUSDT,val_first,99.9500625,97.6927783585883,-2.2584119358721733,-4.183077702703908,4.183077702703908,0.458,0.535,535,458,1000,128,0.128,0.099,0.09,0.015405574780892103,0.012785394793760282,0.2551250111996545,0.2769798907636606,990,0.0004080489697484406,0.025699633293277995,0.05602919248005104,64,0.390625,-0.004014497074963647,-0.0036023702461498615,-0.2569278127976734,0.6671656231398587,val,0.0,1000.0,2024-07-01 00:00:00+00:00,2024-12-14 12:00:00+00:00
discounted_lints,mixed,mixed_z72corr5_z24hie5_top10,0,3143,BTCUSDT,val_second,97.6927783585883,95.98545673779904,-1.7476436329023404,-3.498738553701708,3.498738553701708,0.502,0.542,542,502,1000,139,0.139,0.101,0.083,0.014659164755672643,0.011702188628611727,0.27631736576891897,0.2528917123779948,1000,-0.0012435207209849372,0.024378370683361718,0.05014594616929088,69,0.4492753623188406,-0.0024628524533561323,-0.0027946341275266852,-0.16993681928157314,0.8018547730165391,val,1000.0,2000.0,2024-12-14 16:00:00+00:00,2025-05-30 04:00:00+00:00
discounted_lints,mixed,mixed_z72corr5_z24hie5_top10,0,3143,DOGEUSDT,train,100.0,83.29748465296841,-16.70251534703159,-21.201456142317877,21.201456142317877,0.44525417703519377,0.5392819054390331,3034,2505,5626,830,0.14752932811944544,0.08389619623178102,0.14166370423035904,0.02222861525471938,0.016603359522392475,0.28946082331102285,0.3083962400022992,5616,-0.0014484766509737144,0.044780673634837544,0.0942460005099441,415,0.41204819277108434,-0.005491752581785473,-0.004189733894586269,-2.279077321440971,0.696412659943681,,,,,
discounted_lints,mixed,mixed_z72corr5_z24hie5_top10,0,3143,DOGEUSDT,val,100.0,105.71811370386833,5.718113703868322,-6.012061735661511,6.012061735661511,0.373,0.4615,923,746,2000,279,0.1395,0.067,0.1365,0.026526604426057858,0.022467497196536713,0.2549259582219661,0.29663323609711684,1990,0.00015718097579407343,0.05254473227803492,0.11687197609726631,139,0.460431654676259,0.0029171181333245955,-0.002514485195584899,0.4054794205321188,1.1517041961726153,,,,,
discounted_lints,mixed,mixed_z72corr5_z24hie5_top10,0,3143,DOGEUSDT,val_first,100.0,104.67586490522048,4.675864905220473,-5.258848005645866,5.258848005645866,0.367,0.441,441,367,1000,125,0.125,0.061,0.127,0.028271985108345624,0.025199922566791204,0.25513177706876755,0.3121006689635332,990,-0.0017683074407356136,0.05699214822717819,0.12857287366957515,62,0.43548387096774194,0.0062076418782518236,-0.0025933434050535243,0.38487379645161307,1.3207055940182886,val,0.0,1000.0,2024-07-01 00:00:00+00:00,2024-12-14 12:00:00+00:00
discounted_lints,mixed,mixed_z72corr5_z24hie5_top10,0,3143,DOGEUSDT,val_second,104.5541462019222,105.71811370386833,1.1132676648692552,-5.846926946379794,5.846926946379794,0.379,0.482,482,379,1000,154,0.154,0.073,0.146,0.02478122374377009,0.020241646586834864,0.2547201393751647,0.2811658032307004,1000,0.0020634145081584636,0.04768775002232494,0.10487943037627478,77,0.4805194805194805,0.0002676055075390357,-0.002514485195584899,0.02060562408050575,1.0139913061498402,val,1000.0,2000.0,2024-12-14 16:00:00+00:00,2025-05-30 04:00:00+00:00
discounted_lints,mixed,mixed_z72corr5_z24hie5_top10,0,3143,ETHUSDT,train,99.9500625,81.81381014338157,-18.1453136726337,-20.03588734634394,20.03588734634394,0.4598293636686811,0.5245289726270885,2951,2587,5626,728,0.1293992179168148,0.08887308922858159,0.1080696765019552,0.020369146930690116,0.014712416997998159,0.30060727905959955,0.3063592465720373,5616,-0.0014201027214553585,0.03393064636403912,0.07221114130913409,364,0.42857142857142855,-0.0062214333068334226,-0.003465556815338159,-2.264601723687366,0.6220912805638412,,,,,
discounted_lints,mixed,mixed_z72corr5_z24hie5_top10,0,3143,ETHUSDT,val,100.0,93.04963187670286,-6.950368123297135,-11.991623544772578,11.991623544772578,0.4945,0.547,1094,989,2000,201,0.1005,0.063,0.0685,0.019260996298475275,0.015855405546256654,0.2733527963964352,0.27290348303789735,1990,0.0002098625602131752,0.038273113194505944,0.08005183951089873,100,0.35,-0.008485479160581623,-0.008154535728885042,-0.8485479160581623,0.599917950807125,,,,,
discounted_lints,mixed,mixed_z72corr5_z24hie5_top10,0,3143,ETHUSDT,val_first,100.0,96.26466714989321,-3.7353328501067873,-5.231158640315082,5.231158640315082,0.497,0.547,547,497,1000,105,0.105,0.075,0.063,0.017233053431726666,0.014358809999570173,0.25761351787250025,0.27421285039728743,990,0.0014438399990927828,0.035773279502902884,0.07491325471462425,52,0.38461538461538464,-0.00851863126160319,-0.007422283121344761,-0.4429688256033658,0.5424230901457622,val,0.0,1000.0,2024-07-01 00:00:00+00:00,2024-12-14 12:00:00+00:00
discounted_lints,mixed,mixed_z72corr5_z24hie5_top10,0,3143,ETHUSDT,val_second,96.19041918110402,93.04963187670286,-3.265176855594931,-8.024970802508058,8.024970802508058,0.492,0.547,547,492,1000,96,0.096,0.051,0.074,0.02128893916522388,0.017495434725132,0.28909207492037015,0.27159411567850733,1000,-0.0010117751042776357,0.04057764648129603,0.08389735662058921,48,0.3125,-0.008449564384474927,-0.009064586476372864,-0.4055790904547965,0.648197328567474,val,1000.0,2000.0,2024-12-14 16:00:00+00:00,2025-05-30 04:00:00+00:00
discounted_lints,mixed,mixed_z72corr5_z24hie5_top10,0,3143,SOLUSDT,train,100.0,74.421364733872,-25.578635266128003,-29.46047175973392,29.46047175973392,0.3455385709207252,0.4441876999644508,2499,1944,5626,787,0.13988624244578743,0.05581230003554923,0.15979381443298968,0.02683418895291663,0.020776484399456882,0.26960113870011154,0.35323780636218843,5616,-0.0038920937628773547,0.053895431109703004,0.10536526214468994,393,0.41475826972010177,-0.009295439479607486,-0.008638516083039036,-3.653107715485742,0.6021778607701969,,,,,
discounted_lints,mixed,mixed_z72corr5_z24hie5_top10,0,3143,SOLUSDT,val,99.9500625,95.085944477176,-4.866548255359026,-8.88423014972074,8.88423014972074,0.383,0.517,1034,766,2000,355,0.1775,0.0685,0.2135,0.022281149112184217,0.017657456480020345,0.24613194420786944,0.28624794582301993,1990,-0.0009808619508423315,0.04012672502264832,0.08600368760615451,177,0.4689265536723164,-0.003446820812760105,-0.0032354412028135623,-0.6100872838585386,0.8043699531997528,,,,,
discounted_lints,mixed,mixed_z72corr5_z24hie5_top10,0,3143,SOLUSDT,val_first,99.9500625,101.5776918933876,1.6284425969094185,-3.537479907640839,3.537479907640839,0.427,0.562,562,427,1000,180,0.18,0.08,0.215,0.019760526842128125,0.01606115139327545,0.24998278175373315,0.2781985138936379,990,-0.0007307430770154291,0.039751848531447524,0.08400842871898985,90,0.4888888888888889,0.0009805319510122843,-0.0007716382781063789,0.08824787559110558,1.0690775381118534,val,0.0,1000.0,2024-07-01 00:00:00+00:00,2024-12-14 12:00:00+00:00
discounted_lints,mixed,mixed_z72corr5_z24hie5_top10,0,3143,SOLUSDT,val_second,101.5776918933876,95.085944477176,-6.390918414473434,-8.403226600683544,8.403226600683544,0.339,0.472,472,339,1000,175,0.175,0.057,0.212,0.024801771382240313,0.02012626395096548,0.24228110666200572,0.294297377752402,1000,-0.001228479635930965,0.040512804256931365,0.08774247246403538,87,0.4482758620689655,-0.008026840913214298,-0.005782959504409203,-0.698335159449644,0.620688017078143,val,1000.0,2000.0,2024-12-14 16:00:00+00:00,2025-05-30 04:00:00+00:00
discounted_lints,mixed,mixed_z72corr5_z24hie5_top10,0,3143,XRPUSDT,train,100.0,76.71469187748221,-23.28530812251779,-25.791849638940878,25.791849638940878,0.3967294703163882,0.46889441876999643,2638,2232,5626,775,0.13775328830430145,0.08087451119800924,0.1317099182367579,0.020026052898248718,0.01489082064700414,0.274488410268411,0.32899215200762383,5616,-0.0022744874834478863,0.03702998633391624,0.06803372831332408,387,0.39018087855297157,-0.007501515218942913,-0.006592074939983873,-2.903086389730907,0.538744686041095,,,,,
discounted_lints,mixed,mixed_z72corr5_z24hie5_top10,0,3143,XRPUSDT,val,100.0,122.63193708927858,22.631937089278576,-9.623739132277088,9.623739132277088,0.437,0.4855,971,874,2000,157,0.0785,0.0585,0.06,0.028833212705433535,0.021858831411650702,0.26925674113111847,0.2963588854775576,1990,0.005731940712626997,0.05944197185921371,0.12392352475722136,78,0.41025641025641024,0.014742074580651056,-0.003965491466167237,1.1498818172907823,1.7784040020625775,,,,,
discounted_lints,mixed,mixed_z72corr5_z24hie5_top10,0,3143,XRPUSDT,val_first,100.0,119.26233007987813,19.26233007987812,-8.975498933378756,8.975498933378756,0.463,0.516,516,463,1000,89,0.089,0.064,0.081,0.030690535841795593,0.019842462495877372,0.26618449407731953,0.3285422971066155,990,0.01016371165034281,0.06860099373999616,0.15520266211375264,44,0.4318181818181818,0.021796342962787735,-0.004654147745628538,0.9590390903626603,2.5086056002769417,val,0.0,1000.0,2024-07-01 00:00:00+00:00,2024-12-14 12:00:00+00:00
discounted_lints,mixed,mixed_z72corr5_z24hie5_top10,0,3143,XRPUSDT,val_second,119.2163296322491,122.63193708927858,2.865050004110792,-3.3417874846577655,3.3417874846577655,0.411,0.455,455,411,1000,68,0.068,0.053,0.039,0.026975889569071477,0.02342011931378534,0.27232898818491746,0.26417547384849976,1000,0.0013444874842883454,0.048344008274707834,0.1002558207505687,34,0.38235294117647056,0.005613021380238885,-0.0031643489043418713,0.19084272692812207,1.2267839389646087,val,1000.0,2000.0,2024-12-14 16:00:00+00:00,2025-05-30 04:00:00+00:00
discounted_lints,mixed,mixed_z72corr5_z24hie5_top10,0,3144,BTCUSDT,train,100.0,90.69591062810592,-9.304089371894076,-12.136001338854873,12.136001338854873,0.4441876999644508,0.5236402417348027,2946,2499,5626,832,0.14788482047635976,0.09296125133309634,0.13046569498755778,0.018041531288692333,0.013205790829813702,0.28416213927695794,0.3198426292841145,5616,-0.0018878335343533118,0.027052604985799752,0.055629998374234435,416,0.38461538461538464,-0.0027468812119504802,-0.004323073784817062,-1.1427025841713998,0.73586118145582,,,,,
discounted_lints,mixed,mixed_z72corr5_z24hie5_top10,0,3144,BTCUSDT,val,100.0,99.57659189472776,-0.42340810527224937,-3.1063779419638893,3.1063779419638893,0.483,0.528,1056,966,2000,255,0.1275,0.1035,0.0945,0.01556361420145246,0.012848856486312187,0.26830210035593016,0.264902209633916,1990,-0.0004573364617676537,0.025542701086124695,0.052217554206768414,127,0.48031496062992124,-0.000505387063940954,-0.0007903450686553111,-0.06418415712050116,0.95289524164015,,,,,
discounted_lints,mixed,mixed_z72corr5_z24hie5_top10,0,3144,BTCUSDT,val_first,100.0,101.39127421287264,1.3912742128726396,-2.3384307644860547,2.3384307644860547,0.489,0.529,529,489,1000,119,0.119,0.104,0.088,0.015820721348718828,0.012958649047936947,0.2612100648889181,0.273306644160502,990,0.0005152233742795228,0.026820211632918995,0.05506109494628399,59,0.4745762711864407,0.001993563419208751,-0.0007903450686553111,0.11762024173331631,1.1846634049000053,val,0.0,1000.0,2024-07-01 00:00:00+00:00,2024-12-14 12:00:00+00:00
discounted_lints,mixed,mixed_z72corr5_z24hie5_top10,0,3144,BTCUSDT,val_second,101.36152957659374,99.57659189472776,-1.7609616679247098,-2.790373820501446,2.790373820501446,0.477,0.527,527,477,1000,136,0.136,0.103,0.101,0.015306507054186095,0.012737489028824604,0.2753941358229423,0.25649777510732985,1000,-0.0014201706994543587,0.024186623793213253,0.049217157479909714,68,0.4852941176470588,-0.0026735941007914325,-0.000632789891511686,-0.1818043988538174,0.749456251177133,val,1000.0,2000.0,2024-12-14 16:00:00+00:00,2025-05-30 04:00:00+00:00
discounted_lints,mixed,mixed_z72corr5_z24hie5_top10,0,3144,DOGEUSDT,train,99.9500625,83.387787130486,-16.5705502880641,-19.99218823452913,19.99218823452913,0.47209384998222537,0.5519018841094916,3105,2656,5626,856,0.15215072875933167,0.08354070387486669,0.13881976537504442,0.022003995563496682,0.016251358228896232,0.301661329163132,0.2961999955889754,5616,-0.0009984119053833259,0.04462723197214417,0.09539154379321228,428,0.4322429906542056,-0.005233844446944695,-0.0031608170215370024,-2.2400854232923297,0.6980398868466117,,,,,
discounted_lints,mixed,mixed_z72corr5_z24hie5_top10,0,3144,DOGEUSDT,val,100.0,104.08781914579667,4.087819145796678,-8.707101118213956,8.707101118213956,0.382,0.466,932,764,2000,267,0.1335,0.052,0.145,0.025734699215723078,0.021476390760837315,0.2581331139215564,0.293039559478133,1990,0.0010832648861853152,0.05439377154842328,0.11320309537011386,133,0.42857142857142855,0.0016181996442824434,-0.006192537227555469,0.21522055268956497,1.0790969382028996,,,,,
discounted_lints,mixed,mixed_z72corr5_z24hie5_top10,0,3144,DOGEUSDT,val_first,100.0,110.11935692498425,10.119356924984245,-6.34384390028192,6.34384390028192,0.382,0.446,446,382,1000,115,0.115,0.056,0.126,0.02661444597321546,0.0226911989392367,0.2565899060437799,0.3078761757233352,990,-4.29278809412746e-06,0.06066599902482772,0.125387367034056,57,0.45614035087719296,0.013596667070088782,-0.002772038691357723,0.7750100229950606,1.7508555453610282,val,0.0,1000.0,2024-07-01 00:00:00+00:00,2024-12-14 12:00:00+00:00
discounted_lints,mixed,mixed_z72corr5_z24hie5_top10,0,3144,DOGEUSDT,val_second,109.98194711960092,104.08781914579667,-5.3591776906755655,-8.707101118213956,8.707101118213956,0.382,0.486,486,382,1000,152,0.152,0.048,0.164,0.0248549524582307,0.020309846967035028,0.259676321799333,0.2782029432329307,1000,0.0021599469837219644,0.04737989527955859,0.10487943037627478,76,0.40789473684210525,-0.007365650925072311,-0.013009907589949236,-0.5597894703054956,0.6685287939898256,val,1000.0,2000.0,2024-12-14 16:00:00+00:00,2025-05-30 04:00:00+00:00
discounted_lints,mixed,mixed_z72corr5_z24hie5_top10,0,3144,ETHUSDT,train,100.0,83.10610905467775,-16.893890945322255,-18.38320300351256,18.38320300351256,0.46445076430856735,0.5433700675435478,3057,2613,5626,744,0.1322431567721294,0.07731958762886598,0.11926768574475649,0.02030007651976207,0.01503497457923576,0.29825890197543525,0.30306915549955343,5616,-0.001879928616371764,0.03442991843574264,0.07304652052518923,372,0.40053763440860213,-0.005666249273894039,-0.004215095357103422,-2.1078447298885825,0.6490161220027513,,,,,
discounted_lints,mixed,mixed_z72corr5_z24hie5_top10,0,3144,ETHUSDT,val,99.9500625,93.33079147236602,-6.622578177611427,-10.718303044670064,10.718303044670064,0.386,0.4615,923,772,2000,263,0.1315,0.0955,0.116,0.01899743966729948,0.014970404574062297,0.24576055316278353,0.3046695179952397,1990,-0.0005745335267418053,0.03638035564464217,0.07658444086925634,131,0.4351145038167939,-0.005910950526530666,-0.004430923855704107,-0.7743345189755173,0.6720300724289868,,,,,
discounted_lints,mixed,mixed_z72corr5_z24hie5_top10,0,3144,ETHUSDT,val_first,99.9500625,96.20093385416091,-3.751001802364151,-4.555691773913351,4.555691773913351,0.373,0.439,439,373,1000,133,0.133,0.106,0.11,0.016467901246440885,0.013310693077414892,0.23276377618526586,0.3069651663087582,990,0.0007493597778970896,0.03271102924930827,0.0660108591602938,66,0.36363636363636365,-0.006790867144412218,-0.005783177928335066,-0.4481972315312064,0.5872478788487547,val,0.0,1000.0,2024-07-01 00:00:00+00:00,2024-12-14 12:00:00+00:00
discounted_lints,mixed,mixed_z72corr5_z24hie5_top10,0,3144,ETHUSDT,val_second,96.12702702099915,93.33079147236602,-2.9088963169767945,-7.506581444476512,7.506581444476512,0.399,0.484,484,399,1000,130,0.13,0.085,0.122,0.021526978088158073,0.017395183716927456,0.2587573301403012,0.3023738696817213,1000,-0.0018851878983343106,0.039653244636830204,0.081820701746246,65,0.5076923076923077,-0.005017496729912474,0.0015632958100205135,-0.3261372874443108,0.7442295969978694,val,1000.0,2000.0,2024-12-14 16:00:00+00:00,2025-05-30 04:00:00+00:00
discounted_lints,mixed,mixed_z72corr5_z24hie5_top10,0,3144,SOLUSDT,train,100.0,85.81646748209961,-14.183532517900389,-20.15050338024541,20.15050338024541,0.42392463562033417,0.5039104159260576,2835,2385,5626,689,0.12246711695698542,0.05901173124777817,0.12726626377532882,0.02721835620340182,0.02069336341087912,0.285466178277582,0.3358764504487598,5616,-0.0031142415945894417,0.0564844429334909,0.10914473012678708,344,0.4331395348837209,-0.0066420790394751544,-0.0071751249300468795,-2.284875189579453,0.7294456901031584,,,,,
discounted_lints,mixed,mixed_z72corr5_z24hie5_top10,0,3144,SOLUSDT,val,99.9500625,89.0448388230488,-10.910672193878012,-12.440673988068852,12.440673988068852,0.4095,0.525,1050,819,2000,327,0.1635,0.0805,0.166,0.020249173338374653,0.01652735227164765,0.25846676394121276,0.26927278845404873,1990,-0.0019298489689451217,0.04154707245882128,0.08843639151191125,163,0.4171779141104294,-0.007596969152021833,-0.006101579361756116,-1.2383059717795588,0.6112618708902834,,,,,
discounted_lints,mixed,mixed_z72corr5_z24hie5_top10,0,3144,SOLUSDT,val_first,99.9500625,96.22641455766001,-3.7255083680813095,-5.198628389990678,5.198628389990678,0.444,0.57,570,444,1000,180,0.18,0.09,0.18,0.018568673752268384,0.015121908295370596,0.26801901906239,0.25852310001288764,990,-0.002194439071096127,0.041747930602411824,0.08748566080385263,90,0.45555555555555555,-0.0050710841533593695,-0.002801316720719872,-0.45639757380234325,0.6895317269037682,val,0.0,1000.0,2024-07-01 00:00:00+00:00,2024-12-14 12:00:00+00:00
discounted_lints,mixed,mixed_z72corr5_z24hie5_top10,0,3144,SOLUSDT,val_second,96.22641455766001,89.0448388230488,-7.463206197200578,-10.050327358708444,10.050327358708444,0.375,0.48,480,375,1000,147,0.147,0.071,0.152,0.021929672924480923,0.018376601345018798,0.24891450882003552,0.28002247689520987,1000,-0.0016679047678156253,0.04136648460929846,0.08863452853024305,73,0.3698630136986301,-0.010711073944893363,-0.010459167010385108,-0.7819083979772155,0.5441885175152366,val,1000.0,2000.0,2024-12-14 16:00:00+00:00,2025-05-30 04:00:00+00:00
discounted_lints,mixed,mixed_z72corr5_z24hie5_top10,0,3144,XRPUSDT,train,99.9500625,76.74279272528659,-23.218864695270614,-24.735183870216694,24.735183870216694,0.40188410949164594,0.47316032705296834,2662,2261,5626,783,0.13917525773195877,0.08958407394241023,0.12211162460007109,0.019739140139479458,0.01438461674358886,0.27893621656495377,0.32549275249149784,5616,-0.0018402575891806104,0.03587380824235044,0.06793569397978641,391,0.3938618925831202,-0.007438642350145049,-0.005625072337171664,-2.908509158906714,0.5477362980807887,,,,,
discounted_lints,mixed,mixed_z72corr5_z24hie5_top10,0,3144,XRPUSDT,val,100.0,124.2889313401425,24.288931340142494,-8.29234426666019,8.29234426666019,0.462,0.494,988,924,2000,149,0.0745,0.0485,0.0495,0.028981109144774173,0.023357823656828286,0.2780858052797749,0.2855102696484048,1990,0.007183641265164706,0.06045043501716349,0.12585137198105345,74,0.3918918918918919,0.016914291004806924,-0.00689518270724512,1.2516575343557124,1.8452289731789886,,,,,
discounted_lints,mixed,mixed_z72corr5_z24hie5_top10,0,3144,XRPUSDT,val_first,100.0,122.36462698849246,22.364626988492464,-7.577809199118512,7.577809199118512,0.485,0.536,536,485,1000,83,0.083,0.057,0.07,0.030592780671509785,0.02238785908643079,0.27192150211128496,0.3161997197219323,990,0.012549728300761205,0.0697699907482942,0.15681945799355737,41,0.4146341463414634,0.029389646958540423,-0.004431382581945359,1.2049755253001573,3.627781236249393,val,0.0,1000.0,2024-07-01 00:00:00+00:00,2024-12-14 12:00:00+00:00
discounted_lints,mixed,mixed_z72corr5_z24hie5_top10,0,3144,XRPUSDT,val_second,122.31742995979397,124.2889313401425,1.6117910431870275,-3.9078030904256544,3.9078030904256544,0.439,0.452,452,439,1000,66,0.066,0.04,0.029,0.027369437618038558,0.02399016361227433,0.2842501084482648,0.2548208195748773,1000,0.0018712150999241723,0.04898651861738688,0.10120006166768171,33,0.36363636363636365,0.0014146063350168234,-0.0113744141973607,0.046682009055555175,1.0456638067516695,val,1000.0,2000.0,2024-12-14 16:00:00+00:00,2025-05-30 04:00:00+00:00
discounted_lints,mixed,mixed_z72corr5_z24hie5_top10,0,3145,BTCUSDT,train,99.9500625,86.48320951709209,-13.473581352595865,-15.746596763711008,15.746596763711008,0.47991468183434055,0.5309278350515464,2987,2700,5626,676,0.12015641663704231,0.08940632776395308,0.09100604337006754,0.018847559512792975,0.014208197839789046,0.29331774051796033,0.31040202009573503,5616,-0.0014582523371174055,0.027329149241528797,0.05684750981131235,338,0.39349112426035504,-0.004826783354314537,-0.0043744167913394635,-1.6314527737583135,0.6369772728415832,,,,,
discounted_lints,mixed,mixed_z72corr5_z24hie5_top10,0,3145,BTCUSDT,val,100.0,94.83469856082478,-5.165301439175218,-5.519360219536839,5.519360219536839,0.484,0.542,1084,968,2000,263,0.1315,0.1125,0.0865,0.014711224074514336,0.011927999714891425,0.2694299241664036,0.26014542060071794,1990,-0.0006983338277691285,0.02524058712516595,0.05418435191565494,131,0.42748091603053434,-0.004183691045027711,-0.0042210308692205685,-0.5480635268986302,0.6540022614684985,,,,,
discounted_lints,mixed,mixed_z72corr5_z24hie5_top10,0,3145,BTCUSDT,val_first,100.0,97.96107906032151,-2.03892093967849,-3.220604522731718,3.220604522731718,0.452,0.527,527,452,1000,131,0.131,0.123,0.094,0.014173227498486263,0.011338715147519069,0.2619173313204234,0.2675021981610607,990,-0.00023524056916244824,0.026119504946086336,0.05664554827217146,65,0.4461538461538462,-0.003462884178163171,-0.004821845886710464,-0.22508747158060613,0.725480606726094,val,0.0,1000.0,2024-07-01 00:00:00+00:00,2024-12-14 12:00:00+00:00
discounted_lints,mixed,mixed_z72corr5_z24hie5_top10,0,3145,BTCUSDT,val_second,97.93229033378479,94.83469856082478,-3.1629932909793324,-3.7072424736333986,3.7072424736333986,0.516,0.557,557,516,1000,132,0.132,0.102,0.079,0.015249220650542409,0.01230681945319778,0.27694251701238387,0.25278864304037524,1000,-0.0011567961537897425,0.02434363585435714,0.05099205617318096,66,0.4090909090909091,-0.004893576595727639,-0.0039800313754783725,-0.3229760553180242,0.5772985898672645,val,1000.0,2000.0,2024-12-14 16:00:00+00:00,2025-05-30 04:00:00+00:00
discounted_lints,mixed,mixed_z72corr5_z24hie5_top10,0,3145,DOGEUSDT,train,100.0,83.07278431370162,-16.927215686298382,-17.555285938842168,17.555285938842168,0.45662993245645217,0.5419480981158905,3049,2569,5626,842,0.1496622822609314,0.08389619623178102,0.1429079274795592,0.02207133674714345,0.016956351760567867,0.29666284988208247,0.30461418659832523,5616,-0.002200684090757257,0.04368437996317215,0.0934947741372067,421,0.44655581947743467,-0.005481250976474643,-0.003718430251808268,-2.307606661095825,0.6998154863002952,,,,,
discounted_lints,mixed,mixed_z72corr5_z24hie5_top10,0,3145,DOGEUSDT,val,99.9500625,104.48160485816203,4.533806427746878,-7.326931126636471,7.326931126636471,0.3935,0.4725,945,787,2000,285,0.1425,0.0545,0.1325,0.02462702675995197,0.020562519103294312,0.2600145329140516,0.28474483880089885,1990,0.001841196186295209,0.05466586873357278,0.1105412424449395,142,0.4788732394366197,0.0025469523827605736,-0.00204928047945819,0.36166723835200143,1.1395383510596908,,,,,
discounted_lints,mixed,mixed_z72corr5_z24hie5_top10,0,3145,DOGEUSDT,val_first,99.9500625,107.10718677991802,7.160700154557698,-3.4146692331750494,3.4146692331750494,0.389,0.483,483,389,1000,147,0.147,0.054,0.138,0.025150384472186663,0.021654652841714098,0.2639515721967915,0.2948175245289896,990,0.0007716411731698197,0.061439148376812865,0.125387367034056,73,0.4931506849315068,0.008674989722794414,-0.0001212329790220663,0.6332742497639923,1.6571935200909258,val,0.0,1000.0,2024-07-01 00:00:00+00:00,2024-12-14 12:00:00+00:00
discounted_lints,mixed,mixed_z72corr5_z24hie5_top10,0,3145,DOGEUSDT,val_second,106.98175776724034,104.48160485816203,-2.336989932917233,-5.288897424373628,5.288897424373628,0.398,0.462,462,398,1000,138,0.138,0.055,0.127,0.02410366904771728,0.01967241288522528,0.25607749363131166,0.274672153072808,1000,0.002900055649289344,0.04701651673400071,0.10184064225511012,69,0.463768115942029,-0.003936333498724505,-0.014933459328129343,-0.27160701141199084,0.8331939378241441,val,1000.0,2000.0,2024-12-14 16:00:00+00:00,2025-05-30 04:00:00+00:00
discounted_lints,mixed,mixed_z72corr5_z24hie5_top10,0,3145,ETHUSDT,train,99.9500625,84.3937771762242,-15.564057625052307,-16.87823439619669,16.87823439619669,0.46942765730536795,0.5351937433345183,3011,2641,5626,730,0.12975471027372912,0.08407394241023818,0.110024884464984,0.020581411820735328,0.015399567536703764,0.2986736418555506,0.30533493368297104,5616,-0.0007891753654429193,0.03416243796032166,0.07317030414067689,365,0.40821917808219177,-0.005297193111784811,-0.004244274483817494,-1.933475485801456,0.6513598542293071,,,,,
discounted_lints,mixed,mixed_z72corr5_z24hie5_top10,0,3145,ETHUSDT,val,100.0,91.4881834362463,-8.511816563753694,-13.797039876153072,13.797039876153072,0.435,0.4735,947,870,2000,224,0.112,0.0755,0.081,0.019332544241309053,0.016188792012440036,0.25830093903861134,0.2909316440954607,1990,-0.000201229096596827,0.03780420259894476,0.07771763106579685,112,0.44642857142857145,-0.009301608696761467,-0.006514908103284742,-1.0417801740372843,0.5576135678092912,,,,,
discounted_lints,mixed,mixed_z72corr5_z24hie5_top10,0,3145,ETHUSDT,val_first,100.0,95.56702985617554,-4.432970143824466,-4.831493542595466,4.831493542595466,0.398,0.45,450,398,1000,127,0.127,0.092,0.09,0.016361976523121616,0.013839523191440946,0.2424200830040268,0.291788974212359,990,0.00039518477346576645,0.034775422152042074,0.07017888158412665,63,0.4444444444444444,-0.008285675851548662,-0.004022492526104206,-0.5219975786475657,0.5303424245606737,val,0.0,1000.0,2024-07-01 00:00:00+00:00,2024-12-14 12:00:00+00:00
discounted_lints,mixed,mixed_z72corr5_z24hie5_top10,0,3145,ETHUSDT,val_second,95.49361002282909,91.4881834362463,-4.194444618467386,-10.195596398222461,10.195596398222461,0.472,0.497,497,472,1000,97,0.097,0.059,0.072,0.02230311195949649,0.018800852100356258,0.27418179507319584,0.29007431397856237,1000,-0.0007916788279587944,0.04058958127418403,0.08423603110181772,49,0.4489795918367347,-0.010607808069177932,-0.01056690193657231,-0.5197825953897187,0.5819892202885246,val,1000.0,2000.0,2024-12-14 16:00:00+00:00,2025-05-30 04:00:00+00:00
discounted_lints,mixed,mixed_z72corr5_z24hie5_top10,0,3145,SOLUSDT,train,99.9500625,78.76773347053982,-21.19291224001003,-25.456515012999624,25.456515012999624,0.3681123355847849,0.4569854248133665,2571,2071,5626,763,0.1356203341628155,0.06843227870600782,0.14130821187344472,0.025268015009034216,0.019711689667293086,0.27183936000592435,0.3467636209225398,5616,-0.0027665716536656557,0.05421138859621661,0.10411788961381487,381,0.3884514435695538,-0.007992974064238557,-0.00878163065911481,-3.0453231184748906,0.6607081502258366,,,,,
discounted_lints,mixed,mixed_z72corr5_z24hie5_top10,0,3145,SOLUSDT,val,99.9500625,92.98635352421744,-6.967188215397635,-7.238907663777628,7.238907663777628,0.377,0.489,978,754,2000,335,0.1675,0.0685,0.1905,0.021194311721096953,0.01763317866412819,0.2444494802545358,0.28738283284590366,1990,-0.0018953771359078617,0.040978989407898715,0.0910441020196086,167,0.40718562874251496,-0.004670458323846785,-0.007712825504764124,-0.7799665400824132,0.7215163564217866,,,,,
discounted_lints,mixed,mixed_z72corr5_z24hie5_top10,0,3145,SOLUSDT,val_first,99.9500625,98.39841019988955,-1.5524275436150425,-3.9442627570925204,3.9442627570925204,0.417,0.545,545,417,1000,186,0.186,0.076,0.2,0.019652182307672243,0.01619376828386974,0.2525855886875941,0.27674557101026287,990,-0.0018441676153527539,0.040720229768222864,0.09088413745843761,93,0.41935483870967744,-0.0023834600575884765,-0.00744704144581769,-0.22166178535572834,0.8464086570337938,val,0.0,1000.0,2024-07-01 00:00:00+00:00,2024-12-14 12:00:00+00:00
discounted_lints,mixed,mixed_z72corr5_z24hie5_top10,0,3145,SOLUSDT,val_second,98.39841019988955,92.98635352421744,-5.500146460372579,-6.618960694496767,6.618960694496767,0.337,0.433,433,337,1000,149,0.149,0.061,0.181,0.02273644113452166,0.018925482948665757,0.2363133718214775,0.29802009468154445,1000,-0.0019460745612574178,0.04125387501953189,0.09139939869718777,74,0.3918918918918919,-0.007544658847657903,-0.008561946862892973,-0.5583047547266848,0.5887471547055316,val,1000.0,2000.0,2024-12-14 16:00:00+00:00,2025-05-30 04:00:00+00:00
discounted_lints,mixed,mixed_z72corr5_z24hie5_top10,0,3145,XRPUSDT,train,100.0,78.13436332033976,-21.865636679660238,-23.897751853248693,23.897751853248693,0.38446498400284396,0.4733380732314255,2663,2163,5626,781,0.13881976537504442,0.09349448986846783,0.1375755421258443,0.01960341902303294,0.014565456065038894,0.27219562658778446,0.33228352836744957,5616,-0.001594515334709706,0.03588836770516635,0.06775595766622197,390,0.3641025641025641,-0.007390912634290667,-0.006242067836516799,-2.88245592737336,0.562393780306875,,,,,
discounted_lints,mixed,mixed_z72corr5_z24hie5_top10,0,3145,XRPUSDT,val,99.9500625,118.64877462892856,18.708054463626333,-9.727572565839516,9.727572565839516,0.4365,0.464,928,873,2000,141,0.0705,0.055,0.0395,0.0275521993043496,0.021725059746532584,0.2709559107543369,0.2936754723912632,1990,0.005938428078140318,0.06006206420607273,0.12650363616913224,70,0.4,0.010643165937313638,-0.008129342336316047,0.7450216156119547,1.4626637097552158,,,,,
discounted_lints,mixed,mixed_z72corr5_z24hie5_top10,0,3145,XRPUSDT,val_first,99.9500625,122.91517385824068,22.976585290520134,-8.975498933378734,8.975498933378734,0.47,0.514,514,470,1000,73,0.073,0.061,0.051,0.030456232217984987,0.02190028781725748,0.26645148975347194,0.32780291071663437,990,0.011555552707836477,0.06965910457491277,0.16710939384409282,36,0.4444444444444444,0.03233383721898328,-0.003267821417451558,1.1640181398833982,3.2334540199888333,val,0.0,1000.0,2024-07-01 00:00:00+00:00,2024-12-14 12:00:00+00:00
discounted_lints,mixed,mixed_z72corr5_z24hie5_top10,0,3145,XRPUSDT,val_second,122.86886246673332,118.64877462892856,-3.4346275802360715,-7.499704057954492,7.499704057954492,0.403,0.414,414,403,1000,68,0.068,0.049,0.028,0.024648166390714217,0.021573747520879677,0.2754603317552019,0.25954803406589194,1000,0.00037747469474112003,0.0481286005082067,0.09305435121101806,34,0.35294117647058826,-0.012323427184454219,-0.017969422224220422,-0.41899652427144346,0.615286655296116,val,1000.0,2000.0,2024-12-14 16:00:00+00:00,2025-05-30 04:00:00+00:00
discounted_lints,mixed,mixed_z72corr5_z24hie5_top10,0,3146,BTCUSDT,train,100.0,83.57554015675089,-16.424459843249107,-16.847207609835024,16.847207609835024,0.4562744400995379,0.5190188410949165,2920,2567,5626,755,0.1341983647351582,0.08336295769640953,0.12051190899395663,0.01892804988022416,0.014325252242519095,0.2892135674805239,0.31650430603013163,5616,-0.0016688332834383357,0.027477706861558766,0.05625108171745768,377,0.376657824933687,-0.005248905073702925,-0.0036722764406718037,-1.9788372127860028,0.5944060281484232,,,,,
discounted_lints,mixed,mixed_z72corr5_z24hie5_top10,0,3146,BTCUSDT,val,100.0,95.58234442240106,-4.417655577598934,-6.434624700025315,6.434624700025315,0.504,0.55,1100,1008,2000,241,0.1205,0.093,0.063,0.015421159371034847,0.013002327721497208,0.2772084667214525,0.25631534915202336,1990,-0.0004483826487610732,0.025286158209715526,0.05318673269727211,120,0.4,-0.004132799286061436,-0.007361349976586752,-0.4959359143273724,0.6995308300789647,,,,,
discounted_lints,mixed,mixed_z72corr5_z24hie5_top10,0,3146,BTCUSDT,val_first,100.0,98.22599690098968,-1.7740030990103128,-3.693849344777611,3.693849344777611,0.5,0.557,557,500,1000,128,0.128,0.094,0.075,0.015198253195774999,0.01247951213872879,0.2683515912777723,0.262989231405615,990,-0.00018171061835342662,0.02635228695741118,0.05677768378604812,64,0.390625,-0.0033681932725828463,-0.007747031132301245,-0.21556436944530216,0.7720133461070172,val,0.0,1000.0,2024-07-01 00:00:00+00:00,2024-12-14 12:00:00+00:00
discounted_lints,mixed,mixed_z72corr5_z24hie5_top10,0,3146,BTCUSDT,val_second,98.22599690098968,95.58234442240106,-2.6913979618383377,-4.839126646417002,4.839126646417002,0.508,0.543,543,508,1000,113,0.113,0.092,0.051,0.015644065546294692,0.013404570706837683,0.2860653421651327,0.24964146689843172,1000,-0.0007123879588646429,0.02419478120316602,0.049739900292956905,56,0.4107142857142857,-0.005006634730036967,-0.004391901245775997,-0.28037154488207017,0.6023241540706884,val,1000.0,2000.0,2024-12-14 16:00:00+00:00,2025-05-30 04:00:00+00:00
discounted_lints,mixed,mixed_z72corr5_z24hie5_top10,0,3146,DOGEUSDT,train,100.0,71.88578176319824,-28.114218236801758,-29.643885760714884,29.643885760714884,0.45147529328119446,0.5467472449342339,3076,2540,5626,846,0.15037326697476006,0.08158549591183789,0.1505510131532172,0.02219167972535487,0.01688561863313806,0.2924359382950924,0.30547012984473326,5616,-0.0014727857283405505,0.044330328688542725,0.09354834728755734,423,0.40189125295508277,-0.008726127726205126,-0.004845320546937993,-3.6911520281847685,0.5441208702458098,,,,,
discounted_lints,mixed,mixed_z72corr5_z24hie5_top10,0,3146,DOGEUSDT,val,100.0,99.64910317427706,-0.3508968257229461,-9.580234126348607,9.580234126348607,0.377,0.4615,923,754,2000,275,0.1375,0.066,0.1445,0.025277883551794125,0.021283721004703438,0.252657495453145,0.29884032425579804,1990,0.0014010337543839092,0.05316668759502694,0.11212418436287222,137,0.5109489051094891,-0.0013769005947738713,0.001963687076065944,-0.18863538148402037,0.9349013116356959,,,,,
discounted_lints,mixed,mixed_z72corr5_z24hie5_top10,0,3146,DOGEUSDT,val_first,100.0,102.4994538425571,2.499453842557098,-4.663356853470346,4.663356853470346,0.358,0.459,459,358,1000,131,0.131,0.064,0.149,0.026282481028331268,0.02307201741828784,0.2524290516772918,0.31606889610963534,990,8.832397075644383e-05,0.058427179556232,0.125387367034056,65,0.5384615384615384,0.0024139544446450034,0.005441732587551098,0.15690703890192523,1.1168002911641253,val,0.0,1000.0,2024-07-01 00:00:00+00:00,2024-12-14 12:00:00+00:00
discounted_lints,mixed,mixed_z72corr5_z24hie5_top10,0,3146,DOGEUSDT,val_second,102.37942076464711,99.64910317427706,-2.6668617286344953,-6.5066829518586005,6.5066829518586005,0.396,0.464,464,396,1000,144,0.144,0.068,0.14,0.02427328607525698,0.019752241063020662,0.2528859392289982,0.2816117524019608,1000,0.0027006164401751007,0.04738106720279487,0.1020572966629616,72,0.4861111111111111,-0.004799200283138133,-0.001448040826514593,-0.34554242038594557,0.7776867852871027,val,1000.0,2000.0,2024-12-14 16:00:00+00:00,2025-05-30 04:00:00+00:00
discounted_lints,mixed,mixed_z72corr5_z24hie5_top10,0,3146,ETHUSDT,train,99.9500625,84.25500114634536,-15.702902990835687,-17.35841917122414,17.35841917122414,0.46516174902239604,0.5341272662637754,3005,2617,5626,716,0.12726626377532882,0.08620689655172414,0.10469249911126911,0.020472661956322618,0.015255459738785202,0.3018316483750436,0.30309370103028654,5616,-0.00149770272246816,0.034237226767350616,0.07178339751771055,358,0.4134078212290503,-0.005659449191218587,-0.004835863116904341,-2.0260828104562543,0.6684821332054738,,,,,
discounted_lints,mixed,mixed_z72corr5_z24hie5_top10,0,3146,ETHUSDT,val,100.0,97.11794147949998,-2.8820585205000193,-9.64450948735065,9.64450948735065,0.419,0.4715,943,838,2000,249,0.1245,0.072,0.0995,0.01953199653335721,0.01617965952823912,0.2498353753984439,0.30308445729528516,1990,0.0005984894128683763,0.03677611467583782,0.07675825358341157,124,0.4838709677419355,-0.002847573196533166,-0.0021625788022321558,-0.35309907637011256,0.8309938195104746,,,,,
discounted_lints,mixed,mixed_z72corr5_z24hie5_top10,0,3146,ETHUSDT,val_first,100.0,99.02495280317572,-0.9750471968242747,-3.103024016700895,3.103024016700895,0.401,0.435,435,401,1000,111,0.111,0.08,0.072,0.016766517337568735,0.013632523629855441,0.2407619760173782,0.3021372089721466,990,0.0009341449228801835,0.03255078475707984,0.0649609153776219,55,0.43636363636363634,-0.0021523962791532916,-0.004154905438214444,-0.11838179535343105,0.8418511992148227,val,0.0,1000.0,2024-07-01 00:00:00+00:00,2024-12-14 12:00:00+00:00
discounted_lints,mixed,mixed_z72corr5_z24hie5_top10,0,3146,ETHUSDT,val_second,98.95067025723004,97.11794147949998,-1.8521640863732869,-8.163132207566859,8.163132207566859,0.437,0.508,508,437,1000,138,0.138,0.064,0.127,0.022297475729145685,0.018639022320238174,0.2589087747795096,0.30403170561842374,1000,0.0002661904579566874,0.04054147338524831,0.08448362324756642,69,0.5217391304347826,-0.003401699724879445,0.0023315984094284415,-0.2347172810166817,0.8249319602572949,val,1000.0,2000.0,2024-12-14 16:00:00+00:00,2025-05-30 04:00:00+00:00
discounted_lints,mixed,mixed_z72corr5_z24hie5_top10,0,3146,SOLUSDT,train,100.0,75.22280492067374,-24.777195079326265,-29.840414665423353,29.840414665423353,0.38037682189832916,0.4598293636686811,2587,2140,5626,685,0.12175613224315678,0.06398862424457874,0.12388908638464273,0.02725879215925081,0.020939770410993992,0.2745334737232743,0.3536964579469227,5616,-0.0026701099472638836,0.054536924373763576,0.10688964223686766,342,0.36257309941520466,-0.010579625214296114,-0.010735163921222196,-3.618231823289271,0.6114637478411831,,,,,
discounted_lints,mixed,mixed_z72corr5_z24hie5_top10,0,3146,SOLUSDT,val,99.9500625,90.88902493323666,-9.065564683126981,-11.133351918230606,11.133351918230606,0.386,0.498,996,772,2000,335,0.1675,0.0785,0.1865,0.020923983304189032,0.017590307173936066,0.2502059317235597,0.279681720824154,1990,-0.0027816422059228673,0.04135542949758534,0.09044002048611753,167,0.4251497005988024,-0.006285004507683201,-0.006904952265879495,-1.0495957527830946,0.6691181502094024,,,,,
discounted_lints,mixed,mixed_z72corr5_z24hie5_top10,0,3146,SOLUSDT,val_first,99.9500625,96.80630335495624,-3.14532984413467,-4.8957700609834065,4.8957700609834065,0.428,0.554,554,428,1000,186,0.186,0.085,0.211,0.019217973308608576,0.01671779903023131,0.2605869058889213,0.26393238919747386,990,-0.0033388321856858095,0.04121864858251697,0.08926059162142402,93,0.46236559139784944,-0.004347078858882323,-0.004129298177104601,-0.40427833387605605,0.7446652459136153,val,0.0,1000.0,2024-07-01 00:00:00+00:00,2024-12-14 12:00:00+00:00
discounted_lints,mixed,mixed_z72corr5_z24hie5_top10,0,3146,SOLUSDT,val_second,96.80630335495624,90.88902493323666,-6.112492902474454,-8.7288158190306,8.7288158190306,0.344,0.442,442,344,1000,149,0.149,0.072,0.162,0.02262999329976949,0.01861478271499399,0.2398249575581982,0.2954310524508342,1000,-0.0022300241259575553,0.041503647803065584,0.09050896878482652,74,0.3783783783783784,-0.008720505660905927,-0.007906147241706988,-0.6453174189070386,0.5938308220650451,val,1000.0,2000.0,2024-12-14 16:00:00+00:00,2025-05-30 04:00:00+00:00
discounted_lints,mixed,mixed_z72corr5_z24hie5_top10,0,3146,XRPUSDT,train,100.0,75.50247310639084,-24.497526893609166,-25.474261036570102,25.474261036570102,0.39157483114113045,0.47742623533594025,2686,2203,5626,813,0.14450764308567365,0.08354070387486669,0.14024173480270175,0.020244798340430647,0.015066904294290622,0.2723449530771305,0.3296774231441887,5616,-0.0014008770796803648,0.03861386416243961,0.06864999797427773,406,0.3768472906403941,-0.0076815521110860045,-0.006188332326934949,-3.1187101571009177,0.5368990392958232,,,,,
discounted_lints,mixed,mixed_z72corr5_z24hie5_top10,0,3146,XRPUSDT,val,100.0,124.11429098174901,24.114290981748997,-8.653975478065835,8.653975478065835,0.478,0.5045,1009,956,2000,127,0.0635,0.0435,0.035,0.03002355325869786,0.024210263500369804,0.28294721554140256,0.2798323631312639,1990,0.006708701205502343,0.05970139812674099,0.12061202432701613,63,0.5079365079365079,0.018951854382053678,0.00027619199387022945,1.1939668260693816,1.9128772314277593,,,,,
discounted_lints,mixed,mixed_z72corr5_z24hie5_top10,0,3146,XRPUSDT,val_first,100.0,124.47054877915002,24.470548779150025,-8.653975478065835,8.653975478065835,0.538,0.575,575,538,1000,75,0.075,0.05,0.053,0.031195785978132808,0.021673214009857573,0.28408856683242684,0.3001026611635459,990,0.01245572809629324,0.06929659055638557,0.15563041580327602,37,0.4594594594594595,0.03342980669149588,-0.001605474978735531,1.2369028475853476,3.0671612924513667,val,0.0,1000.0,2024-07-01 00:00:00+00:00,2024-12-14 12:00:00+00:00
discounted_lints,mixed,mixed_z72corr5_z24hie5_top10,0,3146,XRPUSDT,val_second,124.42253947934314,124.11429098174901,-0.24774329384693594,-5.512671610847741,5.512671610847741,0.418,0.434,434,418,1000,52,0.052,0.037,0.017,0.02885132053926291,0.025625362502544415,0.2818058642503782,0.2595620650989819,1000,0.0010191445836193545,0.047721274188340726,0.10034066552701551,26,0.5769230769230769,-0.0016513854429217648,0.005323397174236808,-0.042936021515965886,0.9394890539101166,val,1000.0,2000.0,2024-12-14 16:00:00+00:00,2025-05-30 04:00:00+00:00
discounted_lints,mixed,mixed_z72corr5_z24hie5_top10,1,3142,BTCUSDT,train,100.0,90.15951867927934,-9.84048132072065,-12.87908751813005,12.87908751813005,0.4424102381798791,0.5104870245289727,2872,2489,5626,654,0.11624600071098472,0.09544969783149662,0.10629221471738358,0.01701660683034013,0.012718325600478409,0.2691834621572871,0.2997478413375748,5616,-0.001710657737868384,0.027474861539093644,0.0564836392028944,327,0.37920489296636084,-0.003842417983308912,-0.004523062137357325,-1.2564706805420143,0.6979876986469182,,,,,
discounted_lints,mixed,mixed_z72corr5_z24hie5_top10,1,3142,BTCUSDT,val,99.9500625,95.16609401455341,-4.786358673309077,-5.937639288898799,5.937639288898799,0.468,0.536,1072,936,2000,215,0.1075,0.105,0.077,0.014188399600112096,0.011386440160155095,0.2510468810678482,0.2555829031826107,1990,-0.00020092009993450871,0.02519517126512837,0.05259273552542735,107,0.4205607476635514,-0.004827118479895402,-0.0047604057255655865,-0.516501677348808,0.638755953560135,,,,,
discounted_lints,mixed,mixed_z72corr5_z24hie5_top10,1,3142,BTCUSDT,val_first,99.9500625,97.02891724073494,-2.922604735004608,-5.012323712123323,5.012323712123323,0.412,0.502,502,412,1000,128,0.128,0.11,0.118,0.013344881486158084,0.010627968005394244,0.2337325173403525,0.27240055076090663,990,0.0005041090741648974,0.02542744761861936,0.05544515535077133,64,0.421875,-0.005129243064118655,-0.00438010646805981,-0.32827155610359393,0.5948410631197515,val,0.0,1000.0,2024-07-01 00:00:00+00:00,2024-12-14 12:00:00+00:00
discounted_lints,mixed,mixed_z72corr5_z24hie5_top10,1,3142,BTCUSDT,val_second,97.02891724073494,95.16609401455341,-1.9198639737056378,-3.379613825055583,3.379613825055583,0.524,0.57,570,524,1000,87,0.087,0.1,0.036,0.015031917714066107,0.012522478403013328,0.26836124479534396,0.2387652556043147,1000,-0.0008988989822929204,0.024956183636078336,0.0509399717539124,43,0.4186046511627907,-0.004377444680121259,-0.005802703217824508,-0.18823012124521415,0.6961859029936786,val,1000.0,2000.0,2024-12-14 16:00:00+00:00,2025-05-30 04:00:00+00:00
discounted_lints,mixed,mixed_z72corr5_z24hie5_top10,1,3142,DOGEUSDT,train,99.9500625,82.82453062515665,-17.134088210143283,-20.348331750680337,20.348331750680337,0.46178457163170994,0.5181301102026307,2915,2598,5626,679,0.1206896551724138,0.08389619623178102,0.09864912904372555,0.02002795408495882,0.014955608989780721,0.2745681065395337,0.2837929455144961,5616,-0.0009783794841846868,0.044642859506861955,0.095558486341831,339,0.45132743362831856,-0.0067728579080766045,-0.0038737081524400844,-2.295998830837969,0.6626124324952913,,,,,
discounted_lints,mixed,mixed_z72corr5_z24hie5_top10,1,3142,DOGEUSDT,val,100.0,107.61205875197355,7.612058751973549,-8.347649388730593,8.347649388730593,0.3945,0.4595,919,789,2000,221,0.1105,0.069,0.104,0.023259641943208755,0.01962656181038648,0.24707423727558925,0.27099576057946223,1990,0.0027776358662988843,0.053909721461763954,0.11753963503060537,110,0.4909090909090909,0.0055267066644744236,-0.0005464402791543498,0.6079377330921866,1.2554147556520048,,,,,
discounted_lints,mixed,mixed_z72corr5_z24hie5_top10,1,3142,DOGEUSDT,val_first,100.0,106.8624314428607,6.862431442860695,-3.5579005766872784,3.5579005766872784,0.365,0.415,415,365,1000,107,0.107,0.07,0.11,0.024352712221138925,0.021254087374430783,0.24138322757984526,0.28943206674526334,990,0.0019048100052178082,0.05878261147852868,0.12862209633997926,53,0.39622641509433965,0.009851675421097068,-0.0029635484910282466,0.5221387973181446,1.4877172617426675,val,0.0,1000.0,2024-07-01 00:00:00+00:00,2024-12-14 12:00:00+00:00
discounted_lints,mixed,mixed_z72corr5_z24hie5_top10,1,3142,DOGEUSDT,val_second,106.73182980690005,107.61205875197355,0.824710816507146,-6.308594253709998,6.308594253709998,0.424,0.504,504,424,1000,114,0.114,0.068,0.098,0.02216657166527859,0.018258514657258973,0.25276524697133324,0.25255945441366107,1000,0.0036417334687691497,0.04862123391798207,0.10584632537690693,57,0.5789473684210527,0.0015052444872638913,0.00959513067569608,0.08579893577404181,1.0655143078565859,val,1000.0,2000.0,2024-12-14 16:00:00+00:00,2025-05-30 04:00:00+00:00
discounted_lints,mixed,mixed_z72corr5_z24hie5_top10,1,3142,ETHUSDT,train,100.0,90.9538431893674,-9.0461568106326,-13.685726684266008,13.685726684266008,0.4859580519018841,0.5465694987557768,3075,2734,5626,596,0.10593672236046925,0.09065055101315321,0.08371845005332386,0.018337841988784957,0.014031126970785929,0.28481098510156394,0.2803340538112946,5616,-0.000589152630861291,0.03492562747947008,0.07311546709797498,298,0.436241610738255,-0.0040699271354232396,-0.0033990208126677907,-1.2128382863561253,0.752716046970201,,,,,
discounted_lints,mixed,mixed_z72corr5_z24hie5_top10,1,3142,ETHUSDT,val,100.0,97.03317273023133,-2.966827269768668,-8.3306728601238,8.3306728601238,0.405,0.4515,903,810,2000,210,0.105,0.0885,0.076,0.01668614160517397,0.013473439439722464,0.23721739235851755,0.28024534190666883,1990,0.000517804203739922,0.037092473134151246,0.07846039652935871,105,0.49523809523809526,-0.004115483600850116,-5.6184858656202485e-05,-0.43212577808926217,0.7843347014259429,,,,,
discounted_lints,mixed,mixed_z72corr5_z24hie5_top10,1,3142,ETHUSDT,val_first,100.0,97.60456980698325,-2.3954301930167454,-4.435462863200367,4.435462863200367,0.375,0.418,418,375,1000,101,0.101,0.097,0.074,0.01440904280796054,0.011919585776890892,0.22663718994260976,0.2803169558024281,990,0.0022768391048769003,0.032626969590690065,0.06840273455202031,50,0.48,-0.006045458500358547,-0.0021590703357259357,-0.30227292501792735,0.6770292541044347,val,0.0,1000.0,2024-07-01 00:00:00+00:00,2024-12-14 12:00:00+00:00
discounted_lints,mixed,mixed_z72corr5_z24hie5_top10,1,3142,ETHUSDT,val_second,97.53041156139302,97.03317273023133,-0.5098295220959836,-6.37909583611731,6.37909583611731,0.435,0.485,485,435,1000,109,0.109,0.08,0.078,0.018963240402387407,0.015428473532171657,0.2477975947744253,0.2801737280109096,1000,-0.0012236403483856864,0.04097978498043988,0.0831516867548986,55,0.509090909090909,-0.0023609609649333594,0.0003858179964848869,-0.12985285307133476,0.8783890666694658,val,1000.0,2000.0,2024-12-14 16:00:00+00:00,2025-05-30 04:00:00+00:00
discounted_lints,mixed,mixed_z72corr5_z24hie5_top10,1,3142,SOLUSDT,train,99.9500625,87.3138706402639,-12.642505210775735,-16.444659423657637,16.444659423657637,0.34589406327763955,0.42587984358336295,2396,1946,5626,731,0.1299324564521863,0.07607536437966583,0.13864201919658728,0.022236476353140144,0.01682093041902991,0.24553899719372663,0.32704338716775994,5616,-0.0036931894956576173,0.055033675648077894,0.10513848341689892,365,0.410958904109589,-0.005343729187745223,-0.006480100054537506,-1.9504611535270064,0.7528227028387976,,,,,
discounted_lints,mixed,mixed_z72corr5_z24hie5_top10,1,3142,SOLUSDT,val,99.9500625,93.52319218795101,-6.430081333915116,-9.159893932961271,9.159893932961271,0.3635,0.499,998,727,2000,351,0.1755,0.075,0.2115,0.020013036774595087,0.01613989872309699,0.23092396478435798,0.2728694781149115,1990,-0.0015393172094850323,0.040333908314003686,0.08479891037423279,175,0.45714285714285713,-0.004132520820783043,-0.001954294369583347,-0.7231911436370325,0.7377326974942582,,,,,
discounted_lints,mixed,mixed_z72corr5_z24hie5_top10,1,3142,SOLUSDT,val_first,99.9500625,96.52572094586108,-3.4260524390756886,-3.8756970125918833,3.8756970125918833,0.403,0.542,542,403,1000,190,0.19,0.091,0.224,0.018138277699281342,0.014525572497827464,0.23428310512575487,0.265990018778269,990,-0.002063158927100985,0.03914457545340382,0.08319344913448269,95,0.45263157894736844,-0.004313361031576013,-0.002226228528770888,-0.4097692979997212,0.7080151330837057,val,0.0,1000.0,2024-07-01 00:00:00+00:00,2024-12-14 12:00:00+00:00
discounted_lints,mixed,mixed_z72corr5_z24hie5_top10,1,3142,SOLUSDT,val_second,96.52572094586108,93.52319218795101,-3.110599670728298,-8.296215664943773,8.296215664943773,0.324,0.456,456,324,1000,161,0.161,0.059,0.199,0.021887795849908825,0.01770869744579011,0.22756482444296103,0.27974893745155405,1000,-0.0010207139090452396,0.04149086186658721,0.08691731046353814,80,0.4625,-0.003917773070466392,-0.0017795104186228107,-0.31342184563731135,0.7685328198845129,val,1000.0,2000.0,2024-12-14 16:00:00+00:00,2025-05-30 04:00:00+00:00
discounted_lints,mixed,mixed_z72corr5_z24hie5_top10,1,3142,XRPUSDT,train,100.0,80.8677348044146,-19.132265195585408,-20.176302829922633,20.176302829922633,0.38642019196587274,0.46445076430856735,2613,2174,5626,721,0.12815499466761465,0.09687166725915393,0.12300035549235691,0.017400878384683988,0.013113342571937598,0.25187433951263155,0.3084080466609715,5616,-0.0016625964411434453,0.037011933413670844,0.0681607243618923,360,0.38333333333333336,-0.006652251309723483,-0.005794746358326978,-2.394810471500454,0.5938464830376892,,,,,
discounted_lints,mixed,mixed_z72corr5_z24hie5_top10,1,3142,XRPUSDT,val,100.0,124.5721813240691,24.57218132406911,-8.302174588738831,8.302174588738831,0.4305,0.4545,909,861,2000,125,0.0625,0.0525,0.0325,0.02581912619701623,0.02054845592736805,0.2581209370269135,0.274489467513342,1990,0.005451490252358814,0.058219973992189845,0.11295035855733461,62,0.5483870967741935,0.022527408094748864,0.0017722905285317294,1.3966993018744296,2.1081375310351738,,,,,
discounted_lints,mixed,mixed_z72corr5_z24hie5_top10,1,3142,XRPUSDT,val_first,100.0,124.83862111095272,24.83862111095272,-7.4765638483971,7.4765638483971,0.482,0.499,499,482,1000,57,0.057,0.057,0.034,0.027069532642018203,0.01885045942024058,0.2616272125544938,0.295807918673163,990,0.011077758308584497,0.06852556512175156,0.14894545823851887,28,0.6071428571428571,0.050981669499332236,0.003688308049808617,1.4274867459813025,5.048244759339606,val,0.0,1000.0,2024-07-01 00:00:00+00:00,2024-12-14 12:00:00+00:00
discounted_lints,mixed,mixed_z72corr5_z24hie5_top10,1,3142,XRPUSDT,val_second,124.79046984266334,124.5721813240691,-0.17492402975118893,-5.138518722321672,5.138518722321672,0.379,0.41,410,379,1000,68,0.068,0.048,0.031,0.02456871975201426,0.02180040047724248,0.2546146614993332,0.25317101635352113,1000,-0.00011851512330461288,0.04513778737857193,0.09145806996310543,34,0.5,-0.0009055130619668651,-0.0008907603761885842,-0.030787444106873414,0.9660850480011394,val,1000.0,2000.0,2024-12-14 16:00:00+00:00,2025-05-30 04:00:00+00:00
discounted_lints,mixed,mixed_z72corr5_z24hie5_top10,1,3143,BTCUSDT,train,99.9500625,82.89083896990479,-17.06774673612156,-18.978622838179405,18.978622838179405,0.4235691432634198,0.4966228226093139,2794,2383,5626,696,0.12371134020618557,0.0945609669392108,0.11429079274795592,0.015912556948189386,0.01239249397574501,0.2645691624345302,0.3048999968344055,5616,-0.0018686908324741704,0.026496613198379853,0.05563089864556066,348,0.3649425287356322,-0.005881405057530436,-0.005064863591817131,-2.046728960020592,0.5742057425759701,,,,,
discounted_lints,mixed,mixed_z72corr5_z24hie5_top10,1,3143,BTCUSDT,val,100.0,99.5623451259882,-0.4376548740117947,-3.7543931064422553,3.7543931064422553,0.519,0.5575,1115,1038,2000,223,0.1115,0.1095,0.058,0.013445090994409376,0.01101418750733426,0.264429577159108,0.24372631258328106,1990,-0.0002759502826613861,0.02528376651906012,0.0528133581849167,111,0.3963963963963964,-0.0005533171903630232,-0.005805922071334993,-0.061418208130295575,0.9542930076841207,,,,,
discounted_lints,mixed,mixed_z72corr5_z24hie5_top10,1,3143,BTCUSDT,val_first,100.0,99.79387231251407,-0.20612768748593524,-2.4682815632656174,2.4682815632656174,0.489,0.524,524,489,1000,97,0.097,0.113,0.05,0.013918552364382743,0.011660892691082423,0.25000146210612795,0.25754277564919126,990,0.0008848983319845383,0.025806802987130673,0.056377245434220506,48,0.3125,-0.0020544963498437996,-0.009887621556865357,-0.09861582479250237,0.8448627766114771,val,0.0,1000.0,2024-07-01 00:00:00+00:00,2024-12-14 12:00:00+00:00
discounted_lints,mixed,mixed_z72corr5_z24hie5_top10,1,3143,BTCUSDT,val_second,99.76296233016532,99.5623451259882,-0.20109387240645482,-3.7543931064422553,3.7543931064422553,0.549,0.591,591,549,1000,126,0.126,0.106,0.066,0.012971629624436012,0.010576281554621331,0.27885769221208795,0.22990984951737092,1000,-0.0014251904111608512,0.024714297739044083,0.05012292109065057,63,0.4603174603174603,0.0005904383597175689,-0.0005036954760517321,0.03719761666220684,1.052533862708822,val,1000.0,2000.0,2024-12-14 16:00:00+00:00,2025-05-30 04:00:00+00:00
discounted_lints,mixed,mixed_z72corr5_z24hie5_top10,1,3143,DOGEUSDT,train,100.0,87.75459599686747,-12.245404003132531,-15.506157597116111,15.506157597116111,0.4696054034838251,0.5291503732669748,2977,2642,5626,690,0.1226448631354426,0.09100604337006754,0.10007109847138286,0.0194414385103906,0.014324542153090477,0.2800766600817051,0.27856147494081135,5616,-0.001019277061430486,0.044124867788433574,0.09520864714232155,345,0.4434782608695652,-0.005140248133222275,-0.003074159365966026,-1.7733856059616848,0.7414046943609899,,,,,
discounted_lints,mixed,mixed_z72corr5_z24hie5_top10,1,3143,DOGEUSDT,val,100.0,100.33650806778269,0.3365080677826926,-9.671957771323648,9.671957771323648,0.355,0.434,868,710,2000,267,0.1335,0.0695,0.1375,0.02320713679322548,0.020480509956032136,0.23815148262022603,0.27977157414848985,1990,0.0019112539896131158,0.053720175747545666,0.11347361442062846,133,0.42857142857142855,-0.0007464815877983945,-0.010449727655199977,-0.09928205117718647,0.9648083576254645,,,,,
discounted_lints,mixed,mixed_z72corr5_z24hie5_top10,1,3143,DOGEUSDT,val_first,100.0,104.75899535386753,4.758995353867523,-3.4738443893921667,3.4738443893921667,0.354,0.414,414,354,1000,111,0.111,0.066,0.108,0.024053825327809635,0.02111576348910981,0.2376795823205747,0.29540093183239247,990,0.00016503240387149862,0.0595663449192911,0.12797459883902837,55,0.41818181818181815,0.007014251114139884,-0.010852829062321661,0.3857838112776936,1.330852528059304,val,0.0,1000.0,2024-07-01 00:00:00+00:00,2024-12-14 12:00:00+00:00
discounted_lints,mixed,mixed_z72corr5_z24hie5_top10,1,3143,DOGEUSDT,val_second,104.63717998520686,100.33650806778269,-4.110080105400559,-7.580241532731746,7.580241532731746,0.356,0.454,454,356,1000,156,0.156,0.073,0.167,0.02236044825864133,0.01977003595889864,0.2386233829198774,0.2641422164645872,1000,0.003640013359497318,0.04719184246848663,0.10027395025731092,78,0.4358974358974359,-0.0062187931083958975,-0.009080797958537739,-0.48506586245488004,0.7069359635329223,val,1000.0,2000.0,2024-12-14 16:00:00+00:00,2025-05-30 04:00:00+00:00
discounted_lints,mixed,mixed_z72corr5_z24hie5_top10,1,3143,ETHUSDT,train,99.9500625,81.25434555477344,-18.70505778345718,-19.874206174363973,19.874206174363973,0.4735158194098827,0.5220405261286882,2937,2664,5626,606,0.10771418414504089,0.07945254177035194,0.08745111980092428,0.018127551067329804,0.013847518790263334,0.28534691035806115,0.2810465160454548,5616,-0.0007146998398606156,0.03421695796438178,0.07269493444408683,303,0.40264026402640263,-0.007764910300638274,-0.005359188292492406,-2.352767821093397,0.5809191102258306,,,,,
discounted_lints,mixed,mixed_z72corr5_z24hie5_top10,1,3143,ETHUSDT,val,100.0,99.35771028373037,-0.6422897162696284,-8.98578986809383,8.98578986809383,0.458,0.5155,1031,916,2000,200,0.1,0.087,0.0715,0.016664423024279767,0.013796578902170425,0.25215271767790925,0.26337508595835313,1990,0.0004556398284464449,0.03829171046327963,0.07865447219006814,100,0.53,-0.0025451525093756126,0.0024695459499770945,-0.2545152509375613,0.8662191670365924,,,,,
discounted_lints,mixed,mixed_z72corr5_z24hie5_top10,1,3143,ETHUSDT,val_first,100.0,98.97660149142908,-1.0233985085709163,-3.0069028256913044,3.0069028256913044,0.473,0.517,517,473,1000,95,0.095,0.101,0.055,0.014427148645572792,0.0125256596213747,0.2442607317266149,0.2601010680206332,990,0.0012778052021268148,0.03517913396380759,0.06898968832161144,47,0.5319148936170213,-0.0037917798413074654,0.0030858307556497116,-0.17821365254145088,0.7987675983210141,val,0.0,1000.0,2024-07-01 00:00:00+00:00,2024-12-14 12:00:00+00:00
discounted_lints,mixed,mixed_z72corr5_z24hie5_top10,1,3143,ETHUSDT,val_second,98.90056223816741,99.35771028373037,0.4622299764707849,-7.525217307487042,7.525217307487042,0.443,0.514,514,443,1000,105,0.105,0.073,0.088,0.01890169740298674,0.015483049797597449,0.2600447036292036,0.266649103896073,1000,-0.0003583038914971215,0.04114345971911157,0.08468677253347791,53,0.5283018867924528,-0.0014396527999266078,0.0015632958100205135,-0.07630159839611021,0.9249641123576773,val,1000.0,2000.0,2024-12-14 16:00:00+00:00,2025-05-30 04:00:00+00:00
discounted_lints,mixed,mixed_z72corr5_z24hie5_top10,1,3143,SOLUSDT,train,100.0,79.05960497628035,-20.94039502371965,-25.3111787518845,25.3111787518845,0.3201208674013509,0.4185922502666193,2355,1801,5626,735,0.13064344116601492,0.0627444009953786,0.1573053679345894,0.023894403342167265,0.018990173067728287,0.24274566074476153,0.34766683500220646,5616,-0.002761175600418435,0.05239112650798173,0.0994533985522337,367,0.4087193460490463,-0.007992108093715011,-0.00775142000674929,-2.9331036703934092,0.6557721439489332,,,,,
discounted_lints,mixed,mixed_z72corr5_z24hie5_top10,1,3143,SOLUSDT,val,99.9500625,90.13658146757447,-9.81838408797946,-12.0421945260348,12.0421945260348,0.3925,0.5035,1007,785,2000,327,0.1635,0.084,0.184,0.019785327536684022,0.016009947766844994,0.24019071756668794,0.26001499875671147,1990,-0.002307735176445204,0.041281553664915184,0.08834478190129638,163,0.4539877300613497,-0.006770691707572276,-0.006904952265879495,-1.1036227483342809,0.6468594631609335,,,,,
discounted_lints,mixed,mixed_z72corr5_z24hie5_top10,1,3143,SOLUSDT,val_first,99.9500625,97.97594242631581,-1.975106392438919,-5.06363420043634,5.06363420043634,0.421,0.542,542,421,1000,188,0.188,0.085,0.22,0.017752431649433884,0.014074973141460419,0.24263833582403516,0.25408467001542406,990,-0.002677541687232446,0.04074294326027357,0.08753497395455803,94,0.4574468085106383,-0.002996284413331182,-0.003637308479139072,-0.2816507348531311,0.8068540484683531,val,0.0,1000.0,2024-07-01 00:00:00+00:00,2024-12-14 12:00:00+00:00
discounted_lints,mixed,mixed_z72corr5_z24hie5_top10,1,3143,SOLUSDT,val_second,97.97594242631581,90.13658146757447,-8.001312122756099,-9.172684085653993,9.172684085653993,0.364,0.465,465,364,1000,139,0.139,0.083,0.148,0.02181822342393416,0.018224646699863862,0.23774309930934073,0.2659453274979989,1000,-0.0019416267307658338,0.041825110447307426,0.08901100117815397,69,0.4492753623188406,-0.011912637876538401,-0.009401871909274839,-0.8219720134811497,0.506897179452645,val,1000.0,2000.0,2024-12-14 16:00:00+00:00,2025-05-30 04:00:00+00:00
discounted_lints,mixed,mixed_z72corr5_z24hie5_top10,1,3143,XRPUSDT,train,100.0,80.35363073689732,-19.64636926310268,-20.833578043855805,20.833578043855805,0.3585140419480981,0.4571631709918237,2572,2017,5626,797,0.14166370423035904,0.09544969783149662,0.15179523640241735,0.016754870196933357,0.012849150233138538,0.247910345448412,0.31354848734755625,5616,-0.0020603885553139353,0.03535785237307627,0.06693066108323607,398,0.40954773869346733,-0.0060610965201087245,-0.004582529868531056,-2.4123164150032723,0.5893871046365299,,,,,
discounted_lints,mixed,mixed_z72corr5_z24hie5_top10,1,3143,XRPUSDT,val,100.0,128.15947143051503,28.159471430515026,-8.872155611889742,8.872155611889742,0.5005,0.514,1028,1001,2000,125,0.0625,0.056,0.0315,0.026173237816737152,0.020751776282861928,0.2739810489328068,0.26082299977567647,1990,0.008965156764370536,0.06046433836859934,0.12677542061785227,62,0.45161290322580644,0.022528214853227566,-0.003281926296534606,1.3967493209001092,2.0750411029151294,,,,,
discounted_lints,mixed,mixed_z72corr5_z24hie5_top10,1,3143,XRPUSDT,val_first,100.0,126.77085605937108,26.770856059371084,-8.872155611889742,8.872155611889742,0.533,0.547,547,533,1000,65,0.065,0.06,0.038,0.0276203583140937,0.020352473029244707,0.26264050130446914,0.2899472518361335,990,0.013366761559740321,0.06970691320484669,0.16539244707807557,32,0.46875,0.004305105361647264,-0.001517348947716876,0.13776337157271246,1.267500104084321,val,0.0,1000.0,2024-07-01 00:00:00+00:00,2024-12-14 12:00:00+00:00
discounted_lints,mixed,mixed_z72corr5_z24hie5_top10,1,3143,XRPUSDT,val_second,126.6348527699042,128.15947143051503,1.2039486975841118,-4.459457658477706,4.459457658477706,0.468,0.481,481,468,1000,60,0.06,0.052,0.025,0.024726117319380604,0.021435820240632453,0.2853215965611445,0.23169874771521948,1000,0.004607568016954451,0.04929821826535646,0.1035692505689649,30,0.43333333333333335,0.041966198310913236,-0.009596465158128353,1.2589859493273972,2.60533965042325,val,1000.0,2000.0,2024-12-14 16:00:00+00:00,2025-05-30 04:00:00+00:00
discounted_lints,mixed,mixed_z72corr5_z24hie5_top10,1,3144,BTCUSDT,train,100.0,86.29400207387079,-13.70599792612921,-17.229457388283087,17.229457388283087,0.46178457163170994,0.520618556701031,2929,2598,5626,648,0.11517952364024174,0.0965161749022396,0.09384998222538216,0.01648949447940481,0.012611502994228089,0.27258157314335996,0.29578621073580147,5616,-0.0008943202866857602,0.027224704917486967,0.05572352812958948,324,0.37962962962962965,-0.005018628611250202,-0.0048233786616791036,-1.6260356700450656,0.6035590723791969,,,,,
discounted_lints,mixed,mixed_z72corr5_z24hie5_top10,1,3144,BTCUSDT,val,100.0,95.3203635750821,-4.6796364249178986,-5.23303071303366,5.23303071303366,0.486,0.534,1068,972,2000,215,0.1075,0.126,0.061,0.01307222348683895,0.010782751765599879,0.261042869584321,0.24337650245045758,1990,-0.00035324825733100846,0.02523781300408125,0.05225439549078112,107,0.3925233644859813,-0.00455621009420958,-0.0036692953501996075,-0.48751448008042503,0.6588169865200273,,,,,
discounted_lints,mixed,mixed_z72corr5_z24hie5_top10,1,3144,BTCUSDT,val_first,100.0,98.16461621648348,-1.8353837835165199,-4.6238975527026716,4.6238975527026716,0.467,0.522,522,467,1000,121,0.121,0.14,0.085,0.01304470394099173,0.010319319486219145,0.24993232915933827,0.25189997713266554,990,0.0004219436851511884,0.026162617633150705,0.05506109494628399,60,0.35,-0.0039007531766039093,-0.00469283332345913,-0.23404519059623455,0.7096801879969742,val,0.0,1000.0,2024-07-01 00:00:00+00:00,2024-12-14 12:00:00+00:00
discounted_lints,mixed,mixed_z72corr5_z24hie5_top10,1,3144,BTCUSDT,val_second,98.13527264132458,95.3203635750821,-2.86839684700394,-3.7835857457793165,3.7835857457793165,0.505,0.546,546,505,1000,94,0.094,0.112,0.037,0.013099743032686172,0.011182344251276479,0.2721534100093038,0.23485302776824965,1000,-0.0011206882803883838,0.02427633004898034,0.049816803533477706,47,0.44680851063829785,-0.0053929636060466085,-0.002666649181822052,-0.2534692894841906,0.5929714636850056,val,1000.0,2000.0,2024-12-14 16:00:00+00:00,2025-05-30 04:00:00+00:00
discounted_lints,mixed,mixed_z72corr5_z24hie5_top10,1,3144,DOGEUSDT,train,99.9500625,80.07240931630034,-19.88758454623244,-21.206834317006873,21.206834317006873,0.46196231781016706,0.5325275506576609,2996,2599,5626,774,0.1375755421258443,0.08940632776395308,0.13330963384287237,0.0191948925434707,0.014349227290858623,0.2763103771212751,0.28094788677530474,5616,-0.0016298466094149782,0.044068618897282766,0.0939619150731384,387,0.4263565891472868,-0.006667249632231947,-0.0059627406621935546,-2.5802256076737633,0.6223369681184512,,,,,
discounted_lints,mixed,mixed_z72corr5_z24hie5_top10,1,3144,DOGEUSDT,val,100.0,106.12038685710809,6.1203868571080955,-6.99072278631665,6.99072278631665,0.428,0.501,1002,856,2000,239,0.1195,0.0615,0.1115,0.02259933787800739,0.01915683767841995,0.2594924947368182,0.25486894816748695,1990,0.0026155381971977006,0.05613760599036348,0.11778630750319982,119,0.5210084033613446,0.003964183765091336,0.0019190445036845472,0.47173786804586904,1.1972352964630304,,,,,
discounted_lints,mixed,mixed_z72corr5_z24hie5_top10,1,3144,DOGEUSDT,val_first,100.0,108.12039611953608,8.120396119536078,-3.480459328810681,3.480459328810681,0.409,0.501,501,409,1000,115,0.115,0.067,0.121,0.023104676221711005,0.0197017835801567,0.25427219800127476,0.27055778324112634,990,0.002340056031762791,0.06263805162813021,0.12994992683175638,57,0.5614035087719298,0.011843170432907913,0.013965486982653177,0.675060714675751,1.6551522704390016,val,0.0,1000.0,2024-07-01 00:00:00+00:00,2024-12-14 12:00:00+00:00
discounted_lints,mixed,mixed_z72corr5_z24hie5_top10,1,3144,DOGEUSDT,val_second,107.99378888973963,106.12038685710809,-1.734731276577639,-6.660274798333166,6.660274798333166,0.447,0.501,501,447,1000,124,0.124,0.056,0.102,0.022093999534303778,0.018756835195618375,0.26471279147236165,0.2391801130938475,1000,0.0028882655409782606,0.048888339106861196,0.10825384720300762,62,0.4838709677419355,-0.00327940075209487,-0.0017534831818544682,-0.20332284662988193,0.8506477265460933,val,1000.0,2000.0,2024-12-14 16:00:00+00:00,2025-05-30 04:00:00+00:00
discounted_lints,mixed,mixed_z72corr5_z24hie5_top10,1,3144,ETHUSDT,train,100.0,84.4791653005141,-15.520834699485908,-19.606258678286537,19.606258678286537,0.46356203341628155,0.5202630643441166,2927,2608,5626,624,0.11091361535726982,0.0897618201208674,0.08922858158549592,0.01803980848000895,0.01351709280692737,0.2785924381401313,0.28445167554887796,5616,-0.000889715300364589,0.03410022558204764,0.07088942506667509,312,0.42948717948717946,-0.006352554364691825,-0.00557159657884306,-1.9819969617838495,0.639350111624459,,,,,
discounted_lints,mixed,mixed_z72corr5_z24hie5_top10,1,3144,ETHUSDT,val,100.0,95.69052993659608,-4.30947006340392,-8.212698583044986,8.212698583044986,0.434,0.4865,973,868,2000,206,0.103,0.087,0.0705,0.017603487874084545,0.014370763120974255,0.24896122890986627,0.26584536520551355,1990,-0.00040618268659649656,0.037454227324894916,0.07960975880792534,103,0.5242718446601942,-0.005564066796984052,8.022866464455457e-05,-0.5730988800893574,0.7232796272516384,,,,,
discounted_lints,mixed,mixed_z72corr5_z24hie5_top10,1,3144,ETHUSDT,val_first,100.0,97.51953913606583,-2.480460863934164,-4.49398878079228,4.49398878079228,0.452,0.503,503,452,1000,103,0.103,0.102,0.059,0.014688133553474885,0.01179041927456823,0.24829635124095895,0.2549662444264104,990,0.00040319154062721363,0.034938444098766584,0.0761326714173602,51,0.47058823529411764,-0.0058090491074311145,-0.0017231136601845369,-0.29626150447898686,0.7109127801972757,val,0.0,1000.0,2024-07-01 00:00:00+00:00,2024-12-14 12:00:00+00:00
discounted_lints,mixed,mixed_z72corr5_z24hie5_top10,1,3144,ETHUSDT,val_second,97.44688219952981,95.69052993659608,-1.8023688632104906,-6.280003026458624,6.280003026458624,0.416,0.47,470,416,1000,103,0.103,0.072,0.082,0.020518842194694208,0.016958991084447615,0.24962610657877357,0.27672448598461663,1000,-0.001207463171547969,0.0397898566536466,0.08191327186435857,52,0.5769230769230769,-0.005323795684814817,0.0011851934791227083,-0.2768373756103705,0.7353934492909633,val,1000.0,2000.0,2024-12-14 16:00:00+00:00,2025-05-30 04:00:00+00:00
discounted_lints,mixed,mixed_z72corr5_z24hie5_top10,1,3144,SOLUSDT,train,100.0,89.40814922674281,-10.591850773257194,-19.461050024991334,19.461050024991334,0.36491290437255597,0.4612513330963384,2595,2053,5626,715,0.12708851759687168,0.06452186277995023,0.16192676857447566,0.025575942581330318,0.020838888802882337,0.25362629752071825,0.34592863543544056,5616,-0.0022599257031832025,0.05540841457925093,0.10647345433467376,357,0.42296918767507,-0.0054260346021601305,-0.006544327901713975,-1.9370943529711666,0.7660349845325715,,,,,
discounted_lints,mixed,mixed_z72corr5_z24hie5_top10,1,3144,SOLUSDT,val,99.9500625,91.11125528036763,-8.843223304269943,-10.833345802074213,10.833345802074213,0.4,0.535,1070,800,2000,351,0.1755,0.092,0.202,0.018425595302957,0.014599228705980724,0.24558911330108554,0.25472048545583637,1990,-0.0022587831541543333,0.04139990151670487,0.09152379664221333,175,0.4342857142857143,-0.0057743192069957235,-0.007547880815750136,-1.0105058612242517,0.693037008686622,,,,,
discounted_lints,mixed,mixed_z72corr5_z24hie5_top10,1,3144,SOLUSDT,val_first,99.9500625,97.72195064106218,-2.22922507821125,-4.719106756733238,4.719106756733238,0.46,0.601,601,460,1000,182,0.182,0.111,0.204,0.01632334442771943,0.0134293211223118,0.26080711408212753,0.23626527063371242,990,-0.0023197623280206683,0.04203381520302798,0.09416595228151056,91,0.4725274725274725,-0.003273645031465708,-0.006040854773591019,-0.29790169786337944,0.8012595230353508,val,0.0,1000.0,2024-07-01 00:00:00+00:00,2024-12-14 12:00:00+00:00
discounted_lints,mixed,mixed_z72corr5_z24hie5_top10,1,3144,SOLUSDT,val_second,97.72195064106218,91.11125528036763,-6.76480086339658,-9.691768388494914,9.691768388494914,0.34,0.469,469,340,1000,169,0.169,0.073,0.2,0.020527846178194573,0.016545500467789902,0.23037111252004355,0.2731757002779603,1000,-0.0021984137720266607,0.04078357306909949,0.09007445906728641,84,0.39285714285714285,-0.008483382897153243,-0.008246303068275507,-0.7126041633608725,0.602562898121545,val,1000.0,2000.0,2024-12-14 16:00:00+00:00,2025-05-30 04:00:00+00:00
discounted_lints,mixed,mixed_z72corr5_z24hie5_top10,1,3144,XRPUSDT,train,99.9500625,78.52130103540753,-21.43946779882451,-22.898014103964247,22.898014103964247,0.382332029861358,0.4495200853181657,2529,2151,5626,725,0.12886597938144329,0.09225026661926769,0.1235335940277284,0.01732648611428309,0.012993034103973913,0.2552018882475777,0.30315133319599913,5616,-0.0018851938918789631,0.03773660238408772,0.0685675333031733,362,0.3729281767955801,-0.007380469545425386,-0.005862185365962649,-2.6717299754439896,0.548823095842236,,,,,
discounted_lints,mixed,mixed_z72corr5_z24hie5_top10,1,3144,XRPUSDT,val,100.0,125.5959796933453,25.595979693345306,-8.975498933378724,8.975498933378724,0.4855,0.5195,1039,971,2000,119,0.0595,0.053,0.035,0.026210881272892596,0.021073302137206047,0.272775580408043,0.25914362208027253,1990,0.007852755142182784,0.06068377274571173,0.13093161771116862,59,0.4406779661016949,0.02054426908323354,-0.004431382581945359,1.2121118759107787,1.8721439666008195,,,,,
discounted_lints,mixed,mixed_z72corr5_z24hie5_top10,1,3144,XRPUSDT,val_first,100.0,127.2896045143344,27.2896045143344,-8.975498933378724,8.975498933378724,0.526,0.557,557,526,1000,63,0.063,0.059,0.036,0.02777001981176643,0.02064664096411132,0.26763011108342755,0.2842697940746533,990,0.013173123686931057,0.07032392965829147,0.17020089866247742,31,0.4838709677419355,0.004564432785302373,-0.0030529614044641743,0.14149741634437354,1.355925871975848,val,0.0,1000.0,2024-07-01 00:00:00+00:00,2024-12-14 12:00:00+00:00
discounted_lints,mixed,mixed_z72corr5_z24hie5_top10,1,3144,XRPUSDT,val_second,127.15137155305504,125.5959796933453,-1.223259993747483,-5.699492855036659,5.699492855036659,0.445,0.482,482,445,1000,56,0.056,0.047,0.034,0.024651742734018763,0.02126835078022512,0.2779210497326585,0.23401745008589175,1000,0.002585590282881996,0.04878618203215006,0.10267577739496672,28,0.39285714285714285,0.03823623069880018,-0.014996543791305538,1.070614459566405,2.0789660159758188,val,1000.0,2000.0,2024-12-14 16:00:00+00:00,2025-05-30 04:00:00+00:00
discounted_lints,mixed,mixed_z72corr5_z24hie5_top10,1,3145,BTCUSDT,train,99.9500625,88.68581403606119,-11.269876358445307,-15.161932285168922,15.161932285168922,0.45165303945965163,0.5142196942765731,2893,2541,5626,648,0.11517952364024174,0.10042659082829719,0.10149306789904017,0.016019488465464426,0.012381747364446532,0.2716953203594699,0.2957039100560157,5616,-0.0011156925117919725,0.027015726158577023,0.055522398383102106,324,0.39197530864197533,-0.004280909026207368,-0.003308650939765829,-1.3870145244911873,0.6647400237721222,,,,,
discounted_lints,mixed,mixed_z72corr5_z24hie5_top10,1,3145,BTCUSDT,val,100.0,97.78770797306413,-2.2122920269358692,-4.220715908081008,4.220715908081008,0.501,0.543,1086,1002,2000,217,0.1085,0.102,0.06,0.014174924975721467,0.011655890766822876,0.2629809919199552,0.24537990828224462,1990,-0.0004286300074897539,0.026095597691117852,0.05471851927154097,108,0.4074074074074074,-0.0021347441272631528,-0.003223267970686828,-0.23055236574442048,0.8350379292296343,,,,,
discounted_lints,mixed,mixed_z72corr5_z24hie5_top10,1,3145,BTCUSDT,val_first,100.0,98.91092765553222,-1.0890723444677786,-3.4675073980079962,3.4675073980079962,0.477,0.523,523,477,1000,114,0.114,0.102,0.064,0.014494224429294595,0.011804540595669114,0.24762941778927863,0.2583254148977303,990,-5.0063070235171294e-05,0.027168301136937065,0.056292095077500215,57,0.3508771929824561,-0.002431585392887426,-0.0072509503834476685,-0.13860036739458328,0.8230268108528489,val,0.0,1000.0,2024-07-01 00:00:00+00:00,2024-12-14 12:00:00+00:00
discounted_lints,mixed,mixed_z72corr5_z24hie5_top10,1,3145,BTCUSDT,val_second,98.86153401103424,97.78770797306413,-1.0861919640557605,-3.2657179054362273,3.2657179054362273,0.525,0.563,563,525,1000,103,0.103,0.102,0.056,0.013855625522148337,0.011525950810912209,0.27833256605063184,0.232434401666759,1000,-0.0008034112753717908,0.024996296228073776,0.052778386135666315,51,0.47058823529411764,-0.0018029803598007287,-0.0012679612818516273,-0.09195199834983717,0.8503475045148854,val,1000.0,2000.0,2024-12-14 16:00:00+00:00,2025-05-30 04:00:00+00:00
discounted_lints,mixed,mixed_z72corr5_z24hie5_top10,1,3145,DOGEUSDT,train,100.0,84.47282485930266,-15.527175140697336,-17.37778295518214,17.37778295518214,0.4353003910415926,0.515286171347316,2899,2449,5626,734,0.13046569498755778,0.09207252044081052,0.11944543192321365,0.01944930408654652,0.014407579175837293,0.2675627119325186,0.28851512213317415,5616,-0.0015547249905203894,0.04337630139491354,0.09300112868839704,367,0.4550408719346049,-0.005645168227446685,-0.0020457514351583093,-2.0717767394729334,0.6954447522133952,,,,,
discounted_lints,mixed,mixed_z72corr5_z24hie5_top10,1,3145,DOGEUSDT,val,99.9500625,96.37818079460689,-3.573666305004175,-11.347492928014603,11.347492928014603,0.3795,0.4685,937,759,2000,277,0.1385,0.0645,0.1315,0.022717207958725755,0.019055100205956285,0.2449678179219998,0.2668963910113339,1990,0.0017454784383984356,0.05399448930835377,0.11385962236189982,138,0.43478260869565216,-0.003511452930328275,-0.0029865626373531615,-0.4845805043853019,0.8341918220404957,,,,,
discounted_lints,mixed,mixed_z72corr5_z24hie5_top10,1,3145,DOGEUSDT,val_first,99.9500625,102.33097629801553,2.38210336088136,-4.475393205810518,4.475393205810518,0.376,0.461,461,376,1000,131,0.131,0.063,0.128,0.02438619334987837,0.02057490437795515,0.24696208812110887,0.2783409149536985,990,0.0003381764101145348,0.05997742733037581,0.12735530332712283,65,0.4461538461538462,0.0024656623381246645,-0.002130085277602403,0.1602680519781032,1.1411966803355165,val,0.0,1000.0,2024-07-01 00:00:00+00:00,2024-12-14 12:00:00+00:00
discounted_lints,mixed,mixed_z72corr5_z24hie5_top10,1,3145,DOGEUSDT,val_second,102.21114051752978,96.37818079460689,-5.706774910629731,-8.390750645834277,8.390750645834277,0.383,0.476,476,383,1000,146,0.146,0.066,0.135,0.02104822256757314,0.017233718911452554,0.2429735477228907,0.2554518670689693,1000,0.0031387074463994974,0.04732183738438026,0.10446217734362179,73,0.4246575342465753,-0.008833541867991852,-0.008165730793764099,-0.6448485563634052,0.6392389568540677,val,1000.0,2000.0,2024-12-14 16:00:00+00:00,2025-05-30 04:00:00+00:00
discounted_lints,mixed,mixed_z72corr5_z24hie5_top10,1,3145,ETHUSDT,train,99.9500625,87.60542614380061,-12.350804038966345,-17.044510326690997,17.044510326690997,0.4605403483825098,0.5136864557412015,2890,2591,5626,612,0.10878066121578386,0.07856381087806612,0.09296125133309634,0.01874215326216582,0.014458986407625963,0.2814929970398662,0.2865995719382323,5616,-0.0007103654576854089,0.033986799043558676,0.07274510366062686,306,0.42810457516339867,-0.00525637674323595,-0.004281562611320335,-1.6084512834302007,0.6927776435175709,,,,,
discounted_lints,mixed,mixed_z72corr5_z24hie5_top10,1,3145,ETHUSDT,val,100.0,97.58683257238003,-2.4131674276199666,-9.456793867155733,9.456793867155733,0.4225,0.4585,917,845,2000,179,0.0895,0.0815,0.0625,0.017867835725759437,0.015108814065833281,0.24471002488774504,0.27608718403847854,1990,0.0005086839425614847,0.03826814201979164,0.07879997250744629,89,0.4943820224719101,-0.003997687778968898,-0.0038923871667720196,-0.3557942123282319,0.8099799750005025,,,,,
discounted_lints,mixed,mixed_z72corr5_z24hie5_top10,1,3145,ETHUSDT,val_first,100.0,98.57681666578301,-1.423183334216982,-3.457271891414171,3.457271891414171,0.391,0.429,429,391,1000,91,0.091,0.091,0.059,0.015279828825115423,0.012747476421381448,0.2353654958871776,0.2739006761157456,990,0.0017895650194094798,0.03378764674336407,0.07010867398777859,45,0.4666666666666667,-0.003457016254124573,-0.004884866346361558,-0.1555657314356058,0.8001361790513373,val,0.0,1000.0,2024-07-01 00:00:00+00:00,2024-12-14 12:00:00+00:00
discounted_lints,mixed,mixed_z72corr5_z24hie5_top10,1,3145,ETHUSDT,val_second,98.50429530695048,97.58683257238003,-0.9313936328477213,-8.250273873863756,8.250273873863756,0.454,0.488,488,454,1000,88,0.088,0.072,0.066,0.020455842626403452,0.017401721966366357,0.2540545538883125,0.2782736919612115,1000,-0.0007593883235180303,0.04221723642087109,0.08321226715940236,44,0.5227272727272727,-0.004550647293014225,0.002076456011666552,-0.20022848089262593,0.8169833456479045,val,1000.0,2000.0,2024-12-14 16:00:00+00:00,2025-05-30 04:00:00+00:00
discounted_lints,mixed,mixed_z72corr5_z24hie5_top10,1,3145,SOLUSDT,train,99.9500625,79.8217002199089,-20.138418903030797,-26.172388653207747,26.172388653207747,0.4294347671525062,0.4964450764308567,2793,2416,5626,622,0.11055812300035549,0.07074297902595095,0.10895840739424102,0.023315251380639907,0.018336973602033343,0.2738940376418651,0.303425032734246,5616,-0.0018050008573180225,0.05702056425996151,0.11018181632418976,311,0.41479099678456594,-0.009643648802300581,-0.008686493582049598,-2.999174777515481,0.6533130632822409,,,,,
discounted_lints,mixed,mixed_z72corr5_z24hie5_top10,1,3145,SOLUSDT,val,100.0,94.67851815009024,-5.321481849909759,-9.97235704722751,9.97235704722751,0.4075,0.5165,1033,815,2000,337,0.1685,0.0905,0.1915,0.017936680434041334,0.014699683682948477,0.2417996504735515,0.2553620683978405,1990,-0.0027456694466042194,0.04138160800078578,0.08820396651501325,168,0.4642857142857143,-0.0036010034019692775,-0.0017795104186228107,-0.6049685715308386,0.7805551607941581,,,,,
discounted_lints,mixed,mixed_z72corr5_z24hie5_top10,1,3145,SOLUSDT,val_first,100.0,101.48880276982818,1.4888027698281903,-3.8813855252904372,3.8813855252904372,0.458,0.579,579,458,1000,178,0.178,0.108,0.203,0.015599443834803505,0.0125389546942473,0.25319811443566054,0.24053447032385233,990,-0.0024066597737357237,0.04150316521822565,0.09065001902015042,89,0.5280898876404494,0.0011786533189334116,0.001447688104506564,0.10490014538507363,1.1070096937754115,val,0.0,1000.0,2024-07-01 00:00:00+00:00,2024-12-14 12:00:00+00:00
discounted_lints,mixed,mixed_z72corr5_z24hie5_top10,1,3145,SOLUSDT,val_second,101.48880276982818,94.67851815009024,-6.7103802920833955,-9.97235704722751,9.97235704722751,0.357,0.454,454,357,1000,159,0.159,0.073,0.18,0.02027391703327917,0.016789440195619662,0.23040118651144248,0.27018966647182857,1000,-0.0030812890227440303,0.04127893649080213,0.08615143886757809,79,0.3924050632911392,-0.008985679960960913,-0.007164722068416184,-0.7098687169159121,0.6004178207164381,val,1000.0,2000.0,2024-12-14 16:00:00+00:00,2025-05-30 04:00:00+00:00
discounted_lints,mixed,mixed_z72corr5_z24hie5_top10,1,3145,XRPUSDT,train,100.0,79.07155595114313,-20.928444048856875,-23.200520678470294,23.200520678470294,0.3645574120156417,0.4457874155705652,2508,2051,5626,724,0.12868823320298614,0.09633842872378244,0.1260220405261287,0.01719151542804293,0.013118081296593666,0.25074231035115385,0.31396514157475947,5616,-0.001629641810467055,0.03552524219766072,0.06598643028672072,362,0.38950276243093923,-0.007235664899048695,-0.00460896711932408,-2.6193106934556276,0.5795929023389216,,,,,
discounted_lints,mixed,mixed_z72corr5_z24hie5_top10,1,3145,XRPUSDT,val,100.0,121.87294135528168,21.872941355281682,-8.789365526667392,8.789365526667392,0.4945,0.5215,1043,989,2000,115,0.0575,0.0445,0.0235,0.026438149738120687,0.020802479744238603,0.26950249229392675,0.26748383107152357,1990,0.008280159472965013,0.05999019542941624,0.12469202782783417,57,0.43859649122807015,0.021366679379013258,-0.0074994055820386245,1.2179007246037556,2.0851080823364887,,,,,
discounted_lints,mixed,mixed_z72corr5_z24hie5_top10,1,3145,XRPUSDT,val_first,100.0,121.15309021222401,21.153090212224022,-8.698610741587787,8.698610741587787,0.502,0.535,535,502,1000,71,0.071,0.052,0.037,0.026979527578369234,0.019028558680068045,0.2569652159273017,0.3010744634458817,990,0.013456813028555484,0.06921185402160972,0.17247250703771624,35,0.45714285714285713,0.034514924903355206,-0.0030529614044641743,1.208022371617432,3.916216217312519,val,0.0,1000.0,2024-07-01 00:00:00+00:00,2024-12-14 12:00:00+00:00
discounted_lints,mixed,mixed_z72corr5_z24hie5_top10,1,3145,XRPUSDT,val_second,121.10744273016769,121.87294135528168,0.6320822303378604,-4.992474231227073,4.992474231227073,0.487,0.508,508,487,1000,44,0.044,0.037,0.01,0.02589677189787214,0.022729721691041715,0.2820397686605518,0.2338931986971654,1000,0.0031552724529304494,0.04868314085919242,0.10267577739496672,22,0.4090909090909091,0.00044901604483290475,-0.01992409377770698,0.009878352986323904,1.0139498304885235,val,1000.0,2000.0,2024-12-14 16:00:00+00:00,2025-05-30 04:00:00+00:00
discounted_lints,mixed,mixed_z72corr5_z24hie5_top10,1,3146,BTCUSDT,train,100.0,86.3042545328103,-13.69574546718969,-16.1077315824527,16.1077315824527,0.44134376110913615,0.5015997156061145,2822,2483,5626,683,0.12140063988624245,0.10060433700675435,0.10789193032349804,0.01651125127960119,0.012823428415065924,0.2686055645601638,0.3011062699290238,5616,-0.0016308090467473076,0.027318544002226882,0.05649339461210437,341,0.3724340175953079,-0.004755778312070394,-0.003576635978849173,-1.6217204044160045,0.6187160569367915,,,,,
discounted_lints,mixed,mixed_z72corr5_z24hie5_top10,1,3146,BTCUSDT,val,99.9500625,96.08179379868518,-3.8702013831305226,-6.551906051009615,6.551906051009615,0.466,0.511,1022,932,2000,245,0.1225,0.1145,0.0675,0.013071447654737677,0.010843182912935815,0.24997302341527552,0.25196713682740285,1990,-0.00018812202788221153,0.024935301213237268,0.052514050706700864,122,0.4180327868852459,-0.003397361682047182,-0.005549610321594494,-0.4144781252097562,0.728940856211956,,,,,
discounted_lints,mixed,mixed_z72corr5_z24hie5_top10,1,3146,BTCUSDT,val_first,99.9500625,96.30658891433517,-3.645293954333284,-4.559718038862803,4.559718038862803,0.431,0.49,490,431,1000,137,0.137,0.124,0.093,0.01274321386408262,0.010436399028330344,0.24194518869898185,0.2597448416517276,990,-0.00018757609405094117,0.02531261046229148,0.055566656104400675,68,0.35294117647058826,-0.006653143262345461,-0.008663795592769856,-0.45241374183949135,0.5441811586957495,val,0.0,1000.0,2024-07-01 00:00:00+00:00,2024-12-14 12:00:00+00:00
discounted_lints,mixed,mixed_z72corr5_z24hie5_top10,1,3146,BTCUSDT,val_second,96.27696310270724,96.08179379868518,-0.20271651465975093,-3.3095387947384647,3.3095387947384647,0.501,0.532,532,501,1000,108,0.108,0.105,0.042,0.013399681445392733,0.011294963749896683,0.2580008581315692,0.24418943200307813,1000,-0.00018866250237516914,0.024568728408741698,0.05060835128302308,54,0.5,0.0007025114190691698,0.00016741570931438042,0.03793561662973517,1.0706994087207593,val,1000.0,2000.0,2024-12-14 16:00:00+00:00,2025-05-30 04:00:00+00:00
discounted_lints,mixed,mixed_z72corr5_z24hie5_top10,1,3146,DOGEUSDT,train,100.0,89.3243865865243,-10.675613413475704,-16.372286458971598,16.372286458971598,0.43103448275862066,0.5072875933167437,2854,2425,5626,722,0.1283327408460718,0.08407394241023818,0.12086740135087096,0.01940702562854088,0.014274862601854172,0.2695741453923718,0.28727156456090036,5616,-0.0017686854909013685,0.0438346908753312,0.09288591334241834,361,0.43213296398891965,-0.00445435728185383,-0.004047181078833328,-1.6080229787492328,0.7635078540043382,,,,,
discounted_lints,mixed,mixed_z72corr5_z24hie5_top10,1,3146,DOGEUSDT,val,100.0,106.37856421851895,6.378564218518945,-5.769710013764284,5.769710013764284,0.3735,0.467,934,747,2000,265,0.1325,0.063,0.1365,0.02258236002172253,0.01924148878243418,0.2385917074439369,0.2790179570268001,1990,0.0022162648243243418,0.055085276237516655,0.11205074568203133,132,0.4772727272727273,0.0041126725739864525,-0.0010801635979343764,0.5428727797662117,1.2524220267109967,,,,,
discounted_lints,mixed,mixed_z72corr5_z24hie5_top10,1,3146,DOGEUSDT,val_first,100.0,104.99358770595093,4.99358770595093,-5.26807287505362,5.26807287505362,0.343,0.449,449,343,1000,131,0.131,0.058,0.148,0.02470988080823607,0.022441966600252165,0.23327131585183167,0.3004424034052376,990,0.0014905387830094852,0.06168060600199834,0.12721036300491703,65,0.46153846153846156,0.006512395382333893,-0.001273586354741675,0.423305699851703,1.426302581918599,val,0.0,1000.0,2024-07-01 00:00:00+00:00,2024-12-14 12:00:00+00:00
discounted_lints,mixed,mixed_z72corr5_z24hie5_top10,1,3146,DOGEUSDT,val_second,104.87149954970045,106.37856421851895,1.4370583764793832,-5.271340165943728,5.271340165943728,0.404,0.485,485,404,1000,134,0.134,0.068,0.125,0.020454839235208994,0.01666212258627646,0.2439120990360422,0.25759351064836256,1000,0.002934733605226049,0.047686326561034005,0.10088046850287194,67,0.4925373134328358,0.0017845832823061001,-0.001041845508829898,0.11956707991450871,1.10328116097347,val,1000.0,2000.0,2024-12-14 16:00:00+00:00,2025-05-30 04:00:00+00:00
discounted_lints,mixed,mixed_z72corr5_z24hie5_top10,1,3146,ETHUSDT,train,99.9500625,89.52021148556807,-10.435062023529929,-14.734303013127803,14.734303013127803,0.4358336295769641,0.5177746178457163,2913,2452,5626,678,0.12051190899395663,0.09011731247778172,0.1119800924280128,0.018612419365575235,0.013956084209967558,0.27171312800909203,0.29575334193585934,5616,-0.0011102433094715113,0.033442424628853724,0.07015717233620443,339,0.4336283185840708,-0.004059677381058539,-0.0037278154876913003,-1.3762306321788447,0.7339703226655476,,,,,
discounted_lints,mixed,mixed_z72corr5_z24hie5_top10,1,3146,ETHUSDT,val,100.0,101.80268166497568,1.8026816649756805,-4.684081195463419,4.684081195463419,0.4915,0.5185,1037,983,2000,198,0.099,0.081,0.053,0.01617991751083533,0.013575929586152686,0.2653817207875204,0.2501890444518612,1990,0.0011870715258468622,0.038552724282723924,0.08054199374161863,99,0.5656565656565656,0.0005497265431818307,0.0049356593529515215,0.05442292777500125,1.0294424847083543,,,,,
discounted_lints,mixed,mixed_z72corr5_z24hie5_top10,1,3146,ETHUSDT,val_first,100.0,100.17178647445607,0.17178647445605932,-2.5566593231906576,2.5566593231906576,0.521,0.538,538,521,1000,87,0.087,0.083,0.026,0.015090044655276287,0.012987485534463711,0.26701665656638174,0.24012113831189516,990,0.002507363891942761,0.034690878032999514,0.07451417894358082,43,0.5116279069767442,-0.0003001880494060237,0.0005145204647558962,-0.012908086124459019,0.982889868839131,val,0.0,1000.0,2024-07-01 00:00:00+00:00,2024-12-14 12:00:00+00:00
discounted_lints,mixed,mixed_z72corr5_z24hie5_top10,1,3146,ETHUSDT,val_second,100.09664364307255,101.80268166497568,1.7043908365065308,-4.477807968045189,4.477807968045189,0.462,0.499,499,462,1000,111,0.111,0.079,0.08,0.017269790366394373,0.0143985388361507,0.2637467850086591,0.26025695059182724,1000,-0.00012001791658807748,0.042004604908381586,0.08468677253347791,56,0.6071428571428571,0.0012023395339189333,0.007960064991508904,0.06733101389946027,1.0615436349886673,val,1000.0,2000.0,2024-12-14 16:00:00+00:00,2025-05-30 04:00:00+00:00
discounted_lints,mixed,mixed_z72corr5_z24hie5_top10,1,3146,SOLUSDT,train,100.0,73.48491062247835,-26.51508937752165,-33.306640553989055,33.306640553989055,0.37326697476004267,0.46107358691788125,2594,2100,5626,711,0.12637753288304301,0.07056523284749378,0.14415215072875934,0.023434189439066267,0.017999989945842898,0.25233759465991007,0.32099277491211203,5616,-0.0037769837911606945,0.055045760962133754,0.10637370975317742,355,0.38028169014084506,-0.010450783701227684,-0.0106880939036679,-3.7100282139358276,0.5727624737700957,,,,,
discounted_lints,mixed,mixed_z72corr5_z24hie5_top10,1,3146,SOLUSDT,val,99.9500625,93.9797559263788,-5.973289485057798,-9.295881057101196,9.295881057101196,0.388,0.507,1014,776,2000,335,0.1675,0.0715,0.1895,0.019931920212058654,0.016418733814438896,0.2379876473359495,0.2628065360711272,1990,-0.0020974553487572998,0.04127096678595508,0.0880809748632167,167,0.437125748502994,-0.004159084223397361,-0.006644578154393616,-0.6945670653073592,0.7690213745497495,,,,,
discounted_lints,mixed,mixed_z72corr5_z24hie5_top10,1,3146,SOLUSDT,val_first,99.9500625,102.04497255540142,2.0959567237903487,-3.0528227966378774,3.0528227966378774,0.419,0.563,563,419,1000,198,0.198,0.074,0.234,0.019292645574923478,0.015457741107348686,0.24367683415708855,0.25461977845964523,990,-0.0028197007858778824,0.040758968654575206,0.08793824372884931,99,0.46464646464646464,0.0012556766420746491,-0.005213880077800834,0.12431198756539028,1.091755501065858,val,0.0,1000.0,2024-07-01 00:00:00+00:00,2024-12-14 12:00:00+00:00
discounted_lints,mixed,mixed_z72corr5_z24hie5_top10,1,3146,SOLUSDT,val_second,102.04497255540142,93.9797559263788,-7.903590374963265,-8.881408415666513,8.881408415666513,0.357,0.451,451,357,1000,137,0.137,0.069,0.145,0.02057119484919383,0.01746737483841543,0.23229846051481043,0.2709932936826092,1000,-0.0013824323660079228,0.04177975287142433,0.08822704350308805,68,0.39705882352941174,-0.012042339012834552,-0.011051278841270598,-0.8188790528727495,0.5043837815122849,val,1000.0,2000.0,2024-12-14 16:00:00+00:00,2025-05-30 04:00:00+00:00
discounted_lints,mixed,mixed_z72corr5_z24hie5_top10,1,3146,XRPUSDT,train,100.0,83.44674420471777,-16.55325579528223,-18.25353709403277,18.25353709403277,0.3841094916459296,0.45396373977959475,2554,2161,5626,725,0.12886597938144329,0.10540348382509776,0.11802346249555634,0.016871792437985634,0.012691702567405677,0.25048514379356357,0.3099886030255991,5616,-0.0011190280641653991,0.037195960533659825,0.06639649608950557,362,0.3839779005524862,-0.005665849830284593,-0.005291331787207776,-2.051037638563023,0.6340834901039445,,,,,
discounted_lints,mixed,mixed_z72corr5_z24hie5_top10,1,3146,XRPUSDT,val,100.0,123.80634088713559,23.80634088713558,-7.696129594619993,7.696129594619993,0.468,0.4885,977,936,2000,131,0.0655,0.0485,0.035,0.026153674451419143,0.02039576509874124,0.26394268660308534,0.2672120753579789,1990,0.006452361787005044,0.059317725948855565,0.11551952774173001,65,0.4,0.019546830445998333,-0.008158181182140713,1.2705439789898916,1.997150170563358,,,,,
discounted_lints,mixed,mixed_z72corr5_z24hie5_top10,1,3146,XRPUSDT,val_first,100.0,119.77939930840117,19.779399308401157,-7.476563848397111,7.476563848397111,0.515,0.531,531,515,1000,67,0.067,0.055,0.049,0.02805302821219059,0.01975007765831502,0.2624716334944573,0.2900694954973587,990,0.011868748771851923,0.06909954978951999,0.16058657257260828,33,0.42424242424242425,0.03014507682789319,-0.006172894828715562,0.9947875353204753,2.685195585725599,val,0.0,1000.0,2024-07-01 00:00:00+00:00,2024-12-14 12:00:00+00:00
discounted_lints,mixed,mixed_z72corr5_z24hie5_top10,1,3146,XRPUSDT,val_second,119.73268242553803,123.80634088713559,3.4022944939289923,-2.988951069060164,2.988951069060164,0.421,0.446,446,421,1000,64,0.064,0.042,0.021,0.024254320690647695,0.02107684173019893,0.26541373971171334,0.2443546552185991,1000,0.0010901386720066335,0.04712407575248956,0.09689225798656569,32,0.375,0.008617388864669263,-0.009587334416429576,0.27575644366941643,1.403232091106092,val,1000.0,2000.0,2024-12-14 16:00:00+00:00,2025-05-30 04:00:00+00:00
discounted_lints,mixed,mixed_z72corr5_z24hie5_top10,2,3142,BTCUSDT,train,100.0,91.09400956169539,-8.905990438304611,-13.415281862408035,13.415281862408035,0.4210806967650196,0.4888019907571987,2750,2369,5626,548,0.09740490579452542,0.0844294347671525,0.1038037682189833,0.01794398981194407,0.0136823130293139,0.3053168978728785,0.3663435373744386,5616,-0.0013573216705827246,0.026809561661773878,0.0564836392028944,274,0.4051094890510949,-0.003955789250579049,-0.0033327093864733864,-1.0838862546586594,0.6895818718781561,,,,,
discounted_lints,mixed,mixed_z72corr5_z24hie5_top10,2,3142,BTCUSDT,val,100.0,96.33955221369636,-3.6604477863036333,-5.486541324496541,5.486541324496541,0.476,0.51,1020,952,2000,159,0.0795,0.1005,0.0535,0.013376115000700711,0.011464352657311865,0.2826208048058461,0.2703856474449399,1990,-0.002145945398086837,0.025040196134607857,0.05110114198770486,79,0.35443037974683544,-0.004785874404041639,-0.007199263966491768,-0.3780840779192895,0.6839337112476441,,,,,
discounted_lints,mixed,mixed_z72corr5_z24hie5_top10,2,3142,BTCUSDT,val_first,100.0,99.47660252051274,-0.5233974794872531,-2.3265683138604665,2.3265683138604665,0.423,0.443,443,423,1000,71,0.071,0.117,0.039,0.01249181241765562,0.01004137060560406,0.26375234507661593,0.2879972383878909,990,-0.00238086338446668,0.02550936812692725,0.05282467603345431,35,0.34285714285714286,-0.00367489113739749,-0.008380940605710067,-0.12862118980891216,0.7535026606056165,val,0.0,1000.0,2024-07-01 00:00:00+00:00,2024-12-14 12:00:00+00:00
discounted_lints,mixed,mixed_z72corr5_z24hie5_top10,2,3142,BTCUSDT,val_second,99.44574157945522,96.33955221369636,-3.123501636595538,-5.486541324496541,5.486541324496541,0.529,0.577,577,529,1000,88,0.088,0.084,0.068,0.014260417583745803,0.012566159345934347,0.3014892645350762,0.252774056501989,1000,-0.0019133765915707924,0.024577452916607956,0.05009342313509398,44,0.36363636363636365,-0.005669611093417667,-0.005787664580880621,-0.24946288811037734,0.6301087329696634,val,1000.0,2000.0,2024-12-14 16:00:00+00:00,2025-05-30 04:00:00+00:00
discounted_lints,mixed,mixed_z72corr5_z24hie5_top10,2,3142,DOGEUSDT,train,99.9500625,77.84728592427753,-22.113819664417388,-22.949396035663796,22.949396035663796,0.4605403483825098,0.5204408105225737,2928,2591,5626,650,0.11553501599715606,0.07234269463206541,0.11375755421258443,0.02110175300508558,0.01592101543429477,0.31340422209810503,0.3217276766650515,5616,-0.001579296218444324,0.044219350487468445,0.09587788805328391,325,0.4461538461538462,-0.008882710281717575,-0.003323466602020918,-2.8868808415582117,0.5742401257578642,,,,,
discounted_lints,mixed,mixed_z72corr5_z24hie5_top10,2,3142,DOGEUSDT,val,100.0,100.08714471193677,0.08714471193678186,-8.014104419838464,8.014104419838464,0.365,0.451,902,730,2000,261,0.1305,0.0555,0.1325,0.025640145787996428,0.021274911008646383,0.2613465998432187,0.3005138839838129,1990,0.0008123569232227916,0.05334115126271743,0.11235154041233092,130,0.4461538461538462,-0.0007068771249265355,-0.0032912098562464425,-0.09189402624044962,0.965717753375507,,,,,
discounted_lints,mixed,mixed_z72corr5_z24hie5_top10,2,3142,DOGEUSDT,val_first,100.0,102.96996485730273,2.9699648573027204,-5.93895209428017,5.93895209428017,0.363,0.455,455,363,1000,121,0.121,0.064,0.12,0.025203530891977265,0.02169900063615764,0.2669434835606086,0.3079806643566183,990,-0.0020524832316813893,0.05897689510209206,0.12645826900135435,60,0.45,0.003533707298112762,-0.0015695026406095922,0.21202243788676572,1.1818860987644189,val,0.0,1000.0,2024-07-01 00:00:00+00:00,2024-12-14 12:00:00+00:00
discounted_lints,mixed,mixed_z72corr5_z24hie5_top10,2,3142,DOGEUSDT,val_second,102.84992720869184,100.08714471193677,-2.6862269830771335,-6.152478624912927,6.152478624912927,0.367,0.447,447,367,1000,140,0.14,0.047,0.145,0.026076760684015588,0.0208231020892314,0.25574971612582875,0.2930471036110075,1000,0.0036485486765779314,0.04696042690722564,0.10034453552694626,70,0.44285714285714284,-0.004341663773245933,-0.0036241404137100797,-0.30391646412721535,0.7993719732675658,val,1000.0,2000.0,2024-12-14 16:00:00+00:00,2025-05-30 04:00:00+00:00
discounted_lints,mixed,mixed_z72corr5_z24hie5_top10,2,3142,ETHUSDT,train,100.0,83.88635404240912,-16.113645957590872,-19.267076204046262,19.267076204046262,0.3979736935655883,0.46605047991468185,2622,2239,5626,562,0.0998933522929257,0.09331674369001067,0.09242801279772485,0.019291516078642088,0.01397947254480433,0.29600357402427996,0.34812173417159775,5616,-0.0014674587131918012,0.033267156165683674,0.07056536357561058,281,0.4412811387900356,-0.007326840637163454,-0.003207087361091823,-2.0588422190429307,0.6050256427882164,,,,,
discounted_lints,mixed,mixed_z72corr5_z24hie5_top10,2,3142,ETHUSDT,val,100.0,96.13962747447209,-3.860372525527911,-8.981516847821336,8.981516847821336,0.4005,0.439,878,801,2000,179,0.0895,0.081,0.0585,0.018596559077671472,0.014884523753351201,0.25458181504370003,0.3203905619165346,1990,-0.0004994156792046304,0.03689547003323346,0.07748849896944209,89,0.4943820224719101,-0.005424199209590182,-0.004214447262766045,-0.48275372965352625,0.7240573002491316,,,,,
discounted_lints,mixed,mixed_z72corr5_z24hie5_top10,2,3142,ETHUSDT,val_first,100.0,96.7526886036947,-3.247311396305308,-4.7015378812942155,4.7015378812942155,0.381,0.421,421,381,1000,91,0.091,0.075,0.051,0.017211320302356215,0.01406509816287211,0.2489424898120243,0.315673269123295,990,-0.0006437133124650074,0.034518540736853315,0.06847556822254473,45,0.4444444444444444,-0.008209709031670561,-0.0059629537579655835,-0.36943690642517524,0.6024979296715349,val,0.0,1000.0,2024-07-01 00:00:00+00:00,2024-12-14 12:00:00+00:00
discounted_lints,mixed,mixed_z72corr5_z24hie5_top10,2,3142,ETHUSDT,val_second,96.68011057327789,96.13962747447209,-0.559042698235368,-6.331150509620775,6.331150509620775,0.42,0.457,457,420,1000,88,0.088,0.087,0.066,0.01998179785298673,0.01593288933038948,0.2602211402753758,0.32510785470977405,1000,-0.0003565610222768569,0.03912344795496114,0.08281421101027875,44,0.5454545454545454,-0.0025753823460988854,0.0024854136207773676,-0.11331682322835096,0.8618213468559291,val,1000.0,2000.0,2024-12-14 16:00:00+00:00,2025-05-30 04:00:00+00:00
discounted_lints,mixed,mixed_z72corr5_z24hie5_top10,2,3142,SOLUSDT,train,99.9500625,85.6658443893844,-14.29135485594678,-26.731284563131872,26.731284563131872,0.38037682189832916,0.4816921436189122,2710,2140,5626,707,0.12566654816921435,0.050302168503377175,0.17685744756487737,0.027902973040931662,0.022660872864240365,0.2981687308401299,0.393630286481012,5616,-0.0027108039042942978,0.054438513108917855,0.10825649703917861,353,0.41076487252124644,-0.006524688821610333,-0.0055649196686438866,-2.3032151540284476,0.711554668794275,,,,,
discounted_lints,mixed,mixed_z72corr5_z24hie5_top10,2,3142,SOLUSDT,val,99.9500625,89.4752893152615,-10.480006638053375,-12.552048987923104,12.552048987923104,0.387,0.521,1042,774,2000,341,0.1705,0.0805,0.2175,0.02037410144921244,0.01637688125405728,0.2590831152464027,0.2814895122486622,1990,-0.0025274315999969537,0.04112273311692379,0.08931507483276557,170,0.4235294117647059,-0.007047362581585339,-0.005039293343674487,-1.1980516388695075,0.6246905386980164,,,,,
discounted_lints,mixed,mixed_z72corr5_z24hie5_top10,2,3142,SOLUSDT,val_first,99.9500625,96.41033420968759,-3.5414968252895362,-4.215990557191773,4.215990557191773,0.443,0.578,578,443,1000,180,0.18,0.095,0.22,0.017177601826975898,0.01408441900629532,0.2738693528147187,0.2614399694424918,990,-0.0029955148929351164,0.04202868922533207,0.0910441020196086,90,0.45555555555555555,-0.004824999313371459,-0.003067309951178718,-0.43424993820343133,0.7080426193601767,val,0.0,1000.0,2024-07-01 00:00:00+00:00,2024-12-14 12:00:00+00:00
discounted_lints,mixed,mixed_z72corr5_z24hie5_top10,2,3142,SOLUSDT,val_second,96.41033420968759,89.4752893152615,-7.193258846445561,-9.518059646139964,9.518059646139964,0.331,0.464,464,331,1000,161,0.161,0.066,0.215,0.023570601071448975,0.019527649319914252,0.24429687767808672,0.3015390550548325,1000,-0.0020640291399881736,0.04022141713749079,0.08886720390498232,80,0.3875,-0.009547521258325954,-0.008617706460120472,-0.7638017006660763,0.5519687729018385,val,1000.0,2000.0,2024-12-14 16:00:00+00:00,2025-05-30 04:00:00+00:00
discounted_lints,mixed,mixed_z72corr5_z24hie5_top10,2,3142,XRPUSDT,train,100.0,91.47512229652197,-8.52487770347803,-11.63777498748254,11.63777498748254,0.3336295769640953,0.3908638464273018,2199,1877,5626,567,0.10078208318521152,0.08282971916103804,0.10415926057589762,0.020425463210173453,0.01456585898135,0.28216371679827273,0.3733539130424278,5616,-0.0010875338794177878,0.03713596117839735,0.06448106375192716,283,0.38869257950530034,-0.004484021067371257,-0.0065767358277292924,-1.2689779620660657,0.7336711564324472,,,,,
discounted_lints,mixed,mixed_z72corr5_z24hie5_top10,2,3142,XRPUSDT,val,100.0,122.80269068541888,22.80269068541889,-9.92352831100436,9.92352831100436,0.47,0.488,976,940,2000,93,0.0465,0.058,0.022,0.029212789553666105,0.023465268667619624,0.2932609118781358,0.31279229616278836,1990,0.007914646938121108,0.06006174647052973,0.12497573098212793,46,0.4782608695652174,0.02596003384546345,-0.0015279562919283845,1.1941615568913186,2.362233866007007,,,,,
discounted_lints,mixed,mixed_z72corr5_z24hie5_top10,2,3142,XRPUSDT,val_first,100.0,124.5704329212742,24.57043292127421,-9.100694917703134,9.100694917703134,0.476,0.505,505,476,1000,53,0.053,0.069,0.036,0.029608471007751096,0.02104494327077419,0.2724452082703932,0.3705745444941825,990,0.013129103962985163,0.0687312263195291,0.15563041580327602,26,0.5,-0.004995397221712083,0.0005388269596276185,-0.12988032776451416,0.7096150201529808,val,0.0,1000.0,2024-07-01 00:00:00+00:00,2024-12-14 12:00:00+00:00
discounted_lints,mixed,mixed_z72corr5_z24hie5_top10,2,3142,XRPUSDT,val_second,124.4331666410404,122.80269068541888,-1.310322641169337,-8.268340404030027,8.268340404030027,0.464,0.471,471,464,1000,40,0.04,0.047,0.008,0.02881710809958111,0.0255584959898053,0.3140766154858784,0.25501004783139425,1000,0.0027523344835056925,0.04951778913499204,0.11011112852412314,20,0.45,0.06620209423279164,-0.0042965446317988565,1.3240418846558328,4.083824208931193,val,1000.0,2000.0,2024-12-14 16:00:00+00:00,2025-05-30 04:00:00+00:00
discounted_lints,mixed,mixed_z72corr5_z24hie5_top10,2,3143,BTCUSDT,train,99.9500625,89.98621331415093,-9.968827369016475,-13.239975915400237,13.239975915400237,0.4260575897618201,0.4831141130465695,2718,2397,5626,562,0.0998933522929257,0.08247422680412371,0.10255954496978315,0.01833940794313624,0.01393093882657108,0.30796233756092145,0.35739720498875943,5616,-0.0014552065761387993,0.026480518242912737,0.05511618846633949,281,0.398576512455516,-0.00435944573156346,-0.0045415660918729,-1.2250042505693322,0.6589072462039274,,,,,
discounted_lints,mixed,mixed_z72corr5_z24hie5_top10,2,3143,BTCUSDT,val,100.0,97.86649104438553,-2.1335089556144715,-3.806411100615492,3.806411100615492,0.475,0.509,1018,950,2000,149,0.0745,0.088,0.043,0.013596227795946257,0.011044705584862318,0.2924846659901541,0.26765118288111905,1990,-9.467494254299307e-05,0.025078534682560195,0.05235712065587151,74,0.43243243243243246,-0.0030494290764646694,-0.004220293230041277,-0.22565775165838553,0.7843850231186155,,,,,
discounted_lints,mixed,mixed_z72corr5_z24hie5_top10,2,3143,BTCUSDT,val_first,100.0,100.60360976004696,0.6036097600469637,-3.0403087870903844,3.0403087870903844,0.446,0.462,462,446,1000,65,0.065,0.094,0.026,0.013881694902490967,0.011321646526387575,0.27310255789561755,0.28391833616289863,990,0.0015915681759088099,0.02560025045232232,0.05485060945510728,32,0.40625,-0.0006144531154959982,-0.005211368529349947,-0.019662499695871943,0.9560814909269801,val,0.0,1000.0,2024-07-01 00:00:00+00:00,2024-12-14 12:00:00+00:00
discounted_lints,mixed,mixed_z72corr5_z24hie5_top10,2,3143,BTCUSDT,val_second,100.57236562327682,97.86649104438553,-2.6904752236085794,-3.806411100615492,3.806411100615492,0.504,0.556,556,504,1000,84,0.084,0.082,0.06,0.013310760689401548,0.010768099052219447,0.31186677408469066,0.2513840295993394,1000,-0.0017640556298102773,0.024449535491973283,0.05009342313509398,42,0.4523809523809524,-0.004904648856250324,-0.002501850828100419,-0.20599525196251361,0.6560285911506601,val,1000.0,2000.0,2024-12-14 16:00:00+00:00,2025-05-30 04:00:00+00:00
discounted_lints,mixed,mixed_z72corr5_z24hie5_top10,2,3143,DOGEUSDT,train,100.0,91.92450659193949,-8.075493408060508,-9.791913758088622,9.791913758088622,0.4536082474226804,0.528261642374689,2972,2552,5626,658,0.11695698542481336,0.08265197298258087,0.1114468538926413,0.021062928079350417,0.01508314256712803,0.31132352207965586,0.3244933945652988,5616,-0.002072617765845803,0.04352480905050367,0.09277057385670619,329,0.45896656534954405,-0.003638170643645469,-0.0025207284958340846,-1.1969581417593593,0.7932455696877045,,,,,
discounted_lints,mixed,mixed_z72corr5_z24hie5_top10,2,3143,DOGEUSDT,val,100.0,107.35295537800042,7.352955378000425,-5.874261432370876,5.874261432370876,0.368,0.4445,889,736,2000,209,0.1045,0.055,0.1185,0.02571243154187816,0.021389682328456606,0.25966840931489654,0.3136944513654203,1990,0.001265917151568597,0.051406317105896666,0.11566957972842143,104,0.5288461538461539,0.006248557514670469,0.0030413386521872896,0.6498499815257287,1.3724959921182651,,,,,
discounted_lints,mixed,mixed_z72corr5_z24hie5_top10,2,3143,DOGEUSDT,val_first,100.0,105.13380165610714,5.133801656107129,-2.913816036291761,2.913816036291761,0.352,0.413,413,352,1000,89,0.089,0.051,0.106,0.02787645519757586,0.023809067316331825,0.25760536593064254,0.33607701870226253,990,-0.0009370239635580308,0.05565764371797119,0.13059925621123286,44,0.5,0.010953511486782834,0.00020005462427686053,0.4819545054184447,1.8359704006521946,val,0.0,1000.0,2024-07-01 00:00:00+00:00,2024-12-14 12:00:00+00:00
discounted_lints,mixed,mixed_z72corr5_z24hie5_top10,2,3143,DOGEUSDT,val_second,105.01196085615273,107.35295537800042,2.229264650199636,-5.510481076334517,5.510481076334517,0.384,0.476,476,384,1000,120,0.12,0.059,0.131,0.023548407886180463,0.01875647431567403,0.26173145269915055,0.291311884028578,1000,0.0034468288555439593,0.046744803516602804,0.10300234232283838,60,0.55,0.0027982579351213963,0.009757840427261378,0.16789547610728378,1.1437385629746832,val,1000.0,2000.0,2024-12-14 16:00:00+00:00,2025-05-30 04:00:00+00:00
discounted_lints,mixed,mixed_z72corr5_z24hie5_top10,2,3143,ETHUSDT,train,99.9500625,89.81659624669831,-10.138529181311606,-14.011291886407239,14.011291886407239,0.4038393174546747,0.4633842872378244,2607,2272,5626,544,0.09669392108069677,0.08460718094560966,0.09473871311766797,0.018915095104840643,0.013955985391781629,0.30249863159176504,0.34462363647541,5616,-0.0020596572377736726,0.03320599939113613,0.07031035565396779,272,0.4522058823529412,-0.004779840735403781,-0.003977371046444923,-1.3001166800298285,0.7197921412175082,,,,,
discounted_lints,mixed,mixed_z72corr5_z24hie5_top10,2,3143,ETHUSDT,val,100.0,95.740731715102,-4.259268284897999,-8.283903594775555,8.283903594775555,0.3505,0.401,802,701,2000,158,0.079,0.0745,0.069,0.021225420032893065,0.016954420118577205,0.24091504915911605,0.3588323438939092,1990,0.00042050278975789245,0.034635720086101836,0.07194033042587689,79,0.4810126582278481,-0.00673205232249283,-0.0022169142094712966,-0.5318321334769336,0.6785248536348508,,,,,
discounted_lints,mixed,mixed_z72corr5_z24hie5_top10,2,3143,ETHUSDT,val_first,100.0,97.10526371748891,-2.89473628251109,-3.231111790498864,3.231111790498864,0.308,0.352,352,308,1000,79,0.079,0.082,0.068,0.018045859075348752,0.014215892818593819,0.2267680675201799,0.3549678525389944,990,0.0011066054203017408,0.03226997719836836,0.061612965241173726,39,0.46153846153846156,-0.008534101314058693,-0.0022169142094712966,-0.332829951248289,0.5981640720330363,val,0.0,1000.0,2024-07-01 00:00:00+00:00,2024-12-14 12:00:00+00:00
discounted_lints,mixed,mixed_z72corr5_z24hie5_top10,2,3143,ETHUSDT,val_second,97.03242120649071,95.740731715102,-1.3311937137381324,-5.947923210769535,5.947923210769535,0.393,0.45,450,393,1000,79,0.079,0.067,0.07,0.02440498099043738,0.020239680677086046,0.25506203079805223,0.3626968352488241,1000,-0.0002587388144805176,0.036832090481137864,0.076428330749444,40,0.5,-0.004975054555716118,-0.002907761020978668,-0.19900218222864471,0.759099394856163,val,1000.0,2000.0,2024-12-14 16:00:00+00:00,2025-05-30 04:00:00+00:00
discounted_lints,mixed,mixed_z72corr5_z24hie5_top10,2,3143,SOLUSDT,train,100.0,85.83413279586495,-14.165867204135052,-22.304611019169627,22.304611019169627,0.3522929257020974,0.4333451830785638,2438,1982,5626,639,0.11357980803412726,0.057412015641663705,0.15019552079630288,0.02723927235986269,0.021928332213226764,0.2843544585450701,0.3909955448158632,5616,-0.003987509640185017,0.05542721609473848,0.10705932315440429,319,0.3981191222570533,-0.0071960746501091785,-0.007392184622067243,-2.295547813384828,0.6993347383416391,,,,,
discounted_lints,mixed,mixed_z72corr5_z24hie5_top10,2,3143,SOLUSDT,val,99.9500625,95.20108545573078,-4.751349749550404,-7.889485272084551,7.889485272084551,0.3625,0.478,956,725,2000,317,0.1585,0.0735,0.196,0.020684084951510476,0.016687021654883803,0.2594125985872588,0.28678932805269824,1990,-0.0015639615923541215,0.04086754278520089,0.08820396651501325,158,0.4936708860759494,-0.003929562503332978,-0.001170380915486728,-0.6208708755266105,0.7795647233379318,,,,,
discounted_lints,mixed,mixed_z72corr5_z24hie5_top10,2,3143,SOLUSDT,val_first,99.9500625,98.49282771036783,-1.4579628598352934,-5.302335234947941,5.302335234947941,0.418,0.523,523,418,1000,152,0.152,0.083,0.184,0.017567196557045514,0.01462666751010181,0.2716927932309072,0.267321798652162,990,-0.0018968935416969722,0.04088551392814288,0.08748566080385263,76,0.5,-0.003226438216112583,-0.00026760393187954395,-0.2452093044245563,0.8164604938100914,val,0.0,1000.0,2024-07-01 00:00:00+00:00,2024-12-14 12:00:00+00:00
discounted_lints,mixed,mixed_z72corr5_z24hie5_top10,2,3143,SOLUSDT,val_second,98.49282771036783,95.20108545573078,-3.342113665694413,-6.3021075549531735,6.3021075549531735,0.307,0.433,433,307,1000,165,0.165,0.064,0.208,0.023800973345975442,0.01902543796614302,0.2471324039436103,0.30625685745323455,1000,-0.0012343589625046986,0.040867527454535514,0.08825685171771287,82,0.4878048780487805,-0.004581238671976271,-0.0019463032096806339,-0.3756615711020542,0.7462714463735498,val,1000.0,2000.0,2024-12-14 16:00:00+00:00,2025-05-30 04:00:00+00:00
discounted_lints,mixed,mixed_z72corr5_z24hie5_top10,2,3143,XRPUSDT,train,100.0,80.89046521582226,-19.10953478417774,-20.234453518336604,20.234453518336604,0.33576253110558124,0.4107714184145041,2311,1889,5626,628,0.11162460007109846,0.08940632776395308,0.11713473160327054,0.01978418674142028,0.01418919616105924,0.2804443102322665,0.37902494736876363,5616,-0.0017321189885298608,0.03653371899476482,0.0663499822711457,314,0.3853503184713376,-0.00753054989580811,-0.005004544718584171,-2.3645926672837465,0.5578302189192099,,,,,
discounted_lints,mixed,mixed_z72corr5_z24hie5_top10,2,3143,XRPUSDT,val,100.0,125.50817675080754,25.508176750807543,-8.698610741587787,8.698610741587787,0.461,0.478,956,922,2000,83,0.0415,0.049,0.026,0.029775355425821923,0.024006955404986964,0.29719635783955156,0.3164306839387349,1990,0.008593677831060555,0.06020018133464676,0.12650363616913224,41,0.5853658536585366,0.03618565719573401,0.003927156130543852,1.4836119450250944,3.4636494007787935,,,,,
discounted_lints,mixed,mixed_z72corr5_z24hie5_top10,2,3143,XRPUSDT,val_first,100.0,127.91844637206616,27.918446372066153,-8.698610741587787,8.698610741587787,0.469,0.483,483,469,1000,55,0.055,0.051,0.041,0.031249873937041754,0.023043528714309734,0.2745410713817493,0.37440553545545585,990,0.01452608098951885,0.0684058379145987,0.15477180110740127,27,0.6666666666666666,0.01185008544619718,0.015613026766498655,0.31995230704732386,2.4855124159226794,val,0.0,1000.0,2024-07-01 00:00:00+00:00,2024-12-14 12:00:00+00:00
discounted_lints,mixed,mixed_z72corr5_z24hie5_top10,2,3143,XRPUSDT,val_second,127.78403100447782,125.50817675080754,-1.7810161690630433,-5.8327337649114135,5.8327337649114135,0.453,0.473,473,453,1000,28,0.028,0.047,0.011,0.028300836914602084,0.024670182329878117,0.31985164429735385,0.258455832422014,1000,0.0027205987041868437,0.05013533973612788,0.10835199836594324,14,0.42857142857142855,0.08311854556984075,-0.003922506837742621,1.1636596379777704,4.008278297601111,val,1000.0,2000.0,2024-12-14 16:00:00+00:00,2025-05-30 04:00:00+00:00
discounted_lints,mixed,mixed_z72corr5_z24hie5_top10,2,3144,BTCUSDT,train,100.0,86.71796688492599,-13.282033115074011,-14.766041613983283,14.766041613983283,0.40419480981158906,0.47031638819765376,2646,2274,5626,632,0.11233558478492713,0.09509420547458229,0.12033416281549947,0.017318045141246546,0.01304414926144314,0.2916081040572542,0.36899852370401814,5616,-0.0017220384879902916,0.026204720464585076,0.054546250053809454,316,0.3924050632911392,-0.00493119365571953,-0.0035415100335949466,-1.5582571952073716,0.5877573596181759,,,,,
discounted_lints,mixed,mixed_z72corr5_z24hie5_top10,2,3144,BTCUSDT,val,100.0,96.08624555058094,-3.91375444941906,-4.278219960089491,4.278219960089491,0.4115,0.456,912,823,2000,159,0.0795,0.0985,0.049,0.01383504414567169,0.01153005385122215,0.26387047650699014,0.28929215554690085,1990,-0.0010899386736084888,0.024017834290176003,0.0501157470852003,79,0.3924050632911392,-0.005298173116945483,-0.0045484011680659115,-0.4185556762386931,0.6484758447074177,,,,,
discounted_lints,mixed,mixed_z72corr5_z24hie5_top10,2,3144,BTCUSDT,val_first,100.0,99.13158926329746,-0.8684107367025407,-3.533721900635023,3.533721900635023,0.369,0.417,417,369,1000,85,0.085,0.096,0.056,0.013062556849091737,0.010924825263696819,0.2509449856710338,0.3054293949899109,990,-0.0008321582119260327,0.023788455606721343,0.05043349399569653,42,0.40476190476190477,-0.003985454824194815,-0.0031789280542145887,-0.16738910261618223,0.7078106378414825,val,0.0,1000.0,2024-07-01 00:00:00+00:00,2024-12-14 12:00:00+00:00
discounted_lints,mixed,mixed_z72corr5_z24hie5_top10,2,3144,BTCUSDT,val_second,99.10083535679404,96.08624555058094,-3.041941871992937,-3.542721078730937,3.542721078730937,0.454,0.495,495,454,1000,74,0.074,0.101,0.042,0.014607531442251642,0.011940241788404441,0.2767959673429465,0.27315491610389075,1000,-0.0013451413306741202,0.02425198401614454,0.0499786668964835,37,0.3783783783783784,-0.006788285773581377,-0.007348923575233474,-0.25116657362251094,0.5934562098326911,val,1000.0,2000.0,2024-12-14 16:00:00+00:00,2025-05-30 04:00:00+00:00
discounted_lints,mixed,mixed_z72corr5_z24hie5_top10,2,3144,DOGEUSDT,train,99.9500625,87.58377659526282,-12.372464404149008,-16.794048378212967,16.794048378212967,0.46071809456096696,0.5328830430145752,2998,2592,5626,676,0.12015641663704231,0.07803057234269463,0.11784571631709918,0.02140512824735735,0.015521827741221204,0.3224821772984823,0.3174077142218078,5616,-0.0020723078646393846,0.04438665520530577,0.09512318958387839,338,0.46745562130177515,-0.00525987969047882,-0.0020039347450836057,-1.7778393353818411,0.7255499336346297,,,,,
discounted_lints,mixed,mixed_z72corr5_z24hie5_top10,2,3144,DOGEUSDT,val,100.0,99.62040478203822,-0.3795952179617812,-8.652403307410117,8.652403307410117,0.3475,0.4255,851,695,2000,247,0.1235,0.0535,0.1425,0.026135622998707402,0.021774319840465003,0.25374403770131654,0.31869163479056034,1990,0.001543741209730826,0.05403921927848694,0.11274502012318675,123,0.44715447154471544,-0.0011084227242174958,-0.002514485195584899,-0.136335995078752,0.9458284679029956,,,,,
discounted_lints,mixed,mixed_z72corr5_z24hie5_top10,2,3144,DOGEUSDT,val_first,100.0,104.31743302731928,4.317433027319284,-5.053310986144144,5.053310986144144,0.334,0.404,404,334,1000,103,0.103,0.049,0.121,0.027235296925717408,0.024637025228472356,0.2539740524368819,0.3370139284362277,990,5.2391332452280976e-05,0.06019660464351713,0.12404815865618347,51,0.45098039215686275,0.005194647441281013,-0.0018029413224677705,0.26492701950533165,1.2476082913706688,val,0.0,1000.0,2024-07-01 00:00:00+00:00,2024-12-14 12:00:00+00:00
discounted_lints,mixed,mixed_z72corr5_z24hie5_top10,2,3144,DOGEUSDT,val_second,104.18889662262103,99.62040478203822,-4.384816413912307,-6.194813595321625,6.194813595321625,0.361,0.447,447,361,1000,144,0.144,0.058,0.164,0.025035949071697396,0.019795852189999248,0.2535140229657511,0.30036934114489305,1000,0.003020177588236585,0.04714256290645191,0.10453366798334579,72,0.4444444444444444,-0.005573097424778935,-0.004857580945608538,-0.4012630145840833,0.7226552166429869,val,1000.0,2000.0,2024-12-14 16:00:00+00:00,2025-05-30 04:00:00+00:00
discounted_lints,mixed,mixed_z72corr5_z24hie5_top10,2,3144,ETHUSDT,train,100.0,90.66872993621917,-9.331270063780838,-13.656380624964859,13.656380624964859,0.41557056523284747,0.46356203341628155,2608,2338,5626,490,0.08709562744400995,0.07749733380732314,0.07429790259509421,0.021467370832281327,0.01659852721621075,0.30933866356840367,0.3404683285206583,5616,-0.0012641819634467756,0.03445010223061084,0.07317030414067689,245,0.4448979591836735,-0.005290214920518891,-0.0034972096967649693,-1.2961026555271282,0.7162906924506515,,,,,
discounted_lints,mixed,mixed_z72corr5_z24hie5_top10,2,3144,ETHUSDT,val,100.0,95.82344963730392,-4.176550362696075,-8.816428901892703,8.816428901892703,0.399,0.434,868,798,2000,155,0.0775,0.066,0.052,0.02090234104564617,0.017631985677480665,0.26239548989005246,0.3237660037860347,1990,9.751408076474988e-05,0.03604051604411119,0.07643591800970041,77,0.5194805194805194,-0.006736560311721556,0.0025403512189571204,-0.5187151440025598,0.7276639919020627,,,,,
discounted_lints,mixed,mixed_z72corr5_z24hie5_top10,2,3144,ETHUSDT,val_first,100.0,97.06812995750502,-2.9318700424949773,-3.9711046262624228,3.9711046262624228,0.381,0.4,400,381,1000,69,0.069,0.077,0.034,0.019209969307574338,0.016776794730735033,0.2569034322006831,0.3120808020837768,990,-0.00039010194791229386,0.03534965461571103,0.07018423968031731,34,0.5588235294117647,-0.010446430310884621,0.005657929839841707,-0.35517863057007715,0.6236575372554399,val,0.0,1000.0,2024-07-01 00:00:00+00:00,2024-12-14 12:00:00+00:00
discounted_lints,mixed,mixed_z72corr5_z24hie5_top10,2,3144,ETHUSDT,val_second,96.99531530201348,95.82344963730392,-1.2081672821627865,-6.466202221234118,6.466202221234118,0.417,0.468,468,417,1000,86,0.086,0.055,0.07,0.022594712783717996,0.019448005571577904,0.2678875475794218,0.33545120548829266,1000,0.0005802539491550228,0.03672297825323163,0.07865170270214925,43,0.4883720930232558,-0.0038031747309879675,-6.037672618611212e-05,-0.1635365134324826,0.8298132047241992,val,1000.0,2000.0,2024-12-14 16:00:00+00:00,2025-05-30 04:00:00+00:00
discounted_lints,mixed,mixed_z72corr5_z24hie5_top10,2,3144,SOLUSDT,train,100.0,86.71535782325377,-13.284642176746232,-20.94785935263146,20.94785935263146,0.3242090295058656,0.42339139708496265,2382,1824,5626,722,0.1283327408460718,0.05225737646640597,0.17170280838961963,0.028147045555770717,0.022112744960951336,0.2872760882786503,0.3942408726282893,5616,-0.0039504578076666515,0.05435839593679438,0.10418402514154378,361,0.44321329639889195,-0.005919236230277328,-0.005363212073080707,-2.1368442791301154,0.7277796182405751,,,,,
discounted_lints,mixed,mixed_z72corr5_z24hie5_top10,2,3144,SOLUSDT,val,100.0,92.39127594920387,-7.608724050796123,-9.546425227144118,9.546425227144118,0.3315,0.4595,919,663,2000,329,0.1645,0.066,0.204,0.023687945006538577,0.018830178264733623,0.23724009795764844,0.3196852782572017,1990,-0.0020984126858791118,0.04010628404222133,0.08618308149157877,164,0.4329268292682927,-0.005546256013524213,-0.005822174219043578,-0.909585986217971,0.7159349566325768,,,,,
discounted_lints,mixed,mixed_z72corr5_z24hie5_top10,2,3144,SOLUSDT,val_first,100.0,98.24965152608881,-1.7503484739111896,-4.549116965720401,4.549116965720401,0.346,0.468,468,346,1000,166,0.166,0.075,0.203,0.02226323649823146,0.017022676114636995,0.23767784296652314,0.32095422897445797,990,-0.0019466112503008204,0.039836837684579476,0.08441024265819745,83,0.4578313253012048,-0.0030499203931072492,-0.0012828177316441002,-0.2531433926279017,0.8156799355660391,val,0.0,1000.0,2024-07-01 00:00:00+00:00,2024-12-14 12:00:00+00:00
discounted_lints,mixed,mixed_z72corr5_z24hie5_top10,2,3144,SOLUSDT,val_second,98.24965152608881,92.39127594920387,-5.962744382181684,-7.5769351105153255,7.5769351105153255,0.317,0.451,451,317,1000,163,0.163,0.057,0.205,0.025112653514845696,0.020396506802737503,0.23680235294877372,0.31841632753994553,1000,-0.0022486961071016207,0.04039063583986103,0.08829865476804939,81,0.4074074074074074,-0.008104229550494682,-0.007711729109469054,-0.6564425935900693,0.6410221812408934,val,1000.0,2000.0,2024-12-14 16:00:00+00:00,2025-05-30 04:00:00+00:00
discounted_lints,mixed,mixed_z72corr5_z24hie5_top10,2,3144,XRPUSDT,train,99.9500625,80.92864685086437,-19.03091921441833,-21.02662748036417,21.02662748036417,0.32811944543192323,0.3880199075719872,2183,1846,5626,597,0.10611446853892641,0.07927479559189478,0.11642374688944188,0.020224283295115553,0.014306803267607842,0.2851785608074169,0.37487158976855317,5616,-0.0018938587024698997,0.036788819249431316,0.06598643028672072,298,0.40604026845637586,-0.00796085490947491,-0.00400032771189591,-2.372334763023523,0.529899064453257,,,,,
discounted_lints,mixed,mixed_z72corr5_z24hie5_top10,2,3144,XRPUSDT,val,100.0,128.69631673732778,28.696316737327777,-9.787012813440466,9.787012813440466,0.496,0.5025,1005,992,2000,67,0.0335,0.038,0.0055,0.030317467155494406,0.024540523585929272,0.3225022552105021,0.29128111329997297,1990,0.008597216977306346,0.06027732229525805,0.12650363616913224,33,0.5757575757575758,0.04840435761956879,0.007886980376408136,1.59734380144577,3.292451120813047,,,,,
discounted_lints,mixed,mixed_z72corr5_z24hie5_top10,2,3144,XRPUSDT,val_first,100.0,128.86835573726736,28.868355737267358,-8.975498933378711,8.975498933378711,0.538,0.539,539,538,1000,39,0.039,0.049,0.008,0.03129027002434222,0.02174217964348207,0.3082605861672165,0.32695791289564585,990,0.014224432886762072,0.0690140302058482,0.15563041580327602,19,0.5263157894736842,0.014141791438262783,0.0010555122454909008,0.2686940373269929,2.425876144618063,val,0.0,1000.0,2024-07-01 00:00:00+00:00,2024-12-14 12:00:00+00:00
discounted_lints,mixed,mixed_z72corr5_z24hie5_top10,2,3144,XRPUSDT,val_second,128.7284082961803,128.69631673732778,-0.02492966337211966,-8.152534072006091,8.152534072006091,0.454,0.466,466,454,1000,28,0.028,0.027,0.003,0.029344664286646595,0.02642222206604917,0.3367439242537877,0.2556043137043001,1000,0.0030262732269451804,0.04956079240785633,0.10943559852782685,14,0.6428571428571429,0.09490355457991265,0.011552123409875948,1.328649764118777,3.6136881693249125,val,1000.0,2000.0,2024-12-14 16:00:00+00:00,2025-05-30 04:00:00+00:00
discounted_lints,mixed,mixed_z72corr5_z24hie5_top10,2,3145,BTCUSDT,train,99.9500625,92.17987817952054,-7.774066494935372,-13.963008255127995,13.963008255127995,0.4431212228937078,0.4946676146462851,2783,2493,5626,480,0.08531816565943832,0.07891930323498045,0.08247422680412371,0.018293270793826436,0.013738149420797967,0.309592151826132,0.3557761451344932,5616,-0.0011606118245467043,0.02701003804739431,0.05600034832790448,240,0.3875,-0.004175519275679629,-0.004894328036520396,-1.002124626163111,0.711484466408252,,,,,
discounted_lints,mixed,mixed_z72corr5_z24hie5_top10,2,3145,BTCUSDT,val,100.0,97.77362363759465,-2.2263763624053468,-3.0094765671375368,3.0094765671375368,0.521,0.5375,1075,1042,2000,135,0.0675,0.093,0.0315,0.013906935374527304,0.011667467187553775,0.3078173221982962,0.2553349533454038,1990,-0.001105419840616587,0.025054575068846487,0.053238172605079986,67,0.43283582089552236,-0.003456868084849567,-0.0027646532198298325,-0.231610161684921,0.7724503674944263,,,,,
discounted_lints,mixed,mixed_z72corr5_z24hie5_top10,2,3145,BTCUSDT,val_first,100.0,99.07430383847787,-0.9256961615221271,-2.61128248269471,2.61128248269471,0.48,0.493,493,480,1000,67,0.067,0.092,0.025,0.014195968993887467,0.01157107043345841,0.28563555210118957,0.26911398568270056,990,-0.0012380752270384357,0.02544836723110549,0.054509262566170835,33,0.3333333333333333,-0.0051000373371978885,-0.0070776675611571496,-0.16830123212753031,0.6670130940617095,val,0.0,1000.0,2024-07-01 00:00:00+00:00,2024-12-14 12:00:00+00:00
discounted_lints,mixed,mixed_z72corr5_z24hie5_top10,2,3145,BTCUSDT,val_second,99.0436167340305,97.77362363759465,-1.2822563818991495,-2.8365941437458297,2.8365941437458297,0.562,0.582,582,562,1000,68,0.068,0.094,0.038,0.013617901755167142,0.011686076487606743,0.32999909229540286,0.24155592100810702,1000,-0.0009740910080589565,0.024670565485719075,0.05164462659951965,34,0.5294117647058824,-0.001862027339923256,0.00669856999840216,-0.0633089295573907,0.8764500365021506,val,1000.0,2000.0,2024-12-14 16:00:00+00:00,2025-05-30 04:00:00+00:00
discounted_lints,mixed,mixed_z72corr5_z24hie5_top10,2,3145,DOGEUSDT,train,100.0,82.88198261893794,-17.118017381062057,-17.806273767166502,17.806273767166502,0.45734091717028086,0.5270174191254888,2965,2573,5626,635,0.11286882332029861,0.0844294347671525,0.10398151439744045,0.021237142550901495,0.015594280595475612,0.31400620527675693,0.3239552583157335,5616,-0.002009229006225305,0.04371546036067219,0.09399744155234536,317,0.47003154574132494,-0.007092466272462983,-0.0025909538530424405,-2.2483118083707656,0.6433052203972499,,,,,
discounted_lints,mixed,mixed_z72corr5_z24hie5_top10,2,3145,DOGEUSDT,val,100.0,105.76601340320518,5.766013403205172,-6.544130731372022,6.544130731372022,0.3645,0.4375,875,729,2000,237,0.1185,0.051,0.122,0.02512158595575462,0.021006094616524845,0.26001155125381226,0.3048023830562448,1990,0.0019411301170098102,0.05430912296658703,0.11125194991534486,118,0.4661016949152542,0.003814150039234815,-0.003641262433188158,0.4500697046297082,1.192420097585129,,,,,
discounted_lints,mixed,mixed_z72corr5_z24hie5_top10,2,3145,DOGEUSDT,val_first,100.0,106.05056004654838,6.050560046548381,-5.702497361880465,5.702497361880465,0.367,0.443,443,367,1000,113,0.113,0.053,0.123,0.026129053689169422,0.023170749245636467,0.26525475528279796,0.3133066092816862,990,0.0003067260728748627,0.061553355518994886,0.1313836377169034,56,0.4642857142857143,0.008619469656447684,-0.0036058102704876896,0.48269030076107033,1.4446609820471346,val,0.0,1000.0,2024-07-01 00:00:00+00:00,2024-12-14 12:00:00+00:00
discounted_lints,mixed,mixed_z72corr5_z24hie5_top10,2,3145,DOGEUSDT,val_second,105.92636840786884,105.76601340320518,-0.1513834629411681,-5.2926635885535145,5.2926635885535145,0.362,0.432,432,362,1000,124,0.124,0.049,0.121,0.024114118222339817,0.018448611162966096,0.2547683472248265,0.2962981568308035,1000,0.0035591901207034067,0.04600252527432665,0.09802374960973416,62,0.46774193548387094,-0.0005261386472800349,-0.010567134742222848,-0.032620596131362166,0.9739757872351971,val,1000.0,2000.0,2024-12-14 16:00:00+00:00,2025-05-30 04:00:00+00:00
discounted_lints,mixed,mixed_z72corr5_z24hie5_top10,2,3145,ETHUSDT,train,99.9500625,91.14160085040089,-8.812862572846425,-13.348872329427087,13.348872329427087,0.43032349804479203,0.47369356558833986,2665,2421,5626,500,0.08887308922858159,0.07216494845360824,0.07536437966583719,0.021002014520764042,0.01623611710931195,0.3118798038685195,0.33879764256563677,5616,-0.0005785610637720292,0.03388210653139731,0.07225021315282348,250,0.456,-0.004845982374563218,-0.0019584997871746144,-1.2114955936408045,0.7435543107022463,,,,,
discounted_lints,mixed,mixed_z72corr5_z24hie5_top10,2,3145,ETHUSDT,val,100.0,95.35104082420071,-4.648959175799295,-9.879368682694146,9.879368682694146,0.455,0.504,1008,910,2000,141,0.0705,0.0785,0.0365,0.017774287094798943,0.015279598851719579,0.2814609019318447,0.2893305966375413,1990,-0.0001109719494109583,0.038231720246477044,0.08038540676153778,70,0.5,-0.007978578729160015,0.00022427650504062155,-0.558500511041201,0.6847827933981904,,,,,
discounted_lints,mixed,mixed_z72corr5_z24hie5_top10,2,3145,ETHUSDT,val_first,100.0,97.0052296328895,-2.9947703671104997,-3.8302342135385747,3.8302342135385747,0.47,0.502,502,470,1000,71,0.071,0.067,0.025,0.01570108374163806,0.014209572296160412,0.2852043992671314,0.276651291650865,990,0.0013538979594389946,0.035181676266141215,0.07381991222323915,35,0.4,-0.01046817132425644,-0.006901054831520643,-0.3663859963489754,0.577172496552881,val,0.0,1000.0,2024-07-01 00:00:00+00:00,2024-12-14 12:00:00+00:00
discounted_lints,mixed,mixed_z72corr5_z24hie5_top10,2,3145,ETHUSDT,val_second,96.93070489560196,95.35104082420071,-1.6296838789139234,-7.266282892781673,7.266282892781673,0.44,0.506,506,440,1000,70,0.07,0.09,0.048,0.01984749044795982,0.01709137643840644,0.277717404596558,0.3020099016242176,1000,-0.0015611931591724114,0.04099473756086365,0.08363787128991386,35,0.6,-0.0054889861340635905,0.008333537904548289,-0.19211451469222565,0.7877848144414966,val,1000.0,2000.0,2024-12-14 16:00:00+00:00,2025-05-30 04:00:00+00:00
discounted_lints,mixed,mixed_z72corr5_z24hie5_top10,2,3145,SOLUSDT,train,99.9500625,82.1784723005615,-17.780469321305837,-26.005513607760065,26.005513607760065,0.32705296836118025,0.4072164948453608,2291,1840,5626,650,0.11553501599715606,0.062388908638464274,0.1393530039104159,0.026284804465082703,0.020725461992677243,0.2871651799775571,0.3791880578989619,5616,-0.0047638903302408735,0.05473432688349608,0.10420979767955132,325,0.41846153846153844,-0.00818045487103097,-0.008276527307782,-2.658647833085065,0.6624304405969225,,,,,
discounted_lints,mixed,mixed_z72corr5_z24hie5_top10,2,3145,SOLUSDT,val,100.0,95.43871852284192,-4.561281477158074,-7.612084447050238,7.612084447050238,0.3415,0.446,892,683,2000,305,0.1525,0.07,0.1975,0.02324873839110189,0.01899672557282548,0.23990537153927763,0.31479149925273314,1990,-0.0026470411847140034,0.04023145181551055,0.08554026037993075,152,0.47368421052631576,-0.003549808926216812,-0.0014476839191526897,-0.5395709567849554,0.7915703579738028,,,,,
discounted_lints,mixed,mixed_z72corr5_z24hie5_top10,2,3145,SOLUSDT,val_first,100.0,98.34349471576733,-1.6565052842326677,-3.7670684973344692,3.7670684973344692,0.341,0.468,468,341,1000,170,0.17,0.067,0.216,0.02301367271127463,0.019424765797223117,0.23757874700696055,0.3259714857027768,990,-0.0022816958553608735,0.039264621801477814,0.08116858403986685,85,0.4823529411764706,-0.0028683428050772664,-0.0009075288672758435,-0.24380913843156765,0.814746011501965,val,0.0,1000.0,2024-07-01 00:00:00+00:00,2024-12-14 12:00:00+00:00
discounted_lints,mixed,mixed_z72corr5_z24hie5_top10,2,3145,SOLUSDT,val_second,98.34349471576733,95.43871852284192,-2.9537044634429632,-7.21935874501315,7.21935874501315,0.342,0.424,424,342,1000,135,0.135,0.073,0.179,0.023483804070929145,0.018657128462178277,0.24223199607159474,0.3036115128026895,1000,-0.0030087330607736014,0.04118272097762677,0.08774404131743668,67,0.4626865671641791,-0.004414355497811757,-0.001954294369583347,-0.2957618183533877,0.7676040675894613,val,1000.0,2000.0,2024-12-14 16:00:00+00:00,2025-05-30 04:00:00+00:00
discounted_lints,mixed,mixed_z72corr5_z24hie5_top10,2,3145,XRPUSDT,train,100.0,77.6736674352246,-22.3263325647754,-24.147980757756137,24.147980757756137,0.3083896196231781,0.3787771062922147,2131,1735,5626,647,0.11500177746178457,0.07714184145040881,0.13579808034127266,0.021576015816918027,0.015475493163502376,0.27581350822482176,0.39087716463608063,5616,-0.00212936936881251,0.03620665565228628,0.06404960597671856,323,0.3931888544891641,-0.00847328833588618,-0.004396504319783725,-2.7368721324912366,0.4708331225259668,,,,,
discounted_lints,mixed,mixed_z72corr5_z24hie5_top10,2,3145,XRPUSDT,val,100.0,121.61702486857077,21.617024868570756,-8.698610741587798,8.698610741587798,0.4335,0.4425,885,867,2000,97,0.0485,0.059,0.019,0.028340137758687496,0.02199533759800952,0.28978775285516306,0.312381141345087,1990,0.008177721171948383,0.059550814134152114,0.12272968284839848,48,0.5,0.022959430581044386,-0.005292661192053187,1.1020526678901306,2.0949486970665525,,,,,
discounted_lints,mixed,mixed_z72corr5_z24hie5_top10,2,3145,XRPUSDT,val_first,100.0,122.29393367167563,22.293933671675624,-8.698610741587798,8.698610741587798,0.468,0.479,479,468,1000,54,0.054,0.079,0.026,0.028306016090349956,0.01850107128159019,0.2812614879261837,0.3567425641019277,990,0.013918288572954726,0.06890228299515709,0.16539244707807557,27,0.5185185185185185,0.04324982563327308,0.00161189740624112,1.167745292098373,3.9865342323016857,val,0.0,1000.0,2024-07-01 00:00:00+00:00,2024-12-14 12:00:00+00:00
discounted_lints,mixed,mixed_z72corr5_z24hie5_top10,2,3145,XRPUSDT,val_second,122.29393367167563,121.61702486857077,-0.5535097144901524,-5.162567605284407,5.162567605284407,0.399,0.406,406,399,1000,43,0.043,0.039,0.012,0.028374259427025036,0.025071364011676034,0.29831401778414246,0.2680197185882463,1000,0.0024945594449521024,0.04791305211584955,0.10029707637367564,21,0.47619047619047616,-0.0031282202003924927,-0.014040440092903242,-0.06569262420824235,0.8932668035217469,val,1000.0,2000.0,2024-12-14 16:00:00+00:00,2025-05-30 04:00:00+00:00
discounted_lints,mixed,mixed_z72corr5_z24hie5_top10,2,3146,BTCUSDT,train,100.0,90.81582089440326,-9.184179105596746,-13.327048459188862,13.327048459188862,0.39157483114113045,0.46640597227159614,2624,2203,5626,646,0.11482403128332741,0.08158549591183789,0.14113046569498755,0.018224719238838477,0.014417756866054924,0.29999634388855284,0.38257032923749246,5616,-0.0015570372563698657,0.02609960911000034,0.053662353157281434,323,0.3622291021671827,-0.003335415345283,-0.005041498346439436,-1.077339156526409,0.7036492237382832,,,,,
discounted_lints,mixed,mixed_z72corr5_z24hie5_top10,2,3146,BTCUSDT,val,100.0,95.0833166969191,-4.916683303080904,-5.476048666298816,5.476048666298816,0.4545,0.512,1024,909,2000,179,0.0895,0.114,0.0565,0.012005230690432031,0.009881290547926375,0.27278185147114914,0.27500975563742086,1990,-0.0011024385424134651,0.024384920956457223,0.050548642782605166,89,0.39325842696629215,-0.0058484359335177405,-0.006627828643991359,-0.5205107980830789,0.626496340870155,,,,,
discounted_lints,mixed,mixed_z72corr5_z24hie5_top10,2,3146,BTCUSDT,val_first,100.0,98.65206193522337,-1.3479380647766326,-3.1989603249806042,3.1989603249806042,0.387,0.443,443,387,1000,93,0.093,0.112,0.062,0.01192534281293793,0.009742631353710729,0.25539010513946875,0.2910903993997623,990,-0.00022411088682875347,0.02479986798290882,0.05300452021228687,46,0.34782608695652173,-0.004684708343228713,-0.008916122428740129,-0.2154965837885208,0.6859008355685339,val,0.0,1000.0,2024-07-01 00:00:00+00:00,2024-12-14 12:00:00+00:00
discounted_lints,mixed,mixed_z72corr5_z24hie5_top10,2,3146,BTCUSDT,val_second,98.62147900610532,95.0833166969191,-3.5876183817596052,-4.700440095677472,4.700440095677472,0.522,0.581,581,522,1000,86,0.086,0.116,0.051,0.01208511856792613,0.010083343509935576,0.2901735978028295,0.25892911187507944,1000,-0.0019719829214423306,0.023947722838777753,0.049549126880093705,43,0.4418604651162791,-0.007093353820803677,-0.002486172616405404,-0.3050142142945581,0.5688914325706942,val,1000.0,2000.0,2024-12-14 16:00:00+00:00,2025-05-30 04:00:00+00:00
discounted_lints,mixed,mixed_z72corr5_z24hie5_top10,2,3146,DOGEUSDT,train,100.0,85.45273217152271,-14.547267828477285,-15.222648616932222,15.222648616932222,0.4470316388197654,0.5149306789904017,2897,2515,5626,651,0.11571276217561323,0.08691788126555279,0.10860291503732669,0.02116332006556853,0.01587725286442457,0.3061251765402818,0.3295136695918366,5616,-0.0013287693099201727,0.04358994485927183,0.09368348868903198,325,0.47384615384615386,-0.005894441535801052,-0.001343544342118952,-1.915693499135342,0.6846531302730284,,,,,
discounted_lints,mixed,mixed_z72corr5_z24hie5_top10,2,3146,DOGEUSDT,val,100.0,102.04191155541155,2.0419115554115352,-10.887666956225516,10.887666956225516,0.359,0.4615,923,718,2000,271,0.1355,0.054,0.1495,0.02572070656988063,0.021619607070948166,0.2558424054149287,0.31221968299575,1990,0.0013597103175623808,0.054319448126110385,0.11227810173149003,135,0.48148148148148145,0.0005528444792678419,-0.001273586354741675,0.07463400470115866,1.0278698342142363,,,,,
discounted_lints,mixed,mixed_z72corr5_z24hie5_top10,2,3146,DOGEUSDT,val_first,100.0,106.07387127111345,6.073871271113451,-3.417619798711602,3.417619798711602,0.358,0.457,457,358,1000,119,0.119,0.052,0.143,0.026155967432634847,0.02313541101698534,0.2584238827908817,0.32349678749375765,990,0.00019955680176929086,0.06156592970063055,0.1334833348002565,59,0.4915254237288136,0.008740924052321783,-0.0001212329790220663,0.5157145190869852,1.5271337699963752,val,0.0,1000.0,2024-07-01 00:00:00+00:00,2024-12-14 12:00:00+00:00
discounted_lints,mixed,mixed_z72corr5_z24hie5_top10,2,3146,DOGEUSDT,val_second,105.95021523117904,102.04191155541155,-3.6888114547381945,-8.150750522406947,8.150750522406947,0.36,0.466,466,360,1000,152,0.152,0.056,0.156,0.025285445707126417,0.020078087474024134,0.2532609280389757,0.3009425784977422,1000,0.00250826229819754,0.046038532139125225,0.09649575192465791,76,0.47368421052631576,-0.0058036909787608755,-0.0032926172813056874,-0.4410805143858265,0.7404816837486,val,1000.0,2000.0,2024-12-14 16:00:00+00:00,2025-05-30 04:00:00+00:00
discounted_lints,mixed,mixed_z72corr5_z24hie5_top10,2,3146,ETHUSDT,train,99.9500625,91.78146695734084,-8.172676773122745,-12.4168389213261,12.4168389213261,0.40774973338073234,0.46889441876999643,2638,2294,5626,542,0.09633842872378244,0.07358691788126555,0.08318521151795237,0.021204412002692786,0.016530553458989364,0.3083347878031259,0.3412245531738113,5616,-0.000992353891176461,0.0339974150141429,0.07172163260035837,271,0.42066420664206644,-0.004025769416831737,-0.003071108005266661,-1.0909835119614006,0.744804072757228,,,,,
discounted_lints,mixed,mixed_z72corr5_z24hie5_top10,2,3146,ETHUSDT,val,100.0,92.07392954055304,-7.926070459446965,-10.911468362079646,10.911468362079646,0.395,0.437,874,790,2000,162,0.081,0.0775,0.0545,0.019690688773781533,0.015942217896692784,0.2595662816118631,0.319900822731332,1990,-0.00043011589802199955,0.035693844293516554,0.07485717947460221,81,0.43209876543209874,-0.01150449479022587,-0.006280728052316989,-0.9318640780082954,0.5115176778979336,,,,,
discounted_lints,mixed,mixed_z72corr5_z24hie5_top10,2,3146,ETHUSDT,val_first,100.0,94.35139353382885,-5.648606466171147,-5.789118854728825,5.789118854728825,0.374,0.418,418,374,1000,81,0.081,0.086,0.054,0.017265737803188203,0.015030381398732867,0.2536573224450122,0.31047428235367863,990,0.00023364166533178037,0.03510837244400217,0.07183486166137219,40,0.425,-0.015519625316513606,-0.006222987095017575,-0.6207850126605442,0.4096988970562032,val,0.0,1000.0,2024-07-01 00:00:00+00:00,2024-12-14 12:00:00+00:00
discounted_lints,mixed,mixed_z72corr5_z24hie5_top10,2,3146,ETHUSDT,val_second,94.28109702430055,92.07392954055304,-2.3410498534808366,-5.8737062115131184,5.8737062115131184,0.416,0.456,456,416,1000,81,0.081,0.069,0.055,0.022115639744374867,0.017586558880590963,0.26547524077871415,0.32932736310898536,1000,-0.0010872358857422417,0.03626975000196842,0.07702016294924133,41,0.43902439024390244,-0.007587294276774421,-0.006280728052316989,-0.31107906534775126,0.6366029405069483,val,1000.0,2000.0,2024-12-14 16:00:00+00:00,2025-05-30 04:00:00+00:00
discounted_lints,mixed,mixed_z72corr5_z24hie5_top10,2,3146,SOLUSDT,train,100.0,79.6265233000808,-20.37347669991919,-27.689082229482175,27.689082229482175,0.2950586562388909,0.383398506932101,2157,1660,5626,671,0.11926768574475649,0.05492356914326342,0.15570565232847494,0.02895371004254978,0.02310302924419695,0.2724624436936015,0.4122662025656803,5616,-0.0038417266722476574,0.05268763235406633,0.10136661135806964,335,0.41194029850746267,-0.009142897264578061,-0.009233107166151645,-3.0628705836336505,0.6319394191994382,,,,,
discounted_lints,mixed,mixed_z72corr5_z24hie5_top10,2,3146,SOLUSDT,val,100.0,90.67106709699269,-9.328932903007313,-10.98304645091398,10.98304645091398,0.324,0.451,902,648,2000,321,0.1605,0.0725,0.2135,0.023080484844071093,0.01942813040365077,0.24039011484776102,0.3137334968241248,1990,-0.0014175410400173655,0.039605318458391395,0.08559416599714952,160,0.425,-0.006752988654730546,-0.006983095978394662,-1.0804781847568874,0.6608615808417823,,,,,
discounted_lints,mixed,mixed_z72corr5_z24hie5_top10,2,3146,SOLUSDT,val_first,100.0,96.03828677616323,-3.9617132238367714,-5.536583378080695,5.536583378080695,0.334,0.471,471,334,1000,174,0.174,0.074,0.239,0.02122835170749938,0.01828646821820694,0.24713914462404793,0.30324911257571474,990,-0.0017073815736187647,0.039524948456479164,0.08560161178776696,87,0.4482758620689655,-0.005560977683244948,-0.002595600246764663,-0.48380505844231053,0.6812923208366497,val,0.0,1000.0,2024-07-01 00:00:00+00:00,2024-12-14 12:00:00+00:00
discounted_lints,mixed,mixed_z72corr5_z24hie5_top10,2,3146,SOLUSDT,val_second,96.03828677616323,90.67106709699269,-5.588624973787737,-7.916020985432581,7.916020985432581,0.314,0.431,431,314,1000,147,0.147,0.071,0.188,0.024932617980642804,0.020557873300032788,0.23364108507147416,0.32421788107253485,1000,-0.0011305989117519804,0.039702415187546296,0.08406546683016962,73,0.3972602739726027,-0.0081736044700627,-0.010200320801571293,-0.596673126314577,0.6422670854665047,val,1000.0,2000.0,2024-12-14 16:00:00+00:00,2025-05-30 04:00:00+00:00
discounted_lints,mixed,mixed_z72corr5_z24hie5_top10,2,3146,XRPUSDT,train,100.0,86.45713350554654,-13.542866494453465,-15.044031877394948,15.044031877394948,0.3199431212228937,0.3947742623533594,2221,1800,5626,634,0.11269107714184146,0.09047280483469605,0.12335584784927124,0.020403144275338316,0.014682802427349803,0.27299966347336013,0.38575614364035254,5616,-0.0019064244932197234,0.03626071676991821,0.06677885528901781,317,0.4384858044164038,-0.005477517811629603,-0.00358793224953123,-1.7363731462865841,0.6562036556516337,,,,,
discounted_lints,mixed,mixed_z72corr5_z24hie5_top10,2,3146,XRPUSDT,val,100.0,122.92355216414921,22.923552164149207,-9.634162501127141,9.634162501127141,0.4925,0.4975,995,985,2000,75,0.0375,0.0525,0.0115,0.0306307619308213,0.02348512628117147,0.3107099759099904,0.29062480993047857,1990,0.0077474914056805825,0.05978929396007857,0.12581121864935585,37,0.4594594594594595,0.031923933221494026,-0.00465903821052625,1.181185529195279,2.535448925992077,,,,,
discounted_lints,mixed,mixed_z72corr5_z24hie5_top10,2,3146,XRPUSDT,val_first,100.0,124.46618735545823,24.466187355458224,-8.8353225750469,8.8353225750469,0.527,0.53,530,527,1000,41,0.041,0.062,0.015,0.03219077856334852,0.021444331138775703,0.29269618169849815,0.32953203501024414,990,0.012786938187861696,0.06810389737123777,0.15131012910391056,20,0.5,-8.913041809476361e-05,-0.000975258848978065,-0.0017826083618952722,0.9934829607678771,val,0.0,1000.0,2024-07-01 00:00:00+00:00,2024-12-14 12:00:00+00:00
discounted_lints,mixed,mixed_z72corr5_z24hie5_top10,2,3146,XRPUSDT,val_second,124.33323921178999,122.92355216414921,-1.1337974113579619,-8.022940327078409,8.022940327078409,0.458,0.465,465,458,1000,34,0.034,0.043,0.008,0.02907074529829409,0.02545494856810042,0.3287237701214825,0.25171758485071305,1000,0.0027584390913212788,0.0497545828244611,0.10943559852782685,17,0.4117647058823529,0.06958636103277496,-0.008786983276142886,1.1829681375571743,3.386235557494362,val,1000.0,2000.0,2024-12-14 16:00:00+00:00,2025-05-30 04:00:00+00:00
